1
 
 
 
 
                      Warning: This computer program is protected by copyright law and international treaties.       
                  Unauthorized use, reproduction or distribution of this computer program, or any portion of it, may 
                                          result in severe civil and criminal penalties.                             
                         Copyright (C) 2026 Hexagon AB and/or its subsidiaries. All rights reserved.                 
 
 
                                              * * * * * * * * * * * * * * * * * * * *
                                              * * * * * * * * * * * * * * * * * * * *
                                              * *                                 * *
                                              * *           Hexagon AB            * *
                                              * *                                 * *
                                              * *                                 * *
                                              * *      M S C   N a s t r a n      * *
                                              * *                                 * *
                                              * *  S T U D E N T   E D I T I O N  * *
                                              * *                                 * *
                                              * *     Version 2025.2-bad99147     * *
                                              * *                                 * *
                                              * *                                 * *
                                              * *                                 * *
                                              * *          MAR  3, 2026           * *
                                              * *                                 * *
                                              * *              Intel              * *
                                              * *MODEL Intel(R) Core(TM) i7-8550U * *
                                              * *      Windows 11 10.0 26200      * *
                                              * *        Compiled for 8664        * *
                                              * *                                 * *
                                              * * * * * * * * * * * * * * * * * * * *
                                              * * * * * * * * * * * * * * * * * * * *

 
 
                                                 This Student Edition version is  
                                                    valid until NOV 15, 2027.     
 
 
                  This program is being distributed as part of the Hexagon AB Student Edition. Use of this program   
                     or its results at a commercial installation, for commercial purposes, or for production work    
                                             I S   S T R I C T L Y  P R O H I B I T E D.                             
                  ==================================== FOR EDUCATIONAL USE ONLY =====================================
 
 
1News file
  
               Welcome to MSC Nastran 2025.2
  
   MSC Nastran brings powerful new features and enhancements for engineering
   solutions in several releases through the year. Key enhancements in
   Version 2025.2 are summarized below. Additional details can be found in
   the MSC Nastran Version 2025.2 Release Guide.
  
     MSC Nastran 2025.2 Features and Enhancements
  
     Aeroelasticity
     - Mach1+ New Supersonic Panel Method now available in all aeroelasticity
       solutions
  
     SOL 400 Nonlinear (NLPERF) New Features and Enhancements
     - GPFORCE and ESE output for Nonlinear Statics and Nonlinear Transient
       analysis
     - Nonlinear transient analysis support
     - Enforced motion (SPCD/SPCR) with the Arc-Length Method
     - Contact support with the Arc-Length Method
     - Arbitrary DOF combination for all rigid elements
     - MSC Nastran (NLSTATIC) -Adams Co-simulation enabled
     - Improved contact output control
     - Element formulation summary output
     - Expanded total energy report
     - CGAP contact result output
  
     SOL 400 Nonlinear (CNLS)
     - MSC Nastran-scFlow Co-Simulation supports multiple interface group
       definitions
  
     High Performance Computing (HPC)
     - MUMPS linear solver added for frequency and transient response
     - UMFPack unsymmetric solver retired
  
     SOL 200 NEO Topology Optimization Enhancements
     - Dynamic response optimization with displacement (FRDISP) constraints
     - Enhanced optimizer for natural frequency/eigenvalue constraints
     - Maximum displacement constraint for design and non-design regions
  
     Linear
     - Linear Gap element introduced in SOL 101 (Statics)
     - Angled double-sided PBARL/PBEAML stiffener definition
  
     Frequency Analysis
     - MONPNT3 monitor point supported added in SOL 111 Random Response analysis
     - Frequency-dependent scaling for PBUSH via PBUSHT tables
     - Option to export structural damping matrix to AVL EXB file.
  
1    Rotor Dynamics
     - DMIG rotor matrices input at unit speed allowing frequency dependent
       and speed scaling entry for all rotor dynamic analysis. Supported in
       complex eigenvalue analysis and unbalance response in linear and
       nonlinear frequency and time domains
     - Bush element supports 6x6 frequency-dependent stiffness and damping
  
     Documentation
     - The complete documentation set is provided in a separate installer and
       when installed is available at: MSC_DOC_DIR/doc/pdf_nastran directory,
       where MSC_DOC_DIR is the directory where documentation was installed.
       This help set includes cross references between documents, and links to
       how-to videos, and example files
  
     Individual MSC Nastran documents are available for download from the
       Simcompanion Website at:
       http://simcompanion.hexagon.com/
  
     The documentation set includes the following:
  
         1.  MSC Nastran 2025.2 Installation and Operations Guide
         2.  MSC Nastran 2025.2 Quick Reference Guide
         3.  MSC Nastran 2025.2 Release Guide
         4.  MSC Nastran 2025.2 Linear Statics Analysis User's Guide
         5.  MSC Nastran 2025.2 Dynamic Analysis User's Guide
         6.  MSC Nastran 2025.2 Superelements User's Guide
         7.  MSC Nastran 2025.2 Rotor Dynamics User's Guide
         8.  MSC Nastran 2025.2 Demonstration Problems Manual
         9.  MSC Nastran 2025.2 MSC Nastran Embedded Fatigue User's Guide
        10.  MSC Nastran 2025.2 Design Sensitivity and Optimization
        11.  MSC Nastran 2025.2 Nonlinear User's Guide SOL 400
        12.  MSC Nastran 2025.2 DMAP Programmer's Guide
        13.  MSC Nastran 2025.2 High Performance Computing User's Guide
        14.  MSC Nastran 2025.2 New Verification Manual
        15.  MSC Nastran 2025.2 DEMATD Guide
        16.  MSC Nastran 2025.2 Explicit Nonlinear (SOL 700) User's Guide
        17.  MSC Nastran 2025.2 ACMS User's Guide
  
   Please refer to  MSC_DOC_DIR/doc/pdf_nastran/nastran_library.pdf
   for the complete document set:
  
   Additional information about the release can be found at the MSC Nastran
   Product Support page: http://simcompanion.hexagon.com
  
   The support page provides links to these valuable information:
      * A searchable Knowledge Base containing examples and answers to thousands
        of frequently asked questions written by MSC Software subject-matter
        experts.
      * Peer-to-peer Discussion Forums enabling you to post questions for your
        MSC Software products and receive answers from other users worldwide.
1     * A list of known issues with the product and any workarounds.
      * Instructions on how to contact technical support
      * A mechanism for sending us product feedback or enhancement requests.
      * Hardware and software requirements.
      * Examples and Tutorials
      * and much more.
  
   For information on training, please visit our Training web site
  
      https://hexagon.com/support-success/manufacturing-intelligence/
      design-engineering-support/training-materials
  
1                                                       **STUDENT EDITION*    APRIL  18, 2026  MSC Nastran  3/ 3/26   PAGE     1
                                                                                                                                    
0        N A S T R A N    F I L E    A N D    S Y S T E M    P A R A M E T E R    E C H O                                           
0                                                                                                                                   
                                                                                                                                    
                                                                                                                                    
     NASTRAN BUFFSIZE=8193 $(C:/PROGRAM FILES/MSC.SOFTWARE/NAPA_SE/20252/NASTRAN/CONF
     $ MSC.NASTRAN INPUT FILE CREATED ON APRIL     17, 2026 AT 18:13:48 BY           
     $ PATRAN 2025.2  (STUDENT EDITION)                                              
     $ DIRECT TEXT INPUT FOR NASTRAN SYSTEM CELL SECTION                             
     $ NORMAL MODES ANALYSIS, DATABASE                                               
1                                                       **STUDENT EDITION*    APRIL  18, 2026  MSC Nastran  3/ 3/26   PAGE     2
                                                                                                                                    
0        N A S T R A N    E X E C U T I V E    C O N T R O L    E C H O                                                             
0                                                                                                                                   
                                                                                                                                    
                                                                                                                                    
     SOL 103                                                                                 
     CEND                                                                                    
1                                                       **STUDENT EDITION*    APRIL  18, 2026  MSC Nastran  3/ 3/26   PAGE     3
                                                                                                                                    
0                                                                                                                                   
0                                        C A S E    C O N T R O L    E C H O                                                        
                 COMMAND                                                                                                            
                 COUNT                                                                                                              
                  1      ECHO = NONE                                                                             
                  2      $ USING NASTRAN DEFAULT VALUES FOR RESVEC                                               
                  3      SUBCASE 1                                                                               
                  4      $ SUBCASE NAME : DEFAULT                                                                
                  5         SUBTITLE=DEFAULT                                                                     
                  6         METHOD = 1                                                                           
                  7         SPC = 2                                                                              
                  8         VECTOR(SORT1,REAL)=ALL                                                               
                  9         SPCFORCES(SORT1,REAL)=ALL                                                            
                 10      BEGIN BULK                                                                              
1                                                       **STUDENT EDITION*    APRIL  18, 2026  MSC Nastran  3/ 3/26   PAGE     4
                                                                                                                                    
0                                                                                                                                   
                                              I N P U T   B U L K   D A T A   E C H O                                               
                 ENTRY                                                                                                              
                 COUNT        .   1  ..   2  ..   3  ..   4  ..   5  ..   6  ..   7  ..   8  ..   9  ..  10  .                      
 *** USER INFORMATION MESSAGE 9991 (SDLWIF)
     Messages are being generated at include level 0.
     File: c:/users/pablo castillo/desktop/muse/segundo cuatrimestre/estructuras/eue-trabajo-1/06_codigo/runs/031_al0.500_psu1.586_mod1.430_proc1.701_fpga1.102_bfpga3.063_emod0.900_efpga0.900/sfem_mass_fit.bdf
 *** USER WARNING MESSAGE 9994 (BULFUN)
     MAT1 with MID=3 near line 1878
     User information:  Material has unreasonable or inconsistent values of E, G or NU.
 *** USER WARNING MESSAGE 9994 (BULFUN)
     MAT1 with MID=5 near line 1886
     User information:  Material has unreasonable or inconsistent values of E, G or NU.
1                                                       **STUDENT EDITION*    APRIL  18, 2026  MSC Nastran  3/ 3/26   PAGE     5
                                                                                                                                    
0                                                                                                                                   
                                        M O D E L   S U M M A R Y          BULK = 0
                                   ENTRY NAME        NUMBER OF ENTRIES
                                   ----------        -----------------
                                         CBAR                      452
                                        CBUSH                      116
                                       CORD2R                        1
                                       CQUAD4                      416
                                        EIGRL                        1
                                         GRID                      457
                                      HDF5OUT                        1
                                         MAT1                        6
                                        PARAM                        1
                                        PBARL                       18
                                        PBUSH                        2
                                       PSHELL                        9
                                         RBE2                        8
                                         SPC1                        1
                                       SPCADD                        1

 ^^^     
 ^^^ >>> IFP OPERATIONS COMPLETE <<< 
 ^^^     
 *** USER INFORMATION MESSAGE 3 (crdb::nastran::Processor::writeInput)
 *** USER INFORMATION MESSAGE  (WRITE DATA BLOCK I4 PVT, TRAILER[101, 5, 0, 0, 0, 0, 0])
 *** USER INFORMATION MESSAGE 3 (crdb::nastran::Processor::writeInput)
 *** USER INFORMATION MESSAGE  (WRITE DATA BLOCK I4 CASECC, TRAILER[102, 1, 0, 1000, 0, 0, 0])
 *** USER INFORMATION MESSAGE 3 (crdb::nastran::Processor::writeInput)
 *** USER INFORMATION MESSAGE  (WRITE DATA BLOCK I4 CSTM, TRAILER[104, 457, 1, 1, 1, 12, 0])
 *** USER INFORMATION MESSAGE 3 (crdb::nastran::Processor::writeInput)
 *** USER INFORMATION MESSAGE  (WRITE DATA BLOCK I4 GEOM1Q, TRAILER[101, 0, 2048, 8, 0, 0, 0])
 *** USER INFORMATION MESSAGE 3 (crdb::nastran::Processor::writeInput)
 *** USER INFORMATION MESSAGE  (WRITE DATA BLOCK I4 EPT, TRAILER[101, 4, 4608, 0, 0, 0, 32])
 *** USER INFORMATION MESSAGE 3 (crdb::nastran::Processor::writeInput)
 *** USER INFORMATION MESSAGE  (WRITE DATA BLOCK I4 MPT, TRAILER[102, 32768, 0, 0, 0, 0, 0])
 *** USER INFORMATION MESSAGE 3 (crdb::nastran::Processor::writeInput)
 *** USER INFORMATION MESSAGE  (WRITE DATA BLOCK I4 GEOM2, TRAILER[103, 0, 320, 0, 8192, 0, 0])
 *** USER INFORMATION MESSAGE 3 (crdb::nastran::Processor::writeInput)
 *** USER INFORMATION MESSAGE  (WRITE DATA BLOCK I4 GEOM4S, TRAILER[105, 0, 0, 0, 96, 2048, 0])
 *** USER INFORMATION MESSAGE 3 (crdb::nastran::Processor::writeInput)
 *** USER INFORMATION MESSAGE  (DATA BLOCK GEOM4S IS NOT SUPPORTED)
 *** USER INFORMATION MESSAGE 3 (crdb::nastran::Processor::writeInput)
 *** USER INFORMATION MESSAGE  (WRITE DATA BLOCK I4 GEOM1, TRAILER[101, 0, 2048, 8, 0, 0, 0])
 *** USER INFORMATION MESSAGE 3 (crdb::nastran::Processor::writeInput)
 *** USER INFORMATION MESSAGE  (WRITE DATA BLOCK I4 DYNAMIC, TRAILER[102, 256, 0, 0, 0, 0, 0])
 *** USER INFORMATION MESSAGE 3 (crdb::nastran::Processor::writeInput)
 *** USER INFORMATION MESSAGE  (WRITE DATA BLOCK I4 EDT, TRAILER[103, 0, 0, 524288, 0, 0, 0])
 *** USER INFORMATION MESSAGE 3 (crdb::nastran::Processor::writeInput)
 *** USER INFORMATION MESSAGE  (WRITE DATA BLOCK I4 GEOM4, TRAILER[102, 0, 0, 0, 96, 2048, 0])
1                                                       **STUDENT EDITION*    APRIL  18, 2026  MSC Nastran  3/ 3/26   PAGE     6
                                                                                                                                    
0                                                                                                                                   
 *** USER INFORMATION MESSAGE 7310 (VECPRN)
     ORIGIN OF SUPERELEMENT OR MODULE BASIC COORDINATE SYSTEM WILL BE USED AS REFERENCE LOCATION.
     RESULTANTS ABOUT ORIGIN OF SUPERELEMENT OR MODULE BASIC COORDINATE SYSTEM IN SUPERELEMENT OR MODULE
     BASIC SYSTEM COORDINATES.
0                                                  OLOAD    RESULTANT       
  SUBCASE/    LOAD
  DAREA ID    TYPE       T1            T2            T3            R1            R2            R3
0        1     FX    0.000000E+00     ----          ----          ----       0.000000E+00  0.000000E+00                             
               FY       ----       0.000000E+00     ----       0.000000E+00     ----       0.000000E+00                             
               FZ       ----          ----       0.000000E+00  0.000000E+00  0.000000E+00     ----                                  
               MX       ----          ----          ----       0.000000E+00     ----          ----                                  
               MY       ----          ----          ----          ----       0.000000E+00     ----                                  
               MZ       ----          ----          ----          ----          ----       0.000000E+00                             
             TOTALS  0.000000E+00  0.000000E+00  0.000000E+00  0.000000E+00  0.000000E+00  0.000000E+00
 *** USER INFORMATION MESSAGE 5010 (LNCILS)
     STURM SEQUENCE DATA FOR EIGENVALUE EXTRACTION.
     TRIAL EIGENVALUE = 3.001554D+04, CYCLES = 2.757358D+01 THE STURM COUNT = 0
 *** USER INFORMATION MESSAGE 5010 (LNCILS)
     STURM SEQUENCE DATA FOR EIGENVALUE EXTRACTION.
     TRIAL EIGENVALUE = 7.596158D+06, CYCLES = 4.386490D+02 THE STURM COUNT = 10

 TABLE OF SHIFTS:  (LNNRIGL)
 SHIFT #        SHIFT VALUE         FREQUENCY, CYCLES     # EIGENVALUES BELOW    # NEW EIGENVALUES FOUND
     1.        3.0015539E+04          2.7573583E+01                 0                       12
     2.        7.5961583E+06          4.3864899E+02                10                        0

1                                                       **STUDENT EDITION*    APRIL  18, 2026  MSC Nastran  3/ 3/26   PAGE     7
                                                                                                                                    
0                                                                                                            SUBCASE 1              
0


                          E I G E N V A L U E  A N A L Y S I S   S U M M A R Y   (READ MODULE) 



                                     BLOCK SIZE USED ......................     7

                                     NUMBER OF DECOMPOSITIONS .............     2

                                     NUMBER OF ROOTS FOUND ................    10

                                     NUMBER OF SOLVES REQUIRED ............    11

1                                                       **STUDENT EDITION*    APRIL  18, 2026  MSC Nastran  3/ 3/26   PAGE     8
                                                                                                                                    
0                                                                                                            SUBCASE 1              
 
                                              R E A L   E I G E N V A L U E S
   MODE    EXTRACTION      EIGENVALUE            RADIANS             CYCLES            GENERALIZED         GENERALIZED
    NO.       ORDER                                                                       MASS              STIFFNESS
        1         1        1.433958E+06        1.197480E+03        1.905849E+02        1.000000E+00        1.433958E+06
        2         2        2.101177E+06        1.449544E+03        2.307021E+02        1.000000E+00        2.101177E+06
        3         3        2.289497E+06        1.513108E+03        2.408187E+02        1.000000E+00        2.289497E+06
        4         4        2.332234E+06        1.527165E+03        2.430559E+02        1.000000E+00        2.332234E+06
        5         5        4.232344E+06        2.057266E+03        3.274241E+02        1.000000E+00        4.232344E+06
        6         6        4.364457E+06        2.089128E+03        3.324951E+02        1.000000E+00        4.364457E+06
        7         7        6.202445E+06        2.490471E+03        3.963707E+02        1.000000E+00        6.202445E+06
        8         8        6.767433E+06        2.601429E+03        4.140303E+02        1.000000E+00        6.767433E+06
        9         9        6.919126E+06        2.630423E+03        4.186449E+02        1.000000E+00        6.919126E+06
       10        10        7.062584E+06        2.657552E+03        4.229626E+02        1.000000E+00        7.062584E+06
1                                                       **STUDENT EDITION*    APRIL  18, 2026  MSC Nastran  3/ 3/26   PAGE     9
                                                                                                                                    
0                                                                                                            SUBCASE 1              
 *** USER INFORMATION MESSAGE 7310 (VECPRN)
     ORIGIN OF SUPERELEMENT OR MODULE BASIC COORDINATE SYSTEM WILL BE USED AS REFERENCE LOCATION.
     RESULTANTS ABOUT ORIGIN OF SUPERELEMENT OR MODULE BASIC COORDINATE SYSTEM IN SUPERELEMENT OR MODULE
     BASIC SYSTEM COORDINATES.
0                                                  SPCFORCE RESULTANT       
  SUBCASE/    LOAD
  DAREA ID    TYPE       T1            T2            T3            R1            R2            R3
0        1     FX    4.568525E+00     ----          ----          ----      -4.568525E-03  1.782163E+02                             
               FY       ----       1.933323E+02     ----       1.933323E-01     ----      -1.696490E+02                             
               FZ       ----          ----       9.877587E+05  2.214357E+01  2.917797E+01     ----                                  
               MX       ----          ----          ----      -3.644988E+01     ----          ----                                  
               MY       ----          ----          ----          ----       6.645578E-01     ----                                  
               MZ       ----          ----          ----          ----          ----      -5.508038E-02                             
             TOTALS  4.568525E+00  1.933323E+02  9.877587E+05 -1.411298E+01  2.983796E+01  8.512218E+00
0        2     FX   -1.830740E+01     ----          ----          ----       1.830740E-02  1.924476E+01                             
               FY       ----      -1.935308E+01     ----      -1.935308E-02     ----      -1.973305E+01                             
               FZ       ----          ----      -1.604531E+06 -4.524517E+01  1.195313E+01     ----                                  
               MX       ----          ----          ----       4.497774E+01     ----          ----                                  
               MY       ----          ----          ----          ----      -2.036194E+01     ----                                  
               MZ       ----          ----          ----          ----          ----      -5.661477E-03                             
             TOTALS -1.830740E+01 -1.935308E+01 -1.604531E+06 -2.867801E-01 -8.390505E+00 -4.939507E-01
0        3     FX   -1.030097E+02     ----          ----          ----       1.030097E-01  1.518119E+02                             
               FY       ----       1.720158E+01     ----       1.720158E-02     ----      -1.541786E+02                             
               FZ       ----          ----      -1.847581E+06 -1.337723E+02 -7.433829E+00     ----                                  
               MX       ----          ----          ----       1.300534E+02     ----          ----                                  
               MY       ----          ----          ----          ----      -1.319512E+02     ----                                  
               MZ       ----          ----          ----          ----          ----      -5.778069E-02                             
             TOTALS -1.030097E+02  1.720158E+01 -1.847581E+06 -3.701706E+00 -1.392820E+02 -2.424482E+00
0        4     FX   -4.376994E+02     ----          ----          ----       4.376994E-01 -4.632398E+01                             
               FY       ----      -1.271998E+02     ----      -1.271998E-01     ----       2.340331E+01                             
               FZ       ----          ----      -1.132312E+06 -8.679587E+01 -6.636949E+01     ----                                  
               MX       ----          ----          ----       9.628462E+01     ----          ----                                  
               MY       ----          ----          ----          ----      -6.162841E+02     ----                                  
               MZ       ----          ----          ----          ----          ----       2.150888E-01                             
             TOTALS -4.376994E+02 -1.271998E+02 -1.132312E+06  9.361547E+00 -6.822159E+02 -2.270558E+01
0        5     FX    4.274098E+04     ----          ----          ----      -4.274098E+01 -1.403625E+02                             
               FY       ----       1.370309E+02     ----       1.370309E-01     ----       1.647440E+02                             
               FZ       ----          ----       1.037860E+03  1.884446E+01 -1.418652E+05     ----                                  
               MX       ----          ----          ----      -3.916966E+01     ----          ----                                  
               MY       ----          ----          ----          ----      -3.742880E+03     ----                                  
               MZ       ----          ----          ----          ----          ----      -5.890875E-02                             
             TOTALS  4.274098E+04  1.370309E+02  1.037860E+03 -2.018817E+01 -1.456509E+05  2.432260E+01
0        6     FX    1.807997E+01     ----          ----          ----      -1.807997E-02  2.672286E+00                             
               FY       ----       4.043619E+01     ----       4.043619E-02     ----      -1.913091E+00                             
               FZ       ----          ----       5.793072E+05  1.021042E+01 -4.764634E+00     ----                                  
               MX       ----          ----          ----      -1.220425E+01     ----          ----                                  
               MY       ----          ----          ----          ----       2.073541E+00     ----                                  
               MZ       ----          ----          ----          ----          ----       2.582617E-03                             
             TOTALS  1.807997E+01  4.043619E+01  5.793072E+05 -1.953398E+00 -2.709172E+00  7.617777E-01
0        7     FX    1.355880E+05     ----          ----          ----      -1.355880E+02  7.669378E+01                             
               FY       ----       4.077089E+02     ----       4.077089E-01     ----      -7.242446E+01                             
               FZ       ----          ----       1.769913E+03  9.225013E+01 -2.225344E+05     ----                                  
               MX       ----          ----          ----      -1.079042E+02     ----          ----                                  
               MY       ----          ----          ----          ----      -1.046034E+04     ----                                  
               MZ       ----          ----          ----          ----          ----      -2.269001E-03                             
             TOTALS  1.355880E+05  4.077089E+02  1.769913E+03 -1.524634E+01 -2.331303E+05  4.267048E+00
0        8     FX   -6.854302E+04     ----          ----          ----       6.854302E+01  1.082333E+02                             
               FY       ----      -1.228910E+02     ----      -1.228910E-01     ----      -1.254241E+02                             
               FZ       ----          ----      -1.081859E+04 -1.651236E+02  2.803062E+05     ----                                  
               MX       ----          ----          ----       1.642442E+02     ----          ----                                  
               MY       ----          ----          ----          ----      -9.513991E+02     ----                                  
               MZ       ----          ----          ----          ----          ----      -5.470832E-02                             
             TOTALS -6.854302E+04 -1.228910E+02 -1.081859E+04 -1.002279E+00  2.794234E+05 -1.724545E+01
0        9     FX    2.748546E+04     ----          ----          ----      -2.748546E+01  2.324269E+02                             
               FY       ----       6.456734E+02     ----       6.456734E-01     ----      -1.510442E+02                             
               FZ       ----          ----       4.219632E+04 -5.811532E+00 -1.619299E+05     ----                                  
               MX       ----          ----          ----      -1.726598E+01     ----          ----                                  
               MY       ----          ----          ----          ----       3.559965E+03     ----                                  
               MZ       ----          ----          ----          ----          ----      -3.152542E-01                             
             TOTALS  2.748546E+04  6.456734E+02  4.219632E+04 -2.243184E+01 -1.583974E+05  8.106744E+01
0       10     FX    7.799388E+02     ----          ----          ----      -7.799388E-01  3.106631E+02                             
               FY       ----      -2.758269E+04     ----      -2.758269E+01     ----      -3.445572E+02                             
               FZ       ----          ----      -8.259048E+02  1.124827E+05  1.238835E+02     ----                                  
               MX       ----          ----          ----      -1.000689E+04     ----          ----                                  
               MY       ----          ----          ----          ----      -3.075651E+01     ----                                  
               MZ       ----          ----          ----          ----          ----      -3.053843E-02                             
             TOTALS  7.799388E+02 -2.758269E+04 -8.259048E+02  1.024483E+05  9.234703E+01 -3.392463E+01
1                                                       **STUDENT EDITION*    APRIL  18, 2026  MSC Nastran  3/ 3/26   PAGE    10
                                                                                                                                    
0                                                                                                            SUBCASE 1              
0                                                  MAXIMUM  SPCFORCES       
  SUBCASE/
  DAREA ID        T1             T2             T3             R1             R2             R3
0        1   3.3636577E+04  7.6977336E+04  1.3501761E+05  9.4905574E+02  1.0922748E+03  7.5591906E-01
0        2   3.2389013E+04  8.3082068E+04  2.2023433E+05  1.5424997E+03  1.2574176E+03  7.2515517E-01
0        3   2.2191183E+05  1.1493011E+05  3.0033746E+05  5.4290360E+03  2.5552747E+03  3.5747677E+00
0        4   1.4302300E+05  1.0926224E+05  1.8604692E+05  1.8180471E+03  5.3417747E+03  2.6498684E+00
0        5   7.5580279E+03  1.6623495E+05  3.0587686E+05  9.5928861E+02  5.1369769E+02  1.0145754E+00
0        6   1.3953200E+04  2.3724870E+04  9.6431729E+04  7.4247313E+02  5.4807623E+02  2.6190522E-01
0        7   2.8151497E+04  1.8571539E+05  4.8355699E+05  2.7291858E+03  1.3577800E+03  1.3189742E+00
0        8   2.2633967E+05  1.7054251E+05  5.2991260E+05  1.3334298E+04  2.9957857E+03  3.4225284E+00
0        9   9.9388753E+04  8.3625813E+04  3.0953136E+05  1.1035751E+04  4.6392348E+03  3.2943710E+00
0       10   2.2002825E+04  7.1802567E+03  2.1850015E+05  1.3376969E+03  4.6058246E+02  3.4223393E-01
1                                                       **STUDENT EDITION*    APRIL  18, 2026  MSC Nastran  3/ 3/26   PAGE    11
                                                                                                                                    
0                                                                                                            SUBCASE 1              
0                                                  MAXIMUM  DISPLACEMENTS   
  SUBCASE/
  DAREA ID        T1             T2             T3             R1             R2             R3
0        1   1.9206860E-02  1.3857496E-02  2.4599635E+00  4.9613485E+01  5.3939591E+01  7.3396268E+00
0        2   2.4776105E-02  1.6736456E-02  2.3246021E+00  4.6565102E+01  4.8964511E+01  7.7397976E+00
0        3   2.9255719E-02  8.5721244E-03  2.3499623E+00  4.7446442E+01  4.9411703E+01  9.8872644E+00
0        4   2.7022254E-02  9.3152230E-03  2.4634670E+00  4.9963693E+01  5.3932258E+01  8.7152561E+00
0        5   3.2009159E-02  1.0232700E-02  2.6166862E+00  5.7305518E+01  8.6042065E+01  1.5105285E+01
0        6   1.9524269E-02  1.8059022E-02  1.2759932E+01  1.9543367E+02  1.5028666E+02  5.8827119E-01
0        7   3.7318722E-02  1.7932928E-02  2.4631266E+00  5.3507250E+01  8.2014591E+01  2.2084513E+01
0        8   3.8654904E-02  5.1288360E-03  2.4874492E+00  5.4546616E+01  8.2231623E+01  7.2836310E+00
0        9   3.2843237E-02  5.1746547E-03  2.6291296E+00  5.7922921E+01  8.7306568E+01  6.7062633E+00
0       10   3.0492166E-03  2.1309411E-02  4.1551412E+00  7.5113327E+01  6.8420038E+01  2.0367631E+01
 *** USER INFORMATION MESSAGE 3 (crdb::nastran::Processor::writeOutput)
 *** USER INFORMATION MESSAGE  (WRITE DATA BLOCK I4 OLAMA, TRAILER[101, 10, 0, 0, 0, 0, 0])
1                                                       **STUDENT EDITION*    APRIL  18, 2026  MSC Nastran  3/ 3/26   PAGE    12
     DEFAULT                                                                                                                        
0                                                                                                            SUBCASE 1              
      EIGENVALUE =  1.433958E+06
          CYCLES =  1.905849E+02         R E A L   E I G E N V E C T O R   N O .          1
 
      POINT ID.   TYPE          T1             T2             T3             R1             R2             R3
             1      G      0.0            0.0            0.0            0.0            0.0            0.0
             2      G      0.0            0.0            0.0            0.0            0.0            0.0
             3      G      0.0            0.0            0.0            0.0            0.0            0.0
             4      G      0.0            0.0            0.0            0.0            0.0            0.0
             5      G      0.0            0.0            0.0            0.0            0.0            0.0
             6      G      0.0            0.0            0.0            0.0            0.0            0.0
             7      G      0.0            0.0            0.0            0.0            0.0            0.0
             8      G      0.0            0.0            0.0            0.0            0.0            0.0
            10      G     -6.648326E-06  -7.697958E-05  -1.350176E-04   4.485613E-06  -7.420414E-05   7.559191E-03
            11      G     -5.471917E-06   7.593552E-05  -1.343711E-04  -2.485504E-06  -6.974509E-05  -7.448768E-03
            12      G     -3.369035E-05   4.960686E-06  -1.122783E-04  -9.289212E-05  -1.075456E-04   1.027173E-03
            13      G     -3.192414E-05  -4.872542E-06  -1.111464E-04   9.201199E-05  -1.012565E-04  -8.268212E-04
            14      G      3.306020E-05   5.061216E-06  -1.122331E-04  -9.312199E-05   1.059384E-04  -9.425775E-04
            15      G      3.214589E-05  -4.898443E-06  -1.148552E-04   9.466302E-05   9.873700E-05   1.164848E-03
            16      G      6.319007E-06  -7.434949E-05  -1.342316E-04  -1.867186E-06   7.261282E-05  -7.414377E-03
            17      G      6.205032E-06   7.494748E-05  -1.336253E-04   2.841499E-06   7.539688E-05   7.432136E-03
           100      G      5.840315E-05   1.976236E-06  -4.473349E-03   9.723529E-02  -1.564186E-02   6.524786E-04
           101      G      1.037436E-04   5.697941E-07  -7.554869E-03  -1.335662E-05  -1.143513E-02   5.628365E-05
           102      G      3.090525E-05  -1.352576E-05  -4.855506E-03   1.095548E-01  -7.708796E-03  -1.337013E-04
           103      G      5.262007E-05   2.491713E-07  -8.285719E-03  -5.600054E-05  -2.326048E-02   2.282909E-06
           104      G      3.511172E-08   2.355504E-05  -5.194339E-03   1.074285E-01  -3.933126E-05  -4.012978E-05
           105      G     -3.631665E-07  -3.945609E-08  -8.864339E-03   2.010590E-06  -8.951626E-05   8.015529E-06
           106      G      4.088225E-05   1.699487E-05  -1.174209E-04   9.466302E-05   9.873700E-05   1.164848E-03
           107      G      4.088225E-05  -1.409201E-05  -1.147859E-04   9.466302E-05   9.873700E-05   1.164848E-03
           108      G      1.641640E-06  -4.661227E-05  -4.556198E-04  -5.311247E-03  -1.364420E-04   2.635658E-05
           109      G      6.194605E-05   1.306885E-04  -1.342121E-04   2.841499E-06   7.539688E-05   7.432136E-03
           110      G      1.055311E-04   4.726051E-04  -3.089457E-03   7.832676E-02  -8.549776E-03  -5.313372E-02
           111      G      6.194605E-05  -7.694681E-05  -1.321057E-04   2.841499E-06   7.539688E-05   7.432136E-03
           112      G      7.517336E-05   2.913055E-05  -3.754548E-03   8.910811E-02  -2.864656E-02   4.908785E-03
           113      G      1.173407E-04   1.747340E-07  -4.293257E-03  -6.464600E-04  -1.208111E-02   1.056847E-03
           114      G      1.815402E-04   8.447533E-07  -5.945770E-03  -3.088134E-05  -8.660703E-02  -2.471421E-04
           115      G     -5.835689E-05   9.248008E-07  -4.475723E-03   9.782420E-02   1.548202E-02  -8.094340E-04
           116      G     -1.048506E-04  -6.348647E-07  -7.559050E-03   2.608482E-05   1.125322E-02   7.036410E-06
           117      G     -3.023727E-05  -1.475060E-05  -4.854887E-03   1.098457E-01   7.611434E-03   1.217483E-04
           118      G     -5.360225E-05  -3.278784E-07  -8.287408E-03   6.854469E-06   2.319715E-02   1.327707E-05
           119      G     -3.812530E-05   1.066756E-05  -1.137396E-04   9.201199E-05  -1.012565E-04  -8.268212E-04
           120      G     -3.812530E-05  -1.139823E-05  -1.110374E-04   9.201199E-05  -1.012565E-04  -8.268212E-04
           121      G     -6.133768E-05   1.318013E-04  -1.348756E-04  -2.485504E-06  -6.974509E-05  -7.448768E-03
           122      G     -1.054371E-04   4.716568E-04  -3.095266E-03   7.800651E-02   8.121233E-03   5.449125E-02
           123      G     -6.133768E-05  -7.629869E-05  -1.329271E-04  -2.485504E-06  -6.974509E-05  -7.448768E-03
           124      G     -7.543871E-05   2.762934E-05  -3.759251E-03   8.926511E-02   2.881475E-02  -4.921340E-03
           125      G     -1.185288E-04  -1.952336E-06  -4.300391E-03  -3.604527E-05   1.183390E-02  -9.111909E-05
           126      G     -1.829267E-04  -1.028484E-06  -5.951210E-03   1.071982E-04   8.665964E-02   5.153931E-05
           127      G      5.789694E-05  -9.277794E-07  -4.472040E-03  -9.760235E-02  -1.540972E-02  -7.410266E-04
           128      G      2.999692E-05   1.436105E-05  -4.852751E-03  -1.097603E-01  -7.797978E-03   1.407399E-04
           129      G     -5.317985E-07  -2.372649E-05  -5.195861E-03  -1.074691E-01  -4.421701E-05   6.447629E-07
           130      G      4.012953E-05  -1.265453E-05  -1.149226E-04  -9.312199E-05   1.059384E-04  -9.425775E-04
           131      G      4.012953E-05   1.250051E-05  -1.120954E-04  -9.312199E-05   1.059384E-04  -9.425775E-04
           132      G     -4.859538E-07   4.700084E-05  -4.605161E-04   5.401623E-03  -4.870756E-06  -1.442105E-05
           133      G      6.192684E-05  -1.299573E-04  -1.347902E-04  -1.867186E-06   7.261282E-05  -7.414377E-03
1                                                       **STUDENT EDITION*    APRIL  18, 2026  MSC Nastran  3/ 3/26   PAGE    13
     DEFAULT                                                                                                                        
0                                                                                                            SUBCASE 1              
      EIGENVALUE =  1.433958E+06
          CYCLES =  1.905849E+02         R E A L   E I G E N V E C T O R   N O .          1
 
      POINT ID.   TYPE          T1             T2             T3             R1             R2             R3
           134      G      1.050482E-04  -4.689884E-04  -3.077983E-03  -7.761941E-02  -8.358949E-03   5.473334E-02
           135      G      6.192684E-05   7.718185E-05  -1.327616E-04  -1.867186E-06   7.261282E-05  -7.414377E-03
           136      G      7.487696E-05  -2.769651E-05  -3.751757E-03  -8.918581E-02  -2.919996E-02  -4.885914E-03
           137      G     -5.914642E-05  -1.718790E-06  -4.477568E-03  -9.752522E-02   1.539756E-02   7.080376E-04
           138      G     -3.111965E-05   1.379968E-05  -4.855795E-03  -1.097394E-01   7.616993E-03  -1.349769E-04
           139      G     -4.139415E-05  -1.434504E-05  -1.149963E-04  -9.289212E-05  -1.075456E-04   1.027173E-03
           140      G     -4.139415E-05   1.306765E-05  -1.121262E-04  -9.289212E-05  -1.075456E-04   1.027173E-03
           141      G     -6.334226E-05  -1.336735E-04  -1.355405E-04   4.485613E-06  -7.420414E-05   7.559191E-03
           142      G     -1.068743E-04  -4.744374E-04  -3.096008E-03  -7.795600E-02   8.354460E-03  -5.455631E-02
           143      G     -6.334226E-05   7.751139E-05  -1.334674E-04   4.485613E-06  -7.420414E-05   7.559191E-03
           144      G     -7.637939E-05  -2.961593E-05  -3.762652E-03  -8.921999E-02   2.877578E-02   4.927429E-03
           200      G      6.432105E-05   1.305990E-04  -1.342121E-04   2.841499E-06   7.539688E-05   7.432136E-03
           201      G      6.432105E-05  -7.703632E-05  -1.321057E-04   2.841499E-06   7.539688E-05   7.432136E-03
           202      G      4.399247E-05   1.401298E-05  -1.174209E-04   9.466302E-05   9.873700E-05   1.164848E-03
           203      G      4.399247E-05  -1.707389E-05  -1.147859E-04   9.466302E-05   9.873700E-05   1.164848E-03
           204      G     -7.347193E-06   7.147100E-05  -6.675620E-04   3.191043E-02   8.336201E-04   3.075717E-04
           205      G      3.935329E-04   2.005703E-04  -3.261045E-03   6.866281E-02  -3.678668E-02  -3.658601E-02
           206      G      4.330957E-04   1.296664E-05  -4.502276E-03   4.338245E-03  -4.650497E-02   8.593906E-03
           207      G     -6.353465E-05   1.318796E-04  -1.348756E-04  -2.485504E-06  -6.974509E-05  -7.448768E-03
           208      G     -6.353465E-05  -7.622040E-05  -1.329271E-04  -2.485504E-06  -6.974509E-05  -7.448768E-03
           209      G     -4.131488E-05   7.769184E-06  -1.137396E-04   9.201199E-05  -1.012565E-04  -8.268212E-04
           210      G     -4.131488E-05  -1.429661E-05  -1.110374E-04   9.201199E-05  -1.012565E-04  -8.268212E-04
           211      G     -4.026630E-04   2.046135E-04  -3.269204E-03   7.925309E-02   3.597444E-02   4.787602E-02
           212      G     -4.627817E-04  -5.305442E-06  -4.512864E-03  -8.308582E-06   4.839874E-02  -1.178292E-04
           213      G      6.421414E-05  -1.298985E-04  -1.347902E-04  -1.867186E-06   7.261282E-05  -7.414377E-03
           214      G      6.421414E-05   7.724067E-05  -1.327616E-04  -1.867186E-06   7.261282E-05  -7.414377E-03
           215      G      4.346659E-05  -9.721183E-06  -1.149226E-04  -9.312199E-05   1.059384E-04  -9.425775E-04
           216      G      4.346659E-05   1.543385E-05  -1.120954E-04  -9.312199E-05   1.059384E-04  -9.425775E-04
           217      G     -1.418402E-06  -6.511894E-05  -6.756079E-04  -3.187401E-02  -3.009838E-05   1.662509E-04
           218      G      4.009582E-04  -1.938266E-04  -3.250701E-03  -8.028878E-02  -3.647417E-02   4.958754E-02
           219      G     -6.567969E-05  -1.338148E-04  -1.355405E-04   4.485613E-06  -7.420414E-05   7.559191E-03
           220      G     -6.567969E-05   7.737009E-05  -1.334674E-04   4.485613E-06  -7.420414E-05   7.559191E-03
           221      G     -4.478184E-05  -1.141893E-05  -1.149963E-04  -9.289212E-05  -1.075456E-04   1.027173E-03
           222      G     -4.478184E-05   1.599376E-05  -1.121262E-04  -9.289212E-05  -1.075456E-04   1.027173E-03
           223      G     -4.021240E-04  -2.139132E-04  -3.268704E-03  -7.932341E-02   3.612666E-02  -4.842952E-02
           224      G      1.586854E-04  -6.618975E-06  -5.595980E-03   1.190581E-01  -1.971087E-02   2.352286E-03
           225      G      2.278754E-04   1.441937E-06  -9.521958E-03  -5.989716E-05  -2.312140E-02   2.773502E-04
           226      G      6.720033E-05  -6.159898E-06  -6.238587E-03   1.379215E-01  -2.626206E-02   1.276774E-05
           227      G      1.154586E-04   4.189206E-07  -1.057819E-02  -4.441731E-04  -3.101919E-02  -4.259366E-05
           228      G     -2.985106E-07   3.650210E-05  -7.016516E-03   1.115843E-01   8.618520E-05   2.431568E-05
           229      G      1.146659E-07   6.942447E-07  -1.130986E-02   3.638318E-05  -5.589608E-04   1.309101E-05
           230      G      2.581459E-04   1.699273E-06  -4.532396E-03   9.965362E-02  -3.966410E-02   3.657603E-03
           231      G      3.736318E-04   6.372701E-07  -7.207651E-03   3.496900E-03  -1.065943E-01  -1.831972E-03
           232      G     -1.667610E-04  -8.336722E-06  -5.621170E-03   1.231222E-01   1.878340E-02  -2.491549E-03
           233      G     -2.243075E-04  -9.583169E-07  -9.612668E-03   2.116948E-05   2.149547E-02   3.932310E-05
           234      G     -7.254306E-05  -9.329175E-06  -6.246500E-03   1.396629E-01   2.613329E-02  -4.138730E-06
           235      G     -1.140608E-04   6.053041E-08  -1.062134E-02  -1.533558E-05   2.961010E-02   3.255321E-05
           236      G     -2.686772E-04  -7.000272E-06  -4.561172E-03   1.074608E-01   4.241045E-02  -3.761717E-03
           237      G     -3.818597E-04  -2.550289E-06  -7.278958E-03   1.161585E-04   1.135515E-01   1.283494E-04
           238      G      1.621192E-04   7.711797E-06  -5.553388E-03  -1.216433E-01  -1.817109E-02  -2.531039E-03
1                                                       **STUDENT EDITION*    APRIL  18, 2026  MSC Nastran  3/ 3/26   PAGE    14
     DEFAULT                                                                                                                        
0                                                                                                            SUBCASE 1              
      EIGENVALUE =  1.433958E+06
          CYCLES =  1.905849E+02         R E A L   E I G E N V E C T O R   N O .          1
 
      POINT ID.   TYPE          T1             T2             T3             R1             R2             R3
           239      G      6.972879E-05   9.710821E-06  -6.198655E-03  -1.393472E-01  -2.775818E-02  -1.818918E-05
           240      G     -4.154507E-07  -3.515787E-05  -7.003366E-03  -1.127449E-01  -4.058711E-04  -5.816978E-05
           241      G      2.644318E-04   4.629315E-06  -4.526245E-03  -1.074771E-01  -3.948061E-02  -3.607660E-03
           242      G     -1.657504E-04   6.992128E-06  -5.616004E-03  -1.232016E-01   1.856683E-02   2.375807E-03
           243      G     -7.157121E-05   8.723975E-06  -6.235869E-03  -1.402614E-01   2.594397E-02   9.111282E-06
           244      G     -2.676761E-04   3.134305E-06  -4.560735E-03  -1.076421E-01   4.227287E-02   3.820396E-03
           300      G      3.580098E-04   2.053249E-03  -1.212926E-03   8.348560E-01   6.282305E-02  -2.270344E-01
           301      G      8.009328E-04   1.055479E-02  -1.490346E-03   1.980526E+00   9.041427E-02   8.610226E-02
           302      G      1.668321E-04   1.175102E-03  -1.921288E-03   1.059390E+00  -4.436230E-02   5.622072E-02
           303      G      3.041794E-04   2.781934E-04  -1.966947E-04   4.014646E-03  -1.046013E-01   2.310950E-02
           304      G      1.137164E-03   4.023587E-04  -4.710211E-04   2.548835E-01   3.790028E-01   6.838310E-02
           305      G      9.054431E-03   9.757282E-04  -4.518907E-03  -8.568472E-01  -2.079099E+00   1.454144E-02
           306      G      8.162327E-03   6.076366E-05  -6.641799E-03   1.032528E-02  -3.001901E+00   2.994749E-02
           307      G     -5.001554E-04   1.937687E-03  -1.225681E-03   7.938456E-01  -4.454261E-02   2.125160E-01
           308      G     -7.993298E-04   1.129157E-02  -1.467310E-03   2.101169E+00  -1.449335E-01  -8.533626E-02
           309      G     -1.105872E-04   2.223267E-04  -1.805561E-04  -2.883396E-03   6.878246E-02  -1.122724E-02
           310      G     -1.205940E-03   3.211071E-04  -4.077016E-04   3.148189E-01  -6.030989E-01  -6.017854E-02
           311      G     -9.285686E-03   1.084327E-03  -4.546228E-03  -1.364833E+00   2.125860E+00  -5.542464E-02
           312      G     -8.286746E-03  -1.370203E-05  -6.682078E-03   1.691215E-03   3.018275E+00  -2.434009E-04
           313      G      5.358165E-04  -2.024942E-03  -1.208700E-03  -7.635155E-01   4.204974E-02   2.152771E-01
           314      G      8.516874E-04  -1.141171E-02  -1.458450E-03  -2.072980E+00   1.543285E-01  -8.255437E-02
           315      G     -1.222701E-05  -1.135886E-03  -1.929253E-03  -1.000383E+00  -7.404754E-05   6.396631E-04
           316      G      1.554379E-04  -2.319124E-04  -1.830775E-04   1.249819E-02  -5.988883E-02  -8.130794E-03
           317      G      1.242964E-03  -3.747618E-04  -4.031638E-04  -2.853579E-01   5.995783E-01  -5.835387E-02
           318      G      9.260500E-03  -1.071327E-03  -4.535051E-03   1.368382E+00  -2.127055E+00  -4.784559E-02
           319      G     -5.535356E-04  -2.006658E-03  -1.217869E-03  -7.795423E-01  -4.306143E-02  -2.142909E-01
           320      G     -8.736031E-04  -1.140172E-02  -1.457555E-03  -2.081836E+00  -1.555752E-01   8.320395E-02
           321      G     -1.623461E-04  -2.596450E-04  -1.825045E-04   8.820918E-03   6.263744E-02   1.018147E-02
           322      G     -1.256080E-03  -3.811933E-04  -4.037393E-04  -3.012919E-01  -6.037847E-01   5.932264E-02
           323      G     -9.319962E-03  -1.113387E-03  -4.541518E-03   1.366804E+00   2.119121E+00   5.513810E-02
           324      G      3.696516E-03   6.067496E-03  -1.091330E+00   2.363273E+01  -1.013494E+01   1.468244E-01
           325      G      7.926542E-03  -5.391156E-05  -1.712160E+00   2.698902E-02  -2.850976E+00  -1.331167E-03
           326      G      1.007341E-03   1.233521E-03  -1.413093E+00   3.065155E+01  -7.643531E+00  -2.826216E-02
           327      G      8.113972E-03  -8.161763E-05  -2.176791E+00  -4.070750E-02  -1.532939E+01  -3.274931E-04
           328      G     -1.109141E-04   1.363647E-02  -1.550026E+00   3.334759E+01  -4.815088E-02  -1.606352E-02
           329      G     -3.595608E-05  -7.277176E-05  -2.459919E+00   1.210127E-02   8.021229E-04   3.267301E-03
           330      G      3.604863E-03   5.602171E-04  -5.318705E-01   1.233519E+01  -2.234110E+01   5.905601E-02
           331      G      1.907960E-02  -8.024126E-05  -8.845166E-01   3.705961E-02  -3.418538E+01  -3.104939E-03
           332      G     -3.679741E-03   6.151319E-03  -1.093057E+00   2.360007E+01   1.010609E+01  -1.425975E-01
           333      G     -8.023772E-03  -3.864413E-05  -1.715173E+00   6.251102E-03   2.858846E+00  -6.925192E-04
           334      G     -1.064833E-03   1.337302E-03  -1.414495E+00   3.054544E+01   7.628190E+00   2.707647E-02
           335      G     -8.181050E-03  -8.050309E-05  -2.178285E+00  -6.097535E-04   1.526195E+01  -1.663866E-03
           336      G     -3.688677E-03   4.767009E-04  -5.336713E-01   1.206397E+01   2.230300E+01  -5.961876E-02
           337      G     -1.920686E-02  -2.936897E-05  -8.862145E-01   3.740890E-03   3.423212E+01  -5.533970E-04
           338      G      3.644486E-03  -6.255282E-03  -1.091424E+00  -2.356151E+01  -1.009151E+01  -1.409811E-01
           339      G      1.012929E-03  -1.418509E-03  -1.413016E+00  -3.050166E+01  -7.638435E+00   2.886950E-02
           340      G     -2.741039E-05  -1.385750E-02  -1.549774E+00  -3.338160E+01  -2.451712E-02  -6.041587E-04
           341      G      3.665395E-03  -5.292127E-04  -5.328957E-01  -1.205271E+01  -2.227133E+01  -5.761416E-02
           342      G     -3.707469E-03  -6.239766E-03  -1.093036E+00  -2.360574E+01   1.010417E+01   1.424382E-01
           343      G     -1.073870E-03  -1.406902E-03  -1.414297E+00  -3.054698E+01   7.615035E+00  -2.875152E-02
1                                                       **STUDENT EDITION*    APRIL  18, 2026  MSC Nastran  3/ 3/26   PAGE    15
     DEFAULT                                                                                                                        
0                                                                                                            SUBCASE 1              
      EIGENVALUE =  1.433958E+06
          CYCLES =  1.905849E+02         R E A L   E I G E N V E C T O R   N O .          1
 
      POINT ID.   TYPE          T1             T2             T3             R1             R2             R3
           344      G     -3.720462E-03  -5.311089E-04  -5.336305E-01  -1.206754E+01   2.230540E+01   5.879497E-02
           400      G      1.945954E-04   4.418025E-05  -7.985620E-04   1.549648E-02  -2.331211E-02   1.961450E-02
           401      G      4.541783E-05   3.058559E-05  -1.448233E-03   5.178305E-03  -8.728502E-03  -9.672042E-03
           402      G      1.372781E-06   7.485078E-05  -1.381487E-03   2.131548E-02  -5.287166E-04   1.220856E-03
           403      G      2.807061E-04  -2.136643E-04  -6.257211E-04   2.345123E-02  -3.907365E-03   7.087381E-03
           404      G      1.334529E-04  -5.201530E-05  -6.548864E-04   1.519573E-02   7.055942E-03  -2.234180E-02
           405      G      8.203388E-05  -2.489729E-04  -3.399069E-03   6.127723E-02  -3.063227E-02   1.459398E-02
           406      G     -5.835536E-05  -2.501415E-05  -4.902824E-03   2.490829E-03  -1.877337E-02   1.705247E-03
           407      G     -1.820653E-04   5.306955E-05  -8.167841E-04   1.597092E-02   2.598995E-02  -2.094259E-02
           408      G     -2.322476E-05   1.963844E-05  -1.504408E-03   2.769149E-03   7.714878E-03   1.398661E-02
           409      G     -2.939895E-04  -1.974087E-04  -5.943414E-04   2.321901E-02   5.927724E-03  -8.489140E-03
           410      G     -1.231916E-04  -6.078026E-05  -5.936224E-04   1.165866E-02  -6.285277E-03   2.434886E-02
           411      G     -7.742629E-05  -2.505762E-04  -3.405192E-03   7.147639E-02   3.006670E-02  -1.904937E-02
           412      G      5.152677E-05  -1.477523E-05  -4.944830E-03   2.156062E-05   1.931888E-02  -9.345697E-05
           413      G      2.024400E-04  -1.043248E-04  -8.178979E-04  -1.524579E-02  -2.573560E-02  -2.077651E-02
           414      G      4.095862E-05  -7.158421E-05  -1.493454E-03  -1.873517E-03  -8.813886E-03   1.138208E-02
           415      G     -6.065863E-06  -1.330333E-04  -1.422404E-03  -2.113878E-02  -1.094524E-05   3.002632E-05
           416      G      3.199833E-04   1.734059E-04  -5.956530E-04  -2.336068E-02  -6.095456E-03  -7.797180E-03
           417      G      1.473232E-04   1.998618E-05  -5.907737E-04  -1.148084E-02   6.101508E-03   2.472382E-02
           418      G      7.835764E-05   2.265163E-04  -3.394936E-03  -7.097489E-02  -3.057877E-02  -1.848734E-02
           419      G     -2.130208E-04  -1.003231E-04  -8.137818E-04  -1.525105E-02   2.574220E-02   2.096819E-02
           420      G     -5.306557E-05  -6.954870E-05  -1.493371E-03  -1.866613E-03   8.927010E-03  -1.116391E-02
           421      G     -3.266750E-04   1.650690E-04  -5.912106E-04  -2.400375E-02   6.481343E-03   8.063283E-03
           422      G     -1.552637E-04   2.059087E-05  -5.897357E-04  -1.186281E-02  -6.124073E-03  -2.462243E-02
           423      G     -9.117514E-05   2.196347E-04  -3.406746E-03  -7.111906E-02   3.109678E-02   1.869924E-02
           424      G      1.025298E-05   3.379595E-05  -6.843168E-03   1.437505E-01  -3.376177E-02  -7.459441E-03
           425      G     -1.931913E-06  -2.744816E-05  -1.140903E-02   4.766563E-04  -1.547173E-02   1.720703E-04
           426      G      2.116011E-05   3.843875E-05  -7.969404E-03   1.583914E-01  -3.208972E-02  -5.563867E-04
           427      G      7.161360E-06  -2.835477E-05  -1.296078E-02   1.102027E-03  -5.250828E-02   4.902337E-06
           428      G      4.067800E-06   6.937750E-05  -8.582889E-03   1.595545E-01   2.951190E-04  -3.378190E-04
           429      G     -2.552531E-06  -2.900948E-05  -1.408719E-02   1.360335E-04  -3.721080E-05  -4.821644E-05
           430      G      5.561688E-05  -3.509227E-05  -5.115657E-03   1.088299E-01  -5.406811E-02  -3.398563E-03
           431      G     -1.544214E-05  -2.036399E-05  -8.230345E-03   2.858885E-03  -1.211010E-01  -4.156562E-04
           432      G     -8.496805E-06   3.482418E-05  -6.847325E-03   1.440606E-01   3.463863E-02   7.396655E-03
           433      G     -3.687725E-06  -2.442994E-05  -1.140748E-02   2.641256E-04   1.555482E-02  -1.140365E-04
           434      G     -2.063506E-05   3.861724E-05  -7.978036E-03   1.590894E-01   3.134866E-02   3.928329E-04
           435      G     -1.136585E-05  -2.672325E-05  -1.296406E-02   5.360743E-04   5.211617E-02  -8.449654E-05
           436      G     -5.609781E-05  -2.611063E-05  -5.081698E-03   1.173235E-01   5.462083E-02   3.331978E-03
           437      G      1.024571E-05  -1.990096E-05  -8.249320E-03   2.614840E-04   1.200214E-01  -2.103540E-04
           438      G      1.038266E-05  -8.467623E-05  -6.842815E-03  -1.437189E-01  -3.418619E-02   7.728083E-03
           439      G      1.915755E-05  -9.624874E-05  -7.972833E-03  -1.596768E-01  -3.241515E-02   5.782028E-04
           440      G     -4.288397E-06  -1.253623E-04  -8.596919E-03  -1.581614E-01   1.065695E-04  -5.487625E-05
           441      G      5.729524E-05  -1.595493E-05  -5.085111E-03  -1.177198E-01  -5.455536E-02   3.733789E-03
           442      G     -2.008412E-05  -8.210784E-05  -6.841551E-03  -1.440746E-01   3.445974E-02  -7.871978E-03
           443      G     -2.813322E-05  -9.426342E-05  -7.972421E-03  -1.596741E-01   3.209024E-02  -6.483410E-04
           444      G     -6.959545E-05  -1.370196E-05  -5.084990E-03  -1.172244E-01   5.410577E-02  -3.665226E-03
           445      G      1.593654E-04  -9.207637E-04  -7.703837E-04   3.994753E-02   1.112881E-03   2.092374E-02
           446      G      8.556568E-05  -3.137088E-04  -6.845973E-04   3.590650E-02   1.175293E-03  -6.058530E-03
           447      G     -2.510322E-05  -9.790226E-05  -9.305786E-04   4.641494E-02  -1.305126E-02  -1.643929E-02
           448      G     -2.098741E-05   1.055325E-06  -1.285518E-03   4.661621E-02  -1.245902E-02  -5.747717E-03
1                                                       **STUDENT EDITION*    APRIL  18, 2026  MSC Nastran  3/ 3/26   PAGE    16
     DEFAULT                                                                                                                        
0                                                                                                            SUBCASE 1              
      EIGENVALUE =  1.433958E+06
          CYCLES =  1.905849E+02         R E A L   E I G E N V E C T O R   N O .          1
 
      POINT ID.   TYPE          T1             T2             T3             R1             R2             R3
           449      G      4.148865E-06   1.706771E-05  -1.455362E-03   4.127580E-02  -6.478359E-04  -2.800382E-04
           450      G     -7.989265E-05  -7.123064E-04  -3.265078E-03   6.082017E-02   2.384327E-02   4.142137E-02
           451      G     -1.116699E-04  -1.246339E-05  -4.544392E-03  -2.671935E-04   5.304612E-02  -2.178199E-04
           452      G     -1.445975E-04  -9.314869E-04  -7.354915E-04   4.120951E-02  -1.065071E-03  -2.173595E-02
           453      G     -6.724855E-05  -3.172746E-04  -6.577962E-04   3.647720E-02  -1.577468E-04   6.004775E-03
           454      G      5.009248E-05  -9.978965E-05  -9.420727E-04   4.568940E-02   1.442766E-02   1.842355E-02
           455      G      3.216546E-05   1.054336E-07  -1.314284E-03   4.696093E-02   1.198527E-02   5.026381E-03
           456      G      9.368448E-05  -7.186853E-04  -3.273983E-03   6.135334E-02  -2.338618E-02  -4.206213E-02
           457      G      1.202026E-04  -1.373409E-05  -4.578949E-03   5.112644E-05  -5.349509E-02  -1.647267E-04
           458      G      1.571121E-04   9.003273E-04  -7.356161E-04  -4.085365E-02   9.085257E-04  -2.181794E-02
           459      G      7.912204E-05   2.864402E-04  -6.584509E-04  -3.609273E-02   3.149025E-04   5.749628E-03
           460      G     -4.042877E-05   6.926981E-05  -9.400864E-04  -4.500312E-02  -1.459519E-02   1.783027E-02
           461      G     -3.051863E-05  -2.995382E-05  -1.326854E-03  -4.616737E-02  -1.293177E-02   5.634669E-03
           462      G     -2.922291E-06  -4.672179E-05  -1.489938E-03  -4.013172E-02   3.996910E-05   3.650257E-05
           463      G     -8.489465E-05   6.849946E-04  -3.258210E-03  -6.066025E-02   2.413013E-02  -4.129175E-02
           464      G     -1.622827E-04   9.061530E-04  -7.306908E-04  -4.118257E-02  -8.535429E-04   2.166943E-02
           465      G     -8.470407E-05   2.890047E-04  -6.548517E-04  -3.631933E-02  -2.888888E-04  -5.801276E-03
           466      G      3.483436E-05   7.006927E-05  -9.369684E-04  -4.521321E-02   1.464810E-02  -1.785271E-02
           467      G      2.505144E-05  -2.987895E-05  -1.325284E-03  -4.627963E-02   1.300584E-02  -5.676972E-03
           468      G      8.724861E-05   6.920026E-04  -3.275066E-03  -6.146026E-02  -2.325829E-02   4.175339E-02
           469      G     -1.038198E-05  -6.795777E-04  -1.903720E-03   6.109822E-02   1.243276E-02  -2.307032E-02
           470      G     -3.581952E-05  -3.160359E-04  -2.005469E-03   8.232590E-02  -1.561281E-02  -5.678623E-03
           471      G     -3.636434E-05  -7.340739E-05  -2.476754E-03   7.483473E-02  -1.896584E-02  -1.788603E-03
           472      G     -2.530281E-05  -1.070040E-05  -2.965396E-03   8.519001E-02  -1.582376E-02  -4.582302E-04
           473      G      6.673014E-06   6.279987E-06  -3.127545E-03   8.316540E-02  -8.592565E-04   1.093559E-04
           474      G     -1.134596E-04  -1.989530E-04  -3.447460E-03   4.348585E-02  -3.100679E-02  -1.225629E-02
           475      G     -9.571772E-05  -6.978270E-05  -4.335929E-03   7.959147E-02  -3.413831E-02  -2.189513E-03
           476      G     -4.553144E-05  -8.448857E-06  -5.009803E-03   8.038921E-02  -1.700540E-02  -1.238675E-03
           477      G      6.720809E-06   5.148589E-08  -5.199508E-03   8.508893E-02  -3.976972E-04  -2.404003E-05
           478      G     -8.534909E-05  -2.873169E-04  -4.227458E-03   3.368484E-02   3.650049E-02  -9.760149E-03
           479      G     -1.771709E-04  -1.432542E-04  -4.419040E-03   4.474686E-02  -4.856402E-02  -1.157806E-03
           480      G     -1.290461E-04  -3.801336E-05  -5.699128E-03   4.324968E-02  -4.252687E-02  -1.824231E-03
           481      G     -6.650232E-05  -1.298140E-05  -6.498392E-03   4.984133E-02  -1.980614E-02  -7.021921E-04
           482      G     -1.732153E-04  -1.381253E-05  -4.774198E-03  -1.146221E-04  -5.219593E-02   2.859253E-05
           483      G     -1.489181E-04  -1.411033E-05  -6.170436E-03  -6.216080E-05  -5.136158E-02  -2.041089E-05
           484      G     -7.573369E-05  -1.443118E-05  -7.055370E-03   4.712860E-05  -1.632922E-02  -2.094138E-05
           485      G      5.695471E-06  -4.540059E-06  -6.729335E-03   4.773437E-02  -4.034391E-04  -1.926177E-05
           486      G      4.494676E-06  -1.476549E-05  -7.258025E-03   2.197319E-06  -3.561119E-04  -3.276179E-05
           487      G      2.616832E-05  -6.855964E-04  -1.894635E-03   6.209806E-02  -1.220543E-02   2.334831E-02
           488      G      5.237565E-05  -3.191181E-04  -2.001999E-03   8.340608E-02   1.641629E-02   5.657987E-03
           489      G      5.092206E-05  -7.585373E-05  -2.490537E-03   7.549240E-02   1.915691E-02   1.360328E-03
           490      G      4.017759E-05  -1.308986E-05  -2.992769E-03   8.527602E-02   1.602981E-02   6.241660E-04
           491      G      1.270093E-04  -2.013233E-04  -3.462970E-03   4.410340E-02   3.132395E-02   1.229100E-02
           492      G      1.092442E-04  -7.185633E-05  -4.361793E-03   8.007424E-02   3.437638E-02   2.195754E-03
           493      G      5.862191E-05  -9.969413E-06  -5.034836E-03   8.021709E-02   1.635753E-02   1.198763E-03
           494      G      9.622721E-05  -2.897073E-04  -4.250325E-03   3.446278E-02  -3.649128E-02   9.847318E-03
           495      G      1.888173E-04  -1.452084E-04  -4.446343E-03   4.534319E-02   4.893831E-02   1.072210E-03
           496      G      1.404898E-04  -3.930930E-05  -5.730427E-03   4.334186E-02   4.234224E-02   1.770481E-03
           497      G      7.798079E-05  -1.397232E-05  -6.520900E-03   4.975022E-02   1.923031E-02   6.572474E-04
           498      G      1.822872E-04  -1.414533E-05  -4.806844E-03  -8.459340E-05   5.236674E-02  -2.194359E-05
1                                                       **STUDENT EDITION*    APRIL  18, 2026  MSC Nastran  3/ 3/26   PAGE    17
     DEFAULT                                                                                                                        
0                                                                                                            SUBCASE 1              
      EIGENVALUE =  1.433958E+06
          CYCLES =  1.905849E+02         R E A L   E I G E N V E C T O R   N O .          1
 
      POINT ID.   TYPE          T1             T2             T3             R1             R2             R3
           499      G      1.580553E-04  -1.487638E-05  -6.202084E-03  -1.122645E-04   5.114696E-02  -3.883036E-05
           500      G      8.469855E-05  -1.500526E-05  -7.075789E-03  -9.584419E-05   1.572540E-02  -3.010572E-05
           501      G     -1.603330E-05   6.543694E-04  -1.888738E-03  -6.188860E-02   1.246838E-02   2.330523E-02
           502      G     -4.316109E-05   2.881620E-04  -1.987892E-03  -8.244430E-02  -1.608502E-02   5.743418E-03
           503      G     -4.306901E-05   4.487336E-05  -2.473991E-03  -7.469009E-02  -1.948499E-02   1.453228E-03
           504      G     -3.307776E-05  -1.752543E-05  -2.988551E-03  -8.442309E-02  -1.656163E-02   4.363588E-04
           505      G     -6.948939E-07  -3.549706E-05  -3.144496E-03  -8.266571E-02  -5.172779E-05  -8.907557E-05
           506      G     -1.181865E-04   1.715495E-04  -3.434559E-03  -4.376475E-02  -3.109823E-02   1.217046E-02
           507      G     -1.005395E-04   4.144177E-05  -4.332028E-03  -7.961719E-02  -3.457131E-02   2.181589E-03
           508      G     -5.037600E-05  -2.020328E-05  -5.018741E-03  -7.988260E-02  -1.711237E-02   1.179210E-03
           509      G      1.286140E-06  -2.945829E-05  -5.205143E-03  -8.461292E-02  -1.949984E-04  -5.308055E-05
           510      G     -8.797421E-05   2.606203E-04  -4.220436E-03  -3.380351E-02   3.664189E-02   9.746720E-03
           511      G     -1.794482E-04   1.159191E-04  -4.412047E-03  -4.510311E-02  -4.866972E-02   1.095358E-03
           512      G     -1.314611E-04   9.734030E-06  -5.696354E-03  -4.332684E-02  -4.266356E-02   1.767055E-03
           513      G     -6.905112E-05  -1.583226E-05  -6.500440E-03  -4.962506E-02  -1.984197E-02   6.475280E-04
           514      G      2.996542E-06  -2.496593E-05  -6.729578E-03  -4.760738E-02  -3.039137E-04  -3.964148E-05
           515      G      1.465703E-05   6.600229E-04  -1.892005E-03  -6.229495E-02  -1.204737E-02  -2.349776E-02
           516      G      4.156922E-05   2.907161E-04  -1.997031E-03  -8.334637E-02   1.610514E-02  -5.884418E-03
           517      G      4.166882E-05   4.545504E-05  -2.480715E-03  -7.524594E-02   1.941693E-02  -1.588205E-03
           518      G      3.163447E-05  -1.742758E-05  -2.992366E-03  -8.474377E-02   1.643017E-02  -5.387178E-04
           519      G      1.207054E-04   1.729068E-04  -3.460322E-03  -4.423189E-02   3.107493E-02  -1.239315E-02
           520      G      1.031822E-04   4.176816E-05  -4.352193E-03  -8.018292E-02   3.432149E-02  -2.280092E-03
           521      G      5.296854E-05  -2.027945E-05  -5.030022E-03  -8.018865E-02   1.674059E-02  -1.277934E-03
           522      G      9.317251E-05   2.633204E-04  -4.251907E-03  -3.443796E-02  -3.644244E-02  -9.910317E-03
           523      G      1.858423E-04   1.166522E-04  -4.445062E-03  -4.532670E-02   4.880018E-02  -1.198010E-03
           524      G      1.375419E-04   9.527315E-06  -5.725400E-03  -4.361855E-02   4.231935E-02  -1.865839E-03
           525      G      7.509063E-05  -1.611360E-05  -6.517338E-03  -4.986075E-02   1.932019E-02  -7.323036E-04
          1000      G     -1.913563E-06  -3.645326E-06  -4.340928E-04  -5.304114E-03  -1.363802E-04  -1.244928E-03
          1001      G      7.859612E-06  -1.437384E-05  -1.157737E-04   1.038893E-04   9.511256E-05  -1.802422E-02
          1002      G      1.522349E-05   1.452330E-05  -1.180593E-04   1.080973E-04   9.884687E-05  -1.436108E-02
          1003      G     -1.764473E-06  -4.390979E-06  -5.166204E-03   1.656084E-01  -2.142843E-05   1.577276E-05
          1004      G      8.933156E-06   4.069314E-07  -4.866979E-03   1.588318E-01  -9.210092E-03  -5.045782E-05
          1005      G      1.818135E-05  -8.102624E-06  -4.448408E-03   1.439041E-01  -2.183709E-02   1.977356E-04
          1006      G     -1.093544E-06  -5.500921E-08  -8.864565E-03   2.008778E-06  -8.951160E-05   1.332906E-05
          1007      G      5.294572E-06   3.170310E-07  -8.316775E-03  -4.617556E-07  -3.617287E-02   1.108083E-05
          1008      G      1.225660E-05   6.796143E-07  -7.554960E-03  -1.336245E-05  -1.143793E-02   1.041970E-05
          1009      G      1.943776E-05  -4.945033E-05  -1.320907E-04  -1.166284E-05   8.604708E-05  -3.012795E-02
          1010      G      6.793116E-05   1.138706E-04  -1.340601E-04   2.971252E-05   5.293004E-05  -1.892371E-03
          1011      G      3.911578E-05   2.312830E-05  -3.738441E-03   1.115024E-01  -2.894753E-02  -1.807053E-05
          1012      G      3.527586E-05  -5.628612E-06  -3.123483E-03   7.832268E-02  -8.555066E-03  -2.685653E-02
          1013      G      1.258423E-05   8.981586E-07  -5.985658E-03  -3.450098E-04  -9.873397E-02   1.511017E-05
          1014      G      1.796853E-05   1.516826E-06  -4.342495E-03  -6.464096E-04  -1.209199E-02   9.040315E-04
          1015      G     -1.189952E-05  -1.197387E-05  -1.120235E-04   1.025177E-04  -9.763015E-05   1.430779E-02
          1016      G     -1.926734E-05   8.604653E-06  -1.143686E-04   1.039052E-04  -1.014967E-04   1.064276E-02
          1017      G     -1.183127E-05  -7.414159E-07  -4.866503E-03   1.589305E-01   9.074561E-03   7.365281E-05
          1018      G     -2.119728E-05  -9.524195E-06  -4.450030E-03   1.440317E-01   2.181392E-02  -1.708586E-04
          1019      G     -7.719397E-06  -4.161253E-07  -8.318325E-03   1.680682E-05   3.614719E-02   1.155922E-05
          1020      G     -1.485186E-05  -8.493251E-07  -7.559140E-03   2.609244E-05   1.125603E-02   8.662182E-06
          1021      G     -2.324973E-05  -5.107260E-05  -1.328977E-04  -1.675741E-05  -8.037805E-05   2.789984E-02
          1022      G     -7.153031E-05   1.108065E-04  -1.347283E-04   2.442480E-05  -4.735947E-05  -2.079972E-04
1                                                       **STUDENT EDITION*    APRIL  18, 2026  MSC Nastran  3/ 3/26   PAGE    18
     DEFAULT                                                                                                                        
0                                                                                                            SUBCASE 1              
      EIGENVALUE =  1.433958E+06
          CYCLES =  1.905849E+02         R E A L   E I G E N V E C T O R   N O .          1
 
      POINT ID.   TYPE          T1             T2             T3             R1             R2             R3
          1023      G     -4.269855E-05   2.008365E-05  -3.740112E-03   1.113165E-01   2.908970E-02   3.200673E-05
          1024      G     -3.868099E-05  -7.823274E-06  -3.127575E-03   7.800256E-02   8.126547E-03   2.357935E-02
          1025      G     -1.533595E-05  -9.979102E-07  -5.990751E-03   8.130662E-05   9.885238E-02   8.241609E-06
          1026      G     -2.113410E-05  -1.430838E-06  -4.348644E-03  -3.603863E-05   1.184496E-02   2.044947E-04
          1027      G     -3.958975E-07   3.320298E-06  -4.386182E-04   5.394415E-03  -4.872519E-06  -5.033152E-05
          1028      G      9.681276E-06   1.296480E-05  -1.130868E-04  -1.031490E-04   1.022383E-04   1.654790E-02
          1029      G      1.718949E-05  -1.044612E-05  -1.155556E-04  -1.055488E-04   1.061123E-04   1.281296E-02
          1030      G     -6.886765E-07   4.266247E-06  -5.167891E-03  -1.655450E-01  -4.685433E-05   9.146555E-06
          1031      G      9.632324E-06   3.379776E-07  -4.865484E-03  -1.588983E-01  -9.195161E-03   7.351031E-05
          1032      G      1.899850E-05   9.249371E-06  -4.446200E-03  -1.439586E-01  -2.191265E-02  -1.694578E-04
          1033      G      2.141757E-05   5.076880E-05  -1.327445E-04   1.243090E-05   8.320868E-05   2.908540E-02
          1034      G      6.983784E-05  -1.111988E-04  -1.346464E-04  -2.878225E-05   5.015902E-05   9.010410E-04
          1035      G      4.028808E-05  -2.067272E-05  -3.730646E-03  -1.111427E-01  -2.938127E-02   4.011677E-05
          1036      G      3.635004E-05   7.806351E-06  -3.111246E-03  -7.761546E-02  -8.364293E-03   2.310380E-02
          1037      G     -1.041615E-05   1.344478E-05  -1.131159E-04  -1.025776E-04  -1.038420E-04  -1.690293E-02
          1038      G     -1.773025E-05  -1.208064E-05  -1.156296E-04  -1.055658E-04  -1.077201E-04  -1.326483E-02
          1039      G     -1.114555E-05  -1.829204E-07  -4.868048E-03  -1.589187E-01   9.066987E-03  -5.553256E-05
          1040      G     -2.067697E-05   8.433623E-06  -4.452328E-03  -1.440232E-01   2.176594E-02   1.975973E-04
          1041      G     -2.169014E-05   5.031167E-05  -1.334210E-04   1.926876E-05  -8.503930E-05  -2.983791E-02
          1042      G     -4.225954E-05  -2.283276E-05  -3.743674E-03  -1.113844E-01   2.902166E-02  -9.958123E-06
          1043      G     -3.821452E-05   5.434806E-06  -3.129248E-03  -7.795206E-02   8.359763E-03  -2.311362E-02
          1044      G     -7.080653E-05  -1.152808E-04  -1.353694E-04  -2.278476E-05  -5.145049E-05  -1.239087E-03
          2000      G     -6.937475E-06  -1.716273E-04  -7.942815E-04   3.186962E-02   8.333251E-04  -3.407900E-03
          2001      G      1.329686E-06  -1.970545E-05  -1.161668E-04   1.181445E-04   9.238994E-05  -2.281831E-02
          2002      G      2.100403E-05   1.053265E-05  -1.180466E-04   1.109893E-04   9.847828E-05  -1.302139E-02
          2003      G     -6.382286E-06  -3.405560E-05  -7.019666E-03   1.878067E-01  -2.993160E-05   3.019740E-05
          2004      G      3.312768E-05  -3.453262E-05  -6.228567E-03   2.030551E-01  -2.706351E-02   3.096359E-04
          2005      G      4.429776E-05  -1.220214E-05  -5.558630E-03   1.795395E-01  -2.552852E-02   6.858958E-04
          2006      G     -4.322629E-06   3.924178E-07  -1.131014E-02   3.635048E-05  -5.589943E-04   3.601669E-05
          2007      G      1.848405E-05   8.795165E-07  -1.059778E-02  -9.316775E-05  -4.231798E-02   4.250913E-05
          2008      G      4.619803E-05   1.890376E-06  -9.522123E-03  -6.000957E-05  -2.312472E-02   4.665428E-05
          2009      G      3.298074E-05  -5.614255E-05  -1.321526E-04  -6.303347E-06   8.411865E-05  -2.435113E-02
          2010      G      6.701054E-05   1.192687E-04  -1.340853E-04   2.555010E-05   5.754650E-05  -4.083113E-03
          2011      G      7.613678E-05   2.143954E-05  -4.573980E-03   1.300131E-01  -4.386147E-02   2.092869E-04
          2012      G      9.723387E-05  -5.058081E-06  -3.408018E-03   6.865950E-02  -3.680328E-02  -1.332236E-01
          2013      G      5.594059E-05   2.626400E-06  -7.313253E-03   7.580390E-04  -1.359399E-01   5.559237E-05
          2014      G      6.102845E-05   3.756823E-06  -4.689183E-03   4.337998E-03  -4.652208E-02  -2.118333E-02
          2015      G     -1.563498E-05  -1.727044E-05  -1.123997E-04   1.170409E-04  -9.524259E-05   1.402012E-02
          2016      G     -3.569323E-05   4.454754E-06  -1.143642E-04   1.079187E-04  -1.012290E-04   4.031264E-03
          2017      G     -4.530650E-05  -3.604894E-05  -6.241327E-03   2.051835E-01   2.667392E-02  -2.438330E-04
          2018      G     -5.661308E-05  -1.568974E-05  -5.581543E-03   1.841467E-01   2.534998E-02  -5.986577E-04
          2019      G     -2.737223E-05  -3.806302E-07  -1.064119E-02  -5.094522E-05   4.052941E-02   2.990856E-05
          2020      G     -5.565245E-05  -1.132663E-06  -9.612812E-03   2.117045E-05   2.149880E-02   2.933752E-05
          2021      G     -4.705707E-05  -6.277755E-05  -1.329651E-04  -1.124809E-05  -7.867481E-05   1.692017E-02
          2022      G     -7.856198E-05   1.085910E-04  -1.346697E-04   1.800954E-05  -5.279868E-05  -1.993987E-03
          2023      G     -8.954327E-05   1.411117E-05  -4.585207E-03   1.366253E-01   4.483675E-02  -1.451343E-04
          2024      G     -1.125488E-04  -1.349738E-05  -3.412966E-03   7.924680E-02   3.599232E-02   1.577266E-01
          2025      G     -6.733135E-05  -2.022534E-06  -7.387715E-03   7.269048E-05   1.381452E-01   2.911682E-05
          2026      G     -7.524149E-05  -2.930662E-06  -4.707420E-03  -8.326729E-06   4.841756E-02   1.269257E-03
          2027      G     -1.383922E-06   1.773292E-04  -8.021644E-04  -3.183175E-02  -3.007974E-05  -3.023760E-04
1                                                       **STUDENT EDITION*    APRIL  18, 2026  MSC Nastran  3/ 3/26   PAGE    19
     DEFAULT                                                                                                                        
0                                                                                                            SUBCASE 1              
      EIGENVALUE =  1.433958E+06
          CYCLES =  1.905849E+02         R E A L   E I G E N V E C T O R   N O .          1
 
      POINT ID.   TYPE          T1             T2             T3             R1             R2             R3
          2028      G      7.822768E-06   1.837972E-05  -1.134743E-04  -1.179947E-04   9.965977E-05   1.912391E-02
          2029      G      2.931073E-05  -6.265498E-06  -1.155442E-04  -1.093843E-04   1.058498E-04   8.422551E-03
          2030      G     -2.350878E-06   3.504002E-05  -7.006689E-03  -1.885973E-01  -5.206890E-04   2.414028E-05
          2031      G      3.786918E-05   3.689149E-05  -6.200757E-03  -2.045630E-01  -2.759679E-02  -2.534671E-04
          2032      G      4.930499E-05   1.494321E-05  -5.515108E-03  -1.821040E-01  -2.629542E-02  -6.009244E-04
          2033      G      4.295767E-05   6.160334E-05  -1.328198E-04   6.083650E-06   8.108813E-05   1.924807E-02
          2034      G      7.516135E-05  -1.104040E-04  -1.345861E-04  -2.256860E-05   5.504617E-05  -4.696790E-05
          2035      G      8.239774E-05  -1.548469E-05  -4.534029E-03  -1.350313E-01  -4.261549E-02  -7.633553E-05
          2036      G      1.066921E-04   1.526194E-05  -3.396482E-03  -8.028265E-02  -3.649239E-02   1.646279E-01
          2037      G     -1.021733E-05   1.884850E-05  -1.135066E-04  -1.174886E-04  -1.012599E-04  -1.867616E-02
          2038      G     -3.052210E-05  -7.957699E-06  -1.156248E-04  -1.093464E-04  -1.074233E-04  -8.564933E-03
          2039      G     -4.270536E-05   3.623322E-05  -6.230866E-03  -2.056619E-01   2.646164E-02   3.041459E-04
          2040      G     -5.432812E-05   1.377297E-05  -5.576749E-03  -1.844630E-01   2.515670E-02   6.757419E-04
          2041      G     -4.211529E-05   6.021038E-05  -1.334887E-04   1.369155E-05  -8.328222E-05  -2.061278E-02
          2042      G     -7.457902E-05  -1.165020E-04  -1.353134E-04  -1.645115E-05  -5.683667E-05  -1.145441E-03
          2043      G     -8.758074E-05  -1.871120E-05  -4.584669E-03  -1.368713E-01   4.466964E-02   2.101520E-04
          2044      G     -1.107629E-04   7.970864E-06  -3.413071E-03  -7.931721E-02   3.614465E-02  -1.555711E-01
          3000      G      7.147839E-05  -6.966685E-03  -6.191984E-03   1.059014E+00  -4.435214E-02   7.234074E-02
          3001      G     -6.674881E-04  -5.005863E-03  -9.462992E-03   1.981353E+00   9.049627E-02  -1.178493E+00
          3002      G     -1.465808E-03  -4.393743E-03  -4.581850E-03   8.348726E-01   6.282871E-02  -9.334927E-01
          3003      G      6.584542E-05  -1.737569E-03  -1.322126E+00   4.961348E+01  -7.480019E-02  -1.091053E-03
          3004      G     -1.729872E-03  -1.319120E-03  -1.206010E+00   4.236615E+01  -6.847748E+00  -1.769722E-02
          3005      G     -2.202650E-03  -5.268140E-04  -9.123446E-01   3.415153E+01  -1.403071E+01  -7.202227E-02
          3006      G     -2.869552E-05  -1.683051E-04  -2.459964E+00   1.210189E-02   8.038013E-04  -1.652195E-03
          3007      G     -5.415395E-03  -2.042508E-04  -2.148790E+00  -5.843840E-02  -2.367880E+01  -1.664247E-03
          3008      G     -1.396787E-02  -2.669379E-04  -1.712166E+00   2.699133E-02  -2.851055E+00  -1.620279E-03
          3009      G      2.153279E-04   2.997240E-04  -7.339092E-04   2.547413E-01   3.793956E-01  -2.025815E+00
          3010      G      1.924392E-03  -2.320490E-03  -5.839770E-04   3.962834E-03  -1.044453E-01   1.231034E+00
          3011      G     -5.383903E-03  -8.515437E-04  -4.151888E-01   1.660288E+01  -2.161419E+01  -1.080505E-01
          3012      G     -7.343317E-03  -3.343702E-03  -1.289224E-02  -8.574618E-01  -2.079993E+00   5.545829E+00
          3013      G     -1.301179E-02  -3.125484E-04  -8.635208E-01   5.061881E-02  -5.387981E+01  -1.794246E-03
          3014      G     -1.535817E-02  -3.567921E-04  -1.874753E-02   1.029399E-02  -3.002126E+00   1.376867E-01
          3015      G      8.382849E-04  -5.216367E-03  -9.922449E-03   2.101942E+00  -1.450000E-01   1.478656E+00
          3016      G      1.661457E-03  -4.184849E-03  -4.429967E-03   7.938718E-01  -4.452815E-02   1.044068E+00
          3017      G      1.810237E-03  -1.268054E-03  -1.207586E+00   4.223168E+01   6.851366E+00   1.490131E-02
          3018      G      2.248952E-03  -3.657935E-04  -9.138946E-01   3.408398E+01   1.397942E+01   6.844101E-02
          3019      G      5.375683E-03  -1.162623E-04  -2.150346E+00  -5.289410E-03   2.355597E+01  -1.380022E-03
          3020      G      1.393389E-02  -8.842894E-05  -1.715179E+00   6.251094E-03   2.858925E+00  -1.143826E-03
          3021      G     -7.085491E-05   7.323765E-04  -4.618735E-04   3.146857E-01  -6.034367E-01   3.012643E+00
          3022      G     -1.746194E-03  -2.048441E-03  -4.002083E-04  -2.901320E-03   6.864008E-02  -1.107320E+00
          3023      G      5.494336E-03  -5.713677E-04  -4.169912E-01   1.633326E+01   2.158332E+01   1.039534E-01
          3024      G      7.481857E-03  -2.870286E-03  -1.310653E-02  -1.365354E+00   2.126745E+00  -7.339544E+00
          3025      G      1.297870E-02  -5.387153E-05  -8.652384E-01   5.773346E-03   5.393959E+01  -1.152831E-03
          3026      G      1.536144E-02  -2.407580E-05  -1.885175E-02   1.692514E-03   3.018490E+00   1.778375E-03
          3027      G     -1.223101E-04   6.541259E-03  -5.963855E-03  -1.000025E+00  -7.453009E-05   5.404225E-02
          3028      G     -8.796952E-04   4.872464E-03  -9.800497E-03  -2.073753E+00   1.543956E-01   1.560011E+00
          3029      G     -1.704259E-03   3.856000E-03  -4.291658E-03  -7.635388E-01   4.203425E-02   1.070597E+00
          3030      G     -7.200925E-05   1.445725E-03  -1.321739E+00  -4.958689E+01  -4.133608E-02  -1.318649E-03
          3031      G     -1.853133E-03   9.171598E-04  -1.205815E+00  -4.213497E+01  -6.856337E+00   1.447710E-02
          3032      G     -2.299588E-03   2.977354E-05  -9.123539E-01  -3.401971E+01  -1.395792E+01   6.858633E-02
1                                                       **STUDENT EDITION*    APRIL  18, 2026  MSC Nastran  3/ 3/26   PAGE    20
     DEFAULT                                                                                                                        
0                                                                                                            SUBCASE 1              
      EIGENVALUE =  1.433958E+06
          CYCLES =  1.905849E+02         R E A L   E I G E N V E C T O R   N O .          1
 
      POINT ID.   TYPE          T1             T2             T3             R1             R2             R3
          3033      G      1.031230E-05  -1.055426E-03  -3.464454E-04  -2.852229E-01   5.999152E-01   3.045653E+00
          3034      G      1.662527E-03   1.760499E-03  -3.287697E-04   1.252151E-02  -5.974269E-02  -1.010160E+00
          3035      G     -5.538449E-03   2.414490E-04  -4.163588E-01  -1.631889E+01  -2.155075E+01   1.037539E-01
          3036      G     -7.516997E-03   2.530978E-03  -1.310005E-02   1.368906E+00  -2.127941E+00  -7.185260E+00
          3037      G      6.383658E-04   4.952837E-03  -9.835061E-03  -2.082609E+00  -1.556437E-01  -1.456035E+00
          3038      G      1.465399E-03   4.001965E-03  -4.364976E-03  -7.795672E-01  -4.304743E-02  -9.651610E-01
          3039      G      1.705045E-03   9.968041E-04  -1.207215E+00  -4.219198E+01   6.836118E+00  -1.721623E-02
          3040      G      2.155630E-03   1.905376E-04  -9.138020E-01  -3.407060E+01   1.397282E+01  -7.123551E-02
          3041      G     -2.522260E-04  -8.374307E-04  -4.023951E-04  -3.011581E-01  -6.041233E-01  -2.949022E+00
          3042      G     -1.914455E-03   2.030091E-03  -3.537973E-04   8.842600E-03   6.249254E-02   1.141812E+00
          3043      G      5.405663E-03   4.680310E-04  -4.169372E-01  -1.633050E+01   2.158613E+01  -1.063168E-01
          3044      G      7.393700E-03   2.825141E-03  -1.307485E-02   1.367328E+00   2.120005E+00   7.339627E+00
          4000      G      1.596670E-06  -8.719012E-05  -1.467258E-03   2.129356E-02  -5.289286E-04   9.903245E-04
          4001      G     -1.937378E-05  -1.069076E-05  -1.469326E-03   5.196350E-03  -8.727835E-03   1.193972E-02
          4002      G     -3.129003E-05  -7.382993E-05  -8.610317E-04   1.548432E-02  -2.331279E-02  -3.979171E-02
          4003      G     -1.348972E-06  -2.089822E-05  -8.583180E-03   2.407889E-01   2.091110E-04  -6.033045E-05
          4004      G     -3.622117E-05  -3.529894E-05  -8.083196E-03   2.253819E-01  -3.233962E-02  -3.025307E-04
          4005      G     -7.359492E-05  -2.755126E-05  -6.820650E-03   2.006253E-01  -5.567052E-02  -7.023722E-04
          4006      G     -2.842803E-06  -3.011872E-05  -1.408761E-02   1.359600E-04  -3.726752E-05  -4.413938E-05
          4007      G     -5.864764E-05  -3.143787E-05  -1.307157E-02   1.472869E-03  -8.215229E-02  -2.859205E-05
          4008      G     -1.206864E-04  -3.132038E-05  -1.140927E-02   4.764752E-04  -1.547722E-02  -1.576906E-05
          4009      G     -3.120276E-05  -6.079991E-05  -7.017414E-04   1.519557E-02   7.060002E-03  -8.819550E-02
          4010      G     -1.359162E-05  -1.350614E-04  -7.348753E-04   2.344602E-02  -3.902597E-03  -1.390705E-01
          4011      G     -1.105112E-04  -5.167665E-05  -5.072853E-03   1.368018E-01  -7.030492E-02  -1.569212E-03
          4012      G     -1.528625E-04  -1.063636E-04  -3.521846E-03   6.126656E-02  -3.060507E-02  -3.286222E-01
          4013      G     -1.635685E-04  -3.137166E-05  -8.277057E-03   2.196525E-03  -2.036029E-01  -3.064982E-05
          4014      G     -1.968054E-04  -3.268989E-05  -4.978881E-03   2.491168E-03  -1.874609E-02  -7.749090E-03
          4015      G      2.231587E-05  -2.883321E-06  -1.515854E-03   2.788981E-03   7.713971E-03  -2.182497E-02
          4016      G      3.306750E-05  -6.855257E-05  -8.811030E-04   1.595777E-02   2.599077E-02   2.513587E-02
          4017      G      3.416858E-05  -3.175722E-05  -8.093696E-03   2.269280E-01   3.163297E-02   1.826447E-04
          4018      G      7.200404E-05  -2.033504E-05  -6.824553E-03   2.020970E-01   5.718052E-02   6.090362E-04
          4019      G      5.304084E-05  -2.875505E-05  -1.307445E-02   4.587807E-04   8.239603E-02  -5.740915E-05
          4020      G      1.157601E-04  -2.654180E-05  -1.140772E-02   2.641189E-04   1.556019E-02  -6.655072E-05
          4021      G      3.028497E-05  -5.036520E-05  -6.280156E-04   1.166067E-02  -6.289326E-03   7.750504E-02
          4022      G      1.050443E-05  -1.232164E-04  -7.104996E-04   2.321279E-02   5.922613E-03   1.374421E-01
          4023      G      1.093582E-04  -4.262675E-05  -5.026652E-03   1.456282E-01   7.057709E-02   1.554300E-03
          4024      G      1.528772E-04  -9.924546E-05  -3.525717E-03   7.146214E-02   3.003874E-02   3.778475E-01
          4025      G      1.600580E-04  -2.460149E-05  -8.293794E-03   2.946126E-04   2.021046E-01  -6.804034E-05
          4026      G      1.941513E-04  -2.255913E-05  -5.023114E-03   2.160154E-05   1.929104E-02  -3.703281E-03
          4027      G     -6.060143E-06   2.755669E-05  -1.507428E-03  -2.111653E-02  -1.095254E-05  -7.631114E-05
          4028      G     -2.489087E-05  -5.616371E-05  -1.501370E-03  -1.893616E-03  -8.813158E-03  -1.345634E-02
          4029      G     -3.457546E-05   1.155253E-05  -8.792968E-04  -1.523284E-02  -2.573647E-02   3.689238E-02
          4030      G     -4.513807E-06  -4.035876E-05  -8.597074E-03  -2.404977E-01   3.284153E-04  -3.936906E-05
          4031      G     -3.910757E-05  -2.744937E-05  -8.089813E-03  -2.286517E-01  -3.243108E-02   2.388896E-04
          4032      G     -7.632013E-05  -3.689727E-05  -6.818516E-03  -2.026620E-01  -5.707484E-02   6.723717E-04
          4033      G     -3.174465E-05  -3.944688E-06  -6.248371E-04  -1.148258E-02   6.105553E-03   8.917925E-02
          4034      G     -1.306128E-05   7.283356E-05  -7.130317E-04  -2.335383E-02  -6.089614E-03   1.504230E-01
          4035      G     -1.134167E-04  -1.211428E-05  -5.026657E-03  -1.462315E-01  -7.038345E-02   1.603656E-03
          4036      G     -1.560664E-04   4.583250E-05  -3.517520E-03  -7.096051E-02  -3.055109E-02   3.899375E-01
          4037      G      1.271226E-05  -5.418154E-05  -1.501257E-03  -1.886767E-03   8.926317E-03   1.372284E-02
1                                                       **STUDENT EDITION*    APRIL  18, 2026  MSC Nastran  3/ 3/26   PAGE    21
     DEFAULT                                                                                                                        
0                                                                                                            SUBCASE 1              
      EIGENVALUE =  1.433958E+06
          CYCLES =  1.905849E+02         R E A L   E I G E N V E C T O R   N O .          1
 
      POINT ID.   TYPE          T1             T2             T3             R1             R2             R3
          4038      G      2.221468E-05   1.559977E-05  -8.752054E-04  -1.523802E-02   2.574301E-02  -3.617001E-02
          4039      G      3.018886E-05  -2.534734E-05  -8.084477E-03  -2.283603E-01   3.225784E-02  -3.169617E-04
          4040      G      6.748990E-05  -3.285384E-05  -6.817849E-03  -2.029083E-01   5.695546E-02  -7.548827E-04
          4041      G      1.905698E-05   2.005602E-06  -6.252801E-04  -1.186477E-02  -6.128135E-03  -8.699646E-02
          4042      G     -3.381382E-07   7.957450E-05  -7.127066E-04  -2.399721E-02   6.475874E-03  -1.457568E-01
          4043      G      1.044208E-04  -6.113751E-06  -5.031724E-03  -1.459319E-01   6.998885E-02  -1.704233E-03
          4044      G      1.473564E-04   5.448731E-05  -3.531392E-03  -7.110470E-02   3.106886E-02  -3.829724E-01
1                                                       **STUDENT EDITION*    APRIL  18, 2026  MSC Nastran  3/ 3/26   PAGE    22
     DEFAULT                                                                                                                        
0                                                                                                            SUBCASE 1              
      EIGENVALUE =  2.101177E+06
          CYCLES =  2.307021E+02         R E A L   E I G E N V E C T O R   N O .          2
 
      POINT ID.   TYPE          T1             T2             T3             R1             R2             R3
             1      G      0.0            0.0            0.0            0.0            0.0            0.0
             2      G      0.0            0.0            0.0            0.0            0.0            0.0
             3      G      0.0            0.0            0.0            0.0            0.0            0.0
             4      G      0.0            0.0            0.0            0.0            0.0            0.0
             5      G      0.0            0.0            0.0            0.0            0.0            0.0
             6      G      0.0            0.0            0.0            0.0            0.0            0.0
             7      G      0.0            0.0            0.0            0.0            0.0            0.0
             8      G      0.0            0.0            0.0            0.0            0.0            0.0
            10      G      7.172073E-06   8.301194E-05   2.202343E-04   1.093310E-04   1.091068E-04  -7.251552E-03
            11      G      6.628127E-06  -8.302744E-05   2.201951E-04  -1.092539E-04   1.073613E-04   7.213475E-03
            12      G      3.245101E-05  -1.137504E-06   1.808976E-04   1.539907E-04   1.239919E-04  -2.493195E-04
            13      G      3.166548E-05   1.012741E-06   1.806629E-04  -1.533966E-04   1.209992E-04   2.004096E-04
            14      G     -3.244566E-05  -1.097264E-06   1.807899E-04   1.530407E-04  -1.241226E-04   3.093662E-04
            15      G     -3.213022E-05   1.132859E-06   1.814268E-04  -1.541972E-04  -1.234035E-04  -2.550830E-04
            16      G     -7.271163E-06   8.136157E-05   2.201008E-04   1.144229E-04  -1.083826E-04   7.219710E-03
            17      G     -6.050324E-06  -8.123529E-05   2.202231E-04  -1.184344E-04  -1.035153E-04  -7.130392E-03
           100      G     -2.822606E-04  -8.327151E-05   2.754857E-02  -6.619731E-01   2.077857E-01  -7.573472E-03
           101      G     -5.699629E-04  -1.312577E-07   4.965241E-02  -3.711611E-05   1.043664E-01  -4.273969E-05
           102      G     -1.359992E-04   8.603386E-05   3.389748E-02  -8.301875E-01   1.711339E-01  -5.886644E-04
           103      G     -3.736769E-04   9.947920E-08   6.042401E-02   6.784850E-06   3.871139E-01   2.507272E-06
           104      G      5.213149E-08  -2.318362E-04   3.814823E-02  -8.988791E-01   5.537026E-05  -5.749714E-06
           105      G      9.603194E-08   1.874986E-07   6.904014E-02   6.061685E-06   1.008635E-04  -1.535616E-06
           106      G     -3.404334E-05  -3.661427E-06   1.849026E-04  -1.541972E-04  -1.234035E-04  -2.550830E-04
           107      G     -3.404334E-05   3.146102E-06   1.816093E-04  -1.541972E-04  -1.234035E-04  -2.550830E-04
           108      G     -2.134799E-07   1.756395E-04   1.029279E-03   1.659804E-02   4.963787E-06   5.543912E-05
           109      G     -5.952826E-05  -1.347132E-04   2.218877E-04  -1.184344E-04  -1.035153E-04  -7.130392E-03
           110      G     -5.805875E-04  -7.244924E-04   4.817797E-03  -7.470694E-02   9.097436E-02   9.213689E-02
           111      G     -5.952826E-05   6.449210E-05   2.189958E-04  -1.184344E-04  -1.035153E-04  -7.130392E-03
           112      G     -3.598026E-04  -2.500885E-05   1.582689E-02  -3.831282E-01   4.380916E-01  -1.095089E-02
           113      G     -6.774482E-04  -1.941090E-06   6.781156E-03   1.169411E-04   1.199171E-01  -7.044889E-04
           114      G     -9.535417E-04  -1.030502E-06   2.842495E-02  -1.652834E-04   8.865021E-01   1.190752E-04
           115      G      2.826965E-04  -8.323708E-05   2.755341E-02  -6.621745E-01  -2.075865E-01   7.616274E-03
           116      G      5.701851E-04   1.336569E-07   4.965471E-02  -3.719665E-06  -1.041532E-01   2.643547E-07
           117      G      1.361632E-04   8.626473E-05   3.389922E-02  -8.302767E-01  -1.710452E-01   5.952297E-04
           118      G      3.739834E-04   1.421277E-07   6.042501E-02   1.469605E-06  -3.871081E-01   1.485289E-06
           119      G      3.316855E-05  -2.753957E-06   1.840875E-04  -1.533966E-04   1.209992E-04   2.004096E-04
           120      G      3.316855E-05   2.594474E-06   1.808584E-04  -1.533966E-04   1.209992E-04   2.004096E-04
           121      G      6.072919E-05  -1.371285E-04   2.218197E-04  -1.092539E-04   1.073613E-04   7.213475E-03
           122      G      5.802417E-04  -7.232736E-04   4.830497E-03  -7.496683E-02  -9.062428E-02  -9.260560E-02
           123      G      6.072919E-05   6.439796E-05   2.188203E-04  -1.092539E-04   1.073613E-04   7.213475E-03
           124      G      3.599900E-04  -2.502611E-05   1.583575E-02  -3.834172E-01  -4.380363E-01   1.093442E-02
           125      G      6.772660E-04   1.019060E-08   6.787130E-03   1.600804E-05  -1.196475E-01   2.487009E-06
           126      G      9.537352E-04   3.372480E-08   2.842863E-02  -1.339001E-05  -8.865056E-01   3.118468E-06
           127      G     -2.829795E-04   8.294701E-05   2.755211E-02   6.618608E-01   2.075682E-01   7.567775E-03
           128      G     -1.364011E-04  -8.572044E-05   3.389860E-02   8.300906E-01   1.711418E-01   5.793884E-04
           129      G     -5.456476E-08   2.320521E-04   3.814895E-02   8.988181E-01   3.174441E-05  -1.730936E-06
           130      G     -3.476590E-05   4.717273E-06   1.842706E-04   1.530407E-04  -1.241226E-04   3.093662E-04
           131      G     -3.476590E-05  -3.538937E-06   1.809581E-04   1.530407E-04  -1.241226E-04   3.093662E-04
           132      G     -1.709121E-07  -1.755212E-04   1.028808E-03  -1.659742E-02   2.148879E-05  -1.674138E-05
           133      G     -6.141899E-05   1.355094E-04   2.217718E-04   1.144229E-04  -1.083826E-04   7.219710E-03
1                                                       **STUDENT EDITION*    APRIL  18, 2026  MSC Nastran  3/ 3/26   PAGE    23
     DEFAULT                                                                                                                        
0                                                                                                            SUBCASE 1              
      EIGENVALUE =  2.101177E+06
          CYCLES =  2.307021E+02         R E A L   E I G E N V E C T O R   N O .          2
 
      POINT ID.   TYPE          T1             T2             T3             R1             R2             R3
           134      G     -5.807463E-04   7.195138E-04   4.822726E-03   7.465680E-02   9.087755E-02  -9.277291E-02
           135      G     -6.141899E-05  -6.619127E-05   2.187439E-04   1.144229E-04  -1.083826E-04   7.219710E-03
           136      G     -3.604141E-04   2.417159E-05   1.583347E-02   3.832437E-01   4.381851E-01   1.089822E-02
           137      G      2.829299E-04   8.326249E-05   2.755400E-02   6.620540E-01  -2.075852E-01  -7.586536E-03
           138      G      1.362085E-04  -8.584774E-05   3.389987E-02   8.301861E-01  -1.710448E-01  -5.867253E-04
           139      G      3.432091E-05   3.548457E-06   1.843830E-04   1.539907E-04   1.239919E-04  -2.493195E-04
           140      G      3.432091E-05  -3.105259E-06   1.810740E-04   1.539907E-04   1.239919E-04  -2.493195E-04
           141      G      6.155871E-05   1.373986E-04   2.218726E-04   1.093310E-04   1.091068E-04  -7.251552E-03
           142      G      5.807467E-04   7.231444E-04   4.829944E-03   7.493133E-02  -9.068348E-02   9.257045E-02
           143      G      6.155871E-05  -6.519166E-05   2.188244E-04   1.093310E-04   1.091068E-04  -7.251552E-03
           144      G      3.603933E-04   2.515039E-05   1.583612E-02   3.833680E-01  -4.380448E-01  -1.092820E-02
           200      G     -6.278900E-05  -1.309826E-04   2.218877E-04  -1.184344E-04  -1.035153E-04  -7.130392E-03
           201      G     -6.278900E-05   6.822278E-05   2.189958E-04  -1.184344E-04  -1.035153E-04  -7.130392E-03
           202      G     -3.793055E-05   1.195784E-06   1.849026E-04  -1.541972E-04  -1.234035E-04  -2.550830E-04
           203      G     -3.793055E-05   8.003313E-06   1.816093E-04  -1.541972E-04  -1.234035E-04  -2.550830E-04
           204      G     -1.149926E-06   6.620951E-05   1.396085E-03  -7.827044E-04  -1.383955E-04   2.805352E-04
           205      G     -3.705898E-04  -1.171503E-04   5.014733E-03  -6.904686E-02   6.220767E-02   1.622242E-02
           206      G     -3.608010E-04  -1.583488E-05   6.940114E-03  -3.646042E-03   7.798003E-02  -5.723974E-03
           207      G      6.411107E-05  -1.336870E-04   2.218197E-04  -1.092539E-04   1.073613E-04   7.213475E-03
           208      G      6.411107E-05   6.783946E-05   2.188203E-04  -1.092539E-04   1.073613E-04   7.213475E-03
           209      G      3.698002E-05   2.078036E-06   1.840875E-04  -1.533966E-04   1.209992E-04   2.004096E-04
           210      G      3.698002E-05   7.426468E-06   1.808584E-04  -1.533966E-04   1.209992E-04   2.004096E-04
           211      G      3.582163E-04  -1.234340E-04   5.031738E-03  -4.941956E-02  -5.897770E-02  -2.148104E-02
           212      G      3.607023E-04  -2.689807E-07   6.942700E-03  -8.807905E-05  -7.382840E-02  -2.189494E-05
           213      G     -6.483304E-05   1.319051E-04   2.217718E-04   1.144229E-04  -1.083826E-04   7.219710E-03
           214      G     -6.483304E-05  -6.979559E-05   2.187439E-04   1.144229E-04  -1.083826E-04   7.219710E-03
           215      G     -3.867577E-05  -1.035089E-07   1.842706E-04   1.530407E-04  -1.241226E-04   3.093662E-04
           216      G     -3.867577E-05  -8.359719E-06   1.809581E-04   1.530407E-04  -1.241226E-04   3.093662E-04
           217      G     -3.344224E-07  -6.630320E-05   1.395611E-03   6.218001E-04   6.430463E-05   2.931324E-06
           218      G     -3.742247E-04   1.157113E-04   5.026187E-03   5.055958E-02   6.262977E-02  -2.323305E-02
           219      G      6.499558E-05   1.339546E-04   2.218726E-04   1.093310E-04   1.091068E-04  -7.251552E-03
           220      G      6.499558E-05  -6.863559E-05   2.188244E-04   1.093310E-04   1.091068E-04  -7.251552E-03
           221      G      3.822665E-05  -1.302251E-06   1.843830E-04   1.539907E-04   1.239919E-04  -2.493195E-04
           222      G      3.822665E-05  -7.955966E-06   1.810740E-04   1.539907E-04   1.239919E-04  -2.493195E-04
           223      G      3.589050E-04   1.230660E-04   5.031039E-03   4.928517E-02  -5.882656E-02   2.143067E-02
           224      G     -1.794531E-04  -8.611613E-05   2.384823E-02  -5.670938E-01   1.672537E-01  -4.291517E-03
           225      G     -3.565658E-04  -1.473169E-06   4.266839E-02  -5.459438E-04   7.657822E-02  -1.339356E-04
           226      G     -7.899031E-05   3.955448E-05   2.924542E-02  -7.101127E-01   1.550796E-01  -6.761683E-05
           227      G     -2.671593E-04  -3.423201E-07   5.180160E-02  -9.335132E-05   3.345091E-01   7.613307E-06
           228      G     -5.473335E-06  -2.215812E-04   3.328981E-02  -7.546065E-01   2.922683E-03  -1.426127E-04
           229      G     -8.767418E-06  -1.067670E-07   5.936292E-02  -7.155868E-05   2.944664E-03  -7.501155E-06
           230      G     -2.250345E-04  -2.582260E-05   1.408120E-02  -3.289543E-01   3.585539E-01  -3.358531E-03
           231      G     -5.911513E-04  -7.959282E-07   2.491232E-02  -3.940850E-03   7.212031E-01   1.039888E-03
           232      G      1.641968E-04  -9.539321E-05   2.442100E-02  -5.845464E-01  -1.704369E-01   4.306980E-03
           233      G      3.472592E-04  -2.077505E-08   4.387874E-02   4.747136E-05  -7.153888E-02  -2.034858E-06
           234      G      6.801811E-05   4.046889E-05   2.957260E-02  -7.192696E-01  -1.416023E-01   4.405984E-05
           235      G      2.472645E-04  -1.967068E-08   5.242250E-02   8.428571E-06  -3.100704E-01   3.012287E-06
           236      G      2.284798E-04  -2.252923E-05   1.435513E-02  -3.294787E-01  -3.912759E-01   2.861654E-03
           237      G      5.118530E-04  -6.050711E-08   2.550324E-02   7.972792E-06  -8.146443E-01   8.370500E-06
           238      G     -1.822235E-04   8.393167E-05   2.383978E-02   5.611931E-01   1.655539E-01   4.320035E-03
1                                                       **STUDENT EDITION*    APRIL  18, 2026  MSC Nastran  3/ 3/26   PAGE    24
     DEFAULT                                                                                                                        
0                                                                                                            SUBCASE 1              
      EIGENVALUE =  2.101177E+06
          CYCLES =  2.307021E+02         R E A L   E I G E N V E C T O R   N O .          2
 
      POINT ID.   TYPE          T1             T2             T3             R1             R2             R3
           239      G     -8.061631E-05  -3.996396E-05   2.922996E-02   7.065083E-01   1.558902E-01   4.835707E-05
           240      G     -6.390810E-06   2.209888E-04   3.328162E-02   7.531457E-01   2.862695E-03   9.544534E-05
           241      G     -2.297536E-04   1.971091E-05   1.411048E-02   3.196729E-01   3.584857E-01   3.353284E-03
           242      G      1.643415E-04   9.513550E-05   2.441651E-02   5.839289E-01  -1.704336E-01  -4.274893E-03
           243      G      6.779871E-05  -4.041921E-05   2.956626E-02   7.182525E-01  -1.414229E-01  -3.992555E-05
           244      G      2.289524E-04   2.245344E-05   1.435172E-02   3.291145E-01  -3.912145E-01  -2.855509E-03
           300      G     -5.516596E-04  -2.710503E-05   1.124930E-03  -2.073542E-02   3.101698E-02  -4.818906E-02
           301      G     -2.267332E-04   2.413970E-04   2.047835E-03   6.493797E-02   2.056943E-02   8.810428E-03
           302      G     -4.422306E-05   3.770529E-05   2.053653E-03  -1.587378E-02  -3.822615E-03   1.272679E-02
           303      G     -5.583729E-04  -5.168085E-04   1.025575E-03  -3.966576E-02   4.988875E-02   6.020192E-03
           304      G     -5.225798E-04  -1.501715E-04   9.114462E-04  -6.208445E-02  -1.278533E-02  -1.072887E-03
           305      G     -4.988370E-04  -3.392526E-04   5.423073E-03  -1.224217E-01   4.908990E-03   3.202230E-02
           306      G     -4.465405E-04  -3.818867E-05   7.659130E-03  -1.084944E-02  -4.646294E-03  -1.293560E-02
           307      G      5.769356E-04  -5.782429E-05   1.127059E-03  -2.527606E-02  -3.126393E-02   5.730818E-02
           308      G      1.850711E-04   2.452877E-04   2.069554E-03   7.006907E-02  -1.789182E-02  -7.210332E-03
           309      G      5.988666E-04  -6.062712E-04   1.029025E-03  -2.858376E-02  -7.477027E-02  -9.190480E-03
           310      G      5.453927E-04  -1.622124E-04   9.096902E-04  -6.891394E-02   1.952045E-02  -1.113339E-03
           311      G      5.247303E-04  -3.605606E-04   5.449230E-03  -1.419507E-01  -5.573559E-03  -4.295784E-02
           312      G      4.614709E-04  -8.148760E-07   7.671319E-03  -4.522861E-05   4.330659E-03   9.790914E-05
           313      G     -6.010872E-04   6.220933E-05   1.124807E-03   2.397080E-02   3.120427E-02   5.603090E-02
           314      G     -2.187189E-04  -2.360118E-04   2.070760E-03  -7.126065E-02   1.954013E-02  -9.385706E-03
           315      G      3.361200E-07  -5.851043E-06   2.052866E-03   1.840989E-02   1.706380E-05  -8.815590E-05
           316      G     -6.169128E-04   5.875690E-04   1.029125E-03   2.806746E-02   7.464061E-02  -1.041666E-02
           317      G     -5.651374E-04   1.545985E-04   9.092069E-04   6.802315E-02  -1.935309E-02  -2.034618E-03
           318      G     -5.329165E-04   3.353315E-04   5.447078E-03   1.435471E-01   7.248826E-03  -4.633779E-02
           319      G      6.000436E-04   6.549156E-05   1.124820E-03   2.423411E-02  -3.119898E-02  -5.622589E-02
           320      G      2.188823E-04  -2.357375E-04   2.070694E-03  -7.128673E-02  -1.946609E-02   9.205949E-03
           321      G      6.150253E-04   6.053523E-04   1.028223E-03   2.849832E-02  -7.463071E-02   9.625740E-03
           322      G      5.629135E-04   1.655353E-04   9.084735E-04   6.816920E-02   1.930007E-02   1.844477E-03
           323      G      5.337870E-04   3.592673E-04   5.449076E-03   1.417997E-01  -6.368008E-03   4.318761E-02
           324      G     -2.764935E-04   4.557665E-05  -6.832715E-03   1.742817E-01  -1.619172E-01   1.567313E-02
           325      G     -2.249541E-04   1.704552E-05  -1.152797E-02   8.956632E-04  -1.576503E-02  -3.529946E-04
           326      G     -1.788807E-04   5.108925E-06  -1.138637E-02   2.575201E-01  -9.071763E-02  -1.091132E-04
           327      G     -3.407378E-05   1.656665E-05  -1.779968E-02  -8.741900E-04  -2.266102E-01   4.768154E-05
           328      G      1.065663E-05   1.771451E-04  -1.310913E-02   3.510431E-01   2.427382E-04  -2.054049E-03
           329      G      1.056208E-05   1.559076E-05  -2.226689E-02   5.259723E-04  -5.002810E-04   2.678499E-04
           330      G     -4.568507E-04  -9.569451E-05   1.828202E-05   4.008892E-02  -2.249811E-01  -1.757495E-03
           331      G     -2.334009E-04   1.023513E-05  -1.907461E-03  -3.798019E-03  -3.741774E-01   1.890985E-03
           332      G      2.904504E-04   2.742031E-05  -6.808596E-03   1.752439E-01   1.713534E-01  -1.776764E-02
           333      G      2.455261E-04   5.009537E-06  -1.157309E-02  -5.029960E-04   1.480306E-02   1.614130E-04
           334      G      1.959870E-04  -1.785160E-05  -1.141722E-02   2.540654E-01   8.669678E-02   6.420355E-04
           335      G      5.463866E-05   1.008017E-05  -1.781579E-02  -2.421661E-04   2.259462E-01   1.620612E-04
           336      G      4.882174E-04  -1.185534E-04   7.966940E-05   3.764366E-02   2.185436E-01   1.748986E-03
           337      G      2.499178E-04   1.485081E-06  -1.952039E-03  -4.641708E-04   3.755443E-01   1.045989E-04
           338      G     -2.919419E-04  -1.769841E-05  -6.846997E-03  -1.760544E-01  -1.706623E-01  -1.810345E-02
           339      G     -1.895361E-04   3.671540E-05  -1.144325E-02  -2.540017E-01  -8.609764E-02   1.810779E-04
           340      G      5.986042E-06  -1.519605E-04  -1.311658E-02  -3.535522E-01  -2.532587E-04  -2.086724E-04
           341      G     -4.952209E-04   1.119954E-04   7.230382E-05  -3.696588E-02  -2.211624E-01   1.224788E-03
           342      G      3.001570E-04  -1.964240E-05  -6.818249E-03  -1.751535E-01   1.713499E-01   1.783980E-02
           343      G      2.008224E-04   3.419958E-05  -1.143801E-02  -2.540136E-01   8.704157E-02  -2.818258E-04
1                                                       **STUDENT EDITION*    APRIL  18, 2026  MSC Nastran  3/ 3/26   PAGE    25
     DEFAULT                                                                                                                        
0                                                                                                            SUBCASE 1              
      EIGENVALUE =  2.101177E+06
          CYCLES =  2.307021E+02         R E A L   E I G E N V E C T O R   N O .          2
 
      POINT ID.   TYPE          T1             T2             T3             R1             R2             R3
           344      G      4.982894E-04   1.213057E-04   7.913356E-05  -3.738138E-02   2.191626E-01  -1.565650E-03
           400      G     -1.004702E-03  -4.519759E-03   2.768379E-03  -9.553897E-01   3.979582E-02   2.675424E-01
           401      G     -1.112832E-03  -1.672557E-02   3.922800E-03  -2.714106E+00  -1.971399E-01  -4.726549E-02
           402      G     -3.656065E-06  -4.772192E-03   4.271008E-03  -1.213024E+00   7.541446E-04   6.281862E-04
           403      G     -3.055904E-04  -2.475666E-04   6.694113E-04  -7.106115E-02   1.874682E-02  -4.330278E-02
           404      G     -1.619018E-03   9.706686E-04   1.196877E-03  -2.263472E-01  -6.927914E-01  -9.144680E-03
           405      G     -1.514940E-02  -1.083419E-03   7.615778E-03   1.663963E+00   2.717181E+00  -2.214996E-01
           406      G     -1.633731E-02   2.062558E-06   1.086089E-02   9.890398E-05   3.451849E+00  -1.286532E-03
           407      G      9.954209E-04  -4.524281E-03   2.780886E-03  -9.558411E-01  -3.997817E-02  -2.676948E-01
           408      G      1.103434E-03  -1.672857E-02   3.946027E-03  -2.714459E+00   1.971228E-01   4.780476E-02
           409      G      2.995462E-04  -2.631110E-04   6.703084E-04  -7.486452E-02  -1.638700E-02   4.190143E-02
           410      G      1.617094E-03   9.639605E-04   1.200981E-03  -2.266080E-01   6.918161E-01   1.042007E-02
           411      G      1.514945E-02  -1.094099E-03   7.648831E-03   1.664980E+00  -2.717698E+00   2.200851E-01
           412      G      1.633805E-02  -8.742057E-07   1.087929E-02   1.486474E-05  -3.452192E+00   7.307741E-05
           413      G     -1.007456E-03   4.529983E-03   2.779304E-03   9.560432E-01   4.008053E-02  -2.678220E-01
           414      G     -1.113526E-03   1.673646E-02   3.944858E-03   2.714895E+00  -1.970394E-01   4.778247E-02
           415      G     -4.300782E-07   4.781720E-03   4.279223E-03   1.213697E+00  -3.411153E-06  -2.435262E-05
           416      G     -3.127502E-04   2.548051E-04   6.710374E-04   7.470650E-02   1.638830E-02   4.160838E-02
           417      G     -1.629884E-03  -9.649357E-04   1.199372E-03   2.265303E-01  -6.917262E-01   1.015720E-02
           418      G     -1.515362E-02   1.086938E-03   7.645611E-03  -1.665406E+00   2.717941E+00   2.198511E-01
           419      G      1.006020E-03   4.528987E-03   2.778530E-03   9.560952E-01  -4.009478E-02   2.677426E-01
           420      G      1.112490E-03   1.673598E-02   3.944508E-03   2.714947E+00   1.970259E-01  -4.782434E-02
           421      G      3.101786E-04   2.607718E-04   6.680118E-04   7.504385E-02  -1.664697E-02  -4.174632E-02
           422      G      1.627921E-03  -9.627578E-04   1.198307E-03   2.269821E-01   6.918054E-01  -1.027561E-02
           423      G      1.515352E-02   1.092226E-03   7.648436E-03  -1.664978E+00  -2.717966E+00  -2.199170E-01
           424      G     -4.950961E-03  -6.508543E-03   8.671989E-01  -2.150468E+01   8.237695E+00  -2.552244E-01
           425      G     -1.474237E-02   5.037567E-06   1.579894E+00   2.747137E-04   3.204172E+00  -5.084240E-05
           426      G     -1.941275E-03  -2.220450E-03   1.122725E+00  -2.719204E+01   6.604048E+00   2.172999E-02
           427      G     -1.087338E-02   5.579713E-06   1.988208E+00   3.048783E-04   1.498974E+01   3.866709E-06
           428      G     -1.061565E-06  -1.490366E-02   1.272748E+00  -3.175592E+01   4.336603E-04  -1.028342E-04
           429      G      2.223468E-07   5.110005E-06   2.324504E+00   3.543113E-04  -1.304057E-04   3.454295E-05
           430      G     -7.470116E-03  -6.229358E-04   4.165657E-01  -1.047621E+01   1.602505E+01  -8.647064E-02
           431      G     -2.477461E-02   4.116828E-06   7.982314E-01  -1.083957E-03   3.119350E+01   2.315144E-04
           432      G      4.950265E-03  -6.512677E-03   8.672204E-01  -2.150515E+01  -8.238356E+00   2.554230E-01
           433      G      1.474318E-02   2.659025E-06   1.579926E+00   1.587164E-04  -3.204481E+00   4.781078E-05
           434      G      1.939900E-03  -2.221991E-03   1.122748E+00  -2.719186E+01  -6.603591E+00  -2.163481E-02
           435      G      1.087367E-02   4.124440E-06   1.988225E+00   2.859113E-04  -1.498902E+01   4.263163E-05
           436      G      7.468687E-03  -6.293483E-04   4.165934E-01  -1.047757E+01  -1.602408E+01   8.654917E-02
           437      G      2.477611E-02   8.924966E-07   7.982597E-01   6.172692E-05  -3.119403E+01   6.064979E-05
           438      G     -4.952662E-03   6.518861E-03   8.672040E-01   2.150459E+01   8.237935E+00   2.552680E-01
           439      G     -1.941275E-03   2.231425E-03   1.122736E+00   2.719163E+01   6.604026E+00  -2.173283E-02
           440      G      2.630117E-07   1.491385E-02   1.272751E+00   3.175594E+01   2.493741E-05  -1.066707E-05
           441      G     -7.471991E-03   6.311610E-04   4.165900E-01   1.047770E+01   1.602367E+01   8.634645E-02
           442      G      4.953427E-03   6.517688E-03   8.672179E-01   2.150531E+01  -8.238279E+00  -2.552810E-01
           443      G      1.941903E-03   2.230446E-03   1.122745E+00   2.719198E+01  -6.603680E+00   2.173612E-02
           444      G      7.472567E-03   6.308504E-04   4.165939E-01   1.047759E+01  -1.602399E+01  -8.642443E-02
           445      G     -3.669684E-04   1.750492E-03   9.236503E-04  -9.161158E-02   7.287063E-02  -4.867494E-02
           446      G      9.184931E-05   4.873373E-04   1.339668E-03  -1.958052E-01  -7.008870E-03   7.553202E-02
           447      G     -3.085614E-06   1.366982E-04   2.409580E-03  -3.159601E-01   7.023221E-02  -1.596217E-02
           448      G      1.487628E-04  -8.839323E-05   3.903799E-03  -1.522739E-01   2.331757E-02   3.536713E-02
1                                                       **STUDENT EDITION*    APRIL  18, 2026  MSC Nastran  3/ 3/26   PAGE    26
     DEFAULT                                                                                                                        
0                                                                                                            SUBCASE 1              
      EIGENVALUE =  2.101177E+06
          CYCLES =  2.307021E+02         R E A L   E I G E N V E C T O R   N O .          2
 
      POINT ID.   TYPE          T1             T2             T3             R1             R2             R3
           449      G     -1.065334E-06  -2.770984E-05   4.068190E-03  -4.362923E-01   2.724293E-04   2.782649E-04
           450      G      7.349355E-04   1.448387E-03   6.384456E-03  -1.685781E-01   5.204753E-01  -8.954727E-02
           451      G      1.023741E-03   4.706790E-06   9.420812E-03  -5.688450E-04   6.593584E-01  -4.597542E-04
           452      G      3.606129E-04   1.752440E-03   9.257841E-04  -9.129461E-02  -7.328959E-02   4.896834E-02
           453      G     -1.003902E-04   4.861554E-04   1.345841E-03  -1.961544E-01   6.859669E-03  -7.593114E-02
           454      G     -4.109387E-06   1.359045E-04   2.424080E-03  -3.165265E-01  -7.045949E-02   1.582699E-02
           455      G     -1.532322E-04  -8.871347E-05   3.917233E-03  -1.525773E-01  -2.301411E-02  -3.523655E-02
           456      G     -7.413911E-04   1.446124E-03   6.413735E-03  -1.690961E-01  -5.202734E-01   8.935617E-02
           457      G     -1.029018E-03  -1.287862E-06   9.441504E-03  -1.239372E-07  -6.598121E-01   3.632548E-05
           458      G     -3.692374E-04  -1.752359E-03   9.265051E-04   9.109456E-02   7.328431E-02   4.907296E-02
           459      G      9.229911E-05  -4.843050E-04   1.345067E-03   1.961760E-01  -6.978571E-03  -7.583134E-02
           460      G     -2.415290E-06  -1.336795E-04   2.422794E-03   3.167893E-01   7.050123E-02   1.592637E-02
           461      G      1.492364E-04   9.100094E-05   3.920099E-03   1.530788E-01   2.324606E-02  -3.533690E-02
           462      G     -1.092559E-06   2.971706E-05   4.078892E-03   4.371463E-01  -1.189666E-05   7.143767E-06
           463      G      7.358395E-04  -1.444111E-03   6.408147E-03   1.689020E-01   5.198179E-01   8.918892E-02
           464      G      3.663597E-04  -1.755613E-03   9.229775E-04   9.129348E-02  -7.331591E-02  -4.895127E-02
           465      G     -9.490334E-05  -4.872166E-04   1.343346E-03   1.962690E-01   6.905419E-03   7.586671E-02
           466      G      8.756652E-08  -1.354484E-04   2.421957E-03   3.168470E-01  -7.051586E-02  -1.590887E-02
           467      G     -1.514570E-04   9.018515E-05   3.919606E-03   1.531054E-01  -2.326252E-02   3.535330E-02
           468      G     -7.395707E-04  -1.448945E-03   6.413074E-03   1.691428E-01  -5.202956E-01  -8.928831E-02
           469      G      2.800990E-04   1.264832E-03   3.217288E-03  -8.332485E-02   2.915530E-01   5.532543E-02
           470      G      2.330242E-04   5.278487E-04   9.553731E-03  -4.423325E-01   1.809558E-01   1.439684E-03
           471      G      2.330012E-04   8.616755E-05   1.393468E-02  -5.576570E-01   1.266997E-01   1.429742E-02
           472      G      1.069932E-04  -1.085018E-05   1.632458E-02  -7.033708E-01   8.231191E-02  -4.251072E-03
           473      G     -2.779575E-06  -2.047890E-05   1.802864E-02  -6.505387E-01   3.539576E-04  -8.903301E-05
           474      G      5.415525E-04   3.106919E-04   1.907232E-02  -3.293083E-01   3.859868E-01   2.996083E-02
           475      G      3.822863E-04   8.750423E-05   2.831186E-02  -5.883178E-01   2.716992E-01   2.897541E-03
           476      G      1.916462E-04  -6.949411E-06   3.344173E-02  -6.717083E-01   1.232925E-01   3.534806E-03
           477      G     -2.996785E-06  -5.775441E-06   3.519549E-02  -7.108062E-01   4.201924E-04   1.160726E-05
           478      G      6.136204E-04   5.521023E-04   8.768409E-03  -5.624296E-02   5.857356E-01   2.170437E-02
           479      G      7.741108E-04   2.348469E-04   2.547200E-02  -2.364808E-01   5.980494E-01   3.353982E-03
           480      G      4.979789E-04   3.283033E-05   3.892094E-02  -3.350552E-01   3.610579E-01   4.420501E-03
           481      G      2.501324E-04   2.219325E-06   4.602845E-02  -4.159957E-01   1.773994E-01   1.066845E-03
           482      G      7.772592E-04   1.703315E-06   2.791164E-02  -2.060180E-04   6.044953E-01   1.221678E-04
           483      G      5.639324E-04   1.580500E-06   4.262763E-02  -3.735590E-04   4.338427E-01  -4.479528E-06
           484      G      2.725368E-04   1.364885E-06   5.080010E-02  -3.130165E-04   1.868179E-01   1.249010E-05
           485      G     -2.909486E-06  -5.940828E-06   4.843220E-02  -4.289396E-01   3.839542E-04   6.489671E-06
           486      G     -2.654666E-06   1.201970E-06   5.334873E-02  -2.518688E-04   3.273974E-04   1.227700E-05
           487      G     -2.870425E-04   1.264474E-03   3.228533E-03  -8.421143E-02  -2.917138E-01  -5.543847E-02
           488      G     -2.400340E-04   5.266929E-04   9.571589E-03  -4.429140E-01  -1.813562E-01  -1.353845E-03
           489      G     -2.393962E-04   8.563161E-05   1.396085E-02  -5.581382E-01  -1.267309E-01  -1.426159E-02
           490      G     -1.126799E-04  -1.077260E-05   1.634372E-02  -7.036502E-01  -8.174359E-02   4.227776E-03
           491      G     -5.481564E-04   3.092713E-04   1.910265E-02  -3.297727E-01  -3.862263E-01  -2.992376E-02
           492      G     -3.885976E-04   8.677496E-05   2.834472E-02  -5.884528E-01  -2.715269E-01  -2.886515E-03
           493      G     -1.977265E-04  -7.102893E-06   3.346368E-02  -6.717260E-01  -1.226628E-01  -3.530626E-03
           494      G     -6.194017E-04   5.488519E-04   8.799039E-03  -5.589290E-02  -5.858566E-01  -2.157189E-02
           495      G     -7.803108E-04   2.327259E-04   2.550599E-02  -2.363331E-01  -5.981888E-01  -3.344256E-03
           496      G     -5.039386E-04   3.192563E-05   3.895417E-02  -3.349772E-01  -3.607937E-01  -4.388913E-03
           497      G     -2.559827E-04   1.866309E-06   4.604925E-02  -4.158837E-01  -1.767802E-01  -1.048222E-03
           498      G     -7.825983E-04  -4.592080E-07   2.794123E-02  -2.378107E-06  -6.046353E-01   2.354231E-05
1                                                       **STUDENT EDITION*    APRIL  18, 2026  MSC Nastran  3/ 3/26   PAGE    27
     DEFAULT                                                                                                                        
0                                                                                                            SUBCASE 1              
      EIGENVALUE =  2.101177E+06
          CYCLES =  2.307021E+02         R E A L   E I G E N V E C T O R   N O .          2
 
      POINT ID.   TYPE          T1             T2             T3             R1             R2             R3
           499      G     -5.692594E-04   3.383697E-07   4.265609E-02  -4.254195E-05  -4.336081E-01   2.146523E-05
           500      G     -2.778453E-04   8.792189E-07   5.081769E-02  -1.306404E-04  -1.863182E-01   1.606103E-05
           501      G      2.803652E-04  -1.263471E-03   3.226118E-03   8.413462E-02   2.915023E-01  -5.549906E-02
           502      G      2.339185E-04  -5.247334E-04   9.567152E-03   4.426083E-01   1.813870E-01  -1.418329E-03
           503      G      2.338212E-04  -8.308822E-05   1.395958E-02   5.578932E-01   1.269006E-01  -1.429767E-02
           504      G      1.078183E-04   1.344994E-05   1.635113E-02   7.035633E-01   8.217144E-02   4.255287E-03
           505      G     -1.540080E-06   2.276258E-05   1.804906E-02   6.506742E-01   3.640445E-05   2.148091E-05
           506      G      5.426966E-04  -3.073786E-04   1.909067E-02   3.294421E-01   3.861888E-01  -2.991890E-02
           507      G      3.833013E-04  -8.435600E-05   2.833558E-02   5.879995E-01   2.717785E-01  -2.894598E-03
           508      G      1.925616E-04   9.669180E-06   3.346583E-02   6.713824E-01   1.231645E-01  -3.526325E-03
           509      G     -1.954693E-06   8.183011E-06   3.521403E-02   7.105816E-01   1.300139E-04   1.743711E-05
           510      G      6.139610E-04  -5.470541E-04   8.787854E-03   5.552967E-02   5.854112E-01  -2.150205E-02
           511      G      7.751325E-04  -2.307594E-04   2.548529E-02   2.357595E-01   5.980670E-01  -3.369479E-03
           512      G      4.986337E-04  -2.983887E-05   3.893538E-02   3.345417E-01   3.610393E-01  -4.388272E-03
           513      G      2.507053E-04   5.589756E-07   4.604218E-02   4.154065E-01   1.773207E-01  -1.050195E-03
           514      G     -2.325762E-06   8.343039E-06   4.844292E-02   4.284991E-01   2.287121E-04   1.521469E-05
           515      G     -2.835857E-04  -1.267420E-03   3.226543E-03   8.427461E-02  -2.917395E-01   5.552514E-02
           516      G     -2.369049E-04  -5.276595E-04   9.570946E-03   4.429661E-01  -1.813819E-01   1.447680E-03
           517      G     -2.369051E-04  -8.485187E-05   1.396307E-02   5.581930E-01  -1.268941E-01   1.433570E-02
           518      G     -1.108941E-04   1.263080E-05   1.635338E-02   7.037599E-01  -8.211179E-02  -4.217946E-03
           519      G     -5.464282E-04  -3.101650E-04   1.910284E-02   3.297820E-01  -3.862513E-01   2.997973E-02
           520      G     -3.870894E-04  -8.601487E-05   2.834762E-02   5.884438E-01  -2.716941E-01   2.928716E-03
           521      G     -1.964525E-04   8.930423E-06   3.347322E-02   6.716320E-01  -1.229567E-01   3.560557E-03
           522      G     -6.185684E-04  -5.515428E-04   8.798946E-03   5.590495E-02  -5.858657E-01   2.162658E-02
           523      G     -7.795331E-04  -2.336254E-04   2.550626E-02   2.363311E-01  -5.982131E-01   3.393739E-03
           524      G     -5.032117E-04  -3.122655E-05   3.895612E-02   3.349167E-01  -3.608884E-01   4.431265E-03
           525      G     -2.553343E-04  -8.334810E-08   4.605498E-02   4.156620E-01  -1.769473E-01   1.080240E-03
          1000      G      1.090186E-06   3.324254E-05   9.636132E-04   1.658338E-02   4.968323E-06   5.746895E-04
          1001      G      1.053605E-05   1.480701E-06   1.862538E-04  -2.415270E-04  -1.208025E-04   2.298310E-02
          1002      G      2.245706E-05  -5.359940E-06   1.874064E-04  -1.897936E-04  -1.273396E-04   2.894441E-02
          1003      G      1.127455E-06  -1.906341E-05   3.761735E-02  -1.370473E+00   2.321339E-05  -1.779964E-06
          1004      G      3.864894E-05  -2.351324E-05   3.424694E-02  -1.206488E+00   1.772881E-01   6.036073E-04
          1005      G      5.735548E-05  -1.594698E-05   2.706499E-02  -9.731921E-01   3.410912E-01   1.339060E-03
          1006      G      9.213117E-07   1.379158E-07   6.904278E-02   6.060844E-06   1.008600E-04  -1.595807E-06
          1007      G      1.044527E-04   7.301577E-08   6.105172E-02  -1.613198E-05   5.941336E-01  -2.152016E-06
          1008      G      2.517761E-04   1.724950E-07   4.965346E-02  -3.711619E-05   1.044131E-01  -3.265049E-06
          1009      G      2.030777E-07   2.906977E-05   2.195340E-04  -9.606550E-05  -1.399297E-04   3.860257E-02
          1010      G     -8.978978E-05  -8.742203E-05   2.199000E-04  -1.462333E-04  -8.851593E-05  -1.178467E-02
          1011      G      9.836051E-05  -3.019559E-05   1.523325E-02  -5.274405E-01   5.154233E-01   2.190125E-03
          1012      G      1.537731E-04   5.126132E-05   5.184272E-03  -7.468088E-02   9.101531E-02  -1.751794E-01
          1013      G      2.523751E-04   2.409016E-08   2.864567E-02   2.969862E-05   1.323667E+00  -7.549469E-06
          1014      G      2.874325E-04  -1.250318E-07   7.266693E-03   1.168693E-04   1.199541E-01  -6.781891E-04
          1015      G     -8.277162E-06   9.789798E-07   1.855010E-04  -2.409580E-04   1.184256E-04  -2.135606E-02
          1016      G     -2.011792E-05  -4.524113E-06   1.865885E-04  -1.887456E-04   1.249803E-04  -2.727733E-02
          1017      G     -3.650067E-05  -2.343348E-05   3.424887E-02  -1.206562E+00  -1.771569E-01  -6.063151E-04
          1018      G     -5.510277E-05  -1.585656E-05   2.706961E-02  -9.733396E-01  -3.410118E-01  -1.341400E-03
          1019      G     -1.024980E-04   7.674896E-08   6.105270E-02   3.118345E-06  -5.942231E-01  -9.168975E-07
          1020      G     -2.498076E-04   1.644167E-07   4.965575E-02  -3.722544E-06  -1.041999E-01  -1.128103E-06
          1021      G      2.249112E-06   2.948621E-05   2.193133E-04  -8.680272E-05   1.438431E-04  -3.808166E-02
          1022      G      9.265475E-05  -8.817537E-05   2.197826E-04  -1.373188E-04   9.215923E-05   1.254342E-02
1                                                       **STUDENT EDITION*    APRIL  18, 2026  MSC Nastran  3/ 3/26   PAGE    28
     DEFAULT                                                                                                                        
0                                                                                                            SUBCASE 1              
      EIGENVALUE =  2.101177E+06
          CYCLES =  2.307021E+02         R E A L   E I G E N V E C T O R   N O .          2
 
      POINT ID.   TYPE          T1             T2             T3             R1             R2             R3
          1023      G     -9.581827E-05  -3.010824E-05   1.523991E-02  -5.276109E-01  -5.153560E-01  -2.195468E-03
          1024      G     -1.512768E-04   5.158543E-05   5.195566E-03  -7.494069E-02  -9.066530E-02   1.741445E-01
          1025      G     -2.504284E-04   1.437026E-07   2.864882E-02  -1.257580E-05  -1.323763E+00  -2.659503E-07
          1026      G     -2.854131E-04   2.049261E-07   7.271597E-03   1.601096E-05  -1.196845E-01   1.597002E-04
          1027      G      7.886469E-07  -3.312983E-05   9.631446E-04  -1.658276E-02   2.149268E-05  -3.745102E-04
          1028      G      1.011426E-05  -1.825566E-06   1.855978E-04   2.402209E-04  -1.215163E-04  -2.319014E-02
          1029      G      2.186233E-05   6.341924E-06   1.867708E-04   1.889731E-04  -1.280591E-04  -2.906525E-02
          1030      G      8.675726E-07   1.905067E-05   3.761835E-02   1.370483E+00   4.814416E-06   7.271651E-07
          1031      G      3.823669E-05   2.382672E-05   3.424896E-02   1.206531E+00   1.772318E-01  -6.059288E-04
          1032      G      5.686261E-05   1.596181E-05   2.706838E-02   9.732663E-01   3.410511E-01  -1.341849E-03
          1033      G     -4.793756E-07  -3.000938E-05   2.192553E-04   9.171647E-05  -1.449568E-04  -3.933495E-02
          1034      G     -9.104708E-05   8.877960E-05   2.197516E-04   1.425503E-04  -9.308945E-05   1.139513E-02
          1035      G      9.758098E-05   3.059837E-05   1.523697E-02   5.274586E-01   5.154427E-01  -2.198378E-03
          1036      G      1.528555E-04  -5.166968E-05   5.188809E-03   7.463070E-02   9.091863E-02   1.737383E-01
          1037      G     -8.526846E-06  -1.442676E-06   1.857182E-04   2.413425E-04   1.214070E-04   2.211619E-02
          1038      G     -2.033483E-05   5.264418E-06   1.868865E-04   1.895378E-04   1.279532E-04   2.802112E-02
          1039      G     -3.661200E-05   2.366247E-05   3.424976E-02   1.206554E+00  -1.771596E-01   6.036395E-04
          1040      G     -5.515807E-05   1.596642E-05   2.707038E-02   9.733317E-01  -3.410176E-01   1.337520E-03
          1041      G      2.009227E-06  -2.968149E-05   2.193142E-04   8.669211E-05   1.456649E-04   3.867178E-02
          1042      G     -9.579754E-05   3.060598E-05   1.524042E-02   5.276137E-01  -5.153622E-01   2.192377E-03
          1043      G     -1.512559E-04  -5.130700E-05   5.195250E-03   7.490519E-02  -9.072451E-02  -1.740505E-01
          1044      G      9.269664E-05   8.918533E-05   2.198293E-04   1.375155E-04   9.377974E-05  -1.212003E-02
          2000      G      5.647621E-06   6.462985E-05   1.398869E-03  -7.805179E-04  -1.383721E-04   3.659907E-03
          2001      G      8.641081E-06   7.237933E-06   1.858016E-04  -2.255604E-04  -1.165473E-04   2.396155E-02
          2002      G      1.031072E-05   3.780991E-07   1.869573E-04  -1.820185E-04  -1.264644E-04   2.481737E-02
          2003      G      8.003060E-06  -9.845534E-06   3.286375E-02  -1.153424E+00   5.657695E-03   5.220274E-05
          2004      G      3.310642E-05  -1.274318E-05   2.950840E-02  -1.028702E+00   1.595837E-01   5.669249E-04
          2005      G      4.571185E-05  -9.417822E-06   2.342943E-02  -8.298366E-01   2.799211E-01   1.251254E-03
          2006      G      1.414990E-05   4.314715E-07   5.936512E-02  -7.162527E-05   2.945270E-03   2.840591E-05
          2007      G      1.006782E-04   9.006578E-07   5.230990E-02  -4.115051E-04   5.101027E-01   4.180425E-05
          2008      G      2.282231E-04   2.785087E-06   4.266932E-02  -5.460956E-04   7.661178E-02   5.068352E-05
          2009      G     -2.010729E-05   4.259838E-05   2.194967E-04  -1.014780E-04  -1.324154E-04   2.982503E-02
          2010      G     -1.045926E-04  -7.416591E-05   2.205225E-04  -1.464320E-04  -8.910971E-05  -1.706015E-02
          2011      G      7.661864E-05  -2.132455E-05   1.356086E-02  -4.516973E-01   4.332773E-01   2.330723E-03
          2012      G      1.193189E-04   7.690225E-05   5.265440E-03  -6.902439E-02   6.224329E-02   1.608084E-01
          2013      G      2.249342E-04   4.457084E-06   2.506593E-02  -3.066356E-03   1.118951E+00   2.907659E-05
          2014      G      2.501560E-04   5.070688E-06   7.256459E-03  -3.642721E-03   7.801263E-02   9.734872E-03
          2015      G      1.484320E-06   6.680886E-06   1.850907E-04  -2.263549E-04   1.137117E-04  -1.837129E-02
          2016      G     -2.795303E-06   1.094381E-06   1.861943E-04  -1.804164E-04   1.240696E-04  -2.052975E-02
          2017      G     -1.673530E-05  -1.276464E-05   2.983644E-02  -1.039608E+00  -1.477438E-01  -4.645747E-04
          2018      G     -3.056503E-05  -9.786447E-06   2.398301E-02  -8.502237E-01  -2.785452E-01  -1.093638E-03
          2019      G     -7.438315E-05  -2.164285E-07   5.293895E-02  -6.131600E-05  -4.748794E-01   2.338444E-05
          2020      G     -1.985512E-04  -4.087384E-07   4.387940E-02   4.744104E-05  -7.157900E-02   1.958068E-05
          2021      G      2.108217E-05   4.135714E-05   2.192721E-04  -9.009593E-05   1.385391E-04  -3.021692E-02
          2022      G      1.035359E-04  -8.003562E-05   2.204779E-04  -1.388214E-04   9.473346E-05   1.559930E-02
          2023      G     -6.064547E-05  -2.367225E-05   1.384240E-02  -4.540526E-01  -4.514599E-01  -2.017964E-03
          2024      G     -1.056699E-04   6.182197E-05   5.269598E-03  -4.940401E-02  -5.901434E-02  -8.212277E-02
          2025      G     -1.960074E-04  -9.218306E-07   2.567452E-02  -2.428276E-06  -1.162057E+00   2.023635E-05
          2026      G     -2.178212E-04  -1.310454E-06   7.242535E-03  -8.818009E-05  -7.386674E-02  -8.471337E-04
          2027      G      9.991980E-06  -6.347515E-05   1.397752E-03   6.197193E-04   6.432641E-05  -4.899152E-03
1                                                       **STUDENT EDITION*    APRIL  18, 2026  MSC Nastran  3/ 3/26   PAGE    29
     DEFAULT                                                                                                                        
0                                                                                                            SUBCASE 1              
      EIGENVALUE =  2.101177E+06
          CYCLES =  2.307021E+02         R E A L   E I G E N V E C T O R   N O .          2
 
      POINT ID.   TYPE          T1             T2             T3             R1             R2             R3
          2028      G      1.384423E-05  -7.423269E-06   1.851346E-04   2.234299E-04  -1.172497E-04  -2.698577E-02
          2029      G      1.707655E-05   9.105354E-07   1.863177E-04   1.801207E-04  -1.270580E-04  -2.862087E-02
          2030      G      1.098988E-05   1.008325E-05   3.285017E-02   1.150510E+00   5.554728E-03  -1.223312E-05
          2031      G      3.639593E-05   1.428258E-05   2.949324E-02   1.024010E+00   1.600868E-01  -5.074837E-04
          2032      G      4.850142E-05   1.260371E-05   2.341486E-02   8.219593E-01   2.790439E-01  -1.159160E-03
          2033      G     -1.074455E-05  -3.810136E-05   2.192040E-04   9.580159E-05  -1.376265E-04  -3.568839E-02
          2034      G     -9.473778E-05   8.702085E-05   2.205042E-04   1.452007E-04  -9.374658E-05   1.101233E-02
          2035      G      7.779195E-05   2.820142E-05   1.357438E-02   4.410674E-01   4.325270E-01  -2.168571E-03
          2036      G      1.192197E-04  -6.283434E-05   5.278616E-03   5.054451E-02   6.266622E-02  -8.824497E-02
          2037      G      5.298888E-06  -7.170981E-06   1.853064E-04   2.266439E-04   1.167115E-04   1.715102E-02
          2038      G      7.768512E-07  -4.372430E-07   1.864922E-04   1.814448E-04   1.270935E-04   1.943044E-02
          2039      G     -1.415222E-05   1.287374E-05   2.982673E-02   1.037823E+00  -1.474463E-01   4.990768E-04
          2040      G     -2.839738E-05   8.831611E-06   2.397583E-02   8.491016E-01  -2.785737E-01   1.130503E-03
          2041      G      2.449027E-05  -4.336627E-05   2.192720E-04   9.000755E-05   1.403665E-04   2.901089E-02
          2042      G      1.070277E-04   7.769211E-05   2.205206E-04   1.388605E-04   9.646314E-05  -1.686153E-02
          2043      G     -5.872316E-05   2.220079E-05   1.383735E-02   4.534816E-01  -4.513011E-01   2.056298E-03
          2044      G     -1.037789E-04  -6.459129E-05   5.268293E-03   4.926947E-02  -5.886321E-02   8.044195E-02
          3000      G      3.893208E-06   1.591193E-04   2.116658E-03  -1.584511E-02  -3.821909E-03   2.649459E-02
          3001      G     -8.571031E-05  -2.614182E-04   1.787770E-03   6.489784E-02   2.057039E-02  -2.004144E-02
          3002      G     -1.730079E-04   1.354608E-04   1.207610E-03  -2.071928E-02   3.101861E-02   1.140931E-01
          3003      G      1.072885E-05  -6.086094E-05  -1.047225E-02   5.165931E-01  -1.513313E-03   6.709371E-05
          3004      G     -9.151467E-05   4.317322E-05  -9.224385E-03   3.663246E-01  -8.060642E-02   4.603061E-04
          3005      G     -1.547468E-04   1.681162E-05  -4.961651E-03   2.662769E-01  -2.126252E-01  -1.193037E-03
          3006      G      6.587068E-06   1.143788E-05  -2.226750E-02   5.259918E-04  -5.002808E-04  -3.184715E-05
          3007      G     -1.294148E-04   1.166865E-05  -1.753842E-02  -2.393265E-03  -3.525261E-01  -3.509779E-05
          3008      G     -3.405080E-04   9.923888E-06  -1.152800E-02   8.956871E-04  -1.576565E-02  -5.190994E-05
          3009      G     -1.826709E-04   1.207193E-04   1.134632E-03  -6.208471E-02  -1.278408E-02   2.220236E-01
          3010      G     -1.792133E-04  -1.783126E-04   1.384118E-03  -3.968017E-02   4.989968E-02  -1.616702E-02
          3011      G     -3.266435E-04   2.543070E-05   1.211755E-03   7.538344E-02  -2.281048E-01  -1.433842E-03
          3012      G     -4.500067E-04  -6.421356E-06   5.442173E-03  -1.224254E-01   4.930581E-03   2.878630E-01
          3013      G     -3.804911E-04   7.350580E-06  -1.771682E-03   1.380266E-03  -6.226411E-01  -1.074345E-04
          3014      G     -4.725552E-04   4.419103E-06   7.639838E-03  -1.084905E-02  -4.620032E-03   3.471672E-02
          3015      G      9.898170E-05  -2.969656E-04   1.788946E-03   7.002350E-02  -1.789241E-02   3.524621E-02
          3016      G      1.918093E-04   1.405274E-04   1.227868E-03  -2.525868E-02  -3.126630E-02  -1.254541E-01
          3017      G      1.067481E-04   3.776980E-05  -9.264011E-03   3.620421E-01   7.919376E-02  -4.173783E-04
          3018      G      1.662375E-04   1.259510E-05  -4.942577E-03   2.673217E-01   2.185551E-01   1.082909E-03
          3019      G      1.432468E-04   1.169316E-05  -1.755701E-02  -7.902684E-04   3.517008E-01   1.608000E-05
          3020      G      3.534717E-04   9.022394E-06  -1.157312E-02  -5.030133E-04   1.480358E-02   3.553595E-05
          3021      G      1.997885E-04   1.329561E-04   1.146867E-03  -6.891282E-02   1.952035E-02  -2.495125E-01
          3022      G      1.949501E-04  -1.825862E-04   1.442616E-03  -2.859810E-02  -7.477943E-02   1.058961E-01
          3023      G      3.436260E-04   2.786036E-05   1.220805E-03   7.515244E-02   2.233095E-01   1.274088E-03
          3024      G      4.704565E-04   2.451522E-06   5.470996E-03  -1.419526E-01  -5.595933E-03  -3.394025E-01
          3025      G      3.921165E-04   8.411550E-06  -1.823246E-03  -4.321456E-04   6.246868E-01   2.783714E-05
          3026      G      4.849190E-04   7.192210E-06   7.653343E-03  -4.525977E-05   4.304284E-03   3.721493E-03
          3027      G      4.361819E-06  -1.469456E-04   2.126002E-03   1.837920E-02   1.706870E-05  -1.854725E-03
          3028      G     -9.248207E-05   3.157482E-04   1.785411E-03  -7.121511E-02   1.954090E-02   2.391338E-02
          3029      G     -1.864971E-04  -1.257399E-04   1.220386E-03   2.395322E-02   3.120661E-02  -1.391304E-01
          3030      G      5.464402E-06   8.850153E-05  -1.047192E-02  -5.181291E-01  -3.895379E-04  -1.455335E-05
          3031      G     -9.499713E-05  -1.911547E-05  -9.259230E-03  -3.597909E-01  -7.899295E-02  -5.619581E-04
          3032      G     -1.565390E-04   4.398945E-06  -4.976862E-03  -2.670186E-01  -2.152991E-01   9.885599E-04
1                                                       **STUDENT EDITION*    APRIL  18, 2026  MSC Nastran  3/ 3/26   PAGE    30
     DEFAULT                                                                                                                        
0                                                                                                            SUBCASE 1              
      EIGENVALUE =  2.101177E+06
          CYCLES =  2.307021E+02         R E A L   E I G E N V E C T O R   N O .          2
 
      POINT ID.   TYPE          T1             T2             T3             R1             R2             R3
          3033      G     -1.949789E-04  -1.218175E-04   1.143168E-03   6.802221E-02  -1.935297E-02  -2.602054E-01
          3034      G     -1.890731E-04   1.929864E-04   1.440125E-03   2.808146E-02   7.464971E-02   9.463774E-02
          3035      G     -3.356974E-04  -1.421074E-05   1.190067E-03  -7.633445E-02  -2.269574E-01   1.166099E-03
          3036      G     -4.652000E-04   7.663697E-06   5.475565E-03   1.435493E-01   7.271354E-03  -3.600174E-01
          3037      G      1.010289E-04   3.162377E-04   1.785241E-03  -7.124122E-02  -1.946682E-02  -2.762665E-02
          3038      G      1.946176E-04  -1.245373E-04   1.221457E-03   2.421661E-02  -3.120132E-02   1.347693E-01
          3039      G      1.056580E-04  -1.901478E-05  -9.270143E-03  -3.604258E-01   7.893132E-02   5.165025E-04
          3040      G      1.669435E-04   5.800581E-06  -4.948848E-03  -2.662544E-01   2.183799E-01  -1.037863E-03
          3041      G      2.030733E-04  -1.174618E-04   1.143112E-03   6.816809E-02   1.929997E-02   2.550201E-01
          3042      G      1.978107E-04   1.967784E-04   1.440915E-03   2.851262E-02  -7.463984E-02  -9.912336E-02
          3043      G      3.453238E-04  -1.203861E-05   1.222351E-03  -7.447288E-02   2.239699E-01  -1.216808E-03
          3044      G      4.731444E-04   1.208574E-05   5.474016E-03   1.418015E-01  -6.390532E-03   3.464793E-01
          4000      G     -2.300260E-06   4.483931E-03   9.199375E-03  -1.213123E+00   7.540945E-04  -2.940404E-03
          4001      G      6.857977E-04   4.475731E-03   1.487951E-02  -2.715712E+00  -1.972666E-01   1.725995E+00
          4002      G      1.444982E-03   2.789485E-03   6.648386E-03  -9.558878E-01   3.986367E-02   7.968306E-01
          4003      G     -1.868942E-06   1.497920E-03   1.261732E+00  -4.656510E+01   4.631970E-04   1.343768E-05
          4004      G      1.317031E-03   9.309642E-04   1.149490E+00  -3.893271E+01   6.865077E+00   7.250711E-03
          4005      G      1.680918E-03   3.208321E-04   8.549277E-01  -3.092301E+01   1.376157E+01   4.377716E-02
          4006      G     -8.396777E-07   2.274938E-06   2.324602E+00   3.542826E-04  -1.303757E-04   1.599611E-05
          4007      G      3.674135E-03   2.506106E-06   2.016506E+00   2.989233E-04   2.337174E+01   1.392812E-05
          4008      G      9.592510E-03   2.838797E-06   1.579931E+00   2.746837E-04   3.205937E+00   2.000362E-05
          4009      G      2.818687E-04  -8.520810E-04   7.214309E-04  -2.260678E-01  -6.933400E-01   3.690349E+00
          4010      G     -1.106411E-03   1.435661E-03   9.454429E-04  -7.093802E-02   1.841763E-02  -4.731496E-01
          4011      G      4.228839E-03   2.937347E-04   3.923680E-01  -1.482348E+01   1.942480E+01   6.610998E-02
          4012      G      6.168239E-03   1.629617E-03   1.860002E-02   1.664820E+00   2.718804E+00  -7.731020E+00
          4013      G      9.028340E-03   3.102518E-06   8.023630E-01  -1.153262E-03   4.896434E+01   1.568147E-05
          4014      G      1.056952E-02   3.539914E-06   2.485107E-02   9.893595E-05   3.452872E+00   1.543928E-04
          4015      G     -6.907767E-04   4.475505E-03   1.490414E-02  -2.716065E+00   1.972495E-01  -1.724261E+00
          4016      G     -1.450306E-03   2.788506E-03   6.662712E-03  -9.563389E-01  -4.004593E-02  -7.939824E-01
          4017      G     -1.320641E-03   9.304834E-04   1.149513E+00  -3.893241E+01  -6.864560E+00  -7.218671E-03
          4018      G     -1.684501E-03   3.194957E-04   8.549507E-01  -3.092334E+01  -1.376194E+01  -4.373707E-02
          4019      G     -3.675922E-03   1.810543E-06   2.016525E+00   1.709273E-04  -2.337046E+01   1.827715E-05
          4020      G     -9.594192E-03   1.391944E-06   1.579963E+00   1.586964E-04  -3.206245E+00   1.395447E-05
          4021      G     -2.873494E-04  -8.546345E-04   7.285118E-04  -2.263286E-01   6.923647E-01  -3.689530E+00
          4022      G      1.101222E-03   1.432442E-03   9.521189E-04  -7.474102E-02  -1.605814E-02   4.656024E-01
          4023      G     -4.232530E-03   2.913786E-04   3.923994E-01  -1.482484E+01  -1.942386E+01  -6.606192E-02
          4024      G     -6.172257E-03   1.625623E-03   1.863515E-02   1.665837E+00  -2.719321E+00   7.739798E+00
          4025      G     -9.030150E-03   8.031419E-07   8.023929E-01   7.543172E-05  -4.896451E+01   2.276046E-05
          4026      G     -1.057149E-02   2.046740E-07   2.487085E-02   1.487123E-05  -3.453215E+00   5.240635E-04
          4027      G      2.643475E-07  -4.479750E-03   9.210291E-03   1.213796E+00  -3.410646E-06  -3.354247E-04
          4028      G      6.881456E-04  -4.471095E-03   1.490471E-02   2.716501E+00  -1.971661E-01  -1.727629E+00
          4029      G      1.447216E-03  -2.784409E-03   6.661940E-03   9.565411E-01   4.014833E-02  -7.979109E-01
          4030      G     -2.904575E-07  -1.493581E-03   1.261739E+00   4.656446E+01   1.918550E-04   1.367574E-05
          4031      G      1.318471E-03  -9.260628E-04   1.149505E+00   3.893177E+01   6.865017E+00  -7.224796E-03
          4032      G      1.682256E-03  -3.152598E-04   8.549375E-01   3.092246E+01   1.376171E+01  -4.375201E-02
          4033      G      2.838878E-04   8.585477E-04   7.267689E-04   2.262509E-01  -6.922747E-01  -3.693559E+00
          4034      G     -1.104716E-03  -1.429775E-03   9.522243E-04   7.458309E-02   1.605938E-02   4.610438E-01
          4035      G      4.230325E-03  -2.876244E-04   3.923964E-01   1.482485E+01   1.942350E+01  -6.608245E-02
          4036      G      6.170013E-03  -1.622469E-03   1.863290E-02  -1.666263E+00   2.719564E+00   7.736576E+00
          4037      G     -6.876417E-04  -4.471972E-03   1.490457E-02   2.716553E+00   1.971526E-01   1.726850E+00
1                                                       **STUDENT EDITION*    APRIL  18, 2026  MSC Nastran  3/ 3/26   PAGE    31
     DEFAULT                                                                                                                        
0                                                                                                            SUBCASE 1              
      EIGENVALUE =  2.101177E+06
          CYCLES =  2.307021E+02         R E A L   E I G E N V E C T O R   N O .          2
 
      POINT ID.   TYPE          T1             T2             T3             R1             R2             R3
          4038      G     -1.446709E-03  -2.785826E-03   6.661372E-03   9.565931E-01  -4.016256E-02   7.969647E-01
          4039      G     -1.318975E-03  -9.268019E-04   1.149515E+00   3.893223E+01  -6.864722E+00   7.253027E-03
          4040      G     -1.682722E-03  -3.167777E-04   8.549503E-01   3.092327E+01  -1.376196E+01   4.377807E-02
          4041      G     -2.833984E-04   8.562418E-04   7.273572E-04   2.267028E-01   6.923539E-01   3.692772E+00
          4042      G      1.105369E-03  -1.431830E-03   9.515760E-04   7.492040E-02  -1.631813E-02  -4.635598E-01
          4043      G     -4.230646E-03  -2.896968E-04   3.924010E-01   1.482475E+01  -1.942377E+01   6.610895E-02
          4044      G     -6.170323E-03  -1.625278E-03   1.863583E-02  -1.665835E+00  -2.719589E+00  -7.738851E+00
1                                                       **STUDENT EDITION*    APRIL  18, 2026  MSC Nastran  3/ 3/26   PAGE    32
     DEFAULT                                                                                                                        
0                                                                                                            SUBCASE 1              
      EIGENVALUE =  2.289497E+06
          CYCLES =  2.408187E+02         R E A L   E I G E N V E C T O R   N O .          3
 
      POINT ID.   TYPE          T1             T2             T3             R1             R2             R3
             1      G      0.0            0.0            0.0            0.0            0.0            0.0
             2      G      0.0            0.0            0.0            0.0            0.0            0.0
             3      G      0.0            0.0            0.0            0.0            0.0            0.0
             4      G      0.0            0.0            0.0            0.0            0.0            0.0
             5      G      0.0            0.0            0.0            0.0            0.0            0.0
             6      G      0.0            0.0            0.0            0.0            0.0            0.0
             7      G      0.0            0.0            0.0            0.0            0.0            0.0
             8      G      0.0            0.0            0.0            0.0            0.0            0.0
            10      G      4.593722E-05   1.144203E-04   1.618493E-04   1.891940E-04   7.072723E-05  -2.382500E-02
            11      G      4.616180E-05  -1.147865E-04   1.620535E-04  -1.884864E-04   7.102702E-05   2.377942E-02
            12      G      2.210875E-04   1.138151E-04   3.003375E-04   5.486081E-04   2.413431E-04   3.574768E-02
            13      G      2.210917E-04  -1.146576E-04   3.003156E-04  -5.449622E-04   2.413698E-04  -3.564557E-02
            14      G     -2.220340E-04   1.137269E-04   2.992466E-04   5.413519E-04  -2.444319E-04  -3.504064E-02
            15      G     -2.213773E-04  -1.132306E-04   2.991978E-04  -5.470557E-04  -2.430453E-04   3.525349E-02
            16      G     -4.575123E-05   1.116740E-04   1.616397E-04   2.038820E-04  -6.381714E-05   2.430311E-02
            17      G     -4.500595E-05  -1.109722E-04   1.629406E-04  -2.155379E-04  -5.998288E-05  -2.399468E-02
           100      G     -8.691665E-03  -3.041357E-03   8.764115E-01  -2.150974E+01   7.801481E+00  -2.609620E-01
           101      G     -1.788712E-02  -1.185332E-06   1.610617E+00  -1.689697E-04   3.647144E+00  -1.426949E-05
           102      G     -3.889199E-03   2.466085E-03   1.121780E+00  -2.791546E+01   6.784549E+00  -2.225105E-02
           103      G     -1.265853E-02  -1.834198E-07   2.021997E+00  -1.182142E-04   1.498681E+01  -2.346255E-05
           104      G     -1.909815E-06  -8.572124E-03   1.276280E+00  -3.113299E+01   1.788890E-04  -5.306363E-05
           105      G     -3.584023E-06   5.667890E-09   2.349864E+00  -1.781820E-05   4.177002E-04  -7.784654E-06
           106      G      4.302385E-05   5.493587E-04   3.078688E-04  -5.470557E-04  -2.430453E-04   3.525349E-02
           107      G      4.302385E-05  -3.914688E-04   3.013825E-04  -5.470557E-04  -2.430453E-04   3.525349E-02
           108      G     -1.228440E-06   3.403910E-03   2.255305E-03   1.511437E-01   9.408382E-05   8.365783E-05
           109      G     -2.249660E-04  -2.909323E-04   1.650071E-04  -2.155379E-04  -5.998288E-05  -2.399468E-02
           110      G     -1.911295E-02  -1.852540E-03   1.002758E-02   1.836919E+00   3.329175E+00   6.056302E-01
           111      G     -2.249660E-04   3.794190E-04   1.633313E-04  -2.155379E-04  -5.998288E-05  -2.399468E-02
           112      G     -1.139985E-02   3.730526E-04   4.292281E-01  -1.037028E+01   1.652644E+01  -1.586369E-01
           113      G     -2.135735E-02  -1.800305E-05   1.594956E-02  -1.254152E-03   4.213251E+00   4.755570E-04
           114      G     -2.925572E-02  -5.052451E-06   8.197784E-01  -2.489807E-04   3.187462E+01  -5.129200E-04
           115      G      8.688197E-03  -3.041938E-03   8.764277E-01  -2.151140E+01  -7.801254E+00   2.609942E-01
           116      G      1.787980E-02  -3.456221E-07   1.610644E+00  -6.971699E-06  -3.646313E+00   8.058733E-07
           117      G      3.884863E-03   2.466988E-03   1.121789E+00  -2.791624E+01  -6.784193E+00   2.223721E-02
           118      G      1.265199E-02  -1.599692E-07   2.022011E+00  -7.399763E-06  -1.498659E+01   1.125808E-05
           119      G     -4.625014E-05   5.553009E-04   3.089393E-04  -5.449622E-04   2.413698E-04  -3.564557E-02
           120      G     -4.625014E-05  -3.959904E-04   3.024978E-04  -5.449622E-04   2.413698E-04  -3.564557E-02
           121      G      2.245075E-04  -2.931321E-04   1.639999E-04  -1.884864E-04   7.102702E-05   2.377942E-02
           122      G      1.910431E-02  -1.846480E-03   1.006868E-02   1.833211E+00  -3.327944E+00  -6.048773E-01
           123      G      2.245075E-04   3.712054E-04   1.620156E-04  -1.884864E-04   7.102702E-05   2.377942E-02
           124      G      1.139560E-02   3.763745E-04   4.292497E-01  -1.037260E+01  -1.652608E+01   1.585334E-01
           125      G      2.134866E-02  -4.083850E-07   1.600345E-02   1.889101E-05  -4.212334E+00  -3.192894E-05
           126      G      2.924771E-02  -3.836126E-07   8.198172E-01   2.973657E-05  -3.187411E+01   9.330286E-06
           127      G     -8.695845E-03   3.039199E-03   8.764136E-01   2.150946E+01   7.801746E+00   2.608745E-01
           128      G     -3.892303E-03  -2.465973E-03   1.121782E+00   2.791534E+01   6.784343E+00   2.222039E-02
           129      G     -3.760224E-06   8.571837E-03   1.276280E+00   3.113295E+01   1.989081E-04   3.005929E-05
           130      G      4.077077E-05  -5.448619E-04   3.079008E-04   5.413519E-04  -2.444319E-04  -3.504064E-02
           131      G      4.077077E-05   3.902852E-04   3.013775E-04   5.413519E-04  -2.444319E-04  -3.504064E-02
           132      G     -2.700910E-06  -3.404684E-03   2.256650E-03  -1.512297E-01   1.139779E-04  -8.318807E-05
           133      G     -2.280246E-04   2.939473E-04   1.636475E-04   2.038820E-04  -6.381714E-05   2.430311E-02
1                                                       **STUDENT EDITION*    APRIL  18, 2026  MSC Nastran  3/ 3/26   PAGE    33
     DEFAULT                                                                                                                        
0                                                                                                            SUBCASE 1              
      EIGENVALUE =  2.289497E+06
          CYCLES =  2.408187E+02         R E A L   E I G E N V E C T O R   N O .          3
 
      POINT ID.   TYPE          T1             T2             T3             R1             R2             R3
           134      G     -1.911604E-02   1.835047E-03   1.004802E-02  -1.834569E+00   3.329091E+00  -6.055032E-01
           135      G     -2.280246E-04  -3.850209E-04   1.618646E-04   2.038820E-04  -6.381714E-05   2.430311E-02
           136      G     -1.140536E-02  -3.808428E-04   4.292334E-01   1.037084E+01   1.652574E+01   1.584819E-01
           137      G      8.687569E-03   3.041027E-03   8.764279E-01   2.151154E+01  -7.801282E+00  -2.610309E-01
           138      G      3.883583E-03  -2.467751E-03   1.121789E+00   2.791627E+01  -6.784169E+00  -2.223586E-02
           139      G     -4.702012E-05  -5.580625E-04   3.089881E-04   5.486081E-04   2.413431E-04   3.574768E-02
           140      G     -4.702012E-05   3.959537E-04   3.025472E-04   5.486081E-04   2.413431E-04   3.574768E-02
           141      G      2.246247E-04   2.931078E-04   1.637987E-04   1.891940E-04   7.072723E-05  -2.382500E-02
           142      G      1.910412E-02   1.845715E-03   1.006840E-02  -1.833209E+00  -3.327905E+00   6.047770E-01
           143      G      2.246247E-04  -3.725032E-04   1.618227E-04   1.891940E-04   7.072723E-05  -2.382500E-02
           144      G      1.139536E-02  -3.773127E-04   4.292491E-01   1.037265E+01  -1.652609E+01  -1.585341E-01
           200      G     -2.268555E-04  -2.841428E-04   1.650071E-04  -2.155379E-04  -5.998288E-05  -2.399468E-02
           201      G     -2.268555E-04   3.862085E-04   1.633313E-04  -2.155379E-04  -5.998288E-05  -2.399468E-02
           202      G      3.536792E-05   5.665910E-04   3.078688E-04  -5.470557E-04  -2.430453E-04   3.525349E-02
           203      G      3.536792E-05  -3.742366E-04   3.013825E-04  -5.470557E-04  -2.430453E-04   3.525349E-02
           204      G     -4.463488E-06   7.714183E-04   1.442702E-03   4.414974E-02  -3.632596E-04  -4.707144E-04
           205      G     -3.698603E-03   5.280073E-05   8.051641E-03   9.797864E-02   6.942457E-01  -5.965340E-02
           206      G     -3.732130E-03  -4.154552E-05   1.160199E-02  -9.438457E-03   8.645274E-01   6.113973E-05
           207      G      2.267448E-04  -2.871948E-04   1.639999E-04  -1.884864E-04   7.102702E-05   2.377942E-02
           208      G      2.267448E-04   3.771427E-04   1.620156E-04  -1.884864E-04   7.102702E-05   2.377942E-02
           209      G     -3.864699E-05   5.724672E-04   3.089393E-04  -5.449622E-04   2.413698E-04  -3.564557E-02
           210      G     -3.864699E-05  -3.788241E-04   3.024978E-04  -5.449622E-04   2.413698E-04  -3.564557E-02
           211      G      3.588769E-03   1.622949E-04   8.105238E-03   2.328571E-01  -6.747788E-01   6.723229E-02
           212      G      3.685663E-03  -1.188611E-06   1.160425E-02  -4.068375E-04  -8.243921E-01  -1.306902E-04
           213      G     -2.300348E-04   2.875250E-04   1.636475E-04   2.038820E-04  -6.381714E-05   2.430311E-02
           214      G     -2.300348E-04  -3.914432E-04   1.618646E-04   2.038820E-04  -6.381714E-05   2.430311E-02
           215      G      3.307117E-05  -5.619145E-04   3.079008E-04   5.413519E-04  -2.444319E-04  -3.504064E-02
           216      G      3.307117E-05   3.732327E-04   3.013775E-04   5.413519E-04  -2.444319E-04  -3.504064E-02
           217      G     -5.196973E-06  -7.741554E-04   1.444276E-03  -4.470720E-02   2.642195E-04   2.802305E-04
           218      G     -3.762338E-03  -1.207145E-04   8.098224E-03  -2.244160E-01   7.078668E-01   5.541332E-02
           219      G      2.268526E-04   2.871482E-04   1.637987E-04   1.891940E-04   7.072723E-05  -2.382500E-02
           220      G      2.268526E-04  -3.784628E-04   1.618227E-04   1.891940E-04   7.072723E-05  -2.382500E-02
           221      G     -3.941781E-05  -5.753436E-04   3.089881E-04   5.486081E-04   2.413431E-04   3.574768E-02
           222      G     -3.941781E-05   3.786725E-04   3.025472E-04   5.486081E-04   2.413431E-04   3.574768E-02
           223      G      3.590249E-03  -1.643434E-04   8.104321E-03  -2.335562E-01  -6.731739E-01  -6.759468E-02
           224      G     -1.689098E-03  -7.399368E-04   2.047886E-01  -5.099506E+00   1.786458E+00  -5.750385E-02
           225      G     -3.548535E-03  -5.828391E-06   3.746881E-01  -2.707342E-03   8.134649E-01   1.166370E-05
           226      G     -7.381387E-04   5.319417E-04   2.613662E-01  -6.552808E+00   1.569453E+00  -2.900056E-03
           227      G     -2.708831E-03  -2.395162E-06   4.698627E-01  -1.739156E-03   3.490939E+00  -4.200322E-05
           228      G     -6.804110E-05  -2.138479E-03   2.977888E-01  -7.290575E+00   3.018927E-02  -1.179027E-03
           229      G     -1.095813E-04  -1.455330E-06   5.466533E-01  -1.696219E-04   2.937544E-02  -5.280035E-05
           230      G     -2.165764E-03   5.805185E-05   1.027504E-01  -2.597295E+00   3.748345E+00  -2.564148E-02
           231      G     -5.840981E-03  -1.355087E-05   1.940916E-01  -1.242286E-02   7.259978E+00  -7.720222E-04
           232      G      1.512056E-03  -8.429393E-04   2.108529E-01  -5.303139E+00  -1.827589E+00   5.637296E-02
           233      G      3.405308E-03  -1.031197E-06   3.873965E-01   6.642585E-04  -7.635382E-01  -8.142559E-06
           234      G      6.045146E-04   5.384794E-04   2.648625E-01  -6.659299E+00  -1.423523E+00   2.444886E-03
           235      G      2.462011E-03  -1.050264E-06   4.763847E-01   1.411460E-04  -3.235402E+00   2.437797E-05
           236      G      2.188642E-03   7.898389E-05   1.055443E-01  -2.638041E+00  -4.081003E+00   1.865452E-02
           237      G      4.968723E-03  -6.681634E-07   2.002792E-01   5.205073E-04  -8.217541E+00   7.963666E-06
           238      G     -1.712345E-03   7.250275E-04   2.048258E-01   5.062454E+00   1.783488E+00   5.735802E-02
1                                                       **STUDENT EDITION*    APRIL  18, 2026  MSC Nastran  3/ 3/26   PAGE    34
     DEFAULT                                                                                                                        
0                                                                                                            SUBCASE 1              
      EIGENVALUE =  2.289497E+06
          CYCLES =  2.408187E+02         R E A L   E I G E N V E C T O R   N O .          3
 
      POINT ID.   TYPE          T1             T2             T3             R1             R2             R3
           239      G     -7.519202E-04  -5.354238E-04   2.613794E-01   6.531881E+00   1.569663E+00   2.798194E-03
           240      G     -7.569995E-05   2.133014E-03   2.977844E-01   7.281553E+00   2.960988E-02   1.230853E-03
           241      G     -2.206105E-03  -7.936745E-05   1.029233E-01   2.529060E+00   3.743405E+00   2.514863E-02
           242      G      1.510321E-03   8.404504E-04   2.108349E-01   5.300108E+00  -1.827932E+00  -5.640845E-02
           243      G      6.005388E-04  -5.409540E-04   2.648520E-01   6.653740E+00  -1.423473E+00  -2.477260E-03
           244      G      2.188655E-03  -8.060993E-05   1.055237E-01   2.635971E+00  -4.080995E+00  -1.865783E-02
           300      G      1.753904E-05   2.043575E-05   4.366802E-04   3.931002E-03   1.265659E-03   1.808088E-03
           301      G      5.306545E-05   3.139063E-05   5.507287E-04   1.063978E-02   1.103535E-02   9.248615E-03
           302      G     -9.027890E-08   4.616349E-06   7.749763E-04   1.814806E-02   2.338027E-03  -1.901231E-03
           303      G     -1.207107E-04   4.111510E-04   1.435937E-03  -3.849900E-02  -3.141974E-02  -1.321545E-02
           304      G      1.759138E-05   1.447555E-04   6.356253E-04  -4.871812E-03  -1.446079E-02   1.728481E-02
           305      G      2.128980E-04   4.249640E-04   6.788538E-03  -1.193850E-01  -2.534379E-02  -3.133354E-02
           306      G      2.619753E-04   1.584326E-05   9.364900E-03  -8.529047E-03  -4.034464E-02   1.415938E-02
           307      G     -2.263160E-05   2.731043E-05   4.398078E-04   5.858950E-03  -1.275775E-03  -3.518107E-03
           308      G     -6.266911E-05   3.763522E-05   5.524877E-04   1.181129E-02  -1.263795E-02  -1.151908E-02
           309      G      1.587412E-04   4.950646E-04   1.447455E-03  -2.649248E-02   2.884731E-02   1.709685E-02
           310      G     -1.150121E-05   1.689571E-04   6.416624E-04   2.842300E-04   1.422193E-02  -2.028886E-02
           311      G     -2.447602E-04   4.777664E-04   6.831040E-03  -1.216185E-01   3.002480E-02   3.395572E-02
           312      G     -2.805294E-04  -2.220810E-06   9.372996E-03  -7.629022E-05   4.361464E-02  -7.106483E-05
           313      G      2.159352E-05  -3.534311E-05   4.370332E-04  -7.453189E-03   1.578805E-03  -3.252958E-03
           314      G      6.076556E-05  -4.964684E-05   5.507433E-04  -1.389545E-02   1.219028E-02  -1.126107E-02
           315      G     -2.818067E-06  -2.204305E-05   7.749779E-04  -2.097080E-02   7.528275E-05   2.572926E-05
           316      G     -1.573296E-04  -4.868351E-04   1.440190E-03   2.622479E-02  -2.793754E-02   1.660947E-02
           317      G      1.087305E-05  -1.696404E-04   6.392996E-04  -5.724535E-04  -1.427949E-02  -1.998276E-02
           318      G      2.419451E-04  -4.726760E-04   6.818266E-03   1.239540E-01  -2.846775E-02   3.498299E-02
           319      G     -2.601020E-05  -3.649729E-05   4.393136E-04  -6.880730E-03  -1.400816E-03   3.355800E-03
           320      G     -6.640526E-05  -4.893404E-05   5.520768E-04  -1.345814E-02  -1.201472E-02   1.141735E-02
           321      G      1.558492E-04  -4.986028E-04   1.446289E-03   2.627496E-02   2.909996E-02  -1.717994E-02
           322      G     -1.459794E-05  -1.752152E-04   6.413365E-04  -1.116244E-03   1.426278E-02   2.015998E-02
           323      G     -2.452751E-04  -4.817880E-04   6.831035E-03   1.215465E-01   3.030865E-02  -3.403805E-02
           324      G      1.259565E-04   2.132416E-05  -4.785270E-03   1.097446E-01  -1.147501E-01   2.351933E-03
           325      G      2.102346E-04  -1.140820E-05  -7.565989E-03  -2.276317E-03  -3.638066E-02   2.261080E-04
           326      G      3.910058E-05  -1.881887E-05  -8.656931E-03   2.037837E-01  -1.037852E-01   1.179139E-04
           327      G      1.584926E-04  -1.006932E-05  -1.319903E-02  -2.139173E-03  -1.919872E-01  -9.841958E-05
           328      G     -8.798537E-06   7.435977E-05  -1.055386E-02   2.477973E-01   1.751124E-04   2.932484E-04
           329      G     -8.764863E-06  -8.524058E-06  -1.682898E-02  -1.393905E-03   1.495256E-03  -3.018487E-05
           330      G      1.396871E-04   7.699038E-05   1.336164E-03  -2.249417E-02  -2.478416E-01   5.782560E-03
           331      G      3.898462E-04  -1.912057E-05   1.033524E-03   3.067811E-04  -3.567020E-01  -2.403539E-03
           332      G     -1.441591E-04   2.944694E-05  -4.796753E-03   1.122996E-01   1.140363E-01  -2.196082E-03
           333      G     -2.301926E-04  -5.044883E-06  -7.628312E-03  -5.767397E-04   3.968968E-02  -4.310175E-05
           334      G     -5.464799E-05  -1.491125E-05  -8.666962E-03   2.048752E-01   1.051100E-01  -2.371134E-04
           335      G     -1.754893E-04  -6.904721E-06  -1.323726E-02  -9.913546E-04   1.902436E-01  -5.552330E-05
           336      G     -1.652968E-04   9.206249E-05   1.304098E-03  -1.888403E-02   2.483216E-01  -6.342047E-03
           337      G     -4.111393E-04  -3.385205E-06   1.001379E-03  -3.207989E-04   3.587913E-01  -3.433376E-05
           338      G      1.329497E-04  -4.207227E-05  -4.783713E-03  -1.115162E-01  -1.114592E-01  -2.046184E-03
           339      G      4.088448E-05  -3.731970E-07  -8.643619E-03  -2.043637E-01  -1.052413E-01  -1.116003E-04
           340      G     -6.504535E-06  -9.098893E-05  -1.055214E-02  -2.483313E-01   3.049304E-04   7.610992E-05
           341      G      1.593120E-04  -9.596249E-05   1.279985E-03   1.754679E-02  -2.481025E-01  -6.063023E-03
           342      G     -1.446044E-04  -3.888814E-05  -4.793942E-03  -1.126949E-01   1.140461E-01   2.193616E-03
           343      G     -5.392588E-05   1.560688E-06  -8.660161E-03  -2.053570E-01   1.048845E-01   1.479938E-04
1                                                       **STUDENT EDITION*    APRIL  18, 2026  MSC Nastran  3/ 3/26   PAGE    35
     DEFAULT                                                                                                                        
0                                                                                                            SUBCASE 1              
      EIGENVALUE =  2.289497E+06
          CYCLES =  2.408187E+02         R E A L   E I G E N V E C T O R   N O .          3
 
      POINT ID.   TYPE          T1             T2             T3             R1             R2             R3
           344      G     -1.659909E-04  -9.874905E-05   1.304057E-03   1.878838E-02   2.481408E-01   6.275494E-03
           400      G     -4.281350E-05   1.314896E-04   5.208066E-04   2.793482E-02  -4.840647E-03  -2.584415E-03
           401      G      1.054167E-05   5.495766E-04   4.856658E-04   9.233317E-02   1.169606E-02   4.505596E-03
           402      G      2.872637E-06   1.091445E-04   5.438903E-04   3.762883E-02  -1.309024E-05  -2.753558E-04
           403      G     -2.626214E-04   5.475575E-04   2.030795E-03  -1.480320E-02  -3.852288E-02  -1.801810E-02
           404      G     -1.092139E-04   9.569029E-05   9.847969E-04  -3.913067E-03   6.196978E-04   7.708387E-03
           405      G      7.080340E-04   4.677646E-04   6.227648E-03  -1.430214E-01  -1.238613E-01  -1.729636E-02
           406      G      8.127578E-04  -1.400491E-05   8.234432E-03   2.167319E-04  -1.581235E-01   9.942505E-04
           407      G      5.100868E-05   1.373831E-04   5.281139E-04   2.785348E-02   5.151694E-03   2.165009E-03
           408      G     -3.295408E-06   5.521431E-04   4.874627E-04   9.225419E-02  -1.153365E-02  -4.783435E-03
           409      G      2.740535E-04   5.673961E-04   2.050582E-03  -1.528191E-02   3.932861E-02   1.857817E-02
           410      G      1.202498E-04   1.067951E-04   9.989719E-04  -3.882604E-03  -5.498174E-04  -7.547868E-03
           411      G     -7.072172E-04   4.854585E-04   6.250167E-03  -1.424918E-01   1.245741E-01   1.859812E-02
           412      G     -8.145549E-04  -2.840591E-06   8.243927E-03   1.491616E-05   1.584584E-01  -4.172044E-05
           413      G     -4.904031E-05  -1.533286E-04   5.259516E-04  -2.759273E-02  -5.119965E-03   2.289872E-03
           414      G      4.843032E-06  -5.688726E-04   4.856335E-04  -9.207878E-02   1.157611E-02  -4.702578E-03
           415      G     -1.999607E-06  -1.261648E-04   5.439612E-04  -3.751284E-02   1.186118E-05  -5.005957E-06
           416      G     -2.703099E-04  -5.749897E-04   2.041177E-03   1.584233E-02  -3.906921E-02   1.848648E-02
           417      G     -1.173928E-04  -1.198021E-04   9.940464E-04   4.311913E-03   6.709247E-04  -7.439418E-03
           418      G      7.064018E-04  -4.942799E-04   6.238726E-03   1.424074E-01  -1.243592E-01   1.862217E-02
           419      G      4.545045E-05  -1.489478E-04   5.281046E-04  -2.778405E-02   5.119481E-03  -2.246380E-03
           420      G     -8.674079E-06  -5.664190E-04   4.870169E-04  -9.214996E-02  -1.158654E-02   4.676704E-03
           421      G      2.682865E-04  -5.732322E-04   2.049237E-03   1.546339E-02   3.913699E-02  -1.866187E-02
           422      G      1.146166E-04  -1.154936E-04   9.984189E-04   4.115319E-03  -5.832508E-04   7.460563E-03
           423      G     -7.100572E-04  -4.911527E-04   6.250249E-03   1.424886E-01   1.243957E-01  -1.867768E-02
           424      G      2.676889E-04   1.984393E-04  -2.867708E-02   7.409396E-01  -3.338159E-01   1.170627E-02
           425      G      7.171968E-04  -1.090856E-05  -5.351963E-02   1.694561E-04  -1.426481E-01  -1.213347E-05
           426      G      1.096908E-04   1.754427E-05  -3.908748E-02   9.761215E-01  -2.737241E-01   1.368562E-04
           427      G      5.011703E-04  -9.618172E-06  -7.020133E-02   7.039605E-05  -6.099702E-01  -5.754580E-05
           428      G      1.216316E-06   4.892209E-04  -4.522925E-02   1.163602E+00  -4.364939E-06   1.342033E-05
           429      G     -8.444573E-07  -8.379666E-06  -8.380803E-02   8.385283E-05   1.495260E-04  -4.740287E-05
           430      G      4.033968E-04   1.008735E-04  -1.050435E-02   3.103101E-01  -6.647322E-01   9.821163E-03
           431      G      1.161792E-03  -1.244256E-05  -2.274474E-02   4.382259E-04  -1.240457E+00  -3.049909E-04
           432      G     -2.657909E-04   2.038276E-04  -2.867066E-02   7.410210E-01   3.338337E-01  -1.177332E-02
           433      G     -7.194325E-04  -5.813422E-06  -5.351592E-02   2.650449E-05   1.430194E-01  -4.547307E-05
           434      G     -1.076555E-04   1.987727E-05  -3.908436E-02   9.761256E-01   2.740107E-01  -2.394404E-04
           435      G     -5.028605E-04  -7.089933E-06  -7.019991E-02   5.318061E-05   6.099262E-01  -5.024486E-05
           436      G     -4.023209E-04   1.108146E-04  -1.049409E-02   3.105678E-01   6.651708E-01  -1.001023E-02
           437      G     -1.164296E-03  -4.342827E-06  -2.273733E-02   2.098490E-05   1.240765E+00  -5.770973E-05
           438      G      2.647583E-04  -2.201137E-04  -2.867529E-02  -7.410008E-01  -3.336091E-01  -1.174490E-02
           439      G      1.068328E-04  -3.670851E-05  -3.908637E-02  -9.760228E-01  -2.739397E-01  -2.156653E-04
           440      G     -1.676003E-06  -5.060296E-04  -4.522995E-02  -1.163513E+00   4.336090E-05  -1.051654E-05
           441      G      4.011013E-04  -1.253876E-04  -1.050342E-02  -3.107738E-01  -6.649751E-01  -9.912172E-03
           442      G     -2.685034E-04  -2.154093E-04  -2.867070E-02  -7.409652E-01   3.338552E-01   1.171699E-02
           443      G     -1.103510E-04  -3.419748E-05  -3.908483E-02  -9.760565E-01   2.739881E-01   1.591127E-04
           444      G     -4.051141E-04  -1.195194E-04  -1.049292E-02  -3.106027E-01   6.652105E-01   9.924701E-03
           445      G     -7.303675E-04   1.473726E-03   2.188102E-03  -6.195188E-02  -3.074452E-02  -3.755958E-02
           446      G     -5.604311E-04   4.677611E-04   1.163414E-03  -3.648784E-02  -3.365936E-02   7.792973E-03
           447      G     -3.427405E-04   1.076264E-04   6.381028E-04  -3.275058E-02  -9.673258E-03   9.909357E-03
           448      G     -1.471129E-04  -4.624367E-05   5.165352E-04  -3.236590E-02   1.757417E-03   7.849506E-03
1                                                       **STUDENT EDITION*    APRIL  18, 2026  MSC Nastran  3/ 3/26   PAGE    36
     DEFAULT                                                                                                                        
0                                                                                                            SUBCASE 1              
      EIGENVALUE =  2.289497E+06
          CYCLES =  2.408187E+02         R E A L   E I G E N V E C T O R   N O .          3
 
      POINT ID.   TYPE          T1             T2             T3             R1             R2             R3
           449      G      6.775506E-06  -9.425320E-05   5.449049E-04  -1.189853E-02   6.049055E-05  -9.017267E-05
           450      G     -4.901796E-05   1.095195E-03   6.019317E-03  -8.824282E-02  -8.557245E-02  -5.843426E-02
           451      G      7.847449E-05  -1.126965E-05   7.790960E-03  -2.114872E-04  -1.237384E-01  -4.059806E-05
           452      G      7.463774E-04   1.486400E-03   2.208718E-03  -6.164790E-02   3.086161E-02   3.776688E-02
           453      G      5.755933E-04   4.751778E-04   1.177903E-03  -3.642145E-02   3.395428E-02  -7.919093E-03
           454      G      3.576138E-04   1.121612E-04   6.461002E-04  -3.283486E-02   9.878783E-03  -9.945350E-03
           455      G      1.608929E-04  -4.410461E-05   5.198429E-04  -3.238900E-02  -1.631178E-03  -8.042803E-03
           456      G      5.916402E-05   1.105832E-03   6.039031E-03  -8.817681E-02   8.625079E-02   5.850789E-02
           457      G     -7.243423E-05  -2.973594E-06   7.800733E-03  -6.189952E-06   1.241292E-01  -3.332563E-05
           458      G     -7.396671E-04  -1.498586E-03   2.198774E-03   6.157861E-02  -3.073591E-02   3.766407E-02
           459      G     -5.692452E-04  -4.889170E-04   1.172237E-03   3.633826E-02  -3.380602E-02  -7.917238E-03
           460      G     -3.517548E-04  -1.261957E-04   6.431096E-04   3.270507E-02  -9.810701E-03  -9.892583E-03
           461      G     -1.551939E-04   3.005160E-05   5.182508E-04   3.229532E-02   1.654658E-03  -7.951947E-03
           462      G     -5.549222E-07   8.027146E-05   5.447208E-04   1.183243E-02   2.397573E-05  -2.597648E-05
           463      G     -5.314407E-05  -1.119132E-03   6.029389E-03   8.824167E-02  -8.576568E-02   5.849743E-02
           464      G      7.398181E-04  -1.492649E-03   2.207430E-03   6.161428E-02   3.086613E-02  -3.785404E-02
           465      G      5.689881E-04  -4.832522E-04   1.177243E-03   3.635512E-02   3.392867E-02   7.847802E-03
           466      G      3.510258E-04  -1.221858E-04   6.458016E-04   3.277644E-02   9.876657E-03   9.844750E-03
           467      G      1.541185E-04   3.214033E-05   5.195213E-04   3.232875E-02  -1.618178E-03   7.919454E-03
           468      G      5.579789E-05  -1.111948E-03   6.038846E-03   8.820848E-02   8.626186E-02  -5.859015E-02
           469      G     -2.628950E-04   1.073913E-03   3.963027E-03  -9.714118E-02  -5.754052E-02   4.053036E-02
           470      G     -1.999351E-04   4.664212E-04   2.869210E-03  -1.143005E-01  -2.745605E-02   1.370681E-02
           471      G     -1.267440E-04   5.641128E-05   2.305013E-03  -8.549698E-02  -9.591479E-03   9.323331E-03
           472      G     -5.916001E-05  -6.406199E-05   2.163601E-03  -8.297661E-02  -3.013403E-03   2.740605E-03
           473      G      5.957788E-06  -9.430788E-05   2.033612E-03  -7.868786E-02   4.602985E-05  -3.267232E-05
           474      G      3.645702E-05   2.785625E-04   4.856284E-03  -5.706278E-02  -6.643835E-03   2.114332E-02
           475      G      4.803800E-05   5.130617E-05   4.660973E-03  -1.022854E-01  -2.585199E-04   5.022491E-03
           476      G      2.491611E-05  -5.991096E-05   4.522023E-03  -9.464910E-02  -5.362641E-03   3.027552E-03
           477      G      4.939990E-06  -7.969543E-05   4.362773E-03  -9.598380E-02   5.959114E-05  -4.597183E-05
           478      G      3.601900E-05   4.303480E-04   7.370879E-03  -4.553894E-02  -1.020321E-01   1.579970E-02
           479      G      1.857383E-04   1.882542E-04   6.196764E-03  -6.305321E-02   1.604333E-02   3.045866E-03
           480      G      1.402827E-04   1.326414E-05   6.484327E-03  -5.741474E-02   1.043264E-02   3.658348E-03
           481      G      7.701226E-05  -3.429753E-05   6.427259E-03  -6.366266E-02  -4.549762E-03   1.476298E-03
           482      G      1.956597E-04  -1.048605E-05   6.701393E-03  -1.020108E-04   2.299708E-02  -3.926986E-05
           483      G      1.793668E-04  -9.229586E-06   7.139877E-03  -3.490129E-05   2.242916E-02  -4.609213E-05
           484      G      9.479518E-05  -8.051084E-06   7.175923E-03   1.139796E-05  -1.024107E-02  -4.391786E-05
           485      G      3.940466E-06  -4.993885E-05   6.266677E-03  -5.906007E-02   5.390146E-05  -4.317783E-05
           486      G      2.993729E-06  -6.952801E-06   6.960637E-03   3.643095E-05   4.433241E-05  -4.204953E-05
           487      G      2.755144E-04   1.084869E-03   3.981958E-03  -9.724739E-02   5.791363E-02  -4.074801E-02
           488      G      2.123004E-04   4.739059E-04   2.881623E-03  -1.142576E-01   2.763897E-02  -1.381183E-02
           489      G      1.388691E-04   6.074965E-05   2.312879E-03  -8.541871E-02   9.743945E-03  -9.443747E-03
           490      G      7.119372E-05  -6.202672E-05   2.167010E-03  -8.295375E-02   3.174425E-03  -2.812265E-03
           491      G     -2.662843E-05   2.855958E-04   4.866069E-03  -5.689350E-02   6.795668E-03  -2.127458E-02
           492      G     -3.822761E-05   5.566252E-05   4.667179E-03  -1.022234E-01   3.787301E-04  -5.114575E-03
           493      G     -1.506943E-05  -5.785017E-05   4.525014E-03  -9.462946E-02   5.475835E-03  -3.119730E-03
           494      G     -2.797522E-05   4.395376E-04   7.386377E-03  -4.523405E-02   1.025557E-01  -1.590201E-02
           495      G     -1.780393E-04   1.950728E-04   6.203856E-03  -6.295437E-02  -1.589999E-02  -3.134585E-03
           496      G     -1.325189E-04   1.756392E-05   6.489011E-03  -5.734113E-02  -1.036412E-02  -3.749934E-03
           497      G     -6.916812E-05  -3.219921E-05   6.429811E-03  -6.364344E-02   4.644379E-03  -1.563919E-03
           498      G     -1.897774E-04  -4.007460E-06   6.705820E-03   5.824501E-06  -2.289960E-02  -3.876910E-05
1                                                       **STUDENT EDITION*    APRIL  18, 2026  MSC Nastran  3/ 3/26   PAGE    37
     DEFAULT                                                                                                                        
0                                                                                                            SUBCASE 1              
      EIGENVALUE =  2.289497E+06
          CYCLES =  2.408187E+02         R E A L   E I G E N V E C T O R   N O .          3
 
      POINT ID.   TYPE          T1             T2             T3             R1             R2             R3
           499      G     -1.735000E-04  -4.983068E-06   7.143032E-03   2.161851E-05  -2.240062E-02  -3.746966E-05
           500      G     -8.884588E-05  -5.938626E-06   7.177922E-03   3.538738E-05   1.031125E-02  -3.945125E-05
           501      G     -2.693178E-04  -1.097884E-03   3.971395E-03   9.722718E-02  -5.761845E-02  -4.069556E-02
           502      G     -2.062906E-04  -4.876689E-04   2.876181E-03   1.142894E-01  -2.754252E-02  -1.379879E-02
           503      G     -1.328527E-04  -7.487143E-05   2.308953E-03   8.542384E-02  -9.710929E-03  -9.448792E-03
           504      G     -6.507179E-05   4.801663E-05   2.164046E-03   8.289837E-02  -3.141479E-03  -2.830113E-03
           505      G      3.824987E-07   8.042320E-05   2.032102E-03   7.862095E-02   2.105863E-05  -4.312126E-05
           506      G      3.253570E-05  -2.995591E-04   4.862579E-03   5.695879E-02  -6.739624E-03  -2.126401E-02
           507      G      4.417755E-05  -6.976188E-05   4.663790E-03   1.022212E-01  -3.935223E-04  -5.112327E-03
           508      G      2.114232E-05   4.384987E-05   4.521601E-03   9.462137E-02  -5.458759E-03  -3.118278E-03
           509      G      1.271240E-06   6.581699E-05   4.360660E-03   9.597175E-02   2.643123E-05  -3.956563E-05
           510      G      3.400536E-05  -4.534149E-04   7.378099E-03   4.527170E-02  -1.021307E-01  -1.589493E-02
           511      G      1.839023E-04  -2.092165E-04   6.200777E-03   6.289737E-02   1.595507E-02  -3.131936E-03
           512      G      1.383978E-04  -3.171660E-05   6.485868E-03   5.734107E-02   1.034761E-02  -3.749721E-03
           513      G      7.514360E-05   1.820643E-05   6.426821E-03   6.367361E-02  -4.608515E-03  -1.564197E-03
           514      G      2.109200E-06   3.604204E-05   6.265202E-03   5.911216E-02   3.448069E-05  -4.056252E-05
           515      G      2.705116E-04  -1.091012E-03   3.980864E-03   9.728410E-02   5.792095E-02   4.068368E-02
           516      G      2.072631E-04  -4.819826E-04   2.880546E-03   1.142697E-01   2.764629E-02   1.373985E-02
           517      G      1.337401E-04  -7.075872E-05   2.311623E-03   8.539057E-02   9.763159E-03   9.376832E-03
           518      G      6.588349E-05   5.013379E-05   2.165433E-03   8.289799E-02   3.188690E-03   2.745181E-03
           519      G     -3.001076E-05  -2.936294E-04   4.865412E-03   5.690700E-02   6.825848E-03   2.120196E-02
           520      G     -4.167376E-05  -6.564341E-05   4.665753E-03   1.022271E-01   4.125054E-04   5.038893E-03
           521      G     -1.861229E-05   4.597771E-05   4.522896E-03   9.462572E-02   5.497709E-03   3.040932E-03
           522      G     -2.966872E-05  -4.455540E-04   7.386510E-03   4.523424E-02   1.025624E-01   1.582595E-02
           523      G     -1.797653E-04  -2.030898E-04   6.203562E-03   6.296700E-02  -1.587850E-02   3.057399E-03
           524      G     -1.342644E-04  -2.753265E-05   6.488087E-03   5.737272E-02  -1.033694E-02   3.672050E-03
           525      G     -7.095503E-05   2.032503E-05   6.428354E-03   6.369314E-02   4.657456E-03   1.483687E-03
          1000      G      8.266461E-07   1.821956E-03   1.717184E-03   1.510681E-01   9.408184E-05   5.591637E-04
          1001      G      8.381459E-04  -4.800122E-04   4.256068E-04  -3.628241E-03  -4.825200E-04   3.628508E-01
          1002      G      1.672959E-03   3.710420E-04   3.720778E-04  -1.377729E-03  -3.932660E-04   7.790807E-01
          1003      G      1.018083E-06  -8.567689E-04   1.255449E+00  -4.744630E+01   1.271329E-04  -6.599999E-06
          1004      G      1.924582E-03  -8.126459E-04   1.135861E+00  -4.077794E+01   6.963679E+00   2.221057E-02
          1005      G      3.123864E-03  -8.692848E-04   8.574716E-01  -3.178009E+01   1.305603E+01   5.974448E-02
          1006      G     -1.738201E-07   1.526947E-07   2.349962E+00  -1.781506E-05   4.176838E-04  -2.631610E-06
          1007      G      4.488744E-03   1.048302E-07   2.047090E+00  -2.743269E-05   2.302237E+01  -8.197722E-06
          1008      G      1.072364E-02   2.024702E-07   1.610655E+00  -1.689579E-04   3.648947E+00  -9.091707E-06
          1009      G      1.085151E-03  -3.403098E-04   1.653109E-04   4.213052E-04  -1.183956E-03   6.925750E-01
          1010      G     -8.107422E-04   5.611407E-04   7.540876E-05  -2.723915E-04  -2.819106E-04  -3.343359E-01
          1011      G      5.555260E-03  -3.507004E-04   4.048244E-01  -1.507821E+01   1.969771E+01   8.492869E-02
          1012      G      7.700131E-03   1.787639E-03   2.345889E-02   1.837711E+00   3.330588E+00  -9.887264E+00
          1013      G      1.078394E-02  -5.120978E-07   8.258317E-01  -4.995116E-04   4.941170E+01  -2.872422E-05
          1014      G      1.243166E-02  -1.192831E-06   3.298806E-02  -1.254286E-03   4.214216E+00  -3.759970E-03
          1015      G     -8.358871E-04  -4.841885E-04   4.267184E-04  -3.627621E-03   4.809116E-04  -3.597177E-01
          1016      G     -1.669768E-03   3.764126E-04   3.731363E-04  -1.373500E-03   3.916511E-04  -7.754825E-01
          1017      G     -1.923448E-03  -8.125946E-04   1.135869E+00  -4.077847E+01  -6.963321E+00  -2.220724E-02
          1018      G     -3.122133E-03  -8.708454E-04   8.574873E-01  -3.178130E+01  -1.305573E+01  -5.977256E-02
          1019      G     -4.488331E-03  -1.499961E-07   2.047103E+00   1.168291E-05  -2.302213E+01   3.240615E-07
          1020      G     -1.072415E-02  -2.883986E-07   1.610682E+00  -6.968522E-06  -3.648115E+00  -5.304709E-06
          1021      G     -1.079740E-03  -3.452366E-04   1.638735E-04   4.462988E-04   1.194080E-03  -6.893535E-01
          1022      G      8.156913E-04   5.639628E-04   7.423243E-05  -2.449271E-04   2.931561E-04   3.371895E-01
1                                                       **STUDENT EDITION*    APRIL  18, 2026  MSC Nastran  3/ 3/26   PAGE    38
     DEFAULT                                                                                                                        
0                                                                                                            SUBCASE 1              
      EIGENVALUE =  2.289497E+06
          CYCLES =  2.408187E+02         R E A L   E I G E N V E C T O R   N O .          3
 
      POINT ID.   TYPE          T1             T2             T3             R1             R2             R3
          1023      G     -5.553660E-03  -3.500789E-04   4.048449E-01  -1.508038E+01  -1.969754E+01  -8.499419E-02
          1024      G     -7.698786E-03   1.788892E-03   2.349508E-02   1.834004E+00  -3.329358E+00   9.869044E+00
          1025      G     -1.078481E-02  -3.982714E-07   8.258685E-01   1.618651E-05  -4.941151E+01   3.694068E-06
          1026      G     -1.243270E-02  -5.468938E-07   3.303830E-02   1.889004E-05  -4.213298E+00   3.947443E-05
          1027      G      2.358237E-08  -1.822030E-03   1.718183E-03  -1.511541E-01   1.139726E-04  -8.126432E-04
          1028      G      8.366758E-04   4.789712E-04   4.255796E-04   3.622179E-03  -4.838818E-04  -3.634590E-01
          1029      G      1.670661E-03  -3.669220E-04   3.720892E-04   1.373723E-03  -3.946441E-04  -7.792763E-01
          1030      G      1.824483E-07   8.567163E-04   1.255448E+00   4.744644E+01   1.407748E-04   1.505024E-05
          1031      G      1.923140E-03   8.135537E-04   1.135862E+00   4.077816E+01   6.963587E+00  -2.222368E-02
          1032      G      3.122299E-03   8.687934E-04   8.574743E-01   3.178058E+01   1.305599E+01  -5.976571E-02
          1033      G      1.082624E-03   3.354605E-04   1.637919E-04  -4.340250E-04  -1.188347E-03  -6.932390E-01
          1034      G     -8.145158E-04  -5.590742E-04   7.397930E-05   2.612077E-04  -2.850189E-04   3.344595E-01
          1035      G      5.552716E-03   3.508527E-04   4.048337E-01   1.507932E+01   1.969714E+01  -8.497439E-02
          1036      G      7.696522E-03  -1.791270E-03   2.347900E-02  -1.835362E+00   3.330505E+00   9.870673E+00
          1037      G     -8.362312E-04   4.840711E-04   4.267841E-04   3.631479E-03   4.808773E-04   3.594034E-01
          1038      G     -1.669918E-03  -3.790415E-04   3.731980E-04   1.376492E-03   3.916296E-04   7.750713E-01
          1039      G     -1.924082E-03   8.120760E-04   1.135869E+00   4.077852E+01  -6.963306E+00   2.221245E-02
          1040      G     -3.122382E-03   8.700122E-04   8.574874E-01   3.178134E+01  -1.305573E+01   5.977657E-02
          1041      G     -1.079867E-03   3.440720E-04   1.636842E-04  -4.456498E-04   1.193805E-03   6.895232E-01
          1042      G     -5.553460E-03   3.490421E-04   4.048444E-01   1.508039E+01  -1.969757E+01   8.499382E-02
          1043      G     -7.698658E-03  -1.789767E-03   2.349464E-02  -1.834002E+00  -3.329319E+00  -9.868991E+00
          1044      G      8.158976E-04  -5.641642E-04   7.403602E-05   2.457987E-04   2.926962E-04  -3.372096E-01
          2000      G      3.654413E-05   3.487182E-04   1.278991E-03   4.412037E-02  -3.635394E-04   2.236786E-02
          2001      G      1.443935E-04  -3.685296E-04   3.298174E-04  -1.277775E-03  -2.893970E-04   2.028549E-02
          2002      G      3.001255E-04   5.031752E-04   3.228296E-04  -6.146061E-04  -2.766298E-04   9.796007E-02
          2003      G      5.717800E-05  -3.301898E-04   2.930710E-01  -1.105990E+01   6.024267E-02   5.012347E-04
          2004      G      5.486221E-04  -1.831563E-04   2.643629E-01  -9.517046E+00   1.613910E+00   8.039686E-03
          2005      G      7.882286E-04  -1.527165E-04   2.005286E-01  -7.459139E+00   2.970271E+00   1.635432E-02
          2006      G      1.186806E-04  -3.087581E-07   5.466753E-01  -1.700518E-04   2.938202E-02   2.378306E-04
          2007      G      1.187061E-03   3.260668E-06   4.755468E-01  -2.149733E-03   5.358032E+00   3.391171E-04
          2008      G      2.672928E-03   1.517408E-05   3.746966E-01  -2.708532E-03   8.138103E-01   4.217645E-04
          2009      G      1.311132E-04   1.842695E-04   1.646717E-04  -5.741519E-05  -3.124525E-04   2.080209E-01
          2010      G     -4.560999E-04   3.257273E-05   1.458555E-04  -2.656784E-04  -5.231465E-05  -1.118287E-01
          2011      G      1.243153E-03   1.069917E-05   9.723141E-02  -3.675225E+00   4.503326E+00   2.373563E-02
          2012      G      1.754601E-03   6.840012E-04   1.085219E-02   9.823227E-02   6.945502E-01  -6.443592E-01
          2013      G      2.693305E-03   2.619635E-05   1.953615E-01  -1.777543E-02   1.131745E+01   4.043070E-04
          2014      G      3.024045E-03   3.640379E-05   1.510095E-02  -9.421090E-03   8.647306E-01  -1.547784E-03
          2015      G     -8.281058E-05  -3.730382E-04   3.314242E-04  -1.292683E-03   2.824729E-04   1.248021E-02
          2016      G     -2.603729E-04   5.075492E-04   3.244859E-04  -6.053994E-04   2.747484E-04  -7.609296E-02
          2017      G     -4.306406E-04  -1.830358E-04   2.678686E-01  -9.643349E+00  -1.486558E+00  -7.075109E-03
          2018      G     -6.865231E-04  -1.562015E-04   2.064343E-01  -7.700077E+00  -2.957186E+00  -1.496110E-02
          2019      G     -9.731077E-04  -4.302859E-06   4.821636E-01  -3.602337E-04  -4.985927E+00   1.944435E-04
          2020      G     -2.430284E-03  -6.388959E-06   3.874024E-01   6.640712E-04  -7.639502E-01   1.626593E-04
          2021      G     -1.429852E-04   1.647742E-04   1.632711E-04  -1.633976E-05   3.439465E-04  -2.145948E-01
          2022      G      4.381193E-04   5.387544E-06   1.449503E-04  -2.459129E-04   8.016705E-05   1.015574E-01
          2023      G     -1.146688E-03  -5.208786E-06   1.002590E-01  -3.744232E+00  -4.693497E+00  -2.121486E-02
          2024      G     -1.703375E-03   5.721983E-04   1.082854E-02   2.330703E-01  -6.750820E-01   1.061245E+00
          2025      G     -2.463729E-03  -1.000192E-05   2.017586E-01   5.181140E-04  -1.176893E+01   1.606123E-04
          2026      G     -2.756989E-03  -1.351121E-05   1.494411E-02  -4.073357E-04  -8.246544E-01  -7.630593E-03
          2027      G      7.588434E-05  -3.470298E-04   1.278330E-03  -4.467787E-02   2.642553E-04  -3.967889E-02
1                                                       **STUDENT EDITION*    APRIL  18, 2026  MSC Nastran  3/ 3/26   PAGE    39
     DEFAULT                                                                                                                        
0                                                                                                            SUBCASE 1              
      EIGENVALUE =  2.289497E+06
          CYCLES =  2.408187E+02         R E A L   E I G E N V E C T O R   N O .          3
 
      POINT ID.   TYPE          T1             T2             T3             R1             R2             R3
          2028      G      1.934184E-04   3.683817E-04   3.297307E-04   1.266781E-03  -2.904801E-04  -4.610363E-02
          2029      G      3.637390E-04  -4.968730E-04   3.228214E-04   6.029304E-04  -2.769599E-04  -1.310541E-01
          2030      G      8.497517E-05   3.279655E-04   2.930473E-01   1.104170E+01   5.865060E-02  -1.682801E-04
          2031      G      5.809370E-04   1.879921E-04   2.643503E-01   9.488160E+00   1.616209E+00  -7.539784E-03
          2032      G      8.219274E-04   1.718481E-04   2.005623E-01   7.410493E+00   2.962267E+00  -1.557505E-02
          2033      G      2.121531E-04  -1.454146E-04   1.630573E-04   3.528811E-05  -3.179957E-04  -2.507436E-01
          2034      G     -3.806065E-04   4.911009E-05   1.453429E-04   2.734987E-04  -5.415137E-05   7.229805E-02
          2035      G      1.276401E-03   3.520433E-05   9.747952E-02   3.609401E+00   4.498595E+00  -2.250082E-02
          2036      G      1.797774E-03  -5.881825E-04   1.095329E-02  -2.246241E-01   7.081663E-01   1.068262E+00
          2037      G     -4.924124E-05   3.725655E-04   3.314785E-04   1.296658E-03   2.826757E-04  -2.971166E-02
          2038      G     -2.292499E-04  -5.110092E-04   3.245501E-04   6.111703E-04   2.751020E-04   6.008194E-02
          2039      G     -4.077486E-04   1.780141E-04   2.678443E-01   9.632674E+00  -1.485636E+00   7.363125E-03
          2040      G     -6.682164E-04   1.451491E-04   2.064039E-01   7.693102E+00  -2.958026E+00   1.527851E-02
          2041      G     -1.127332E-04  -1.812822E-04   1.630752E-04   1.719706E-05   3.437221E-04   1.995733E-01
          2042      G      4.674545E-04  -3.446875E-05   1.447230E-04   2.457134E-04   8.041585E-05  -1.160685E-01
          2043      G     -1.131376E-03  -1.318495E-05   1.002276E-01   3.740436E+00  -4.693016E+00   2.155457E-02
          2044      G     -1.689039E-03  -5.992989E-04   1.082121E-02  -2.337702E-01  -6.734769E-01  -1.076155E+00
          3000      G      1.185325E-06  -1.352001E-04   7.021272E-04   1.813405E-02   2.337711E-03  -6.746111E-03
          3001      G      5.527908E-06  -5.189915E-05   5.077310E-04   1.064792E-02   1.103609E-02  -7.679369E-02
          3002      G      1.083095E-05  -9.483173E-06   4.207588E-04   3.929996E-03   1.266027E-03  -1.017996E-02
          3003      G      2.998011E-06  -3.117704E-05  -8.345677E-03   3.730923E-01  -6.198426E-04   4.949041E-05
          3004      G      2.379594E-05  -2.045940E-05  -6.734196E-03   2.861806E-01  -9.537711E-02   3.860942E-04
          3005      G      4.996487E-05   2.249867E-05  -3.275433E-03   1.770037E-01  -1.474444E-01   3.471264E-04
          3006      G      3.194650E-06   2.582233E-06  -1.682943E-02  -1.393902E-03   1.495312E-03   4.996926E-05
          3007      G     -1.355626E-05   5.011700E-06  -1.293868E-02  -1.399781E-03  -2.910812E-01   4.742891E-05
          3008      G     -7.032809E-05   6.721631E-06  -7.565939E-03  -2.276291E-03  -3.638288E-02   2.869098E-05
          3009      G      5.578902E-05   1.050043E-04   6.265482E-04  -4.875229E-03  -1.445855E-02   5.962319E-02
          3010      G      1.219388E-04   2.169562E-04   1.464705E-03  -3.848822E-02  -3.143136E-02   2.613177E-01
          3011      G      3.909954E-05   6.831999E-05   2.141194E-03   6.703969E-03  -2.441310E-01   6.624096E-06
          3012      G      1.124867E-05   8.438534E-05   6.686567E-03  -1.193873E-01  -2.536002E-02   6.754076E-01
          3013      G     -4.065511E-05   7.676237E-06   1.016405E-03  -2.069180E-03  -5.232148E-01   4.943173E-05
          3014      G     -5.691313E-05   1.087028E-05   9.202897E-03  -8.528091E-03  -4.034942E-02   2.220237E-02
          3015      G     -3.462903E-06  -5.500151E-05   5.048265E-04   1.181957E-02  -1.263860E-02   9.125202E-02
          3016      G     -7.134039E-06  -1.792922E-05   4.161655E-04   5.857882E-03  -1.275995E-03   1.631779E-02
          3017      G     -1.735666E-05  -2.443060E-05  -6.754731E-03   2.875509E-01   9.656432E-02  -2.758434E-04
          3018      G     -4.263557E-05   1.397097E-05  -3.288062E-03   1.796141E-01   1.467349E-01  -2.509447E-04
          3019      G      2.058611E-05   1.077815E-06  -1.297806E-02  -8.463301E-04   2.865485E-01   4.133513E-05
          3020      G      7.679133E-05  -4.511426E-07  -7.628264E-03  -5.767179E-04   3.969194E-02   3.547948E-05
          3021      G     -4.753278E-05   9.045957E-05   6.124490E-04   2.802132E-04   1.421955E-02  -5.454906E-02
          3022      G     -1.099599E-04   2.001656E-04   1.438521E-03  -2.648334E-02   2.885834E-02  -2.679116E-01
          3023      G     -3.248143E-05   5.600644E-05   2.111702E-03   9.269632E-03   2.437658E-01  -6.211415E-07
          3024      G     -5.907110E-06   7.448488E-05   6.710324E-03  -1.216213E-01   3.004080E-02  -7.182115E-01
          3025      G      4.772951E-05  -1.354676E-06   9.760571E-04  -3.860445E-04   5.227516E-01   2.681035E-05
          3026      G      6.432390E-05  -2.099208E-06   9.197921E-03  -7.634456E-05   4.361927E-02  -1.712665E-04
          3027      G      6.530437E-06   1.402269E-04   6.908417E-04  -2.095682E-02   7.534061E-05  -4.395472E-03
          3028      G      1.130523E-05   5.959319E-05   4.947385E-04  -1.390372E-02   1.219092E-02   8.434957E-02
          3029      G      1.525196E-05   2.263418E-05   4.070153E-04  -7.452466E-03   1.579033E-03   1.268337E-02
          3030      G      5.182334E-06   3.646350E-05  -8.359673E-03  -3.725073E-01  -2.801975E-04   5.129575E-05
          3031      G      2.523659E-05   2.969194E-05  -6.752264E-03  -2.864017E-01  -9.598026E-02  -2.667215E-04
          3032      G      5.054334E-05  -8.241225E-06  -3.285849E-03  -1.777665E-01  -1.466848E-01  -2.235325E-04
1                                                       **STUDENT EDITION*    APRIL  18, 2026  MSC Nastran  3/ 3/26   PAGE    40
     DEFAULT                                                                                                                        
0                                                                                                            SUBCASE 1              
      EIGENVALUE =  2.289497E+06
          CYCLES =  2.408187E+02         R E A L   E I G E N V E C T O R   N O .          3
 
      POINT ID.   TYPE          T1             T2             T3             R1             R2             R3
          3033      G      5.544298E-05  -8.432868E-05   6.088263E-04  -5.682308E-04  -1.427716E-02  -5.935398E-02
          3034      G      1.165024E-04  -1.920005E-04   1.433808E-03   2.621548E-02  -2.794843E-02  -2.663507E-01
          3035      G      4.067213E-05  -4.892514E-05   2.110020E-03  -8.974166E-03  -2.436062E-01   1.069580E-05
          3036      G      1.537862E-05  -6.811137E-05   6.703799E-03   1.239569E-01  -2.848429E-02  -7.291516E-01
          3037      G      1.793482E-06   5.681328E-05   4.978171E-04  -1.346645E-02  -1.201526E-02  -9.316668E-02
          3038      G     -2.484490E-06   1.688685E-05   4.115863E-04  -6.879754E-03  -1.401008E-03  -2.066148E-02
          3039      G     -1.520552E-05   2.639407E-05  -6.760711E-03  -2.874303E-01   9.631033E-02   3.645904E-04
          3040      G     -4.059340E-05  -1.472633E-05  -3.292938E-03  -1.795482E-01   1.470380E-01   3.275534E-04
          3041      G     -4.364633E-05  -9.341090E-05   6.087117E-04  -1.112254E-03   1.426046E-02   5.135603E-02
          3042      G     -1.067782E-04  -2.059595E-04   1.435473E-03   2.626564E-02   2.911113E-02   2.659826E-01
          3043      G     -3.066231E-05  -5.911299E-05   2.108901E-03  -9.073512E-03   2.436626E-01   5.835351E-05
          3044      G     -4.146236E-06  -7.876380E-05   6.709181E-03   1.215493E-01   3.032472E-02   7.178794E-01
          4000      G      5.002244E-06  -1.751360E-04   3.905243E-04   3.762834E-02  -1.305223E-05   1.388393E-03
          4001      G     -3.437121E-05  -1.702387E-04   1.125518E-04   9.239299E-02   1.170157E-02  -7.327416E-02
          4002      G     -7.660419E-05  -8.081496E-05   4.069860E-04   2.795387E-02  -4.842217E-03   4.927950E-03
          4003      G      2.719954E-06  -6.449169E-05  -4.476177E-02   1.717907E+00   3.697669E-05  -5.817681E-05
          4004      G     -4.756145E-05  -3.907196E-05  -4.012140E-02   1.410968E+00  -2.848364E-01  -8.607557E-05
          4005      G     -6.192633E-05  -4.870343E-06  -2.818393E-02   1.082463E+00  -5.513237E-01  -1.269335E-03
          4006      G      3.497328E-07  -9.048758E-06  -8.381184E-02   8.384748E-05   1.495255E-04  -5.641775E-05
          4007      G     -1.397616E-04  -1.065260E-05  -7.131187E-02   6.678802E-05  -9.452315E-01  -5.747450E-05
          4008      G     -3.716713E-04  -1.226174E-05  -5.352091E-02   1.694442E-04  -1.427193E-01  -5.734201E-05
          4009      G     -3.619059E-05   8.830962E-05   1.002025E-03  -3.928507E-03   6.420535E-04   2.714977E-02
          4010      G      3.655506E-05   4.782097E-05   1.939508E-03  -1.480618E-02  -3.851919E-02   3.235261E-01
          4011      G     -1.672995E-04   1.727290E-05  -9.540332E-03   4.651886E-01  -7.892683E-01  -1.904726E-03
          4012      G     -2.642963E-04  -1.820011E-06   5.727510E-03  -1.430553E-01  -1.239217E-01   8.185713E-01
          4013      G     -3.524204E-04  -1.373901E-05  -2.287489E-02   1.102464E-04  -1.907787E+00  -6.052891E-05
          4014      G     -4.224276E-04  -1.552196E-05   7.595179E-03   2.166724E-04  -1.581545E-01  -1.094453E-03
          4015      G      4.446572E-05  -1.670434E-04   1.146639E-04   9.231401E-02  -1.153914E-02   7.432749E-02
          4016      G      8.677804E-05  -7.426789E-05   4.146209E-04   2.787251E-02   5.153274E-03  -4.756394E-03
          4017      G      5.297070E-05  -3.589924E-05  -4.011794E-02   1.410992E+00   2.850223E-01  -3.173580E-05
          4018      G      6.732835E-05   1.587947E-06  -2.817756E-02   1.082631E+00   5.513963E-01   1.146872E-03
          4019      G      1.404855E-04  -7.528087E-06  -7.131030E-02   8.260657E-05   9.450736E-01  -5.509773E-05
          4020      G      3.723989E-04  -6.025659E-06  -5.351720E-02   2.649960E-05   1.430906E-01  -5.330115E-05
          4021      G      4.615121E-05   9.835284E-05   1.015931E-03  -3.897989E-03  -5.722101E-04  -2.812472E-02
          4022      G     -2.760297E-05   6.237465E-05   1.957993E-03  -1.528450E-02   3.932520E-02  -3.285770E-01
          4023      G      1.728353E-04   2.725402E-05  -9.529451E-03   4.653391E-01   7.895099E-01   1.788252E-03
          4024      G      2.706922E-04   1.096434E-05   5.747179E-03  -1.425256E-01   1.246341E-01  -8.202186E-01
          4025      G      3.533068E-04  -4.651694E-06  -2.286799E-02   1.575142E-05   1.907684E+00  -5.212357E-05
          4026      G      4.232909E-04  -3.290501E-06   7.603338E-03   1.491648E-05   1.584893E-01  -1.237519E-04
          4027      G     -3.857126E-06   1.571730E-04   3.910584E-04  -3.751226E-02   1.185378E-05   9.782363E-04
          4028      G     -4.344335E-05   1.489177E-04   1.135376E-04  -9.213862E-02   1.158159E-02   7.467712E-02
          4029      G     -8.581643E-05   5.624006E-05   4.135008E-04  -2.761172E-02  -5.121560E-03  -4.253052E-03
          4030      G     -1.800348E-06   4.637874E-05  -4.476258E-02  -1.717926E+00  -1.800271E-05  -5.436697E-05
          4031      G     -5.211972E-05   1.780998E-05  -4.012085E-02  -1.411005E+00  -2.848883E-01  -2.993198E-05
          4032      G     -6.654959E-05  -1.970317E-05  -2.818203E-02  -1.082718E+00  -5.513845E-01   1.148710E-03
          4033      G     -4.520274E-05  -1.162156E-04   1.012965E-03   4.327300E-03   6.932929E-04  -2.679874E-02
          4034      G      2.829943E-05  -7.960013E-05   1.951863E-03   1.584497E-02  -3.906571E-02  -3.259155E-01
          4035      G     -1.721456E-04  -4.530052E-05  -9.535981E-03  -4.654415E-01  -7.893322E-01   1.791540E-03
          4036      G     -2.698042E-04  -2.877785E-05   5.736602E-03   1.424413E-01  -1.244193E-01  -8.154235E-01
          4037      G      3.577275E-05   1.519367E-04   1.146361E-04  -9.220978E-02  -1.159205E-02  -7.277815E-02
1                                                       **STUDENT EDITION*    APRIL  18, 2026  MSC Nastran  3/ 3/26   PAGE    41
     DEFAULT                                                                                                                        
0                                                                                                            SUBCASE 1              
      EIGENVALUE =  2.289497E+06
          CYCLES =  2.408187E+02         R E A L   E I G E N V E C T O R   N O .          3
 
      POINT ID.   TYPE          T1             T2             T3             R1             R2             R3
          4038      G      7.823818E-05   6.214825E-05   4.148892E-04  -2.780305E-02   5.121058E-03   6.196595E-03
          4039      G      4.851200E-05   2.086698E-05  -4.011916E-02  -1.411017E+00   2.850403E-01  -7.773656E-05
          4040      G      6.296224E-05  -1.369040E-05  -2.817752E-02  -1.082602E+00   5.514444E-01  -1.253997E-03
          4041      G      3.776192E-05  -1.076641E-04   1.016377E-03   4.130710E-03  -6.056425E-04   2.945273E-02
          4042      G     -3.585924E-05  -6.872149E-05   1.958138E-03   1.546602E-02   3.913355E-02   3.291348E-01
          4043      G      1.685461E-04  -3.650875E-05  -9.527746E-03  -4.653840E-01   7.895474E-01  -1.892716E-03
          4044      G      2.664265E-04  -1.755220E-05   5.747976E-03   1.425224E-01   1.244557E-01   8.198392E-01
1                                                       **STUDENT EDITION*    APRIL  18, 2026  MSC Nastran  3/ 3/26   PAGE    42
     DEFAULT                                                                                                                        
0                                                                                                            SUBCASE 1              
      EIGENVALUE =  2.332234E+06
          CYCLES =  2.430559E+02         R E A L   E I G E N V E C T O R   N O .          4
 
      POINT ID.   TYPE          T1             T2             T3             R1             R2             R3
             1      G      0.0            0.0            0.0            0.0            0.0            0.0
             2      G      0.0            0.0            0.0            0.0            0.0            0.0
             3      G      0.0            0.0            0.0            0.0            0.0            0.0
             4      G      0.0            0.0            0.0            0.0            0.0            0.0
             5      G      0.0            0.0            0.0            0.0            0.0            0.0
             6      G      0.0            0.0            0.0            0.0            0.0            0.0
             7      G      0.0            0.0            0.0            0.0            0.0            0.0
             8      G      0.0            0.0            0.0            0.0            0.0            0.0
            10      G      2.035475E-05   1.084400E-04   9.889603E-05  -9.866109E-05   3.507705E-04  -8.797168E-03
            11      G      2.059326E-05  -1.093125E-04   9.860454E-05   1.004850E-04   3.491211E-04   8.417136E-03
            12      G      1.366724E-04   7.162474E-05   1.860469E-04   1.809041E-04   5.120561E-04   2.649868E-02
            13      G      1.346080E-04  -7.559847E-05   1.859847E-04  -1.637042E-04   5.066894E-04  -2.600328E-02
            14      G     -1.375161E-04   7.506032E-05   1.810717E-04   1.369860E-04  -5.166271E-04  -2.293218E-02
            15      G     -1.432865E-04  -6.380705E-05   1.817201E-04  -1.849997E-04  -5.270263E-04   2.447063E-02
            16      G     -1.902953E-05   1.019424E-04   9.967618E-05  -3.726756E-05  -3.175103E-04   1.080821E-02
            17      G     -1.192782E-05  -1.082175E-04   1.003123E-04   5.663541E-05  -2.958669E-04  -1.461292E-02
           100      G      1.711939E-03   7.889887E-04  -1.952869E-01   4.761482E+00  -1.780272E+00   4.447303E-02
           101      G      3.620747E-03   6.918423E-06  -3.606672E-01  -2.943577E-04  -7.968383E-01  -3.302927E-04
           102      G      7.619144E-04  -4.145699E-04  -2.520438E-01   6.249726E+00  -1.584462E+00   4.977829E-03
           103      G      2.693518E-03   6.060721E-06  -4.555608E-01   2.126542E-04  -3.481408E+00   1.785463E-04
           104      G     -1.977753E-05   1.909134E-03  -2.876754E-01   7.024574E+00   6.086429E-05  -2.568938E-04
           105      G     -2.591985E-05   2.970312E-06  -5.315326E-01   4.088777E-05   2.150615E-03   5.272364E-05
           106      G      4.024323E-05   3.961184E-04   1.930131E-04  -1.849997E-04  -5.270263E-04   2.447063E-02
           107      G      4.024323E-05  -2.569416E-04   1.789481E-04  -1.849997E-04  -5.270263E-04   2.447063E-02
           108      G     -1.008525E-05  -6.793542E-04   6.520369E-04  -2.217834E-02   3.035058E-04   4.978697E-05
           109      G     -1.215247E-04  -2.178144E-04   1.021065E-04   5.663541E-05  -2.958669E-04  -1.461292E-02
           110      G      3.693481E-03  -7.704734E-04   3.955315E-03  -6.226945E-01  -7.138992E-01   1.259503E-02
           111      G     -1.215247E-04   1.904341E-04   9.384073E-05   5.663541E-05  -2.958669E-04  -1.461292E-02
           112      G      2.124748E-03  -2.149444E-06  -9.229865E-02   2.188980E+00  -3.808606E+00   2.115611E-02
           113      G      3.946756E-03   1.846986E-05   4.035222E-03   1.432047E-03  -8.897796E-01  -5.247069E-03
           114      G      5.900034E-03   1.048578E-06  -1.795255E-01  -9.978537E-04  -7.252529E+00   1.524811E-03
           115      G     -1.757215E-03   7.660041E-04  -1.953210E-01   4.754432E+00   1.781796E+00  -4.459799E-02
           116      G     -3.678576E-03  -1.314499E-06  -3.607321E-01   4.200245E-04   8.014810E-01   3.016700E-05
           117      G     -8.066234E-04  -4.172827E-04  -2.520694E-01   6.246865E+00   1.583751E+00  -4.926292E-03
           118      G     -2.741779E-03   1.630682E-07  -4.555978E-01   1.831001E-04   3.477593E+00   1.073523E-04
           119      G     -6.041663E-05   4.131332E-04   1.967357E-04  -1.637042E-04   5.066894E-04  -2.600328E-02
           120      G     -6.041663E-05  -2.808294E-04   1.832134E-04  -1.637042E-04   5.066894E-04  -2.600328E-02
           121      G      8.372178E-05  -1.724410E-04   1.004693E-04   1.004850E-04   3.491211E-04   8.417136E-03
           122      G     -3.778448E-03  -7.441279E-04   3.945882E-03  -6.349678E-01   7.192584E-01  -3.614139E-03
           123      G      8.372178E-05   6.271274E-05   9.071574E-05   1.004850E-04   3.491211E-04   8.417136E-03
           124      G     -2.187260E-03  -9.585551E-06  -9.233438E-02   2.179702E+00   3.808133E+00  -2.176527E-02
           125      G     -4.018325E-03  -1.776636E-06   4.083380E-03   1.421060E-04   8.966678E-01  -1.783487E-04
           126      G     -5.966602E-03  -1.602395E-06  -1.795556E-01   5.749519E-04   7.255425E+00   3.873512E-05
           127      G      1.715371E-03  -7.683089E-04  -1.952917E-01  -4.759683E+00  -1.781882E+00  -4.475023E-02
           128      G      7.612350E-04   4.290413E-04  -2.520587E-01  -6.249037E+00  -1.583816E+00  -4.861770E-03
           129      G     -2.013548E-05  -1.904434E-03  -2.876808E-01  -7.024259E+00   2.491415E-04   2.858134E-04
           130      G      3.447528E-05  -3.559499E-04   1.918091E-04   1.369860E-04  -5.166271E-04  -2.293218E-02
           131      G      3.447528E-05   2.560526E-04   1.780216E-04   1.369860E-04  -5.166271E-04  -2.293218E-02
           132      G     -1.201288E-05   6.840769E-04   6.526037E-04   2.220539E-02   6.994289E-04  -3.803043E-04
           133      G     -1.000911E-04   1.830040E-04   1.017780E-04  -3.726756E-05  -3.175103E-04   1.080821E-02
1                                                       **STUDENT EDITION*    APRIL  18, 2026  MSC Nastran  3/ 3/26   PAGE    43
     DEFAULT                                                                                                                        
0                                                                                                            SUBCASE 1              
      EIGENVALUE =  2.332234E+06
          CYCLES =  2.430559E+02         R E A L   E I G E N V E C T O R   N O .          4
 
      POINT ID.   TYPE          T1             T2             T3             R1             R2             R3
           134      G      3.717190E-03   7.506102E-04   3.907622E-03   6.320883E-01  -7.144031E-01  -8.663659E-03
           135      G     -1.000911E-04  -1.189504E-04   9.290756E-05  -3.726756E-05  -3.175103E-04   1.080821E-02
           136      G      2.141006E-03   1.682236E-05  -9.230539E-02  -2.182434E+00  -3.806262E+00  -2.139393E-02
           137      G     -1.756594E-03  -7.702302E-04  -1.953306E-01  -4.753695E+00   1.781672E+00   4.444877E-02
           138      G     -8.073872E-04   4.164082E-04  -2.520760E-01  -6.246336E+00   1.583652E+00   5.000282E-03
           139      G     -6.206772E-05  -4.264180E-04   1.970278E-04   1.809041E-04   5.120561E-04   2.649868E-02
           140      G     -6.206772E-05   2.807657E-04   1.833623E-04   1.809041E-04   5.120561E-04   2.649868E-02
           141      G      8.633351E-05   1.744188E-04   1.007869E-04  -9.866109E-05   3.507705E-04  -8.797168E-03
           142      G     -3.775750E-03   7.413720E-04   3.947770E-03   6.354396E-01   7.203108E-01   2.868608E-03
           143      G      8.633351E-05  -7.135209E-05   9.098720E-05  -9.866109E-05   3.507705E-04  -8.797168E-03
           144      G     -2.185097E-03   5.469250E-06  -9.234582E-02  -2.179436E+00   3.808109E+00   2.176734E-02
           200      G     -1.308445E-04  -2.195984E-04   1.021065E-04   5.663541E-05  -2.958669E-04  -1.461292E-02
           201      G     -1.308445E-04   1.886501E-04   9.384073E-05   5.663541E-05  -2.958669E-04  -1.461292E-02
           202      G      2.364190E-05   4.019459E-04   1.930131E-04  -1.849997E-04  -5.270263E-04   2.447063E-02
           203      G      2.364190E-05  -2.511141E-04   1.789481E-04  -1.849997E-04  -5.270263E-04   2.447063E-02
           204      G     -2.091100E-05   3.050771E-03   1.186489E-03   4.160856E-02  -1.872978E-03  -1.432818E-03
           205      G     -1.582451E-02  -1.198196E-03   5.864055E-03   1.231905E+00   2.968460E+00  -1.057795E-01
           206      G     -1.738195E-02  -6.623087E-05   8.708661E-03  -1.257491E-02   3.845029E+00  -4.555162E-02
           207      G      9.471909E-05  -1.756063E-04   1.004693E-04   1.004850E-04   3.491211E-04   8.417136E-03
           208      G      9.471909E-05   5.954746E-05   9.071574E-05   1.004850E-04   3.491211E-04   8.417136E-03
           209      G     -4.445591E-05   4.182899E-04   1.967357E-04  -1.637042E-04   5.066894E-04  -2.600328E-02
           210      G     -4.445591E-05  -2.756728E-04   1.832134E-04  -1.637042E-04   5.066894E-04  -2.600328E-02
           211      G      1.535729E-02  -1.147258E-03   5.849243E-03   1.866067E+00  -2.887582E+00   2.255800E-01
           212      G      1.732120E-02  -2.619539E-06   8.588002E-03  -1.589556E-03  -3.677918E+00  -5.472564E-04
           213      G     -1.100927E-04   1.841779E-04   1.017780E-04  -3.726756E-05  -3.175103E-04   1.080821E-02
           214      G     -1.100927E-04  -1.177765E-04   9.290756E-05  -3.726756E-05  -3.175103E-04   1.080821E-02
           215      G      1.820152E-05  -3.602650E-04   1.918091E-04   1.369860E-04  -5.166271E-04  -2.293218E-02
           216      G      1.820152E-05   2.517375E-04   1.780216E-04   1.369860E-04  -5.166271E-04  -2.293218E-02
           217      G     -1.974798E-05  -3.048532E-03   1.186037E-03  -4.316586E-02   1.243144E-03   6.270747E-04
           218      G     -1.612825E-02   1.361006E-03   5.862221E-03  -1.832413E+00   3.036742E+00   1.736465E-01
           219      G      9.738278E-05   1.775266E-04   1.007869E-04  -9.866109E-05   3.507705E-04  -8.797168E-03
           220      G      9.738278E-05  -6.824426E-05   9.098720E-05  -9.866109E-05   3.507705E-04  -8.797168E-03
           221      G     -4.593795E-05  -4.321165E-04   1.970278E-04   1.809041E-04   5.120561E-04   2.649868E-02
           222      G     -4.593795E-05   2.750672E-04   1.833623E-04   1.809041E-04   5.120561E-04   2.649868E-02
           223      G      1.537027E-02   1.142946E-03   5.848355E-03  -1.868831E+00  -2.879424E+00  -2.271283E-01
           224      G     -7.639278E-03  -3.494266E-03   9.092984E-01  -2.253450E+01   8.167070E+00  -2.326710E-01
           225      G     -1.632085E-02   5.055135E-06   1.670260E+00  -9.935803E-03   3.673220E+00   1.534443E-04
           226      G     -3.441998E-03   2.091999E-03   1.170904E+00  -2.927500E+01   7.334703E+00  -1.854459E-02
           227      G     -1.250846E-02   5.833812E-06   2.109185E+00  -4.854104E-03   1.613016E+01   3.852521E-04
           228      G     -3.023464E-04  -9.315223E-03   1.338872E+00  -3.273395E+01   1.404664E-01  -5.263550E-03
           229      G     -4.796678E-04  -7.745774E-07   2.463366E+00  -2.989933E-04   1.324987E-01  -2.807999E-05
           230      G     -9.264065E-03   6.493227E-05   4.399441E-01  -1.106850E+01   1.734124E+01  -1.362543E-01
           231      G     -2.702225E-02   6.209361E-05   8.431488E-01  -5.574989E-02   3.325566E+01   8.532444E-03
           232      G      6.851437E-03  -3.999693E-03   9.374678E-01  -2.348193E+01  -8.350512E+00   2.283674E-01
           233      G      1.572302E-02  -3.759406E-06   1.729185E+00   3.704509E-03  -3.451089E+00   9.777032E-06
           234      G      2.852421E-03   2.113497E-03   1.187115E+00  -2.976978E+01  -6.662038E+00   1.705159E-02
           235      G      1.141960E-02  -2.772321E-06   2.139443E+00   1.064767E-03  -1.494283E+01   1.918045E-04
           236      G      9.388771E-03   1.212883E-04   4.529538E-01  -1.126356E+01  -1.888544E+01   1.089128E-01
           237      G      2.315091E-02  -1.599315E-06   8.718624E-01   3.060681E-03  -3.766116E+01  -4.206809E-05
           238      G     -7.710727E-03   3.497072E-03   9.095770E-01   2.237194E+01   8.142616E+00   2.319873E-01
1                                                       **STUDENT EDITION*    APRIL  18, 2026  MSC Nastran  3/ 3/26   PAGE    44
     DEFAULT                                                                                                                        
0                                                                                                            SUBCASE 1              
      EIGENVALUE =  2.332234E+06
          CYCLES =  2.430559E+02         R E A L   E I G E N V E C T O R   N O .          4
 
      POINT ID.   TYPE          T1             T2             T3             R1             R2             R3
           239      G     -3.480792E-03  -2.080630E-03   1.170984E+00   2.918176E+01   7.338601E+00   1.865901E-02
           240      G     -3.220571E-04   9.302429E-03   1.338899E+00   3.269432E+01   1.372019E-01   5.491520E-03
           241      G     -9.421399E-03  -6.095908E-05   4.408872E-01   1.076316E+01   1.733137E+01   1.378071E-01
           242      G      6.849127E-03   3.989390E-03   9.373918E-01   2.346864E+01  -8.352404E+00  -2.285144E-01
           243      G      2.842946E-03  -2.119118E-03   1.187091E+00   2.974565E+01  -6.662830E+00  -1.708357E-02
           244      G      9.393697E-03  -1.268626E-04   4.528575E-01   1.125432E+01  -1.888574E+01  -1.089508E-01
           300      G     -6.832420E-06   4.845952E-05   2.772279E-04   1.708422E-02   3.665424E-03   4.259964E-04
           301      G      2.822646E-05   5.877914E-05   4.205173E-04   2.490346E-02   1.061734E-02   8.350752E-03
           302      G     -1.466673E-05   8.834147E-05   6.065797E-04   3.881242E-02   2.189763E-03  -1.745822E-03
           303      G     -6.759036E-05   2.139769E-04   9.127524E-04  -1.993002E-02   2.812187E-03   6.303694E-03
           304      G     -1.303271E-05   1.297128E-04   4.125914E-04   3.407701E-04  -1.246157E-02   9.794345E-03
           305      G      5.492398E-05   3.383782E-04   4.083621E-03  -9.566563E-02   4.130567E-02  -2.539416E-02
           306      G      1.084507E-04   5.844980E-05   6.022188E-03  -1.002475E-02   4.102070E-02   8.086341E-03
           307      G     -2.641302E-05   3.665468E-05   2.790757E-04   1.745944E-02  -4.233637E-03  -1.641656E-03
           308      G     -6.602508E-05   5.261453E-05   4.250769E-04   2.474784E-02  -1.173956E-02  -1.124491E-02
           309      G      6.538107E-05   2.066142E-04   9.148477E-04  -9.788457E-03  -1.018239E-02  -5.956620E-03
           310      G     -1.290401E-05   1.208724E-04   4.088617E-04   1.930294E-03   1.347478E-02  -1.232716E-02
           311      G     -9.029099E-05   3.489860E-04   4.083145E-03  -1.223199E-01  -3.560169E-02   3.378334E-02
           312      G     -1.177749E-04   1.693145E-06   5.983171E-03  -6.790298E-05  -3.777260E-02  -6.752299E-05
           313      G      1.106952E-05   7.880985E-07   2.735169E-04  -1.752810E-02   4.638055E-03  -1.359219E-03
           314      G      4.892777E-05  -2.004979E-05   4.192334E-04  -2.519501E-02   1.157632E-02  -1.076379E-02
           315      G     -2.925178E-06  -6.190809E-05   6.064105E-04  -4.014409E-02   2.348288E-04   1.705978E-04
           316      G     -7.097053E-05  -1.456001E-04   9.040512E-04   9.696961E-03   1.368376E-02  -9.971777E-03
           317      G     -2.401397E-06  -8.187479E-05   4.055037E-04  -2.372870E-04  -1.383394E-02  -1.165401E-02
           318      G      7.578440E-05  -3.135726E-04   4.067553E-03   1.260594E-01   4.094201E-02   3.303471E-02
           319      G     -1.595088E-05  -1.980609E-05   2.796497E-04  -1.801204E-02  -4.200384E-03   1.822608E-03
           320      G     -5.565245E-05  -2.846974E-05   4.240409E-04  -2.525260E-02  -1.116075E-02   1.145148E-02
           321      G      7.639996E-05  -2.015406E-04   9.174930E-04   9.471844E-03  -9.612405E-03   6.061763E-03
           322      G     -2.466613E-06  -1.097971E-04   4.101140E-04  -2.729369E-03   1.350149E-02   1.254698E-02
           323      G     -8.289121E-05  -3.448200E-04   4.086298E-03   1.224197E-01  -3.546734E-02  -3.381648E-02
           324      G      4.638038E-05   4.545998E-05  -4.047960E-03   7.281003E-02  -7.693911E-02   2.031062E-03
           325      G      1.089562E-04   2.358217E-05  -5.773076E-03  -9.170950E-05   5.890447E-03   1.413526E-04
           326      G     -4.292286E-06   3.056702E-05  -6.945470E-03   1.420694E-01  -8.068808E-02   8.570736E-06
           327      G      1.016684E-04   1.860495E-05  -9.878799E-03   2.227030E-04  -1.486015E-01   1.846296E-04
           328      G     -1.351954E-05   9.025883E-05  -8.523929E-03   1.777211E-01  -2.950894E-04   4.996130E-04
           329      G     -7.827845E-06   1.468771E-05  -1.283155E-02  -3.356947E-04   1.648706E-03   8.052820E-05
           330      G      2.944150E-05   7.886204E-05   5.253442E-04  -2.405660E-02  -1.827397E-01   4.070441E-03
           331      G      2.355150E-04   2.011181E-05   4.281449E-04   5.593158E-04  -2.537092E-01  -7.113940E-04
           332      G     -7.260326E-05   3.281019E-05  -4.165243E-03   7.208131E-02   7.720445E-02  -1.445836E-03
           333      G     -1.252330E-04   8.492500E-06  -5.974119E-03  -2.361966E-04  -2.189912E-03   9.116014E-05
           334      G     -2.107260E-05   2.427412E-05  -7.018419E-03   1.425684E-01   7.930231E-02   2.506057E-04
           335      G     -1.153409E-04   1.141746E-05  -9.991745E-03  -2.078578E-04   1.441593E-01   1.322019E-04
           336      G     -5.826347E-05   5.667146E-05   4.141468E-04  -3.187220E-02   1.836945E-01  -4.223653E-03
           337      G     -2.520346E-04   5.431147E-06   2.935379E-04  -2.280085E-04   2.580899E-01   1.756728E-04
           338      G      5.627548E-05   4.801474E-07  -4.112749E-03  -6.916962E-02  -7.530985E-02  -1.555848E-03
           339      G      2.798075E-06   6.666942E-06  -6.995704E-03  -1.404504E-01  -8.049339E-02   2.670971E-04
           340      G     -5.385269E-06  -6.086074E-05  -8.558775E-03  -1.763523E-01   2.039432E-04   1.433126E-06
           341      G      4.560013E-05  -1.383126E-05   4.363244E-04   3.196028E-02  -1.833574E-01  -4.197574E-03
           342      G     -6.596556E-05  -1.543616E-05  -4.176916E-03  -7.168750E-02   7.743725E-02   1.546429E-03
           343      G     -1.369318E-05  -1.748839E-06  -7.037337E-03  -1.419953E-01   7.963391E-02  -7.748631E-05
1                                                       **STUDENT EDITION*    APRIL  18, 2026  MSC Nastran  3/ 3/26   PAGE    45
     DEFAULT                                                                                                                        
0                                                                                                            SUBCASE 1              
      EIGENVALUE =  2.332234E+06
          CYCLES =  2.430559E+02         R E A L   E I G E N V E C T O R   N O .          4
 
      POINT ID.   TYPE          T1             T2             T3             R1             R2             R3
           344      G     -5.140193E-05  -4.592592E-05   4.098152E-04   3.237202E-02   1.841144E-01   4.402705E-03
           400      G     -4.281153E-05   9.084657E-05   3.663813E-04   1.351342E-02  -2.288087E-03  -3.231877E-04
           401      G     -1.047175E-05   3.015475E-04   3.813747E-04   4.694871E-02   8.030358E-03   3.036783E-03
           402      G     -1.544804E-05   7.352635E-05   4.527150E-04   1.945114E-02  -3.162627E-05  -9.191831E-05
           403      G     -1.728959E-04   3.655875E-04   1.258830E-03  -1.078645E-02  -2.528130E-02  -8.918245E-03
           404      G     -8.663479E-05   9.450894E-05   6.242478E-04  -2.569497E-03  -1.240240E-03   4.777776E-03
           405      G      3.655974E-04   3.236846E-04   3.818067E-03  -8.210716E-02  -6.525638E-02  -1.228907E-02
           406      G      4.461718E-04   2.579487E-05   5.170252E-03   7.770427E-04  -8.650211E-02   1.336267E-03
           407      G      1.285593E-05   7.908812E-05   3.696984E-04   1.343530E-02   2.408124E-03   2.247353E-04
           408      G     -1.943763E-05   2.955583E-04   3.830971E-04   4.690588E-02  -7.990806E-03  -2.966591E-03
           409      G      1.444097E-04   3.440364E-04   1.262616E-03  -1.217064E-02   2.615772E-02   9.428805E-03
           410      G      5.851291E-05   7.696490E-05   6.283569E-04  -2.736279E-03   9.137901E-04  -4.372000E-03
           411      G     -3.879320E-04   2.986186E-04   3.808732E-03  -8.059575E-02   6.523648E-02   1.301557E-02
           412      G     -4.602718E-04   3.657817E-06   5.145354E-03  -5.271601E-05   8.641386E-02   8.111104E-05
           413      G     -2.636193E-05  -4.671864E-05   3.640541E-04  -1.332611E-02  -2.397560E-03   3.783645E-04
           414      G      5.668524E-06  -2.636408E-04   3.787618E-04  -4.685937E-02   8.081630E-03  -2.916654E-03
           415      G      8.570806E-07  -4.196496E-05   4.514307E-04  -1.946301E-02   8.035031E-05   1.369784E-04
           416      G     -1.557695E-04  -3.073056E-04   1.250902E-03   1.275065E-02  -2.647228E-02   8.987647E-03
           417      G     -7.038425E-05  -4.307189E-05   6.198696E-04   2.750477E-03  -6.831749E-04  -4.474913E-03
           418      G      3.728976E-04  -2.618141E-04   3.802533E-03   8.080591E-02  -6.510271E-02   1.254652E-02
           419      G      2.818491E-05  -5.942884E-05   3.703086E-04  -1.350716E-02   2.485001E-03   1.008626E-05
           420      G     -3.815567E-06  -2.698912E-04   3.825397E-04  -4.693404E-02  -7.957061E-03   3.170967E-03
           421      G      1.598824E-04  -3.364859E-04   1.266158E-03   1.204950E-02   2.634042E-02  -9.233303E-03
           422      G      7.381273E-05  -6.322141E-05   6.300496E-04   2.564494E-03   9.681207E-04   4.592889E-03
           423      G     -3.803648E-04  -2.913695E-04   3.811374E-03   8.056710E-02   6.535912E-02  -1.287574E-02
           424      G      1.359430E-04   1.261168E-04  -1.447686E-02   3.772597E-01  -1.736681E-01   6.296015E-03
           425      G      3.832323E-04   2.220537E-05  -2.710935E-02   1.109429E-04  -7.632414E-02   1.775946E-04
           426      G      4.861472E-05   2.789192E-05  -1.992462E-02   5.017222E-01  -1.439781E-01   2.567101E-04
           427      G      2.628666E-04   1.903533E-05  -3.588552E-02  -3.335304E-05  -3.205692E-01   1.053221E-04
           428      G     -1.102037E-05   2.688520E-04  -2.314529E-02   6.006615E-01  -1.220401E-04   1.357534E-04
           429      G     -7.318437E-06   1.588746E-05  -4.303049E-02   2.018087E-05  -2.120396E-06   1.051590E-04
           430      G      2.103361E-04   8.963560E-05  -4.970159E-03   1.517583E-01  -3.504833E-01   5.905890E-03
           431      G      6.230247E-04   2.588907E-05  -1.102748E-02   4.935255E-04  -6.487229E-01  -2.678302E-04
           432      G     -1.579610E-04   1.139595E-04  -1.448521E-02   3.775167E-01   1.732396E-01  -6.082837E-03
           433      G     -3.980123E-04   9.865121E-06  -2.712371E-02  -2.412786E-05   7.634232E-02   1.066580E-04
           434      G     -7.088532E-05   2.171527E-05  -1.992741E-02   5.018196E-01   1.440346E-01  -5.315148E-05
           435      G     -2.773970E-04   1.286068E-05  -3.589275E-02  -1.584117E-05   3.202276E-01   1.146128E-04
           436      G     -2.325969E-04   7.215961E-05  -4.981902E-03   1.523564E-01   3.507821E-01  -5.711489E-03
           437      G     -6.376175E-04   6.740358E-06  -1.104593E-02  -3.852362E-05   6.485998E-01   1.180244E-04
           438      G      1.433976E-04  -8.167974E-05  -1.448546E-02  -3.771862E-01  -1.730029E-01  -6.112794E-03
           439      G      5.628338E-05   1.007535E-05  -1.992757E-02  -5.015444E-01  -1.441371E-01  -4.364212E-05
           440      G     -3.397084E-06  -2.371135E-04  -2.314858E-02  -6.005854E-01   1.043287E-05   8.488966E-05
           441      G      2.174504E-04  -3.947246E-05  -4.986953E-03  -1.519713E-01  -3.507221E-01  -5.655131E-03
           442      G     -1.502623E-04  -9.422025E-05  -1.448556E-02  -3.774907E-01   1.732517E-01   6.243523E-03
           443      G     -6.316988E-05   3.853952E-06  -1.992869E-02  -5.017597E-01   1.440927E-01   2.566478E-04
           444      G     -2.249513E-04  -5.857256E-05  -4.981565E-03  -1.523109E-01   3.508495E-01   5.912470E-03
           445      G     -4.549140E-04   9.414093E-04   1.351836E-03  -3.741390E-02  -1.782931E-02  -2.274915E-02
           446      G     -3.487259E-04   3.194183E-04   7.381915E-04  -2.290224E-02  -2.023705E-02   5.355777E-03
           447      G     -2.152641E-04   9.387180E-05   4.391014E-04  -2.108388E-02  -4.656368E-03   6.633188E-03
           448      G     -9.768140E-05  -4.685270E-06   4.007828E-04  -1.920154E-02   2.553481E-03   5.840263E-03
1                                                       **STUDENT EDITION*    APRIL  18, 2026  MSC Nastran  3/ 3/26   PAGE    46
     DEFAULT                                                                                                                        
0                                                                                                            SUBCASE 1              
      EIGENVALUE =  2.332234E+06
          CYCLES =  2.430559E+02         R E A L   E I G E N V E C T O R   N O .          4
 
      POINT ID.   TYPE          T1             T2             T3             R1             R2             R3
           449      G     -1.401385E-05  -3.800648E-05   4.373113E-04  -6.363815E-03   4.326190E-05   1.192067E-04
           450      G     -3.414166E-05   7.159436E-04   3.706173E-03  -5.606179E-02  -4.840453E-02  -3.693020E-02
           451      G      4.619109E-05   2.673789E-05   4.862077E-03   1.318835E-04  -7.642314E-02   2.340271E-04
           452      G      4.261746E-04   9.142555E-04   1.354984E-03  -3.670278E-02   1.767205E-02   2.297007E-02
           453      G      3.200735E-04   3.007971E-04   7.424509E-04  -2.267626E-02   2.029177E-02  -5.134989E-03
           454      G      1.870668E-04   8.216588E-05   4.424402E-04  -2.103000E-02   4.706202E-03  -6.362477E-03
           455      G      6.940870E-05  -1.039490E-05   4.026805E-04  -1.917138E-02  -2.488451E-03  -5.655741E-03
           456      G      1.599338E-05   6.896048E-04   3.695730E-03  -5.578744E-02   4.847286E-02   3.697718E-02
           457      G     -5.554305E-05   4.473237E-06   4.842477E-03  -3.530494E-05   7.596757E-02   1.066578E-04
           458      G     -4.360124E-04  -8.845579E-04   1.342664E-03   3.673221E-02  -1.747791E-02   2.282065E-02
           459      G     -3.301885E-04  -2.704851E-04   7.335281E-04   2.274557E-02  -2.019222E-02  -5.182997E-03
           460      G     -1.973446E-04  -5.110293E-05   4.361458E-04   2.097476E-02  -4.605094E-03  -6.390894E-03
           461      G     -7.998396E-05   4.178429E-05   3.986369E-04   1.911471E-02   2.569705E-03  -5.632140E-03
           462      G      3.468918E-06   6.954142E-05   4.357819E-04   6.294241E-03   6.643747E-05   9.895305E-05
           463      G     -2.543520E-05  -6.618760E-04   3.694007E-03   5.640638E-02  -4.788163E-02   3.733165E-02
           464      G      4.436221E-04  -9.055867E-04   1.358621E-03   3.670279E-02   1.771263E-02  -2.278103E-02
           465      G      3.374578E-04  -2.861679E-04   7.443816E-04   2.266346E-02   2.035004E-02   5.349357E-03
           466      G      2.044314E-04  -6.172769E-05   4.429733E-04   2.097687E-02   4.748676E-03   6.580034E-03
           467      G      8.684034E-05   3.636622E-05   4.020450E-04   1.911118E-02  -2.449603E-03   5.863257E-03
           468      G      2.446174E-05  -6.807811E-04   3.698250E-03   5.573825E-02   4.852423E-02  -3.677891E-02
           469      G     -1.666350E-04   6.971216E-04   2.428781E-03  -5.915788E-02  -3.276688E-02   2.514654E-02
           470      G     -1.295801E-04   3.188666E-04   1.823367E-03  -7.254678E-02  -1.487685E-02   8.380445E-03
           471      G     -8.562855E-05   6.247303E-05   1.529258E-03  -5.610030E-02  -4.074168E-03   5.702637E-03
           472      G     -4.740293E-05  -1.406871E-05   1.479168E-03  -5.561257E-02  -7.656596E-04   1.575951E-03
           473      G     -1.155373E-05  -3.534065E-05   1.413996E-03  -5.298549E-02  -2.093105E-05   1.107806E-04
           474      G      1.658248E-05   2.025944E-04   3.100636E-03  -3.701938E-02  -7.512071E-04   1.328470E-02
           475      G      2.202822E-05   5.959703E-05   3.074032E-03  -6.687899E-02   2.813398E-03   3.149356E-03
           476      G      5.648962E-06  -1.162286E-05   3.051271E-03  -6.323574E-02  -1.726864E-03   1.975779E-03
           477      G     -9.015515E-06  -2.665601E-05   2.972908E-03  -6.436079E-02  -7.898090E-05   1.120734E-04
           478      G      1.743658E-05   3.015758E-04   4.581603E-03  -3.036220E-02  -6.068539E-02   1.005204E-02
           479      G      1.106163E-04   1.476118E-04   3.962106E-03  -4.009661E-02   1.434988E-02   1.950013E-03
           480      G      8.073425E-05   3.565257E-05   4.266738E-03  -3.756660E-02   1.032579E-02   2.377098E-03
           481      G      4.000991E-05   3.412773E-06   4.316737E-03  -4.226109E-02  -6.818715E-04   1.020172E-03
           482      G      1.189209E-04   2.433490E-05   4.281142E-03   2.602167E-05   1.903146E-02   7.764580E-05
           483      G      1.075419E-04   2.135820E-05   4.692934E-03   5.933054E-05   1.820445E-02   1.080913E-04
           484      G      5.357899E-05   1.855295E-05   4.811582E-03   3.280276E-05  -3.898389E-03   1.032867E-04
           485      G     -6.722014E-06  -9.421051E-06   4.244803E-03  -3.970243E-02  -1.422330E-04   1.067723E-04
           486      G     -4.529222E-06   1.574676E-05   4.709887E-03   2.431090E-05  -1.565859E-04   1.034172E-04
           487      G      1.433731E-04   6.709192E-04   2.422779E-03  -5.895149E-02   3.270262E-02  -2.485795E-02
           488      G      1.064212E-04   3.002718E-04   1.819853E-03  -7.208348E-02   1.479688E-02  -8.128168E-03
           489      G      6.250749E-05   5.085676E-05   1.528180E-03  -5.582196E-02   4.028920E-03  -5.474281E-03
           490      G      2.435251E-05  -1.977885E-05   1.478634E-03  -5.546142E-02   7.760966E-04  -1.344588E-03
           491      G     -3.455509E-05   1.846182E-04   3.089979E-03  -3.681347E-02   7.248176E-04  -1.301604E-02
           492      G     -3.996010E-05   4.805572E-05   3.066106E-03  -6.658281E-02  -2.910594E-03  -2.923900E-03
           493      G     -2.366936E-05  -1.729644E-05   3.046921E-03  -6.307498E-02   1.571778E-03  -1.754967E-03
           494      G     -3.115642E-05   2.773325E-04   4.564278E-03  -3.002572E-02   6.049557E-02  -9.800923E-03
           495      G     -1.237774E-04   1.300099E-04   3.947592E-03  -3.997403E-02  -1.431828E-02  -1.731145E-03
           496      G     -9.403754E-05   2.430867E-05   4.254178E-03  -3.743837E-02  -1.045073E-02  -2.159264E-03
           497      G     -5.339962E-05  -2.224795E-06   4.309485E-03  -4.216630E-02   4.426677E-04  -8.051813E-04
           498      G     -1.278017E-04   7.312851E-06   4.266291E-03  -1.408494E-05  -1.897959E-02   1.015474E-04
1                                                       **STUDENT EDITION*    APRIL  18, 2026  MSC Nastran  3/ 3/26   PAGE    47
     DEFAULT                                                                                                                        
0                                                                                                            SUBCASE 1              
      EIGENVALUE =  2.332234E+06
          CYCLES =  2.430559E+02         R E A L   E I G E N V E C T O R   N O .          4
 
      POINT ID.   TYPE          T1             T2             T3             R1             R2             R3
           499      G     -1.164252E-04   1.020263E-05   4.679631E-03   1.561244E-06  -1.829963E-02   1.032184E-04
           500      G     -6.260252E-05   1.296900E-05   4.803523E-03   1.431301E-05   3.635504E-03   1.030698E-04
           501      G     -1.530028E-04  -6.417204E-04   2.412455E-03   5.912053E-02  -3.233228E-02  -2.491300E-02
           502      G     -1.163845E-04  -2.699841E-04   1.816179E-03   7.252483E-02  -1.470125E-02  -8.141302E-03
           503      G     -7.238624E-05  -1.977086E-05   1.525126E-03   5.609982E-02  -4.004075E-03  -5.493620E-03
           504      G     -3.427619E-05   5.113524E-05   1.476161E-03   5.561381E-02  -7.398130E-04  -1.366628E-03
           505      G      1.501266E-06   6.683907E-05   1.411765E-03   5.298252E-02   1.102254E-05   9.096265E-05
           506      G      2.513638E-05  -1.537745E-04   3.095506E-03   3.710112E-02  -6.731448E-04  -1.310201E-02
           507      G      3.054936E-05  -1.688468E-05   3.070812E-03   6.693617E-02   2.861840E-03  -2.933386E-03
           508      G      1.420396E-05   4.869764E-05   3.048854E-03   6.327119E-02  -1.698041E-03  -1.767896E-03
           509      G     -4.861275E-07   5.814384E-05   2.971088E-03   6.438958E-02  -5.784388E-05   9.487201E-05
           510      G      2.179483E-05  -2.471857E-04   4.575909E-03   3.070200E-02  -6.043492E-02  -9.900287E-03
           511      G      1.148491E-04  -9.910794E-05   3.959684E-03   4.031904E-02   1.438335E-02  -1.728088E-03
           512      G      8.497807E-05   7.117899E-06   4.264882E-03   3.763481E-02   1.034020E-02  -2.173542E-03
           513      G      4.426783E-05   3.367162E-05   4.315338E-03   4.232323E-02  -6.608961E-04  -8.115229E-04
           514      G     -2.459269E-06   4.091455E-05   4.243794E-03   3.974609E-02  -1.279679E-04   9.971640E-05
           515      G      1.562996E-04  -6.621230E-04   2.426127E-03   5.892648E-02   3.274904E-02   2.506877E-02
           516      G      1.193441E-04  -2.856540E-04   1.821475E-03   7.206670E-02   1.485478E-02   8.331471E-03
           517      G      7.545668E-05  -3.043166E-05   1.528099E-03   5.580935E-02   4.083514E-03   5.677014E-03
           518      G      3.733199E-05   4.573547E-05   1.477309E-03   5.544987E-02   8.079896E-04   1.549349E-03
           519      G     -2.610056E-05  -1.699902E-04   3.091106E-03   3.678718E-02   7.637622E-04   1.322168E-02
           520      G     -3.148884E-05  -2.764277E-05   3.065970E-03   6.658389E-02  -2.870396E-03   3.128940E-03
           521      G     -1.516714E-05   4.324004E-05   3.045779E-03   6.309348E-02   1.602005E-03   1.960258E-03
           522      G     -2.692045E-05  -2.684461E-04   4.565649E-03   2.996013E-02   6.052109E-02   1.000460E-02
           523      G     -1.195540E-04  -1.153782E-04   3.948194E-03   3.994455E-02  -1.429693E-02   1.935642E-03
           524      G     -8.979837E-05  -3.902342E-06   4.254111E-03   3.744152E-02  -1.042928E-02   2.364025E-03
           525      G     -4.914779E-05   2.816317E-05   4.308873E-03   4.219435E-02   4.594514E-04   1.010949E-03
          1000      G     -1.662450E-05  -4.186907E-04   7.242500E-04  -2.216577E-02   3.034234E-04  -4.543573E-03
          1001      G     -3.036333E-04  -2.010246E-04   1.528109E-04   3.818479E-04  -4.631160E-04  -1.938770E-01
          1002      G     -5.256286E-04   4.040491E-04   1.793469E-04   1.410975E-04  -4.928209E-04  -3.045513E-01
          1003      G     -1.055344E-05   7.371696E-05  -2.827448E-01   1.075141E+01  -8.589829E-04   1.082181E-04
          1004      G     -4.576774E-04   2.371706E-04  -2.552790E-01   9.190705E+00  -1.620209E+00  -2.936861E-03
          1005      G     -8.015020E-04   2.724957E-04  -1.908042E-01   7.107077E+00  -3.010475E+00  -1.333540E-02
          1006      G     -8.264511E-06   2.658338E-06  -5.315551E-01   4.091745E-05   2.150451E-03   1.657631E-04
          1007      G     -1.088263E-03   7.903853E-06  -4.614069E-01  -7.649828E-05  -5.346713E+00   1.233268E-04
          1008      G     -2.614442E-03   9.370516E-06  -3.606760E-01  -2.941921E-04  -7.972575E-01   1.385830E-04
          1009      G     -3.624071E-04   3.108929E-04   9.333822E-05  -6.422467E-05  -5.318637E-05  -1.050898E-01
          1010      G     -3.024778E-05  -3.442040E-04   1.219293E-04   7.984730E-06  -1.844506E-04   6.938603E-02
          1011      G     -1.532889E-03   1.782441E-04  -8.640250E-02   3.260864E+00  -4.549437E+00  -2.017774E-02
          1012      G     -2.043413E-03  -3.564934E-04   1.072302E-03  -6.228580E-01  -7.142033E-01   2.312259E+00
          1013      G     -2.670243E-03   1.521542E-05  -1.806924E-01   1.508220E-03  -1.134969E+01   2.538733E-04
          1014      G     -3.163897E-03   2.069361E-05   4.356883E-04   1.430628E-03  -8.899400E-01  -1.692557E-03
          1015      G      2.718660E-04  -2.240894E-04   1.569994E-04   3.991968E-04   4.427574E-04   1.897063E-01
          1016      G      4.987275E-04   4.174497E-04   1.829579E-04   1.759209E-04   4.724682E-04   3.028096E-01
          1017      G      4.330548E-04   2.310766E-04  -2.553023E-01   9.189734E+00   1.620654E+00   3.360072E-03
          1018      G      7.802975E-04   2.398138E-04  -1.908427E-01   7.104270E+00   3.009389E+00   1.345275E-02
          1019      G      1.075634E-03  -1.777258E-06  -4.614450E-01   2.596528E-04   5.340920E+00   1.384012E-04
          1020      G      2.594711E-03  -4.739932E-06  -3.607408E-01   4.200346E-04   8.018997E-01   1.272102E-04
          1021      G      3.547490E-04   2.065562E-04   8.999713E-05  -4.877582E-05   9.279061E-05   1.278705E-01
          1022      G     -4.237143E-06  -3.026396E-04   1.197500E-04   6.629894E-05   2.507271E-04  -6.333629E-02
1                                                       **STUDENT EDITION*    APRIL  18, 2026  MSC Nastran  3/ 3/26   PAGE    48
     DEFAULT                                                                                                                        
0                                                                                                            SUBCASE 1              
      EIGENVALUE =  2.332234E+06
          CYCLES =  2.430559E+02         R E A L   E I G E N V E C T O R   N O .          4
 
      POINT ID.   TYPE          T1             T2             T3             R1             R2             R3
          1023      G      1.495219E-03   1.644146E-04  -8.647256E-02   3.255062E+00   4.548457E+00   2.016513E-02
          1024      G      2.002262E-03  -3.941395E-04   1.041460E-03  -6.351256E-01   7.195623E-01  -2.403005E+00
          1025      G      2.652700E-03  -7.929828E-06  -1.807387E-01   5.746202E-04   1.134834E+01   1.350231E-04
          1026      G      3.148755E-03  -1.125383E-05   4.563993E-04   1.421450E-04   8.968290E-01  -3.970413E-03
          1027      G      5.676654E-06   4.231998E-04   7.249232E-04   2.219278E-02   6.994127E-04  -5.600296E-03
          1028      G     -2.786228E-04   2.020002E-04   1.516824E-04  -4.355442E-04  -4.523728E-04   1.770371E-01
          1029      G     -5.018731E-04  -3.647128E-04   1.779608E-04  -1.842648E-04  -4.821060E-04   2.883373E-01
          1030      G      1.946722E-06  -7.046251E-05  -2.827499E-01  -1.074997E+01  -6.925398E-04   1.930946E-04
          1031      G     -4.476124E-04  -2.226451E-04  -2.552827E-01  -9.188161E+00  -1.620514E+00   3.332915E-03
          1032      G     -7.897561E-04  -2.432920E-04  -1.908122E-01  -7.102727E+00  -3.009592E+00   1.359765E-02
          1033      G     -3.451540E-04  -2.454981E-04   9.247640E-05   9.661066E-05  -6.871765E-05   1.116674E-01
          1034      G      9.174052E-06   3.324328E-04   1.214637E-04  -5.288999E-07  -2.162418E-04  -7.591665E-02
          1035      G     -1.508790E-03  -1.514093E-04  -8.644361E-02  -3.255772E+00  -4.548135E+00   2.038048E-02
          1036      G     -2.023451E-03   3.957828E-04   1.022608E-03   6.322470E-01  -7.147058E-01  -2.383853E+00
          1037      G      2.931387E-04   2.236307E-04   1.572249E-04  -3.809252E-04   4.483200E-04  -2.016099E-01
          1038      G      5.193678E-04  -4.305430E-04   1.833154E-04  -1.600591E-04   4.780727E-04  -3.143982E-01
          1039      G      4.445597E-04  -2.341557E-04  -2.553100E-01  -9.189001E+00   1.620499E+00  -3.105824E-03
          1040      G      7.915065E-04  -2.498112E-04  -1.908533E-01  -7.103964E+00   3.009318E+00  -1.320610E-02
          1041      G      3.747973E-04  -2.237368E-04   9.027013E-05   5.005020E-05   9.489616E-05  -1.361479E-01
          1042      G      1.507247E-03  -1.801669E-04  -8.648592E-02  -3.255018E+00   4.548330E+00  -1.992886E-02
          1043      G      2.013578E-03   3.723508E-04   1.039138E-03   6.355975E-01   7.206147E-01   2.396175E+00
          1044      G      1.748678E-05   2.850872E-04   1.200716E-04  -6.357374E-05   2.515909E-04   5.406880E-02
          2000      G      1.509373E-04   2.364419E-03   1.083230E-03   4.161581E-02  -1.874533E-03   9.458927E-02
          2001      G      8.802899E-04  -3.364436E-04   2.958771E-04  -3.137872E-03  -7.768023E-04   4.054933E-01
          2002      G      1.570229E-03   2.596577E-04   2.530388E-04  -1.118232E-03  -6.821203E-04   7.495584E-01
          2003      G      2.526787E-04  -7.949041E-04   1.316781E+00  -4.996369E+01   2.812913E-01   2.496727E-03
          2004      G      2.078904E-03  -7.863442E-04   1.184416E+00  -4.284102E+01   7.534350E+00   2.569331E-02
          2005      G      3.141030E-03  -8.350536E-04   8.892411E-01  -3.334296E+01   1.364405E+01   6.838455E-02
          2006      G      5.490485E-04   6.844837E-07   2.463467E+00  -3.010021E-04   1.325294E-01   1.310112E-03
          2007      G      5.142640E-03   2.354492E-05   2.135476E+00  -9.230669E-03   2.476514E+01   1.779070E-03
          2008      G      1.174670E-02   8.157163E-05   1.670299E+00  -9.941221E-03   3.674830E+00   2.230459E-03
          2009      G      7.124341E-04  -2.677221E-04   9.352335E-05   6.036945E-04  -1.356507E-03   4.446225E-01
          2010      G     -1.088008E-03   9.757671E-04   6.290506E-06   1.773910E-04  -5.754627E-04  -5.225181E-01
          2011      G      5.626304E-03  -1.397381E-04   4.136892E-01  -1.599440E+01   2.078830E+01   9.562668E-02
          2012      G      7.529790E-03   2.354545E-03   1.785026E-02   1.233008E+00   2.970124E+00  -6.554265E+00
          2013      G      1.132091E-02   1.450847E-04   8.483531E-01  -7.046083E-02   5.184831E+01   2.249391E-03
          2014      G      1.272839E-02   1.969291E-04   2.427195E-02  -1.250052E-02   3.846250E+00  -3.610110E-02
          2015      G     -6.338282E-04  -3.613299E-04   3.023848E-04  -3.193247E-03   7.318396E-04  -2.704982E-01
          2016      G     -1.426557E-03   2.681565E-04   2.594367E-04  -1.061322E-03   6.602707E-04  -6.658783E-01
          2017      G     -1.555491E-03  -7.929409E-04   1.200715E+00  -4.342850E+01  -6.945478E+00  -2.076015E-02
          2018      G     -2.691497E-03  -8.775398E-04   9.166723E-01  -3.446228E+01  -1.358132E+01  -6.161316E-02
          2019      G     -4.154679E-03  -2.125895E-05   2.166183E+00  -1.418900E-03  -2.303264E+01   1.058943E-03
          2020      G     -1.062926E-02  -3.357026E-05   1.729212E+00   3.703629E-03  -3.453003E+00   8.936536E-04
          2021      G     -8.049696E-04  -4.405385E-04   9.036717E-05   6.972859E-04   1.496765E-03  -4.698730E-01
          2022      G      9.371051E-04   8.705265E-04   5.374662E-06   1.998005E-04   7.184445E-04   4.626175E-01
          2023      G     -5.214344E-03  -2.321727E-04   4.277221E-01  -1.631519E+01  -2.167779E+01  -8.338412E-02
          2024      G     -7.325130E-03   1.775709E-03   1.751479E-02   1.866981E+00  -2.889241E+00   8.635264E+00
          2025      G     -1.025702E-02  -5.337544E-05   8.780633E-01   3.185265E-03  -5.393226E+01   8.775203E-04
          2026      G     -1.148708E-02  -7.256659E-05   2.348947E-02  -1.591604E-03  -3.679414E+00  -4.065188E-02
          2027      G      3.637383E-04  -2.349898E-03   1.076537E-03  -4.317297E-02   1.243203E-03  -1.869964E-01
1                                                       **STUDENT EDITION*    APRIL  18, 2026  MSC Nastran  3/ 3/26   PAGE    49
     DEFAULT                                                                                                                        
0                                                                                                            SUBCASE 1              
      EIGENVALUE =  2.332234E+06
          CYCLES =  2.430559E+02         R E A L   E I G E N V E C T O R   N O .          4
 
      POINT ID.   TYPE          T1             T2             T3             R1             R2             R3
          2028      G      1.144967E-03   3.422330E-04   2.944795E-04   3.061528E-03  -7.647599E-04  -5.417263E-01
          2029      G      1.907312E-03  -2.094427E-04   2.515674E-04   1.039470E-03  -6.664045E-04  -9.219022E-01
          2030      G      4.009096E-04   7.885794E-04   1.316749E+00   4.988154E+01   2.728821E-01  -6.498991E-04
          2031      G      2.248962E-03   8.205907E-04   1.184462E+00   4.271129E+01   7.544082E+00  -2.285596E-02
          2032      G      3.319015E-03   9.588080E-04   8.895207E-01   3.312261E+01   1.360652E+01  -6.432415E-02
          2033      G      1.130109E-03   5.409485E-04   9.219439E-05  -6.191882E-04  -1.379052E-03  -6.397685E-01
          2034      G     -6.647933E-04  -6.046652E-04   1.015006E-05  -7.909754E-05  -6.003481E-04   3.240273E-01
          2035      G      5.815705E-03   3.843508E-04   4.148561E-01   1.568897E+01   2.077550E+01  -8.924203E-02
          2036      G      7.762606E-03  -1.833420E-03   1.812148E-02  -1.833305E+00   3.038384E+00   8.688964E+00
          2037      G     -4.515808E-04   3.592288E-04   3.025595E-04   3.212079E-03   7.385135E-04   1.783781E-01
          2038      G     -1.257645E-03  -2.851251E-04   2.598070E-04   1.090119E-03   6.676085E-04   5.804104E-01
          2039      G     -1.432602E-03   7.689775E-04   1.200649E+00   4.338078E+01  -6.942436E+00   2.236173E-02
          2040      G     -2.592403E-03   8.192369E-04   9.165503E-01   3.443069E+01  -1.358602E+01   6.334840E-02
          2041      G     -6.410417E-04   3.507864E-04   9.060989E-05  -6.949985E-04   1.499090E-03   3.896946E-01
          2042      G      1.096866E-03  -1.024790E-03   5.547642E-06  -2.022008E-04   7.226655E-04  -5.405072E-01
          2043      G     -5.130817E-03   1.343087E-04   4.275773E-01   1.629778E+01  -2.167619E+01   8.522986E-02
          2044      G     -7.246786E-03  -1.921486E-03   1.748129E-02  -1.869749E+00  -2.881082E+00  -8.715256E+00
          3000      G     -2.267789E-06  -2.162367E-04   4.512022E-04   3.879766E-02   2.189550E-03  -7.575880E-04
          3001      G      5.059857E-05  -1.382888E-04   3.205312E-04   2.491062E-02   1.061796E-02  -3.932212E-02
          3002      G      8.578666E-05  -8.703409E-05   2.087515E-04   1.708525E-02   3.665954E-03   3.128001E-02
          3003      G      2.450055E-06  -8.229989E-05  -6.738926E-03   2.655168E-01  -1.412228E-03   1.088197E-04
          3004      G      1.004756E-04  -7.359234E-05  -5.402725E-03   1.995123E-01  -7.368211E-02   6.320129E-04
          3005      G      2.034750E-04  -4.356250E-05  -2.783787E-03   1.185997E-01  -1.099105E-01   1.277179E-03
          3006      G      5.407865E-06   1.738386E-05  -1.283192E-02  -3.356841E-04   1.648748E-03   1.222063E-04
          3007      G      9.460188E-05   2.109674E-05  -9.690958E-03   7.115965E-04  -2.344614E-01   1.199861E-04
          3008      G      1.633066E-04   2.436513E-05  -5.773031E-03  -9.167217E-05   5.888348E-03   9.873636E-05
          3009      G      1.111766E-04   1.432931E-05   3.867004E-04   3.360263E-04  -1.245913E-02   1.019647E-01
          3010      G      1.004757E-04   2.226260E-04   1.003872E-03  -1.992299E-02   2.805037E-03   6.755549E-02
          3011      G      2.837571E-04   1.092864E-05   1.346362E-03  -6.014582E-03  -1.832494E-01   2.903961E-03
          3012      G      3.743046E-04   1.247847E-04   4.248314E-03  -9.566451E-02   4.125619E-02   5.118776E-01
          3013      G      3.206756E-04   2.555322E-05   5.550597E-04   8.893372E-04  -4.053115E-01   1.669342E-04
          3014      G      4.239800E-04   3.429818E-05   6.185707E-03  -1.002481E-02   4.096773E-02   4.378718E-02
          3015      G     -5.535539E-05  -1.432563E-04   3.257290E-04   2.475529E-02  -1.173995E-02   6.317021E-02
          3016      G     -8.966371E-05  -1.017207E-04   2.090867E-04   1.745992E-02  -4.233932E-03  -1.314247E-02
          3017      G     -9.520786E-05  -8.019737E-05  -5.472634E-03   2.000484E-01   7.284051E-02  -4.155340E-04
          3018      G     -1.973479E-04  -5.546808E-05  -2.888384E-03   1.172866E-01   1.086836E-01  -1.045017E-03
          3019      G     -8.219919E-05   1.396806E-05  -9.804212E-03  -5.545229E-05   2.251252E-01   1.187084E-04
          3020      G     -1.500102E-04   1.038165E-05  -5.974080E-03  -2.361752E-04  -2.187800E-03   1.151909E-04
          3021      G     -1.127198E-04   9.243379E-07   3.746222E-04   1.925810E-03   1.347293E-02  -9.129218E-02
          3022      G     -1.015437E-04   1.945613E-04   9.947901E-04  -9.780763E-03  -1.017487E-02  -3.799600E-02
          3023      G     -2.767127E-04  -9.056350E-06   1.225133E-03  -1.351126E-02   1.834060E-01  -2.755794E-03
          3024      G     -3.644947E-04   1.085123E-04   4.225021E-03  -1.223149E-01  -3.555310E-02  -6.395036E-01
          3025      G     -3.048751E-04   7.316871E-06   4.120185E-04  -3.724146E-04   4.077256E-01   1.081025E-04
          3026      G     -4.076180E-04   4.415644E-06   6.133778E-03  -6.790940E-05  -3.772006E-02   1.157617E-03
          3027      G      1.633664E-05   2.531912E-04   4.457107E-04  -4.012908E-02   2.349031E-04  -8.857491E-03
          3028      G      6.966631E-05   1.793928E-04   3.180954E-04  -2.520226E-02   1.157681E-02   4.635579E-02
          3029      G      1.041504E-04   1.397538E-04   2.032509E-04  -1.752899E-02   4.638415E-03  -2.671678E-02
          3030      G      1.167914E-05   1.173982E-04  -6.772479E-03  -2.626282E-01  -6.550278E-04   1.418897E-04
          3031      G      1.095647E-04   1.164717E-04  -5.452647E-03  -1.968786E-01  -7.366768E-02  -3.853794E-04
          3032      G      2.128785E-04   9.253947E-05  -2.841141E-03  -1.127978E-01  -1.085062E-01  -1.003135E-03
1                                                       **STUDENT EDITION*    APRIL  18, 2026  MSC Nastran  3/ 3/26   PAGE    50
     DEFAULT                                                                                                                        
0                                                                                                            SUBCASE 1              
      EIGENVALUE =  2.332234E+06
          CYCLES =  2.430559E+02         R E A L   E I G E N V E C T O R   N O .          4
 
      POINT ID.   TYPE          T1             T2             T3             R1             R2             R3
          3033      G      1.249748E-04   3.979379E-05   3.773476E-04  -2.321922E-04  -1.383208E-02  -1.071538E-01
          3034      G      1.062098E-04  -1.508976E-04   9.976040E-04   9.689777E-03   1.367695E-02  -2.506981E-02
          3035      G      2.956112E-04   4.897249E-05   1.263755E-03   1.422631E-02  -1.835246E-01  -2.784703E-03
          3036      G      3.919280E-04  -7.219048E-05   4.230815E-03   1.260547E-01   4.089100E-02  -6.540577E-01
          3037      G     -3.682771E-05   1.714188E-04   3.226641E-04  -2.526001E-02  -1.116106E-02  -6.515078E-02
          3038      G     -7.166770E-05   1.229612E-04   2.074522E-04  -1.801252E-02  -4.200688E-03   9.331394E-03
          3039      G     -8.636418E-05   1.084604E-04  -5.490234E-03  -1.987502E-01   7.291210E-02   6.613730E-04
          3040      G     -1.887049E-04   7.641985E-05  -2.898109E-03  -1.163259E-01   1.092161E-01   1.288211E-03
          3041      G     -9.555883E-05   1.327726E-05   3.726234E-04  -2.724917E-03   1.349967E-02   8.782594E-02
          3042      G     -8.520169E-05  -1.876679E-04   9.938951E-04   9.464050E-03  -9.604757E-03   3.751882E-02
          3043      G     -2.682878E-04   2.330784E-05   1.223875E-03   1.440911E-02   1.836564E-01   2.980039E-03
          3044      G     -3.560103E-04  -9.993638E-05   4.227632E-03   1.224147E-01  -3.541866E-02   6.421355E-01
          4000      G     -1.574332E-05  -7.318914E-05   3.734186E-04   1.944992E-02  -3.159765E-05   7.002649E-05
          4001      G     -3.622182E-05  -6.431450E-05   1.916300E-04   4.697957E-02   8.033241E-03  -4.771380E-02
          4002      G     -5.850998E-05  -1.161980E-05   3.112550E-04   1.352359E-02  -2.288839E-03   1.570639E-03
          4003      G     -1.159441E-05  -1.357462E-05  -2.290039E-02   8.879882E-01  -1.085948E-04   1.041396E-04
          4004      G     -3.668964E-05   3.677909E-06  -2.046184E-02   7.266133E-01  -1.500277E-01   1.131123E-04
          4005      G     -4.337376E-05   2.669363E-05  -1.421741E-02   5.531400E-01  -2.871373E-01  -4.823432E-04
          4006      G     -7.329337E-06   1.572798E-05  -4.303248E-02   2.018276E-05  -2.125406E-06   1.050305E-04
          4007      G     -7.940345E-05   1.855643E-05  -3.646565E-02   3.741027E-05  -4.962879E-01   1.048991E-04
          4008      G     -1.998852E-04   2.132381E-05  -2.711001E-02   1.109448E-04  -7.636160E-02   1.060122E-04
          4009      G     -3.725156E-05   8.279677E-05   6.322697E-04  -2.578137E-03  -1.228464E-03   2.528498E-02
          4010      G      5.323304E-07   7.027841E-05   1.202746E-03  -1.078740E-02  -2.527974E-02   1.976617E-01
          4011      G     -9.771290E-05   4.391815E-05  -4.463320E-03   2.314049E-01  -4.148910E-01  -8.031032E-04
          4012      G     -1.470299E-04   4.037631E-05   3.554623E-03  -8.212493E-02  -6.528937E-02   4.791293E-01
          4013      G     -1.901215E-04   2.418467E-05  -1.109404E-02  -7.476504E-05  -9.944419E-01   1.022013E-04
          4014      G     -2.297859E-04   2.649630E-05   4.820702E-03   7.769807E-04  -8.651636E-02  -4.762989E-03
          4015      G      4.791992E-06  -6.996011E-05   1.935212E-04   4.693675E-02  -7.993692E-03   4.672925E-02
          4016      G      2.712965E-05  -2.275311E-05   3.148884E-04   1.344546E-02   2.408897E-03  -2.658458E-03
          4017      G      1.348632E-05  -1.945456E-06  -2.046545E-02   7.267879E-01   1.499336E-01   9.477593E-05
          4018      G      2.019802E-05   1.547073E-05  -1.422569E-02   5.535213E-01   2.869123E-01   6.870326E-04
          4019      G      6.477417E-05   1.290471E-05  -3.647285E-02   1.304201E-05   4.957921E-01   1.048249E-04
          4020      G      1.852572E-04   1.005841E-05  -2.712436E-02  -2.412404E-05   7.637977E-02   1.042654E-04
          4021      G      5.774773E-06   6.621287E-05   6.376878E-04  -2.744899E-03   9.019768E-04  -2.606573E-02
          4022      G     -3.247569E-05   4.921402E-05   1.208566E-03  -1.217131E-02   2.615622E-02  -2.034039E-01
          4023      G      7.464064E-05   2.753523E-05  -4.471504E-03   2.318083E-01   4.150156E-01   1.013103E-03
          4024      G      1.244761E-04   1.810116E-05   3.545372E-03  -8.061361E-02   6.526922E-02  -4.724691E-01
          4025      G      1.755625E-04   7.346479E-06  -1.111238E-02  -5.340966E-05   9.941212E-01   1.031733E-04
          4026      G      2.150056E-04   4.651805E-06   4.796159E-03  -5.271956E-05   8.642817E-02   2.060654E-04
          4027      G      1.314795E-06   1.048336E-04   3.720866E-04  -1.946175E-02   8.035020E-05  -4.605405E-05
          4028      G     -1.912476E-05   1.015081E-04   1.893730E-04  -4.689022E-02   8.084512E-03   4.732063E-02
          4029      G     -4.135362E-05   5.425865E-05   3.096811E-04  -1.333628E-02  -2.398338E-03  -2.411739E-03
          4030      G     -2.921714E-06   4.508550E-05  -2.290495E-02  -8.879328E-01  -3.584329E-05   1.057480E-04
          4031      G     -2.795166E-05   3.343584E-05  -2.046794E-02  -7.265578E-01  -1.499585E-01   9.676226E-05
          4032      G     -3.460430E-05   1.605860E-05  -1.422640E-02  -5.531620E-01  -2.869853E-01   6.896090E-04
          4033      G     -1.981534E-05  -3.443185E-05   6.297145E-04   2.759106E-03  -6.713734E-04  -2.396616E-02
          4034      G      1.828807E-05  -1.742839E-05   1.197913E-03   1.275126E-02  -2.647071E-02  -2.027977E-01
          4035      G     -8.899709E-05   3.966235E-06  -4.472679E-03  -2.311299E-01  -4.148984E-01   1.019507E-03
          4036      G     -1.384850E-04   1.376354E-05   3.539714E-03   8.082380E-02  -6.513558E-02  -4.703710E-01
          4037      G      2.177127E-05   9.584963E-05   1.928519E-04  -4.696490E-02  -7.959949E-03  -4.747563E-02
1                                                       **STUDENT EDITION*    APRIL  18, 2026  MSC Nastran  3/ 3/26   PAGE    51
     DEFAULT                                                                                                                        
0                                                                                                            SUBCASE 1              
      EIGENVALUE =  2.332234E+06
          CYCLES =  2.430559E+02         R E A L   E I G E N V E C T O R   N O .          4
 
      POINT ID.   TYPE          T1             T2             T3             R1             R2             R3
          4038      G      4.401538E-05   4.297944E-05   3.152105E-04  -1.351731E-02   2.485773E-03   1.953174E-03
          4039      G      2.209694E-05   2.779103E-05  -2.046826E-02  -7.267676E-01   1.500264E-01   1.155047E-04
          4040      G      2.874380E-05   4.678549E-06  -1.422671E-02  -5.534966E-01   2.869588E-01  -4.770476E-04
          4041      G      2.251161E-05  -5.159570E-05   6.385844E-04   2.573100E-03   9.563079E-04   2.534626E-02
          4042      G     -1.592460E-05  -4.028173E-05   1.210894E-03   1.205011E-02   2.633898E-02   2.034067E-01
          4043      G      8.314257E-05  -1.292071E-05  -4.471463E-03  -2.317479E-01   4.150902E-01  -8.058097E-04
          4044      G      1.330200E-04  -8.838116E-06   3.547522E-03   8.058497E-02   6.539187E-02   4.732210E-01
1                                                       **STUDENT EDITION*    APRIL  18, 2026  MSC Nastran  3/ 3/26   PAGE    52
     DEFAULT                                                                                                                        
0                                                                                                            SUBCASE 1              
      EIGENVALUE =  4.232344E+06
          CYCLES =  3.274241E+02         R E A L   E I G E N V E C T O R   N O .          5
 
      POINT ID.   TYPE          T1             T2             T3             R1             R2             R3
             1      G      0.0            0.0            0.0            0.0            0.0            0.0
             2      G      0.0            0.0            0.0            0.0            0.0            0.0
             3      G      0.0            0.0            0.0            0.0            0.0            0.0
             4      G      0.0            0.0            0.0            0.0            0.0            0.0
             5      G      0.0            0.0            0.0            0.0            0.0            0.0
             6      G      0.0            0.0            0.0            0.0            0.0            0.0
             7      G      0.0            0.0            0.0            0.0            0.0            0.0
             8      G      0.0            0.0            0.0            0.0            0.0            0.0
            10      G     -7.094865E-06   1.662276E-04   3.053591E-04   1.467152E-05   4.930647E-05  -9.874032E-03
            11      G     -6.378875E-06  -1.656399E-04   3.058769E-04  -1.675493E-05   5.169000E-05   9.892192E-03
            12      G     -3.431768E-06   9.803626E-08   1.275469E-04   9.515163E-05   4.612199E-05   2.668102E-03
            13      G     -2.571934E-06   1.081675E-07   1.275083E-04  -9.592585E-05   5.031803E-05  -2.621904E-03
            14      G     -3.359883E-06  -3.906861E-07  -1.276599E-04  -9.419826E-05   4.606673E-05   2.661840E-03
            15      G     -5.545228E-06   4.398768E-07  -1.313628E-04   9.567632E-05   3.606705E-05  -2.498750E-03
            16      G     -6.635368E-06  -1.648483E-04  -3.056640E-04  -1.818983E-05   5.048397E-05  -9.784114E-03
            17      G     -7.534842E-06   1.638662E-04  -3.026423E-04   2.347953E-05   4.637083E-05   1.014575E-02
           100      G      1.740113E-04   1.718494E-05  -8.560292E-03   2.529917E-01   5.151980E-02   5.706833E-03
           101      G      2.820222E-04   4.312581E-07  -1.487158E-02   8.202311E-05   9.262374E-03   5.918081E-05
           102      G      1.658508E-04  -3.023335E-05  -4.656024E-03   1.325641E-01   1.507613E-01   8.430839E-04
           103      G      9.205800E-05  -1.725284E-07  -7.767572E-03  -5.441645E-05   3.163524E-01  -1.639745E-07
           104      G      1.290309E-04  -3.961410E-07  -3.284691E-06   1.329215E-05   1.105911E-01   5.402357E-04
           105      G      1.295496E-04  -1.542160E-07  -1.171761E-05  -8.299088E-06   3.393536E-02   8.482621E-07
           106      G     -2.428586E-05  -4.652413E-05  -1.327583E-04   9.567632E-05   3.606705E-05  -2.498750E-03
           107      G     -2.428586E-05   2.016127E-05  -1.317957E-04   9.567632E-05   3.606705E-05  -2.498750E-03
           108      G      1.793101E-05  -6.092615E-07  -7.230236E-06  -9.769437E-05   6.568624E-04   7.093315E-03
           109      G      6.855832E-05   2.399594E-04  -3.031662E-04   2.347953E-05   4.637083E-05   1.014575E-02
           110      G      2.317829E-04   1.056103E-03  -6.940735E-03   1.886045E-01   1.336077E-02  -1.169064E-01
           111      G      6.855832E-05  -4.348767E-05  -3.018707E-04   2.347953E-05   4.637083E-05   1.014575E-02
           112      G      1.827292E-04   5.378762E-05  -8.093759E-03   2.259890E-01  -6.883006E-02   1.164416E-02
           113      G      3.688671E-04   4.372020E-06  -9.564164E-03   2.876821E-04  -5.984108E-03   1.616252E-03
           114      G      4.711289E-04   6.579863E-07  -1.259271E-02   5.693867E-04  -1.510526E-01  -2.843349E-04
           115      G      1.746556E-04  -1.719243E-05   8.570780E-03  -2.531824E-01   5.198292E-02   5.720219E-03
           116      G      2.823605E-04   2.894893E-08   1.486015E-02   6.419985E-06   9.281872E-03  -3.767256E-06
           117      G      1.657736E-04   3.024305E-05   4.657028E-03  -1.325137E-01   1.509608E-01   8.245363E-04
           118      G      9.218756E-05  -1.692400E-07   7.750210E-03  -5.742942E-06   3.165673E-01  -3.907518E-06
           119      G     -2.223621E-05   4.938684E-05   1.291735E-04  -9.592585E-05   5.031803E-05  -2.621904E-03
           120      G     -2.223621E-05  -2.058521E-05   1.278306E-04  -9.592585E-05   5.031803E-05  -2.621904E-03
           121      G      6.781257E-05  -2.398313E-04   3.063902E-04  -1.675493E-05   5.169000E-05   9.892192E-03
           122      G      2.299506E-04  -1.055308E-03   6.980148E-03  -1.883115E-01   1.365311E-02  -1.197209E-01
           123      G      6.781257E-05   3.653178E-05   3.049461E-04  -1.675493E-05   5.169000E-05   9.892192E-03
           124      G      1.833736E-04  -5.221558E-05   8.122229E-03  -2.260627E-01  -6.828724E-02   1.164544E-02
           125      G      3.706608E-04   1.314214E-06   9.559243E-03   5.948181E-05  -6.108639E-03   6.088222E-05
           126      G      4.718364E-04   4.680139E-07   1.258602E-02   1.302817E-05  -1.508075E-01  -4.495904E-05
           127      G      1.743515E-04  -1.745254E-05  -8.570511E-03  -2.534369E-01   5.208547E-02  -5.753458E-03
           128      G      1.657700E-04   3.050616E-05  -4.659052E-03  -1.327447E-01   1.507740E-01  -8.341567E-04
           129      G      1.289942E-04  -2.255252E-07  -4.098329E-06  -1.651894E-04   1.105943E-01  -5.381108E-04
           130      G     -2.332368E-05   4.963859E-05  -1.292322E-04  -9.419826E-05   4.606673E-05   2.661840E-03
           131      G     -2.332368E-05  -2.139926E-05  -1.280028E-04  -9.419826E-05   4.606673E-05   2.661840E-03
           132      G      1.825775E-05  -1.407898E-07   1.494842E-08   9.858785E-06   4.788842E-04  -7.093334E-03
           133      G      6.674549E-05  -2.382292E-04  -3.061791E-04  -1.818983E-05   5.048397E-05  -9.784114E-03
1                                                       **STUDENT EDITION*    APRIL  18, 2026  MSC Nastran  3/ 3/26   PAGE    53
     DEFAULT                                                                                                                        
0                                                                                                            SUBCASE 1              
      EIGENVALUE =  4.232344E+06
          CYCLES =  3.274241E+02         R E A L   E I G E N V E C T O R   N O .          5
 
      POINT ID.   TYPE          T1             T2             T3             R1             R2             R3
           134      G      2.293886E-04  -1.054716E-03  -6.971789E-03  -1.885296E-01   1.364833E-02   1.208635E-01
           135      G      6.674549E-05   3.511456E-05  -3.047687E-04  -1.818983E-05   5.048397E-05  -9.784114E-03
           136      G      1.828434E-04  -5.156713E-05  -8.120085E-03  -2.264548E-01  -6.858144E-02  -1.163992E-02
           137      G      1.742640E-04   1.743644E-05   8.569149E-03   2.532937E-01   5.201242E-02  -5.749223E-03
           138      G      1.656998E-04  -3.073846E-05   4.654823E-03   1.325541E-01   1.509698E-01  -8.396796E-04
           139      G     -2.344253E-05  -5.004893E-05   1.291274E-04   9.515163E-05   4.612199E-05   2.668102E-03
           140      G     -2.344253E-05   2.115603E-05   1.278965E-04   9.515163E-05   4.612199E-05   2.668102E-03
           141      G      6.696037E-05   2.402829E-04   3.058390E-04   1.467152E-05   4.930647E-05  -9.874032E-03
           142      G      2.294670E-04   1.057023E-03   6.978608E-03   1.883486E-01   1.368699E-02   1.197931E-01
           143      G      6.696037E-05  -3.557292E-05   3.044615E-04   1.467152E-05   4.930647E-05  -9.874032E-03
           144      G      1.827780E-04   5.297167E-05   8.120747E-03   2.261530E-01  -6.830764E-02  -1.166357E-02
           200      G      7.001900E-05   2.392197E-04  -3.031662E-04   2.347953E-05   4.637083E-05   1.014575E-02
           201      G      7.001900E-05  -4.422728E-05  -3.018707E-04   2.347953E-05   4.637083E-05   1.014575E-02
           202      G     -2.314974E-05  -4.953794E-05  -1.327583E-04   9.567632E-05   3.606705E-05  -2.498750E-03
           203      G     -2.314974E-05   1.714747E-05  -1.317957E-04   9.567632E-05   3.606705E-05  -2.498750E-03
           204      G     -3.294831E-04  -1.527399E-06  -7.125686E-06  -1.672544E-03   1.367425E-02  -5.966950E-02
           205      G      8.654914E-04   2.896892E-04  -7.346573E-03   1.483948E-01  -5.137406E-02  -5.473233E-02
           206      G      1.074333E-03   4.960726E-06  -9.945183E-03   6.157833E-03  -7.633108E-02   1.727008E-02
           207      G      6.944080E-05  -2.393036E-04   3.063902E-04  -1.675493E-05   5.169000E-05   9.892192E-03
           208      G      6.944080E-05   3.705957E-05   3.049461E-04  -1.675493E-05   5.169000E-05   9.892192E-03
           209      G     -2.065119E-05   5.240851E-05   1.291735E-04  -9.592585E-05   5.031803E-05  -2.621904E-03
           210      G     -2.065119E-05  -1.756355E-05   1.278306E-04  -9.592585E-05   5.031803E-05  -2.621904E-03
           211      G      8.722148E-04  -2.968515E-04   7.397722E-03  -1.544131E-01  -5.171531E-02  -7.454122E-02
           212      G      1.123278E-03   2.539368E-06   9.938401E-03   7.062111E-05  -8.054139E-02   7.955925E-05
           213      G      6.833574E-05  -2.376562E-04  -3.061791E-04  -1.818983E-05   5.048397E-05  -9.784114E-03
           214      G      6.833574E-05   3.568754E-05  -3.047687E-04  -1.818983E-05   5.048397E-05  -9.784114E-03
           215      G     -2.187258E-05   5.260583E-05  -1.292322E-04  -9.419826E-05   4.606673E-05   2.661840E-03
           216      G     -2.187258E-05  -1.843202E-05  -1.280028E-04  -9.419826E-05   4.606673E-05   2.661840E-03
           217      G     -3.299875E-04  -8.378138E-07  -2.739198E-07  -2.331173E-04   1.562655E-02   6.079827E-02
           218      G      8.752468E-04  -2.880801E-04  -7.386572E-03  -1.555122E-01  -5.212922E-02   7.731716E-02
           219      G      6.851353E-05   2.398207E-04   3.058390E-04   1.467152E-05   4.930647E-05  -9.874032E-03
           220      G      6.851353E-05  -3.603507E-05   3.044615E-04   1.467152E-05   4.930647E-05  -9.874032E-03
           221      G     -2.198969E-05  -5.304621E-05   1.291274E-04   9.515163E-05   4.612199E-05   2.668102E-03
           222      G     -2.198969E-05   1.815876E-05   1.278965E-04   9.515163E-05   4.612199E-05   2.668102E-03
           223      G      8.726187E-04   3.019596E-04   7.395253E-03   1.544186E-01  -5.171857E-02   7.498594E-02
           224      G      4.940940E-04   1.215797E-05  -9.929880E-03   2.805415E-01   4.397820E-02   1.152947E-02
           225      G      6.858380E-04  -4.675912E-07  -1.719726E-02  -9.925264E-05  -2.390245E-02   5.496299E-04
           226      G      4.060603E-04   3.527079E-06  -5.396653E-03   1.490657E-01   1.805263E-01   2.863687E-03
           227      G      4.477098E-04  -1.105861E-06  -9.049451E-03  -8.174029E-04   3.628059E-01  -1.339995E-04
           228      G      4.300613E-04  -4.545352E-07  -6.381686E-05   1.768375E-03   1.080084E-01   2.645001E-02
           229      G      4.704186E-04  -6.898892E-07  -1.252464E-04  -2.434239E-04   1.051224E-02   5.289494E-05
           230      G      6.407934E-04  -3.002713E-07  -9.278040E-03   2.277581E-01  -6.235381E-02   7.465094E-03
           231      G      9.243624E-04  -3.516067E-06  -1.427641E-02   7.362033E-03  -1.453497E-01  -4.072982E-03
           232      G      5.019814E-04  -1.193446E-05   9.878880E-03  -2.814096E-01   4.783293E-02   1.143742E-02
           233      G      6.729464E-04   1.540925E-07   1.713647E-02  -8.793057E-05  -2.161656E-02  -2.181711E-05
           234      G      4.080254E-04  -5.990355E-06   5.281347E-03  -1.478196E-01   1.804682E-01   2.805568E-03
           235      G      4.420604E-04  -3.055376E-07   8.876998E-03   2.269501E-04   3.659146E-01  -2.568402E-05
           236      G      6.518939E-04   8.789124E-06   9.337718E-03  -2.344453E-01  -6.362577E-02   7.571034E-03
           237      G      9.306181E-04   1.357299E-06   1.431141E-02   2.278447E-05  -1.516251E-01  -7.008315E-05
           238      G      4.966684E-04  -1.438755E-05  -9.894400E-03  -2.815149E-01   4.828412E-02  -1.179180E-02
1                                                       **STUDENT EDITION*    APRIL  18, 2026  MSC Nastran  3/ 3/26   PAGE    54
     DEFAULT                                                                                                                        
0                                                                                                            SUBCASE 1              
      EIGENVALUE =  4.232344E+06
          CYCLES =  3.274241E+02         R E A L   E I G E N V E C T O R   N O .          5
 
      POINT ID.   TYPE          T1             T2             T3             R1             R2             R3
           239      G      4.067310E-04  -4.523006E-06  -5.347638E-03  -1.492082E-01   1.779291E-01  -2.867497E-03
           240      G      4.303843E-04  -5.733611E-07  -5.785830E-05  -1.483735E-03   1.079832E-01  -2.671177E-02
           241      G      6.469470E-04   1.181254E-06  -9.344831E-03  -2.355979E-01  -6.152743E-02  -7.440559E-03
           242      G      5.015006E-04   1.246079E-05   9.886653E-03   2.813987E-01   4.760726E-02  -1.146117E-02
           243      G      4.079695E-04   5.110117E-06   5.285751E-03   1.471989E-01   1.810248E-01  -2.827932E-03
           244      G      6.514404E-04  -7.202285E-06   9.339063E-03   2.344182E-01  -6.386161E-02  -7.617441E-03
           300      G     -5.974043E-04   1.897681E-03  -1.882592E-03   1.260108E+00  -2.837322E-01  -3.199279E-02
           301      G     -1.373559E-03   9.462453E-03  -1.868183E-03   2.213206E+00  -4.045355E-01  -1.358240E-01
           302      G      1.463090E-04   2.021632E-04  -7.457443E-05   5.272035E-02  -4.950453E-01   5.696377E-01
           303      G     -1.588637E-03  -4.518915E-04  -6.059576E-04   9.749981E-02  -4.646838E-01  -2.456413E-02
           304      G      1.928094E-04   3.196358E-03  -2.051633E-03   2.169518E+00   1.207576E+00   4.855794E-02
           305      G      8.470251E-03   1.027278E-03  -9.561523E-03  -7.301121E-01  -3.396024E+00  -5.178425E-02
           306      G      9.521651E-03  -4.495596E-08  -1.370229E-02   7.746827E-03  -5.299826E+00   3.785479E-02
           307      G     -3.829782E-04  -1.696890E-03   1.920385E-03  -1.213098E+00  -4.977814E-01   1.378703E-02
           308      G     -1.383201E-03  -1.005825E-02   1.878100E-03  -2.330034E+00  -7.609714E-01  -1.316188E-01
           309      G     -1.795412E-03   6.999233E-04   6.385234E-04  -2.962409E-02  -5.463638E-01  -7.465298E-03
           310      G      3.825382E-04  -3.507597E-03   1.869613E-03  -2.656885E+00   2.034308E+00  -3.509444E-02
           311      G      8.687896E-03  -1.298481E-03   9.587480E-03   1.123403E+00  -3.442429E+00  -5.347221E-02
           312      G      9.687861E-03   8.651788E-06   1.375002E-02   1.753027E-04  -5.339056E+00   1.474936E-04
           313      G     -4.130713E-04  -1.763522E-03  -1.925621E-03  -1.212933E+00  -5.036068E-01  -1.348479E-02
           314      G     -1.430081E-03  -1.023270E-02  -1.855642E-03  -2.361539E+00  -7.299598E-01   1.393743E-01
           315      G      7.081400E-05  -1.708541E-05  -3.150872E-06  -4.820459E-03  -5.963786E-01  -5.860772E-01
           316      G     -1.813813E-03   6.860844E-04  -6.390449E-04  -2.630063E-02  -5.500875E-01   9.202585E-03
           317      G      3.636287E-04  -3.577596E-03  -1.871660E-03  -2.665947E+00   2.034823E+00   3.579528E-02
           318      G      8.632435E-03  -1.305703E-03  -9.580135E-03   1.119366E+00  -3.442109E+00   5.997120E-02
           319      G     -4.156929E-04   1.737645E-03   1.926851E-03   1.208780E+00  -5.039699E-01  -1.520402E-02
           320      G     -1.434583E-03   1.011821E-02   1.848250E-03   2.333845E+00  -7.356358E-01   1.390212E-01
           321      G     -1.818527E-03  -6.841113E-04   6.333505E-04   2.825162E-02  -5.464504E-01   7.357358E-03
           322      G      3.552043E-04   3.537166E-03   1.868364E-03   2.653176E+00   2.034838E+00   3.569813E-02
           323      G      8.658648E-03   1.314653E-03   9.588668E-03  -1.124014E+00  -3.449370E+00   5.362233E-02
           324      G      4.853919E-04   7.751362E-03  -1.744408E+00   4.542621E+01   4.017408E+00   1.012144E-02
           325      G      2.242637E-03  -1.012930E-05  -2.615063E+00   4.263481E-03  -2.435686E+00  -3.584357E-04
           326      G      3.483003E-03  -2.179309E-04  -1.089953E+00   2.638350E+01   3.177351E+01  -5.661585E-02
           327      G     -2.360258E-02  -5.169583E-05  -1.505256E+00  -1.114811E-01   5.512219E+01  -2.322807E-04
           328      G     -9.608912E-04  -4.129582E-05  -3.226030E-03   1.352808E-02   2.780719E+01  -3.280491E-01
           329      G     -1.066476E-02  -2.039091E-05  -3.606403E-03  -4.301661E-03   2.274141E+00   1.614880E-03
           330      G      4.820196E-04  -2.459617E-04  -1.036745E+00   2.606010E+01  -4.458983E+01   7.213420E-02
           331      G      2.288337E-02  -1.132467E-04  -1.509322E+00  -8.539543E-02  -5.142286E+01  -8.356769E-03
           332      G      4.995280E-04  -7.874247E-03   1.745136E+00  -4.543004E+01   4.226862E+00   9.998210E-05
           333      G      2.298052E-03   1.287709E-05   2.616609E+00  -4.134395E-03  -2.447358E+00  -3.064578E-04
           334      G      3.556760E-03   2.345926E-04   1.085944E+00  -2.619984E+01   3.173624E+01  -5.643034E-02
           335      G     -2.364514E-02  -1.932853E-05   1.501760E+00  -1.567459E-02   5.529077E+01  -1.191290E-03
           336      G      5.458358E-04   3.378575E-04   1.040648E+00  -2.558156E+01  -4.447397E+01   7.299715E-02
           337      G      2.299348E-02   1.023086E-05   1.510495E+00  -4.565043E-03  -5.141492E+01   2.540794E-04
           338      G      4.488929E-04  -7.962711E-03  -1.745126E+00  -4.540038E+01   4.190096E+00   5.076210E-05
           339      G      3.532803E-03   1.436647E-04  -1.088872E+00  -2.619325E+01   3.161171E+01   5.517053E-02
           340      G     -8.838488E-04  -5.094719E-05  -2.440915E-03  -6.519724E-02   2.778871E+01   3.282996E-01
           341      G      4.855427E-04   2.764498E-04  -1.039961E+00  -2.551303E+01  -4.447085E+01  -7.173838E-02
           342      G      4.796798E-04   7.901066E-03   1.745326E+00   4.542344E+01   4.225845E+00  -2.838307E-04
           343      G      3.559504E-03  -1.926940E-04   1.086499E+00   2.619383E+01   3.171492E+01   5.501540E-02
1                                                       **STUDENT EDITION*    APRIL  18, 2026  MSC Nastran  3/ 3/26   PAGE    55
     DEFAULT                                                                                                                        
0                                                                                                            SUBCASE 1              
      EIGENVALUE =  4.232344E+06
          CYCLES =  3.274241E+02         R E A L   E I G E N V E C T O R   N O .          5
 
      POINT ID.   TYPE          T1             T2             T3             R1             R2             R3
           344      G      5.220985E-04  -3.120092E-04   1.040799E+00   2.558130E+01  -4.447753E+01  -7.306126E-02
           400      G     -7.131385E-04  -1.378759E-05  -1.356788E-03   2.189652E-02   6.479010E-03  -6.538063E-03
           401      G     -5.476147E-04  -1.538696E-04  -1.052896E-03  -1.311978E-02  -2.460983E-03   2.647781E-02
           402      G     -6.773019E-04  -4.291769E-05  -6.807512E-06   9.042064E-04   4.633678E-02  -3.129708E-02
           403      G     -7.110967E-04  -8.316251E-04  -1.793190E-03   4.949100E-02   2.675442E-02   5.844690E-03
           404      G     -8.873390E-04  -5.219129E-04  -1.523216E-03  -1.206877E-02  -5.737428E-03  -4.254571E-02
           405      G     -1.295978E-03  -7.922584E-04  -7.457245E-03   1.115977E-01  -5.806694E-02   3.691576E-02
           406      G     -1.585566E-03  -6.748635E-05  -1.034873E-02   3.724503E-04  -4.114501E-02   5.852684E-03
           407      G     -7.098386E-04  -7.298376E-05   1.378073E-03  -2.034608E-02   1.184012E-02  -8.937406E-03
           408      G     -5.194684E-04   9.547450E-05   1.058092E-03   1.962481E-02  -3.240735E-03   3.232408E-02
           409      G     -6.767489E-04   7.451086E-04   1.760481E-03  -6.045400E-02   3.936869E-02   5.961994E-03
           410      G     -8.855512E-04   5.456805E-04   1.422318E-03   3.739275E-02  -1.700065E-02  -4.520780E-02
           411      G     -1.287200E-03   7.621278E-04   7.451132E-03  -1.146797E-01  -5.854764E-02   4.477684E-02
           412      G     -1.578563E-03   2.567608E-07   1.039700E-02   4.486994E-04  -4.241544E-02  -2.397747E-04
           413      G     -7.457763E-04  -1.044372E-04  -1.383805E-03  -2.046925E-02   1.194218E-02   8.407535E-03
           414      G     -5.603449E-04   8.682144E-05  -1.076183E-03   2.082370E-02  -4.512817E-03  -3.230248E-02
           415      G     -7.144127E-04  -3.868642E-05  -6.790512E-07   1.512533E-03   5.035636E-02   3.260035E-02
           416      G     -7.091855E-04   7.060071E-04  -1.762118E-03  -6.035600E-02   4.051752E-02  -6.291580E-03
           417      G     -9.199660E-04   5.145427E-04  -1.426801E-03   3.965239E-02  -1.780569E-02   4.491507E-02
           418      G     -1.307838E-03   7.192759E-04  -7.436485E-03  -1.130671E-01  -5.878376E-02  -4.510725E-02
           419      G     -7.503031E-04   3.097832E-05   1.384039E-03   2.368029E-02   1.195071E-02   8.170624E-03
           420      G     -5.620572E-04  -1.556522E-04   1.071551E-03  -1.619766E-02  -4.478556E-03  -3.252550E-02
           421      G     -7.195247E-04  -7.474243E-04   1.754457E-03   6.238503E-02   3.752076E-02  -6.632254E-03
           422      G     -9.267531E-04  -5.690171E-04   1.424137E-03  -3.367223E-02  -1.710217E-02   4.448362E-02
           423      G     -1.307559E-03  -7.622646E-04   7.448315E-03   1.151409E-01  -5.873264E-02  -4.535305E-02
           424      G     -1.310907E-03  -1.180018E-04  -1.109309E-02   2.621862E-01   2.858176E-02  -1.396129E-02
           425      G     -1.619599E-03  -4.793840E-05  -1.884274E-02   2.595639E-03  -1.333092E-02   5.160648E-05
           426      G     -1.275750E-03  -6.186422E-05  -5.998211E-03   1.448754E-01   2.062693E-01  -7.774323E-03
           427      G     -1.753220E-03  -3.966971E-05  -9.823148E-03   5.202002E-03   3.796782E-01  -2.746800E-04
           428      G     -1.258516E-03  -3.852018E-05   2.907313E-06   1.006817E-03   1.097314E-01  -1.055260E-02
           429      G     -1.685314E-03  -3.755557E-05   2.664494E-05   1.866620E-03   1.167821E-02  -1.749500E-04
           430      G     -1.304933E-03  -2.566928E-04  -9.625675E-03   2.233350E-01  -6.763443E-02  -1.010083E-02
           431      G     -1.584866E-03  -4.404136E-05  -1.522669E-02   1.299386E-02  -1.565645E-01  -1.793054E-03
           432      G     -1.309658E-03   6.482351E-05   1.105222E-02  -2.575083E-01   2.078923E-02  -1.343668E-02
           433      G     -1.618159E-03  -2.182315E-05   1.882277E-02   1.601732E-03  -1.331365E-02  -3.235396E-04
           434      G     -1.280192E-03  -1.378276E-05   6.016379E-03  -1.461511E-01   2.086789E-01  -8.155387E-03
           435      G     -1.752090E-03  -3.000918E-05   9.849423E-03   2.194847E-03   3.780862E-01  -3.217537E-04
           436      G     -1.294693E-03   1.914400E-04   9.463466E-03  -2.455948E-01  -6.313733E-02  -1.030375E-02
           437      G     -1.582509E-03  -1.094436E-05   1.525265E-02   1.342726E-03  -1.548120E-01  -4.752206E-04
           438      G     -1.329829E-03   4.024798E-05  -1.109216E-02  -2.570434E-01   2.281554E-02   1.303197E-02
           439      G     -1.297031E-03  -2.647574E-05  -6.026220E-03  -1.469405E-01   2.095420E-01   7.677009E-03
           440      G     -1.275576E-03  -3.676924E-05   3.018187E-06   1.381903E-03   1.091883E-01   9.764251E-03
           441      G     -1.317634E-03   1.516994E-04  -9.525914E-03  -2.507544E-01  -6.524739E-02   9.953277E-03
           442      G     -1.328957E-03  -1.075928E-04   1.105592E-02   2.577854E-01   2.078096E-02   1.306912E-02
           443      G     -1.297106E-03  -4.701136E-05   6.012365E-03   1.463672E-01   2.093508E-01   7.602418E-03
           444      G     -1.315019E-03  -2.137328E-04   9.465020E-03   2.449487E-01  -6.346089E-02   9.682005E-03
           445      G     -2.659073E-05  -2.034403E-03  -2.154016E-03   7.046068E-02   1.962072E-02   3.927381E-02
           446      G     -1.756007E-04  -7.517402E-04  -1.534612E-03   4.003526E-02   1.570621E-02  -3.247988E-02
           447      G     -1.891131E-04  -2.972916E-04  -1.278556E-03   1.458467E-02   7.167125E-03  -1.991885E-02
           448      G     -1.403250E-04  -9.814961E-05  -8.494572E-04   1.521093E-02   2.422211E-02  -1.023906E-02
1                                                       **STUDENT EDITION*    APRIL  18, 2026  MSC Nastran  3/ 3/26   PAGE    56
     DEFAULT                                                                                                                        
0                                                                                                            SUBCASE 1              
      EIGENVALUE =  4.232344E+06
          CYCLES =  3.274241E+02         R E A L   E I G E N V E C T O R   N O .          5
 
      POINT ID.   TYPE          T1             T2             T3             R1             R2             R3
           449      G     -3.627383E-05  -2.450269E-05   1.649671E-06   5.983110E-05   3.301640E-02   1.571506E-02
           450      G     -7.078198E-04  -1.566321E-03  -7.096154E-03   1.235057E-01   8.617005E-02   8.335752E-02
           451      G     -9.054012E-04  -4.102709E-05  -9.589365E-03  -4.103237E-04   1.407098E-01  -7.455676E-04
           452      G     -1.511415E-05   2.005008E-03   2.113858E-03  -6.891938E-02   1.747841E-02   4.068916E-02
           453      G     -1.721660E-04   7.060204E-04   1.493895E-03  -4.152206E-02   1.564484E-02  -3.304951E-02
           454      G     -1.922919E-04   2.476725E-04   1.264295E-03  -8.447444E-03   5.389530E-03  -2.078065E-02
           455      G     -1.408963E-04   4.866993E-05   8.559687E-04  -1.290783E-02   2.453388E-02  -1.020194E-02
           456      G     -7.100331E-04   1.525216E-03   7.097905E-03  -1.248752E-01   8.550063E-02   8.311015E-02
           457      G     -9.079973E-04  -1.466374E-06   9.623531E-03   6.321895E-06   1.425012E-01  -2.184739E-04
           458      G     -5.249695E-05   1.954480E-03  -2.115970E-03  -6.852360E-02   1.723825E-02  -4.108195E-02
           459      G     -2.089667E-04   6.717169E-04  -1.498596E-03  -4.239097E-02   1.565465E-02   3.251139E-02
           460      G     -2.296028E-04   2.268334E-04  -1.273973E-03  -9.605897E-03   5.167283E-03   2.066098E-02
           461      G     -1.755123E-04   3.868379E-05  -8.683154E-04  -1.425663E-02   2.466384E-02   9.884021E-03
           462      G     -6.669291E-05  -2.478725E-05  -2.877468E-06  -6.613521E-04   3.366618E-02  -1.711987E-02
           463      G     -7.262900E-04   1.473000E-03  -7.075547E-03  -1.240828E-01   8.616125E-02  -8.248020E-02
           464      G     -5.670771E-05  -2.007848E-03   2.108515E-03   6.839704E-02   1.770676E-02  -4.113977E-02
           465      G     -2.135044E-04  -7.220006E-04   1.493992E-03   4.113447E-02   1.538122E-02   3.275940E-02
           466      G     -2.320214E-04  -2.762405E-04   1.269687E-03   8.636335E-03   5.160136E-03   2.062998E-02
           467      G     -1.767640E-04  -8.759272E-05   8.651455E-04   1.264323E-02   2.467709E-02   9.880945E-03
           468      G     -7.288521E-04  -1.528296E-03   7.094470E-03   1.250613E-01   8.549804E-02  -8.359469E-02
           469      G     -4.618108E-04  -1.526542E-03  -4.339871E-03   1.244263E-01   5.206184E-02  -5.012006E-02
           470      G     -4.916062E-04  -7.671170E-04  -3.775054E-03   1.643474E-01   1.570834E-02  -1.208367E-02
           471      G     -4.951081E-04  -2.687941E-04  -3.151950E-03   1.226985E-01   2.596617E-02  -1.261171E-02
           472      G     -4.636817E-04  -1.183643E-04  -2.050931E-03   7.933846E-02   5.941094E-02  -8.694827E-03
           473      G     -4.609593E-04  -2.508988E-05  -4.834572E-05   3.141417E-03   7.525662E-02  -1.871898E-02
           474      G     -7.973303E-04  -4.992161E-04  -6.654214E-03   8.964568E-02  -7.678409E-03  -2.902241E-02
           475      G     -7.904859E-04  -2.324215E-04  -6.210505E-03   1.372170E-01   4.460284E-02  -8.090693E-03
           476      G     -7.523727E-04  -9.000986E-05  -3.968999E-03   7.965879E-02   1.168007E-01  -8.115193E-03
           477      G     -7.365866E-04  -2.512231E-05  -1.352076E-04   3.651707E-03   1.452418E-01  -7.309820E-03
           478      G     -8.066958E-04  -6.517773E-04  -9.003703E-03   6.469061E-02   1.092284E-01  -2.142826E-02
           479      G     -1.021268E-03  -3.465346E-04  -8.596260E-03   9.022813E-02  -3.026294E-02  -4.465257E-03
           480      G     -9.736405E-04  -1.261300E-04  -8.436797E-03   6.840219E-02   5.573426E-02  -6.181023E-03
           481      G     -9.305219E-04  -6.474079E-05  -5.429075E-03   5.164016E-02   1.560900E-01  -3.905582E-03
           482      G     -1.053979E-03  -3.967079E-05  -9.271030E-03  -2.940601E-04  -3.076957E-02  -5.366336E-05
           483      G     -1.053343E-03  -3.448292E-05  -9.111006E-03  -4.784964E-04   5.127336E-02  -2.094651E-04
           484      G     -9.895166E-04  -2.962790E-05  -5.977202E-03  -2.632189E-04   1.667940E-01  -1.928063E-04
           485      G     -9.075533E-04  -2.496936E-05  -2.020923E-04   2.168266E-03   2.021288E-01  -4.042519E-03
           486      G     -9.697381E-04  -2.472239E-05  -2.258334E-04  -1.052864E-04   2.255165E-01  -2.024106E-04
           487      G     -4.603381E-04   1.488886E-03   4.304738E-03  -1.259732E-01   5.059035E-02  -5.080222E-02
           488      G     -4.914706E-04   7.210354E-04   3.723368E-03  -1.630090E-01   1.678515E-02  -1.217209E-02
           489      G     -4.945771E-04   2.197636E-04   3.038956E-03  -1.196282E-01   2.742037E-02  -1.251735E-02
           490      G     -4.640685E-04   6.873226E-05   1.940859E-03  -7.328083E-02   5.849002E-02  -8.697592E-03
           491      G     -7.983799E-04   4.534172E-04   6.583223E-03  -8.916107E-02  -4.163316E-03  -2.911064E-02
           492      G     -7.910315E-04   1.834839E-04   6.020056E-03  -1.341731E-01   4.784622E-02  -8.164434E-03
           493      G     -7.525834E-04   4.017466E-05   3.713811E-03  -7.394894E-02   1.182370E-01  -8.141149E-03
           494      G     -8.089392E-04   6.090983E-04   9.025917E-03  -6.563656E-02   1.100467E-01  -2.159877E-02
           495      G     -1.022899E-03   3.002596E-04   8.511937E-03  -9.003771E-02  -2.571699E-02  -4.499030E-03
           496      G     -9.747533E-04   7.734573E-05   8.191978E-03  -6.693291E-02   6.065114E-02  -6.225289E-03
           497      G     -9.310045E-04   1.509207E-05   5.067987E-03  -4.829074E-02   1.592308E-01  -3.934316E-03
           498      G     -1.056035E-03  -7.990984E-06   9.185188E-03  -2.583210E-05  -2.606655E-02  -2.275553E-04
1                                                       **STUDENT EDITION*    APRIL  18, 2026  MSC Nastran  3/ 3/26   PAGE    57
     DEFAULT                                                                                                                        
0                                                                                                            SUBCASE 1              
      EIGENVALUE =  4.232344E+06
          CYCLES =  3.274241E+02         R E A L   E I G E N V E C T O R   N O .          5
 
      POINT ID.   TYPE          T1             T2             T3             R1             R2             R3
           499      G     -1.054764E-03  -1.418754E-05   8.854475E-03  -5.656875E-05   5.668894E-02  -2.156050E-04
           500      G     -9.902597E-04  -1.965665E-05   5.581873E-03  -7.086868E-05   1.708697E-01  -2.061550E-04
           501      G     -4.866031E-04   1.439561E-03  -4.297104E-03  -1.255034E-01   5.068888E-02   5.011726E-02
           502      G     -5.183809E-04   6.865572E-04  -3.745301E-03  -1.632905E-01   1.531822E-02   1.171646E-02
           503      G     -5.208222E-04   1.994469E-04  -3.111175E-03  -1.230003E-01   2.604294E-02   1.199661E-02
           504      G     -4.900572E-04   5.973108E-05  -2.043075E-03  -7.847370E-02   5.812850E-02   8.274884E-03
           505      G     -4.876602E-04  -2.433331E-05  -5.413870E-05  -2.922817E-03   7.536820E-02   1.860777E-02
           506      G     -8.147278E-04   4.207504E-04  -6.624158E-03  -9.043347E-02  -7.495068E-03   2.845314E-02
           507      G     -8.075356E-04   1.631856E-04  -6.176775E-03  -1.375995E-01   4.434713E-02   7.743966E-03
           508      G     -7.696688E-04   3.096923E-05  -3.953644E-03  -7.969463E-02   1.162672E-01   7.734948E-03
           509      G     -7.542754E-04  -2.432468E-05  -1.327481E-04  -3.334432E-03   1.449689E-01   6.852861E-03
           510      G     -8.164592E-04   5.639816E-04  -8.991985E-03  -6.508510E-02   1.092962E-01   2.102947E-02
           511      G     -1.029138E-03   2.678587E-04  -8.580012E-03  -9.102040E-02  -2.990334E-02   4.075641E-03
           512      G     -9.822498E-04   5.710334E-05  -8.416260E-03  -6.925949E-02   5.551247E-02   5.795041E-03
           513      G     -9.392196E-04   5.512234E-06  -5.418301E-03  -5.198666E-02   1.558545E-01   3.509112E-03
           514      G     -9.164417E-04  -2.446940E-05  -1.978454E-04  -2.258159E-03   2.019450E-01   3.651306E-03
           515      G     -4.900085E-04  -1.491885E-03   4.296488E-03   1.260828E-01   5.068389E-02   5.032378E-02
           516      G     -5.207579E-04  -7.371051E-04   3.721207E-03   1.630664E-01   1.642527E-02   1.165539E-02
           517      G     -5.228805E-04  -2.484478E-04   3.045506E-03   1.195977E-01   2.717728E-02   1.201860E-02
           518      G     -4.910207E-04  -1.085783E-04   1.946304E-03   7.330562E-02   5.893387E-02   8.276134E-03
           519      G     -8.170403E-04  -4.694788E-04   6.583500E-03   8.924220E-02  -4.353122E-03   2.865373E-02
           520      G     -8.093187E-04  -2.120903E-04   6.024795E-03   1.340720E-01   4.777724E-02   7.731268E-03
           521      G     -7.705831E-04  -7.971559E-05   3.718228E-03   7.384593E-02   1.183603E-01   7.742649E-03
           522      G     -8.181865E-04  -6.121318E-04   9.025115E-03   6.571377E-02   1.100405E-01   2.113492E-02
           523      G     -1.032133E-03  -3.162609E-04   8.512750E-03   9.001825E-02  -2.579070E-02   4.049968E-03
           524      G     -9.838763E-04  -1.057812E-04   8.194322E-03   6.680624E-02   6.064556E-02   5.791290E-03
           525      G     -9.400195E-04  -5.447063E-05   5.070705E-03   4.819683E-02   1.591895E-01   3.514937E-03
          1000      G      2.867924E-04   1.801328E-07  -6.831864E-06  -9.768278E-05   6.572879E-04   1.243408E-01
          1001      G      2.834971E-04   1.662173E-05  -1.329697E-04   1.284546E-04   3.537608E-05   1.558428E-01
          1002      G      2.779108E-04  -4.492837E-05  -1.340381E-04   9.578289E-05   3.902930E-05   1.530527E-01
          1003      G      3.045182E-04  -1.439188E-07  -1.248969E-06   1.728143E-04   2.016530E-01   5.817049E-04
          1004      G      3.077764E-04  -2.971338E-06  -5.009664E-03   1.679267E-01   1.449812E-01   1.757794E-04
          1005      G      3.005983E-04  -2.711240E-05  -8.560338E-03   3.162250E-01   8.835662E-02   3.664192E-04
          1006      G      3.914246E-04  -8.524615E-08  -1.171822E-05  -8.296677E-06   3.395565E-02  -2.689692E-06
          1007      G      3.535424E-04  -3.991039E-07  -8.033021E-03   3.220549E-05   4.748536E-01  -1.518127E-06
          1008      G      3.541683E-04  -2.314050E-07  -1.487241E-02   8.202099E-05   9.262484E-03   2.426522E-08
          1009      G      2.428871E-04  -1.195282E-04  -3.027431E-04   1.259539E-05   7.509436E-05   7.442144E-02
          1010      G      2.545085E-04   5.101663E-05  -3.029895E-04   3.728659E-05   4.287429E-05   8.337527E-02
          1011      G      3.298479E-04  -1.349546E-05  -8.346255E-03   2.623994E-01  -9.110089E-02   5.920218E-04
          1012      G      3.404458E-04  -2.218545E-05  -6.887476E-03   1.885978E-01   1.335127E-02  -1.122125E-01
          1013      G      3.319179E-04  -6.576661E-07  -1.288617E-02   2.278027E-04  -1.675289E-01  -2.391897E-06
          1014      G      3.215633E-04  -3.745756E-07  -9.591086E-03   2.877555E-04  -6.010833E-03  -4.143175E-04
          1015      G      2.839186E-04  -1.701801E-05   1.289968E-04  -1.287689E-04   4.971476E-05   1.550955E-01
          1016      G      2.787337E-04   4.751284E-05   1.304585E-04  -9.493894E-05   5.333825E-05   1.525058E-01
          1017      G      3.080141E-04   3.246544E-06   5.014292E-03  -1.675910E-01   1.452065E-01   1.825179E-04
          1018      G      3.015293E-04   2.606824E-05   8.573236E-03  -3.160051E-01   8.873692E-02   3.678030E-04
          1019      G      3.539072E-04  -8.028793E-08   8.015621E-03  -5.836800E-06   4.751975E-01  -1.137501E-06
          1020      G      3.546526E-04  -2.285202E-08   1.486098E-02   6.426864E-06   9.282002E-03  -2.209592E-06
          1021      G      2.448971E-04   1.143797E-04   3.057812E-04  -7.530939E-06   7.969779E-05   7.612877E-02
          1022      G      2.554645E-04  -4.949055E-05   3.061762E-04  -3.040341E-05   4.858845E-05   8.440566E-02
1                                                       **STUDENT EDITION*    APRIL  18, 2026  MSC Nastran  3/ 3/26   PAGE    58
     DEFAULT                                                                                                                        
0                                                                                                            SUBCASE 1              
      EIGENVALUE =  4.232344E+06
          CYCLES =  3.274241E+02         R E A L   E I G E N V E C T O R   N O .          5
 
      POINT ID.   TYPE          T1             T2             T3             R1             R2             R3
          1023      G      3.304254E-04   1.340704E-05   8.373567E-03  -2.621565E-01  -9.059366E-02   5.905153E-04
          1024      G      3.409515E-04   2.044898E-05   6.925703E-03  -1.883050E-01   1.364348E-02  -1.094774E-01
          1025      G      3.325905E-04   7.125199E-08   1.288007E-02   3.649180E-05  -1.672855E-01  -2.064341E-06
          1026      G      3.223315E-04   9.432093E-08   9.586674E-03   5.946661E-05  -6.135420E-03  -4.273663E-04
          1027      G      2.867125E-04  -2.220482E-07   5.343182E-08   9.853282E-06   4.793385E-04  -1.248614E-01
          1028      G      2.835984E-04  -1.780879E-05  -1.291668E-04  -1.272260E-04   4.543302E-05  -1.555353E-01
          1029      G      2.783316E-04   4.769459E-05  -1.305102E-04  -9.300107E-05   4.909780E-05  -1.529047E-01
          1030      G      3.045543E-04  -2.096801E-07  -3.746537E-06  -2.268541E-04   2.017104E-01  -5.808217E-04
          1031      G      3.077516E-04   2.997394E-06  -5.016090E-03  -1.679624E-01   1.450772E-01  -1.866549E-04
          1032      G      3.010082E-04   2.553172E-05  -8.571766E-03  -3.162614E-01   8.864427E-02  -3.650970E-04
          1033      G      2.444005E-04   1.133474E-04  -3.056118E-04  -9.218050E-06   7.837594E-05  -7.654274E-02
          1034      G      2.542159E-04  -4.821643E-05  -3.059705E-04  -3.143389E-05   4.773016E-05  -8.438592E-02
          1035      G      3.296794E-04   1.338980E-05  -8.368220E-03  -2.623639E-01  -9.076630E-02  -5.888333E-04
          1036      G      3.403509E-04   1.997528E-05  -6.917369E-03  -1.885230E-01   1.363867E-02   1.097552E-01
          1037      G      2.837290E-04   1.753507E-05   1.290640E-04   1.282474E-04   4.547747E-05  -1.556658E-01
          1038      G      2.785456E-04  -4.810797E-05   1.304083E-04   9.391417E-05   4.914866E-05  -1.530768E-01
          1039      G      3.079220E-04  -3.366974E-06   5.011098E-03   1.676416E-01   1.452167E-01  -1.880557E-04
          1040      G      3.013981E-04  -2.595445E-05   8.570799E-03   3.160467E-01   8.877352E-02  -3.699306E-04
          1041      G      2.447571E-04  -1.138189E-04   3.052936E-04   5.609331E-06   7.723854E-05  -7.652182E-02
          1042      G      3.302697E-04  -1.342459E-05   8.371433E-03   2.621909E-01  -9.059224E-02  -5.934156E-04
          1043      G      3.407482E-04  -2.012312E-05   6.924025E-03   1.883421E-01   1.367738E-02   1.088636E-01
          1044      G      2.552007E-04   4.937751E-05   3.056262E-04   2.827360E-05   4.625868E-05  -8.472096E-02
          2000      G      3.761223E-04   1.109619E-05  -4.509382E-07  -1.669696E-03   1.367362E-02   3.572915E-01
          2001      G      3.773280E-04   1.406288E-05  -1.331535E-04   1.281941E-04   3.317175E-05   2.021311E-01
          2002      G      3.714313E-04  -4.868895E-05  -1.339885E-04   9.691097E-05   3.870952E-05   1.991824E-01
          2003      G      4.123399E-04   2.383521E-06  -5.935043E-05   3.201414E-03   2.403279E-01   9.181111E-04
          2004      G      4.155290E-04  -1.831397E-07  -5.879583E-03   1.896510E-01   1.669014E-01   2.781718E-04
          2005      G      4.033577E-04  -3.779192E-05  -9.978991E-03   3.512371E-01   9.946980E-02   4.016320E-04
          2006      G      5.360211E-04   1.244850E-06  -1.252571E-04  -2.434477E-04   1.053141E-02  -1.216790E-06
          2007      G      4.843425E-04   5.493102E-07  -9.364287E-03  -6.640100E-05   5.738763E-01   6.585947E-07
          2008      G      4.901637E-04   3.268544E-07  -1.719835E-02  -9.931932E-05  -2.390049E-02  -5.348699E-06
          2009      G      3.201940E-04  -1.573522E-04  -3.029228E-04   1.635441E-05   7.362901E-05   1.121281E-01
          2010      G      3.091307E-04   2.167504E-06  -3.033166E-04   3.226683E-05   5.120494E-05   1.086845E-01
          2011      G      4.361771E-04  -3.434358E-05  -9.795369E-03   2.726469E-01  -9.750520E-02   8.507903E-04
          2012      G      4.565889E-04  -4.275003E-05  -7.552038E-03   1.483981E-01  -5.137672E-02  -3.680777E-01
          2013      G      4.671113E-04  -9.467650E-07  -1.476517E-02   2.333468E-03  -1.853287E-01  -1.874877E-05
          2014      G      4.667519E-04  -2.353323E-06  -1.025283E-02   6.156521E-03  -7.636488E-02  -3.799903E-02
          2015      G      3.766110E-04  -1.405985E-05   1.291829E-04  -1.298582E-04   4.734272E-05   2.005941E-01
          2016      G      3.716398E-04   5.152726E-05   1.304099E-04  -9.701840E-05   5.295035E-05   1.981066E-01
          2017      G      4.189401E-04   6.207254E-06   5.772676E-03  -1.870989E-01   1.678463E-01   3.394092E-04
          2018      G      4.072971E-04   3.806295E-05   9.928412E-03  -3.511748E-01   1.023267E-01   4.837761E-04
          2019      G      4.867515E-04   9.828642E-07   9.186371E-03   5.100669E-04   5.792413E-01  -4.164087E-07
          2020      G      4.954598E-04   8.532053E-07   1.713754E-02  -8.792345E-05  -2.161415E-02   6.900502E-06
          2021      G      3.217270E-04   1.516649E-04   3.059667E-04  -1.143456E-05   7.818878E-05   1.135134E-01
          2022      G      3.092809E-04  -1.884065E-06   3.064733E-04  -2.459727E-05   5.702085E-05   1.092149E-01
          2023      G      4.401585E-04   3.499700E-05   9.816333E-03  -2.758755E-01  -9.524457E-02   9.379367E-04
          2024      G      4.604108E-04   3.862616E-05   7.604556E-03  -1.544155E-01  -5.171845E-02  -3.706645E-01
          2025      G      4.759668E-04   2.762989E-07   1.478163E-02  -7.151619E-06  -1.821029E-01   9.686654E-06
          2026      G      4.813382E-04   7.375448E-08   1.026293E-02   7.065984E-05  -8.057833E-02  -1.029151E-03
          2027      G      3.769579E-04   9.283428E-07  -1.209093E-06  -2.328619E-04   1.562515E-02  -3.513452E-01
1                                                       **STUDENT EDITION*    APRIL  18, 2026  MSC Nastran  3/ 3/26   PAGE    59
     DEFAULT                                                                                                                        
0                                                                                                            SUBCASE 1              
      EIGENVALUE =  4.232344E+06
          CYCLES =  3.274241E+02         R E A L   E I G E N V E C T O R   N O .          5
 
      POINT ID.   TYPE          T1             T2             T3             R1             R2             R3
          2028      G      3.772815E-04  -1.510256E-05  -1.293797E-04  -1.277352E-04   4.287932E-05  -2.015947E-01
          2029      G      3.720175E-04   5.152464E-05  -1.304590E-04  -9.459825E-05   4.881858E-05  -1.989607E-01
          2030      G      4.127954E-04   2.930580E-07  -5.855204E-05  -2.131758E-03   2.400173E-01  -9.127287E-04
          2031      G      4.170705E-04   3.446546E-06  -5.854136E-03  -1.898378E-01   1.662334E-01  -3.150766E-04
          2032      G      4.048280E-04   3.655930E-05  -9.943427E-03  -3.514214E-01   9.944098E-02  -4.355785E-04
          2033      G      3.225759E-04   1.513650E-04  -3.058004E-04  -1.328304E-05   7.684252E-05  -1.146168E-01
          2034      G      3.086040E-04   8.359869E-08  -3.062534E-04  -2.534976E-05   5.608115E-05  -1.095098E-01
          2035      G      4.373567E-04   3.365677E-05  -9.799633E-03  -2.752980E-01  -9.451935E-02  -8.444606E-04
          2036      G      4.600008E-04   4.066265E-05  -7.595103E-03  -1.555148E-01  -5.213290E-02   3.756141E-01
          2037      G      3.780476E-04   1.480171E-05   1.292641E-04   1.285452E-04   4.289933E-05  -2.020413E-01
          2038      G      3.727501E-04  -5.201253E-05   1.303594E-04   9.565916E-05   4.878185E-05  -1.993909E-01
          2039      G      4.182599E-04  -2.972863E-06   5.770576E-03   1.865322E-01   1.684860E-01  -3.122947E-04
          2040      G      4.073225E-04  -3.734288E-05   9.934605E-03   3.512594E-01   1.022981E-01  -4.477443E-04
          2041      G      3.222741E-04  -1.513700E-04   3.054788E-04   9.359388E-06   7.582164E-05  -1.142767E-01
          2042      G      3.094727E-04   1.353490E-06   3.059200E-04   2.232298E-05   5.478893E-05  -1.097833E-01
          2043      G      4.405204E-04  -3.484024E-05   9.817979E-03   2.759200E-01  -9.553208E-02  -9.304110E-04
          2044      G      4.607982E-04  -3.833969E-05   7.602104E-03   1.544210E-01  -5.172169E-02   3.678372E-01
          3000      G     -1.389151E-02  -2.079583E-04  -2.831575E-04   5.267732E-02  -4.954041E-01  -5.613772E+00
          3001      G     -1.531761E-02  -7.849234E-03  -1.081024E-02   2.214334E+00  -4.050586E-01  -5.221166E+00
          3002      G     -1.498725E-02  -7.763601E-03  -7.001215E-03   1.259507E+00  -2.839059E-01  -6.027801E+00
          3003      G     -1.930007E-02   5.166669E-05  -2.602559E-03   9.357678E-02   3.455435E+01   1.207351E-01
          3004      G     -1.564891E-02   1.317312E-04  -8.961636E-01   3.090341E+01   2.585556E+01   3.283359E-02
          3005      G     -1.513237E-02  -7.242415E-04  -1.381020E+00   5.730552E+01   3.884621E+00  -2.232287E-03
          3006      G      5.387679E-03   1.418359E-05  -3.606625E-03  -4.301400E-03   2.274137E+00  -1.242707E-03
          3007      G     -8.760925E-03   1.935235E-05  -1.461529E+00  -1.533858E-01   8.580115E+01  -1.451008E-03
          3008      G     -1.703244E-02  -4.032284E-05  -2.615140E+00   4.269697E-03  -2.436476E+00  -1.386377E-03
          3009      G     -1.348520E-02  -2.312078E-03  -8.370664E-03   2.170085E+00   1.208736E+00  -1.169938E+01
          3010      G     -9.969904E-03   3.188442E-03  -2.764305E-03   9.731341E-02  -4.645992E-01  -2.250324E+00
          3011      G     -1.622717E-02   1.213259E-03  -7.892279E-01   2.946944E+01  -4.244671E+01  -7.985471E-02
          3012      G     -1.831255E-02  -2.639139E-03  -2.327022E-02  -7.305626E-01  -3.397294E+00   4.782363E+00
          3013      G     -2.352376E-02  -2.337622E-05  -1.425780E+00  -1.161833E-01  -8.014538E+01  -1.927969E-03
          3014      G     -3.186788E-02  -9.208526E-05  -3.508705E-02   7.720834E-03  -5.300817E+00  -2.255332E-02
          3015      G     -1.541318E-02   8.168845E-03   1.128705E-02  -2.331082E+00  -7.614095E-01  -3.853258E+00
          3016      G     -1.508516E-02   7.598120E-03   6.845697E-03  -1.212539E+00  -4.979518E-01  -5.379648E+00
          3017      G     -1.570490E-02  -1.692594E-04   8.931688E-01  -3.057896E+01   2.579998E+01   3.356491E-02
          3018      G     -1.522627E-02   7.990116E-04   1.382229E+00  -5.721415E+01   4.113851E+00  -2.849769E-03
          3019      G     -8.780668E-03   4.708159E-05   1.458167E+00  -4.538368E-03   8.604206E+01  -9.838811E-04
          3020      G     -1.707340E-02   4.583535E-05   2.616686E+00  -4.133975E-03  -2.448149E+00  -8.366249E-04
          3021      G     -1.353460E-02   2.467331E-03   8.483372E-03  -2.657399E+00   2.035338E+00  -1.501877E+01
          3022      G     -1.016314E-02  -2.830252E-03   2.857872E-03  -2.945978E-02  -5.463049E-01  -1.939340E+00
          3023      G     -1.640979E-02  -1.149139E-03   7.930720E-01  -2.894138E+01  -4.235173E+01  -7.960631E-02
          3024      G     -1.846053E-02   2.672261E-03   2.348172E-02   1.123770E+00  -3.443689E+00   6.497413E+00
          3025      G     -2.359818E-02   7.348925E-05   1.426944E+00  -5.938142E-03  -8.009418E+01  -1.030457E-03
          3026      G     -3.200916E-02   9.536030E-05   3.529026E-02   1.756932E-04  -5.340019E+00   4.385195E-02
          3027      G     -1.411564E-02   2.162478E-05  -2.247318E-05  -4.816346E-03  -5.966968E-01   5.302173E+00
          3028      G     -1.560659E-02   8.242181E-03  -1.139057E-02  -2.362591E+00  -7.303945E-01   4.041827E+00
          3029      G     -1.527468E-02   7.531705E-03  -6.849936E-03  -1.212368E+00  -5.037786E-01   5.435832E+00
          3030      G     -1.946780E-02   3.821780E-05  -1.788105E-03  -8.403003E-02   3.450325E+01  -1.225015E-01
          3031      G     -1.580549E-02  -1.492626E-04  -8.947410E-01  -3.059435E+01   2.569150E+01  -3.510738E-02
          3032      G     -1.529555E-02   7.600791E-04  -1.381631E+00  -5.720219E+01   4.078469E+00   2.228759E-04
1                                                       **STUDENT EDITION*    APRIL  18, 2026  MSC Nastran  3/ 3/26   PAGE    60
     DEFAULT                                                                                                                        
0                                                                                                            SUBCASE 1              
      EIGENVALUE =  4.232344E+06
          CYCLES =  3.274241E+02         R E A L   E I G E N V E C T O R   N O .          5
 
      POINT ID.   TYPE          T1             T2             T3             R1             R2             R3
          3033      G     -1.372366E-02   2.381406E-03  -8.520666E-03  -2.666465E+00   2.035851E+00   1.510528E+01
          3034      G     -1.035067E-02  -3.010286E-03  -2.860149E-03  -2.613325E-02  -5.500318E-01   2.007402E+00
          3035      G     -1.646512E-02  -1.257256E-03  -7.921074E-01  -2.886568E+01  -4.233843E+01   7.670342E-02
          3036      G     -1.851450E-02   2.499347E-03  -2.347301E-02   1.119731E+00  -3.443367E+00  -6.405126E+00
          3037      G     -1.560699E-02  -8.138070E-03   1.127206E-02   2.334889E+00  -7.360742E-01   4.017586E+00
          3038      G     -1.527246E-02  -7.522773E-03   6.835020E-03   1.208219E+00  -5.041418E-01   5.433691E+00
          3039      G     -1.581935E-02   1.939578E-04   8.933887E-01   3.060160E+01   2.578680E+01  -3.483817E-02
          3040      G     -1.532361E-02  -6.997500E-04   1.382312E+00   5.723061E+01   4.120759E+00   6.233464E-04
          3041      G     -1.371310E-02  -2.330496E-03   8.466216E-03   2.653689E+00   2.035867E+00   1.509580E+01
          3042      G     -1.034523E-02   3.015605E-03   2.847585E-03   2.808713E-02  -5.463910E-01   2.018655E+00
          3043      G     -1.650189E-02   1.287598E-03   7.932173E-01   2.895307E+01  -4.235447E+01   7.762631E-02
          3044      G     -1.854532E-02  -2.480843E-03   2.351067E-02  -1.124380E+00  -3.450630E+00  -6.412468E+00
          4000      G     -1.575114E-03  -5.030278E-05  -1.042736E-05   9.054013E-04   4.632594E-02  -6.002327E-01
          4001      G     -1.579642E-03  -5.060265E-05  -1.001713E-03  -1.308307E-02  -2.472219E-03  -5.313240E-01
          4002      G     -1.568843E-03  -1.774483E-04  -1.444832E-03   2.185598E-02   6.472472E-03  -4.459285E-01
          4003      G     -1.683431E-03  -5.384707E-05  -9.958740E-06  -1.757836E-03   2.340077E-01  -4.467810E-04
          4004      G     -1.683213E-03  -6.357656E-05  -6.559769E-03   1.953669E-01   2.094036E-01  -7.518332E-04
          4005      G     -1.698111E-03  -6.808720E-05  -1.121350E-02   3.526398E-01   7.283980E-02  -1.355746E-03
          4006      G     -1.614349E-03  -5.248559E-05   2.664828E-05   1.866380E-03   1.171118E-02  -2.875000E-04
          4007      G     -1.680756E-03  -6.281732E-05  -1.019964E-02   5.693543E-03   6.147412E-01  -2.577351E-04
          4008      G     -1.731303E-03  -6.888310E-05  -1.884419E-02   2.594972E-03  -1.332448E-02  -2.268493E-04
          4009      G     -1.543662E-03  -1.219025E-04  -1.488318E-03  -1.202224E-02  -5.734618E-03  -2.620728E-01
          4010      G     -1.501485E-03  -2.245256E-04  -1.883522E-03   4.948738E-02   2.674958E-02  -5.064326E-01
          4011      G     -1.712899E-03  -1.016892E-04  -1.015445E-02   2.766828E-01  -1.165958E-01  -3.220210E-03
          4012      G     -1.748788E-03  -2.241568E-04  -7.690514E-03   1.115893E-01  -5.803210E-02  -7.626187E-01
          4013      G     -1.824216E-03  -7.742900E-05  -1.569737E-02   1.371164E-02  -2.495554E-01  -2.262677E-04
          4014      G     -1.894577E-03  -8.290628E-05  -1.051557E-02   3.723820E-04  -4.112254E-02   3.754114E-04
          4015      G     -1.575204E-03  -5.916325E-05   9.809050E-04   1.958491E-02  -3.252579E-03  -5.458864E-01
          4016      G     -1.559573E-03   7.759420E-05   1.459778E-03  -2.030052E-02   1.183169E-02  -4.618099E-01
          4017      G     -1.680148E-03  -4.149936E-05   6.555961E-03  -2.027041E-01   2.120248E-01  -7.437095E-04
          4018      G     -1.691731E-03  -4.250776E-05   1.115399E-02  -3.547254E-01   6.423366E-02  -1.368982E-03
          4019      G     -1.679433E-03  -4.425953E-05   1.022809E-02   1.766816E-03   6.119915E-01  -2.891648E-04
          4020      G     -1.729842E-03  -3.462302E-05   1.882423E-02   1.601571E-03  -1.330679E-02  -2.891010E-04
          4021      G     -1.526015E-03  -1.220245E-06   1.308962E-03   3.733553E-02  -1.699963E-02  -2.064800E-01
          4022      G     -1.477908E-03   1.151574E-04   1.843984E-03  -6.044850E-02   3.936227E-02  -5.617776E-01
          4023      G     -1.706296E-03  -7.021265E-06   9.964094E-03  -3.033670E-01  -1.108657E-01  -3.392792E-03
          4024      G     -1.744023E-03   1.199426E-04   7.686346E-03  -1.146671E-01  -5.851146E-02  -8.196196E-01
          4025      G     -1.824731E-03  -2.698322E-05   1.571700E-02   1.522884E-03  -2.472813E-01  -2.747583E-04
          4026      G     -1.897327E-03  -1.922698E-05   1.056894E-02   4.488356E-04  -4.239230E-02  -7.698992E-03
          4027      G     -1.616331E-03  -5.084971E-05   5.363893E-06   1.512667E-03   5.034456E-02   6.169140E-01
          4028      G     -1.618064E-03  -7.724336E-05  -9.942146E-04   2.078415E-02  -4.524722E-03   5.418091E-01
          4029      G     -1.602557E-03   4.688913E-05  -1.466028E-03  -2.042404E-02   1.193362E-02   4.662555E-01
          4030      G     -1.702376E-03  -5.300060E-05   4.660481E-06   6.693208E-05   2.336458E-01  -1.327599E-04
          4031      G     -1.700550E-03  -5.832485E-05  -6.575698E-03  -2.035408E-01   2.130363E-01   1.663209E-04
          4032      G     -1.712768E-03  -7.617773E-05  -1.120121E-02  -3.546789E-01   6.617239E-02   8.250074E-04
          4033      G     -1.568748E-03  -5.109230E-05  -1.305999E-03   3.959580E-02  -1.780478E-02   2.076901E-01
          4034      G     -1.520863E-03   5.546195E-05  -1.840632E-03  -6.035071E-02   4.051164E-02   5.719679E-01
          4035      G     -1.728068E-03  -5.437018E-05  -1.002788E-02  -3.094675E-01  -1.132692E-01   2.845672E-03
          4036      G     -1.766480E-03   5.695252E-05  -7.672665E-03  -1.130541E-01  -5.874852E-02   8.235967E-01
          4037      G     -1.618766E-03  -2.826998E-05   1.008093E-03  -1.615812E-02  -4.490479E-03   5.416633E-01
1                                                       **STUDENT EDITION*    APRIL  18, 2026  MSC Nastran  3/ 3/26   PAGE    61
     DEFAULT                                                                                                                        
0                                                                                                            SUBCASE 1              
      EIGENVALUE =  4.232344E+06
          CYCLES =  3.274241E+02         R E A L   E I G E N V E C T O R   N O .          5
 
      POINT ID.   TYPE          T1             T2             T3             R1             R2             R3
          4038      G     -1.603447E-03  -1.461942E-04   1.479074E-03   2.363506E-02   1.194227E-02   4.647119E-01
          4039      G     -1.700434E-03  -4.544706E-05   6.572337E-03   2.004108E-01   2.127305E-01   1.317286E-04
          4040      G     -1.712543E-03  -2.745283E-05   1.116889E-02   3.528696E-01   6.360805E-02   7.740559E-04
          4041      G     -1.569097E-03  -5.126163E-05   1.325878E-03  -3.361503E-02  -1.710120E-02   2.077164E-01
          4042      G     -1.519197E-03  -1.494600E-04   1.853049E-03   6.238015E-02   3.751382E-02   5.542488E-01
          4043      G     -1.727336E-03  -4.555204E-05   9.968089E-03   3.015258E-01  -1.113177E-01   2.820675E-03
          4044      G     -1.765847E-03  -1.578844E-04   7.684288E-03   1.151284E-01  -5.869657E-02   8.031675E-01
1                                                       **STUDENT EDITION*    APRIL  18, 2026  MSC Nastran  3/ 3/26   PAGE    62
     DEFAULT                                                                                                                        
0                                                                                                            SUBCASE 1              
      EIGENVALUE =  4.364457E+06
          CYCLES =  3.324951E+02         R E A L   E I G E N V E C T O R   N O .          6
 
      POINT ID.   TYPE          T1             T2             T3             R1             R2             R3
             1      G      0.0            0.0            0.0            0.0            0.0            0.0
             2      G      0.0            0.0            0.0            0.0            0.0            0.0
             3      G      0.0            0.0            0.0            0.0            0.0            0.0
             4      G      0.0            0.0            0.0            0.0            0.0            0.0
             5      G      0.0            0.0            0.0            0.0            0.0            0.0
             6      G      0.0            0.0            0.0            0.0            0.0            0.0
             7      G      0.0            0.0            0.0            0.0            0.0            0.0
             8      G      0.0            0.0            0.0            0.0            0.0            0.0
            10      G     -1.061385E-05  -2.371716E-05  -4.872913E-05  -1.542804E-05  -3.450419E-05   2.619052E-03
            11      G     -1.028117E-05   2.365252E-05  -4.870002E-05   1.555289E-05  -3.344847E-05  -2.598266E-03
            12      G     -1.398026E-05   3.044235E-06  -9.609237E-05  -7.391635E-05  -5.410996E-05   1.256879E-03
            13      G     -1.349082E-05  -3.028314E-06  -9.594224E-05   7.379546E-05  -5.229650E-05  -1.216443E-03
            14      G      1.393946E-05   3.058188E-06  -9.610709E-05  -7.399937E-05   5.401861E-05  -1.241298E-03
            15      G      1.379663E-05  -2.984528E-06  -9.643173E-05   7.409994E-05   5.375654E-05   1.235334E-03
            16      G      1.063123E-05  -2.321848E-05  -4.867026E-05  -1.661525E-05   3.448646E-05  -2.588994E-03
            17      G      9.980601E-06   2.315249E-05  -4.863436E-05   1.772912E-05   3.189106E-05   2.507910E-03
           100      G      2.904600E-06  -5.935080E-06   4.285327E-04  -1.632085E-02   1.528278E-02  -7.038300E-04
           101      G     -6.529790E-06   5.374672E-08   1.092041E-03   6.743360E-06   4.923979E-03   1.351728E-05
           102      G      5.909471E-06  -1.948497E-06   1.009871E-03  -3.004787E-02   1.812495E-02  -7.972469E-05
           103      G     -1.465823E-05  -2.447039E-08   2.044910E-03  -2.904271E-06   3.651239E-02   3.380376E-07
           104      G     -1.241322E-07  -2.090316E-05   1.228857E-03  -4.366099E-02  -1.615335E-05   1.417951E-06
           105      G     -2.391840E-07  -8.375862E-08   2.765277E-03  -3.206548E-06  -1.756404E-05   3.038161E-07
           106      G      2.306163E-05   2.023357E-05  -9.799783E-05   7.409994E-05   5.375654E-05   1.235334E-03
           107      G      2.306163E-05  -1.273440E-05  -9.656321E-05   7.409994E-05   5.375654E-05   1.235334E-03
           108      G      4.782346E-08  -3.931104E-05  -5.484405E-04  -7.509026E-03   1.318378E-05  -2.951048E-05
           109      G      2.878993E-05   4.196181E-05  -4.900651E-05   1.772912E-05   3.189106E-05   2.507910E-03
           110      G     -7.251407E-06   1.855403E-04  -1.221929E-03   3.773771E-02   4.636239E-03  -1.959776E-02
           111      G      2.878993E-05  -2.810292E-05  -4.811556E-05   1.772912E-05   3.189106E-05   2.507910E-03
           112      G      2.100483E-07   1.301448E-05  -4.290284E-04   1.085893E-02   3.016349E-02   1.522395E-03
           113      G     -9.402424E-06   5.260715E-07  -1.743849E-03  -6.925739E-05   5.501070E-03   2.318700E-04
           114      G     -3.972013E-06   2.732622E-07  -3.341877E-04   4.368112E-05   4.813169E-02  -4.159175E-05
           115      G     -3.396754E-06  -6.152303E-06   4.268998E-04  -1.629190E-02  -1.533568E-02   6.799566E-04
           116      G      5.993558E-06  -1.193864E-07   1.090794E-03   5.956828E-06  -4.961867E-03   4.968865E-07
           117      G     -6.260098E-06  -2.109572E-06   1.009215E-03  -3.003006E-02  -1.815293E-02   7.630879E-05
           118      G      1.417091E-05  -9.042280E-08   2.044288E-03   2.386418E-07  -3.654402E-02   1.020423E-06
           119      G     -2.261413E-05   1.983472E-05  -9.747862E-05   7.379546E-05  -5.229650E-05  -1.216443E-03
           120      G     -2.261413E-05  -1.262909E-05  -9.608296E-05   7.379546E-05  -5.229650E-05  -1.216443E-03
           121      G     -2.976817E-05   4.313951E-05  -4.906753E-05   1.555289E-05  -3.344847E-05  -2.598266E-03
           122      G      6.598635E-06   1.851698E-04  -1.225054E-03   3.766679E-02  -4.713182E-03   1.979639E-02
           123      G     -2.976817E-05  -2.944955E-05  -4.813306E-05   1.555289E-05  -3.344847E-05  -2.598266E-03
           124      G     -7.426028E-07   1.297620E-05  -4.316521E-04   1.086275E-02  -3.015803E-02  -1.518821E-03
           125      G      8.907113E-06  -1.432811E-07  -1.744330E-03  -1.015885E-05  -5.541788E-03  -8.690271E-06
           126      G      3.371547E-06  -9.455444E-08  -3.350914E-04   1.669558E-05  -4.808305E-02   2.043099E-06
           127      G      3.200432E-06   6.170639E-06   4.274070E-04   1.637623E-02   1.535325E-02   7.025583E-04
           128      G      6.006127E-06   1.899799E-06   1.009475E-03   3.008839E-02   1.811926E-02   8.389713E-05
           129      G     -1.646104E-07   2.081006E-05   1.228415E-03   4.369646E-02  -6.909562E-06   2.889081E-06
           130      G      2.324919E-05  -2.027201E-05  -9.767736E-05  -7.399937E-05   5.401861E-05  -1.241298E-03
           131      G      2.324919E-05   1.285514E-05  -9.623574E-05  -7.399937E-05   5.401861E-05  -1.241298E-03
           132      G     -7.363394E-08   3.929596E-05  -5.487600E-04   7.516562E-03   4.960697E-07   7.519970E-07
           133      G      3.004869E-05  -4.263594E-05  -4.905353E-05  -1.661525E-05   3.448646E-05  -2.588994E-03
1                                                       **STUDENT EDITION*    APRIL  18, 2026  MSC Nastran  3/ 3/26   PAGE    63
     DEFAULT                                                                                                                        
0                                                                                                            SUBCASE 1              
      EIGENVALUE =  4.364457E+06
          CYCLES =  3.324951E+02         R E A L   E I G E N V E C T O R   N O .          6
 
      POINT ID.   TYPE          T1             T2             T3             R1             R2             R3
           134      G     -6.824836E-06  -1.841464E-04  -1.223105E-03  -3.759912E-02   4.656105E-03   1.984169E-02
           135      G      3.004869E-05   2.969409E-05  -4.809006E-05  -1.661525E-05   3.448646E-05  -2.588994E-03
           136      G      5.793080E-07  -1.278738E-05  -4.310966E-04  -1.083751E-02   3.012340E-02  -1.504690E-03
           137      G     -3.561734E-06   6.045677E-06   4.265096E-04   1.637542E-02  -1.534309E-02  -7.022186E-04
           138      G     -6.361996E-06   1.815697E-06   1.008918E-03   3.008529E-02  -1.815622E-02  -8.080430E-05
           139      G     -2.340685E-05  -2.057880E-05  -9.766374E-05  -7.391635E-05  -5.410996E-05   1.256879E-03
           140      G     -2.340685E-05   1.296416E-05  -9.621968E-05  -7.391635E-05  -5.410996E-05   1.256879E-03
           141      G     -3.025675E-05  -4.336005E-05  -4.910362E-05  -1.542804E-05  -3.450419E-05   2.619052E-03
           142      G      6.283799E-06  -1.852983E-04  -1.224726E-03  -3.764273E-02  -4.663154E-03  -1.978986E-02
           143      G     -3.025675E-05   2.980973E-05  -4.813966E-05  -1.542804E-05  -3.450419E-05   2.619052E-03
           144      G     -9.845054E-07  -1.319746E-05  -4.320454E-04  -1.083360E-02  -3.015540E-02   1.516168E-03
           200      G      2.979449E-05   4.140335E-05  -4.900651E-05   1.772912E-05   3.189106E-05   2.507910E-03
           201      G      2.979449E-05  -2.866139E-05  -4.811556E-05   1.772912E-05   3.189106E-05   2.507910E-03
           202      G      2.475496E-05   1.789942E-05  -9.799783E-05   7.409994E-05   5.375654E-05   1.235334E-03
           203      G      2.475496E-05  -1.506855E-05  -9.656321E-05   7.409994E-05   5.375654E-05   1.235334E-03
           204      G      1.100229E-06   2.181556E-05  -7.783409E-04   3.825765E-03   2.303263E-06  -2.267038E-06
           205      G     -1.855976E-05   4.089084E-05  -1.280410E-03   2.814891E-02   6.375349E-03  -7.715676E-03
           206      G     -3.187219E-05   4.487676E-06  -1.820006E-03   1.218264E-03   8.311351E-03   1.953023E-03
           207      G     -3.082180E-05   4.264960E-05  -4.906753E-05   1.555289E-05  -3.344847E-05  -2.598266E-03
           208      G     -3.082180E-05  -2.993946E-05  -4.813306E-05   1.555289E-05  -3.344847E-05  -2.598266E-03
           209      G     -2.426147E-05   1.751017E-05  -9.747862E-05   7.379546E-05  -5.229650E-05  -1.216443E-03
           210      G     -2.426147E-05  -1.495365E-05  -9.608296E-05   7.379546E-05  -5.229650E-05  -1.216443E-03
           211      G      1.852523E-05   4.395303E-05  -1.284864E-03   2.787513E-02  -6.735612E-03   1.023173E-02
           212      G      3.157400E-05  -1.862695E-07  -1.820847E-03   1.304008E-05  -8.311590E-03  -1.998032E-06
           213      G      3.113501E-05  -4.211256E-05  -4.905353E-05  -1.661525E-05   3.448646E-05  -2.588994E-03
           214      G      3.113501E-05   3.021747E-05  -4.809006E-05  -1.661525E-05   3.448646E-05  -2.588994E-03
           215      G      2.495078E-05  -1.794103E-05  -9.767736E-05  -7.399937E-05   5.401861E-05  -1.241298E-03
           216      G      2.495078E-05   1.518612E-05  -9.623574E-05  -7.399937E-05   5.401861E-05  -1.241298E-03
           217      G     -1.204321E-07  -2.200188E-05  -7.790268E-04  -3.824072E-03  -2.261376E-05   7.917187E-06
           218      G     -1.936831E-05  -3.982405E-05  -1.283156E-03  -2.796174E-02   6.730547E-03   1.045513E-02
           219      G     -3.134363E-05  -4.287407E-05  -4.910362E-05  -1.542804E-05  -3.450419E-05   2.619052E-03
           220      G     -3.134363E-05   3.029571E-05  -4.813966E-05  -1.542804E-05  -3.450419E-05   2.619052E-03
           221      G     -2.511131E-05  -1.825044E-05  -9.766374E-05  -7.391635E-05  -5.410996E-05   1.256879E-03
           222      G     -2.511131E-05   1.529252E-05  -9.621968E-05  -7.391635E-05  -5.410996E-05   1.256879E-03
           223      G      1.826742E-05  -4.435003E-05  -1.284420E-03  -2.786259E-02  -6.703120E-03  -1.025925E-02
           224      G     -7.006561E-06  -4.388170E-06   4.353394E-04  -1.921974E-02   1.933929E-02  -1.051772E-03
           225      G     -2.725713E-05   3.372134E-07   1.138056E-03   6.542492E-05   7.929431E-03   5.705825E-05
           226      G     -4.314433E-06   1.146320E-05   1.019323E-03  -3.315347E-02   1.275149E-02  -2.150857E-04
           227      G     -2.437517E-05   3.013735E-08   2.149431E-03  -5.906761E-05   3.800520E-02  -4.390595E-06
           228      G     -9.050077E-07  -1.200877E-05   1.050796E-03  -5.706182E-02   5.301124E-04  -4.161449E-05
           229      G     -1.543363E-06  -9.616584E-08   2.863496E-03   5.019029E-06   2.488977E-04   7.075701E-06
           230      G     -7.469960E-06   1.039627E-05  -4.645813E-04   5.180986E-03   3.222384E-02  -1.077119E-05
           231      G     -4.154152E-05   4.238522E-07  -3.550768E-04   9.768611E-04   5.693013E-02  -3.793689E-04
           232      G      5.138045E-06  -5.885724E-06   5.327509E-04  -2.289290E-02  -1.992821E-02   1.000441E-03
           233      G      2.529483E-05  -1.014634E-07   1.328632E-03   1.376401E-05  -7.678499E-03   9.541731E-07
           234      G      3.090654E-06   1.160132E-05   1.076599E-03  -3.510872E-02  -1.054841E-02   2.047530E-04
           235      G      2.069069E-05  -1.050762E-07   2.248798E-03   1.406306E-05  -3.409823E-02  -1.454602E-06
           236      G      7.542785E-06   9.848152E-06  -4.205120E-04   3.383690E-03  -3.606550E-02  -7.021778E-05
           237      G      3.362236E-05  -1.321269E-07  -2.596659E-04   2.824453E-05  -6.686316E-02   2.341517E-06
           238      G     -6.672983E-06   4.871564E-06   4.429305E-04   1.960613E-02   1.978620E-02   1.031520E-03
1                                                       **STUDENT EDITION*    APRIL  18, 2026  MSC Nastran  3/ 3/26   PAGE    64
     DEFAULT                                                                                                                        
0                                                                                                            SUBCASE 1              
      EIGENVALUE =  4.364457E+06
          CYCLES =  3.324951E+02         R E A L   E I G E N V E C T O R   N O .          6
 
      POINT ID.   TYPE          T1             T2             T3             R1             R2             R3
           239      G     -4.266007E-06  -1.156099E-05   1.027664E-03   3.347372E-02   1.244486E-02   2.216508E-04
           240      G     -7.749965E-07   1.191323E-05   1.054251E-03   5.720823E-02   4.731860E-04   1.698238E-05
           241      G     -7.028389E-06  -8.636595E-06  -4.662860E-04  -5.263163E-03   3.220202E-02   2.380817E-05
           242      G      4.938308E-06   5.780767E-06   5.340067E-04   2.299905E-02  -1.995871E-02  -1.023880E-03
           243      G      2.892400E-06  -1.179800E-05   1.078890E-03   3.521363E-02  -1.059731E-02  -2.096201E-04
           244      G      7.311632E-06  -1.009165E-05  -4.200390E-04  -3.346603E-03  -3.609596E-02   6.978842E-05
           300      G      3.328648E-04   2.491516E-04  -6.522294E-04   5.858438E-02  -1.649285E-02   3.013480E-02
           301      G      7.928444E-05   1.420373E-04  -1.301334E-03   4.698133E-02  -1.085534E-02  -1.701759E-02
           302      G      2.584594E-05   3.080423E-04  -1.140073E-03   7.580872E-02   3.852325E-03  -6.080138E-03
           303      G      3.562411E-04   1.307671E-04  -3.913785E-05   2.186992E-02  -1.075314E-02   5.910099E-03
           304      G      2.446365E-04   1.551351E-04  -3.294773E-04   3.676143E-02  -7.687236E-03  -1.727247E-02
           305      G      1.710719E-05   1.631891E-04  -1.439400E-03   2.804234E-02   1.666400E-02  -2.439432E-02
           306      G     -1.539026E-05   1.200742E-05  -2.085614E-03   3.287659E-03   2.252959E-02   5.666999E-03
           307      G     -3.521600E-04   2.702553E-04  -6.527723E-04   6.081823E-02   1.545909E-02  -3.300613E-02
           308      G     -4.882326E-05   1.506080E-04  -1.315977E-03   4.588706E-02   9.119206E-03   1.715055E-02
           309      G     -3.877823E-04   1.473100E-04  -3.847184E-05   1.998890E-02   1.448682E-02  -5.035555E-03
           310      G     -2.576854E-04   1.555184E-04  -3.343277E-04   3.561953E-02   7.061128E-03   1.959854E-02
           311      G     -2.209135E-05   1.731345E-04  -1.445616E-03   2.861554E-02  -1.763331E-02   2.872393E-02
           312      G      7.734113E-06  -3.581284E-07  -2.089169E-03   6.565817E-05  -2.306286E-02  -6.289770E-05
           313      G      3.649726E-04  -2.797009E-04  -6.509866E-04  -5.931453E-02  -1.539167E-02  -3.226710E-02
           314      G      6.693927E-05  -1.619480E-04  -1.317289E-03  -4.424424E-02  -1.041112E-02   1.819383E-02
           315      G     -7.890498E-07  -3.304750E-04  -1.137954E-03  -7.613527E-02  -2.577430E-05   4.677379E-05
           316      G      3.978171E-04  -1.421470E-04  -3.835732E-05  -1.965481E-02  -1.427099E-02  -4.492354E-03
           317      G      2.681622E-04  -1.575434E-04  -3.338435E-04  -3.434279E-02  -7.368595E-03   2.013374E-02
           318      G      2.541538E-05  -1.655959E-04  -1.445570E-03  -2.881214E-02   1.619561E-02   2.996857E-02
           319      G     -3.657421E-04  -2.788129E-04  -6.511629E-04  -5.984888E-02   1.531184E-02   3.236735E-02
           320      G     -6.824985E-05  -1.614125E-04  -1.317270E-03  -4.459765E-02   1.035738E-02  -1.811692E-02
           321      G     -3.979193E-04  -1.488227E-04  -3.795534E-05  -1.970428E-02   1.416191E-02   4.764766E-03
           322      G     -2.683899E-04  -1.606360E-04  -3.335470E-04  -3.469513E-02   7.191022E-03  -2.001132E-02
           323      G     -2.793990E-05  -1.740769E-04  -1.445245E-03  -2.851302E-02  -1.746313E-02  -2.885607E-02
           324      G      1.264728E-05   8.845565E-05  -1.862329E-04  -3.956365E-02   3.088259E-02  -1.176852E-02
           325      G     -9.246301E-06  -1.195767E-05   1.429632E-03   5.600352E-04   1.833102E-02   1.307684E-04
           326      G      3.989205E-05   1.523985E-04   6.160195E-04  -7.356459E-02   1.796098E-02  -5.120206E-04
           327      G     -3.153717E-05  -1.218684E-05   3.056769E-03   1.273303E-03   5.962855E-02  -1.130522E-05
           328      G     -4.708746E-06   7.413306E-05   1.016512E-03  -9.338323E-02  -5.399869E-04   8.749782E-04
           329      G     -4.424948E-06  -1.186809E-05   4.122153E-03   1.470430E-04  -3.608472E-04  -1.385012E-04
           330      G      5.684332E-05   9.246450E-05  -9.341919E-04  -2.827733E-03   8.930737E-03  -9.382225E-04
           331      G     -3.096022E-05  -7.729782E-06  -4.233591E-04   3.647337E-03   7.054978E-02  -7.672339E-04
           332      G     -1.254123E-05   1.008953E-04  -2.659244E-04  -3.969397E-02  -3.347524E-02   1.257458E-02
           333      G      6.255534E-07  -4.843344E-06   1.350675E-03   4.685507E-04  -1.891227E-02  -1.075381E-04
           334      G     -4.723367E-05   1.679617E-04   5.629776E-04  -7.205051E-02  -1.832410E-02   1.713611E-04
           335      G      2.356032E-05  -8.315897E-06   3.001745E-03   3.115084E-04  -6.131292E-02  -1.261787E-04
           336      G     -6.578665E-05   1.011273E-04  -9.846396E-04  -1.113622E-03  -5.437321E-03   9.916626E-04
           337      G      2.324825E-05  -2.334475E-06  -4.679964E-04   3.339419E-04  -6.950000E-02  -8.836191E-05
           338      G      1.411638E-05  -1.119546E-04  -1.948041E-04   4.159233E-02   3.332634E-02   1.272782E-02
           339      G      4.518771E-05  -1.840611E-04   6.136851E-04   7.302976E-02   1.679193E-02   4.145011E-04
           340      G     -2.947677E-06  -9.490602E-05   1.017215E-03   9.475310E-02  -3.319324E-04   8.907657E-05
           341      G      6.917532E-05  -1.040222E-04  -9.595327E-04   9.446822E-04   7.656450E-03   1.264143E-03
           342      G     -1.879116E-05  -1.095796E-04  -2.624430E-04   3.973402E-02  -3.331348E-02  -1.261343E-02
           343      G     -5.100282E-05  -1.819630E-04   5.733611E-04   7.224876E-02  -1.868180E-02  -3.978792E-04
1                                                       **STUDENT EDITION*    APRIL  18, 2026  MSC Nastran  3/ 3/26   PAGE    65
     DEFAULT                                                                                                                        
0                                                                                                            SUBCASE 1              
      EIGENVALUE =  4.364457E+06
          CYCLES =  3.324951E+02         R E A L   E I G E N V E C T O R   N O .          6
 
      POINT ID.   TYPE          T1             T2             T3             R1             R2             R3
           344      G     -7.215930E-05  -1.057525E-04  -9.822322E-04   9.464087E-04  -5.715196E-03  -1.123357E-03
           400      G      2.900251E-05   1.677143E-03   3.742563E-04   2.780899E-01  -1.539826E-01  -1.881345E-02
           401      G      2.783408E-04   4.119468E-04  -5.812460E-03   1.171395E-02   4.137097E-02   3.295341E-02
           402      G      1.642516E-06   2.314087E-03   6.523243E-04   3.465957E-01  -4.974496E-04  -1.979874E-04
           403      G      2.774326E-05   4.878558E-04   5.741058E-04  -3.455220E-03  -1.392879E-01  -2.138164E-02
           404      G      2.687363E-04   3.414008E-04  -1.891041E-03   1.068306E-01   6.211693E-02  -9.815549E-04
           405      G      8.177216E-04   3.350392E-04  -1.992970E-03   8.490931E-02  -1.121746E-01  -4.053909E-02
           406      G      9.563028E-04  -4.973254E-07  -2.584924E-03   1.040531E-06  -9.064219E-02   6.356469E-04
           407      G     -2.534334E-05   1.679062E-03   3.648387E-04   2.784257E-01   1.542245E-01   1.918366E-02
           408      G     -2.749964E-04   4.131041E-04  -5.827617E-03   1.190931E-02  -4.142699E-02  -3.322542E-02
           409      G     -2.796269E-05   4.913469E-04   5.750107E-04  -2.818966E-03   1.392635E-01   2.188202E-02
           410      G     -2.711004E-04   3.431880E-04  -1.895885E-03   1.071991E-01  -6.192436E-02   2.875644E-04
           411      G     -8.182972E-04   3.364131E-04  -2.001063E-03   8.488115E-02   1.123369E-01   4.096168E-02
           412      G     -9.569989E-04  -1.418047E-07  -2.590648E-03  -1.915109E-05   9.080536E-02  -3.726405E-05
           413      G      3.111400E-05  -1.682508E-03   3.656629E-04  -2.786144E-01  -1.542807E-01   1.924434E-02
           414      G      2.798572E-04  -4.176973E-04  -5.826565E-03  -1.222444E-02   4.140776E-02  -3.326119E-02
           415      G     -1.266725E-07  -2.319766E-03   6.478564E-04  -3.470681E-01   1.131939E-05   1.256592E-05
           416      G      3.428443E-05  -4.885364E-04   5.753571E-04   2.803794E-03  -1.393583E-01   2.201166E-02
           417      G      2.772903E-04  -3.437602E-04  -1.894758E-03  -1.073360E-01   6.187691E-02   3.990702E-04
           418      G      8.197724E-04  -3.341727E-04  -2.000097E-03  -8.478543E-02  -1.124203E-01   4.113969E-02
           419      G     -3.114017E-05  -1.682543E-03   3.660922E-04  -2.786036E-01   1.543078E-01  -1.921283E-02
           420      G     -2.800471E-04  -4.178087E-04  -5.826444E-03  -1.223867E-02  -4.138548E-02   3.328323E-02
           421      G     -3.382999E-05  -4.913742E-04   5.765968E-04   2.650682E-03   1.394726E-01  -2.196758E-02
           422      G     -2.770890E-04  -3.449479E-04  -1.894296E-03  -1.074905E-01  -6.191122E-02  -3.607787E-04
           423      G     -8.204939E-04  -3.366882E-04  -2.000840E-03  -8.486806E-02   1.125588E-01  -4.105463E-02
           424      G      2.688853E-04   2.969014E-04   1.917123E-03  -2.950985E-01   9.011234E-02   9.083353E-03
           425      G      2.285199E-04  -2.431081E-06   9.402941E-03  -1.926416E-04  -1.537735E-02   5.568938E-05
           426      G      3.220956E-05   7.628725E-04   3.259015E-03  -3.563423E-01   4.938730E-02  -2.816024E-03
           427      G      5.466566E-05  -3.081186E-06   1.307165E-02  -2.211553E-04   1.956622E-01   3.176199E-06
           428      G      7.135172E-08   4.582856E-04   6.623371E-03  -4.958577E-01  -3.147572E-04   2.542243E-05
           429      G     -2.778474E-07  -2.981715E-06   1.905572E-02  -2.338094E-04   5.423869E-05  -8.629828E-06
           430      G      3.714243E-04   3.475498E-04  -2.064684E-03  -1.150055E-01   2.315779E-02   1.882148E-03
           431      G      5.329960E-04  -1.418761E-06   2.191996E-03   1.717629E-04   2.258470E-01  -1.120736E-04
           432      G     -2.694632E-04   2.984610E-04   1.894145E-03  -2.947486E-01  -9.000254E-02  -9.245693E-03
           433      G     -2.292342E-04  -1.897808E-06   9.372859E-03  -1.013951E-04   1.552368E-02  -2.343254E-05
           434      G     -3.225057E-05   7.634627E-04   3.241554E-03  -3.563999E-01  -4.977409E-02   2.779321E-03
           435      G     -5.511024E-05  -2.613220E-06   1.305571E-02  -1.755360E-04  -1.962856E-01  -1.860596E-05
           436      G     -3.710255E-04   3.494585E-04  -2.082114E-03  -1.146693E-01  -2.285192E-02  -1.873001E-03
           437      G     -5.340765E-04  -1.036044E-06   2.173271E-03  -4.135147E-05  -2.252706E-01  -2.974862E-05
           438      G      2.703764E-04  -3.020776E-04   1.910412E-03   2.952578E-01   9.012598E-02  -9.173601E-03
           439      G      3.243465E-05  -7.689324E-04   3.251578E-03   3.566226E-01   4.942236E-02   2.832588E-03
           440      G     -3.577873E-07  -4.642861E-04   6.620941E-03   4.958465E-01  -7.306427E-05   5.167639E-07
           441      G      3.723397E-04  -3.509492E-04  -2.075124E-03   1.148663E-01   2.324796E-02  -1.778196E-03
           442      G     -2.711380E-04  -3.020838E-04   1.895267E-03   2.946506E-01  -9.004995E-02   9.168017E-03
           443      G     -3.317795E-05  -7.687508E-04   3.242640E-03   3.563128E-01  -4.969220E-02  -2.831044E-03
           444      G     -3.731110E-04  -3.513753E-04  -2.083016E-03   1.146721E-01  -2.290862E-02   1.808125E-03
           445      G     -4.685965E-03  -3.990865E-03   1.604858E-03   7.966616E-01  -1.357445E-01  -5.003792E-05
           446      G     -4.068375E-03  -7.384328E-03  -1.137352E-03   8.476284E+00   6.984514E-01  -2.074044E-01
           447      G     -3.238985E-03  -1.632284E-03  -9.601722E-03   1.452994E+01   9.496763E-01  -3.883743E-01
           448      G     -2.156312E-03   2.407521E-03  -3.147634E-03   2.506145E+01   3.471971E-01  -4.597166E-01
1                                                       **STUDENT EDITION*    APRIL  18, 2026  MSC Nastran  3/ 3/26   PAGE    66
     DEFAULT                                                                                                                        
0                                                                                                            SUBCASE 1              
      EIGENVALUE =  4.364457E+06
          CYCLES =  3.324951E+02         R E A L   E I G E N V E C T O R   N O .          6
 
      POINT ID.   TYPE          T1             T2             T3             R1             R2             R3
           449      G     -7.661579E-07   1.789150E-02  -1.689613E-02   2.469565E+01  -1.895147E-04  -1.848415E-04
           450      G      1.941886E-03  -2.476021E-03  -5.112097E-03  -4.498009E-01  -6.905352E+00   3.037264E-01
           451      G      1.952427E-02  -3.676541E-07  -8.539783E-03   1.223399E-04  -1.195665E+01   1.292868E-04
           452      G      4.688560E-03  -3.992292E-03   1.605196E-03   7.967151E-01   1.359002E-01  -3.175283E-05
           453      G      4.071801E-03  -7.384926E-03  -1.142629E-03   8.476468E+00  -6.982111E-01   2.076453E-01
           454      G      3.240836E-03  -1.632878E-03  -9.612536E-03   1.453031E+01  -9.495909E-01   3.884105E-01
           455      G      2.156557E-03   2.407150E-03  -3.156932E-03   2.506167E+01  -3.474129E-01   4.596877E-01
           456      G     -1.940174E-03  -2.476357E-03  -5.119320E-03  -4.496804E-01   6.905366E+00  -3.036863E-01
           457      G     -1.952294E-02   2.305811E-07  -8.545758E-03   1.832448E-06   1.195677E+01  -2.235718E-05
           458      G     -4.685276E-03   3.993045E-03   1.605726E-03  -7.966591E-01  -1.359075E-01  -6.216859E-05
           459      G     -4.068731E-03   7.384991E-03  -1.141905E-03  -8.476518E+00   6.982548E-01   2.075860E-01
           460      G     -3.238550E-03   1.632726E-03  -9.611690E-03  -1.453051E+01   9.495769E-01   3.883359E-01
           461      G     -2.155748E-03  -2.407319E-03  -3.158274E-03  -2.506205E+01   3.472851E-01   4.597204E-01
           462      G      2.497151E-07  -1.789148E-02  -1.690252E-02  -2.469629E+01   5.127893E-06   4.028626E-06
           463      G      1.941817E-03   2.476403E-03  -5.117448E-03   4.497382E-01  -6.905212E+00  -3.035920E-01
           464      G      4.685994E-03   3.993177E-03   1.607123E-03  -7.967097E-01   1.359192E-01   3.244662E-05
           465      G      4.069366E-03   7.385112E-03  -1.141150E-03  -8.476541E+00  -6.982305E-01  -2.075915E-01
           466      G      3.239097E-03   1.632701E-03  -9.611296E-03  -1.453053E+01  -9.495700E-01  -3.883323E-01
           467      G      2.156267E-03  -2.407374E-03  -3.158050E-03  -2.506206E+01  -3.472767E-01  -4.597161E-01
           468      G     -1.940853E-03   2.476993E-03  -5.118903E-03   4.496468E-01   6.905384E+00   3.036474E-01
           469      G     -4.431826E-03  -3.932795E-03  -1.238889E-02  -5.574327E-01  -4.739610E+00   4.226519E-01
           470      G     -7.572728E-03  -9.441041E-03  -7.098703E-01   3.708197E+01  -2.878596E+01   1.921008E-01
           471      G     -8.647999E-03  -1.134303E-02  -1.780729E+00   1.036821E+02  -3.345531E+01   9.792881E-02
           472      G     -6.697804E-03  -9.206498E-03  -2.603741E+00   1.514596E+02  -1.994715E+01   1.233677E-01
           473      G      5.256547E-07  -1.280803E-02  -2.872903E+00   1.661942E+02  -2.215055E-04   6.713839E-05
           474      G     -8.334245E-03  -9.602018E-03  -1.753029E+00   4.212121E+01  -8.230965E+01   3.786138E-01
           475      G     -1.038526E-02  -1.184057E-02  -4.581723E+00   1.137274E+02  -9.069268E+01   2.514871E-01
           476      G     -6.450323E-03  -1.380040E-02  -6.744986E+00   1.720905E+02  -5.382239E+01   1.858581E-01
           477      G      7.282339E-07  -1.805902E-02  -7.493562E+00   1.954337E+02  -2.679726E-04  -2.352973E-06
           478      G      7.207036E-03  -2.275525E-03  -2.156908E-02  -2.707888E-01  -1.488228E+01   5.845289E-01
           479      G     -6.054640E-03  -6.521512E-03  -2.580958E+00   2.648365E+01  -1.191964E+02   1.080848E-01
           480      G     -1.171977E-02  -6.773216E-03  -6.729579E+00   6.922081E+01  -1.364126E+02   6.932606E-02
           481      G     -7.985154E-03  -9.156557E-03  -1.003021E+01   1.081239E+02  -8.680436E+01   2.698910E-01
           482      G     -1.159009E-02   2.520462E-07  -2.870422E+00   1.121832E-04  -1.355373E+02  -2.896601E-05
           483      G     -1.469154E-02   1.443503E-07  -7.514799E+00   2.395821E-04  -1.502867E+02   4.851936E-06
           484      G     -7.201499E-03   1.665433E-08  -1.127368E+01   2.698727E-04  -1.056743E+02   9.204193E-07
           485      G      7.646354E-07  -1.171198E-02  -1.127310E+01   1.271639E+02  -2.149034E-04   3.285473E-06
           486      G      7.064784E-07  -1.393646E-07  -1.275993E+01   2.298959E-04  -1.659485E-04  -5.177658E-07
           487      G      4.434056E-03  -3.933540E-03  -1.239205E-02  -5.572168E-01   4.739723E+00  -4.226275E-01
           488      G      7.574758E-03  -9.441710E-03  -7.098804E-01   3.708220E+01   2.878624E+01  -1.921597E-01
           489      G      8.649669E-03  -1.134380E-02  -1.780746E+00   1.036824E+02   3.345542E+01  -9.793260E-02
           490      G      6.698882E-03  -9.207131E-03  -2.603754E+00   1.514598E+02   1.994674E+01  -1.233467E-01
           491      G      8.336005E-03  -9.602565E-03  -1.753042E+00   4.212132E+01   8.230993E+01  -3.786216E-01
           492      G      1.038687E-02  -1.184121E-02  -4.581742E+00   1.137274E+02   9.069267E+01  -2.514871E-01
           493      G      6.451849E-03  -1.380087E-02  -6.745000E+00   1.720904E+02   5.382203E+01  -1.858460E-01
           494      G     -7.205572E-03  -2.275604E-03  -2.157697E-02  -2.708435E-01   1.488236E+01  -5.845593E-01
           495      G      6.056231E-03  -6.521812E-03  -2.580971E+00   2.648357E+01   1.191966E+02  -1.080866E-01
           496      G      1.172132E-02  -6.773687E-03  -6.729596E+00   6.922068E+01   1.364126E+02  -6.932970E-02
           497      G      7.986680E-03  -9.156887E-03  -1.003022E+01   1.081238E+02   8.680403E+01  -2.698900E-01
           498      G      1.159148E-02   4.886297E-08  -2.870434E+00   4.882315E-06   1.355374E+02  -4.263987E-06
1                                                       **STUDENT EDITION*    APRIL  18, 2026  MSC Nastran  3/ 3/26   PAGE    67
     DEFAULT                                                                                                                        
0                                                                                                            SUBCASE 1              
      EIGENVALUE =  4.364457E+06
          CYCLES =  3.324951E+02         R E A L   E I G E N V E C T O R   N O .          6
 
      POINT ID.   TYPE          T1             T2             T3             R1             R2             R3
           499      G      1.469294E-02  -1.525730E-07  -7.514813E+00   4.098467E-05   1.502866E+02  -4.759147E-06
           500      G      7.202905E-03  -2.126152E-07  -1.127369E+01   1.296030E-04   1.056741E+02  -1.716096E-06
           501      G     -4.431785E-03   3.934014E-03  -1.239088E-02   5.572198E-01  -4.739658E+00  -4.226022E-01
           502      G     -7.572759E-03   9.441708E-03  -7.098788E-01  -3.708209E+01  -2.878627E+01  -1.921234E-01
           503      G     -8.648013E-03   1.134348E-02  -1.780746E+00  -1.036823E+02  -3.345554E+01  -9.790871E-02
           504      G     -6.697670E-03   9.206702E-03  -2.603761E+00  -1.514598E+02  -1.994703E+01  -1.233577E-01
           505      G      3.903481E-07   1.280786E-02  -2.872918E+00  -1.661943E+02  -1.070493E-05  -5.658724E-06
           506      G     -8.334410E-03   9.602613E-03  -1.753038E+00  -4.212119E+01  -8.230993E+01  -3.786223E-01
           507      G     -1.038538E-02   1.184094E-02  -4.581739E+00  -1.137272E+02  -9.069284E+01  -2.514816E-01
           508      G     -6.450468E-03   1.380051E-02  -6.745004E+00  -1.720903E+02  -5.382235E+01  -1.858486E-01
           509      G      5.171736E-07   1.805876E-02  -7.493577E+00  -1.954335E+02  -5.112468E-05  -3.159234E-06
           510      G      7.207038E-03   2.275870E-03  -2.157338E-02   2.709512E-01  -1.488222E+01  -5.845784E-01
           511      G     -6.054811E-03   6.521850E-03  -2.580964E+00  -2.648335E+01  -1.191966E+02  -1.080732E-01
           512      G     -1.171988E-02   6.773569E-03  -6.729589E+00  -6.922042E+01  -1.364127E+02  -6.932691E-02
           513      G     -7.985265E-03   9.156594E-03  -1.003022E+01  -1.081234E+02  -8.680433E+01  -2.698881E-01
           514      G      6.222458E-07   1.171171E-02  -1.127311E+01  -1.271635E+02  -1.024719E-04  -1.524687E-06
           515      G      4.432607E-03   3.934317E-03  -1.239067E-02   5.571712E-01   4.739743E+00   4.225942E-01
           516      G      7.573508E-03   9.441836E-03  -7.098802E-01  -3.708224E+01   2.878628E+01   1.921174E-01
           517      G      8.648795E-03   1.134345E-02  -1.780748E+00  -1.036824E+02   3.345553E+01   9.790033E-02
           518      G      6.698448E-03   9.206650E-03  -2.603762E+00  -1.514599E+02   1.994700E+01   1.233511E-01
           519      G      8.335379E-03   9.602654E-03  -1.753043E+00  -4.212134E+01   8.230997E+01   3.786041E-01
           520      G      1.038638E-02   1.184086E-02  -4.581745E+00  -1.137274E+02   9.069281E+01   2.514760E-01
           521      G      6.451492E-03   1.380042E-02  -6.745008E+00  -1.720904E+02   5.382226E+01   1.858433E-01
           522      G     -7.205871E-03   2.276208E-03  -2.157695E-02   2.708350E-01   1.488236E+01   5.845459E-01
           523      G      6.055973E-03   6.521883E-03  -2.580972E+00  -2.648355E+01   1.191967E+02   1.080698E-01
           524      G      1.172109E-02   6.773372E-03  -6.729599E+00  -6.922062E+01   1.364126E+02   6.931864E-02
           525      G      7.986498E-03   9.156451E-03  -1.003023E+01  -1.081236E+02   8.680417E+01   2.698846E-01
          1000      G     -5.471753E-07   1.958812E-05  -5.176499E-04  -7.502188E-03   1.317758E-05  -3.208740E-04
          1001      G      5.186701E-06  -1.257799E-05  -9.700783E-05   6.658678E-05   4.806401E-05  -1.035355E-02
          1002      G      9.955131E-06   1.772094E-05  -9.821286E-05   8.038264E-05   5.242967E-05  -7.984644E-03
          1003      G     -5.050066E-07  -3.764165E-06   1.169810E-03  -6.683946E-02  -1.046965E-05   2.102025E-06
          1004      G      7.459977E-06   2.280371E-06   1.040036E-03  -4.621509E-02   1.843335E-02   4.710625E-05
          1005      G      1.379258E-05  -4.047495E-06   3.750763E-04  -2.438391E-02   2.803902E-02   2.060761E-04
          1006      G     -3.823701E-07  -5.721707E-08   2.765484E-03  -3.205478E-06  -1.756457E-05   2.571436E-06
          1007      G      1.332252E-05   3.783435E-08   2.118672E-03   5.155714E-06   5.687821E-02   2.191856E-06
          1008      G      3.105957E-05  -1.057209E-09   1.092085E-03   6.745683E-06   4.928297E-03   2.833195E-06
          1009      G      1.072582E-05  -1.710630E-05  -4.827897E-05   1.522846E-05   3.223116E-05  -1.203927E-02
          1010      G      2.403277E-05   4.331608E-05  -4.919827E-05   2.705027E-05   2.324192E-05  -4.134192E-03
          1011      G      2.589437E-05   1.038433E-05  -5.107648E-04   7.986955E-03   3.740190E-02   1.750926E-04
          1012      G      2.962517E-05   2.062046E-06  -1.203125E-03   3.773802E-02   4.638053E-03  -4.233729E-02
          1013      G      2.972535E-05   1.259307E-07  -3.534573E-04  -1.405739E-05   8.993856E-02   5.847064E-06
          1014      G      3.388922E-05   2.366665E-07  -1.721817E-03  -6.924460E-05   5.499193E-03   1.945405E-04
          1015      G     -6.309463E-06  -1.249503E-05  -9.652674E-05   6.638491E-05  -4.661935E-05   9.545710E-03
          1016      G     -1.106993E-05   1.733114E-05  -9.769297E-05   8.005499E-05  -5.099259E-05   7.180778E-03
          1017      G     -8.436790E-06   2.163582E-06   1.039314E-03  -4.619443E-02  -1.846950E-02  -4.140900E-05
          1018      G     -1.477920E-05  -4.428969E-06   3.735026E-04  -2.435809E-02  -2.806507E-02  -2.032754E-04
          1019      G     -1.409806E-05  -7.741610E-08   2.118034E-03   1.249548E-06  -5.688945E-02   1.968248E-06
          1020      G     -3.190631E-05  -1.681994E-07   1.090838E-03   5.959087E-06  -4.966183E-03   1.794405E-06
          1021      G     -1.170505E-05  -1.833403E-05  -4.828344E-05   1.274180E-05  -3.394915E-05   1.215429E-02
          1022      G     -2.546081E-05   4.396741E-05  -4.924660E-05   2.512165E-05  -2.458533E-05   3.979355E-03
1                                                       **STUDENT EDITION*    APRIL  18, 2026  MSC Nastran  3/ 3/26   PAGE    68
     DEFAULT                                                                                                                        
0                                                                                                            SUBCASE 1              
      EIGENVALUE =  4.364457E+06
          CYCLES =  3.324951E+02         R E A L   E I G E N V E C T O R   N O .          6
 
      POINT ID.   TYPE          T1             T2             T3             R1             R2             R3
          1023      G     -2.717476E-05   1.014533E-05  -5.128398E-04   7.965759E-03  -3.740169E-02  -1.724353E-04
          1024      G     -3.090162E-05   1.509110E-06  -1.205941E-03   3.766713E-02  -4.714977E-03   4.175997E-02
          1025      G     -3.054031E-05  -1.885378E-07  -3.543137E-04   1.429138E-05  -8.987583E-02   1.553256E-06
          1026      G     -3.471566E-05  -2.673252E-07  -1.722136E-03  -1.015979E-05  -5.539898E-03  -9.448061E-05
          1027      G     -1.898043E-07  -1.966145E-05  -5.179387E-04   7.509710E-03   4.945657E-07   5.919893E-05
          1028      G      5.623340E-06   1.269748E-05  -9.668038E-05  -6.648523E-05   4.832298E-05   1.023635E-02
          1029      G      1.044932E-05  -1.774053E-05  -9.789245E-05  -8.036345E-05   5.269710E-05   7.838771E-03
          1030      G     -2.566149E-07   3.784595E-06   1.169186E-03   6.685628E-02  -5.042551E-06   1.785257E-06
          1031      G      7.737334E-06  -2.304409E-06   1.039290E-03   4.621754E-02   1.844627E-02  -4.210078E-05
          1032      G      1.412261E-05   4.317175E-06   3.739369E-04   2.439382E-02   2.805639E-02  -2.023901E-04
          1033      G      1.118656E-05   1.818781E-05  -4.824276E-05  -1.381190E-05   3.496827E-05   1.254709E-02
          1034      G      2.502521E-05  -4.416220E-05  -4.923275E-05  -2.621393E-05   2.558579E-05   4.327760E-03
          1035      G      2.648642E-05  -1.033855E-05  -5.120051E-04  -7.934818E-03   3.738241E-02  -1.698195E-04
          1036      G      3.020764E-05  -1.537655E-06  -1.204220E-03  -3.759946E-02   4.657892E-03   4.196444E-02
          1037      G     -5.974614E-06   1.279157E-05  -9.666396E-05  -6.634732E-05  -4.841570E-05  -1.015569E-02
          1038      G     -1.074791E-05  -1.803383E-05  -9.787875E-05  -8.033884E-05  -5.279084E-05  -7.784393E-03
          1039      G     -8.282174E-06  -2.369258E-06   1.038805E-03   4.620439E-02  -1.847290E-02   4.555005E-05
          1040      G     -1.465388E-05   4.225966E-06   3.729610E-04   2.436467E-02  -2.806518E-02   2.082737E-04
          1041      G     -1.137141E-05   1.824295E-05  -4.828740E-05  -1.250254E-05  -3.504952E-05  -1.259654E-02
          1042      G     -2.707522E-05  -1.066978E-05  -5.133313E-04  -7.970611E-03  -3.740203E-02   1.767120E-04
          1043      G     -3.080750E-05  -1.944113E-06  -1.205812E-03  -3.764307E-02  -4.664946E-03  -4.182157E-02
          1044      G     -2.528857E-05  -4.482396E-05  -4.927824E-05  -2.506336E-05  -2.557030E-05  -4.326016E-03
          2000      G     -5.972671E-07  -8.781367E-06  -7.925109E-04   3.821404E-03   2.268964E-06  -8.535882E-04
          2001      G      3.734402E-06  -1.516979E-05  -9.722403E-05   6.955267E-05   4.615356E-05  -1.191582E-02
          2002      G      9.785336E-06   1.559742E-05  -9.819849E-05   7.872795E-05   5.236173E-05  -8.910582E-03
          2003      G     -5.050290E-07  -9.264328E-06   9.743151E-04  -8.292994E-02   1.065136E-03   7.100655E-06
          2004      G      1.066306E-05  -3.914174E-06   1.052864E-03  -5.123504E-02   1.345453E-02   1.088855E-04
          2005      G      1.570864E-05  -4.763812E-06   3.878969E-04  -2.928271E-02   3.187803E-02   2.788171E-04
          2006      G      3.412815E-07  -1.354256E-07   2.863700E-03   5.018897E-06   2.490263E-04   2.610025E-06
          2007      G      1.464412E-05  -6.877562E-08   2.235699E-03   1.849105E-05   6.069170E-02   2.138614E-06
          2008      G      3.349804E-05  -1.802769E-07   1.138085E-03   6.541908E-05   7.932781E-03   3.200827E-06
          2009      G      1.225948E-05  -1.816614E-05  -4.826804E-05   1.580318E-05   3.215478E-05  -1.172751E-02
          2010      G      2.578916E-05   4.234694E-05  -4.925638E-05   2.766240E-05   2.411051E-05  -3.843042E-03
          2011      G      2.744899E-05   1.016677E-05  -5.407503E-04   1.861018E-03   3.754111E-02   1.489835E-04
          2012      G      3.133689E-05  -9.517661E-07  -1.254656E-03   2.815157E-02   6.377249E-03  -8.307008E-02
          2013      G      3.061082E-05  -1.353995E-07  -3.701633E-04   4.159399E-04   9.190355E-02   9.173529E-06
          2014      G      3.306792E-05  -3.090330E-09  -1.786620E-03   1.217845E-03   8.310554E-03  -4.538764E-03
          2015      G     -5.086949E-06  -1.507847E-05  -9.673190E-05   6.904003E-05  -4.479968E-05   1.097054E-02
          2016      G     -1.117744E-05   1.520386E-05  -9.766762E-05   7.840603E-05  -5.093329E-05   7.945401E-03
          2017      G     -1.154633E-05  -4.059386E-06   1.112356E-03  -5.361366E-02  -1.145040E-02  -9.650546E-05
          2018      G     -1.685923E-05  -5.146890E-06   4.845654E-04  -3.381381E-02  -3.167091E-02  -2.701591E-04
          2019      G     -1.455926E-05  -1.315966E-07   2.338279E-03   7.313663E-06  -5.475218E-02   1.915497E-06
          2020      G     -3.355828E-05  -2.112386E-07   1.328644E-03   1.376517E-05  -7.682446E-03   1.663448E-06
          2021      G     -1.358330E-05  -1.949823E-05  -4.826694E-05   1.328365E-05  -3.363972E-05   1.168959E-02
          2022      G     -2.707189E-05   4.328030E-05  -4.931850E-05   2.578999E-05  -2.540127E-05   3.790121E-03
          2023      G     -2.924525E-05   9.967665E-06  -4.887281E-04  -6.863156E-04  -4.055285E-02  -1.438978E-04
          2024      G     -3.410139E-05  -1.317683E-06  -1.257664E-03   2.787824E-02  -6.737273E-03   7.776478E-02
          2025      G     -3.107609E-05  -2.273035E-07  -2.704986E-04   3.142879E-05  -9.822164E-02   1.129097E-06
          2026      G     -3.337367E-05  -2.899995E-07  -1.787426E-03   1.305484E-05  -8.311385E-03   1.994907E-06
          2027      G     -1.689034E-07   8.586486E-06  -7.931883E-04  -3.819714E-03  -2.262928E-05  -7.343396E-05
1                                                       **STUDENT EDITION*    APRIL  18, 2026  MSC Nastran  3/ 3/26   PAGE    69
     DEFAULT                                                                                                                        
0                                                                                                            SUBCASE 1              
      EIGENVALUE =  4.364457E+06
          CYCLES =  3.324951E+02         R E A L   E I G E N V E C T O R   N O .          6
 
      POINT ID.   TYPE          T1             T2             T3             R1             R2             R3
          2028      G      4.348282E-06   1.527808E-05  -9.689586E-05  -6.939657E-05   4.641169E-05   1.171427E-02
          2029      G      1.053821E-05  -1.562696E-05  -9.787709E-05  -7.865665E-05   5.263379E-05   8.639725E-03
          2030      G     -1.685297E-07   9.168583E-06   9.794139E-04   8.315352E-02   9.907229E-04  -3.544077E-06
          2031      G      1.108911E-05   3.719917E-06   1.060634E-03   5.155773E-02   1.334558E-02  -1.034110E-04
          2032      G      1.634461E-05   4.851666E-06   3.978527E-04   2.977962E-02   3.183127E-02  -2.740580E-04
          2033      G      1.292497E-05   1.927913E-05  -4.823196E-05  -1.441825E-05   3.487685E-05   1.217286E-02
          2034      G      2.657785E-05  -4.355268E-05  -4.929168E-05  -2.675020E-05   2.653017E-05   4.188956E-03
          2035      G      2.869206E-05  -1.034478E-05  -5.335495E-04  -1.368817E-03   3.779399E-02  -1.443282E-04
          2036      G      3.325353E-05   1.100324E-06  -1.255995E-03  -2.796481E-02   6.732054E-03   8.005349E-02
          2037      G     -4.721899E-06   1.537688E-05  -9.686920E-05  -6.899062E-05  -4.659238E-05  -1.162405E-02
          2038      G     -1.084463E-05  -1.591030E-05  -9.785314E-05  -7.865079E-05  -5.273341E-05  -8.582870E-03
          2039      G     -1.134565E-05   3.765145E-06   1.115896E-03   5.373990E-02  -1.151383E-02   1.002349E-04
          2040      G     -1.673142E-05   4.891368E-06   4.865730E-04   3.388448E-02  -3.172218E-02   2.748479E-04
          2041      G     -1.323787E-05   1.938343E-05  -4.827087E-05  -1.305483E-05  -3.473538E-05  -1.215378E-02
          2042      G     -2.686525E-05  -4.421252E-05  -4.935036E-05  -2.572583E-05  -2.639579E-05  -4.171587E-03
          2043      G     -2.918366E-05  -1.054117E-05  -4.880360E-04   7.025899E-04  -4.060752E-02   1.483271E-04
          2044      G     -3.409328E-05   8.218165E-07  -1.257348E-03  -2.786568E-02  -6.704758E-03  -7.773687E-02
          3000      G     -1.411590E-06  -2.893920E-04  -1.443343E-03   7.578493E-02   3.851573E-03  -2.283390E-02
          3001      G      1.181712E-05  -2.282372E-04  -1.489065E-03   4.696578E-02  -1.085588E-02   2.640575E-02
          3002      G      3.113124E-05  -2.122430E-04  -8.865892E-04   5.856542E-02  -1.649584E-02  -1.153020E-01
          3003      G     -6.925691E-06  -1.430901E-04   4.030567E-04  -1.442632E-01  -3.968193E-05  -9.115640E-05
          3004      G      5.193372E-05  -1.449940E-04   9.661156E-05  -1.062866E-01   1.581482E-02   7.649443E-04
          3005      G      1.017706E-04  -9.698356E-05  -4.972300E-04  -6.784818E-02   2.974233E-02   1.728646E-03
          3006      G     -7.268871E-06  -1.305149E-05   4.122254E-03   1.470457E-04  -3.608936E-04  -4.308883E-05
          3007      G      6.626805E-05  -1.541555E-05   2.921224E-03   2.083330E-03   8.274815E-02  -3.703899E-05
          3008      G      1.349633E-04  -1.641799E-05   1.429624E-03   5.599934E-04   1.833119E-02  -1.906404E-05
          3009      G      4.969484E-05  -6.941249E-05  -4.919749E-04   3.675973E-02  -7.687431E-03  -4.974945E-02
          3010      G      1.009913E-04   1.211585E-04  -1.697768E-04   2.188138E-02  -1.076489E-02  -8.938840E-02
          3011      G      1.493378E-04  -2.989385E-05  -1.012548E-03  -1.532445E-02   9.439842E-03   1.584379E-03
          3012      G      1.485871E-04   3.985600E-06  -1.372831E-03   2.804518E-02   1.666086E-02  -7.468150E-03
          3013      G      1.496231E-04  -1.721842E-05  -3.478313E-04   2.075522E-03   1.029125E-01   2.035778E-05
          3014      G      1.630327E-04  -1.607015E-05  -1.995334E-03   3.287251E-03   2.252810E-02  -4.690304E-03
          3015      G     -1.764667E-05  -2.114482E-04  -1.499292E-03   4.587351E-02   9.119473E-03  -3.776938E-02
          3016      G     -4.072067E-05  -2.086565E-04  -8.960689E-04   6.079823E-02   1.546257E-02   1.271210E-01
          3017      G     -6.361736E-05  -1.390873E-04   4.905128E-05  -1.042141E-01  -1.671640E-02  -9.159900E-04
          3018      G     -1.129610E-04  -8.645228E-05  -5.586864E-04  -6.802414E-02  -3.041001E-02  -1.802450E-03
          3019      G     -8.066368E-05  -1.141832E-05   2.866061E-03   2.952130E-04  -8.448284E-02  -5.984692E-05
          3020      G     -1.482487E-04  -8.579226E-06   1.350667E-03   4.685533E-04  -1.891243E-02  -6.286000E-05
          3021      G     -6.147463E-05  -5.691183E-05  -4.910411E-04   3.561820E-02   7.061341E-03   5.052931E-02
          3022      G     -1.154272E-04   1.397460E-04  -1.765031E-04   2.000105E-02   1.449885E-02   8.214454E-02
          3023      G     -1.623404E-04  -1.859850E-05  -1.027888E-03  -1.422501E-02  -6.697495E-03  -1.604426E-03
          3024      G     -1.612323E-04   1.627638E-05  -1.375180E-03   2.861859E-02  -1.762987E-02   6.591155E-03
          3025      G     -1.619079E-04  -7.092909E-06  -3.850975E-04   3.577172E-04  -1.001331E-01  -5.469923E-05
          3026      G     -1.749663E-04  -5.361855E-06  -1.996764E-03   6.569633E-05  -2.306134E-02  -2.175430E-03
          3027      G     -9.013177E-06   2.693087E-04  -1.442534E-03  -7.611049E-02  -2.579441E-05   3.958153E-03
          3028      G      7.948270E-06   1.870504E-04  -1.494049E-03  -4.423065E-02  -1.041150E-02  -3.004994E-02
          3029      G      3.179062E-05   1.872146E-04  -8.882629E-04  -5.929440E-02  -1.539515E-02   1.375095E-01
          3030      G     -7.865400E-06   1.152214E-04   4.048775E-04   1.452300E-01   4.981858E-05  -4.149694E-05
          3031      G      5.101749E-05   1.151927E-04   8.592772E-05   1.043276E-01   1.554393E-02  -8.474051E-04
          3032      G      1.014457E-04   6.283817E-05  -5.005410E-04   6.949389E-02   2.984126E-02  -1.754506E-03
1                                                       **STUDENT EDITION*    APRIL  18, 2026  MSC Nastran  3/ 3/26   PAGE    70
     DEFAULT                                                                                                                        
0                                                                                                            SUBCASE 1              
      EIGENVALUE =  4.364457E+06
          CYCLES =  3.324951E+02         R E A L   E I G E N V E C T O R   N O .          6
 
      POINT ID.   TYPE          T1             T2             T3             R1             R2             R3
          3033      G      5.268403E-05   3.631053E-05  -4.860653E-04  -3.434145E-02  -7.368876E-03   5.840139E-02
          3034      G      1.054858E-04  -1.590041E-04  -1.741899E-04  -1.966679E-02  -1.428292E-02   9.246265E-02
          3035      G      1.521693E-04  -3.053720E-06  -1.006064E-03   1.442120E-02   9.417799E-03  -1.551598E-03
          3036      G      1.530277E-04  -3.662684E-05  -1.380886E-03  -2.881520E-02   1.619196E-02   2.005713E-02
          3037      G     -2.572307E-05   1.903795E-04  -1.495449E-03  -4.458412E-02   1.035774E-02   3.798220E-02
          3038      G     -4.896165E-05   1.923664E-04  -8.905772E-04  -5.982878E-02   1.531528E-02  -1.297353E-01
          3039      G     -6.660647E-05   1.184836E-04   6.204405E-05   1.039162E-01  -1.704223E-02   7.695295E-04
          3040      G     -1.165821E-04   6.894513E-05  -5.536027E-04   6.753265E-02  -3.032090E-02   1.683548E-03
          3041      G     -6.944617E-05   4.357626E-05  -4.868221E-04  -3.469379E-02   7.191211E-03  -5.097016E-02
          3042      G     -1.226107E-04  -1.491341E-04  -1.735491E-04  -1.971628E-02   1.417382E-02  -8.466032E-02
          3043      G     -1.662846E-04   5.204189E-06  -1.025481E-03   1.378243E-02  -7.010868E-03   1.490252E-03
          3044      G     -1.657107E-04  -2.699635E-05  -1.375488E-03  -2.851601E-02  -1.745966E-02  -1.093528E-02
          4000      G      1.887437E-07  -4.076783E-04  -7.399875E-04   3.464335E-01  -4.974095E-04   1.444683E-03
          4001      G     -3.198540E-06   2.859882E-04  -5.852553E-03   1.181876E-02   4.136824E-02  -3.373011E-01
          4002      G     -5.879591E-05  -4.973080E-04  -7.422379E-04   2.779207E-01  -1.539798E-01   5.854935E-01
          4003      G      3.597451E-07   3.694450E-05   5.695847E-03  -5.389637E-01  -4.323891E-04   2.421691E-06
          4004      G     -2.665928E-05  -1.433329E-04   3.152520E-03  -3.681123E-01   5.036528E-02  -7.697064E-04
          4005      G     -5.562565E-05  -5.884873E-05   1.146279E-03  -3.046223E-01   1.719815E-01   4.582917E-04
          4006      G      1.734564E-07  -1.109343E-06   1.905671E-02  -2.337857E-04   5.421353E-05   6.076806E-07
          4007      G      1.767288E-05  -9.498165E-07   1.321620E-02  -1.389850E-04   3.191195E-01   2.070137E-06
          4008      G      9.294101E-05  -8.853752E-07   9.403046E-03  -1.926095E-04  -1.536305E-02   3.291397E-06
          4009      G     -1.258679E-04  -6.768995E-05  -2.191620E-03   1.068560E-01   6.210856E-02  -4.415508E-01
          4010      G     -2.310004E-04  -3.065717E-04   2.893528E-05  -3.498752E-03  -1.392554E-01   4.387396E-01
          4011      G     -2.878467E-05  -1.927750E-04  -2.836316E-03  -1.061392E-01   4.917355E-02   1.823115E-03
          4012      G     -6.603971E-05  -2.027561E-05  -2.440506E-03   8.492431E-02  -1.121064E-01  -1.190288E-01
          4013      G      1.114241E-04  -6.868859E-07   1.886334E-03   6.114655E-05   4.434724E-01   3.034451E-06
          4014      G      2.244356E-04  -6.514773E-07  -2.946176E-03   1.027247E-06  -9.066672E-02  -5.612172E-04
          4015      G      3.762312E-06   2.856066E-04  -5.868489E-03   1.201407E-02  -4.142426E-02   3.364078E-01
          4016      G      5.954956E-05  -4.980200E-04  -7.530046E-04   2.782564E-01   1.542217E-01  -5.882712E-01
          4017      G      2.731402E-05  -1.436014E-04   3.133152E-03  -3.681676E-01  -5.078657E-02   7.722446E-04
          4018      G      5.622586E-05  -5.919507E-05   1.122238E-03  -3.043186E-01  -1.719530E-01  -4.594555E-04
          4019      G     -1.722457E-05  -1.085376E-06   1.319938E-02  -1.181800E-04  -3.202221E-01  -1.392137E-06
          4020      G     -9.248301E-05  -1.087790E-06   9.372962E-03  -1.013805E-04   1.550939E-02  -3.000506E-06
          4021      G      1.266187E-04  -6.803422E-05  -2.198320E-03   1.072245E-01  -6.191598E-02   4.430350E-01
          4022      G      2.317727E-04  -3.069395E-04   2.739429E-05  -2.862590E-03   1.392310E-01  -4.386438E-01
          4023      G      2.941489E-05  -1.931113E-04  -2.854749E-03  -1.058602E-01  -4.876543E-02  -1.826232E-03
          4024      G      6.673852E-05  -2.045143E-05  -2.449253E-03   8.489613E-02   1.122687E-01   1.177228E-01
          4025      G     -1.109142E-04  -9.649165E-07   1.866622E-03  -4.520983E-05  -4.428224E-01  -4.751619E-06
          4026      G     -2.238505E-04  -8.335560E-07  -2.952557E-03  -1.915719E-05   9.082990E-02  -3.837683E-04
          4027      G      2.466535E-07   4.057499E-04  -7.463489E-04  -3.469059E-01   1.132413E-05  -1.538362E-04
          4028      G     -2.898848E-06  -2.876877E-04  -5.868695E-03  -1.232913E-02   4.140502E-02   3.383608E-01
          4029      G     -5.838700E-05   4.960800E-04  -7.529341E-04  -2.784451E-01  -1.542779E-01  -5.862562E-01
          4030      G      2.495047E-07  -3.901674E-05   5.689798E-03   5.393812E-01  -1.903361E-04   1.320549E-06
          4031      G     -2.666393E-05   1.414990E-04   3.140329E-03   3.686623E-01   5.043809E-02   7.760189E-04
          4032      G     -5.550604E-05   5.725467E-05   1.136211E-03   3.050997E-01   1.718810E-01  -4.510947E-04
          4033      G     -1.252528E-04   6.634098E-05  -2.197835E-03  -1.073614E-01   6.186848E-02   4.451398E-01
          4034      G     -2.303680E-04   3.057086E-04   2.729999E-05   2.847390E-03  -1.393258E-01  -4.366933E-01
          4035      G     -2.865479E-05   1.914353E-04  -2.847336E-03   1.062491E-01   4.922612E-02  -1.815059E-03
          4036      G     -6.593287E-05   1.912712E-05  -2.448618E-03  -8.480042E-02  -1.123521E-01   1.189436E-01
          4037      G      3.402284E-06  -2.876924E-04  -5.868633E-03  -1.234339E-02  -4.138272E-02  -3.386401E-01
1                                                       **STUDENT EDITION*    APRIL  18, 2026  MSC Nastran  3/ 3/26   PAGE    71
     DEFAULT                                                                                                                        
0                                                                                                            SUBCASE 1              
      EIGENVALUE =  4.364457E+06
          CYCLES =  3.324951E+02         R E A L   E I G E N V E C T O R   N O .          6
 
      POINT ID.   TYPE          T1             T2             T3             R1             R2             R3
          4038      G      5.886826E-05   4.959550E-04  -7.524630E-04  -2.784342E-01   1.543050E-01   5.860792E-01
          4039      G      2.711585E-05   1.414058E-04   3.130873E-03   3.682865E-01  -5.067923E-02  -7.740174E-04
          4040      G      5.592916E-05   5.707700E-05   1.121564E-03   3.043632E-01  -1.719426E-01   4.531574E-04
          4041      G      1.256927E-04   6.612375E-05  -2.197925E-03  -1.075160E-01  -6.190282E-02  -4.454338E-01
          4042      G      2.307128E-04   3.051341E-04   2.747412E-05   2.694273E-03   1.394401E-01   4.371650E-01
          4043      G      2.903174E-05   1.911400E-04  -2.856676E-03   1.059321E-01  -4.880716E-02   1.815838E-03
          4044      G      6.631374E-05   1.882410E-05  -2.449919E-03  -8.488303E-02   1.124906E-01  -1.182525E-01
1                                                       **STUDENT EDITION*    APRIL  18, 2026  MSC Nastran  3/ 3/26   PAGE    72
     DEFAULT                                                                                                                        
0                                                                                                            SUBCASE 1              
      EIGENVALUE =  6.202445E+06
          CYCLES =  3.963707E+02         R E A L   E I G E N V E C T O R   N O .          7
 
      POINT ID.   TYPE          T1             T2             T3             R1             R2             R3
             1      G      0.0            0.0            0.0            0.0            0.0            0.0
             2      G      0.0            0.0            0.0            0.0            0.0            0.0
             3      G      0.0            0.0            0.0            0.0            0.0            0.0
             4      G      0.0            0.0            0.0            0.0            0.0            0.0
             5      G      0.0            0.0            0.0            0.0            0.0            0.0
             6      G      0.0            0.0            0.0            0.0            0.0            0.0
             7      G      0.0            0.0            0.0            0.0            0.0            0.0
             8      G      0.0            0.0            0.0            0.0            0.0            0.0
            10      G     -2.799170E-05   1.849315E-04   4.819452E-04   2.669539E-04   1.334292E-04  -1.311563E-02
            11      G     -2.729588E-05  -1.855827E-04   4.821404E-04  -2.654581E-04   1.361309E-04   1.318974E-02
            12      G     -6.663011E-06  -9.861300E-07   1.890775E-04   1.745382E-04   1.264482E-04   4.313775E-03
            13      G     -5.449541E-06   1.061148E-06   1.895109E-04  -1.750043E-04   1.307993E-04  -4.207041E-03
            14      G     -6.378889E-06   8.419707E-07  -1.894170E-04  -1.734972E-04   1.278826E-04   4.262917E-03
            15      G     -6.288106E-06  -7.194462E-07  -1.894739E-04   1.741385E-04   1.285596E-04  -4.247082E-03
            16      G     -2.690917E-05  -1.828635E-04  -4.819961E-04  -2.729718E-04   1.371269E-04  -1.312685E-02
            17      G     -2.808528E-05   1.829040E-04  -4.835570E-04   2.820708E-04   1.324366E-04   1.295286E-02
           100      G      5.582832E-04   1.654253E-04  -6.007144E-02   1.916833E+00   1.426776E-01   1.358713E-02
           101      G      8.662466E-04   9.133853E-07  -1.110883E-01   9.300342E-05  -1.178024E-01   8.675223E-05
           102      G      5.619237E-04  -1.570160E-04  -3.374343E-02   1.032862E+00   1.081895E+00  -1.276587E-03
           103      G     -5.227210E-04   2.742194E-07  -5.891537E-02   4.656844E-06   2.351974E+00   1.452663E-06
           104      G      3.266061E-04   7.479055E-08   3.867086E-06   6.947877E-05   7.222152E-01  -7.553282E-03
           105      G     -2.358481E-04   1.488442E-08  -3.103047E-06   2.595111E-05   1.151514E-01   6.595647E-06
           106      G     -3.814122E-05  -8.054334E-05  -1.931962E-04   1.741385E-04   1.285596E-04  -4.247082E-03
           107      G     -3.814122E-05   3.280066E-05  -1.897653E-04   1.741385E-04   1.285596E-04  -4.247082E-03
           108      G      8.719709E-05   2.591322E-07   2.109253E-06   4.247074E-05  -4.852209E-02   1.165819E-02
           109      G      6.906121E-05   2.800505E-04  -4.866658E-04   2.820708E-04   1.324366E-04   1.295286E-02
           110      G      1.162338E-03   1.702552E-03  -1.113360E-02   2.469444E-01  -1.754920E-01  -2.006438E-01
           111      G      6.906121E-05  -8.182020E-05  -4.829659E-04   2.820708E-04   1.324366E-04   1.295286E-02
           112      G      6.952896E-04  -1.969132E-05  -3.840709E-02   1.152689E+00  -1.180341E+00   2.522853E-02
           113      G      1.681995E-03   5.191262E-06  -1.560859E-02  -1.326952E-04  -2.876875E-01   1.460966E-03
           114      G      2.036770E-03   2.631618E-06  -6.657969E-02   3.837412E-04  -1.966502E+00  -2.353875E-04
           115      G      5.589362E-04  -1.648411E-04   6.008394E-02  -1.916695E+00   1.429849E-01   1.357625E-02
           116      G      8.661000E-04  -3.715097E-07   1.110836E-01   2.632985E-05  -1.177231E-01   5.129686E-06
           117      G      5.622121E-04   1.570764E-04   3.375109E-02  -1.032709E+00   1.081973E+00  -1.287502E-03
           118      G     -5.227557E-04  -1.639304E-07   5.890935E-02   1.569037E-05   2.351983E+00   7.798191E-06
           119      G     -3.700235E-05   8.013248E-05   1.932818E-04  -1.750043E-04   1.307993E-04  -4.207041E-03
           120      G     -3.700235E-05  -3.214294E-05   1.897911E-04  -1.750043E-04   1.307993E-04  -4.207041E-03
           121      G      7.162719E-05  -2.845057E-04   4.851523E-04  -2.654581E-04   1.361309E-04   1.318974E-02
           122      G      1.161712E-03  -1.698664E-03   1.115559E-02  -2.468648E-01  -1.752706E-01  -2.017572E-01
           123      G      7.162719E-05   8.398271E-05   4.813491E-04  -2.654581E-04   1.361309E-04   1.318974E-02
           124      G      6.958384E-04   1.996246E-05   3.842597E-02  -1.152814E+00  -1.180199E+00   2.518194E-02
           125      G      1.681352E-03  -1.343301E-06   1.560471E-02  -7.417010E-05  -2.874994E-01  -5.906554E-05
           126      G      2.036416E-03  -6.437156E-07   6.657465E-02   4.900302E-05  -1.966506E+00   3.478909E-05
           127      G      5.592530E-04  -1.638357E-04  -6.008299E-02  -1.916726E+00   1.431382E-01  -1.363128E-02
           128      G      5.623933E-04   1.575935E-04  -3.374931E-02  -1.032750E+00   1.081916E+00   1.289098E-03
           129      G      3.266589E-04   4.888531E-08  -1.968792E-06   1.561119E-05   7.222897E-01   7.557315E-03
           130      G     -3.835077E-05   8.096349E-05  -1.931218E-04  -1.734972E-04   1.278826E-04   4.262917E-03
           131      G     -3.835077E-05  -3.280311E-05  -1.897089E-04  -1.734972E-04   1.278826E-04   4.262917E-03
           132      G      8.653123E-05   2.648458E-07  -2.508208E-06   5.586828E-05  -4.850227E-02  -1.173273E-02
           133      G      7.154222E-05  -2.813149E-04  -4.850718E-04  -2.729718E-04   1.371269E-04  -1.312685E-02
1                                                       **STUDENT EDITION*    APRIL  18, 2026  MSC Nastran  3/ 3/26   PAGE    73
     DEFAULT                                                                                                                        
0                                                                                                            SUBCASE 1              
      EIGENVALUE =  6.202445E+06
          CYCLES =  3.963707E+02         R E A L   E I G E N V E C T O R   N O .          7
 
      POINT ID.   TYPE          T1             T2             T3             R1             R2             R3
           134      G      1.161853E-03  -1.691721E-03  -1.115085E-02  -2.466953E-01  -1.751606E-01   2.023011E-01
           135      G      7.154222E-05   8.541658E-05  -4.812408E-04  -2.729718E-04   1.371269E-04  -1.312685E-02
           136      G      6.960903E-04   2.274826E-05  -3.842521E-02  -1.152928E+00  -1.180477E+00  -2.513137E-02
           137      G      5.586479E-04   1.644275E-04   6.008099E-02   1.916876E+00   1.429688E-01  -1.363490E-02
           138      G      5.620164E-04  -1.575976E-04   3.374777E-02   1.032818E+00   1.082003E+00   1.280791E-03
           139      G     -3.901632E-05  -8.206352E-05   1.927632E-04   1.745382E-04   1.264482E-04   4.313775E-03
           140      G     -3.901632E-05   3.306035E-05   1.893886E-04   1.745382E-04   1.264482E-04   4.313775E-03
           141      G      7.037555E-05   2.832988E-04   4.849481E-04   2.669539E-04   1.334292E-04  -1.311563E-02
           142      G      1.160840E-03   1.696949E-03   1.115605E-02   2.469240E-01  -1.751130E-01   2.017241E-01
           143      G      7.037555E-05  -8.311925E-05   4.812204E-04   2.669539E-04   1.334292E-04  -1.311563E-02
           144      G      6.953396E-04  -2.117005E-05   3.842348E-02   1.152851E+00  -1.180154E+00  -2.517760E-02
           200      G      7.323296E-05   2.711653E-04  -4.866658E-04   2.820708E-04   1.324366E-04   1.295286E-02
           201      G      7.323296E-05  -9.070543E-05  -4.829659E-04   2.820708E-04   1.324366E-04   1.295286E-02
           202      G     -3.409159E-05  -8.602871E-05  -1.931962E-04   1.741385E-04   1.285596E-04  -4.247082E-03
           203      G     -3.409159E-05   2.731530E-05  -1.897653E-04   1.741385E-04   1.285596E-04  -4.247082E-03
           204      G     -1.279127E-04  -2.624788E-06   3.665152E-06  -2.756844E-04  -2.319289E-02  -1.230765E-02
           205      G      5.615871E-04   2.156886E-04  -1.154983E-02   1.926952E-01  -8.866558E-02  -3.482394E-02
           206      G      6.563435E-04   3.373627E-05  -1.585038E-02   7.072836E-03  -1.453780E-01   1.196875E-02
           207      G      7.591532E-05  -2.761438E-04   4.851523E-04  -2.654581E-04   1.361309E-04   1.318974E-02
           208      G      7.591532E-05   9.234464E-05   4.813491E-04  -2.654581E-04   1.361309E-04   1.318974E-02
           209      G     -3.288218E-05   8.564512E-05   1.932818E-04  -1.750043E-04   1.307993E-04  -4.207041E-03
           210      G     -3.288218E-05  -2.663030E-05   1.897911E-04  -1.750043E-04   1.307993E-04  -4.207041E-03
           211      G      5.005824E-04  -2.265151E-04   1.157885E-02  -1.664390E-01  -7.872795E-02  -4.827582E-02
           212      G      6.811630E-04  -3.053489E-06   1.584064E-02   1.614651E-04  -1.402814E-01  -4.687884E-05
           213      G      7.586172E-05  -2.727163E-04  -4.850718E-04  -2.729718E-04   1.371269E-04  -1.312685E-02
           214      G      7.586172E-05   9.401519E-05  -4.812408E-04  -2.729718E-04   1.371269E-04  -1.312685E-02
           215      G     -3.432247E-05   8.642865E-05  -1.931218E-04  -1.734972E-04   1.278826E-04   4.262917E-03
           216      G     -3.432247E-05  -2.733795E-05  -1.897089E-04  -1.734972E-04   1.278826E-04   4.262917E-03
           217      G     -1.310296E-04   4.921409E-06  -2.675188E-06   8.244845E-04  -2.360664E-02   1.263045E-02
           218      G      5.570692E-04  -2.106252E-04  -1.158106E-02  -1.675044E-01  -8.690267E-02   5.241061E-02
           219      G      7.457857E-05   2.748897E-04   4.849481E-04   2.669539E-04   1.334292E-04  -1.311563E-02
           220      G      7.457857E-05  -9.152830E-05   4.812204E-04   2.669539E-04   1.334292E-04  -1.311563E-02
           221      G     -3.503320E-05  -8.756147E-05   1.927632E-04   1.745382E-04   1.264482E-04   4.313775E-03
           222      G     -3.503320E-05   2.756239E-05   1.893886E-04   1.745382E-04   1.264482E-04   4.313775E-03
           223      G      5.001652E-04   2.208569E-04   1.158038E-02   1.666280E-01  -7.887450E-02   4.793114E-02
           224      G      1.205933E-04   1.639468E-04  -5.071344E-02   1.588456E+00   1.408713E-01   3.427488E-03
           225      G      1.629360E-04   3.856245E-06  -9.294702E-02   9.422558E-04  -2.474300E-02   3.083737E-04
           226      G      1.144782E-04  -9.205692E-05  -2.878313E-02   8.661542E-01   9.057535E-01  -3.298020E-03
           227      G     -8.560315E-04   1.451748E-06  -4.989737E-02  -4.981529E-05   1.914824E+00  -1.460762E-05
           228      G     -2.525671E-05   4.395113E-06  -7.802866E-04   2.113681E-02   6.153707E-01  -4.235649E-03
           229      G     -6.235547E-04   7.093747E-07  -1.335204E-03   2.006955E-04   1.618025E-01   4.539918E-05
           230      G      2.295153E-04  -8.780752E-06  -3.331388E-02   9.489104E-01  -9.386066E-01   5.601205E-03
           231      G      9.544377E-04   3.411463E-06  -5.699813E-02   6.968821E-03  -1.557663E+00  -2.176283E-03
           232      G      9.148742E-05  -1.779431E-04   5.048127E-02  -1.588814E+00   1.442187E-01   2.895756E-03
           233      G      1.168545E-04  -2.967218E-07   9.291818E-02  -7.658610E-06  -1.292566E-02   2.289632E-05
           234      G      1.029087E-04   8.614749E-05   2.783225E-02  -8.423950E-01   9.370249E-01  -3.309771E-03
           235      G     -8.934452E-04   2.117517E-07   4.843562E-02   4.591933E-05   1.968071E+00   6.195146E-06
           236      G      2.293638E-04   2.233707E-05   3.325401E-02  -9.417274E-01  -9.796620E-01   4.409962E-03
           237      G      7.576867E-04  -1.474471E-06   5.711633E-02   7.413370E-05  -1.701463E+00   8.028072E-05
           238      G      1.232307E-04  -1.587417E-04  -5.069346E-02  -1.580045E+00   1.442737E-01  -3.564009E-03
1                                                       **STUDENT EDITION*    APRIL  18, 2026  MSC Nastran  3/ 3/26   PAGE    74
     DEFAULT                                                                                                                        
0                                                                                                            SUBCASE 1              
      EIGENVALUE =  6.202445E+06
          CYCLES =  3.963707E+02         R E A L   E I G E N V E C T O R   N O .          7
 
      POINT ID.   TYPE          T1             T2             T3             R1             R2             R3
           239      G      1.162358E-04   9.443534E-05  -2.874684E-02  -8.607714E-01   9.042217E-01   3.328133E-03
           240      G     -2.394859E-05  -2.548239E-06  -7.639869E-04  -1.918143E-02   6.151843E-01   4.085094E-03
           241      G      2.332280E-04   2.312352E-05  -3.335735E-02  -9.365949E-01  -9.392091E-01  -5.587146E-03
           242      G      9.177572E-05   1.776119E-04   5.048959E-02   1.589674E+00   1.441527E-01  -2.963155E-03
           243      G      1.030681E-04  -8.562489E-05   2.784471E-02   8.437960E-01   9.367228E-01   3.317633E-03
           244      G      2.295267E-04  -2.443932E-05   3.325921E-02   9.421986E-01  -9.797991E-01  -4.370088E-03
           300      G     -9.987092E-05   1.100010E-04  -1.809468E-03   3.329865E-02   4.172233E-02   1.905702E-02
           301      G     -3.408091E-04  -2.681028E-04  -1.682437E-03  -9.371488E-02   2.649501E-02   1.393770E-02
           302      G     -7.548831E-04  -2.094265E-05  -3.270173E-06   7.177464E-03   1.114939E-01  -9.990602E-02
           303      G      4.853003E-04   1.108211E-03  -2.277887E-03   5.266336E-02   6.005687E-02   2.603274E-02
           304      G      3.154534E-05   3.443232E-04  -2.240540E-03  -1.308649E-01  -3.998722E-02  -3.610651E-03
           305      G      1.368022E-03   6.614607E-04  -1.248160E-02   2.436844E-01   1.127604E-01  -4.072552E-02
           306      G      1.776026E-03   8.472444E-05  -1.715985E-02   1.963472E-02   1.171566E-01   3.020505E-02
           307      G     -7.232653E-05  -2.032828E-04   1.794405E-03  -2.529144E-02   6.365111E-02   1.770319E-02
           308      G     -3.406028E-04   2.211974E-04   1.707957E-03   1.167671E-01   3.236558E-02   1.486253E-02
           309      G      6.358235E-04  -1.282660E-03   2.262483E-03  -4.122438E-02   6.201886E-02   1.862655E-02
           310      G      7.912691E-05  -3.543035E-04   2.280403E-03   1.796677E-01  -7.174816E-02  -5.102028E-03
           311      G      1.402322E-03  -6.901065E-04   1.253455E-02  -2.529421E-01   1.154185E-01  -6.443242E-02
           312      G      1.794836E-03  -8.524245E-06   1.716630E-02   7.934049E-04   1.165020E-01  -2.033424E-04
           313      G     -8.718686E-05  -2.078240E-04  -1.795675E-03  -2.060584E-02   6.436023E-02  -1.815041E-02
           314      G     -3.737544E-04   2.137315E-04  -1.714138E-03   1.200755E-01   2.968961E-02  -1.675183E-02
           315      G     -8.268940E-04  -3.947219E-05   1.594489E-06   7.137552E-03   1.214410E-01   1.058545E-01
           316      G      6.355964E-04  -1.245322E-03  -2.266859E-03  -3.858563E-02   6.487552E-02  -1.688630E-02
           317      G      7.510711E-05  -3.337142E-04  -2.283871E-03   1.871232E-01  -7.226178E-02   4.918241E-03
           318      G      1.404388E-03  -6.336949E-04  -1.254209E-02  -2.547700E-01   1.129676E-01   7.134586E-02
           319      G     -1.028747E-04   1.542393E-04   1.801626E-03   3.593787E-02   6.434624E-02  -1.893126E-02
           320      G     -3.811792E-04  -2.840451E-04   1.709635E-03  -1.039645E-01   3.000860E-02  -1.727269E-02
           321      G      6.063646E-04   1.259981E-03   2.263060E-03   4.482568E-02   5.855891E-02  -1.935869E-02
           322      G      5.147483E-05   3.148936E-04   2.282788E-03  -1.698069E-01  -7.160375E-02   4.209321E-03
           323      G      1.389043E-03   6.722318E-04   1.253650E-02   2.538048E-01   1.149536E-01   6.406038E-02
           324      G      1.050124E-03  -3.540012E-05   1.807052E-02  -5.517890E-01   4.820900E-02   2.273851E-02
           325      G      1.471069E-03  -4.064961E-05   2.801647E-02   1.106843E-02   1.253730E-01   9.728931E-04
           326      G      8.630959E-04   5.825775E-05   1.298884E-02  -3.065890E-01  -2.788517E-01   1.192966E-02
           327      G      1.710284E-03  -4.109648E-05   1.710103E-02   1.319189E-02  -5.895435E-01  -4.280517E-04
           328      G      9.327702E-04  -3.219134E-05   1.180285E-04  -1.304782E-03  -3.769431E-01   6.092593E-02
           329      G      1.514309E-03  -3.697340E-05   1.224472E-04   7.746372E-03   7.423803E-02   8.971923E-05
           330      G      1.306924E-03   3.077544E-04   4.463539E-03  -9.574757E-02   7.379107E-01   1.381674E-02
           331      G      1.331655E-03  -1.879185E-05   6.215184E-03   3.034709E-02   8.972253E-01  -4.059779E-03
           332      G      1.087738E-03  -2.670069E-05  -1.807137E-02   5.595397E-01   4.175695E-02   2.283033E-02
           333      G      1.489102E-03  -2.357634E-05  -2.820658E-02   5.806715E-03   1.252811E-01  -3.224100E-04
           334      G      8.872630E-04  -1.261342E-04  -1.280863E-02   2.999365E-01  -2.763111E-01   1.197655E-02
           335      G      1.722197E-03  -3.198942E-05  -1.702713E-02   7.866384E-03  -5.979170E-01  -3.634922E-04
           336      G      1.371684E-03  -3.763314E-04  -4.611183E-03   6.956021E-02   7.343581E-01   1.333583E-02
           337      G      1.348103E-03  -1.664470E-05  -6.334682E-03   3.783023E-03   9.004426E-01  -4.007123E-04
           338      G      1.076855E-03  -3.621920E-05   1.804890E-02   5.560307E-01   4.660036E-02  -2.278444E-02
           339      G      8.745046E-04  -1.450536E-04   1.296018E-02   2.993901E-01  -2.707566E-01  -1.211331E-02
           340      G      9.333284E-04  -4.033096E-05   9.355912E-05   2.545941E-03  -3.797898E-01  -6.335128E-02
           341      G      1.369612E-03  -3.558627E-04   4.488547E-03   5.728353E-02   7.345987E-01  -1.267338E-02
           342      G      1.071123E-03  -2.374448E-05  -1.811077E-02  -5.602021E-01   4.276334E-02  -2.291341E-02
           343      G      8.728014E-04   7.213237E-05  -1.288117E-02  -3.012699E-01  -2.750118E-01  -1.241996E-02
1                                                       **STUDENT EDITION*    APRIL  18, 2026  MSC Nastran  3/ 3/26   PAGE    75
     DEFAULT                                                                                                                        
0                                                                                                            SUBCASE 1              
      EIGENVALUE =  6.202445E+06
          CYCLES =  3.963707E+02         R E A L   E I G E N V E C T O R   N O .          7
 
      POINT ID.   TYPE          T1             T2             T3             R1             R2             R3
           344      G      1.356048E-03   3.419648E-04  -4.622027E-03  -7.155109E-02   7.351407E-01  -1.378852E-02
           400      G     -5.497389E-04   5.509036E-03  -4.139398E-03   1.312931E+00  -9.297823E-01  -4.077107E-02
           401      G     -1.572105E-03   1.791579E-02  -4.318882E-03   3.172496E+00  -9.530912E-01  -1.159367E-01
           402      G     -2.310429E-04  -8.181149E-06   8.217059E-06  -8.739445E-04  -8.136156E-01   6.958060E-01
           403      G     -3.088741E-03  -1.625684E-03  -1.794349E-03   3.911152E-01  -1.208108E+00  -6.940452E-03
           404      G      8.922322E-06   5.612168E-03  -4.416865E-03   3.808980E+00   2.759791E+00  -2.693764E-01
           405      G      1.449676E-02   1.339510E-03  -1.696463E-02  -1.283484E+00  -5.427850E+00   6.511526E-02
           406      G      2.056692E-02   1.105099E-06  -2.374041E-02   3.819278E-04  -7.427823E+00   2.728392E-03
           407      G     -5.352419E-04  -5.525040E-03   4.156820E-03  -1.314865E+00  -9.302772E-01  -4.086915E-02
           408      G     -1.564664E-03  -1.793256E-02   4.332441E-03  -3.174452E+00  -9.530660E-01  -1.160016E-01
           409      G     -3.074192E-03   1.602473E-03   1.791150E-03  -3.954243E-01  -1.209376E+00  -9.702199E-03
           410      G      3.311652E-05  -5.634982E-03   4.441635E-03  -3.813551E+00   2.759721E+00  -2.681184E-01
           411      G      1.450599E-02  -1.357771E-03   1.702450E-02   1.283725E+00  -5.429072E+00   6.144292E-02
           412      G      2.057039E-02  -6.797192E-06   2.376136E-02  -1.885710E-04  -7.428236E+00  -3.718320E-05
           413      G     -5.403554E-04  -5.522081E-03  -4.166538E-03  -1.315095E+00  -9.302906E-01   4.102803E-02
           414      G     -1.572828E-03  -1.793293E-02  -4.343049E-03  -3.174831E+00  -9.526794E-01   1.167646E-01
           415      G     -2.351758E-04  -8.703194E-06  -5.172383E-06  -9.238191E-04  -8.131059E-01  -6.959388E-01
           416      G     -3.073824E-03   1.623039E-03  -1.801572E-03  -3.947060E-01  -1.208763E+00   1.005185E-02
           417      G      3.143272E-05  -5.625087E-03  -4.449198E-03  -3.812984E+00   2.759768E+00   2.682126E-01
           418      G      1.450274E-02  -1.336445E-03  -1.703164E-02   1.284113E+00  -5.428608E+00  -6.095247E-02
           419      G     -5.480944E-04   5.509098E-03   4.157799E-03   1.313704E+00  -9.302230E-01   4.083697E-02
           420      G     -1.576733E-03   1.791663E-02   4.338390E-03   3.172994E+00  -9.526570E-01   1.166721E-01
           421      G     -3.087028E-03  -1.616246E-03   1.795023E-03   3.942456E-01  -1.208299E+00   9.541861E-03
           422      G      1.969941E-05   5.620279E-03   4.444907E-03   3.811759E+00   2.759765E+00   2.680588E-01
           423      G      1.450096E-02   1.343735E-03   1.702465E-02  -1.283691E+00  -5.428326E+00  -6.156476E-02
           424      G      2.760760E-03   8.941954E-03  -1.321806E+00   4.278250E+01   2.022329E+00   6.106328E-02
           425      G      6.274379E-03  -6.395346E-06  -2.462911E+00  -1.048524E-03  -4.205125E+00   1.664956E-04
           426      G      6.261622E-03   2.627161E-05  -7.614114E-01   2.170612E+01   2.259909E+01  -4.080622E-02
           427      G     -2.295023E-02  -8.918826E-06  -1.303973E+00  -1.270243E-03   5.175884E+01   3.625348E-05
           428      G      3.794343E-03  -8.752190E-06  -1.356412E-05   2.647886E-04   1.711809E+01  -4.595720E-01
           429      G     -1.638097E-02  -9.129382E-06  -3.070809E-05  -1.010825E-03   1.015828E+00   5.890599E-06
           430      G      4.485201E-03  -5.498903E-04  -7.418135E-01   2.064644E+01  -2.979570E+01   9.533636E-02
           431      G      2.802654E-02  -3.952787E-06  -1.302959E+00   4.357470E-04  -4.809439E+01  -5.007506E-04
           432      G      2.768235E-03  -8.959431E-03   1.321820E+00  -4.278290E+01   2.023591E+00   6.093196E-02
           433      G      6.277002E-03  -8.290426E-06   2.462909E+00  -6.235953E-04  -4.205405E+00  -2.245168E-05
           434      G      6.265685E-03  -4.437022E-05   7.613970E-01  -2.170584E+01   2.259945E+01  -4.084372E-02
           435      G     -2.294918E-02  -8.964467E-06   1.303942E+00  -7.915163E-04   5.176000E+01  -8.722030E-06
           436      G      4.492652E-03   5.345566E-04   7.418783E-01  -2.064574E+01  -2.979470E+01   9.522665E-02
           437      G      2.803072E-02  -7.640877E-06   1.302972E+00  -4.294427E-04  -4.809446E+01  -1.439135E-05
           438      G      2.764773E-03  -8.957217E-03  -1.321831E+00  -4.278233E+01   2.023698E+00  -6.104467E-02
           439      G      6.263986E-03  -4.373763E-05  -7.614232E-01  -2.170549E+01   2.259891E+01   4.082454E-02
           440      G      3.793542E-03  -8.917295E-06  -1.940032E-05  -3.824322E-04   1.711858E+01   4.595408E-01
           441      G      4.488618E-03   5.417940E-04  -7.418868E-01  -2.064579E+01  -2.979457E+01  -9.504110E-02
           442      G      2.764251E-03   8.943393E-03   1.321823E+00   4.278271E+01   2.023405E+00  -6.112614E-02
           443      G      6.263673E-03   2.634908E-05   7.614024E-01   2.170546E+01   2.259968E+01   4.075806E-02
           444      G      4.487857E-03  -5.495446E-04   7.418751E-01   2.064602E+01  -2.979487E+01  -9.532280E-02
           445      G     -1.202932E-03  -4.423686E-03  -2.713029E-03   6.756283E-02   5.892168E-02   5.839005E-02
           446      G     -1.786571E-03  -1.665848E-03  -2.964119E-03  -5.113175E-01  -4.762348E-02  -1.689100E-01
           447      G     -1.100080E-03  -6.171905E-04  -4.088186E-03   3.464301E-01   4.520984E-02  -3.543985E-02
           448      G     -3.939905E-04  -1.741909E-04  -2.969136E-03  -2.224861E-01   3.781824E-02   6.971543E-02
1                                                       **STUDENT EDITION*    APRIL  18, 2026  MSC Nastran  3/ 3/26   PAGE    76
     DEFAULT                                                                                                                        
0                                                                                                            SUBCASE 1              
      EIGENVALUE =  6.202445E+06
          CYCLES =  3.963707E+02         R E A L   E I G E N V E C T O R   N O .          7
 
      POINT ID.   TYPE          T1             T2             T3             R1             R2             R3
           449      G     -3.832111E-04  -4.293922E-06   8.321951E-06  -3.756219E-04   2.035096E-01  -8.907555E-03
           450      G     -3.992945E-03  -3.714407E-03  -1.399400E-02   3.255306E-01  -7.322075E-01   1.889776E-01
           451      G     -5.132310E-03  -6.385910E-06  -2.031580E-02   1.150941E-03  -1.032416E+00   1.029100E-03
           452      G     -1.198865E-03   4.426375E-03   2.714474E-03  -6.767381E-02   5.869465E-02   5.855790E-02
           453      G     -1.784062E-03   1.660583E-03   2.979190E-03   5.110093E-01  -4.801127E-02  -1.694000E-01
           454      G     -1.094532E-03   6.097845E-04   4.108726E-03  -3.476735E-01   4.526221E-02  -3.495269E-02
           455      G     -3.911980E-04   1.657154E-04   2.987478E-03   2.216824E-01   3.790336E-02   6.977801E-02
           456      G     -3.992604E-03   3.709513E-03   1.404394E-02  -3.261413E-01  -7.313831E-01   1.884964E-01
           457      G     -5.133295E-03  -5.866970E-06   2.034202E-02   2.768282E-05  -1.033023E+00  -5.223376E-05
           458      G     -1.197541E-03   4.433153E-03  -2.726389E-03  -6.753106E-02   5.870424E-02  -5.875744E-02
           459      G     -1.783512E-03   1.664389E-03  -2.989145E-03   5.109388E-01  -4.795951E-02   1.695445E-01
           460      G     -1.093913E-03   6.126812E-04  -4.119269E-03  -3.479078E-01   4.528160E-02   3.521494E-02
           461      G     -3.883722E-04   1.674086E-04  -2.993954E-03   2.215343E-01   3.819513E-02  -6.981366E-02
           462      G     -3.793992E-04  -4.421320E-06  -4.136895E-06  -2.453652E-04   2.039233E-01   8.857318E-03
           463      G     -3.992052E-03   3.712747E-03  -1.404742E-02  -3.257676E-01  -7.306974E-01  -1.883109E-01
           464      G     -1.203166E-03  -4.436743E-03   2.719308E-03   6.789882E-02   5.868526E-02  -5.851625E-02
           465      G     -1.788013E-03  -1.671699E-03   2.981941E-03  -5.108235E-01  -4.802401E-02   1.695251E-01
           466      G     -1.097371E-03  -6.207685E-04   4.111849E-03   3.476154E-01   4.530825E-02   3.528029E-02
           467      G     -3.900781E-04  -1.759235E-04   2.984785E-03  -2.219972E-01   3.819233E-02  -6.982086E-02
           468      G     -3.993257E-03  -3.720678E-03   1.404463E-02   3.260058E-01  -7.313029E-01  -1.885838E-01
           469      G     -2.604414E-03  -3.452908E-03  -6.840566E-03   2.138666E-01  -3.038139E-01  -1.249776E-01
           470      G     -2.491610E-03  -1.754197E-03  -1.258065E-02   9.183509E-01  -1.644926E-01  -2.022248E-02
           471      G     -2.333662E-03  -6.386023E-04  -1.793134E-02   7.253657E-01   1.770851E-02  -4.173666E-02
           472      G     -2.077235E-03  -2.941588E-04  -1.050537E-02   6.126794E-01   3.800925E-01  -5.461685E-02
           473      G     -1.937002E-03  -4.784263E-06  -4.098403E-06   1.058152E-03   3.863302E-01  -5.830051E-02
           474      G     -3.655975E-03  -1.096724E-03  -3.233794E-02   6.890117E-01  -4.252841E-01  -7.988500E-02
           475      G     -3.420880E-03  -5.351538E-04  -3.881540E-02   9.243001E-01   1.399114E-01  -2.771402E-02
           476      G     -3.172822E-03  -2.059655E-04  -2.524629E-02   5.868584E-01   7.417998E-01  -2.458902E-02
           477      G     -3.094649E-03  -4.839271E-06  -3.648825E-05   1.475395E-03   9.679755E-01  -3.801898E-02
           478      G     -4.068557E-03  -1.494960E-03  -1.885952E-02   1.229287E-01  -8.775925E-01  -5.497253E-02
           479      G     -4.544490E-03  -7.256637E-04  -4.561385E-02   4.957760E-01  -7.635376E-01  -1.675924E-02
           480      G     -4.098920E-03  -2.421390E-04  -5.510045E-02   5.033975E-01   2.396813E-01  -1.900056E-02
           481      G     -3.833230E-03  -1.154741E-04  -3.618626E-02   3.749858E-01   1.028539E+00  -1.372865E-02
           482      G     -4.712046E-03  -1.291206E-06  -5.056511E-02   5.016099E-04  -7.133462E-01  -2.193809E-04
           483      G     -4.389873E-03  -2.428805E-06  -6.029697E-02   8.260139E-04   1.976875E-01   5.515141E-05
           484      G     -4.013024E-03  -3.437204E-06  -4.039673E-02   5.638696E-04   1.107997E+00   1.832660E-05
           485      G     -3.707659E-03  -4.683724E-06  -6.805301E-05   1.185465E-03   1.393783E+00  -1.335219E-02
           486      G     -3.910566E-03  -4.538743E-06  -8.588898E-05   3.168048E-04   1.575174E+00   1.600304E-05
           487      G     -2.602623E-03   3.451879E-03   6.863695E-03  -2.153653E-01  -3.035734E-01  -1.251997E-01
           488      G     -2.490288E-03   1.749013E-03   1.260281E-02  -9.187392E-01  -1.645364E-01  -2.024634E-02
           489      G     -2.332572E-03   6.309380E-04   1.794892E-02  -7.244636E-01   1.801925E-02  -4.192500E-02
           490      G     -2.076184E-03   2.849815E-04   1.050582E-02  -6.108977E-01   3.807522E-01  -5.467578E-02
           491      G     -3.656178E-03   1.090679E-03   3.236144E-02  -6.888915E-01  -4.243770E-01  -7.990560E-02
           492      G     -3.420938E-03   5.272343E-04   3.879890E-02  -9.225984E-01   1.413879E-01  -2.775463E-02
           493      G     -3.172773E-03   1.968604E-04   2.518944E-02  -5.842229E-01   7.428831E-01  -2.462015E-02
           494      G     -4.068770E-03   1.488304E-03   1.890668E-02  -1.220889E-01  -8.774021E-01  -5.479958E-02
           495      G     -4.545429E-03   7.182993E-04   4.562565E-02  -4.947970E-01  -7.619237E-01  -1.682780E-02
           496      G     -4.099313E-03   2.343158E-04   5.504754E-02  -5.020015E-01   2.419726E-01  -1.900980E-02
           497      G     -3.833387E-03   1.065105E-04   3.607373E-02  -3.728968E-01   1.030119E+00  -1.374921E-02
           498      G     -4.712515E-03  -5.669056E-06   5.056058E-02  -3.158668E-05  -7.114325E-01   9.164017E-06
1                                                       **STUDENT EDITION*    APRIL  18, 2026  MSC Nastran  3/ 3/26   PAGE    77
     DEFAULT                                                                                                                        
0                                                                                                            SUBCASE 1              
      EIGENVALUE =  6.202445E+06
          CYCLES =  3.963707E+02         R E A L   E I G E N V E C T O R   N O .          7
 
      POINT ID.   TYPE          T1             T2             T3             R1             R2             R3
           499      G     -4.390163E-03  -5.647540E-06   6.021884E-02  -2.699987E-05   2.001534E-01   3.586164E-06
           500      G     -4.013211E-03  -5.280395E-06   4.025235E-02   7.167485E-05   1.109874E+00   1.170248E-05
           501      G     -2.601912E-03   3.456736E-03  -6.872820E-03  -2.152558E-01  -3.032795E-01   1.252609E-01
           502      G     -2.489951E-03   1.752867E-03  -1.261952E-02  -9.189714E-01  -1.651295E-01   2.024464E-02
           503      G     -2.331643E-03   6.341525E-04  -1.798414E-02  -7.258083E-01   1.765200E-02   4.190899E-02
           504      G     -2.074954E-03   2.871136E-04  -1.054722E-02  -6.130066E-01   3.808447E-01   5.473925E-02
           505      G     -1.935388E-03  -4.356696E-06  -2.612409E-05  -1.169807E-03   3.870260E-01   5.839878E-02
           506      G     -3.655877E-03   1.094530E-03  -3.238356E-02  -6.890165E-01  -4.256967E-01   7.988334E-02
           507      G     -3.420575E-03   5.304587E-04  -3.886665E-02  -9.236683E-01   1.400366E-01   2.778027E-02
           508      G     -3.172171E-03   1.989853E-04  -2.528694E-02  -5.864298E-01   7.424293E-01   2.465077E-02
           509      G     -3.094097E-03  -4.377217E-06  -5.828782E-05  -1.283771E-03   9.686763E-01   3.806159E-02
           510      G     -4.067813E-03   1.491370E-03  -1.889953E-02  -1.213695E-01  -8.768730E-01   5.464081E-02
           511      G     -4.545342E-03   7.217189E-04  -4.564456E-02  -4.940850E-01  -7.636511E-01   1.686265E-02
           512      G     -4.099034E-03   2.376627E-04  -5.513230E-02  -5.022597E-01   2.398406E-01   1.901182E-02
           513      G     -3.833139E-03   1.084785E-04  -3.621089E-02  -3.739884E-01   1.028900E+00   1.377618E-02
           514      G     -3.707501E-03  -4.416768E-06  -8.166805E-05  -6.802802E-04   1.394204E+00   1.338799E-02
           515      G     -2.604706E-03  -3.462529E-03   6.868436E-03   2.152116E-01  -3.035354E-01   1.251457E-01
           516      G     -2.491937E-03  -1.760231E-03   1.260649E-02   9.187111E-01  -1.645850E-01   2.017689E-02
           517      G     -2.333221E-03  -6.423416E-04   1.795102E-02   7.245247E-01   1.821446E-02   4.185002E-02
           518      G     -2.075820E-03  -2.957761E-04   1.049903E-02   6.109586E-01   3.811490E-01   5.471980E-02
           519      G     -3.656710E-03  -1.102010E-03   3.236285E-02   6.888100E-01  -4.244794E-01   7.989338E-02
           520      G     -3.421135E-03  -5.386385E-04   3.880071E-02   9.225920E-01   1.414995E-01   2.775786E-02
           521      G     -3.172548E-03  -2.075849E-04   2.518339E-02   5.842990E-01   7.433219E-01   2.463989E-02
           522      G     -4.068981E-03  -1.499521E-03   1.890606E-02   1.220769E-01  -8.773716E-01   5.480693E-02
           523      G     -4.545544E-03  -7.297314E-04   4.562609E-02   4.947957E-01  -7.619821E-01   1.681602E-02
           524      G     -4.099349E-03  -2.456215E-04   5.504845E-02   5.019323E-01   2.420288E-01   1.901305E-02
           525      G     -3.833305E-03  -1.171323E-04   3.606998E-02   3.730234E-01   1.030398E+00   1.376958E-02
          1000      G     -1.455714E-04  -7.528683E-08   1.936740E-06   4.241479E-05  -4.854811E-02   6.956039E-02
          1001      G     -1.617447E-04   3.140684E-05  -1.986355E-04   3.834087E-04   8.104182E-05  -5.783162E-02
          1002      G     -1.190296E-04  -6.500364E-05  -2.014719E-04   1.780436E-04   1.185947E-04  -3.660849E-02
          1003      G     -1.444463E-04   2.992568E-08   6.513019E-06   6.464954E-05   1.452579E+00   5.868406E-03
          1004      G     -7.823214E-05   7.885370E-05  -3.759013E-02   1.337795E+00   1.101753E+00   2.671495E-03
          1005      G     -1.167960E-04   7.608120E-05  -5.965208E-02   2.421997E+00   2.726337E-01   5.459696E-04
          1006      G      5.720587E-04  -1.929838E-07  -3.103060E-06   2.596240E-05   1.153597E-01   1.048376E-05
          1007      G      1.585634E-04   1.221308E-07  -6.200302E-02   9.716251E-05   3.653631E+00   9.551508E-06
          1008      G     -9.473304E-05   1.586212E-07  -1.110972E-01   9.301523E-05  -1.178430E-01   1.182597E-05
          1009      G     -6.842981E-05  -4.796575E-06  -4.904000E-04   3.790716E-04   2.477550E-04  -8.433990E-02
          1010      G      8.685636E-05   2.343567E-04  -4.800268E-04   2.875798E-04   1.308925E-04   2.069745E-03
          1011      G     -1.516593E-04   1.206733E-04  -4.004240E-02   1.434308E+00  -1.540023E+00  -2.790649E-03
          1012      G     -2.500883E-04  -3.359448E-05  -1.184550E-02   2.469117E-01  -1.755765E-01   6.230756E-02
          1013      G     -3.518637E-04   6.064495E-07  -6.912328E-02   1.121847E-05  -2.885885E+00   2.106282E-05
          1014      G     -6.134994E-04   1.146500E-06  -1.677784E-02  -1.325818E-04  -2.878359E-01   1.099119E-03
          1015      G     -1.613404E-04  -3.078397E-05   1.986692E-04  -3.841366E-04   8.322425E-05  -5.824688E-02
          1016      G     -1.183044E-04   6.463047E-05   2.015610E-04  -1.790568E-04   1.208084E-04  -3.686378E-02
          1017      G     -7.782877E-05  -7.905424E-05   3.760352E-02  -1.337767E+00   1.101864E+00   2.670441E-03
          1018      G     -1.159410E-04  -7.598857E-05   5.966793E-02  -2.421994E+00   2.727031E-01   5.513858E-04
          1019      G      1.588455E-04  -2.926454E-07   6.199711E-02   3.664013E-05   3.653642E+00   7.753065E-06
          1020      G     -9.423109E-05  -5.859049E-07   1.110924E-01   2.633953E-05  -1.177637E-01   6.724721E-06
          1021      G     -6.739112E-05   5.887534E-06   4.887113E-04  -3.619768E-04   2.516645E-04  -8.538476E-02
          1022      G      8.966176E-05  -2.383407E-04   4.784408E-04  -2.718870E-04   1.337834E-04   2.036799E-03
1                                                       **STUDENT EDITION*    APRIL  18, 2026  MSC Nastran  3/ 3/26   PAGE    78
     DEFAULT                                                                                                                        
0                                                                                                            SUBCASE 1              
      EIGENVALUE =  6.202445E+06
          CYCLES =  3.963707E+02         R E A L   E I G E N V E C T O R   N O .          7
 
      POINT ID.   TYPE          T1             T2             T3             R1             R2             R3
          1023      G     -1.501208E-04  -1.215876E-04   4.005970E-02  -1.434319E+00  -1.539926E+00  -2.792992E-03
          1024      G     -2.489120E-04   3.360800E-05   1.186659E-02  -2.468321E-01  -1.753551E-01   6.180906E-02
          1025      G     -3.513326E-04  -6.775825E-07   6.911806E-02   2.408961E-05  -2.885986E+00   5.739407E-06
          1026      G     -6.126482E-04  -9.486643E-07   1.677322E-02  -7.417351E-05  -2.876480E-01  -4.573504E-05
          1027      G     -1.442005E-04  -1.906645E-07  -2.281559E-06   5.585999E-05  -4.852828E-02  -7.042128E-02
          1028      G     -1.600496E-04  -3.138177E-05  -1.985818E-04  -3.829178E-04   8.033078E-05   5.686312E-02
          1029      G     -1.170356E-04   6.545616E-05  -2.013950E-04  -1.775851E-04   1.179187E-04   3.549108E-02
          1030      G     -1.434664E-04  -8.892016E-08  -2.045417E-06  -9.546298E-06   1.452675E+00  -5.854009E-03
          1031      G     -7.719020E-05  -7.886108E-05  -3.760046E-02  -1.337850E+00   1.101880E+00  -2.652145E-03
          1032      G     -1.155939E-04  -7.518141E-05  -5.966505E-02  -2.422027E+00   2.727164E-01  -5.251456E-04
          1033      G     -6.642323E-05   7.880491E-06  -4.886298E-04  -3.693846E-04   2.527150E-04   8.480562E-02
          1034      G      8.981383E-05  -2.350086E-04  -4.783858E-04  -2.791217E-04   1.350803E-04  -2.176795E-03
          1035      G     -1.497376E-04  -1.197725E-04  -4.005546E-02  -1.434269E+00  -1.540073E+00   2.816794E-03
          1036      G     -2.479244E-04   3.593349E-05  -1.186141E-02  -2.466627E-01  -1.752454E-01  -6.073752E-02
          1037      G     -1.600879E-04   3.158886E-05   1.982620E-04   3.841261E-04   7.895531E-05   5.649390E-02
          1038      G     -1.170826E-04  -6.647118E-05   2.010396E-04   1.782301E-04   1.164996E-04   3.512597E-02
          1039      G     -7.715071E-05   7.840507E-05   3.759767E-02   1.337754E+00   1.101896E+00  -2.656589E-03
          1040      G     -1.154309E-04   7.526871E-05   5.966336E-02   2.421985E+00   2.727573E-01  -5.332731E-04
          1041      G     -6.614884E-05  -6.396144E-06   4.885941E-04   3.638079E-04   2.488305E-04   8.403510E-02
          1042      G     -1.497473E-04   1.198186E-04   4.005667E-02   1.434289E+00  -1.539867E+00   2.809594E-03
          1043      G     -2.484998E-04  -3.526202E-05   1.186642E-02   2.468914E-01  -1.751975E-01  -6.150508E-02
          1044      G      9.032935E-05   2.353028E-04   4.782533E-04   2.731586E-04   1.313304E-04  -3.050207E-03
          2000      G     -4.663692E-05  -8.357560E-08   4.666195E-06  -2.757685E-04  -2.321483E-02   1.448461E-01
          2001      G     -5.665197E-05   2.577767E-05  -1.968503E-04   3.340375E-04   9.272323E-05  -7.455454E-03
          2002      G     -1.577875E-05  -7.398198E-05  -1.996856E-04   1.783905E-04   1.232615E-04   1.287131E-02
          2003      G     -4.831676E-05   2.169977E-06  -8.242403E-04   3.311083E-02   1.197536E+00   4.925345E-03
          2004      G      4.560334E-06   6.665781E-05  -3.193503E-02   1.125892E+00   9.275133E-01   2.017399E-03
          2005      G     -2.916998E-05   5.173654E-05  -5.035400E-02   2.008485E+00   2.322229E-01   3.076466E-05
          2006      G      5.615571E-04  -8.526752E-07  -1.335330E-03   2.007554E-04   1.619457E-01  -2.017069E-05
          2007      G      1.972757E-04  -1.281849E-06  -5.246264E-02   5.274090E-04   2.962050E+00  -3.699895E-05
          2008      G     -3.169161E-05  -3.527224E-06  -9.295436E-02   9.424079E-04  -2.477649E-02  -4.445173E-05
          2009      G      3.067855E-05  -6.147956E-05  -4.887757E-04   3.466672E-04   2.255571E-04  -3.682035E-02
          2010      G      1.633449E-04   1.591777E-04  -4.823952E-04   3.018674E-04   1.325452E-04   3.670808E-02
          2011      G     -5.476719E-05   8.013669E-05  -3.449275E-02   1.185766E+00  -1.258880E+00  -3.176760E-03
          2012      G     -1.301259E-04  -1.013833E-04  -1.191185E-02   1.926780E-01  -8.873594E-02  -5.712758E-01
          2013      G     -2.474204E-04  -5.618555E-06  -5.893573E-02   4.479610E-03  -2.402927E+00   1.034267E-05
          2014      G     -4.622231E-04  -4.728450E-06  -1.644555E-02   7.067717E-03  -1.454971E-01  -2.079197E-02
          2015      G     -5.704606E-05  -2.465896E-05   1.966941E-04  -3.324386E-04   9.308013E-05  -8.300246E-03
          2016      G     -1.715577E-05   7.395475E-05   1.998015E-04  -1.784946E-04   1.249148E-04   1.153383E-02
          2017      G      1.130165E-05  -6.202976E-05   3.080031E-02  -1.085016E+00   9.604899E-01   2.149931E-03
          2018      G     -1.888635E-05  -4.948000E-05   5.004273E-02  -1.998507E+00   2.522051E-01   3.816795E-04
          2019      G      2.153598E-04  -2.500802E-07   5.092314E-02  -8.220177E-06   3.042713E+00  -1.619072E-05
          2020      G      1.218268E-05  -2.266486E-07   9.292489E-02  -7.635233E-06  -1.296871E-02  -1.301586E-05
          2021      G      2.163104E-05   5.675634E-05   4.870765E-04  -3.286972E-04   2.304929E-04  -4.299580E-02
          2022      G      1.529126E-04  -1.778014E-04   4.810460E-04  -2.898738E-04   1.367119E-04   2.980610E-02
          2023      G     -3.580455E-05  -8.331277E-05   3.438708E-02  -1.171147E+00  -1.259740E+00  -2.560027E-03
          2024      G     -1.123809E-04   7.503486E-05   1.190102E-02  -1.664323E-01  -7.879967E-02  -4.614872E-01
          2025      G     -2.007108E-04   1.323365E-07   5.895549E-02   1.034615E-04  -2.407844E+00  -1.377837E-05
          2026      G     -3.998225E-04   2.650393E-07   1.641547E-02   1.616315E-04  -1.404136E-01   2.342796E-03
          2027      G     -4.955419E-05  -1.926744E-06   5.313540E-07   8.244644E-04  -2.362847E-02  -1.469083E-01
1                                                       **STUDENT EDITION*    APRIL  18, 2026  MSC Nastran  3/ 3/26   PAGE    79
     DEFAULT                                                                                                                        
0                                                                                                            SUBCASE 1              
      EIGENVALUE =  6.202445E+06
          CYCLES =  3.963707E+02         R E A L   E I G E N V E C T O R   N O .          7
 
      POINT ID.   TYPE          T1             T2             T3             R1             R2             R3
          2028      G     -5.984865E-05  -2.595074E-05  -1.967765E-04  -3.323296E-04   9.203464E-05   8.916432E-03
          2029      G     -2.022179E-05   7.412246E-05  -1.995988E-04  -1.766200E-04   1.224438E-04  -1.078896E-02
          2030      G     -5.016811E-05  -3.048013E-06  -7.902786E-04  -2.892798E-02   1.197520E+00  -4.954041E-03
          2031      G      2.571505E-06  -6.877202E-05  -3.189425E-02  -1.118902E+00   9.267635E-01  -2.060241E-03
          2032      G     -2.971028E-05  -5.510086E-05  -5.031345E-02  -1.997060E+00   2.333731E-01  -1.023672E-04
          2033      G      2.267478E-05   5.894247E-05  -4.869851E-04  -3.352721E-04   2.307793E-04   4.240559E-02
          2034      G      1.527641E-04  -1.740912E-04  -4.809325E-04  -2.965039E-04   1.370980E-04  -2.990036E-02
          2035      G     -5.111730E-05  -8.692696E-05  -3.448812E-02  -1.170230E+00  -1.257879E+00   3.006757E-03
          2036      G     -1.213438E-04   8.545997E-05  -1.193609E-02  -1.674980E-01  -8.697614E-02   4.643154E-01
          2037      G     -5.960333E-05   2.546273E-05   1.962889E-04   3.326794E-04   8.882519E-05   8.379317E-03
          2038      G     -1.944642E-05  -7.574406E-05   1.992827E-04   1.776072E-04   1.205515E-04  -1.158798E-02
          2039      G      9.582284E-06   6.107416E-05   3.082765E-02   1.087755E+00   9.599096E-01  -2.174334E-03
          2040      G     -2.045019E-05   4.953733E-05   5.006029E-02   2.000115E+00   2.519883E-01  -4.030947E-04
          2041      G      1.960589E-05  -5.571282E-05   4.869610E-04   3.305383E-04   2.276451E-04   4.323585E-02
          2042      G      1.505971E-04   1.775575E-04   4.808611E-04   2.913112E-04   1.341251E-04  -2.938556E-02
          2043      G     -3.730962E-05   8.313656E-05   3.439635E-02   1.171910E+00  -1.260137E+00   2.540947E-03
          2044      G     -1.139493E-04  -7.428305E-05   1.190314E-02   1.666215E-01  -7.894619E-02   4.657787E-01
          3000      G      2.092120E-03  -7.872441E-05  -3.202359E-05   7.180732E-03   1.115067E-01   1.078961E+00
          3001      G      2.139889E-03   4.562170E-04  -1.306558E-03  -9.366011E-02   2.650816E-02   1.119771E+00
          3002      G      2.166105E-03  -1.507445E-04  -1.941378E-03   3.326545E-02   4.172829E-02   9.469882E-01
          3003      G      2.457569E-03  -1.050091E-04   1.663937E-05  -6.152229E-03  -4.335688E-01   7.652646E-04
          3004      G      2.315438E-03  -6.855606E-05   9.793912E-03  -3.611903E-01  -1.941171E-01   2.294763E-03
          3005      G      2.258652E-03   3.343968E-06   1.255420E-02  -7.154902E-01   4.859735E-02   7.887361E-04
          3006      G      2.130624E-03  -9.876830E-05   1.224549E-04   7.746194E-03   7.423805E-02  -3.033801E-04
          3007      G      2.349127E-03  -1.198806E-04   1.630099E-02   1.543236E-02  -9.935643E-01  -2.484519E-04
          3008      G      2.461003E-03  -1.290012E-04   2.801750E-02   1.106783E-02   1.253876E-01  -5.082437E-05
          3009      G      2.135682E-03   1.632478E-04  -1.797519E-03  -1.308152E-01  -4.001321E-02   1.215621E+00
          3010      G      1.981194E-03  -3.133740E-04  -2.249865E-03   5.264837E-02   6.007633E-02   4.791649E-01
          3011      G      2.261035E-03  -1.753758E-04   1.508421E-03  -1.456079E-01   7.160104E-01   2.444521E-03
          3012      G      2.261946E-03   1.115716E-05  -1.202901E-02   2.436923E-01   1.127889E-01  -6.020847E-01
          3013      G      2.523047E-03  -1.387497E-04   5.799585E-03   2.500194E-02   1.361236E+00   2.198639E-04
          3014      G      2.692437E-03  -1.309198E-04  -1.669000E-02   1.963323E-02   1.171415E-01  -4.269647E-04
          3015      G      2.162963E-03  -6.849822E-04   1.239821E-03   1.167050E-01   3.237632E-02   1.106964E+00
          3016      G      2.214381E-03  -8.163747E-06   1.894402E-03  -2.524930E-02   6.365471E-02   8.716320E-01
          3017      G      2.335284E-03  -1.251090E-04  -9.789407E-03   3.460946E-01  -1.891669E-01   2.300192E-03
          3018      G      2.300571E-03  -2.217862E-04  -1.267326E-02   7.159363E-01   3.988148E-02   8.986607E-04
          3019      G      2.360187E-03  -8.760273E-05  -1.622907E-02   4.928948E-03  -1.006128E+00  -3.221615E-04
          3020      G      2.478459E-03  -6.986125E-05  -2.820761E-02   5.806507E-03   1.252958E-01  -3.178994E-04
          3021      G      2.218313E-03  -4.154835E-04   1.705874E-03   1.796087E-01  -7.177308E-02   1.361138E+00
          3022      G      2.107170E-03   1.270611E-05   2.180724E-03  -4.121825E-02   6.203061E-02   4.677171E-01
          3023      G      2.322706E-03  -4.969847E-05  -1.762024E-03   1.168806E-01   7.182519E-01   1.933626E-03
          3024      G      2.316574E-03  -2.197079E-04   1.207129E-02  -2.529486E-01   1.154448E-01  -7.050100E-01
          3025      G      2.537735E-03  -6.163214E-05  -5.915402E-03   4.545230E-03   1.365895E+00  -2.420088E-04
          3026      G      2.706081E-03  -5.294015E-05   1.669909E-02   7.938074E-04   1.164869E-01  -1.882836E-02
          3027      G      2.063598E-03  -9.641483E-05   3.014579E-05   7.138070E-03   1.214520E-01  -1.067133E+00
          3028      G      2.128554E-03  -7.186161E-04  -1.232795E-03   1.200135E-01   2.969981E-02  -1.115075E+00
          3029      G      2.178968E-03  -5.021666E-05  -1.876948E-03  -2.056349E-02   6.436367E-02  -8.581059E-01
          3030      G      2.457453E-03  -1.020836E-04   1.135416E-04  -2.318712E-04  -4.337129E-01  -1.502537E-03
          3031      G      2.321226E-03  -1.567120E-04   9.833674E-03   3.429876E-01  -1.831080E-01  -2.932723E-03
          3032      G      2.280038E-03  -2.711381E-04   1.262861E-02   7.106316E-01   3.979735E-02  -1.258026E-03
1                                                       **STUDENT EDITION*    APRIL  18, 2026  MSC Nastran  3/ 3/26   PAGE    80
     DEFAULT                                                                                                                        
0                                                                                                            SUBCASE 1              
      EIGENVALUE =  6.202445E+06
          CYCLES =  3.963707E+02         R E A L   E I G E N V E C T O R   N O .          7
 
      POINT ID.   TYPE          T1             T2             T3             R1             R2             R3
          3033      G      2.179812E-03  -4.695158E-04  -1.680553E-03   1.870647E-01  -7.228664E-02  -1.345740E+00
          3034      G      2.061145E-03  -4.024255E-05  -2.163114E-03  -3.857803E-02   6.488877E-02  -4.350124E-01
          3035      G      2.300722E-03  -1.075655E-04   1.687535E-03   1.063602E-01   7.197946E-01  -2.253788E-03
          3036      G      2.299092E-03  -2.871661E-04  -1.208868E-02  -2.547766E-01   1.129934E-01   7.672258E-01
          3037      G      2.126832E-03   5.201717E-04   1.292755E-03  -1.039021E-01   3.001901E-02  -1.116137E+00
          3038      G      2.178604E-03  -1.257791E-04   1.944200E-03   3.589685E-02   6.434979E-02  -8.650351E-01
          3039      G      2.326730E-03  -4.007743E-05  -9.700236E-03  -3.505656E-01  -1.882394E-01  -3.131372E-03
          3040      G      2.288707E-03   7.983185E-05  -1.262109E-02  -7.217062E-01   3.711073E-02  -1.583188E-03
          3041      G      2.187522E-03   2.995969E-04   1.747429E-03  -1.697475E-01  -7.162903E-02  -1.358151E+00
          3042      G      2.085401E-03  -1.001617E-04   2.209534E-03   4.482133E-02   5.856913E-02  -4.848158E-01
          3043      G      2.309566E-03  -6.647205E-05  -1.745877E-03  -1.220768E-01   7.177408E-01  -2.482182E-03
          3044      G      2.299634E-03   1.151279E-04   1.207512E-02   2.538119E-01   1.149799E-01   6.655046E-01
          4000      G     -2.341326E-02  -1.204542E-06   1.171309E-05  -8.741371E-04  -8.141661E-01  -9.028913E+00
          4001      G     -2.452367E-02  -6.749847E-03  -1.719052E-02   3.174815E+00  -9.537999E-01  -7.550583E+00
          4002      G     -2.423147E-02  -4.462147E-03  -9.540937E-03   1.313018E+00  -9.301662E-01  -8.082832E+00
          4003      G     -2.816943E-02  -7.762945E-07  -5.076299E-06   1.269463E-03   3.454384E+01   7.584930E-02
          4004      G     -2.546671E-02   1.131590E-04  -8.685323E-01   2.837235E+01   2.346103E+01   1.450744E-02
          4005      G     -2.515518E-02  -6.239647E-04  -1.320735E+00   5.350725E+01   4.220116E+00  -8.590343E-03
          4006      G     -1.136077E-02  -1.043506E-06  -3.071173E-05  -1.010716E-03   1.020580E+00   5.026602E-05
          4007      G     -2.119722E-02   8.253861E-07  -1.384940E+00  -8.517478E-04   8.201256E+01   3.300167E-05
          4008      G     -2.701047E-02   2.022685E-06  -2.463127E+00  -1.048339E-03  -4.206376E+00   2.404042E-05
          4009      G     -2.273737E-02  -2.137509E-03  -1.425302E-02   3.810100E+00   2.761499E+00  -2.207098E+01
          4010      G     -1.974979E-02   1.825628E-03  -8.020010E-03   3.906366E-01  -1.207969E+00  -3.394935E+00
          4011      G     -2.627850E-02   9.978844E-04  -7.833270E-01   2.665162E+01  -3.936895E+01  -7.055804E-02
          4012      G     -2.822906E-02  -2.322345E-03  -3.894276E-02  -1.284060E+00  -5.430387E+00   6.850905E+00
          4013      G     -3.159713E-02   3.379396E-06  -1.362401E+00  -1.050626E-04  -7.300068E+01   1.189182E-05
          4014      G     -3.731872E-02   3.552596E-06  -5.381678E-02   3.818863E-04  -7.431115E+00  -5.456259E-03
          4015      G     -2.452340E-02   6.748614E-03   1.721190E-02  -3.176771E+00  -9.537747E-01  -7.554195E+00
          4016      G     -2.423135E-02   4.461526E-03   9.566116E-03  -1.314953E+00  -9.306608E-01  -8.087945E+00
          4017      G     -2.546710E-02  -1.146215E-04   8.685342E-01  -2.837071E+01   2.346150E+01   1.449512E-02
          4018      G     -2.515597E-02   6.235952E-04   1.320762E+00  -5.350622E+01   4.221469E+00  -8.608256E-03
          4019      G     -2.119715E-02  -2.079464E-06   1.384907E+00  -6.130828E-04   8.201459E+01   2.834779E-05
          4020      G     -2.701014E-02  -3.307699E-06   2.463125E+00  -6.235194E-04  -4.206655E+00   2.220043E-05
          4021      G     -2.273829E-02   2.138649E-03   1.429619E-02  -3.814670E+00   2.761429E+00  -2.208451E+01
          4022      G     -1.975245E-02  -1.822099E-03   8.039112E-03  -3.949447E-01  -1.209236E+00  -3.395834E+00
          4023      G     -2.627945E-02  -9.973231E-04   7.834006E-01  -2.664997E+01  -3.936803E+01  -7.054991E-02
          4024      G     -2.822950E-02   2.321925E-03   3.900753E-02   1.284302E+00  -5.431609E+00   6.864423E+00
          4025      G     -3.159680E-02  -3.816601E-06   1.362418E+00  -4.582373E-04  -7.299966E+01   1.515370E-05
          4026      G     -3.731853E-02  -4.304993E-06   5.383939E-02  -1.886219E-04  -7.431528E+00   5.320531E-04
          4027      G     -2.340958E-02  -1.318018E-06  -8.864406E-06  -9.239508E-04  -8.136564E-01   9.027171E+00
          4028      G     -2.451992E-02   6.751245E-03  -1.722403E-02  -3.177150E+00  -9.533880E-01   7.549162E+00
          4029      G     -2.422828E-02   4.466321E-03  -9.576755E-03  -1.315182E+00  -9.306741E-01   8.083649E+00
          4030      G     -2.816837E-02  -9.181744E-07  -2.769364E-05   1.117003E-04   3.454462E+01  -7.577335E-02
          4031      G     -2.546600E-02  -1.120204E-04  -8.685684E-01  -2.837067E+01   2.346095E+01  -1.442408E-02
          4032      G     -2.515508E-02   6.287233E-04  -1.320777E+00  -5.350548E+01   4.220938E+00   8.674764E-03
          4033      G     -2.273583E-02   2.145887E-03  -1.430139E-02  -3.814103E+00   2.761476E+00   2.208254E+01
          4034      G     -1.975090E-02  -1.811196E-03  -8.044222E-03  -3.942261E-01  -1.208623E+00   3.397395E+00
          4035      G     -2.627898E-02  -9.899153E-04  -7.834039E-01  -2.664965E+01  -3.936807E+01   7.060099E-02
          4036      G     -2.822902E-02   2.330583E-03  -3.901281E-02   1.284689E+00  -5.431145E+00  -6.860131E+00
          4037      G     -2.452033E-02  -6.752944E-03   1.721201E-02   3.175313E+00  -9.533655E-01   7.547601E+00
1                                                       **STUDENT EDITION*    APRIL  18, 2026  MSC Nastran  3/ 3/26   PAGE    81
     DEFAULT                                                                                                                        
0                                                                                                            SUBCASE 1              
      EIGENVALUE =  6.202445E+06
          CYCLES =  3.963707E+02         R E A L   E I G E N V E C T O R   N O .          7
 
      POINT ID.   TYPE          T1             T2             T3             R1             R2             R3
          4038      G     -2.422900E-02  -4.468193E-03   9.562456E-03   1.313791E+00  -9.306065E-01   8.080610E+00
          4039      G     -2.546591E-02   1.100545E-04   8.685256E-01   2.837113E+01   2.346172E+01  -1.443283E-02
          4040      G     -2.515488E-02  -6.299370E-04   1.320756E+00   5.350666E+01   4.221550E+00   8.655002E-03
          4041      G     -2.273664E-02  -2.146420E-03   1.429220E-02   3.812878E+00   2.761473E+00   2.207724E+01
          4042      G     -1.975140E-02   1.812517E-03   8.033982E-03   3.937659E-01  -1.208159E+00   3.393370E+00
          4043      G     -2.627853E-02   9.893496E-04   7.833928E-01   2.665058E+01  -3.936806E+01   7.058184E-02
          4044      G     -2.822858E-02  -2.330533E-03   3.900469E-02  -1.284268E+00  -5.430863E+00  -6.861459E+00
1                                                       **STUDENT EDITION*    APRIL  18, 2026  MSC Nastran  3/ 3/26   PAGE    82
     DEFAULT                                                                                                                        
0                                                                                                            SUBCASE 1              
      EIGENVALUE =  6.767433E+06
          CYCLES =  4.140303E+02         R E A L   E I G E N V E C T O R   N O .          8
 
      POINT ID.   TYPE          T1             T2             T3             R1             R2             R3
             1      G      0.0            0.0            0.0            0.0            0.0            0.0
             2      G      0.0            0.0            0.0            0.0            0.0            0.0
             3      G      0.0            0.0            0.0            0.0            0.0            0.0
             4      G      0.0            0.0            0.0            0.0            0.0            0.0
             5      G      0.0            0.0            0.0            0.0            0.0            0.0
             6      G      0.0            0.0            0.0            0.0            0.0            0.0
             7      G      0.0            0.0            0.0            0.0            0.0            0.0
             8      G      0.0            0.0            0.0            0.0            0.0            0.0
            10      G      2.263247E-04   1.710009E-04  -5.256721E-04  -1.316751E-03   2.882695E-04   2.354511E-02
            11      G      2.264837E-04  -1.712011E-04  -5.256924E-04   1.317200E-03   2.881235E-04  -2.361585E-02
            12      G     -2.092992E-04  -3.007696E-05  -4.739240E-04  -8.780687E-04  -2.649245E-04  -3.412339E-02
            13      G     -2.094670E-04   2.914094E-05  -4.739578E-04   8.821334E-04  -2.655396E-04   3.422528E-02
            14      G     -2.086783E-04   3.032065E-05   4.763564E-04   8.745016E-04  -2.617425E-04  -3.374039E-02
            15      G     -2.084358E-04  -2.949657E-05   4.760323E-04  -8.815713E-04  -2.616241E-04   3.398695E-02
            16      G      2.253656E-04  -1.665889E-04   5.277636E-04   1.311249E-03   2.818147E-04   2.467238E-02
            17      G      2.262951E-04   1.670321E-04   5.299126E-04  -1.325111E-03   2.873356E-04  -2.440302E-02
           100      G     -9.422160E-03  -3.937370E-03   1.323897E+00  -4.307986E+01  -1.802360E+00  -1.721058E-01
           101      G     -1.388163E-02  -1.338608E-06   2.487222E+00  -2.253018E-04   3.546803E+00   1.021136E-04
           102      G     -9.819814E-03   3.325855E-03   7.510466E-01  -2.338334E+01  -2.401780E+01   6.290685E-02
           103      G      1.716215E-02   4.468543E-09   1.325165E+00  -2.157151E-04  -5.258517E+01  -5.608165E-05
           104      G     -4.567153E-03   9.661693E-07  -2.052484E-05   9.852104E-04  -1.562289E+01   2.433028E-01
           105      G      1.080912E-02   8.893644E-08  -4.113426E-05  -2.392075E-05  -1.963274E+00  -2.478123E-06
           106      G      4.646629E-05   6.092880E-04   4.875613E-04  -8.815713E-04  -2.616241E-04   3.398695E-02
           107      G      4.646629E-05  -2.977386E-04   4.805792E-04  -8.815713E-04  -2.616241E-04   3.398695E-02
           108      G     -2.688728E-03   1.473983E-06   1.085574E-05   1.314289E-04   1.507385E+00  -1.084209E-01
           109      G      4.327249E-05  -1.599047E-05   5.376959E-04  -1.325111E-03   2.873356E-04  -2.440302E-02
           110      G     -2.392606E-02  -4.095787E-03   2.146200E-02   1.094264E+00   5.251348E+00   7.764091E-01
           111      G      4.327249E-05   6.657688E-04   5.457234E-04  -1.325111E-03   2.873356E-04  -2.440302E-02
           112      G     -1.291753E-02   2.297839E-03   7.340338E-01  -2.270607E+01   3.017052E+01  -2.270620E-01
           113      G     -3.263039E-02  -2.682101E-05   3.335082E-02  -3.055497E-03   7.561206E+00   2.262324E-03
           114      G     -3.865490E-02  -4.543893E-06   1.332271E+00  -5.089215E-04   4.883724E+01  -1.125421E-03
           115      G     -9.419592E-03   3.937640E-03  -1.323911E+00   4.308126E+01  -1.801721E+00  -1.720591E-01
           116      G     -1.387637E-02  -3.099891E-07  -2.487236E+00  -7.895253E-07   3.546658E+00   1.079075E-06
           117      G     -9.817995E-03  -3.325704E-03  -7.510818E-01   2.338491E+01  -2.401728E+01   6.292924E-02
           118      G      1.716408E-02  -9.277956E-08  -1.325216E+00  -1.779628E-05  -5.258359E+01   1.160476E-05
           119      G      4.722262E-05  -6.141232E-04  -4.855646E-04   8.821334E-04  -2.655396E-04   3.422528E-02
           120      G      4.722262E-05   2.992641E-04  -4.784780E-04   8.821334E-04  -2.655396E-04   3.422528E-02
           121      G      4.936489E-05   5.917733E-06  -5.334105E-04   1.317200E-03   2.881235E-04  -2.361585E-02
           122      G     -2.391483E-02   4.078348E-03  -2.147024E-02  -1.091798E+00   5.250647E+00   7.751097E-01
           123      G      4.936489E-05  -6.538500E-04  -5.414599E-04   1.317200E-03   2.881235E-04  -2.361585E-02
           124      G     -1.291341E-02  -2.305727E-03  -7.340321E-01   2.270722E+01   3.016995E+01  -2.268912E-01
           125      G     -3.262290E-02  -1.528692E-07  -3.330297E-02   5.649716E-05   7.560615E+00  -3.088207E-05
           126      G     -3.864670E-02  -2.620368E-07  -1.332249E+00   4.990475E-05   4.883757E+01   4.191001E-06
           127      G     -9.427498E-03   3.935572E-03   1.323912E+00   4.307955E+01  -1.801743E+00   1.719556E-01
           128      G     -9.823600E-03  -3.325507E-03   7.510603E-01   2.338325E+01  -2.401839E+01  -6.293437E-02
           129      G     -4.569305E-03  -1.127922E-06  -1.459285E-05  -1.055842E-03  -1.562291E+01  -2.433296E-01
           130      G      4.437465E-05  -6.038299E-04   4.878346E-04   8.745016E-04  -2.617425E-04  -3.374039E-02
           131      G      4.437465E-05   2.966168E-04   4.808493E-04   8.745016E-04  -2.617425E-04  -3.374039E-02
           132      G     -2.690067E-03  -2.121269E-06   1.229084E-05  -2.134542E-04   1.507408E+00   1.084337E-01
           133      G      4.032276E-05   1.845400E-05   5.354844E-04   1.311249E-03   2.818147E-04   2.467238E-02
1                                                       **STUDENT EDITION*    APRIL  18, 2026  MSC Nastran  3/ 3/26   PAGE    83
     DEFAULT                                                                                                                        
0                                                                                                            SUBCASE 1              
      EIGENVALUE =  6.767433E+06
          CYCLES =  4.140303E+02         R E A L   E I G E N V E C T O R   N O .          8
 
      POINT ID.   TYPE          T1             T2             T3             R1             R2             R3
           134      G     -2.393076E-02   4.085394E-03   2.154057E-02  -1.090312E+00   5.251470E+00  -7.774159E-01
           135      G      4.032276E-05  -6.708306E-04   5.433576E-04   1.311249E-03   2.818147E-04   2.467238E-02
           136      G     -1.292532E-02  -2.308401E-03   7.340674E-01   2.270677E+01   3.016808E+01   2.269679E-01
           137      G     -9.420233E-03  -3.938552E-03  -1.323908E+00  -4.308112E+01  -1.801785E+00   1.720251E-01
           138      G     -9.819402E-03   3.325007E-03  -7.510773E-01  -2.338489E+01  -2.401733E+01  -6.292569E-02
           139      G      4.662620E-05   6.112720E-04  -4.854888E-04  -8.780687E-04  -2.649245E-04  -3.412339E-02
           140      G      4.662620E-05  -2.993959E-04  -4.784186E-04  -8.780687E-04  -2.649245E-04  -3.412339E-02
           141      G      4.973643E-05  -5.587454E-06  -5.333857E-04  -1.316751E-03   2.882695E-04   2.354511E-02
           142      G     -2.391479E-02  -4.078734E-03  -2.146983E-02   1.091786E+00   5.250686E+00  -7.752059E-01
           143      G      4.973643E-05   6.522040E-04  -5.414392E-04  -1.316751E-03   2.882695E-04   2.354511E-02
           144      G     -1.291354E-02   2.304954E-03  -7.340312E-01  -2.270718E+01   3.016988E+01   2.268887E-01
           200      G      5.232356E-05   2.575053E-05   5.376959E-04  -1.325111E-03   2.873356E-04  -2.440302E-02
           201      G      5.232356E-05   7.075098E-04   5.457234E-04  -1.325111E-03   2.873356E-04  -2.440302E-02
           202      G      3.822513E-05   6.370575E-04   4.875613E-04  -8.815713E-04  -2.616241E-04   3.398695E-02
           203      G      3.822513E-05  -2.699691E-04   4.805792E-04  -8.815713E-04  -2.616241E-04   3.398695E-02
           204      G     -6.568464E-05   2.768776E-05   1.131770E-05   3.290176E-03   1.919105E-01  -5.943608E-02
           205      G     -4.061480E-03   6.265560E-04   1.771333E-02  -8.673542E-02   1.130844E+00  -1.153094E-01
           206      G     -4.652514E-03  -7.726446E-06   2.512323E-02  -1.323799E-02   1.566100E+00   1.431225E-02
           207      G      5.844078E-05  -3.557407E-05  -5.334105E-04   1.317200E-03   2.881235E-04  -2.361585E-02
           208      G      5.844078E-05  -6.953418E-04  -5.414599E-04   1.317200E-03   2.881235E-04  -2.361585E-02
           209      G      3.885812E-05  -6.419104E-04  -4.855646E-04   8.821334E-04  -2.655396E-04   3.422528E-02
           210      G      3.885812E-05   2.714769E-04  -4.784780E-04   8.821334E-04  -2.655396E-04   3.422528E-02
           211      G     -3.680484E-03  -8.250715E-04  -1.772002E-02  -4.530807E-02   1.081029E+00  -1.251251E-01
           212      G     -4.768015E-03  -3.165755E-07  -2.499811E-02  -4.733397E-04   1.520397E+00  -1.311577E-04
           213      G      4.919993E-05  -2.285036E-05   5.354844E-04   1.311249E-03   2.818147E-04   2.467238E-02
           214      G      4.919993E-05  -7.121350E-04   5.433576E-04   1.311249E-03   2.818147E-04   2.467238E-02
           215      G      3.612976E-05  -6.313767E-04   4.878346E-04   8.745016E-04  -2.617425E-04  -3.374039E-02
           216      G      3.612976E-05   2.690699E-04   4.808493E-04   8.745016E-04  -2.617425E-04  -3.374039E-02
           217      G     -6.600755E-05  -3.076681E-05   1.275516E-05  -3.979423E-03   1.926226E-01   5.927015E-02
           218      G     -4.114237E-03  -7.098357E-04   1.782068E-02  -4.247404E-02   1.144086E+00   1.058343E-01
           219      G      5.881692E-05   3.589021E-05  -5.333857E-04  -1.316751E-03   2.882695E-04   2.354511E-02
           220      G      5.881692E-05   6.936817E-04  -5.414392E-04  -1.316751E-03   2.882695E-04   2.354511E-02
           221      G      3.828108E-05   6.389312E-04  -4.854888E-04  -8.780687E-04  -2.649245E-04  -3.412339E-02
           222      G      3.828108E-05  -2.717367E-04  -4.784186E-04  -8.780687E-04  -2.649245E-04  -3.412339E-02
           223      G     -3.678745E-03   8.245445E-04  -1.772050E-02   4.465084E-02   1.082860E+00   1.248276E-01
           224      G     -6.269837E-04  -1.040455E-03   3.543799E-01  -1.147274E+01  -5.510086E-01  -1.278219E-02
           225      G     -1.003485E-03  -5.342462E-06   6.614588E-01  -2.831308E-03   6.435141E-01   3.768561E-04
           226      G     -7.658264E-04   8.097648E-04   2.037516E-01  -6.295844E+00  -6.345867E+00   2.908796E-02
           227      G      6.655959E-03  -3.243239E-06   3.573141E-01  -2.296100E-03  -1.368886E+01  -1.043273E-04
           228      G      4.099245E-04  -2.639545E-05   5.917612E-03  -1.557290E-01  -4.262956E+00   9.472388E-02
           229      G      4.993009E-03  -1.767715E-06   1.012132E-02  -1.890444E-04  -8.092568E-01  -3.313348E-05
           230      G     -1.447878E-03   6.294201E-04   2.014463E-01  -6.208823E+00   7.819305E+00  -2.579127E-02
           231      G     -6.929241E-03  -1.714039E-05   3.616169E-01  -1.117609E-02   1.270342E+01  -3.137735E-03
           232      G     -3.907651E-04   1.178301E-03  -3.534828E-01   1.153300E+01  -5.549704E-01  -8.080103E-03
           233      G     -6.285028E-04  -9.811598E-07  -6.629426E-01   7.801733E-04   5.521510E-01  -1.468039E-05
           234      G     -6.704197E-04  -7.533558E-04  -1.970837E-01   6.149664E+00  -6.611802E+00   2.908599E-02
           235      G      6.962522E-03  -1.361474E-06  -3.470696E-01   2.107320E-04  -1.412667E+01   1.530211E-05
           236      G     -1.468577E-03  -6.975797E-04  -2.011834E-01   6.199182E+00   8.156248E+00  -1.324466E-02
           237      G     -5.287588E-03  -3.408666E-07  -3.631959E-01   6.185077E-04   1.389578E+01  -1.608301E-05
           238      G     -6.449350E-04   1.024556E-03   3.544192E-01   1.143362E+01  -5.516390E-01   1.247845E-02
1                                                       **STUDENT EDITION*    APRIL  18, 2026  MSC Nastran  3/ 3/26   PAGE    84
     DEFAULT                                                                                                                        
0                                                                                                            SUBCASE 1              
      EIGENVALUE =  6.767433E+06
          CYCLES =  4.140303E+02         R E A L   E I G E N V E C T O R   N O .          8
 
      POINT ID.   TYPE          T1             T2             T3             R1             R2             R3
           239      G     -7.768650E-04  -8.132854E-04   2.037806E-01   6.274166E+00  -6.346660E+00  -2.919169E-02
           240      G      4.035147E-04   2.026494E-05   5.913783E-03   1.462180E-01  -4.263643E+00  -9.467704E-02
           241      G     -1.476539E-03  -6.396245E-04   2.016111E-01   6.135454E+00   7.811569E+00   2.517010E-02
           242      G     -3.922805E-04  -1.180919E-03  -3.535044E-01  -1.153626E+01  -5.553750E-01   8.050772E-03
           243      G     -6.737810E-04   7.505682E-04  -1.970960E-01  -6.155609E+00  -6.611808E+00  -2.912226E-02
           244      G     -1.468446E-03   6.964199E-04  -2.012076E-01  -6.201411E+00   8.156315E+00   1.322814E-02
           300      G     -4.928913E-04   1.279270E-04   6.618765E-04   1.175514E-02  -1.191553E-02   1.445160E-02
           301      G     -5.487575E-04   1.275790E-04   2.762323E-04   1.958287E-02  -1.587777E-02   5.954633E-04
           302      G     -5.652573E-04   7.128128E-06   6.517340E-06  -1.235661E-03  -2.018602E-02   1.712840E-03
           303      G     -7.460545E-04   1.155257E-03   3.573228E-03  -8.634949E-02  -8.391847E-02  -2.516859E-02
           304      G     -4.798298E-04   5.069631E-04   1.364144E-03  -7.919807E-03  -3.630255E-02   3.853916E-02
           305      G      3.788474E-04   1.130270E-03   1.496742E-02  -2.471178E-01  -8.493015E-02  -7.447477E-02
           306      G      6.773615E-04   8.148628E-05   2.034701E-02  -1.615665E-02  -1.371229E-01   3.874497E-02
           307      G     -4.803428E-04  -1.327080E-04  -6.590551E-04  -1.845929E-02  -1.162219E-02   1.845293E-02
           308      G     -5.458156E-04  -1.296226E-04  -2.660834E-04  -2.530129E-02  -1.990259E-02   1.595679E-03
           309      G     -8.108930E-04  -1.335620E-03  -3.576148E-03   5.858452E-02  -7.870602E-02  -3.332197E-02
           310      G     -4.863330E-04  -5.412588E-04  -1.360977E-03  -6.435404E-03  -3.035473E-02   4.387357E-02
           311      G      4.444897E-04  -1.227212E-03  -1.495811E-02   2.417492E-01  -9.337114E-02  -8.197495E-02
           312      G      7.023715E-04   6.556992E-07  -2.023148E-02  -3.368377E-05  -1.408677E-01  -3.003143E-05
           313      G     -4.740797E-04  -1.245568E-04   6.618808E-04  -2.040497E-02  -1.137099E-02  -1.795227E-02
           314      G     -5.416054E-04  -1.358396E-04   2.754764E-04  -2.793480E-02  -1.852992E-02  -1.414352E-03
           315      G     -5.654832E-04  -2.443489E-06   6.423147E-06  -2.912860E-03  -2.284450E-02  -2.128562E-03
           316      G     -8.010382E-04  -1.286742E-03   3.582707E-03   5.868664E-02  -7.694790E-02   3.334248E-02
           317      G     -4.780565E-04  -5.117781E-04   1.367070E-03  -5.781498E-03  -3.067252E-02  -4.343714E-02
           318      G      4.583373E-04  -1.176497E-03   1.502175E-02   2.489042E-01  -9.251803E-02   8.644497E-02
           319      G     -4.790587E-04   1.357859E-04  -6.596967E-04   1.655293E-02  -1.166932E-02  -1.852852E-02
           320      G     -5.449801E-04   1.333518E-04  -2.663961E-04   2.206640E-02  -1.910297E-02  -1.542953E-03
           321      G     -8.085974E-04   1.338747E-03  -3.575878E-03  -5.948346E-02  -7.785255E-02   3.331659E-02
           322      G     -4.846173E-04   5.441604E-04  -1.361005E-03   4.315238E-03  -3.023473E-02  -4.393727E-02
           323      G      4.474621E-04   1.228981E-03  -1.495805E-02  -2.419943E-01  -9.229173E-02   8.188887E-02
           324      G      1.990335E-04   1.467795E-04  -1.693351E-02   4.636835E-01  -1.216782E-01   1.305798E-02
           325      G      5.826248E-04  -5.626475E-06  -2.432239E-02  -5.159002E-03  -1.049482E-01   6.804926E-04
           326      G      1.897143E-04   1.268775E-05  -1.249139E-02   3.021447E-01   3.451986E-01   5.762604E-03
           327      G      2.050010E-04  -5.094264E-06  -1.565433E-02  -9.769722E-03   5.292251E-01  -2.028058E-04
           328      G      1.355709E-04   7.982083E-07  -3.825672E-04  -9.181060E-04   2.958821E-01   1.315499E-02
           329      G      2.977725E-04  -2.557150E-06  -1.069363E-04  -3.078066E-03  -2.280832E-02   1.030649E-04
           330      G      2.125827E-04   2.789858E-04  -1.408447E-03   8.120093E-02  -7.681367E-01   1.734908E-02
           331      G      9.862044E-04  -1.982062E-05  -2.611169E-03   4.672714E-03  -9.130636E-01  -6.422999E-03
           332      G      2.250207E-04  -1.554066E-04   1.660588E-02  -4.743504E-01  -1.077319E-01   1.235743E-02
           333      G      6.031722E-04   5.158170E-07   2.453624E-02  -1.129582E-03  -1.075027E-01   5.455663E-05
           334      G      2.046618E-04  -1.294973E-05   1.181746E-02  -3.027555E-01   3.504839E-01   5.879330E-03
           335      G      2.115369E-04  -8.867289E-07   1.563945E-02  -4.983620E-03   5.382203E-01  -6.595250E-05
           336      G      2.636902E-04  -2.968162E-04   1.432939E-03  -9.797066E-02  -7.579186E-01   1.834954E-02
           337      G      1.015745E-03   1.046999E-06   2.819000E-03  -7.962753E-05  -9.173521E-01   1.924347E-05
           338      G      2.235797E-04  -1.560742E-04  -1.671191E-02  -4.694158E-01  -1.051214E-01  -1.220572E-02
           339      G      2.044530E-04  -1.883792E-05  -1.208067E-02  -2.997189E-01   3.416570E-01  -5.788370E-03
           340      G      1.448024E-04  -2.890591E-06  -3.660487E-05  -2.420709E-03   2.948727E-01  -1.314141E-02
           341      G      2.718168E-04  -2.729048E-04  -1.507926E-03  -9.877366E-02  -7.634192E-01  -1.766923E-02
           342      G      2.274748E-04   1.574172E-04   1.684318E-02   4.727265E-01  -1.131716E-01  -1.235269E-02
           343      G      2.088626E-04   1.392300E-05   1.217187E-02   3.033922E-01   3.493151E-01  -5.912895E-03
1                                                       **STUDENT EDITION*    APRIL  18, 2026  MSC Nastran  3/ 3/26   PAGE    85
     DEFAULT                                                                                                                        
0                                                                                                            SUBCASE 1              
      EIGENVALUE =  6.767433E+06
          CYCLES =  4.140303E+02         R E A L   E I G E N V E C T O R   N O .          8
 
      POINT ID.   TYPE          T1             T2             T3             R1             R2             R3
           344      G      2.660373E-04   2.991454E-04   1.522570E-03   9.703544E-02  -7.637559E-01  -1.833738E-02
           400      G     -1.795986E-03   3.704483E-04   7.283560E-04   7.334521E-02  -8.273765E-02   1.503220E-02
           401      G     -1.808706E-03   1.020910E-03   1.538705E-04   1.792587E-01  -7.139941E-02   1.033596E-03
           402      G     -1.722607E-03   4.055971E-07   5.035346E-06   1.702035E-04  -6.728341E-02   4.556905E-02
           403      G     -2.324302E-03   1.150109E-03   4.983483E-03  -2.666552E-03  -1.908721E-01  -4.301400E-02
           404      G     -1.911039E-03   6.825375E-04   2.083907E-03   2.125020E-01   8.461510E-02   4.025042E-03
           405      G     -3.730494E-04   1.077956E-03   1.363301E-02  -2.545897E-01  -4.168744E-01  -5.428851E-02
           406      G      1.479525E-04  -2.259238E-06   1.780369E-02   5.838681E-04  -5.496679E-01   2.907939E-03
           407      G     -1.799902E-03  -3.722080E-04  -7.294323E-04  -7.327228E-02  -8.321051E-02   1.541062E-02
           408      G     -1.809719E-03  -1.019411E-03  -1.449726E-04  -1.787601E-01  -7.162841E-02   1.375639E-03
           409      G     -2.332206E-03  -1.166407E-03  -4.994217E-03   3.355194E-03  -1.917277E-01  -4.440898E-02
           410      G     -1.918809E-03  -6.882152E-04  -2.093812E-03  -2.124155E-01   8.472942E-02   3.554657E-03
           411      G     -3.698121E-04  -1.088921E-03  -1.358350E-02   2.523532E-01  -4.175694E-01  -5.736818E-02
           412      G      1.491251E-04   1.330082E-06  -1.770130E-02  -1.478115E-05  -5.497121E-01  -1.775660E-05
           413      G     -1.797808E-03  -3.723776E-04   7.352373E-04  -7.279188E-02  -8.323364E-02  -1.525844E-02
           414      G     -1.808768E-03  -1.021491E-03   1.522025E-04  -1.787902E-01  -7.153278E-02  -1.320295E-03
           415      G     -1.722730E-03  -8.615581E-07   5.838566E-06  -9.905510E-06  -6.720830E-02  -4.563831E-02
           416      G     -2.327931E-03  -1.152813E-03   5.004046E-03   4.751733E-03  -1.918795E-01   4.452687E-02
           417      G     -1.915458E-03  -6.829249E-04   2.099436E-03  -2.114911E-01   8.459289E-02  -3.360121E-03
           418      G     -3.702592E-04  -1.077699E-03   1.364514E-02   2.534219E-01  -4.179696E-01   5.801814E-02
           419      G     -1.800362E-03   3.734859E-04  -7.289562E-04   7.321665E-02  -8.324767E-02  -1.541293E-02
           420      G     -1.810295E-03   1.019979E-03  -1.450969E-04   1.788484E-01  -7.172111E-02  -1.354172E-03
           421      G     -2.332466E-03   1.169306E-03  -4.993973E-03  -3.176063E-03  -1.918890E-01   4.440022E-02
           422      G     -1.919093E-03   6.904727E-04  -2.093632E-03   2.125762E-01   8.470149E-02  -3.573804E-03
           423      G     -3.701968E-04   1.091719E-03  -1.358266E-02  -2.524164E-01  -4.178474E-01   5.734808E-02
           424      G     -1.111733E-03   5.204159E-04  -6.985267E-02   2.348538E+00   2.323955E-03   1.099252E-02
           425      G     -6.262289E-04  -6.730673E-07  -1.323420E-01   3.192837E-04  -3.698668E-01   8.993339E-05
           426      G     -9.463993E-04  -9.971580E-06  -4.088550E-02   1.195283E+00   1.192540E+00   1.582130E-03
           427      G     -2.372305E-03  -3.300815E-07  -7.056261E-02   8.724532E-05   2.806288E+00  -4.208506E-05
           428      G     -1.095052E-03   7.129418E-07  -2.878545E-05   1.134884E-03   8.904323E-01  -1.898572E-02
           429      G     -2.043470E-03  -1.529436E-08  -5.798539E-05   1.181546E-04  -5.209755E-02  -6.668172E-06
           430      G     -9.633557E-04   2.185459E-04  -3.223229E-02   1.009598E+00  -1.894943E+00   2.019005E-02
           431      G      6.959210E-04  -1.293167E-06  -6.033454E-02   1.312650E-03  -2.978548E+00  -7.296492E-04
           432      G     -1.110421E-03  -5.206115E-04   6.985964E-02  -2.348471E+00   3.346224E-03   1.102234E-02
           433      G     -6.248791E-04   6.365108E-07   1.323501E-01  -3.388216E-05  -3.698834E-01  -1.177098E-05
           434      G     -9.458443E-04   1.060953E-05   4.085453E-02  -1.194090E+00   1.193598E+00   1.602916E-03
           435      G     -2.372358E-03   3.116423E-07   7.050692E-02   6.161425E-05   2.808825E+00  -1.757769E-05
           436      G     -9.606744E-04  -2.223660E-04   3.227162E-02  -1.011079E+00  -1.894440E+00   2.034249E-02
           437      G      6.977672E-04   1.017682E-06   6.039146E-02  -4.125696E-05  -2.977151E+00  -1.077510E-05
           438      G     -1.112034E-03  -5.213929E-04  -6.985505E-02  -2.348454E+00   2.971062E-03  -1.102083E-02
           439      G     -9.469332E-04   9.330053E-06  -4.088516E-02  -1.195009E+00   1.192211E+00  -1.589916E-03
           440      G     -1.095409E-03  -8.975908E-07  -3.095733E-05  -9.952535E-04   8.904736E-01   1.900325E-02
           441      G     -9.624559E-04  -2.206151E-04  -3.224242E-02  -1.010862E+00  -1.895330E+00  -2.020477E-02
           442      G     -1.110602E-03   5.220050E-04   6.985904E-02   2.348620E+00   3.369858E-03  -1.102512E-02
           443      G     -9.459995E-04  -1.011184E-05   4.085276E-02   1.194201E+00   1.193607E+00  -1.621056E-03
           444      G     -9.609338E-04   2.244468E-04   3.227337E-02   1.011088E+00  -1.894320E+00  -2.035672E-02
           445      G     -4.157006E-03   3.090065E-03   5.320597E-03  -1.382323E-01  -7.839871E-02  -7.838042E-02
           446      G     -3.805009E-03   1.024095E-03   2.568932E-03  -1.235285E-01  -9.348928E-02   2.187097E-02
           447      G     -3.394472E-03   3.191340E-04   9.191136E-04  -6.065193E-02  -3.116337E-02   2.850244E-02
           448      G     -3.079872E-03   4.861921E-05   2.770013E-04  -5.906033E-02  -8.425689E-03   3.740790E-02
1                                                       **STUDENT EDITION*    APRIL  18, 2026  MSC Nastran  3/ 3/26   PAGE    86
     DEFAULT                                                                                                                        
0                                                                                                            SUBCASE 1              
      EIGENVALUE =  6.767433E+06
          CYCLES =  4.140303E+02         R E A L   E I G E N V E C T O R   N O .          8
 
      POINT ID.   TYPE          T1             T2             T3             R1             R2             R3
           449      G     -2.995969E-03   3.073890E-06   4.777808E-06   1.814327E-04   1.685599E-03   2.917544E-02
           450      G     -2.795779E-03   2.298626E-03   1.326878E-02  -1.831287E-01  -2.065661E-01  -1.218162E-01
           451      G     -2.517106E-03   2.557145E-06   1.694390E-02  -2.693522E-04  -2.894845E-01   1.584846E-04
           452      G     -4.160893E-03  -3.074039E-03  -5.329519E-03   1.365842E-01  -7.822673E-02  -7.844640E-02
           453      G     -3.809566E-03  -1.014768E-03  -2.577815E-03   1.228763E-01  -9.376150E-02   2.163344E-02
           454      G     -3.399166E-03  -3.123409E-04  -9.208265E-04   6.063532E-02  -3.148767E-02   2.820809E-02
           455      G     -3.082743E-03  -4.263592E-05  -2.712702E-04   5.929130E-02  -8.716966E-03   3.726659E-02
           456      G     -2.799027E-03  -2.283630E-03  -1.321728E-02   1.816688E-01  -2.066479E-01  -1.213340E-01
           457      G     -2.519685E-03   1.968394E-06  -1.684859E-02  -1.559502E-05  -2.884934E-01  -1.533859E-05
           458      G     -4.163916E-03  -3.086325E-03   5.340526E-03   1.373368E-01  -7.841804E-02   7.868818E-02
           459      G     -3.811237E-03  -1.018765E-03   2.584008E-03   1.231093E-01  -9.383265E-02  -2.185470E-02
           460      G     -3.400414E-03  -3.132695E-04   9.260980E-04   6.053572E-02  -3.141736E-02  -2.835783E-02
           461      G     -3.084018E-03  -4.235805E-05   2.787364E-04   5.883334E-02  -8.556565E-03  -3.742339E-02
           462      G     -2.998398E-03   3.246056E-06   4.439650E-06  -4.562014E-04   1.672519E-03  -2.927772E-02
           463      G     -2.798480E-03  -2.294799E-03   1.328125E-02   1.831240E-01  -2.066582E-01   1.222147E-01
           464      G     -4.161634E-03   3.077639E-03  -5.329203E-03  -1.366574E-01  -7.820926E-02   7.841734E-02
           465      G     -3.810484E-03   1.019411E-03  -2.577506E-03  -1.229966E-01  -9.376145E-02  -2.162617E-02
           466      G     -3.400320E-03   3.177186E-04  -9.205275E-04  -6.076578E-02  -3.148948E-02  -2.822641E-02
           467      G     -3.084399E-03   4.857900E-05  -2.710062E-04  -5.948444E-02  -8.694665E-03  -3.729985E-02
           468      G     -2.799863E-03   2.287379E-03  -1.321671E-02  -1.816487E-01  -2.066326E-01   1.212939E-01
           469      G     -3.213481E-03   2.257694E-03   9.075049E-03  -2.005734E-01  -1.375884E-01   8.262038E-02
           470      G     -3.096209E-03   1.030132E-03   7.351235E-03  -2.970216E-01  -6.329003E-02   2.654760E-02
           471      G     -2.982368E-03   2.292537E-04   5.567611E-03  -2.717281E-01  -6.725206E-02   1.791943E-02
           472      G     -2.916880E-03   3.599824E-05   3.397309E-03  -1.761549E-01  -9.027787E-02   3.586462E-03
           473      G     -2.892224E-03   3.066916E-06  -1.732882E-05   1.281950E-03  -1.206974E-01   5.104931E-03
           474      G     -2.595024E-03   6.407394E-04   1.287136E-02  -1.800684E-01   2.862012E-02   4.359997E-02
           475      G     -2.582257E-03   2.083244E-04   1.253930E-02  -3.015453E-01  -8.222426E-02   1.112441E-02
           476      G     -2.633705E-03   2.357355E-05   7.998063E-03  -1.935380E-01  -2.360934E-01   9.140247E-03
           477      G     -2.653851E-03   3.073300E-06  -5.459752E-05   1.604324E-03  -2.945288E-01   9.676719E-03
           478      G     -2.591040E-03   9.228761E-04   1.611966E-02  -9.501004E-02  -2.321315E-01   3.215965E-02
           479      G     -2.264016E-03   4.381533E-04   1.669169E-02  -1.644752E-01   9.178344E-02   6.920496E-03
           480      G     -2.337153E-03   9.321846E-05   1.765131E-02  -1.601376E-01  -8.418945E-02   8.594824E-03
           481      G     -2.424137E-03   2.104156E-05   1.160642E-02  -1.253844E-01  -3.336286E-01   4.287352E-03
           482      G     -2.210338E-03   2.796493E-06   1.799954E-02  -1.760959E-04   1.153791E-01  -4.190445E-05
           483      G     -2.232091E-03   3.065574E-06   1.931030E-02  -2.664128E-06  -7.957361E-02  -1.208190E-05
           484      G     -2.360415E-03   3.266393E-06   1.296804E-02   7.224574E-05  -3.546856E-01  -1.314643E-05
           485      G     -2.471008E-03   3.126421E-06  -8.724378E-05   1.169351E-03  -4.450063E-01   4.157154E-03
           486      G     -2.405119E-03   3.251517E-06  -1.025715E-04   1.200785E-04  -5.111563E-01  -9.285834E-06
           487      G     -3.217238E-03  -2.243689E-03  -9.052860E-03   1.993224E-01  -1.374870E-01   8.240839E-02
           488      G     -3.099657E-03  -1.020815E-03  -7.343997E-03   2.959779E-01  -6.272810E-02   2.654116E-02
           489      G     -2.985180E-03  -2.226100E-04  -5.582986E-03   2.725006E-01  -6.674188E-02   1.795402E-02
           490      G     -2.918452E-03  -2.972918E-05  -3.427112E-03   1.782283E-01  -9.001532E-02   3.617618E-03
           491      G     -2.598188E-03  -6.329703E-04  -1.285006E-02   1.796608E-01   3.009747E-02   4.346236E-02
           492      G     -2.584681E-03  -2.017425E-04  -1.257846E-02   3.024326E-01  -8.032647E-02   1.111572E-02
           493      G     -2.634955E-03  -1.737157E-05  -8.087964E-03   1.960930E-01  -2.348423E-01   9.133697E-03
           494      G     -2.593526E-03  -9.137802E-04  -1.604039E-02   9.379002E-02  -2.315834E-01   3.203706E-02
           495      G     -2.267446E-03  -4.311947E-04  -1.666247E-02   1.639905E-01   9.382673E-02   6.916748E-03
           496      G     -2.339453E-03  -8.705693E-05  -1.771006E-02   1.607700E-01  -8.116003E-02   8.588973E-03
           497      G     -2.425302E-03  -1.478720E-05  -1.174704E-02   1.270982E-01  -3.314261E-01   4.281864E-03
           498      G     -2.213183E-03   2.378170E-06  -1.796526E-02   5.918178E-07   1.178586E-01   7.383393E-06
1                                                       **STUDENT EDITION*    APRIL  18, 2026  MSC Nastran  3/ 3/26   PAGE    87
     DEFAULT                                                                                                                        
0                                                                                                            SUBCASE 1              
      EIGENVALUE =  6.767433E+06
          CYCLES =  4.140303E+02         R E A L   E I G E N V E C T O R   N O .          8
 
      POINT ID.   TYPE          T1             T2             T3             R1             R2             R3
           499      G     -2.234290E-03   2.757604E-06  -1.937734E-02   6.059111E-05  -7.622643E-02   3.086118E-06
           500      G     -2.361541E-03   3.070664E-06  -1.313069E-02   1.010192E-04  -3.518180E-01  -1.498202E-06
           501      G     -3.217737E-03  -2.253071E-03   9.086404E-03   2.005519E-01  -1.376286E-01  -8.277556E-02
           502      G     -3.100419E-03  -1.024943E-03   7.361282E-03   2.969648E-01  -6.346650E-02  -2.659648E-02
           503      G     -2.985955E-03  -2.231098E-04   5.571626E-03   2.715406E-01  -6.749827E-02  -1.800604E-02
           504      G     -2.919859E-03  -2.942586E-05   3.394958E-03   1.759612E-01  -9.047121E-02  -3.618060E-03
           505      G     -2.894507E-03   3.425053E-06  -2.257587E-05  -1.466046E-03  -1.207189E-01  -5.099580E-03
           506      G     -2.597396E-03  -6.351429E-04   1.287988E-02   1.798508E-01   2.842736E-02  -4.370878E-02
           507      G     -2.584422E-03  -2.021783E-04   1.254123E-02   3.014687E-01  -8.248336E-02  -1.115543E-02
           508      G     -2.635579E-03  -1.699223E-05   7.993765E-03   1.935019E-01  -2.362681E-01  -9.169330E-03
           509      G     -2.655409E-03   3.450131E-06  -6.167850E-05  -1.630289E-03  -2.945565E-01  -9.700661E-03
           510      G     -2.592218E-03  -9.174685E-04   1.612865E-02   9.470805E-02  -2.321855E-01  -3.226527E-02
           511      G     -2.265057E-03  -4.327521E-04   1.669701E-02   1.643532E-01   9.162526E-02  -6.937553E-03
           512      G     -2.338173E-03  -8.701784E-05   1.765202E-02   1.600630E-01  -8.435171E-02  -8.636412E-03
           513      G     -2.425057E-03  -1.450936E-05   1.160331E-02   1.254919E-01  -3.337381E-01  -4.314266E-03
           514      G     -2.471798E-03   3.389664E-06  -9.220154E-05  -9.998386E-04  -4.450276E-01  -4.173441E-03
           515      G     -3.218181E-03   2.247559E-03  -9.052931E-03  -1.993045E-01  -1.374697E-01  -8.237221E-02
           516      G     -3.100682E-03   1.025450E-03  -7.344861E-03  -2.959783E-01  -6.266973E-02  -2.653072E-02
           517      G     -2.986445E-03   2.280667E-04  -5.585390E-03  -2.726020E-01  -6.667099E-02  -1.793954E-02
           518      G     -2.920108E-03   3.579127E-05  -3.431183E-03  -1.783959E-01  -8.993150E-02  -3.609602E-03
           519      G     -2.599053E-03   6.377042E-04  -1.285093E-02  -1.796786E-01   3.018975E-02  -4.344996E-02
           520      G     -2.585688E-03   2.072337E-04  -1.258198E-02  -3.024364E-01  -8.021243E-02  -1.111463E-02
           521      G     -2.636206E-03   2.350608E-05  -8.093965E-03  -1.961131E-01  -2.347592E-01  -9.137831E-03
           522      G     -2.593980E-03   9.178188E-04  -1.603985E-02  -9.381223E-02  -2.315727E-01  -3.202129E-02
           523      G     -2.267942E-03   4.358986E-04  -1.666302E-02  -1.639554E-01   9.388995E-02  -6.921891E-03
           524      G     -2.340007E-03   9.258246E-05  -1.771254E-02  -1.606970E-01  -8.107928E-02  -8.592094E-03
           525      G     -2.425960E-03   2.092562E-05  -1.175131E-02  -1.269567E-01  -3.313706E-01  -4.291514E-03
          1000      G      1.367301E-02   4.161859E-07   1.031277E-05   1.314441E-04   1.508063E+00   2.139799E+00
          1001      G      1.396721E-02  -3.781414E-04   6.804417E-04  -5.509922E-03   9.970997E-04   6.907051E+00
          1002      G      1.258368E-02   2.300538E-04   6.655106E-04  -9.328164E-04   1.001760E-04   6.219085E+00
          1003      G      1.424748E-02   5.615567E-07  -2.231147E-05   1.303777E-03  -3.220309E+01  -1.395938E-01
          1004      G      1.256941E-02  -2.286165E-03   8.446344E-01  -3.045898E+01  -2.483095E+01  -6.631056E-02
          1005      G      1.330656E-02  -3.061785E-03   1.311281E+00  -5.454546E+01  -3.733542E+00  -9.477945E-04
          1006      G     -2.147155E-03   2.810390E-07  -4.113871E-05  -2.393520E-05  -1.968291E+00  -1.651488E-05
          1007      G      7.815773E-03   2.773450E-07   1.401755E+00  -2.411759E-05  -8.223162E+01  -5.784267E-06
          1008      G      1.488364E-02   4.963224E-07   2.487435E+00  -2.253299E-04   3.548005E+00  -1.235641E-05
          1009      G      9.890364E-03  -4.133085E-03   6.931357E-04  -4.197634E-03  -1.863240E-03   4.920256E+00
          1010      G      5.838011E-03  -5.126691E-03   3.491642E-04  -1.076485E-03   3.151682E-04   2.750962E+00
          1011      G      1.525720E-02  -3.866400E-03   7.665736E-01  -2.900411E+01   3.927801E+01   9.780778E-02
          1012      G      1.838167E-02   3.613439E-05   4.272500E-02   1.094871E+00   5.253366E+00  -7.283631E+00
          1013      G      2.099993E-02  -2.295569E-07   1.388687E+00  -1.610162E-03   7.406095E+01  -2.621037E-05
          1014      G      2.771004E-02  -8.000714E-07   6.397659E-02  -3.055588E-03   7.564289E+00  -2.814029E-03
          1015      G      1.396720E-02   3.796330E-04  -6.783363E-04   5.510778E-03   9.929159E-04   6.906447E+00
          1016      G      1.258372E-02  -2.344359E-04  -6.635143E-04   9.316756E-04   9.623327E-05   6.218501E+00
          1017      G      1.257064E-02   2.286408E-03  -8.446740E-01   3.046071E+01  -2.483017E+01  -6.630291E-02
          1018      G      1.330795E-02   3.063050E-03  -1.311298E+00   5.454662E+01  -3.732899E+00  -8.930975E-04
          1019      G      7.817230E-03  -1.447826E-07  -1.401809E+00  -3.599422E-05  -8.222918E+01   2.991471E-06
          1020      G      1.488762E-02  -3.053297E-07  -2.487449E+00  -7.949331E-07   3.547860E+00   4.021952E-06
          1021      G      9.889049E-03   4.140428E-03  -6.888499E-04   4.192736E-03  -1.861071E-03   4.915585E+00
          1022      G      5.840326E-03   5.113872E-03  -3.448228E-04   1.066303E-03   3.139341E-04   2.748528E+00
1                                                       **STUDENT EDITION*    APRIL  18, 2026  MSC Nastran  3/ 3/26   PAGE    88
     DEFAULT                                                                                                                        
0                                                                                                            SUBCASE 1              
      EIGENVALUE =  6.767433E+06
          CYCLES =  4.140303E+02         R E A L   E I G E N V E C T O R   N O .          8
 
      POINT ID.   TYPE          T1             T2             T3             R1             R2             R3
          1023      G      1.526130E-02   3.863424E-03  -7.665770E-01   2.900557E+01   3.927827E+01   9.786512E-02
          1024      G      1.838700E-02  -3.781552E-05  -4.273045E-02  -1.092405E+00   5.252664E+00  -7.264453E+00
          1025      G      2.100334E-02  -4.950520E-07  -1.388662E+00   5.401072E-05   7.406334E+01   6.577737E-06
          1026      G      2.771266E-02  -6.890612E-07  -6.392640E-02   5.651078E-05   7.563698E+00  -6.726205E-06
          1027      G      1.367261E-02  -3.898575E-07   1.141952E-05  -2.134527E-04   1.508086E+00  -2.140187E+00
          1028      G      1.396616E-02   3.771973E-04   6.806843E-04   5.502392E-03   9.969961E-04  -6.907815E+00
          1029      G      1.258176E-02  -2.250024E-04   6.657606E-04   9.277250E-04   1.000769E-04  -6.219412E+00
          1030      G      1.424684E-02  -5.025986E-07  -1.201856E-05  -1.206334E-03  -3.220319E+01   1.396083E-01
          1031      G      1.256811E-02   2.287478E-03   8.446480E-01   3.045909E+01  -2.483109E+01   6.630378E-02
          1032      G      1.330517E-02   3.061807E-03   1.311303E+00   5.454585E+01  -3.734144E+00   9.303312E-04
          1033      G      9.888167E-03   4.128891E-03   6.907134E-04   4.182931E-03  -1.869230E-03  -4.920994E+00
          1034      G      5.834880E-03   5.128836E-03   3.468707E-04   1.063028E-03   3.102578E-04  -2.751089E+00
          1035      G      1.525492E-02   3.867117E-03   7.666272E-01   2.900614E+01   3.927623E+01  -9.785134E-02
          1036      G      1.837814E-02  -3.923703E-05   4.280406E-02  -1.090920E+00   5.253488E+00   7.264938E+00
          1037      G      1.396724E-02  -3.798411E-04  -6.782584E-04  -5.506529E-03   9.935223E-04  -6.906863E+00
          1038      G      1.258393E-02   2.317137E-04  -6.634230E-04  -9.282449E-04   9.685889E-05  -6.219007E+00
          1039      G      1.257022E-02  -2.286901E-03  -8.446663E-01  -3.046063E+01  -2.483024E+01   6.631281E-02
          1040      G      1.330793E-02  -3.064022E-03  -1.311293E+00  -5.454658E+01  -3.733029E+00   9.007541E-04
          1041      G      9.889270E-03  -4.141961E-03  -6.888279E-04  -4.192422E-03  -1.860861E-03  -4.915430E+00
          1042      G      1.526178E-02  -3.864583E-03  -7.665754E-01  -2.900558E+01   3.927815E+01  -9.786185E-02
          1043      G      1.838736E-02   3.664494E-05  -4.273020E-02   1.092394E+00   5.252704E+00   7.264110E+00
          1044      G      5.841042E-03  -5.114004E-03  -3.447971E-04  -1.065645E-03   3.138538E-04  -2.748657E+00
          2000      G      3.534097E-03  -1.025744E-06  -1.069984E-06   3.290666E-03   1.921364E-01   1.093494E+00
          2001      G      3.607494E-03  -2.652724E-04   5.338504E-04  -2.083124E-03   5.385082E-05   1.747014E+00
          2002      G      3.243345E-03   5.240416E-04   5.330576E-04  -8.131382E-04  -1.834351E-04   1.565880E+00
          2003      G      3.771374E-03  -1.942428E-05   6.220389E-03  -2.406161E-01  -8.485008E+00  -3.601361E-02
          2004      G      3.372268E-03  -5.685244E-04   2.280377E-01  -8.225013E+00  -6.593326E+00  -1.542203E-02
          2005      G      3.579787E-03  -6.797848E-04   3.511520E-01  -1.454190E+01  -1.006078E+00   2.627161E-03
          2006      G     -6.806988E-04  -4.675877E-07   1.012234E-02  -1.894560E-04  -8.103636E-01   2.623280E-04
          2007      G      2.097412E-03   3.595837E-06   3.774541E-01  -1.822557E-03  -2.134830E+01   3.788258E-04
          2008      G      4.066612E-03   1.660628E-05   6.615143E-01  -2.832662E-03   6.438171E-01   4.658488E-04
          2009      G      2.596262E-03  -5.539195E-04   5.860109E-04  -1.927230E-03  -2.845368E-04   1.294513E+00
          2010      G      1.458144E-03  -1.195806E-03   4.971108E-04  -1.287344E-03   2.965070E-04   6.828957E-01
          2011      G      3.999935E-03  -8.219588E-04   2.093237E-01  -7.890723E+00   1.027325E+01   2.988749E-02
          2012      G      4.809026E-03   4.330728E-04   2.229859E-02  -8.652208E-02   1.131346E+00   5.552664E-01
          2013      G      5.729113E-03   2.841705E-05   3.757569E-01  -2.040598E-02   1.953254E+01   4.737043E-04
          2014      G      7.483853E-03   4.152592E-05   3.148175E-02  -1.321923E-02   1.566862E+00   1.361477E-02
          2015      G      3.622868E-03   2.631145E-04  -5.303070E-04   2.068261E-03   6.518278E-05   1.754113E+00
          2016      G      3.273714E-03  -5.307632E-04  -5.314252E-04   8.063095E-04  -1.828773E-04   1.580480E+00
          2017      G      3.335299E-03   5.240666E-04  -2.199295E-01   7.957787E+00  -6.869921E+00  -1.647024E-02
          2018      G      3.534758E-03   6.581182E-04  -3.497292E-01   1.453892E+01  -1.155902E+00   9.061211E-06
          2019      G      1.967717E-03  -4.821065E-06  -3.665870E-01  -2.141850E-04  -2.201238E+01   2.187280E-04
          2020      G      3.747368E-03  -7.255045E-06  -6.629930E-01   7.800143E-04   5.525323E-01   1.860833E-04
          2021      G      2.679284E-03   6.051723E-04  -5.817963E-04   1.919949E-03  -2.913721E-04   1.332230E+00
          2022      G      1.537115E-03   1.263458E-03  -4.940381E-04   1.299835E-03   2.889253E-04   7.196806E-01
          2023      G      3.921161E-03   8.279991E-04  -2.090789E-01   7.846974E+00   1.030130E+01   2.565069E-02
          2024      G      4.788881E-03  -2.767911E-04  -2.210512E-02  -4.547617E-02   1.081513E+00   2.184562E-01
          2025      G      5.399848E-03  -1.128256E-05  -3.767293E-01   6.424430E-04   1.963305E+01   1.816937E-04
          2026      G      7.027184E-03  -1.524355E-05  -3.117498E-02  -4.738828E-04   1.521265E+00  -9.193048E-03
          2027      G      3.578467E-03   3.383372E-06  -2.395852E-06  -3.979902E-03   1.928488E-01  -1.112798E+00
1                                                       **STUDENT EDITION*    APRIL  18, 2026  MSC Nastran  3/ 3/26   PAGE    89
     DEFAULT                                                                                                                        
0                                                                                                            SUBCASE 1              
      EIGENVALUE =  6.767433E+06
          CYCLES =  4.140303E+02         R E A L   E I G E N V E C T O R   N O .          8
 
      POINT ID.   TYPE          T1             T2             T3             R1             R2             R3
          2028      G      3.662597E-03   2.653251E-04   5.340265E-04   2.070280E-03   5.403317E-05  -1.775792E+00
          2029      G      3.314496E-03  -5.165528E-04   5.332879E-04   7.996294E-04  -1.823581E-04  -1.602663E+00
          2030      G      3.802692E-03   1.699303E-05   6.187732E-03   2.216085E-01  -8.486726E+00   3.638845E-02
          2031      G      3.408713E-03   5.739859E-04   2.280142E-01   8.194247E+00  -6.590702E+00   1.598150E-02
          2032      G      3.618047E-03   7.011012E-04   3.511931E-01   1.449078E+01  -1.015961E+00  -1.758336E-03
          2033      G      2.685761E-03   5.977016E-04   5.834987E-04   1.902637E-03  -2.918215E-04  -1.341416E+00
          2034      G      1.541096E-03   1.284416E-03   4.957587E-04   1.293636E-03   2.930292E-04  -7.260878E-01
          2035      G      4.038816E-03   8.730618E-04   2.096212E-01   7.823355E+00   1.026768E+01  -2.854542E-02
          2036      G      4.859864E-03  -3.293096E-04   2.245898E-02  -4.264014E-02   1.144581E+00  -1.267785E-01
          2037      G      3.660843E-03  -2.637268E-04  -5.302432E-04  -2.063816E-03   6.606402E-05  -1.773443E+00
          2038      G      3.308994E-03   5.271052E-04  -5.313350E-04  -7.998545E-04  -1.818383E-04  -1.598466E+00
          2039      G      3.361132E-03  -5.296495E-04  -2.199654E-01  -7.969134E+00  -6.869028E+00   1.679650E-02
          2040      G      3.555503E-03  -6.705826E-04  -3.497708E-01  -1.454630E+01  -1.156716E+00   3.502537E-04
          2041      G      2.713648E-03  -6.239409E-04  -5.817828E-04  -1.919356E-03  -2.911256E-04  -1.349143E+00
          2042      G      1.570568E-03  -1.296025E-03  -4.940406E-04  -1.300260E-03   2.896099E-04  -7.360894E-01
          2043      G      3.938593E-03  -8.486887E-04  -2.091181E-01  -7.851032E+00   1.030205E+01  -2.526530E-02
          2044      G      4.805276E-03   2.461491E-04  -2.211292E-02   4.481808E-02   1.083344E+00  -2.357897E-01
          3000      G     -2.587955E-04   1.712545E-05   1.147937E-05  -1.236426E-03  -2.018848E-02   2.314933E-01
          3001      G     -2.739345E-04  -2.507206E-05   1.966285E-04   1.960121E-02  -1.588306E-02   1.997106E-01
          3002      G     -2.670308E-04   3.855324E-05   6.137521E-04   1.174715E-02  -1.191359E-02   1.456774E-01
          3003      G     -2.346919E-04   2.130521E-05  -1.023304E-04   3.712299E-04   3.156245E-01   2.914120E-03
          3004      G     -1.861219E-04   6.285742E-05  -8.837879E-03   3.355551E-01   2.512196E-01   1.938129E-03
          3005      G     -1.591120E-04   1.091024E-04  -1.143179E-02   5.847327E-01  -1.230694E-01   1.455285E-03
          3006      G      9.162108E-05   2.190255E-05  -1.069386E-04  -3.077836E-03  -2.280432E-02   2.091249E-04
          3007      G     -9.152206E-05   2.911118E-05  -1.473853E-02  -4.575759E-03   8.355974E-01   2.015964E-04
          3008      G     -2.437441E-04   3.544917E-05  -2.432305E-02  -5.158833E-03  -1.049621E-01   1.869162E-04
          3009      G     -2.022898E-04   2.837260E-04   1.323747E-03  -7.916700E-03  -3.628966E-02   2.449191E-01
          3010      G     -7.169185E-05   4.864518E-04   3.584293E-03  -8.633689E-02  -8.393750E-02   6.991784E-01
          3011      G     -1.968878E-04   2.010350E-04   1.415643E-03   1.281296E-01  -7.376338E-01   7.761665E-04
          3012      G     -2.929608E-04   2.498490E-04   1.462667E-02  -2.471205E-01  -8.495067E-02   1.495268E+00
          3013      G     -2.971890E-04   4.105897E-05  -2.418173E-03  -3.887899E-03  -1.336757E+00   2.301977E-04
          3014      G     -4.039313E-04   5.021527E-05   1.979752E-02  -1.615449E-02  -1.371308E-01   4.106139E-02
          3015      G     -2.743064E-04   6.849778E-05  -1.636263E-04  -2.531918E-02  -1.990728E-02   2.130353E-01
          3016      G     -2.682766E-04   9.912324E-06  -5.841470E-04  -1.845126E-02  -1.162050E-02   1.336269E-01
          3017      G     -1.888140E-04  -1.943610E-05   8.751729E-03  -3.386260E-01   2.561786E-01   1.887710E-03
          3018      G     -1.634104E-04  -6.128953E-05   1.148129E-02  -5.951416E-01  -1.197911E-01   1.396979E-03
          3019      G     -9.216917E-05   1.531339E-05   1.474365E-02  -2.124243E-03   8.497950E-01   1.980674E-04
          3020      G     -2.437754E-04   9.481720E-06   2.453691E-02  -1.129426E-03  -1.075164E-01   1.780861E-04
          3021      G     -2.087127E-04  -2.278402E-04  -1.275055E-03  -6.437575E-03  -3.034264E-02   2.159424E-01
          3022      G     -8.186000E-05  -4.331870E-04  -3.497069E-03   5.857494E-02  -7.872481E-02   7.138624E-01
          3023      G     -1.996521E-04  -1.506951E-04  -1.284023E-03  -1.402693E-01  -7.338419E-01   8.053043E-04
          3024      G     -2.943587E-04  -2.027605E-04  -1.458354E-02   2.417543E-01  -9.339108E-02   1.553382E+00
          3025      G     -2.999894E-04   4.730499E-06   2.624890E-03  -5.855059E-04  -1.336824E+00   1.578207E-04
          3026      G     -4.085054E-04   6.259284E-07  -1.966697E-02  -3.382831E-05  -1.408752E-01  -1.187233E-04
          3027      G     -2.301152E-04   2.076681E-05  -5.235217E-06  -2.913033E-03  -2.284610E-02  -2.560673E-01
          3028      G     -2.443497E-04   8.318542E-05   1.624929E-04  -2.795273E-02  -1.853431E-02  -2.206237E-01
          3029      G     -2.382071E-04   3.365000E-05   5.791934E-04  -2.039739E-02  -1.136930E-02  -1.450188E-01
          3030      G     -2.214428E-04   2.173255E-05  -1.016569E-04  -1.158494E-03   3.157494E-01  -2.483212E-03
          3031      G     -1.736847E-04  -6.026730E-06  -8.854583E-03  -3.352997E-01   2.497919E-01  -1.471977E-03
          3032      G     -1.468766E-04  -3.561907E-05  -1.145753E-02  -5.880335E-01  -1.209016E-01  -9.796642E-04
1                                                       **STUDENT EDITION*    APRIL  18, 2026  MSC Nastran  3/ 3/26   PAGE    90
     DEFAULT                                                                                                                        
0                                                                                                            SUBCASE 1              
      EIGENVALUE =  6.767433E+06
          CYCLES =  4.140303E+02         R E A L   E I G E N V E C T O R   N O .          8
 
      POINT ID.   TYPE          T1             T2             T3             R1             R2             R3
          3033      G     -1.798184E-04  -1.919588E-04   1.283154E-03  -5.783245E-03  -3.066052E-02  -2.279457E-01
          3034      G     -5.669237E-05  -3.840478E-04   3.511044E-03   5.867716E-02  -7.696632E-02  -7.144844E-01
          3035      G     -1.822565E-04  -1.126999E-04   1.333604E-03  -1.366279E-01  -7.346578E-01  -4.689308E-04
          3036      G     -2.739474E-04  -1.587493E-04   1.465063E-02   2.489093E-01  -9.253905E-02  -1.582907E+00
          3037      G     -2.467477E-04  -3.900031E-05  -1.768903E-04   2.208420E-02  -1.910745E-02  -2.232585E-01
          3038      G     -2.423923E-04   8.368929E-06  -5.924140E-04   1.654468E-02  -1.166754E-02  -1.460240E-01
          3039      G     -1.752084E-04   4.899285E-05   8.752233E-03   3.384198E-01   2.555829E-01  -1.492822E-03
          3040      G     -1.504850E-04   8.016611E-05   1.147567E-02   5.946403E-01  -1.197419E-01  -1.040172E-03
          3041      G     -1.847831E-04   2.370220E-04  -1.283808E-03   4.317321E-03  -3.022252E-02  -2.264877E-01
          3042      G     -5.966726E-05   4.305598E-04  -3.503808E-03  -5.947434E-02  -7.787098E-02  -7.203583E-01
          3043      G     -1.875866E-04   1.593605E-04  -1.295714E-03   1.403942E-01  -7.341229E-01  -4.886604E-04
          3044      G     -2.827417E-04   2.039699E-04  -1.458780E-02  -2.419995E-01  -9.231143E-02  -1.554549E+00
          4000      G     -3.358234E-03  -9.500740E-07   4.352518E-06   1.702245E-04  -6.731645E-02  -5.943601E-01
          4001      G     -3.425771E-03  -3.721103E-04  -5.737442E-04   1.793916E-01  -7.144161E-02  -5.243237E-01
          4002      G     -3.420556E-03  -1.872324E-04   4.263816E-04   7.335120E-02  -8.275630E-02  -4.971252E-01
          4003      G     -3.606082E-03  -9.377224E-07  -2.775938E-05   1.417660E-03   1.871887E+00   4.855420E-03
          4004      G     -3.447994E-03   2.131866E-05  -4.716188E-02   1.570698E+00   1.247662E+00   1.470076E-03
          4005      G     -3.421168E-03   8.492882E-06  -6.970538E-02   2.940280E+00   9.346373E-02   4.321636E-04
          4006      G     -2.632560E-03  -9.549068E-07  -5.799179E-05   1.181553E-04  -5.182169E-02  -3.734850E-05
          4007      G     -3.199857E-03  -2.054012E-06  -7.538607E-02   1.819822E-04   4.495441E+00  -4.133577E-05
          4008      G     -3.552573E-03  -3.220139E-06  -1.323541E-01   3.192673E-04  -3.699522E-01  -4.239512E-05
          4009      G     -3.325359E-03   4.267758E-05   1.397828E-03   2.125548E-01   8.471534E-02  -1.046833E+00
          4010      G     -3.098971E-03   3.844432E-04   4.241913E-03  -2.688126E-03  -1.908870E-01   4.251914E-01
          4011      G     -3.498733E-03   1.517833E-04  -3.442937E-02   1.333317E+00  -2.434048E+00  -2.738810E-03
          4012      G     -3.660703E-03   3.323815E-05   1.195050E-02  -2.546302E-01  -4.170198E-01   1.584660E+00
          4013      G     -3.812151E-03  -4.245772E-06  -6.361715E-02   4.629315E-04  -4.418461E+00  -5.324143E-05
          4014      G     -4.153963E-03  -6.123966E-06   1.558590E-02   5.837194E-04  -5.498408E-01  -3.287810E-03
          4015      G     -3.426432E-03   3.696717E-04   5.806394E-04  -1.788930E-01  -7.167065E-02  -5.235817E-01
          4016      G     -3.421787E-03   1.848457E-04  -4.277539E-04  -7.327807E-02  -8.322918E-02  -4.942883E-01
          4017      G     -3.448090E-03  -2.320091E-05   4.712962E-02  -1.569270E+00   1.249023E+00   1.482805E-03
          4018      G     -3.421464E-03  -1.099993E-05   6.971403E-02  -2.940237E+00   9.481221E-02   4.642379E-04
          4019      G     -3.199405E-03   5.631475E-09   7.532641E-02   1.285891E-04   4.499478E+00  -3.550214E-05
          4020      G     -3.551498E-03   9.066592E-07   1.323622E-01  -3.388239E-05  -3.699686E-01  -3.346815E-05
          4021      G     -3.326652E-03  -4.629451E-05  -1.408284E-03  -2.124685E-01   8.482971E-02  -1.043592E+00
          4022      G     -3.098721E-03  -3.909785E-04  -4.251978E-03   3.376069E-03  -1.917431E-01   4.341289E-01
          4023      G     -3.499239E-03  -1.555571E-04   3.446908E-02  -1.334512E+00  -2.433066E+00  -2.713217E-03
          4024      G     -3.662803E-03  -3.717259E-05  -1.189823E-02   2.523935E-01  -4.177138E-01   1.582371E+00
          4025      G     -3.811508E-03   1.718375E-06   6.367735E-02  -7.656870E-05  -4.415323E+00  -3.179704E-05
          4026      G     -4.153162E-03   2.509609E-06  -1.548334E-02  -1.478781E-05  -5.498850E-01   5.472381E-04
          4027      G     -3.364186E-03  -8.119044E-07   5.793902E-06  -9.826613E-06  -6.724140E-02   5.976333E-01
          4028      G     -3.432194E-03   3.678062E-04  -5.735373E-04  -1.789232E-01  -7.157503E-02   5.272527E-01
          4029      G     -3.427461E-03   1.808454E-04   4.354797E-04  -7.279765E-02  -8.325234E-02   4.979190E-01
          4030      G     -3.609248E-03  -1.016887E-06  -3.223723E-05  -1.400330E-03   1.871852E+00  -4.929971E-03
          4031      G     -3.451344E-03  -2.535820E-05  -4.716678E-02  -1.570742E+00   1.247681E+00  -1.552552E-03
          4032      G     -3.424746E-03  -1.505822E-05  -6.970945E-02  -2.940544E+00   9.337533E-02  -5.266542E-04
          4033      G     -3.332073E-03  -5.216890E-05   1.417343E-03  -2.115440E-01   8.469312E-02   1.047228E+00
          4034      G     -3.104331E-03  -3.972323E-04   4.266784E-03   4.772677E-03  -1.918947E-01  -4.298936E-01
          4035      G     -3.502937E-03  -1.613230E-04  -3.443076E-02  -1.333980E+00  -2.434023E+00   2.653936E-03
          4036      G     -3.666414E-03  -4.434874E-05   1.195827E-02   2.534624E-01  -4.181140E-01  -1.578081E+00
          4037      G     -3.432026E-03  -3.698054E-04   5.808701E-04   1.789812E-01  -7.176338E-02   5.256951E-01
1                                                       **STUDENT EDITION*    APRIL  18, 2026  MSC Nastran  3/ 3/26   PAGE    91
     DEFAULT                                                                                                                        
0                                                                                                            SUBCASE 1              
      EIGENVALUE =  6.767433E+06
          CYCLES =  4.140303E+02         R E A L   E I G E N V E C T O R   N O .          8
 
      POINT ID.   TYPE          T1             T2             T3             R1             R2             R3
          4038      G     -3.427095E-03  -1.831294E-04  -4.275004E-04   7.322246E-02  -8.326635E-02   4.965611E-01
          4039      G     -3.451098E-03   2.323382E-05   4.712495E-02   1.569253E+00   1.249071E+00  -1.551786E-03
          4040      G     -3.424314E-03   1.275674E-05   6.971246E-02   2.940393E+00   9.495016E-02  -5.288127E-04
          4041      G     -3.331788E-03   4.958602E-05  -1.407403E-03   2.126293E-01   8.480178E-02   1.045921E+00
          4042      G     -3.103812E-03   3.959906E-04  -4.250375E-03  -3.196928E-03  -1.919043E-01  -4.323499E-01
          4043      G     -3.501961E-03   1.589694E-04   3.447166E-02   1.334556E+00  -2.432938E+00   2.650956E-03
          4044      G     -3.665411E-03   4.212947E-05  -1.189627E-02  -2.524567E-01  -4.179918E-01  -1.581525E+00
1                                                       **STUDENT EDITION*    APRIL  18, 2026  MSC Nastran  3/ 3/26   PAGE    92
     DEFAULT                                                                                                                        
0                                                                                                            SUBCASE 1              
      EIGENVALUE =  6.919126E+06
          CYCLES =  4.186449E+02         R E A L   E I G E N V E C T O R   N O .          9
 
      POINT ID.   TYPE          T1             T2             T3             R1             R2             R3
             1      G      0.0            0.0            0.0            0.0            0.0            0.0
             2      G      0.0            0.0            0.0            0.0            0.0            0.0
             3      G      0.0            0.0            0.0            0.0            0.0            0.0
             4      G      0.0            0.0            0.0            0.0            0.0            0.0
             5      G      0.0            0.0            0.0            0.0            0.0            0.0
             6      G      0.0            0.0            0.0            0.0            0.0            0.0
             7      G      0.0            0.0            0.0            0.0            0.0            0.0
             8      G      0.0            0.0            0.0            0.0            0.0            0.0
            10      G     -9.878310E-05   5.949742E-05   2.886687E-04   1.105346E-03  -4.589958E-04  -9.151686E-03
            11      G     -9.874711E-05  -5.900854E-05   2.894486E-04  -1.106553E-03  -4.563381E-04   9.564280E-03
            12      G      8.986127E-05   5.799214E-06   2.990191E-04   6.109923E-04   3.614087E-04   3.248108E-02
            13      G      9.240399E-05  -2.038563E-06   2.989697E-04  -6.272376E-04   3.681957E-04  -3.294371E-02
            14      G      8.621530E-05  -1.128142E-05  -3.088144E-04  -5.840781E-04   3.474258E-04   3.059868E-02
            15      G      9.337127E-05  -1.065117E-06  -3.095314E-04   6.325837E-04   3.598907E-04  -3.212027E-02
            16      G     -9.237003E-05  -7.564011E-05  -3.000027E-04  -1.099788E-03  -4.249837E-04  -1.328867E-02
            17      G     -9.961437E-05   8.309060E-05  -2.999540E-04   1.070430E-03  -4.512255E-04   1.801284E-02
           100      G     -1.640791E-03  -1.216567E-03   3.397572E-01  -1.108053E+01  -4.014472E-01  -1.120172E-02
           101      G     -2.239987E-03  -8.518560E-06   6.416196E-01   3.030201E-04   8.825469E-01   4.546374E-04
           102      G     -1.874637E-03   7.071773E-04   1.932991E-01  -6.034983E+00  -6.165191E+00   2.189026E-02
           103      G      5.547704E-03  -6.969259E-06   3.424487E-01  -4.165231E-04  -1.351889E+01  -2.399698E-04
           104      G     -4.875041E-04  -8.359292E-06   1.822531E-04  -8.013079E-03  -3.982165E+00   7.504519E-02
           105      G      3.854684E-03  -3.274540E-06   3.852162E-04  -3.590949E-05  -5.426364E-01  -6.213479E-05
           106      G     -1.475308E-04  -6.047656E-04  -3.210399E-04   6.325837E-04   3.598907E-04  -3.212027E-02
           107      G     -1.475308E-04   2.524442E-04  -3.114353E-04   6.325837E-04   3.598907E-04  -3.212027E-02
           108      G     -9.036945E-04  -1.098148E-05  -4.913315E-05  -8.373854E-04   4.984891E-01   8.311644E-05
           109      G      3.548197E-05   2.181869E-04  -3.045980E-04   1.070430E-03  -4.512255E-04   1.801284E-02
           110      G     -4.899180E-03   1.373399E-03  -8.534505E-03   7.252645E-01   1.336755E+00  -1.101354E-01
           111      G      3.548197E-05  -2.850469E-04  -3.172041E-04   1.070430E-03  -4.512255E-04   1.801284E-02
           112      G     -2.292616E-03   4.256277E-04   1.810569E-01  -5.620596E+00   8.032773E+00  -2.509427E-02
           113      G     -6.399629E-03  -3.587706E-05  -9.162881E-03  -2.822467E-03   1.874507E+00   9.103899E-03
           114      G     -8.242985E-03  -5.631948E-06   3.343828E-01   1.840534E-03   1.288489E+01  -2.804364E-03
           115      G     -1.668815E-03   1.192720E-03  -3.397592E-01   1.107259E+01  -4.041416E-01  -1.123418E-02
           116      G     -2.268945E-03   1.105473E-06  -6.415746E-01  -5.079842E-04   8.833776E-01  -3.253556E-05
           117      G     -1.890961E-03  -7.173107E-04  -1.930860E-01   6.023775E+00  -6.173857E+00   2.195626E-02
           118      G      5.540428E-03  -3.272594E-07  -3.420247E-01  -2.168966E-04  -1.353524E+01  -1.098722E-04
           119      G     -1.546738E-04   6.171384E-04   3.105942E-04  -6.272376E-04   3.681957E-04  -3.294371E-02
           120      G     -1.546738E-04  -2.620469E-04   3.007680E-04  -6.272376E-04   3.681957E-04  -3.294371E-02
           121      G     -2.701501E-05  -1.307406E-04   2.943252E-04  -1.106553E-03  -4.563381E-04   9.564280E-03
           122      G     -4.979942E-03  -1.284401E-03   8.169973E-03  -7.232553E-01   1.340570E+00  -9.832977E-02
           123      G     -2.701501E-05   1.364615E-04   3.070742E-04  -1.106553E-03  -4.563381E-04   9.564280E-03
           124      G     -2.344490E-03  -4.267543E-04  -1.812692E-01   5.618183E+00   8.026182E+00  -2.602611E-02
           125      G     -6.453800E-03   1.330029E-06   8.628274E-03  -1.589128E-04   1.880791E+00   1.638825E-04
           126      G     -8.292113E-03   1.331511E-06  -3.346807E-01  -6.621598E-04   1.287787E+01  -2.697773E-05
           127      G     -1.648919E-03   1.191171E-03   3.397408E-01   1.107854E+01  -3.983115E-01   1.138360E-02
           128      G     -1.876943E-03  -7.232510E-04   1.933075E-01   6.034411E+00  -6.166073E+00  -2.205122E-02
           129      G     -4.888976E-04   2.794856E-06   1.811921E-04   7.695754E-03  -3.982224E+00  -7.510485E-02
           130      G     -1.432748E-04   5.638208E-04  -3.197248E-04  -5.840781E-04   3.474258E-04   3.059868E-02
           131      G     -1.432748E-04  -2.527816E-04  -3.104529E-04  -5.840781E-04   3.474258E-04   3.059868E-02
           132      G     -9.031079E-04   4.766873E-06  -4.759027E-05   7.224061E-04   4.980589E-01   2.902050E-04
           133      G      7.295014E-06  -1.753052E-04  -3.050638E-04  -1.099788E-03  -4.249837E-04  -1.328867E-02
1                                                       **STUDENT EDITION*    APRIL  18, 2026  MSC Nastran  3/ 3/26   PAGE    93
     DEFAULT                                                                                                                        
0                                                                                                            SUBCASE 1              
      EIGENVALUE =  6.919126E+06
          CYCLES =  4.186449E+02         R E A L   E I G E N V E C T O R   N O .          9
 
      POINT ID.   TYPE          T1             T2             T3             R1             R2             R3
           134      G     -4.931342E-03  -1.365603E-03  -8.508237E-03  -7.320216E-01   1.337621E+00   1.118428E-01
           135      G      7.295014E-06   1.959471E-04  -3.169368E-04  -1.099788E-03  -4.249837E-04  -1.328867E-02
           136      G     -2.317060E-03  -4.486337E-04   1.810237E-01   5.613768E+00   8.029611E+00   2.522693E-02
           137      G     -1.670161E-03  -1.188777E-03  -3.397496E-01  -1.107324E+01  -4.039617E-01   1.136440E-02
           138      G     -1.891332E-03   7.175775E-04  -1.930826E-01  -6.024270E+00  -6.173598E+00  -2.203992E-02
           139      G     -1.537468E-04  -6.046826E-04   3.103943E-04   6.109923E-04   3.614087E-04   3.248108E-02
           140      G     -1.537468E-04   2.621562E-04   3.007492E-04   6.109923E-04   3.614087E-04   3.248108E-02
           141      G     -3.014545E-05   1.281351E-04   2.935163E-04   1.105346E-03  -4.589958E-04  -9.151686E-03
           142      G     -4.983417E-03   1.286417E-03   8.167569E-03   7.227374E-01   1.339376E+00   9.908891E-02
           143      G     -3.014545E-05  -1.275402E-04   3.063395E-04   1.105346E-03  -4.589958E-04  -9.151686E-03
           144      G     -2.347285E-03   4.303365E-04  -1.812569E-01  -5.618389E+00   8.026235E+00   2.602510E-02
           200      G      2.126836E-05   1.844684E-04  -3.045980E-04   1.070430E-03  -4.512255E-04   1.801284E-02
           201      G      2.126836E-05  -3.187655E-04  -3.172041E-04   1.070430E-03  -4.512255E-04   1.801284E-02
           202      G     -1.361942E-04  -6.246920E-04  -3.210399E-04   6.325837E-04   3.598907E-04  -3.212027E-02
           203      G     -1.361942E-04   2.325178E-04  -3.114353E-04   6.325837E-04   3.598907E-04  -3.212027E-02
           204      G      1.053292E-03  -1.147581E-04  -5.392209E-05  -1.356825E-02  -1.023772E+00   3.670081E-01
           205      G      1.821210E-02   1.347754E-03  -1.176926E-02  -1.001696E+00  -4.319853E+00   1.067251E-01
           206      G      2.352898E-02   5.000219E-05  -1.757756E-02   9.022191E-03  -6.331871E+00   7.266121E-02
           207      G     -4.138966E-05  -9.588421E-05   2.943252E-04  -1.106553E-03  -4.563381E-04   9.564280E-03
           208      G     -4.138966E-05   1.713179E-04   3.070742E-04  -1.106553E-03  -4.563381E-04   9.564280E-03
           209      G     -1.430757E-04   6.368964E-04   3.105942E-04  -6.272376E-04   3.681957E-04  -3.294371E-02
           210      G     -1.430757E-04  -2.422889E-04   3.007680E-04  -6.272376E-04   3.681957E-04  -3.294371E-02
           211      G      1.676606E-02  -1.238738E-03   1.132012E-02   1.501495E+00  -4.133385E+00   2.235026E-01
           212      G      2.424105E-02   9.793429E-07   1.685013E-02   1.161372E-03  -6.173971E+00   4.664329E-04
           213      G     -6.091973E-06  -1.406618E-04  -3.050638E-04  -1.099788E-03  -4.249837E-04  -1.328867E-02
           214      G     -6.091973E-06   2.305905E-04  -3.169368E-04  -1.099788E-03  -4.249837E-04  -1.328867E-02
           215      G     -1.323309E-04   5.822192E-04  -3.197248E-04  -5.840781E-04   3.474258E-04   3.059868E-02
           216      G     -1.323309E-04  -2.343831E-04  -3.104529E-04  -5.840781E-04   3.474258E-04   3.059868E-02
           217      G      1.051576E-03   1.088906E-04  -5.084084E-05   1.462329E-02  -1.026846E+00  -3.665100E-01
           218      G      1.853150E-02  -1.626476E-03  -1.179006E-02   1.499487E+00  -4.390585E+00  -1.397348E-01
           219      G     -4.460382E-05   9.331668E-05   2.935163E-04   1.105346E-03  -4.589958E-04  -9.151686E-03
           220      G     -4.460382E-05  -1.623586E-04   3.063395E-04   1.105346E-03  -4.589958E-04  -9.151686E-03
           221      G     -1.423624E-04  -6.239288E-04   3.103943E-04   6.109923E-04   3.614087E-04   3.248108E-02
           222      G     -1.423624E-04   2.429099E-04   3.007492E-04   6.109923E-04   3.614087E-04   3.248108E-02
           223      G      1.675267E-02   1.240318E-03   1.132054E-02  -1.499571E+00  -4.141224E+00  -2.221712E-01
           224      G      5.301384E-03   4.561538E-03  -1.398015E+00   4.553125E+01   1.864769E+00   9.635393E-02
           225      G      8.272637E-03  -1.412043E-05  -2.621133E+00   8.048936E-03  -2.681868E+00   3.555763E-04
           226      G      5.836523E-03  -3.103750E-03  -8.064798E-01   2.505870E+01   2.506905E+01  -8.924830E-02
           227      G     -2.260990E-02  -1.278862E-05  -1.418623E+00   2.068429E-03   5.430614E+01  -6.144273E-04
           228      G      7.642410E-04   1.000663E-04  -2.401419E-02   6.286115E-01   1.680579E+01  -3.522034E-01
           229      G     -1.611134E-02  -2.359684E-06  -4.101351E-02  -1.919344E-04   3.212656E+00  -1.261955E-05
           230      G      7.930631E-03  -1.844390E-03  -7.635578E-01   2.392959E+01  -3.226075E+01   1.626221E-01
           231      G      3.284324E-02  -9.657505E-05  -1.391112E+00   5.804406E-02  -5.203344E+01  -1.495658E-02
           232      G      4.385752E-03  -5.166625E-03   1.395244E+00  -4.582644E+01   1.890102E+00   7.848473E-02
           233      G      6.801660E-03   2.113331E-06   2.628928E+00  -3.839029E-03  -2.316453E+00  -2.423244E-05
           234      G      5.471130E-03   2.863084E-03   7.798031E-01  -2.449145E+01   2.616419E+01  -8.885375E-02
           235      G     -2.384275E-02   7.894141E-07   1.378026E+00  -1.444567E-03   5.611801E+01  -2.101937E-04
           236      G      8.086951E-03   2.104092E-03   7.629265E-01  -2.394746E+01  -3.367639E+01   1.186522E-01
           237      G      2.633568E-02   5.259335E-07   1.398284E+00  -3.328597E-03  -5.694760E+01   5.551042E-05
           238      G      5.368480E-03  -4.588860E-03  -1.398307E+00  -4.539885E+01   1.894579E+00  -9.594339E-02
1                                                       **STUDENT EDITION*    APRIL  18, 2026  MSC Nastran  3/ 3/26   PAGE    94
     DEFAULT                                                                                                                        
0                                                                                                            SUBCASE 1              
      EIGENVALUE =  6.919126E+06
          CYCLES =  4.186449E+02         R E A L   E I G E N V E C T O R   N O .          9
 
      POINT ID.   TYPE          T1             T2             T3             R1             R2             R3
           239      G      5.871118E-03   3.084405E-03  -8.065303E-01  -2.498123E+01   2.506326E+01   8.896335E-02
           240      G      7.806091E-04  -9.456536E-05  -2.404421E-02  -5.963719E-01   1.680881E+01   3.520499E-01
           241      G      8.090848E-03   1.819171E-03  -7.646014E-01  -2.368940E+01  -3.225184E+01  -1.650313E-01
           242      G      4.386815E-03   5.174655E-03   1.395322E+00   4.583735E+01   1.891924E+00  -7.835359E-02
           243      G      5.478678E-03  -2.860843E-03   7.798271E-01   2.451108E+01   2.616533E+01   8.883422E-02
           244      G      8.081291E-03  -2.100301E-03   7.630226E-01   2.395524E+01  -3.367627E+01  -1.186133E-01
           300      G      1.294085E-05  -8.550963E-05  -4.119374E-04  -1.409360E-02   1.521209E-03  -1.146452E-02
           301      G      9.312319E-05  -1.270898E-04  -8.147624E-05  -2.417809E-02   3.082358E-03   1.468891E-02
           302      G      4.131559E-06  -3.613951E-05  -3.016644E-05  -1.672133E-03   1.791020E-02  -1.139944E-02
           303      G      8.970365E-05  -7.606619E-04  -2.101453E-03   7.972562E-02  -2.410598E-02  -5.548920E-03
           304      G     -1.614292E-05  -4.128371E-04  -8.807264E-04   5.529181E-02   2.397702E-02  -2.952145E-02
           305      G     -7.958369E-04  -8.529233E-04  -8.847624E-03   1.618546E-01  -1.201199E-01   4.998831E-02
           306      G     -1.095986E-03  -1.349409E-04  -1.246320E-02   1.648478E-02  -9.420970E-02  -2.280991E-02
           307      G      7.081276E-06   3.954004E-05   3.870893E-04   1.674945E-02  -1.915129E-03  -1.599031E-02
           308      G      1.079671E-04   6.245766E-05   3.317701E-05   2.224705E-02   2.066784E-03   1.765476E-02
           309      G      1.231085E-04   7.670971E-04   2.042924E-03  -6.034730E-02  -4.445472E-02  -5.086516E-03
           310      G     -1.714625E-05   3.598445E-04   8.275607E-04  -5.506417E-02   1.785903E-02  -3.534326E-02
           311      G     -8.347392E-04   8.529016E-04   8.492552E-03  -1.768803E-01  -1.147965E-01   5.556721E-02
           312      G     -1.089516E-03  -6.353736E-06   1.187640E-02   1.427481E-03  -9.446410E-02   1.210656E-04
           313      G     -1.428842E-05   3.037509E-06  -4.086437E-04   1.677354E-02  -2.554413E-03   1.450696E-02
           314      G      8.014448E-05   5.685595E-05  -7.337323E-05   2.480942E-02  -1.342770E-03  -1.803951E-02
           315      G     -1.897782E-05  -2.510222E-05  -3.156668E-05   1.627661E-03   2.367253E-02   9.557807E-03
           316      G      9.635789E-05   6.671922E-04  -2.096566E-03  -6.180233E-02  -4.892613E-02   1.004895E-02
           317      G     -3.715542E-05   3.012905E-04  -8.609294E-04  -5.898297E-02   1.965437E-02   3.448605E-02
           318      G     -8.472989E-04   7.872091E-04  -8.833761E-03  -1.904400E-01  -1.203549E-01  -5.781429E-02
           319      G     -1.537545E-05  -7.170380E-05   3.862670E-04  -1.715313E-02  -1.902884E-03   1.570373E-02
           320      G      8.430406E-05  -1.102555E-04   3.707033E-05  -2.315901E-02   4.370293E-04  -1.856991E-02
           321      G      1.014900E-04  -7.812967E-04   2.036617E-03   5.997212E-02  -4.503628E-02   4.818069E-03
           322      G     -3.838975E-05  -3.845699E-04   8.259676E-04   5.453343E-02   1.771742E-02   3.492952E-02
           323      G     -8.481301E-04  -8.660330E-04   8.490592E-03   1.759872E-01  -1.160644E-01  -5.573319E-02
           324      G     -6.418452E-04  -1.394076E-04   1.083312E-02  -2.978994E-01   4.833170E-02  -1.559859E-02
           325      G     -1.000725E-03  -4.812145E-05   1.599402E-02  -1.322428E-03  -8.087994E-02  -7.476529E-04
           326      G     -6.181713E-04  -3.148311E-05   7.768267E-03  -1.878726E-01  -2.619717E-01  -6.088411E-03
           327      G     -7.862652E-04  -3.765912E-05   1.066453E-02  -1.992433E-02  -3.244349E-01  -1.667333E-04
           328      G     -5.655191E-04  -3.684452E-05  -5.297056E-04  -9.710030E-03  -2.359905E-01  -1.263035E-02
           329      G     -7.886888E-04  -3.401434E-05   4.871976E-04  -1.595260E-03  -1.274609E-01  -2.439673E-04
           330      G     -6.555525E-04  -2.335410E-04   5.098203E-04  -7.108262E-02   4.917470E-01  -1.408597E-02
           331      G     -1.336874E-03  -4.006170E-05   2.030113E-03  -3.187585E-03   5.977842E-01   2.648102E-03
           332      G     -6.517472E-04   8.210956E-05  -1.247730E-02   3.036352E-01   6.568994E-02  -1.469826E-02
           333      G     -1.002854E-03  -2.122949E-05  -1.651712E-02  -1.656534E-03  -8.118856E-02   1.194748E-04
           334      G     -6.304354E-04  -3.214002E-05  -9.390801E-03   1.967884E-01  -2.827058E-01  -6.270161E-03
           335      G     -7.762583E-04  -2.596426E-05  -1.034300E-02  -1.974860E-02  -3.559602E-01  -3.206239E-04
           336      G     -6.787212E-04   1.710121E-04  -1.609320E-03   7.966487E-02   5.203061E-01  -1.461845E-02
           337      G     -1.341298E-03  -1.271281E-05  -2.735981E-03   2.095981E-03   5.986634E-01  -3.618176E-04
           338      G     -6.625241E-04   5.255413E-05   1.249847E-02   2.949406E-01   7.471452E-02   1.476136E-02
           339      G     -6.374507E-04  -4.416402E-05   1.003077E-02   2.026380E-01  -2.600741E-01   5.801844E-03
           340      G     -5.790513E-04  -2.749649E-05   1.540026E-03   7.117890E-03  -2.365415E-01   1.285977E-02
           341      G     -6.955510E-04   1.064293E-04   1.354217E-03   7.272125E-02   5.291663E-01   1.415261E-02
           342      G     -6.645009E-04  -1.195373E-04  -1.095203E-02  -3.050172E-01   3.274828E-02   1.425483E-02
           343      G     -6.427648E-04  -1.860728E-05  -7.204832E-03  -1.814786E-01  -2.866186E-01   5.880069E-03
1                                                       **STUDENT EDITION*    APRIL  18, 2026  MSC Nastran  3/ 3/26   PAGE    95
     DEFAULT                                                                                                                        
0                                                                                                            SUBCASE 1              
      EIGENVALUE =  6.919126E+06
          CYCLES =  4.186449E+02         R E A L   E I G E N V E C T O R   N O .          9
 
      POINT ID.   TYPE          T1             T2             T3             R1             R2             R3
           344      G     -6.923778E-04  -1.962369E-04  -9.654229E-04  -8.286742E-02   4.843082E-01   1.427716E-02
           400      G      7.280138E-04  -2.317612E-04  -4.523689E-04  -3.386919E-02   4.250310E-02  -7.991956E-03
           401      G      7.177489E-04  -5.179118E-04  -1.085025E-04  -8.264431E-02   3.409280E-02  -2.858700E-03
           402      G      6.816221E-04  -3.808923E-05  -2.488440E-05   2.667567E-04   3.199811E-02  -2.134394E-02
           403      G      9.975177E-04  -8.069889E-04  -2.933952E-03   1.779200E-03   1.062410E-01   2.285934E-02
           404      G      7.849500E-04  -4.471392E-04  -1.260538E-03  -1.003850E-01  -3.187966E-02  -6.104459E-03
           405      G     -6.185332E-05  -7.299202E-04  -8.103063E-03   1.424793E-01   2.058543E-01   3.447349E-02
           406      G     -3.582754E-04  -5.725963E-05  -1.075059E-02  -1.109857E-03   2.733787E-01  -2.636397E-03
           407      G      7.269922E-04   1.585268E-04   4.136577E-04   3.517214E-02   4.295344E-02  -8.080265E-03
           408      G      7.170777E-04   4.392026E-04   6.492069E-05   8.292753E-02   3.459781E-02  -2.940107E-03
           409      G      9.893353E-04   7.206291E-04   2.846528E-03  -1.732962E-03   1.069895E-01   2.254442E-02
           410      G      7.820452E-04   3.705448E-04   1.211007E-03   1.025269E-01  -3.352569E-02  -5.603652E-03
           411      G     -5.483312E-05   6.385930E-04   7.743272E-03  -1.353261E-01   2.048632E-01   3.398740E-02
           412      G     -3.467898E-04  -1.164398E-05   1.023955E-02   1.469414E-04   2.715073E-01  -1.696218E-04
           413      G      6.994836E-04   1.324507E-04  -4.455339E-04   3.464654E-02   4.271043E-02   7.675063E-03
           414      G      6.878790E-04   4.293456E-04  -1.037313E-04   8.332977E-02   3.386219E-02   2.609256E-03
           415      G      6.527729E-04  -3.826778E-05  -2.351998E-05   4.788074E-04   3.173287E-02   2.072392E-02
           416      G      9.673791E-04   6.843185E-04  -2.928271E-03  -4.370627E-03   1.088163E-01  -2.318346E-02
           417      G      7.565293E-04   3.339085E-04  -1.253380E-03   1.009210E-01  -3.275438E-02   5.552735E-03
           418      G     -7.687780E-05   5.983479E-04  -8.077554E-03  -1.405450E-01   2.057404E-01  -3.499937E-02
           419      G      6.967521E-04  -2.099597E-04   4.141674E-04  -3.430863E-02   4.279115E-02   7.643619E-03
           420      G      6.875298E-04  -5.035071E-04   6.585730E-05  -8.216420E-02   3.458219E-02   2.476744E-03
           421      G      9.578499E-04  -7.448669E-04   2.839120E-03   2.503646E-03   1.062850E-01  -2.295832E-02
           422      G      7.513100E-04  -4.089034E-04   1.208255E-03  -1.013477E-01  -3.363831E-02   5.156839E-03
           423      G     -6.983328E-05  -6.620649E-04   7.740475E-03   1.354704E-01   2.045625E-01  -3.436365E-02
           424      G      2.901610E-04  -2.976493E-04   3.177067E-02  -1.079464E+00   1.317846E-02  -7.534827E-03
           425      G      8.110908E-06  -5.014609E-05   6.042389E-02   3.170551E-04   1.888674E-01  -3.302012E-04
           426      G      2.266183E-04  -3.698700E-05   1.875222E-02  -5.518357E-01  -5.397867E-01  -1.751087E-03
           427      G      8.320342E-04  -4.435202E-05   3.241675E-02   4.592857E-04  -1.279720E+00  -1.935710E-04
           428      G      2.971641E-04  -3.958449E-05   1.321410E-04  -4.783860E-03  -4.041307E-01   6.788216E-03
           429      G      6.912656E-04  -3.841861E-05   2.799146E-04   3.289215E-04   3.761644E-02  -2.217807E-04
           430      G      2.129355E-04  -2.043373E-04   1.373248E-02  -4.468332E-01   9.041431E-01  -1.207384E-02
           431      G     -6.223237E-04  -5.662421E-05   2.621087E-02  -6.650044E-04   1.413997E+00   5.259089E-04
           432      G      2.937038E-04   2.222524E-04  -3.184095E-02   1.079610E+00   8.137551E-03  -7.371113E-03
           433      G      1.881428E-05  -2.596348E-05  -6.047450E-02   3.866320E-04   1.869981E-01  -2.230607E-04
           434      G      2.277154E-04  -3.766780E-05  -1.862338E-02   5.468406E-01  -5.459057E-01  -1.730655E-03
           435      G      8.409273E-04  -3.222812E-05  -3.214028E-02   3.274307E-04  -1.292197E+00  -2.362961E-04
           436      G      2.184148E-04   1.288864E-04  -1.397275E-02   4.504353E-01   8.992105E-01  -1.182990E-02
           437      G     -6.078409E-04  -1.889433E-05  -2.650365E-02   3.016725E-04   1.404553E+00  -2.890832E-04
           438      G      2.759583E-04   1.969388E-04   3.178843E-02   1.078892E+00   1.191136E-02   7.274565E-03
           439      G      2.125415E-04  -5.139134E-05   1.875738E-02   5.514024E-01  -5.396216E-01   1.353078E-03
           440      G      2.826335E-04  -3.723098E-05   1.373996E-04   4.717607E-03  -4.042740E-01  -7.040316E-03
           441      G      1.988971E-04   9.405131E-05   1.376509E-02   4.469973E-01   9.046780E-01   1.163196E-02
           442      G      2.788770E-04  -2.741774E-04  -3.183973E-02  -1.079749E+00   8.179374E-03   7.053522E-03
           443      G      2.130988E-04  -2.671661E-05  -1.862067E-02  -5.469185E-01  -5.460661E-01   1.325197E-03
           444      G      2.033521E-04  -1.668410E-04  -1.397119E-02  -4.506855E-01   8.990982E-01   1.139608E-02
           445      G      2.093410E-03  -1.926931E-03  -3.139560E-03   8.093450E-02   4.599858E-02   4.609424E-02
           446      G      1.882244E-03  -6.750835E-04  -1.524977E-03   6.854654E-02   5.482215E-02  -1.434302E-02
           447      G      1.643551E-03  -2.405914E-04  -5.634613E-04   3.763217E-02   1.846934E-02  -1.715687E-02
           448      G      1.460626E-03  -7.019350E-05  -1.841347E-04   3.241868E-02   4.764329E-03  -2.134435E-02
1                                                       **STUDENT EDITION*    APRIL  18, 2026  MSC Nastran  3/ 3/26   PAGE    96
     DEFAULT                                                                                                                        
0                                                                                                            SUBCASE 1              
      EIGENVALUE =  6.919126E+06
          CYCLES =  4.186449E+02         R E A L   E I G E N V E C T O R   N O .          9
 
      POINT ID.   TYPE          T1             T2             T3             R1             R2             R3
           449      G      1.403656E-03  -3.674016E-05  -2.326004E-05  -6.007385E-04  -4.204313E-04  -1.812503E-02
           450      G      1.255159E-03  -1.461777E-03  -7.883032E-03   1.121334E-01   1.164442E-01   7.492291E-02
           451      G      1.074336E-03  -5.930407E-05  -1.017093E-02  -2.386748E-04   1.699089E-01  -4.410916E-04
           452      G      2.062559E-03   1.764565E-03   3.040659E-03  -7.626563E-02   4.441793E-02   4.405357E-02
           453      G      1.860987E-03   5.718817E-04   1.468160E-03  -6.676155E-02   5.375236E-02  -1.352689E-02
           454      G      1.631091E-03   1.577147E-04   5.222813E-04  -3.675915E-02   1.845272E-02  -1.657382E-02
           455      G      1.455908E-03  -4.137899E-06   1.401036E-04  -3.295328E-02   5.120190E-03  -2.085837E-02
           456      G      1.257712E-03   1.320640E-03   7.533993E-03  -1.062071E-01   1.126328E-01   7.130301E-02
           457      G      1.084107E-03  -1.383215E-05   9.696247E-03   2.146573E-05   1.626714E-01  -1.604348E-04
           458      G      2.061782E-03   1.801800E-03  -3.130787E-03  -7.979083E-02   4.548278E-02  -4.625243E-02
           459      G      1.850991E-03   5.646484E-04  -1.518330E-03  -6.829738E-02   5.494502E-02   1.387490E-02
           460      G      1.611706E-03   1.418646E-04  -5.574930E-04  -3.751889E-02   1.839036E-02   1.674895E-02
           461      G      1.428440E-03  -1.733602E-05  -1.798052E-04  -3.222779E-02   4.674826E-03   2.090931E-02
           462      G      1.370914E-03  -3.960060E-05  -2.152673E-05   8.582589E-04  -4.933189E-04   1.773154E-02
           463      G      1.239895E-03   1.341848E-03  -7.863584E-03  -1.125862E-01   1.156194E-01  -7.564674E-02
           464      G      2.028085E-03  -1.792579E-03   3.033278E-03   7.617685E-02   4.440041E-02  -4.444933E-02
           465      G      1.826697E-03  -6.125692E-04   1.464792E-03   6.667177E-02   5.359082E-02   1.314204E-02
           466      G      1.597595E-03  -2.108140E-04   5.216792E-04   3.680976E-02   1.840215E-02   1.612992E-02
           467      G      1.423077E-03  -6.064160E-05   1.407561E-04   3.309893E-02   5.104280E-03   2.037151E-02
           468      G      1.241378E-03  -1.348504E-03   7.530764E-03   1.063363E-01   1.126079E-01  -7.165540E-02
           469      G      1.518606E-03  -1.428785E-03  -5.355199E-03   1.189088E-01   7.860165E-02  -5.028919E-02
           470      G      1.451050E-03  -6.793749E-04  -4.401451E-03   1.819990E-01   3.606075E-02  -1.617359E-02
           471      G      1.383983E-03  -1.870610E-04  -3.376828E-03   1.640965E-01   4.049965E-02  -1.124252E-02
           472      G      1.345924E-03  -6.267646E-05  -2.022611E-03   1.049267E-01   5.613987E-02  -2.833615E-03
           473      G      1.331954E-03  -3.542676E-05   6.993566E-05  -5.793381E-03   7.371319E-02  -3.379543E-03
           474      G      1.139220E-03  -4.419494E-04  -7.791978E-03   1.104812E-01  -1.933226E-02  -2.697694E-02
           475      G      1.133714E-03  -1.739648E-04  -7.602600E-03   1.830319E-01   5.154005E-02  -7.013450E-03
           476      G      1.166822E-03  -5.504202E-05  -4.751204E-03   1.144650E-01   1.469352E-01  -5.789724E-03
           477      G      1.179905E-03  -3.558468E-05   2.295805E-04  -6.862099E-03   1.809322E-01  -6.186593E-03
           478      G      1.129935E-03  -6.212360E-04  -9.648758E-03   5.980643E-02   1.337319E-01  -2.002697E-02
           479      G      9.307996E-04  -3.196652E-04  -1.013506E-02   1.006559E-01  -5.826956E-02  -4.417568E-03
           480      G      9.790963E-04  -1.037453E-04  -1.070323E-02   9.685557E-02   5.462426E-02  -5.472313E-03
           481      G      1.034286E-03  -5.389086E-05  -6.883320E-03   7.411980E-02   2.081551E-01  -2.849564E-03
           482      G      8.938290E-04  -5.498167E-05  -1.093268E-02  -8.596780E-05  -7.164461E-02  -1.378221E-04
           483      G      9.103444E-04  -4.936026E-05  -1.170166E-02  -1.828822E-04   5.178423E-02  -2.027732E-04
           484      G      9.913137E-04  -4.386880E-05  -7.685776E-03  -1.445393E-04   2.219318E-01  -1.971685E-04
           485      G      1.064863E-03  -3.660207E-05   3.634116E-04  -4.702033E-03   2.734071E-01  -2.723546E-03
           486      G      1.020897E-03  -3.820087E-05   4.201464E-04  -1.165897E-04   3.140340E-01  -1.994198E-04
           487      G      1.510507E-03   1.289916E-03   5.138143E-03  -1.128680E-01   7.580979E-02  -4.795477E-02
           488      G      1.445245E-03   5.760751E-04   4.284941E-03  -1.772589E-01   3.239576E-02  -1.552060E-02
           489      G      1.380681E-03   1.075801E-04   3.388206E-03  -1.679404E-01   3.693949E-02  -1.076028E-02
           490      G      1.344168E-03  -1.023882E-05   2.126317E-03  -1.142966E-01   5.394868E-02  -2.711364E-03
           491      G      1.144825E-03   3.500666E-04   7.627406E-03  -1.100518E-01  -2.668658E-02  -2.571778E-02
           492      G      1.138472E-03   9.491767E-05   7.722302E-03  -1.871106E-01   4.233649E-02  -6.739862E-03
           493      G      1.169042E-03  -1.764443E-05   5.114236E-03  -1.255619E-01   1.406968E-01  -5.611354E-03
           494      G      1.135866E-03   5.204825E-04   9.205701E-03  -5.639547E-02   1.278790E-01  -1.906393E-02
           495      G      9.444085E-04   2.330627E-04   9.954098E-03  -9.906625E-02  -6.773587E-02  -4.258398E-03
           496      G      9.881860E-04   2.676622E-05   1.091129E-02  -9.986757E-02   4.116103E-02  -5.277150E-03
           497      G      1.038862E-03  -2.042621E-05   7.456658E-03  -8.104515E-02   1.982217E-01  -2.746189E-03
           498      G      9.068643E-04  -2.035699E-05   1.074746E-02   3.300581E-05  -8.242484E-02  -2.245364E-04
1                                                       **STUDENT EDITION*    APRIL  18, 2026  MSC Nastran  3/ 3/26   PAGE    97
     DEFAULT                                                                                                                        
0                                                                                                            SUBCASE 1              
      EIGENVALUE =  6.919126E+06
          CYCLES =  4.186449E+02         R E A L   E I G E N V E C T O R   N O .          9
 
      POINT ID.   TYPE          T1             T2             T3             R1             R2             R3
           499      G      9.210414E-04  -2.657937E-05   1.194726E-02  -2.933367E-05   3.764413E-02  -2.100704E-04
           500      G      9.967877E-04  -3.244973E-05   8.341112E-03  -6.818613E-05   2.095190E-01  -2.066081E-04
           501      G      1.495141E-03   1.306365E-03  -5.332236E-03  -1.186950E-01   7.794827E-02   4.987780E-02
           502      G      1.428104E-03   5.688943E-04  -4.389334E-03  -1.818629E-01   3.591534E-02   1.578340E-02
           503      G      1.360574E-03   8.827808E-05  -3.367311E-03  -1.639722E-01   4.047627E-02   1.084779E-02
           504      G      1.322084E-03  -2.495180E-05  -2.014192E-03  -1.048129E-01   5.605171E-02   2.440493E-03
           505      G      1.307811E-03  -4.090275E-05   7.606334E-05   5.897208E-03   7.364193E-02   2.980043E-03
           506      G      1.124186E-03   3.316412E-04  -7.781135E-03  -1.105629E-01  -1.933485E-02   2.664823E-02
           507      G      1.118532E-03   7.519050E-05  -7.592798E-03  -1.831177E-01   5.151962E-02   6.618764E-03
           508      G      1.151334E-03  -3.265116E-05  -4.742058E-03  -1.145107E-01   1.468850E-01   5.393410E-03
           509      G      1.164144E-03  -4.077833E-05   2.367406E-04   6.851165E-03   1.808408E-01   5.790922E-03
           510      G      1.122218E-03   5.008219E-04  -9.638838E-03  -6.036095E-02   1.333406E-01   1.976042E-02
           511      G      9.233198E-04   2.099995E-04  -1.012903E-02  -1.011058E-01  -5.825690E-02   4.016741E-03
           512      G      9.715166E-04   4.904703E-06  -1.069684E-02  -9.707422E-02   5.464007E-02   5.096580E-03
           513      G      1.026565E-03  -3.381232E-05  -6.877259E-03  -7.434655E-02   2.081198E-01   2.455663E-03
           514      G      1.057002E-03  -3.979741E-05   3.682655E-04   4.531330E-03   2.733497E-01   2.322533E-03
           515      G      1.485336E-03  -1.318128E-03   5.131642E-03   1.129961E-01   7.578300E-02   4.750857E-02
           516      G      1.420167E-03  -6.167642E-04   4.281381E-03   1.772921E-01   3.224790E-02   1.509148E-02
           517      G      1.355858E-03  -1.607942E-04   3.388751E-03   1.679963E-01   3.680459E-02   1.034732E-02
           518      G      1.319648E-03  -5.459717E-05   2.130015E-03   1.143870E-01   5.384127E-02   2.315060E-03
           519      G      1.128546E-03  -3.908078E-04   7.625697E-03   1.101599E-01  -2.676815E-02   2.528984E-02
           520      G      1.122304E-03  -1.480953E-04   7.723593E-03   1.871099E-01   4.220724E-02   6.326785E-03
           521      G      1.153062E-03  -4.724163E-05   5.118751E-03   1.255483E-01   1.405861E-01   5.201746E-03
           522      G      1.127757E-03  -5.485936E-04   9.204532E-03   5.647514E-02   1.278669E-01   1.861548E-02
           523      G      9.362825E-04  -2.736810E-04   9.953536E-03   9.906602E-02  -6.777919E-02   3.850360E-03
           524      G      9.801241E-04  -7.995888E-05   1.091230E-02   9.985004E-02   4.109305E-02   4.864879E-03
           525      G      1.030882E-03  -4.446152E-05   7.459657E-03   8.093640E-02   1.981419E-01   2.341017E-03
          1000      G      4.377848E-03  -4.246831E-06  -4.569916E-05  -8.372500E-04   4.986415E-01   6.074837E-01
          1001      G      4.463272E-03   1.842154E-04  -2.634969E-04  -4.170320E-04   6.899908E-04   2.329351E+00
          1002      G      4.032344E-03  -6.680507E-04  -2.775548E-04   4.503860E-04   4.598990E-04   2.114974E+00
          1003      G      4.539812E-03  -4.239306E-06   1.803961E-04  -1.063141E-02  -8.248913E+00  -3.913623E-02
          1004      G      4.026318E-03  -7.349964E-04   2.179126E-01  -7.893164E+00  -6.403921E+00  -1.933540E-02
          1005      G      4.229480E-03  -1.047155E-03   3.361409E-01  -1.407713E+01  -8.025901E-01  -4.735546E-04
          1006      G      2.210041E-04  -2.998919E-06   3.852566E-04  -3.592365E-05  -5.439539E-01  -2.021259E-04
          1007      G      2.899281E-03  -9.217302E-06   3.627607E-01   2.567083E-04  -2.115040E+01  -1.554589E-04
          1008      G      4.900563E-03  -1.102560E-05   6.416755E-01   3.028661E-04   8.828823E-01  -1.815870E-04
          1009      G      3.073782E-03  -1.742231E-03  -2.868245E-04   2.288681E-04  -9.532027E-04   1.487027E+00
          1010      G      1.933925E-03  -1.503750E-03  -3.628098E-04   1.126670E-03  -4.249775E-04   8.852166E-01
          1011      G      4.952150E-03  -1.343719E-03   1.887237E-01  -7.255043E+00   1.045136E+01   3.019652E-02
          1012      G      5.858903E-03  -1.385218E-04  -3.118202E-03   7.253982E-01   1.337283E+00  -2.084155E+00
          1013      G      6.578997E-03  -1.880262E-05   3.485457E-01  -1.941184E-03   1.973713E+01  -3.191066E-04
          1014      G      8.516462E-03  -2.552664E-05  -1.569897E-03  -2.820955E-03   1.875217E+00  -2.774098E-03
          1015      G      4.457078E-03  -1.944122E-04   2.528096E-04   4.228247E-04   6.996886E-04   2.330608E+00
          1016      G      4.023343E-03   6.777967E-04   2.670686E-04  -4.347884E-04   4.685329E-04   2.114837E+00
          1017      G      4.019306E-03   7.287715E-04  -2.176614E-01   7.879797E+00  -6.412293E+00  -1.918442E-02
          1018      G      4.220165E-03   1.022121E-03  -3.361525E-01   1.407143E+01  -8.123051E-01  -6.785255E-04
          1019      G      2.892415E-03   1.901955E-06  -3.623096E-01  -2.927259E-04  -2.117512E+01  -1.629109E-04
          1020      G      4.879344E-03   5.247226E-06  -6.416306E-01  -5.079976E-04   8.837113E-01  -1.474201E-04
          1021      G      3.077522E-03   1.637192E-03   2.768646E-04  -2.963790E-04  -9.731136E-04   1.530546E+00
          1022      G      1.895901E-03   1.605449E-03   3.525003E-04  -1.139884E-03  -4.083642E-04   9.032707E-01
1                                                       **STUDENT EDITION*    APRIL  18, 2026  MSC Nastran  3/ 3/26   PAGE    98
     DEFAULT                                                                                                                        
0                                                                                                            SUBCASE 1              
      EIGENVALUE =  6.919126E+06
          CYCLES =  4.186449E+02         R E A L   E I G E N V E C T O R   N O .          9
 
      POINT ID.   TYPE          T1             T2             T3             R1             R2             R3
          1023      G      4.912858E-03   1.351201E-03  -1.890011E-01   7.256196E+00   1.044242E+01   3.007396E-02
          1024      G      5.810498E-03   1.156510E-04   2.738427E-03  -7.233843E-01   1.341102E+00  -2.143545E+00
          1025      G      6.566108E-03   8.901943E-06  -3.488729E-01  -7.122612E-04   1.971419E+01  -1.556567E-04
          1026      G      8.512829E-03   1.265820E-05   1.010209E-03  -1.589656E-04   1.881498E+00   4.839625E-03
          1027      G      4.350846E-03  -1.046206E-06  -4.461808E-05   7.223055E-04   4.982112E-01  -5.958464E-01
          1028      G      4.432503E-03  -1.865543E-04  -2.623085E-04   4.717550E-04   6.771625E-04  -2.310418E+00
          1029      G      4.002141E-03   6.275896E-04  -2.760554E-04  -4.053871E-04   4.470655E-04  -2.096324E+00
          1030      G      4.524217E-03   3.047378E-07   1.755719E-04   9.311063E-03  -8.248771E+00   3.879320E-02
          1031      G      4.012953E-03   7.190166E-04   2.178983E-01   7.890665E+00  -6.403416E+00   1.885835E-02
          1032      G      4.214360E-03   1.012385E-03   3.361271E-01   1.407316E+01  -8.033572E-01   1.413844E-04
          1033      G      3.050648E-03   1.660737E-03  -2.866630E-04  -2.743789E-04  -9.346560E-04  -1.495141E+00
          1034      G      1.883374E-03   1.518073E-03  -3.631765E-04  -1.142290E-03  -3.862376E-04  -8.771020E-01
          1035      G      4.922290E-03   1.312221E-03   1.887441E-01   7.251080E+00   1.044980E+01  -3.049459E-02
          1036      G      5.833427E-03   8.750691E-05  -3.088456E-03  -7.321513E-01   1.338147E+00   2.139238E+00
          1037      G      4.431674E-03   1.948901E-04   2.527194E-04  -4.400546E-04   6.926597E-04  -2.317044E+00
          1038      G      3.998824E-03  -6.654080E-04   2.668063E-04   4.193714E-04   4.614661E-04  -2.101714E+00
          1039      G      4.005043E-03  -7.257618E-04  -2.176582E-01  -7.880450E+00  -6.411998E+00   1.889055E-02
          1040      G      4.206644E-03  -1.011272E-03  -3.361423E-01  -1.407165E+01  -8.120718E-01   3.923032E-04
          1041      G      3.053681E-03  -1.618128E-03   2.761346E-04   2.958090E-04  -9.763048E-04  -1.520677E+00
          1042      G      4.898834E-03  -1.333850E-03  -1.889858E-01  -7.256130E+00   1.044256E+01  -3.035358E-02
          1043      G      5.797246E-03  -9.092037E-05   2.740800E-03   7.228662E-01   1.339908E+00   2.152010E+00
          1044      G      1.870332E-03  -1.585200E-03   3.516945E-04   1.137768E-03  -4.102223E-04  -8.923751E-01
          2000      G     -1.120982E-02   3.429722E-06  -2.829075E-06  -1.357035E-02  -1.024602E+00  -2.421810E+00
          2001      G     -1.158795E-02   3.135939E-04  -5.129534E-04   5.162484E-03  -8.673984E-04  -5.679539E+00
          2002      G     -1.020785E-02  -2.850748E-04  -4.939153E-04   8.979767E-04   8.223495E-05  -4.993117E+00
          2003      G     -1.179200E-02   7.780380E-05  -2.524759E-02   9.686861E-01   3.350189E+01   1.529914E-01
          2004      G     -9.976164E-03   2.507828E-03  -9.041150E-01   3.282026E+01   2.610359E+01   6.798974E-02
          2005      G     -1.079790E-02   2.945645E-03  -1.383713E+00   5.784570E+01   3.382644E+00  -7.674333E-03
          2006      G      6.394154E-03  -5.946309E-08  -4.101772E-02  -1.901995E-04   3.217120E+00  -1.243373E-03
          2007      G     -4.864061E-03  -2.269934E-05  -1.500513E+00   6.503630E-03   8.455712E+01  -1.691311E-03
          2008      G     -1.281684E-02  -7.586905E-05  -2.621355E+00   8.053920E-03  -2.683178E+00  -2.101585E-03
          2009      G     -7.694291E-03   3.455586E-03  -4.546335E-04   3.571985E-03   1.790091E-03  -3.858016E+00
          2010      G     -4.184370E-03   3.872981E-03  -1.118470E-04   4.228948E-04  -8.798595E-05  -1.991455E+00
          2011      G     -1.290985E-02   3.379518E-03  -7.922631E-01   3.064110E+01  -4.216477E+01  -1.026994E-01
          2012      G     -1.571177E-02  -6.581295E-04  -2.930453E-02  -1.002529E+00  -4.322243E+00   4.867967E+00
          2013      G     -1.880645E-02  -1.348835E-04  -1.446313E+00   6.506541E-02  -7.994958E+01  -2.237798E-03
          2014      G     -2.563890E-02  -1.893875E-04  -4.327558E-02   8.960202E-03  -6.335293E+00   1.126171E-02
          2015      G     -1.165749E-02  -3.089564E-04   4.963676E-04  -5.093298E-03  -9.224611E-04  -5.709874E+00
          2016      G     -1.034166E-02   3.043442E-04   4.850842E-04  -8.630990E-04   7.193112E-05  -5.055598E+00
          2017      G     -9.826268E-03  -2.330269E-03   8.716064E-01  -3.177307E+01   2.725029E+01   7.246884E-02
          2018      G     -1.061679E-02  -2.876510E-03   1.378764E+00  -5.789641E+01   3.991975E+00   3.066005E-03
          2019      G     -4.333708E-03   2.051810E-05   1.457352E+00   7.024986E-04   8.730657E+01  -1.021499E-03
          2020      G     -1.151389E-02   3.291932E-05   2.629130E+00  -3.838362E-03  -2.318080E+00  -8.750448E-04
          2021      G     -8.038235E-03  -3.740141E-03   4.450838E-04  -3.629613E-03   1.809108E-03  -3.989345E+00
          2022      G     -4.539671E-03  -4.101477E-03   1.062627E-04  -5.219284E-04  -4.557102E-05  -2.135525E+00
          2023      G     -1.260853E-02  -3.407491E-03   7.916185E-01  -3.051548E+01  -4.231367E+01  -8.518450E-02
          2024      G     -1.565412E-02  -1.543094E-05   2.810586E-02   1.502159E+00  -4.135706E+00   6.342941E+00
          2025      G     -1.745712E-02   5.188826E-05   1.451276E+00  -3.769189E-03  -8.040605E+01  -8.498030E-04
          2026      G     -2.376297E-02   7.057017E-05   4.192180E-02   1.162986E-03  -6.177832E+00   3.885595E-02
          2027      G     -1.141499E-02  -1.755520E-05   4.477501E-06   1.462501E-02  -1.027677E+00   2.510608E+00
1                                                       **STUDENT EDITION*    APRIL  18, 2026  MSC Nastran  3/ 3/26   PAGE    99
     DEFAULT                                                                                                                        
0                                                                                                            SUBCASE 1              
      EIGENVALUE =  6.919126E+06
          CYCLES =  4.186449E+02         R E A L   E I G E N V E C T O R   N O .          9
 
      POINT ID.   TYPE          T1             T2             T3             R1             R2             R3
          2028      G     -1.184244E-02  -3.203971E-04  -5.115369E-04  -5.088104E-03  -8.813149E-04   5.809876E+00
          2029      G     -1.052959E-02   2.344826E-04  -4.923811E-04  -8.216338E-04   6.478152E-05   5.157000E+00
          2030      G     -1.193468E-02  -7.192367E-05  -2.526977E-02  -9.005084E-01   3.351017E+01  -1.547725E-01
          2031      G     -1.013953E-02  -2.540650E-03  -9.042191E-01  -3.271203E+01   2.609512E+01  -7.072757E-02
          2032      G     -1.097014E-02  -3.065875E-03  -1.384088E+00  -5.766333E+01   3.420667E+00   3.821630E-03
          2033      G     -8.086172E-03  -3.728163E-03  -4.541502E-04  -3.576232E-03   1.815063E-03   4.035759E+00
          2034      G     -4.583792E-03  -4.206047E-03  -1.157540E-04  -5.141942E-04  -5.592814E-05   2.174037E+00
          2035      G     -1.310027E-02  -3.610720E-03  -7.935010E-01  -3.039531E+01  -4.215334E+01   9.679198E-02
          2036      G     -1.594804E-02   1.736784E-04  -2.960827E-02   1.500144E+00  -4.392950E+00  -6.706263E+00
          2037      G     -1.183373E-02   3.110382E-04   4.963161E-04   5.074940E-03  -9.305036E-04   5.798577E+00
          2038      G     -1.050546E-02  -2.882759E-04   4.848159E-04   8.355647E-04   6.326637E-05   5.138093E+00
          2039      G     -9.944912E-03   2.353626E-03   8.716433E-01   3.181268E+01   2.724867E+01  -7.402179E-02
          2040      G     -1.071275E-02   2.933098E-03   1.378874E+00   5.792292E+01   3.996977E+00  -4.748682E-03
          2041      G     -8.197677E-03   3.827609E-03   4.443850E-04   3.627886E-03   1.805797E-03   4.066969E+00
          2042      G     -4.695515E-03   4.250738E-03   1.055807E-04   5.242829E-04  -5.044952E-05   2.211177E+00
          2043      G     -1.268960E-02   3.502508E-03   7.917612E-01   3.053058E+01  -4.231517E+01   8.338706E-02
          2044      G     -1.573030E-02   1.573284E-04   2.813763E-02  -1.500232E+00  -4.143547E+00  -6.266640E+00
          3000      G     -1.512546E-03  -2.293507E-05  -2.345620E-05  -1.671622E-03   1.790346E-02  -8.171707E-01
          3001      G     -1.494697E-03   6.280823E-05   1.597408E-05  -2.418913E-02   3.079783E-03  -8.198967E-01
          3002      G     -1.458791E-03   2.548853E-05  -3.548004E-04  -1.409496E-02   1.515275E-03  -7.296065E-01
          3003      G     -1.583383E-03  -2.403432E-05   1.653980E-04  -1.161691E-02  -1.845703E-01  -1.528252E-03
          3004      G     -1.619427E-03  -1.599813E-05   6.048911E-03  -2.145040E-01  -2.018415E-01  -1.018063E-03
          3005      G     -1.667498E-03   4.241191E-06   7.487699E-03  -3.717719E-01   1.181171E-01  -1.281779E-03
          3006      G     -1.789482E-03  -2.168094E-05   4.872130E-04  -1.594331E-03  -1.274679E-01  -3.135163E-04
          3007      G     -1.704457E-03  -3.257224E-05   1.000378E-02  -4.923432E-03  -4.144253E-01  -3.509511E-04
          3008      G     -1.654141E-03  -3.788790E-05   1.599427E-02  -1.321780E-03  -8.087158E-02  -3.859860E-04
          3009      G     -1.403254E-03  -6.463546E-05  -1.054776E-03   5.530282E-02   2.396127E-02  -7.584293E-01
          3010      G     -1.322620E-03  -1.778961E-04  -2.517211E-03   7.973528E-02  -2.411438E-02  -6.036012E-01
          3011      G     -1.684131E-03  -2.515197E-05  -1.897339E-03  -9.209504E-02   4.944223E-01  -4.487359E-03
          3012      G     -1.745119E-03  -2.196775E-04  -9.327415E-03   1.618532E-01  -1.200665E-01  -1.008832E+00
          3013      G     -1.784063E-03  -4.790045E-05   1.384393E-03  -2.937500E-03   9.821561E-01  -5.768132E-04
          3014      G     -1.838539E-03  -6.833816E-05  -1.283897E-02   1.648392E-02  -9.414998E-02  -7.592898E-02
          3015      G     -1.498543E-03  -1.120970E-04  -5.651690E-05   2.225759E-02   2.065207E-03  -8.281630E-01
          3016      G     -1.467467E-03  -9.185370E-05   3.193189E-04   1.674832E-02  -1.919744E-03  -7.128516E-01
          3017      G     -1.620385E-03  -3.367014E-05  -6.076947E-03   2.087390E-01  -2.237078E-01  -1.005159E-03
          3018      G     -1.671129E-03  -5.202857E-05  -7.950298E-03   3.791905E-01   1.099054E-01  -1.250179E-03
          3019      G     -1.705763E-03  -1.794088E-05  -9.738453E-03  -1.957378E-03  -4.626844E-01  -2.844691E-04
          3020      G     -1.657928E-03  -8.267953E-06  -1.651741E-02  -1.655898E-03  -8.118054E-02  -2.829157E-04
          3021      G     -1.417814E-03   2.684203E-05   1.012942E-03  -5.507232E-02   1.784666E-02  -7.351971E-01
          3022      G     -1.347292E-03   1.333051E-04   2.462431E-03  -6.035587E-02  -4.445964E-02  -5.523986E-01
          3023      G     -1.690166E-03  -2.469473E-05   1.349395E-03   1.020160E-01   4.928890E-01  -4.381703E-03
          3024      G     -1.742076E-03   1.727379E-04   8.950978E-03  -1.768768E-01  -1.147448E-01  -1.097491E+00
          3025      G     -1.780012E-03  -3.676709E-06  -2.043031E-03  -1.013396E-04   9.785213E-01  -2.440296E-04
          3026      G     -1.834298E-03   2.772704E-06   1.225316E-02   1.427489E-03  -9.440398E-02   1.010430E-02
          3027      G     -1.566284E-03  -3.769333E-05  -2.502500E-05   1.626718E-03   2.366486E-02   8.571826E-01
          3028      G     -1.554325E-03  -1.378863E-04   2.656348E-05   2.481990E-02  -1.344909E-03   8.289717E-01
          3029      G     -1.524649E-03  -1.286381E-04  -3.407794E-04   1.677295E-02  -2.559060E-03   7.296801E-01
          3030      G     -1.612738E-03  -2.866907E-05   3.753662E-04   1.220116E-02  -1.877384E-01   8.975058E-04
          3031      G     -1.652582E-03  -5.316788E-05   6.339988E-03   2.175122E-01  -2.030458E-01   3.707527E-04
          3032      G     -1.707529E-03  -8.711341E-05   7.739883E-03   3.697413E-01   1.187418E-01   5.507969E-04
1                                                       **STUDENT EDITION*    APRIL  18, 2026  MSC Nastran  3/ 3/26   PAGE   100
     DEFAULT                                                                                                                        
0                                                                                                            SUBCASE 1              
      EIGENVALUE =  6.919126E+06
          CYCLES =  4.186449E+02         R E A L   E I G E N V E C T O R   N O .          9
 
      POINT ID.   TYPE          T1             T2             T3             R1             R2             R3
          3033      G     -1.474539E-03  -2.615838E-05  -1.058492E-03  -5.899234E-02   1.964226E-02   7.615472E-01
          3034      G     -1.393139E-03   6.196682E-05  -2.539721E-03  -6.181118E-02  -4.893158E-02   5.390769E-01
          3035      G     -1.731304E-03  -7.855469E-05  -1.712412E-03   9.467354E-02   4.962447E-01   3.781193E-03
          3036      G     -1.797848E-03   1.087747E-04  -9.314483E-03  -1.904365E-01  -1.202987E-01   1.152709E+00
          3037      G     -1.549132E-03   7.162296E-05  -5.623243E-05  -2.316964E-02   4.351991E-04   8.360524E-01
          3038      G     -1.515444E-03   6.314888E-05   3.168849E-04  -1.715268E-02  -1.907508E-03   7.259314E-01
          3039      G     -1.646829E-03  -3.249175E-06  -5.909645E-03  -2.070889E-01  -2.230872E-01   4.118400E-04
          3040      G     -1.695696E-03   2.963232E-05  -7.810986E-03  -3.777315E-01   1.071048E-01   6.781525E-04
          3041      G     -1.464645E-03  -3.512787E-05   1.009515E-03   5.454160E-02   1.770499E-02   7.478276E-01
          3042      G     -1.392955E-03  -1.251661E-04   2.456933E-03   5.998055E-02  -4.504126E-02   5.623579E-01
          3043      G     -1.713079E-03   1.709686E-05   1.413089E-03  -1.016855E-01   4.897334E-01   3.815251E-03
          3044      G     -1.765528E-03  -1.660818E-04   8.954114E-03   1.759836E-01  -1.160128E-01   1.103992E+00
          4000      G      1.434264E-03  -4.029409E-05  -2.593625E-05   2.669807E-04   3.201352E-02   2.697582E-01
          4001      G      1.466645E-03   1.241469E-04   2.270198E-04  -8.270634E-02   3.411234E-02   2.411291E-01
          4002      G      1.467168E-03   2.585335E-05  -3.129007E-04  -3.387231E-02   4.251107E-02   2.080690E-01
          4003      G      1.535583E-03  -4.096643E-05   1.216873E-04  -7.237627E-03  -8.587950E-01  -2.552334E-03
          4004      G      1.461787E-03  -5.902420E-05   2.168171E-02  -7.266556E-01  -5.651862E-01  -1.000131E-03
          4005      G      1.447995E-03  -6.229766E-05   3.168276E-02  -1.351972E+00  -2.472771E-02  -5.595897E-04
          4006      G      1.071578E-03  -4.105681E-05   2.799448E-04   3.288656E-04   3.748802E-02  -2.163348E-04
          4007      G      1.335794E-03  -4.710054E-05   3.468706E-02   8.827482E-05  -2.056917E+00  -2.127514E-04
          4008      G      1.502129E-03  -5.269372E-05   6.042950E-02   3.169827E-04   1.889094E-01  -2.110425E-04
          4009      G      1.424069E-03  -9.775992E-05  -9.204729E-04  -1.004070E-01  -3.192706E-02   4.520486E-01
          4010      G      1.317751E-03  -2.752802E-04  -2.521548E-03   1.790240E-03   1.062483E-01  -2.902553E-01
          4011      G      1.485177E-03  -1.404247E-04   1.471789E-02  -5.949481E-01   1.153537E+00   7.953030E-04
          4012      G      1.562505E-03  -1.045320E-04  -7.272762E-03   1.424993E-01   2.059234E-01  -9.112305E-01
          4013      G      1.620658E-03  -5.849998E-05   2.771320E-02   3.451980E-04   2.084764E+00  -1.993457E-04
          4014      G      1.783198E-03  -6.296354E-05  -9.648396E-03  -1.109670E-03   2.734559E-01   9.873558E-03
          4015      G      1.466410E-03  -2.052369E-04  -2.717055E-04   8.298896E-02   3.461754E-02   2.394256E-01
          4016      G      1.466652E-03  -1.093991E-04   2.689784E-04   3.517514E-02   4.296152E-02   2.066236E-01
          4017      G      1.461844E-03  -2.336221E-05  -2.155407E-02   7.186172E-01  -5.721513E-01  -9.959687E-04
          4018      G      1.448328E-03  -2.068218E-05  -3.176884E-02   1.350557E+00  -3.209448E-02  -5.718633E-04
          4019      G      1.334637E-03  -3.519206E-05  -3.439398E-02   2.007051E-04  -2.076008E+00  -2.167486E-04
          4020      G      1.498588E-03  -2.905555E-05  -6.048012E-02   3.865857E-04   1.870390E-01  -2.153832E-04
          4021      G      1.423897E-03   1.220822E-05   8.655835E-04   1.025494E-01  -3.357313E-02   4.594750E-01
          4022      G      1.317759E-03   1.908919E-04   2.430934E-03  -1.743754E-03   1.069963E-01  -2.887957E-01
          4023      G      1.484548E-03   5.738243E-05  -1.497756E-02   5.978238E-01   1.148517E+00   7.979737E-04
          4024      G      1.561601E-03   1.979580E-05   6.916919E-03  -1.353459E-01   2.049316E-01  -8.790965E-01
          4025      G      1.618154E-03  -2.343906E-05  -2.802009E-02   3.584029E-04   2.070992E+00  -2.120430E-04
          4026      G      1.779950E-03  -1.777198E-05   9.144822E-03   1.469909E-04   2.715851E-01  -2.304757E-03
          4027      G      1.399805E-03  -4.199217E-05  -2.158717E-05   4.786587E-04   3.174831E-02  -2.673946E-01
          4028      G      1.432420E-03  -2.181685E-04   2.345383E-04   8.339175E-02   3.388170E-02  -2.396242E-01
          4029      G      1.433342E-03  -1.313341E-04  -3.029648E-04   3.464969E-02   4.271840E-02  -2.042904E-01
          4030      G      1.518210E-03  -4.139552E-05   1.370236E-04   6.738568E-03  -8.590749E-01   2.119190E-03
          4031      G      1.444514E-03  -3.504802E-05   2.170379E-02   7.262719E-01  -5.653632E-01   5.718961E-04
          4032      G      1.430883E-03  -4.343324E-05   3.170833E-02   1.351137E+00  -2.488757E-02   1.424907E-04
          4033      G      1.390237E-03  -1.893388E-05  -9.128898E-04   1.009429E-01  -3.280185E-02  -4.522740E-01
          4034      G      1.283589E-03   1.486437E-04  -2.515940E-03  -4.381254E-03   1.088233E-01   3.028369E-01
          4035      G      1.468466E-03   2.422805E-05   1.473986E-02   5.940752E-01   1.153821E+00  -1.215548E-03
          4036      G      1.546466E-03  -2.333098E-05  -7.247716E-03  -1.405651E-01   2.058091E-01   9.022349E-01
          4037      G      1.431850E-03   1.348582E-04  -2.677169E-04  -8.222568E-02   3.460190E-02  -2.365266E-01
1                                                       **STUDENT EDITION*    APRIL  18, 2026  MSC Nastran  3/ 3/26   PAGE   101
     DEFAULT                                                                                                                        
0                                                                                                            SUBCASE 1              
      EIGENVALUE =  6.919126E+06
          CYCLES =  4.186449E+02         R E A L   E I G E N V E C T O R   N O .          9
 
      POINT ID.   TYPE          T1             T2             T3             R1             R2             R3
          4038      G      1.432142E-03   5.109439E-05   2.729427E-04  -3.431158E-02   4.279923E-02  -2.047030E-01
          4039      G      1.444474E-03  -4.697057E-05  -2.154200E-02  -7.189159E-01  -5.723082E-01   5.595199E-04
          4040      G      1.431052E-03  -3.765381E-05  -3.176162E-02  -1.351017E+00  -3.226684E-02   1.344150E-04
          4041      G      1.389765E-03  -5.872713E-05   8.677761E-04  -1.013702E-01  -3.368574E-02  -4.577893E-01
          4042      G      1.284287E-03  -2.250387E-04   2.429415E-03   2.514627E-03   1.062916E-01   2.873613E-01
          4043      G      1.467351E-03  -1.038890E-04  -1.497369E-02  -5.982867E-01   1.148296E+00  -1.227719E-03
          4044      G      1.544205E-03  -5.520395E-05   6.915333E-03   1.354902E-01   2.046308E-01   8.740899E-01
1                                                       **STUDENT EDITION*    APRIL  18, 2026  MSC Nastran  3/ 3/26   PAGE   102
     DEFAULT                                                                                                                        
0                                                                                                            SUBCASE 1              
      EIGENVALUE =  7.062584E+06
          CYCLES =  4.229626E+02         R E A L   E I G E N V E C T O R   N O .         10
 
      POINT ID.   TYPE          T1             T2             T3             R1             R2             R3
             1      G      0.0            0.0            0.0            0.0            0.0            0.0
             2      G      0.0            0.0            0.0            0.0            0.0            0.0
             3      G      0.0            0.0            0.0            0.0            0.0            0.0
             4      G      0.0            0.0            0.0            0.0            0.0            0.0
             5      G      0.0            0.0            0.0            0.0            0.0            0.0
             6      G      0.0            0.0            0.0            0.0            0.0            0.0
             7      G      0.0            0.0            0.0            0.0            0.0            0.0
             8      G      0.0            0.0            0.0            0.0            0.0            0.0
            10      G      2.088890E-05   1.935492E-06   8.374470E-05   1.255497E-04  -2.782762E-06  -1.701464E-03
            11      G     -2.098829E-05   1.666624E-06  -8.383900E-05   1.267147E-04   1.525229E-06  -1.707770E-03
            12      G      1.768804E-05   4.243107E-06   2.182297E-04   1.286564E-04   3.712725E-05  -3.388501E-03
            13      G     -1.801106E-05   4.069272E-06  -2.185002E-04   1.294622E-04  -3.807602E-05  -3.415526E-03
            14      G     -1.863331E-05   4.145324E-06   2.179277E-04   1.294589E-04  -4.128223E-05   3.422339E-03
            15      G      1.952614E-05   3.950016E-06  -2.176862E-04   1.295280E-04   4.508307E-05   3.284107E-03
            16      G     -2.200422E-05  -5.896872E-08   8.363558E-05   1.337701E-04  -2.789827E-06   1.625586E-03
            17      G      2.075542E-05   7.130792E-06  -8.268634E-05   9.892867E-05   4.309935E-06   2.186614E-03
           100      G      3.081787E-05  -1.443570E-05  -7.382443E-04  -6.272296E-03   1.107420E-04  -1.727959E-03
           101      G      3.128570E-06  -2.778625E-05  -3.106332E-04  -7.624168E-03  -1.730739E-04   1.121725E-03
           102      G      2.193531E-05  -9.411279E-06  -6.293867E-04  -2.189780E-03   6.252225E-03  -1.860517E-04
           103      G     -5.416807E-07  -1.020988E-05  -1.786964E-04  -7.038633E-03   5.936441E-03  -5.077791E-04
           104      G      1.150620E-06  -2.239730E-05  -7.606212E-04  -9.321508E-03   1.464084E-03   2.482167E-06
           105      G     -2.082344E-07  -1.780991E-05  -2.834479E-05  -6.920978E-03   3.846201E-04  -2.019793E-06
           106      G      4.415694E-05   6.567480E-05  -2.195050E-04   1.295280E-04   4.508307E-05   3.284107E-03
           107      G      4.415694E-05  -2.196981E-05  -2.183018E-04   1.295280E-04   4.508307E-05   3.284107E-03
           108      G      4.568434E-07  -7.518960E-05  -1.044749E-03  -1.647475E-02  -1.228177E-04  -4.064627E-05
           109      G      3.715502E-05   2.353040E-05  -8.346063E-05   9.892867E-05   4.309935E-06   2.186614E-03
           110      G      1.973864E-05  -5.305931E-05  -1.095191E-03   6.817923E-03   1.469088E-04  -7.049950E-03
           111      G      3.715502E-05  -3.755813E-05  -8.334022E-05   9.892867E-05   4.309935E-06   2.186614E-03
           112      G      4.130846E-05  -5.546658E-05  -8.583094E-04  -5.585393E-04   1.433643E-02  -5.303461E-04
           113      G     -8.321114E-07  -2.970985E-04  -4.975875E-05  -4.490000E-02   5.566589E-04   1.792572E-02
           114      G      5.475270E-06  -5.616875E-05  -1.798601E-04  -2.018724E-02  -6.268361E-03  -1.035247E-02
           115      G     -2.700272E-05  -1.617519E-05  -4.879830E-04  -1.683319E-02  -5.741826E-04   1.845716E-03
           116      G      2.280068E-06  -2.996187E-05   2.776057E-04  -7.910122E-03  -2.463480E-04  -1.170725E-03
           117      G     -1.862749E-05  -8.760167E-06  -4.829778E-04  -7.862143E-03  -1.901429E-03   1.891297E-04
           118      G     -1.195587E-06  -1.064463E-05   1.340568E-04  -7.246131E-03   6.434642E-03   5.710663E-04
           119      G     -4.362750E-05   6.826407E-05  -2.201868E-04   1.294622E-04  -3.807602E-05  -3.415526E-03
           120      G     -4.362750E-05  -2.288777E-05  -2.191706E-04   1.294622E-04  -3.807602E-05  -3.415526E-03
           121      G     -3.379657E-05   1.447490E-05  -8.477792E-05   1.267147E-04   1.525229E-06  -1.707770E-03
           122      G     -4.986460E-06  -6.920323E-05  -1.237781E-03   5.735698E-03  -2.051471E-03   6.553085E-03
           123      G     -3.379657E-05  -3.323593E-05  -8.482053E-05   1.267147E-04   1.525229E-06  -1.707770E-03
           124      G     -3.500568E-05  -6.148895E-05  -7.894346E-04  -6.749815E-03  -2.382706E-02   7.009041E-04
           125      G      4.263692E-06  -3.157201E-04   1.146431E-06  -4.610689E-02  -6.976770E-04  -1.949059E-02
           126      G      5.027808E-06  -6.101454E-05   1.475977E-04  -2.053451E-02  -5.500259E-03   1.112166E-02
           127      G     -2.504007E-05  -1.503678E-05   4.943519E-04  -1.724320E-02  -1.037363E-03  -1.858937E-03
           128      G     -1.746772E-05  -7.894023E-06   4.834728E-04  -8.585930E-03  -1.818839E-03  -1.857581E-04
           129      G      1.530966E-06  -2.244496E-05   7.617664E-04  -1.020820E-02   1.782126E-03   1.932603E-05
           130      G     -4.430086E-05   6.846819E-05   2.196745E-04   1.294589E-04  -4.128223E-05   3.422339E-03
           131      G     -4.430086E-05  -2.286550E-05   2.185728E-04   1.294589E-04  -4.128223E-05   3.422339E-03
           132      G      5.784916E-08  -7.406404E-05   1.038228E-03  -1.634948E-02  -1.800440E-04  -7.533042E-05
           133      G     -3.419611E-05   1.213293E-05   8.465978E-05   1.337701E-04  -2.789827E-06   1.625586E-03
1                                                       **STUDENT EDITION*    APRIL  18, 2026  MSC Nastran  3/ 3/26   PAGE   103
     DEFAULT                                                                                                                        
0                                                                                                            SUBCASE 1              
      EIGENVALUE =  7.062584E+06
          CYCLES =  4.229626E+02         R E A L   E I G E N V E C T O R   N O .         10
 
      POINT ID.   TYPE          T1             T2             T3             R1             R2             R3
           134      G     -1.129713E-06  -7.404448E-05   1.244014E-03   4.614188E-03  -2.563358E-03  -4.668814E-03
           135      G     -3.419611E-05  -3.328188E-05   8.458184E-05   1.337701E-04  -2.789827E-06   1.625586E-03
           136      G     -3.201594E-05  -5.834108E-05   7.985410E-04  -7.155657E-03  -2.359793E-02  -7.593523E-04
           137      G      3.016278E-05  -1.513226E-05   7.956014E-04  -7.067578E-03   1.013815E-03   1.765723E-03
           138      G      2.207151E-05  -9.289149E-06   6.568534E-04  -3.045445E-03   7.438695E-03   1.897908E-04
           139      G      4.310180E-05   6.792998E-05   2.198924E-04   1.286564E-04   3.712725E-05  -3.388501E-03
           140      G      4.310180E-05  -2.250065E-05   2.189016E-04   1.286564E-04   3.712725E-05  -3.388501E-03
           141      G      3.364988E-05   1.469647E-05   8.466545E-05   1.255497E-04  -2.782762E-06  -1.701464E-03
           142      G      1.144465E-05  -6.874537E-05   1.240040E-03   5.404072E-03   1.166613E-03   6.599195E-03
           143      G      3.364988E-05  -3.283819E-05   8.474319E-05   1.255497E-04  -2.782762E-06  -1.701464E-03
           144      G      3.884705E-05  -6.187410E-05   9.572426E-04  -1.651767E-03   1.659457E-02   6.466513E-04
           200      G      3.729078E-05   2.041414E-05  -8.346063E-05   9.892867E-05   4.309935E-06   2.186614E-03
           201      G      3.729078E-05  -4.067438E-05  -8.334022E-05   9.892867E-05   4.309935E-06   2.186614E-03
           202      G      4.557706E-05   6.159467E-05  -2.195050E-04   1.295280E-04   4.508307E-05   3.284107E-03
           203      G      4.557706E-05  -2.604994E-05  -2.183018E-04   1.295280E-04   4.508307E-05   3.284107E-03
           204      G      2.772959E-06   1.485986E-04  -1.453723E-03   5.590729E-04   1.140978E-04  -1.267111E-03
           205      G     -2.523014E-05   9.877954E-05  -1.310573E-03   3.362585E-02   1.270727E-02  -2.269801E-02
           206      G     -7.113087E-06   2.429668E-05  -8.992730E-05  -1.062360E-01   2.598281E-03   2.463275E-02
           207      G     -3.374852E-05   1.048339E-05  -8.477792E-05   1.267147E-04   1.525229E-06  -1.707770E-03
           208      G     -3.374852E-05  -3.722744E-05  -8.482053E-05   1.267147E-04   1.525229E-06  -1.707770E-03
           209      G     -4.482689E-05   6.418602E-05  -2.201868E-04   1.294622E-04  -3.807602E-05  -3.415526E-03
           210      G     -4.482689E-05  -2.696583E-05  -2.191706E-04   1.294622E-04  -3.807602E-05  -3.415526E-03
           211      G      5.126731E-05   8.755244E-05  -1.503347E-03   5.367360E-02  -1.509639E-02   2.611426E-02
           212      G     -1.601165E-06   2.236938E-05  -1.236243E-06  -1.506955E-01   1.037457E-03  -3.652966E-02
           213      G     -3.428399E-05   7.919167E-06   8.465978E-05   1.337701E-04  -2.789827E-06   1.625586E-03
           214      G     -3.428399E-05  -3.749564E-05   8.458184E-05   1.337701E-04  -2.789827E-06   1.625586E-03
           215      G     -4.560125E-05   6.439023E-05   2.196745E-04   1.294589E-04  -4.128223E-05   3.422339E-03
           216      G     -4.560125E-05  -2.694345E-05   2.185728E-04   1.294589E-04  -4.128223E-05   3.422339E-03
           217      G     -2.184838E-06   1.523886E-04   1.443452E-03   1.349491E-04   2.826646E-04   2.949782E-04
           218      G      5.107825E-05   6.147447E-05   1.528291E-03   3.610233E-02  -1.533271E-02  -1.884735E-02
           219      G      3.356223E-05   1.074166E-05   8.466545E-05   1.255497E-04  -2.782762E-06  -1.701464E-03
           220      G      3.356223E-05  -3.679300E-05   8.474319E-05   1.255497E-04  -2.782762E-06  -1.701464E-03
           221      G      4.427131E-05   6.387730E-05   2.198924E-04   1.286564E-04   3.712725E-05  -3.388501E-03
           222      G      4.427131E-05  -2.655332E-05   2.189016E-04   1.286564E-04   3.712725E-05  -3.388501E-03
           223      G     -5.190798E-05   8.499739E-05   1.504677E-03   5.470189E-02   1.628291E-02   2.581495E-02
           224      G     -3.465809E-06   1.370807E-05   5.009078E-05  -2.792985E-02   1.390393E-03  -1.735607E-03
           225      G      4.314122E-06   2.710239E-05   6.508938E-04  -3.243738E-03   2.708064E-04   1.454242E-03
           226      G     -6.482927E-06   6.338754E-05  -1.638502E-04  -1.697573E-02  -1.268217E-02  -4.998420E-04
           227      G      1.107512E-05   3.624272E-05   3.482770E-04  -1.017509E-02  -1.360418E-02  -1.065720E-03
           228      G      4.080829E-06   4.559050E-05  -8.540915E-04  -4.357057E-02  -4.181341E-03   3.883792E-04
           229      G      8.872180E-06   5.688693E-05  -5.445345E-07  -9.529360E-04  -1.266399E-03  -2.469354E-05
           230      G     -9.652392E-06   2.626069E-05  -4.901185E-04  -2.305385E-03   3.602762E-02   5.336325E-04
           231      G     -1.748586E-06   2.970458E-05   3.076980E-04  -4.138638E-02   1.298512E-02  -3.351652E-03
           232      G      1.451560E-05   1.708016E-05  -5.901158E-04  -4.605588E-03  -2.447131E-03   1.841613E-03
           233      G      2.057465E-06   2.757920E-05  -6.934214E-04  -3.104960E-03   1.851911E-04  -1.389817E-03
           234      G      1.434225E-05   6.314636E-05  -5.304387E-04  -4.464891E-03   1.839926E-03   5.873860E-04
           235      G      1.010631E-05   3.595639E-05  -3.689255E-04  -9.756234E-03  -1.445750E-02   1.052571E-03
           236      G      2.575553E-05   2.283664E-05  -8.971112E-04   1.700339E-02  -2.673365E-02  -4.512345E-04
           237      G     -2.982953E-06   3.059820E-05  -3.659292E-04  -5.733047E-02   1.528895E-02   4.870370E-03
           238      G      1.327583E-05   1.712822E-05   7.797636E-04  -3.580158E-03  -4.580218E-03  -1.919357E-03
1                                                       **STUDENT EDITION*    APRIL  18, 2026  MSC Nastran  3/ 3/26   PAGE   104
     DEFAULT                                                                                                                        
0                                                                                                            SUBCASE 1              
      EIGENVALUE =  7.062584E+06
          CYCLES =  4.229626E+02         R E A L   E I G E N V E C T O R   N O .         10
 
      POINT ID.   TYPE          T1             T2             T3             R1             R2             R3
           239      G      1.276840E-05   6.363107E-05   6.478008E-04  -3.851064E-03  -1.728506E-03  -6.086037E-04
           240      G      2.277576E-06   4.681852E-05   8.984525E-04  -4.312049E-02  -5.659817E-03  -2.364304E-04
           241      G      2.478664E-05   2.100169E-05   1.033160E-03   1.195165E-02  -2.146187E-02   2.071245E-04
           242      G     -1.095042E-05   1.441670E-05  -1.250480E-04  -2.864982E-02   9.447230E-04   1.751787E-03
           243      G     -1.122079E-05   6.530359E-05   1.461312E-04  -1.749107E-02  -1.587027E-02   5.027429E-04
           244      G     -2.337086E-05   2.370664E-05   5.110377E-04   4.594503E-03   4.443563E-02  -4.185049E-04
           300      G     -2.224392E-04   7.641055E-03  -2.277397E-03   1.151871E+00   3.515744E-02  -2.012055E-01
           301      G     -8.446853E-05   6.235376E-03  -2.066326E-03   6.898418E-01  -6.393510E-02  -6.911032E-02
           302      G     -3.333668E-05   1.100006E-02  -4.092156E-03   2.098889E+00   2.116957E-02  -4.740463E-02
           303      G     -1.736583E-04   7.148928E-04   1.411399E-04  -9.907676E-01   5.986445E-02  -2.788663E-03
           304      G     -3.846036E-05   7.718020E-04  -5.765192E-04  -5.628590E-01   1.217700E-01  -1.022666E-01
           305      G      1.658938E-03   6.915438E-04  -2.219213E-03  -8.017486E-01  -2.769344E-01   1.373068E-01
           306      G     -1.417010E-04   3.963627E-04  -2.983794E-04   3.682623E+00   9.207683E-03  -3.384262E-01
           307      G      2.417374E-04   7.974330E-03  -2.301586E-03   1.233136E+00  -4.723704E-02   2.597319E-01
           308      G      1.018581E-04   5.800297E-03  -2.098802E-03   6.061246E-01   1.040485E-01   6.080506E-02
           309      G      3.908039E-04   5.387265E-04   2.197816E-04  -1.174908E+00  -4.357171E-02   7.941367E-03
           310      G      5.784393E-05   3.270922E-04  -6.241224E-04  -6.806306E-01  -1.487684E-01   1.027181E-01
           311      G     -1.711472E-03   6.023159E-04  -2.535627E-03  -1.134175E+00   2.039380E-01  -2.223189E-01
           312      G     -4.787719E-05   4.815756E-04   2.574361E-06   4.895757E+00  -1.408004E-02   4.597715E-01
           313      G      2.247076E-04   7.957389E-03   2.278365E-03   1.212265E+00  -4.656243E-02  -2.607254E-01
           314      G      8.306717E-05   5.799290E-03   2.097375E-03   6.036419E-01   1.113774E-01  -6.579930E-02
           315      G     -1.357613E-05   1.121106E-02   4.099409E-03   2.149132E+00  -1.841863E-03  -1.463411E-03
           316      G      3.712470E-04   4.632044E-04  -2.421234E-04  -1.209237E+00  -2.842049E-02  -1.282818E-03
           317      G      4.879113E-05   3.302244E-04   6.341369E-04  -6.807517E-01  -1.524785E-01  -1.061229E-01
           318      G     -1.615854E-03   5.440027E-04   2.670732E-03  -8.425270E-01   1.995706E-01   1.441432E-01
           319      G     -2.568662E-04   8.000487E-03   2.303811E-03   1.240758E+00   4.427451E-02   2.609128E-01
           320      G     -1.138275E-04   5.833444E-03   2.102572E-03   6.182251E-01  -1.106621E-01   6.547513E-02
           321      G     -4.263672E-04   5.073331E-04  -2.225360E-04  -1.167266E+00   2.960682E-02   8.598006E-03
           322      G     -8.404920E-05   3.280266E-04   6.298029E-04  -6.593559E-01   1.497825E-01   1.053479E-01
           323      G      1.618694E-03   5.909152E-04   2.551139E-03  -1.136768E+00  -2.323656E-01  -2.216401E-01
           324      G     -1.250838E-03   1.641597E-04  -2.873859E+00  -3.596781E+00  -6.290024E+01   4.596524E-01
           325      G     -2.910214E-05  -6.744620E-03  -1.037930E-04  -2.890356E+00  -2.277952E-02  -1.246332E+00
           326      G     -9.176903E-04   7.675102E-04  -4.146644E+00   2.946721E+01  -7.379087E+00   8.117143E-03
           327      G     -1.723717E-05  -2.719716E-03  -5.461551E-04  -7.493249E+01  -2.412306E-02   3.087294E-01
           328      G      2.233430E-05  -6.604936E-04  -3.874209E+00  -5.690099E+00  -1.007086E-01   1.100903E-02
           329      G     -2.708990E-05  -8.759351E-03  -1.298753E-03  -3.940880E+00  -2.218309E-02  -2.625204E-03
           330      G     -9.572345E-04   6.229873E-04  -1.199666E+00  -6.238084E+00  -6.798811E+01   4.494845E-03
           331      G     -7.641396E-05   1.016301E-03   1.512273E-04   9.529725E+00  -5.439577E-03   3.763376E-01
           332      G      1.247599E-03   6.083086E-05  -2.883731E+00  -3.626794E+00   6.282432E+01  -4.776110E-01
           333      G     -4.071042E-05  -6.820243E-03   1.069000E-04  -2.898161E+00  -1.603435E-02   1.258863E+00
           334      G      8.884956E-04   7.586399E-04  -4.152732E+00   2.959983E+01   7.158507E+00  -7.612931E-03
           335      G     -4.490425E-05  -2.737891E-03  -5.692712E-04  -7.511333E+01   3.049492E-02  -3.085396E-01
           336      G      1.003126E-03   5.621951E-04  -1.205670E+00  -6.275374E+00   6.834614E+01  -5.476408E-03
           337      G     -5.090374E-05   1.016331E-03   1.360943E-04   9.911494E+00   1.377842E-03  -3.795349E-01
           338      G      1.257527E-03   5.380452E-05   2.878148E+00  -3.713367E+00   6.284758E+01   4.745498E-01
           339      G      8.989163E-04   8.138541E-04   4.149239E+00   2.943752E+01   7.335201E+00   7.652783E-03
           340      G     -1.761519E-05  -7.006921E-04   3.876410E+00  -5.798214E+00   1.182786E-01   1.798697E-03
           341      G      1.027052E-03   5.303991E-04   1.202043E+00  -6.276142E+00   6.815176E+01   5.113437E-03
           342      G     -1.315082E-03   6.972938E-05   2.886108E+00  -3.631877E+00  -6.282945E+01  -4.762723E-01
           343      G     -9.364374E-04   8.107605E-04   4.155141E+00   2.955483E+01  -7.185242E+00  -7.618984E-03
1                                                       **STUDENT EDITION*    APRIL  18, 2026  MSC Nastran  3/ 3/26   PAGE   105
     DEFAULT                                                                                                                        
0                                                                                                            SUBCASE 1              
      EIGENVALUE =  7.062584E+06
          CYCLES =  4.229626E+02         R E A L   E I G E N V E C T O R   N O .         10
 
      POINT ID.   TYPE          T1             T2             T3             R1             R2             R3
           344      G     -1.080585E-03   5.605591E-04   1.207172E+00  -6.282291E+00  -6.842004E+01  -4.853926E-03
           400      G     -2.093625E-04   5.785330E-04  -1.406146E-03   9.258867E-02  -2.827091E-02   1.647073E-03
           401      G     -1.574280E-04   5.851679E-04  -2.388362E-03   1.003123E-01  -1.119694E-02  -1.155629E-02
           402      G      9.144173E-06   4.234117E-04  -2.155373E-03   7.860668E-02  -3.770056E-04  -2.079131E-03
           403      G     -2.274838E-04   1.113345E-03  -3.929107E-04   1.571712E-01   6.013437E-03  -5.753033E-03
           404      G     -2.927743E-04   8.489757E-04  -8.817523E-04   1.089141E-01  -1.496799E-02  -6.635477E-03
           405      G     -1.438006E-04   8.541276E-04  -1.423525E-03   1.478262E-02   1.390410E-02   4.281061E-02
           406      G     -4.468580E-06   9.748634E-04  -1.260733E-04  -7.862398E-02   2.839419E-03  -1.488018E-02
           407      G      2.395268E-04   5.787196E-04  -1.390370E-03   9.299954E-02   2.863788E-02  -4.812261E-04
           408      G      1.741971E-04   5.989600E-04  -2.387553E-03   1.029605E-01   1.182174E-02   9.190376E-03
           409      G      2.563141E-04   1.161971E-03  -4.010522E-04   1.799091E-01  -1.742893E-02   4.935595E-03
           410      G      3.412502E-04   8.866431E-04  -8.566950E-04   1.142993E-01   1.647035E-02   9.486520E-03
           411      G      1.773549E-04   8.775656E-04  -1.575127E-03   1.912567E-02  -1.530018E-02  -4.625746E-02
           412      G      2.903858E-07   9.850866E-04  -3.232889E-06  -1.051675E-01   1.475490E-03   1.617393E-02
           413      G      2.227434E-04   5.764352E-04   1.388838E-03   9.301440E-02   2.852110E-02  -7.004886E-05
           414      G      1.600217E-04   6.025297E-04   2.386252E-03   1.036164E-01   1.152878E-02  -1.113950E-02
           415      G     -1.068109E-05   4.236598E-04   2.140777E-03   7.880221E-02   3.928508E-04  -1.281840E-04
           416      G      2.396923E-04   1.137787E-03   4.106153E-04   1.857064E-01  -2.256157E-02  -7.123781E-03
           417      G      3.236488E-04   8.754791E-04   8.510637E-04   1.134090E-01   1.792276E-02  -9.515220E-03
           418      G      1.784490E-04   8.590914E-04   1.604192E-03   3.615528E-03  -1.637088E-02   4.672947E-02
           419      G     -2.461421E-04   5.801024E-04   1.388443E-03   9.314409E-02  -2.829065E-02  -3.126956E-04
           420      G     -1.808736E-04   6.036324E-04   2.391900E-03   1.036182E-01  -1.112639E-02   1.052288E-02
           421      G     -2.644040E-04   1.154956E-03   4.041903E-04   1.776880E-01   1.988890E-02   4.854454E-03
           422      G     -3.492754E-04   8.822917E-04   8.552146E-04   1.115433E-01  -1.658437E-02   9.532176E-03
           423      G     -1.798858E-04   8.724145E-04   1.569162E-03   1.956694E-02   1.861550E-02  -4.651051E-02
           424      G     -6.090570E-05   5.867233E-04  -2.168684E-04  -1.882989E-02  -6.376841E-03   2.880779E-03
           425      G      2.688507E-06   5.756746E-04  -4.746248E-05   9.219396E-02   1.486898E-03   3.591595E-03
           426      G     -1.874805E-05   4.783671E-04  -7.639872E-04  -4.259639E-02  -1.452349E-02   2.484838E-03
           427      G      2.307479E-06   4.814378E-04  -7.667407E-06   8.949294E-02   1.557987E-03   2.934115E-03
           428      G      6.526082E-06   4.208940E-04  -7.309756E-04  -9.154382E-03   2.823499E-04   4.203248E-04
           429      G      2.180661E-06   4.218993E-04   3.018191E-05   7.557532E-02   1.534866E-03  -1.232112E-04
           430      G     -7.853789E-05   7.982013E-04  -8.151598E-04   1.010660E-02   3.873983E-02   4.115866E-03
           431      G      2.717501E-06   7.258382E-04  -6.479408E-05  -1.085280E-02  -1.187021E-04   1.731598E-02
           432      G      7.600543E-05   5.952591E-04  -7.194029E-05  -1.749739E-02   1.003743E-02  -3.482876E-03
           433      G      9.529295E-07   5.844998E-04  -1.695731E-06   9.357754E-02   1.492618E-03  -3.882954E-03
           434      G      3.490831E-05   4.803069E-04  -7.128465E-04  -4.378582E-02   1.840913E-02  -2.637540E-03
           435      G      1.986345E-06   4.846473E-04   1.631290E-05   9.095317E-02  -7.217122E-04  -3.016497E-03
           436      G      9.277666E-05   8.158607E-04  -7.826015E-04   1.595621E-02  -5.016144E-02  -4.511967E-03
           437      G      6.974194E-07   7.376465E-04  -1.731851E-06  -2.202562E-02   3.583217E-05  -1.830099E-02
           438      G      7.009066E-05   5.904119E-04   1.700259E-04  -1.652783E-02   1.178918E-02   3.364753E-03
           439      G      2.514678E-05   4.780464E-04   7.980215E-04  -4.202699E-02   1.517624E-02   2.480227E-03
           440      G     -4.699522E-06   4.238167E-04   7.659514E-04  -6.337117E-03  -1.182175E-04  -1.828766E-04
           441      G      9.015277E-05   8.036168E-04   8.284572E-04   1.209796E-02  -4.936173E-02   4.275614E-03
           442      G     -7.813963E-05   5.956574E-04   7.887752E-05  -1.746877E-02  -1.052451E-02  -3.709876E-03
           443      G     -3.463612E-05   4.808040E-04   7.456924E-04  -4.287041E-02  -1.775432E-02  -2.675987E-03
           444      G     -9.575093E-05   8.142690E-04   7.619842E-04   1.711794E-02   4.999867E-02  -4.517235E-03
           445      G     -4.177903E-04   8.342378E-04  -5.195189E-04  -2.571410E-02  -8.864672E-03   2.045514E-02
           446      G     -4.466876E-04   8.807700E-04  -8.747554E-04   1.130858E-03  -1.416939E-02  -6.365931E-03
           447      G     -4.118156E-04   7.636794E-04  -1.456273E-03   3.147193E-02  -2.215159E-02  -1.665724E-02
           448      G     -2.152708E-04   6.934128E-04  -2.004077E-03   2.980249E-02  -1.636982E-02  -4.461786E-03
1                                                       **STUDENT EDITION*    APRIL  18, 2026  MSC Nastran  3/ 3/26   PAGE   106
     DEFAULT                                                                                                                        
0                                                                                                            SUBCASE 1              
      EIGENVALUE =  7.062584E+06
          CYCLES =  4.229626E+02         R E A L   E I G E N V E C T O R   N O .         10
 
      POINT ID.   TYPE          T1             T2             T3             R1             R2             R3
           449      G      1.211493E-05   6.460324E-04  -2.202523E-03   3.676490E-02   4.205233E-05  -3.769584E-04
           450      G     -1.615124E-04   1.061419E-03  -1.197309E-03   6.818533E-03   2.510011E-02   1.330852E-03
           451      G      2.082326E-06   1.276324E-03  -7.051093E-05  -5.087556E-02   5.365555E-03  -2.455382E-02
           452      G      4.309401E-04   8.320413E-04  -5.390631E-04  -2.937980E-02   9.405217E-03  -2.304267E-02
           453      G      4.650887E-04   8.967039E-04  -8.613556E-04  -1.099969E-04   1.254076E-02   6.287101E-03
           454      G      4.380052E-04   7.751223E-04  -1.435508E-03   3.070299E-02   2.260497E-02   1.723864E-02
           455      G      2.418819E-04   6.993341E-04  -1.996963E-03   2.906615E-02   1.681874E-02   4.477965E-03
           456      G      1.742303E-04   1.092812E-03  -1.301721E-03   5.455857E-03  -2.997163E-02   5.274723E-04
           457      G      6.637255E-07   1.308022E-03  -3.456025E-06  -5.218590E-02   3.006642E-04   2.569375E-02
           458      G      4.051539E-04   8.114632E-04   5.516799E-04  -3.096741E-02   9.506686E-03   2.332731E-02
           459      G      4.418376E-04   8.828700E-04   8.609237E-04  -1.160795E-04   1.202031E-02  -6.649682E-03
           460      G      4.162910E-04   7.654123E-04   1.433686E-03   3.092675E-02   2.262777E-02  -1.778071E-02
           461      G      2.181720E-04   6.940031E-04   1.991023E-03   2.954738E-02   1.656425E-02  -4.587493E-03
           462      G     -1.071490E-05   6.454474E-04   2.193819E-03   3.778949E-02   3.701450E-05  -2.395716E-04
           463      G      1.609987E-04   1.082943E-03   1.302774E-03   3.873553E-03  -3.275223E-02  -2.777553E-03
           464      G     -4.322221E-04   8.333683E-04   5.424049E-04  -2.897514E-02  -9.538324E-03  -2.303713E-02
           465      G     -4.664786E-04   8.968700E-04   8.607286E-04   5.980426E-04  -1.241701E-02   6.305776E-03
           466      G     -4.397267E-04   7.746861E-04   1.435058E-03   3.117686E-02  -2.262904E-02   1.753320E-02
           467      G     -2.409555E-04   6.988924E-04   1.992904E-03   2.969920E-02  -1.655321E-02   4.402482E-03
           468      G     -1.733380E-04   1.093417E-03   1.297232E-03   5.211661E-03   3.033558E-02   4.727340E-04
           469      G     -2.808730E-04   9.632520E-04  -6.867351E-04   2.881466E-02   5.505261E-03   9.580018E-05
           470      G     -2.880204E-04   8.732284E-04  -1.211201E-03   1.358790E-02  -4.129428E-02   7.100599E-03
           471      G     -2.099352E-04   7.502286E-04  -2.271650E-03   2.160858E-02  -3.232760E-02   8.182080E-03
           472      G     -1.145473E-04   6.505179E-04  -2.967799E-03   3.264623E-02  -2.026704E-02   3.817392E-03
           473      G      9.671475E-06   6.175806E-04  -3.203567E-03   2.913406E-02   2.916823E-04  -7.881854E-05
           474      G     -1.644062E-04   8.827382E-04  -1.406657E-03  -1.908586E-03  -3.407927E-02   5.411157E-03
           475      G     -1.232166E-04   7.425137E-04  -2.387479E-03  -1.826628E-02  -3.545814E-02   3.436290E-03
           476      G     -5.866163E-05   6.448808E-04  -3.140181E-03  -2.200099E-02  -1.927939E-02   2.027630E-03
           477      G      6.307917E-06   6.140033E-04  -3.387577E-03  -1.531227E-02   2.446353E-04  -1.444901E-04
           478      G     -6.417529E-05   1.114912E-03  -9.377796E-04  -3.101305E-02   1.398777E-02   1.101166E-02
           479      G     -8.920456E-05   9.094320E-04  -9.671377E-04  -4.205252E-02  -1.872941E-02   3.500437E-03
           480      G     -5.708812E-05   7.367964E-04  -1.541195E-03  -5.456000E-02  -2.000096E-02   3.830315E-03
           481      G     -2.834570E-05   6.469457E-04  -2.010321E-03  -7.425537E-02  -1.398020E-02   1.641274E-03
           482      G     -4.450151E-07   8.881922E-04  -7.188864E-06  -3.806925E-02   2.374829E-04   1.276442E-02
           483      G     -5.399685E-07   7.427301E-04  -4.420006E-06  -7.446561E-02  -5.796992E-05   3.003442E-03
           484      G     -1.116671E-07   6.465732E-04  -3.498067E-06  -9.433671E-02   1.176617E-04   2.249519E-03
           485      G      3.194555E-06   6.164634E-04  -2.211173E-03  -8.131614E-02   1.095090E-04  -1.247100E-04
           486      G      3.968176E-08   6.180814E-04   2.363855E-07  -1.050726E-01   6.250085E-05  -1.259775E-04
           487      G      2.961980E-04   9.772408E-04  -7.362651E-04   3.312923E-02  -7.542463E-03   3.760133E-04
           488      G      3.081135E-04   8.890735E-04  -1.204491E-03   1.381797E-02   4.085524E-02  -7.184100E-03
           489      G      2.284447E-04   7.620049E-04  -2.253780E-03   2.165524E-02   3.179562E-02  -8.527408E-03
           490      G      1.335404E-04   6.560204E-04  -2.953189E-03   3.251912E-02   2.069445E-02  -4.124225E-03
           491      G      1.785192E-04   8.979868E-04  -1.419873E-03  -1.030454E-03   3.305800E-02  -5.988228E-03
           492      G      1.366821E-04   7.536303E-04  -2.378777E-03  -1.798421E-02   3.503596E-02  -3.620813E-03
           493      G      7.132737E-05   6.503276E-04  -3.129549E-03  -2.180636E-02   1.933791E-02  -2.275875E-03
           494      G      7.181507E-05   1.142680E-03  -9.560842E-04  -3.730512E-02  -1.364170E-02  -1.201311E-02
           495      G      9.651240E-05   9.272407E-04  -9.784424E-04  -4.315168E-02   1.854396E-02  -3.667848E-03
           496      G      6.393702E-05   7.468967E-04  -1.540087E-03  -5.421603E-02   1.956383E-02  -4.144039E-03
           497      G      3.484322E-05   6.522067E-04  -2.004462E-03  -7.409095E-02   1.397415E-02  -1.891360E-03
           498      G      4.563932E-07   9.039591E-04  -5.669857E-06  -3.845058E-02  -2.501736E-05  -1.337637E-02
1                                                       **STUDENT EDITION*    APRIL  18, 2026  MSC Nastran  3/ 3/26   PAGE   107
     DEFAULT                                                                                                                        
0                                                                                                            SUBCASE 1              
      EIGENVALUE =  7.062584E+06
          CYCLES =  4.229626E+02         R E A L   E I G E N V E C T O R   N O .         10
 
      POINT ID.   TYPE          T1             T2             T3             R1             R2             R3
           499      G      3.356066E-07   7.530472E-04  -2.280692E-06  -7.485301E-02  -9.559793E-05  -3.196015E-03
           500      G      2.033318E-07   6.516017E-04   5.708586E-07  -9.433075E-02  -6.345131E-05  -2.498975E-03
           501      G      2.773383E-04   9.589879E-04   7.433988E-04   3.368547E-02  -8.740957E-03  -4.998120E-04
           502      G      2.908661E-04   8.756475E-04   1.190291E-03   1.242159E-02   4.092078E-02   6.971621E-03
           503      G      2.104232E-04   7.518796E-04   2.247482E-03   2.134287E-02   3.181412E-02   8.400720E-03
           504      G      1.158029E-04   6.506376E-04   2.951384E-03   3.263047E-02   2.103638E-02   3.875708E-03
           505      G     -8.744974E-06   6.171934E-04   3.204924E-03   2.928025E-02   1.058648E-04  -7.461633E-05
           506      G      1.659931E-04   8.820628E-04   1.388324E-03  -9.421116E-04   3.325342E-02   6.105158E-03
           507      G      1.241055E-04   7.435743E-04   2.363223E-03  -1.823369E-02   3.555726E-02   3.356941E-03
           508      G      5.895649E-05   6.449522E-04   3.126121E-03  -2.182816E-02   1.966248E-02   2.060215E-03
           509      G     -5.928181E-06   6.136544E-04   3.388149E-03  -1.534339E-02   1.740120E-04  -1.243855E-04
           510      G      6.666176E-05   1.121773E-03   9.044649E-04  -4.051907E-02  -1.256379E-02   1.198877E-02
           511      G      8.809714E-05   9.116961E-04   9.497462E-04  -4.271437E-02   1.871827E-02   3.381203E-03
           512      G      5.700767E-05   7.365633E-04   1.524009E-03  -5.396821E-02   2.011474E-02   3.901851E-03
           513      G      2.827437E-05   6.469920E-04   2.000215E-03  -7.408705E-02   1.423826E-02   1.642935E-03
           514      G     -3.037104E-06   6.162648E-04   2.211011E-03  -8.130826E-02   1.270367E-04  -1.197378E-04
           515      G     -2.965135E-04   9.782923E-04   7.393173E-04   3.288121E-02   7.643629E-03   3.240054E-04
           516      G     -3.082933E-04   8.893012E-04   1.207127E-03   1.366607E-02  -4.094061E-02  -7.225640E-03
           517      G     -2.282617E-04   7.615019E-04   2.258420E-03   2.181851E-02  -3.174657E-02  -8.605787E-03
           518      G     -1.332629E-04   6.553111E-04   2.958282E-03   3.287639E-02  -2.076081E-02  -4.101747E-03
           519      G     -1.779276E-04   8.980974E-04   1.415281E-03  -1.297413E-03  -3.323967E-02  -6.005274E-03
           520      G     -1.362075E-04   7.532909E-04   2.381498E-03  -1.813138E-02  -3.522472E-02  -3.626603E-03
           521      G     -7.089060E-05   6.498341E-04   3.135683E-03  -2.186382E-02  -1.931797E-02  -2.280375E-03
           522      G     -7.090524E-05   1.142994E-03   9.492024E-04  -3.731382E-02   1.409110E-02  -1.201407E-02
           523      G     -9.562434E-05   9.272808E-04   9.690039E-04  -4.330305E-02  -1.859630E-02  -3.676187E-03
           524      G     -6.329569E-05   7.467351E-04   1.537957E-03  -5.440515E-02  -1.979958E-02  -4.149509E-03
           525      G     -3.444782E-05   6.519571E-04   2.007326E-03  -7.422586E-02  -1.400665E-02  -1.891057E-03
          1000      G      8.743665E-07   5.612032E-05  -9.777452E-04  -1.646135E-02  -1.229023E-04   7.481533E-04
          1001      G      5.122120E-06  -1.922942E-05  -2.195748E-04   1.163757E-04   3.548551E-05  -2.290655E-02
          1002      G      7.322612E-06   6.085862E-05  -2.200834E-04   1.479936E-04   4.307281E-05  -2.182538E-02
          1003      G      8.433089E-07   1.483409E-05  -1.088362E-03  -1.606600E-02   3.115953E-03   1.025226E-05
          1004      G      4.713406E-06   3.498759E-05  -9.523687E-04   1.355172E-04   2.441429E-03  -3.684811E-05
          1005      G      8.068134E-06   1.303659E-05  -9.871366E-04  -1.752686E-03   2.010538E-03  -9.083488E-05
          1006      G      2.573507E-06   3.747645E-05  -2.834593E-05  -6.924408E-03   3.852070E-04  -4.324190E-06
          1007      G      1.850541E-06   2.171886E-05  -1.875628E-04  -1.308079E-02   9.199064E-03  -8.232070E-05
          1008      G      1.756596E-06   3.353943E-05  -3.106553E-04  -7.627310E-03  -1.732433E-04  -1.211361E-04
          1009      G      3.060743E-06  -1.755722E-05  -8.394823E-05   8.874287E-05   8.117622E-06  -1.995777E-02
          1010      G      1.252487E-05   4.507407E-05  -8.396008E-05   1.059786E-04  -3.299851E-07  -1.393335E-02
          1011      G      1.413629E-05   2.901024E-05  -1.053785E-03   8.176961E-03   4.902490E-03  -7.573448E-05
          1012      G      2.009796E-05   5.918763E-06  -1.094690E-03   6.819833E-03   1.431474E-04  -5.009959E-02
          1013      G      1.895126E-06   1.777376E-05  -1.829974E-04  -3.294775E-02  -8.641225E-03  -3.080706E-04
          1014      G      3.524067E-06   1.728951E-05  -4.753845E-05  -4.489755E-02   5.550244E-04   7.821825E-03
          1015      G     -3.420165E-06  -2.003541E-05  -2.203960E-04   1.147154E-04  -2.876582E-05   2.359444E-02
          1016      G     -5.763015E-06   6.321611E-05  -2.207325E-04   1.486635E-04  -3.609969E-05   2.244176E-02
          1017      G     -2.863270E-06   3.500254E-05  -7.865169E-04  -7.133560E-03   2.395037E-03   4.006904E-05
          1018      G     -6.248072E-06   1.359092E-05  -7.470289E-04  -1.487328E-02  -2.810385E-03   1.017480E-04
          1019      G      1.227061E-06   2.192602E-05   1.431205E-04  -1.325900E-02   9.951152E-03   7.739371E-05
          1020      G      2.864515E-07   3.366342E-05   2.776306E-04  -7.913363E-03  -2.464888E-04   1.154391E-04
          1021      G     -1.789642E-06  -1.493186E-05  -8.553191E-05   1.174100E-04  -1.069592E-06   1.833308E-02
          1022      G     -7.078293E-06   3.857303E-05  -8.550664E-05   1.337541E-04   5.077496E-06   1.466058E-02
1                                                       **STUDENT EDITION*    APRIL  18, 2026  MSC Nastran  3/ 3/26   PAGE   108
     DEFAULT                                                                                                                        
0                                                                                                            SUBCASE 1              
      EIGENVALUE =  7.062584E+06
          CYCLES =  4.229626E+02         R E A L   E I G E N V E C T O R   N O .         10
 
      POINT ID.   TYPE          T1             T2             T3             R1             R2             R3
          1023      G     -1.183129E-05   2.818781E-05  -9.881636E-04   1.185878E-03  -1.579406E-02   8.254513E-05
          1024      G     -2.055024E-05   5.880075E-06  -1.229529E-03   5.738023E-03  -2.047565E-03   5.422924E-02
          1025      G     -4.450293E-07   1.806742E-05   1.538136E-04  -3.441520E-02  -8.445563E-03   2.999875E-04
          1026      G     -1.264017E-06   1.724973E-05   3.974940E-06  -4.610496E-02  -6.979881E-04  -1.900556E-03
          1027      G      2.279350E-07   5.625350E-05   9.717356E-04  -1.633614E-02  -1.801016E-04  -7.416138E-04
          1028      G     -3.804602E-06  -1.998752E-05   2.197937E-04   1.145860E-04  -3.199191E-05  -2.375840E-02
          1029      G     -6.094321E-06   6.342602E-05   2.202198E-04   1.485848E-04  -3.929389E-05  -2.263218E-02
          1030      G      4.461075E-07   1.487781E-05   1.103533E-03  -1.715159E-02   3.750724E-03  -1.789308E-05
          1031      G     -2.852521E-06   3.516914E-05   7.968474E-04  -7.988392E-03   2.338555E-03  -4.543330E-05
          1032      G     -5.848245E-06   1.372008E-05   7.571566E-04  -1.542845E-02  -2.644880E-03  -1.144290E-04
          1033      G     -2.325902E-06  -1.512573E-05   8.531325E-05   1.245941E-04  -5.335157E-06  -1.819256E-02
          1034      G     -6.787809E-06   3.700466E-05   8.540389E-05   1.406970E-04   5.637779E-07  -1.496738E-02
          1035      G     -1.107989E-05   2.817940E-05   9.907285E-04   2.008697E-04  -1.540112E-02  -1.113123E-04
          1036      G     -2.080168E-05   4.849889E-06   1.233702E-03   4.616486E-03  -2.559207E-03  -5.345093E-02
          1037      G      4.111792E-06  -1.963716E-05   2.201655E-04   1.150194E-04   2.761045E-05   2.295610E-02
          1038      G      6.382167E-06   6.298188E-05   2.204781E-04   1.478960E-04   3.510757E-05   2.183989E-02
          1039      G      4.075690E-06   3.554779E-05   9.917200E-04  -8.134152E-04   3.274622E-03   2.529205E-05
          1040      G      6.856194E-06   1.406134E-05   1.057999E-03  -2.587926E-03   3.561304E-03   1.047433E-04
          1041      G      2.336583E-06  -1.483740E-05   8.548396E-05   1.166724E-04   4.710703E-07   1.798481E-02
          1042      G      1.177619E-05   2.844757E-05   1.165478E-03   7.681586E-03   6.223574E-03   9.856689E-05
          1043      G      1.993062E-05   5.600096E-06   1.235402E-03   5.406272E-03   1.162217E-03   5.246714E-02
          1044      G      7.761202E-06   3.800154E-05   8.534113E-05   1.320407E-04  -5.924584E-06   1.424381E-02
          2000      G      3.943816E-06   1.366178E-04  -1.454213E-03   5.866870E-04   1.143501E-04   1.395289E-03
          2001      G      2.151981E-05  -2.199967E-05  -2.197881E-04   1.101253E-04   3.214019E-05  -1.543259E-02
          2002      G      2.731735E-05   5.781868E-05  -2.199681E-04   1.419702E-04   4.363406E-05  -1.256190E-02
          2003      G      4.249005E-06   3.908705E-05  -1.101960E-03  -4.049622E-02  -7.142472E-03  -4.337339E-05
          2004      G      5.756961E-06   6.053699E-05  -3.852669E-04  -1.058997E-02  -1.499787E-02  -3.118796E-04
          2005      G      2.105814E-05   1.779586E-05  -1.209422E-04  -2.794865E-02  -5.639393E-04  -4.154271E-04
          2006      G     -4.288399E-07   6.336461E-05  -5.412578E-07  -9.555001E-04  -1.267564E-03  -2.613061E-06
          2007      G      3.137404E-06   4.259601E-05   3.713624E-04  -1.914870E-02  -2.092762E-02  -1.263794E-04
          2008      G      6.347072E-06   5.224071E-05   6.509571E-04  -3.246048E-03   2.712494E-04  -3.342477E-04
          2009      G      1.965812E-05  -2.892636E-05  -8.389515E-05   8.940679E-05   7.045301E-06  -1.173568E-02
          2010      G      1.349259E-05   4.274284E-05  -8.394306E-05   1.010786E-04   2.176014E-06  -1.391452E-02
          2011      G      4.160868E-05   3.031254E-05  -5.678332E-04  -6.054291E-04   3.470920E-02  -2.056330E-04
          2012      G      7.184303E-05   3.566754E-06  -1.259918E-03   3.362818E-02   1.269385E-02  -6.321919E-02
          2013      G      8.460771E-06   2.888879E-05   3.232662E-04  -4.538252E-02   2.249499E-02  -6.724480E-04
          2014      G      1.293443E-05   2.822645E-05  -7.933023E-05  -1.062207E-01   2.598195E-03   3.947356E-01
          2015      G     -1.346655E-05  -2.275229E-05  -2.207546E-04   1.118173E-04  -2.445021E-05   1.917759E-02
          2016      G     -2.069533E-05   6.042987E-05  -2.207348E-04   1.425526E-04  -3.663047E-05   1.559443E-02
          2017      G      1.536241E-06   6.231217E-05  -7.800501E-04   4.803230E-03   2.760477E-03   2.733738E-04
          2018      G     -1.301339E-05   1.998125E-05  -7.430161E-04   1.287474E-03  -9.120255E-04   4.297823E-04
          2019      G      1.967328E-06   4.258441E-05  -3.889543E-04  -1.699723E-02  -2.235741E-02   1.262941E-04
          2020      G      3.475310E-06   5.170724E-05  -6.934739E-04  -3.106975E-03   1.856506E-04   3.309997E-04
          2021      G     -1.637127E-05  -2.626557E-05  -8.559283E-05   1.206764E-04  -1.743817E-06   1.102828E-02
          2022      G     -7.168631E-06   3.580955E-05  -8.519592E-05   1.249757E-04   2.016435E-06   1.492141E-02
          2023      G     -3.107068E-05   3.263697E-05  -9.717078E-04   2.093358E-02  -2.031013E-02   3.433554E-04
          2024      G     -6.455992E-05  -2.194488E-06  -1.443412E-03   5.367299E-02  -1.508032E-02   1.420396E-01
          2025      G      4.820593E-06   2.822284E-05  -3.784552E-04  -5.978565E-02   2.178639E-02   5.489180E-04
          2026      G      6.393612E-06   3.803250E-05  -5.498603E-06  -1.506704E-01   1.038673E-03  -5.533092E-01
          2027      G      3.241108E-06   1.433684E-04   1.442275E-03   1.644362E-04   2.829041E-04  -1.879548E-03
1                                                       **STUDENT EDITION*    APRIL  18, 2026  MSC Nastran  3/ 3/26   PAGE   109
     DEFAULT                                                                                                                        
0                                                                                                            SUBCASE 1              
      EIGENVALUE =  7.062584E+06
          CYCLES =  4.229626E+02         R E A L   E I G E N V E C T O R   N O .         10
 
      POINT ID.   TYPE          T1             T2             T3             R1             R2             R3
          2028      G     -1.477435E-05  -2.262389E-05   2.201628E-04   1.116828E-04  -2.782821E-05  -1.893153E-02
          2029      G     -2.214498E-05   6.059951E-05   2.202467E-04   1.432861E-04  -3.972254E-05  -1.527690E-02
          2030      G      3.796613E-06   4.044660E-05   1.171970E-03  -3.889503E-02  -1.096899E-02   3.761309E-05
          2031      G      2.064855E-06   6.413942E-05   9.451343E-04   7.433155E-03   7.257391E-05  -2.978566E-04
          2032      G     -1.290017E-05   2.034508E-05   9.618039E-04   3.633695E-03  -2.518618E-03  -4.898567E-04
          2033      G     -1.710422E-05  -2.669367E-05   8.535697E-05   1.267936E-04  -6.292957E-06  -1.086003E-02
          2034      G     -6.750707E-06   3.425234E-05   8.519927E-05   1.346420E-04  -2.509637E-06  -1.535448E-02
          2035      G     -3.181713E-05   3.092321E-05   1.121948E-03   1.745601E-02  -1.286623E-02  -3.695969E-04
          2036      G     -6.653719E-05  -1.778200E-06   1.467166E-03   3.610173E-02  -1.531561E-02  -9.282072E-02
          2037      G      2.135091E-05  -2.231618E-05   2.203737E-04   1.084990E-04   2.431927E-05   1.493848E-02
          2038      G      2.764729E-05   6.003779E-05   2.203476E-04   1.413215E-04   3.584234E-05   1.181889E-02
          2039      G      4.382057E-06   6.252035E-05   3.690446E-04  -1.149322E-02  -1.785403E-02   3.238372E-04
          2040      G      1.937029E-05   1.853262E-05   5.072997E-05  -2.888159E-02  -1.546761E-03   4.517977E-04
          2041      G      2.176527E-05  -2.856074E-05   8.544674E-05   1.182452E-04  -7.178106E-07   8.240199E-03
          2042      G      1.068026E-05   3.265956E-05   8.518001E-05   1.238843E-04  -3.432883E-06   1.313463E-02
          2043      G      3.838036E-05   3.052893E-05   5.803347E-04   5.189921E-03   4.223566E-02   3.088428E-04
          2044      G      7.318072E-05  -2.757519E-06   1.439880E-03   5.470169E-02   1.626837E-02   1.474106E-01
          3000      G     -3.016232E-04  -5.222633E-03  -1.250133E-02   2.097649E+00   2.116322E-02  -1.706794E-01
          3001      G     -7.007546E-06   9.185123E-04  -4.843887E-03   6.893954E-01  -6.397751E-02   3.617121E-01
          3002      G      6.303377E-04  -1.206741E-03  -6.891726E-03   1.151009E+00   3.513863E-02   4.873914E-01
          3003      G     -3.034389E-04   4.830009E-03  -2.311883E-01   3.104897E-01  -6.684348E-02   7.059481E-04
          3004      G      1.427155E-03   6.625428E-03  -2.300299E-01   3.302008E+00  -5.515719E-01   1.797146E-03
          3005      G      1.920183E-03   5.162958E-03  -1.651306E-01   6.060374E-01  -3.792296E+00  -9.920454E-03
          3006      G     -2.039905E-04   2.130941E-02  -1.298902E-03  -3.936796E+00  -2.218458E-02   1.063881E-03
          3007      G     -2.231237E-04   6.661946E-03  -7.538309E-04  -8.062512E+00  -1.299701E-02  -7.497433E-02
          3008      G     -2.106116E-04   1.543287E-02  -1.038799E-04  -2.887729E+00  -2.277864E-02  -3.973348E-02
          3009      G      5.031933E-04   5.482469E-03   1.913536E-03  -5.629235E-01   1.217398E-01  -1.151954E-01
          3010      G      2.171158E-03   6.693413E-03   4.353647E-03  -9.908943E-01   5.981769E-02   9.444371E-01
          3011      G      2.360204E-03   6.122644E-03  -6.506090E-02   1.712800E-01  -3.775303E+00  -2.866683E-03
          3012      G     -3.968174E-04   5.286513E-03  -3.347926E-03  -8.018248E-01  -2.765575E-01   7.514150E-01
          3013      G     -1.602170E-04   5.236400E-03  -2.832181E-06   6.283095E-01  -4.571992E-03  -1.440808E-01
          3014      G     -7.453524E-05   3.759123E-03  -2.615941E-04   3.682599E+00   9.185691E-03  -1.596273E+01
          3015      G     -6.326405E-04   1.139388E-03  -4.542051E-03   6.057258E-01   1.040772E-01  -8.407892E-01
          3016      G     -1.340495E-03  -1.507936E-03  -7.240474E-03   1.232235E+00  -4.721814E-02  -8.621988E-01
          3017      G     -1.996881E-03   6.613813E-03  -2.342957E-01   3.471697E+00   3.907693E-01  -8.402117E-04
          3018      G     -2.529569E-03   5.205088E-03  -1.725392E-01   6.258551E-01   3.752661E+00   1.268852E-02
          3019      G     -1.955378E-04   6.650208E-03  -6.755440E-04  -8.253391E+00   6.624438E-02   7.690855E-02
          3020      G     -1.690448E-04   1.541601E-02   1.068851E-04  -2.895538E+00  -1.603510E-02   4.270592E-02
          3021      G     -1.320297E-03   5.651609E-03   2.390634E-03  -6.806654E-01  -1.487187E-01  -1.982091E-01
          3022      G     -3.049217E-03   6.746626E-03   5.101921E-03  -1.174973E+00  -4.350535E-02  -1.564190E+00
          3023      G     -3.022410E-03   6.032444E-03  -6.889929E-02   1.654430E-01   4.050968E+00   7.011097E-03
          3024      G     -2.349205E-04   5.210623E-03  -3.368889E-03  -1.134255E+00   2.035779E-01  -1.979724E+00
          3025      G     -1.652645E-04   5.145100E-03   1.172205E-04   1.014344E+00   1.019778E-02   1.514637E-01
          3026      G     -1.604277E-04   3.263348E-03   5.887022E-05   4.895564E+00  -1.408260E-02   2.036763E+01
          3027      G     -7.907142E-05  -5.404680E-03   1.270932E-02   2.147860E+00  -1.842433E-03   2.685931E-02
          3028      G     -4.134764E-04   1.158107E-03   4.530543E-03   6.032412E-01   1.114093E-01   7.560482E-01
          3029      G     -1.133924E-03  -1.360790E-03   7.133302E-03   1.211356E+00  -4.654319E-02   7.542001E-01
          3030      G     -1.446074E-04   4.834870E-03   2.308701E-01   2.051163E-01   1.279016E-01   1.257108E-03
          3031      G     -1.890398E-03   6.612932E-03   2.294321E-01   3.284582E+00   4.988915E-01   3.039923E-03
          3032      G     -2.414570E-03   5.283664E-03   1.669302E-01   5.089017E-01   3.731678E+00  -9.107643E-03
1                                                       **STUDENT EDITION*    APRIL  18, 2026  MSC Nastran  3/ 3/26   PAGE   110
     DEFAULT                                                                                                                        
0                                                                                                            SUBCASE 1              
      EIGENVALUE =  7.062584E+06
          CYCLES =  4.229626E+02         R E A L   E I G E N V E C T O R   N O .         10
 
      POINT ID.   TYPE          T1             T2             T3             R1             R2             R3
          3033      G     -1.156264E-03   5.757953E-03  -2.388390E-03  -6.807785E-01  -1.524276E-01   1.002170E-01
          3034      G     -2.885651E-03   7.004635E-03  -5.201619E-03  -1.209318E+00  -2.834851E-02   1.526743E+00
          3035      G     -2.895129E-03   6.248716E-03   6.569112E-02   1.432584E-01   3.863046E+00  -5.449615E-03
          3036      G     -1.708554E-04   5.350317E-03   3.489308E-03  -8.425826E-01   1.992128E-01   8.008973E-01
          3037      G      2.554008E-04   1.077095E-03   4.594412E-03   6.178258E-01  -1.106926E-01  -6.892942E-01
          3038      G      9.784437E-04  -1.542366E-03   7.273174E-03   1.239855E+00   4.425407E-02  -7.018816E-01
          3039      G      1.616425E-03   6.560296E-03   2.342599E-01   3.426657E+00  -4.100693E-01  -5.177409E-04
          3040      G      2.174131E-03   5.184559E-03   1.729482E-01   6.239528E-01  -3.717990E+00   1.194390E-02
          3041      G      9.794604E-04   5.644430E-03  -2.301751E-03  -6.593880E-01   1.497321E-01  -3.970038E-02
          3042      G      2.734256E-03   6.819593E-03  -5.018381E-03  -1.167328E+00   2.953491E-02  -1.481500E+00
          3043      G      2.693607E-03   6.041872E-03   6.951921E-02   1.579962E-01  -4.069439E+00   6.661392E-03
          3044      G     -8.505895E-05   5.219834E-03   3.498247E-03  -1.136849E+00  -2.320090E-01  -1.980404E+00
          4000      G      1.514654E-05  -2.011395E-04  -2.471089E-03   7.861388E-02  -3.768962E-04   6.562004E-03
          4001      G     -3.576969E-05  -2.104629E-04  -2.788842E-03   1.002905E-01  -1.119465E-02   1.165904E-01
          4002      G     -7.862421E-05  -1.586127E-04  -1.777357E-03   9.259923E-02  -2.826953E-02   1.756529E-01
          4003      G      1.675408E-05  -2.215136E-04  -1.563343E-03  -7.819470E-02   1.249796E-03   2.230762E-05
          4004      G     -2.641024E-06  -1.981826E-04  -1.738934E-03  -8.708509E-02  -1.522267E-02   6.360062E-04
          4005      G     -2.439053E-05  -1.867812E-04  -8.236928E-04  -7.415256E-02  -2.519887E-02   1.026309E-03
          4006      G      1.443116E-05  -1.849248E-04   3.018701E-05   7.556093E-02   1.534861E-03  -1.287940E-05
          4007      G      1.502065E-05  -2.136860E-04  -4.700908E-06   5.870785E-02   1.496228E-03   4.221645E-04
          4008      G      1.460379E-05  -1.623712E-04  -4.746130E-05   9.218158E-02   1.486621E-03   1.136685E-03
          4009      G     -1.197288E-04  -1.600664E-04  -1.347031E-03   1.088989E-01  -1.496295E-02   1.517890E-01
          4010      G     -1.513043E-04  -1.568872E-04  -9.967720E-04   1.571353E-01   6.028046E-03   1.803718E-02
          4011      G     -3.837839E-05  -1.501772E-04  -1.002386E-03  -1.954462E-02   2.414637E-02   1.741527E-03
          4012      G     -3.339249E-05  -9.102655E-05  -1.369448E-03   1.478023E-02   1.389954E-02   3.700725E-01
          4013      G      1.411075E-05  -1.442855E-04  -5.806239E-05  -4.354457E-03   7.856480E-04   1.537135E-03
          4014      G      1.769489E-05  -6.885985E-05  -1.146916E-04  -7.858992E-02   2.838020E-03   8.470106E-01
          4015      G      6.729250E-05  -2.173535E-04  -2.798594E-03   1.029368E-01   1.181963E-02  -1.093501E-01
          4016      G      1.129906E-04  -1.619323E-04  -1.763242E-03   9.301056E-02   2.863601E-02  -1.761740E-01
          4017      G      3.558754E-05  -2.010310E-04  -1.663479E-03  -8.993582E-02   1.871739E-02  -5.898554E-04
          4018      G      5.780452E-05  -1.933812E-04  -6.621953E-04  -7.385667E-02   2.798683E-02  -1.030119E-03
          4019      G      1.393922E-05  -2.151745E-04   1.878242E-05   6.215845E-02  -2.290366E-03  -4.547785E-04
          4020      G      1.291643E-05  -1.645040E-04  -1.697272E-06   9.356544E-02   1.492497E-03  -1.197175E-03
          4021      G      1.599000E-04  -1.745849E-04  -1.346446E-03   1.142832E-01   1.646466E-02  -1.645881E-01
          4022      G      2.006070E-04  -1.758946E-04  -1.050101E-03   1.798651E-01  -1.744576E-02   3.882824E-02
          4023      G      7.062539E-05  -1.570317E-04  -9.628800E-04  -1.524708E-02  -3.556750E-02  -1.842293E-03
          4024      G      5.666539E-05  -9.571410E-05  -1.515660E-03   1.912115E-02  -1.529369E-02  -3.634464E-01
          4025      G      1.259909E-05  -1.456442E-04  -6.434742E-06  -1.388600E-02  -1.137585E-03  -1.690613E-03
          4026      G      1.211911E-05  -6.164929E-05  -9.131051E-06  -1.051265E-01   1.475753E-03  -9.550274E-01
          4027      G      9.872200E-06  -2.024289E-04   2.457316E-03   7.880962E-02   3.929324E-04  -8.564754E-03
          4028      G      6.249571E-05  -2.188978E-04   2.799911E-03   1.035927E-01   1.152666E-02   1.054553E-01
          4029      G      1.083071E-04  -1.642685E-04   1.761791E-03   9.302522E-02   2.851924E-02   1.702261E-01
          4030      G      1.228795E-05  -2.233670E-04   1.600867E-03  -7.517704E-02  -1.725623E-03  -2.932605E-05
          4031      G      3.247303E-05  -2.012459E-04   1.781301E-03  -8.675914E-02   1.646040E-02   5.658547E-04
          4032      G      5.515748E-05  -1.939587E-04   7.723038E-04  -7.223527E-02   3.041346E-02   9.572828E-04
          4033      G      1.568310E-04  -1.772047E-04   1.340124E-03   1.133928E-01   1.791715E-02   1.631322E-01
          4034      G      2.021141E-04  -1.863580E-04   1.062411E-03   1.856620E-01  -2.257944E-02  -6.630917E-02
          4035      G      6.748835E-05  -1.608115E-04   1.016179E-03  -1.794742E-02  -3.361589E-02   1.810916E-03
          4036      G      4.958487E-05  -9.664034E-05   1.540276E-03   3.611696E-03  -1.636312E-02   4.157187E-01
          4037      G     -4.293975E-05  -2.178463E-04   2.805553E-03   1.035944E-01  -1.112412E-02  -1.233968E-01
1                                                       **STUDENT EDITION*    APRIL  18, 2026  MSC Nastran  3/ 3/26   PAGE   111
     DEFAULT                                                                                                                        
0                                                                                                            SUBCASE 1              
      EIGENVALUE =  7.062584E+06
          CYCLES =  4.229626E+02         R E A L   E I G E N V E C T O R   N O .         10
 
      POINT ID.   TYPE          T1             T2             T3             R1             R2             R3
          4038      G     -8.926510E-05  -1.616476E-04   1.761900E-03   9.315494E-02  -2.828878E-02  -1.900974E-01
          4039      G     -8.283417E-06  -2.010919E-04   1.704631E-03  -8.886579E-02  -1.819039E-02  -6.326324E-04
          4040      G     -3.160911E-05  -1.929701E-04   6.707383E-04  -7.379705E-02  -2.987656E-02  -1.045959E-03
          4041      G     -1.365785E-04  -1.731646E-04   1.334145E-03   1.115272E-01  -1.657876E-02  -1.807305E-01
          4042      G     -1.777706E-04  -1.764184E-04   1.034554E-03   1.776441E-01   1.990569E-02   3.327889E-02
          4043      G     -4.580125E-05  -1.567820E-04   9.291236E-04  -1.415469E-02   3.504723E-02  -1.856178E-03
          4044      G     -3.270155E-05  -9.505329E-05   1.496425E-03   1.956253E-02   1.860917E-02  -3.585457E-01
1                                                       **STUDENT EDITION*    APRIL  18, 2026  MSC Nastran  3/ 3/26   PAGE   112
     DEFAULT                                                                                                                        
0                                                                                                            SUBCASE 1              
      EIGENVALUE =  1.433958E+06
                               F O R C E S   O F   S I N G L E - P O I N T   C O N S T R A I N T
 
      POINT ID.   TYPE          T1             T2             T3             R1             R2             R3
             1      G      6.611224E+03   7.697734E+04   1.350176E+05  -8.334480E+01   7.453470E+02  -7.559191E-01
             2      G      5.437045E+03  -7.593428E+04   1.343711E+05   6.282217E+01   7.001694E+02   7.448768E-01
             3      G      3.363658E+04  -4.914240E+03   1.122783E+05   9.313784E+02   1.092275E+03  -1.027173E-01
             4      G      3.187351E+04   4.826536E+03   1.111464E+05  -9.225332E+02   1.028501E+03   8.268212E-02
             5      G     -3.300723E+04  -5.014655E+03   1.122331E+05   9.337272E+02  -1.075888E+03   9.425775E-02
             6      G     -3.209652E+04   4.851112E+03   1.148552E+05  -9.490557E+02  -1.003418E+03  -1.164848E-01
             7      G     -6.282701E+03   7.435042E+04   1.342316E+05  -1.850335E+01  -7.292696E+02   7.414377E-01
             8      G     -6.167333E+03  -7.494890E+04   1.336253E+05   9.059457E+00  -7.570525E+02  -7.432136E-01
1                                                       **STUDENT EDITION*    APRIL  18, 2026  MSC Nastran  3/ 3/26   PAGE   113
     DEFAULT                                                                                                                        
0                                                                                                            SUBCASE 1              
      EIGENVALUE =  2.101177E+06
                               F O R C E S   O F   S I N G L E - P O I N T   C O N S T R A I N T
 
      POINT ID.   TYPE          T1             T2             T3             R1             R2             R3
             1      G     -7.117520E+03  -8.306660E+04  -2.202343E+05  -1.051777E+03  -1.094627E+03   7.251552E-01
             2      G     -6.574446E+03   8.308207E+04  -2.201951E+05   1.050998E+03  -1.076900E+03  -7.213475E-01
             3      G     -3.238901E+04   1.060508E+03  -1.808976E+05  -1.540437E+03  -1.256114E+03   2.493195E-02
             4      G     -3.160498E+04  -9.360423E+02  -1.806629E+05   1.534434E+03  -1.225794E+03  -2.004096E-02
             5      G      3.238360E+04   1.020743E+03  -1.807899E+05  -1.530917E+03   1.257418E+03  -3.093662E-02
             6      G      3.206852E+04  -1.055760E+03  -1.814268E+05   1.542500E+03   1.250069E+03   2.550830E-02
             7      G      7.216972E+03  -8.141878E+04  -2.201008E+05  -1.103519E+03   1.087434E+03  -7.219710E-01
             8      G      5.998566E+03   8.129451E+04  -2.202231E+05   1.143697E+03   1.038152E+03   7.130392E-01
1                                                       **STUDENT EDITION*    APRIL  18, 2026  MSC Nastran  3/ 3/26   PAGE   114
     DEFAULT                                                                                                                        
0                                                                                                            SUBCASE 1              
      EIGENVALUE =  2.289497E+06
                               F O R C E S   O F   S I N G L E - P O I N T   C O N S T R A I N T
 
      POINT ID.   TYPE          T1             T2             T3             R1             R2             R3
             1      G     -4.590186E+04  -1.145149E+05  -1.618493E+05  -1.834683E+03  -7.302233E+02   2.382500E+00
             2      G     -4.612629E+04   1.148807E+05  -1.620535E+05   1.827424E+03  -7.333333E+02  -2.377942E+00
             3      G     -2.209668E+05  -1.140894E+05  -3.003375E+05  -5.429036E+03  -2.523915E+03  -3.574768E+00
             4      G     -2.209710E+05   1.149301E+05  -3.003156E+05   5.392156E+03  -2.524183E+03   3.564557E+00
             5      G      2.219118E+05  -1.139976E+05  -2.992466E+05  -5.356520E+03   2.555275E+03   3.504064E+00
             6      G      2.212558E+05   1.135041E+05  -2.991978E+05   5.413805E+03   2.541081E+03  -3.525349E+00
             7      G      4.571932E+04  -1.117759E+05  -1.616397E+05  -1.982932E+03   6.610310E+02  -2.430311E+00
             8      G      4.497596E+04   1.110800E+05  -1.629406E+05   2.099839E+03   6.223167E+02   2.399468E+00
1                                                       **STUDENT EDITION*    APRIL  18, 2026  MSC Nastran  3/ 3/26   PAGE   115
     DEFAULT                                                                                                                        
0                                                                                                            SUBCASE 1              
      EIGENVALUE =  2.332234E+06
                               F O R C E S   O F   S I N G L E - P O I N T   C O N S T R A I N T
 
      POINT ID.   TYPE          T1             T2             T3             R1             R2             R3
             1      G     -2.017937E+04  -1.083907E+05  -9.889603E+04   1.040806E+03  -3.517795E+03   8.797168E-01
             2      G     -2.041870E+04   1.092622E+05  -9.860454E+04  -1.059481E+03  -3.501420E+03  -8.417136E-01
             3      G     -1.364164E+05  -7.171519E+04  -1.860469E+05  -1.773183E+03  -5.188769E+03  -2.649868E+00
             4      G     -1.343547E+05   7.568032E+04  -1.859847E+05   1.599202E+03  -5.134072E+03   2.600328E+00
             5      G      1.372577E+05  -7.512881E+04  -1.810717E+05  -1.332295E+03   5.234900E+03   2.293218E+00
             6      G      1.430230E+05   6.389955E+04  -1.817201E+05   1.818047E+03   5.341775E+03  -2.447063E+00
             7      G      1.887078E+04  -1.019238E+05  -9.967618E+04   4.236374E+02   3.184539E+03  -1.080821E+00
             8      G      1.177989E+04   1.081892E+05  -1.003123E+05  -6.204487E+02   2.964558E+03   1.461292E+00
1                                                       **STUDENT EDITION*    APRIL  18, 2026  MSC Nastran  3/ 3/26   PAGE   116
     DEFAULT                                                                                                                        
0                                                                                                            SUBCASE 1              
      EIGENVALUE =  4.232344E+06
                               F O R C E S   O F   S I N G L E - P O I N T   C O N S T R A I N T
 
      POINT ID.   TYPE          T1             T2             T3             R1             R2             R3
             1      G      7.119519E+03  -1.662350E+05  -3.053591E+05  -6.359773E+01  -4.895049E+02   9.874032E-01
             2      G      6.404720E+03   1.656483E+05  -3.058769E+05   8.472515E+01  -5.136977E+02  -9.892192E-01
             3      G      3.454829E+03  -1.456121E+02  -1.275469E+05  -9.514435E+02  -4.594925E+02  -2.668102E-01
             4      G      2.597093E+03  -6.020454E+01  -1.275083E+05   9.592886E+02  -5.018818E+02   2.621904E-01
             5      G      3.382917E+03   4.377852E+02   1.276599E+05   9.417638E+02  -4.589758E+02  -2.661840E-01
             6      G      5.563261E+03  -4.877149E+02   1.313628E+05  -9.565193E+02  -3.578888E+02   2.498750E-01
             7      G      6.660610E+03   1.648574E+05   3.056640E+05   9.946964E+01  -5.015094E+02   9.784114E-01
             8      G      7.558028E+03  -1.638779E+05   3.026423E+05  -1.528563E+02  -4.599293E+02  -1.014575E+00
1                                                       **STUDENT EDITION*    APRIL  18, 2026  MSC Nastran  3/ 3/26   PAGE   117
     DEFAULT                                                                                                                        
0                                                                                                            SUBCASE 1              
      EIGENVALUE =  4.364457E+06
                               F O R C E S   O F   S I N G L E - P O I N T   C O N S T R A I N T
 
      POINT ID.   TYPE          T1             T2             T3             R1             R2             R3
             1      G      1.059660E+04   2.372487E+04   4.872913E+04   1.424179E+02   3.503402E+02  -2.619052E-01
             2      G      1.026445E+04  -2.366030E+04   4.870002E+04  -1.436988E+02   3.396169E+02   2.598266E-01
             3      G      1.395320E+04  -3.007277E+03   9.609237E+04   7.406671E+02   5.480762E+02  -1.256879E-01
             4      G      1.346467E+04   2.991416E+03   9.594224E+04  -7.394503E+02   5.296973E+02   1.216443E-01
             5      G     -1.391245E+04  -3.021188E+03   9.610709E+04   7.415043E+02  -5.471423E+02   1.241298E-01
             6      G     -1.376975E+04   2.947478E+03   9.643173E+04  -7.424731E+02  -5.444502E+02  -1.235334E-01
             7      G     -1.061399E+04   2.322679E+04   4.867026E+04   1.545391E+02  -3.501716E+02   2.588994E-01
             8      G     -9.964655E+03  -2.316135E+04   4.863436E+04  -1.657105E+02  -3.238929E+02  -2.507910E-01
1                                                       **STUDENT EDITION*    APRIL  18, 2026  MSC Nastran  3/ 3/26   PAGE   118
     DEFAULT                                                                                                                        
0                                                                                                            SUBCASE 1              
      EIGENVALUE =  6.202445E+06
                               F O R C E S   O F   S I N G L E - P O I N T   C O N S T R A I N T
 
      POINT ID.   TYPE          T1             T2             T3             R1             R2             R3
             1      G      2.805841E+04  -1.850650E+05  -4.819452E+05  -2.577007E+03  -1.320263E+03   1.311563E+00
             2      G      2.736394E+04   1.857154E+05  -4.821404E+05   2.561723E+03  -1.347627E+03  -1.318974E+00
             3      G      6.726235E+03   8.988609E+02  -1.890775E+05  -1.745832E+03  -1.261119E+03  -4.313775E-01
             4      G      5.514940E+03  -9.736457E+02  -1.895109E+05   1.750530E+03  -1.305235E+03   4.207041E-01
             5      G      6.442831E+03  -7.552221E+02   1.894170E+05   1.735350E+03  -1.275604E+03  -4.262917E-01
             6      G      6.352385E+03   6.323770E+02   1.894739E+05  -1.741701E+03  -1.282420E+03   4.247082E-01
             7      G      2.697774E+04   1.830000E+05   4.819961E+05   2.638218E+03  -1.357780E+03   1.312685E+00
             8      G      2.815150E+04  -1.830450E+05   4.835570E+05  -2.729186E+03  -1.310290E+03  -1.295286E+00
1                                                       **STUDENT EDITION*    APRIL  18, 2026  MSC Nastran  3/ 3/26   PAGE   119
     DEFAULT                                                                                                                        
0                                                                                                            SUBCASE 1              
      EIGENVALUE =  6.767433E+06
                               F O R C E S   O F   S I N G L E - P O I N T   C O N S T R A I N T
 
      POINT ID.   TYPE          T1             T2             T3             R1             R2             R3
             1      G     -2.261806E+05  -1.703425E+05   5.256721E+05   1.325268E+04  -2.995786E+03  -2.354511E+00
             2      G     -2.263397E+05   1.705425E+05   5.256924E+05  -1.325727E+04  -2.994405E+03   2.361585E+00
             3      G      2.091667E+05   3.051599E+04   4.739240E+05   8.765429E+03   2.753829E+03   3.412339E+00
             4      G      2.093343E+05  -2.958201E+04   4.739578E+05  -8.806543E+03   2.760063E+03  -3.422528E+00
             5      G      2.085474E+05  -3.075790E+04  -4.763564E+05  -8.729638E+03   2.721699E+03   3.374039E+00
             6      G      2.083050E+05   2.993736E+04  -4.760323E+05   8.800744E+03   2.720393E+03  -3.398695E+00
             7      G     -2.252247E+05   1.659332E+05  -5.277636E+05  -1.319546E+04  -2.930760E+03  -2.467238E+00
             8      G     -2.261514E+05  -1.663696E+05  -5.299126E+05   1.333430E+04  -2.986432E+03   2.440302E+00
1                                                       **STUDENT EDITION*    APRIL  18, 2026  MSC Nastran  3/ 3/26   PAGE   120
     DEFAULT                                                                                                                        
0                                                                                                            SUBCASE 1              
      EIGENVALUE =  6.919126E+06
                               F O R C E S   O F   S I N G L E - P O I N T   C O N S T R A I N T
 
      POINT ID.   TYPE          T1             T2             T3             R1             R2             R3
             1      G      9.855360E+04  -6.005009E+04  -2.886687E+05  -1.102343E+04   4.639235E+03   9.151686E-01
             2      G      9.851894E+04   5.956181E+04  -2.894486E+05   1.103575E+04   4.612640E+03  -9.564280E-01
             3      G     -8.968057E+04  -6.104710E+03  -2.990191E+05  -6.106871E+03  -3.658927E+03  -3.248108E+00
             4      G     -9.221989E+04   2.352182E+03  -2.989697E+05   6.271200E+03  -3.728067E+03   3.294371E+00
             5      G     -8.604159E+04   1.157346E+04   3.088144E+05   5.834994E+03  -3.517279E+03  -3.059868E+00
             6      G     -9.319133E+04   7.488256E+02   3.095314E+05  -6.326211E+03  -3.645503E+03   3.212027E+00
             7      G      9.215754E+04   7.619001E+04   3.000027E+05   1.095979E+04   4.295916E+03   1.328867E+00
             8      G      9.938875E+04  -8.362581E+04   2.999540E+05  -1.066248E+04   4.561950E+03  -1.801284E+00
1                                                       **STUDENT EDITION*    APRIL  18, 2026  MSC Nastran  3/ 3/26   PAGE   121
     DEFAULT                                                                                                                        
0                                                                                                            SUBCASE 1              
      EIGENVALUE =  7.062584E+06
                               F O R C E S   O F   S I N G L E - P O I N T   C O N S T R A I N T
 
      POINT ID.   TYPE          T1             T2             T3             R1             R2             R3
             1      G     -2.089029E+04  -1.998266E+03  -8.374470E+04  -1.254498E+03   1.738248E+01   1.701464E-01
             2      G      2.098905E+04  -1.729982E+03   8.383900E+04  -1.266282E+03  -4.757763E+00   1.707770E-01
             3      G     -1.766948E+04  -4.307435E+03  -2.182297E+05  -1.284410E+03  -3.801072E+02   3.388501E-01
             4      G      1.799202E+04  -4.134003E+03   2.185002E+05  -1.292555E+03   3.897562E+02   3.415526E-01
             5      G      1.861267E+04  -4.210053E+03  -2.179277E+05  -1.292484E+03   4.221286E+02  -3.422339E-01
             6      G     -1.950360E+04  -4.014780E+03   2.176862E+05  -1.293272E+03  -4.605825E+02  -3.284107E-01
             7      G      2.200282E+04  -7.916326E+00  -8.363558E+04  -1.337697E+03   3.889968E+01  -1.625586E-01
             8      G     -2.075326E+04  -7.180257E+03   8.268634E+04  -9.856965E+02  -5.347598E+01  -2.186614E-01
 *** USER INFORMATION MESSAGE 3 (crdb::nastran::Processor::writeOutput)
 *** USER INFORMATION MESSAGE  (WRITE DATA BLOCK I4 OUG1, TRAILER[101, 0, 36560, 0, 0, 0, 1])
 *** USER INFORMATION MESSAGE 3 (crdb::nastran::Processor::writeOutput)
 *** USER INFORMATION MESSAGE  (WRITE DATA BLOCK I4 OQG1, TRAILER[102, 0, 36560, 0, 0, 0, 1])
1                                                       **STUDENT EDITION*    APRIL  18, 2026  MSC Nastran  3/ 3/26   PAGE   122
                                                                                                                                    
0                                                                                                            SUBCASE 1              
 * * * *  D B D I C T   P R I N T  * * * *      SUBDMAP = PRTSUM  ,  DMAP STATEMENT NO.     75



0                                   * * * *  A N A L Y S I S  S U M M A R Y  T A B L E  * * * *
0 SEID  PEID PROJ VERS APRCH      SEMG SEMR SEKR SELG SELR MODES DYNRED SOLLIN SOLNL LOOPID DESIGN CYCLE SENSITIVITY
 -------------------------------------------------------------------------------------------------------------------
     0     0    1    1 '        '    T    T    T    T    T     T      F      T     F     -1            0           F
0SEID = SUPERELEMENT ID.
 PEID = PRIMARY SUPERELEMENT ID OF IMAGE SUPERELEMENT.
 PROJ = PROJECT ID NUMBER.
 VERS = VERSION ID.
 APRCH = BLANK FOR STRUCTURAL ANALYSIS.  HEAT FOR HEAT TRANSFER ANALYSIS.
 SEMG = STIFFNESS AND MASS MATRIX GENERATION STEP.
 SEMR = MASS MATRIX REDUCTION STEP (INCLUDES EIGENVALUE SOLUTION FOR MODES).
 SEKR = STIFFNESS MATRIX REDUCTION STEP.
 SELG = LOAD MATRIX GENERATION STEP.
 SELR = LOAD MATRIX REDUCTION STEP. 
 MODES = T (TRUE) IF NORMAL MODES OR BUCKLING MODES CALCULATED.
 DYNRED = T (TRUE) MEANS GENERALIZED DYNAMIC AND/OR COMPONENT MODE REDUCTION PERFORMED.
 SOLLIN = T (TRUE) IF LINEAR SOLUTION EXISTS IN DATABASE.
 LOOPID = THE LAST LOOPID VALUE USED IN THE NONLINEAR ANALYSIS.  USEFUL FOR RESTARTS.
 SOLNL = T (TRUE) IF NONLINEAR SOLUTION EXISTS IN DATABASE.
 DESIGN CYCLE = THE LAST DESIGN CYCLE (ONLY VALID IN OPTIMIZATION).
 SENSITIVITY = SENSITIVITY MATRIX GENERATION FLAG.
 
 No PARAM values were set in the Control File.
 
1                                        * * * END OF JOB * * *
 
 
 No Symbolic Replacement variables or values were specified.

