1
 
 
 
 
                      Warning: This computer program is protected by copyright law and international treaties.       
                  Unauthorized use, reproduction or distribution of this computer program, or any portion of it, may 
                                          result in severe civil and criminal penalties.                             
                         Copyright (C) 2026 Hexagon AB and/or its subsidiaries. All rights reserved.                 
 
 
                                              * * * * * * * * * * * * * * * * * * * *
                                              * * * * * * * * * * * * * * * * * * * *
                                              * *                                 * *
                                              * *           Hexagon AB            * *
                                              * *                                 * *
                                              * *                                 * *
                                              * *      M S C   N a s t r a n      * *
                                              * *                                 * *
                                              * *  S T U D E N T   E D I T I O N  * *
                                              * *                                 * *
                                              * *     Version 2025.2-bad99147     * *
                                              * *                                 * *
                                              * *                                 * *
                                              * *                                 * *
                                              * *          MAR  3, 2026           * *
                                              * *                                 * *
                                              * *              Intel              * *
                                              * *MODEL Intel(R) Core(TM) i7-8550U * *
                                              * *      Windows 11 10.0 26200      * *
                                              * *        Compiled for 8664        * *
                                              * *                                 * *
                                              * * * * * * * * * * * * * * * * * * * *
                                              * * * * * * * * * * * * * * * * * * * *

 
 
                                                 This Student Edition version is  
                                                    valid until NOV 15, 2027.     
 
 
                  This program is being distributed as part of the Hexagon AB Student Edition. Use of this program   
                     or its results at a commercial installation, for commercial purposes, or for production work    
                                             I S   S T R I C T L Y  P R O H I B I T E D.                             
                  ==================================== FOR EDUCATIONAL USE ONLY =====================================
 
 
1News file
  
               Welcome to MSC Nastran 2025.2
  
   MSC Nastran brings powerful new features and enhancements for engineering
   solutions in several releases through the year. Key enhancements in
   Version 2025.2 are summarized below. Additional details can be found in
   the MSC Nastran Version 2025.2 Release Guide.
  
     MSC Nastran 2025.2 Features and Enhancements
  
     Aeroelasticity
     - Mach1+ New Supersonic Panel Method now available in all aeroelasticity
       solutions
  
     SOL 400 Nonlinear (NLPERF) New Features and Enhancements
     - GPFORCE and ESE output for Nonlinear Statics and Nonlinear Transient
       analysis
     - Nonlinear transient analysis support
     - Enforced motion (SPCD/SPCR) with the Arc-Length Method
     - Contact support with the Arc-Length Method
     - Arbitrary DOF combination for all rigid elements
     - MSC Nastran (NLSTATIC) -Adams Co-simulation enabled
     - Improved contact output control
     - Element formulation summary output
     - Expanded total energy report
     - CGAP contact result output
  
     SOL 400 Nonlinear (CNLS)
     - MSC Nastran-scFlow Co-Simulation supports multiple interface group
       definitions
  
     High Performance Computing (HPC)
     - MUMPS linear solver added for frequency and transient response
     - UMFPack unsymmetric solver retired
  
     SOL 200 NEO Topology Optimization Enhancements
     - Dynamic response optimization with displacement (FRDISP) constraints
     - Enhanced optimizer for natural frequency/eigenvalue constraints
     - Maximum displacement constraint for design and non-design regions
  
     Linear
     - Linear Gap element introduced in SOL 101 (Statics)
     - Angled double-sided PBARL/PBEAML stiffener definition
  
     Frequency Analysis
     - MONPNT3 monitor point supported added in SOL 111 Random Response analysis
     - Frequency-dependent scaling for PBUSH via PBUSHT tables
     - Option to export structural damping matrix to AVL EXB file.
  
1    Rotor Dynamics
     - DMIG rotor matrices input at unit speed allowing frequency dependent
       and speed scaling entry for all rotor dynamic analysis. Supported in
       complex eigenvalue analysis and unbalance response in linear and
       nonlinear frequency and time domains
     - Bush element supports 6x6 frequency-dependent stiffness and damping
  
     Documentation
     - The complete documentation set is provided in a separate installer and
       when installed is available at: MSC_DOC_DIR/doc/pdf_nastran directory,
       where MSC_DOC_DIR is the directory where documentation was installed.
       This help set includes cross references between documents, and links to
       how-to videos, and example files
  
     Individual MSC Nastran documents are available for download from the
       Simcompanion Website at:
       http://simcompanion.hexagon.com/
  
     The documentation set includes the following:
  
         1.  MSC Nastran 2025.2 Installation and Operations Guide
         2.  MSC Nastran 2025.2 Quick Reference Guide
         3.  MSC Nastran 2025.2 Release Guide
         4.  MSC Nastran 2025.2 Linear Statics Analysis User's Guide
         5.  MSC Nastran 2025.2 Dynamic Analysis User's Guide
         6.  MSC Nastran 2025.2 Superelements User's Guide
         7.  MSC Nastran 2025.2 Rotor Dynamics User's Guide
         8.  MSC Nastran 2025.2 Demonstration Problems Manual
         9.  MSC Nastran 2025.2 MSC Nastran Embedded Fatigue User's Guide
        10.  MSC Nastran 2025.2 Design Sensitivity and Optimization
        11.  MSC Nastran 2025.2 Nonlinear User's Guide SOL 400
        12.  MSC Nastran 2025.2 DMAP Programmer's Guide
        13.  MSC Nastran 2025.2 High Performance Computing User's Guide
        14.  MSC Nastran 2025.2 New Verification Manual
        15.  MSC Nastran 2025.2 DEMATD Guide
        16.  MSC Nastran 2025.2 Explicit Nonlinear (SOL 700) User's Guide
        17.  MSC Nastran 2025.2 ACMS User's Guide
  
   Please refer to  MSC_DOC_DIR/doc/pdf_nastran/nastran_library.pdf
   for the complete document set:
  
   Additional information about the release can be found at the MSC Nastran
   Product Support page: http://simcompanion.hexagon.com
  
   The support page provides links to these valuable information:
      * A searchable Knowledge Base containing examples and answers to thousands
        of frequently asked questions written by MSC Software subject-matter
        experts.
      * Peer-to-peer Discussion Forums enabling you to post questions for your
        MSC Software products and receive answers from other users worldwide.
1     * A list of known issues with the product and any workarounds.
      * Instructions on how to contact technical support
      * A mechanism for sending us product feedback or enhancement requests.
      * Hardware and software requirements.
      * Examples and Tutorials
      * and much more.
  
   For information on training, please visit our Training web site
  
      https://hexagon.com/support-success/manufacturing-intelligence/
      design-engineering-support/training-materials
  
1                                                       **STUDENT EDITION*    APRIL  18, 2026  MSC Nastran  3/ 3/26   PAGE     1
                                                                                                                                    
0        N A S T R A N    F I L E    A N D    S Y S T E M    P A R A M E T E R    E C H O                                           
0                                                                                                                                   
                                                                                                                                    
                                                                                                                                    
     NASTRAN BUFFSIZE=8193 $(C:/PROGRAM FILES/MSC.SOFTWARE/NAPA_SE/20252/NASTRAN/CONF
     $ MSC.NASTRAN INPUT FILE CREATED ON APRIL     17, 2026 AT 18:13:48 BY           
     $ PATRAN 2025.2  (STUDENT EDITION)                                              
     $ DIRECT TEXT INPUT FOR NASTRAN SYSTEM CELL SECTION                             
     $ NORMAL MODES ANALYSIS, DATABASE                                               
1                                                       **STUDENT EDITION*    APRIL  18, 2026  MSC Nastran  3/ 3/26   PAGE     2
                                                                                                                                    
0        N A S T R A N    E X E C U T I V E    C O N T R O L    E C H O                                                             
0                                                                                                                                   
                                                                                                                                    
                                                                                                                                    
     SOL 103                                                                                 
     CEND                                                                                    
1                                                       **STUDENT EDITION*    APRIL  18, 2026  MSC Nastran  3/ 3/26   PAGE     3
                                                                                                                                    
0                                                                                                                                   
0                                        C A S E    C O N T R O L    E C H O                                                        
                 COMMAND                                                                                                            
                 COUNT                                                                                                              
                  1      ECHO = NONE                                                                             
                  2      $ USING NASTRAN DEFAULT VALUES FOR RESVEC                                               
                  3      SUBCASE 1                                                                               
                  4      $ SUBCASE NAME : DEFAULT                                                                
                  5         SUBTITLE=DEFAULT                                                                     
                  6         METHOD = 1                                                                           
                  7         SPC = 2                                                                              
                  8         VECTOR(SORT1,REAL)=ALL                                                               
                  9         SPCFORCES(SORT1,REAL)=ALL                                                            
                 10      BEGIN BULK                                                                              
1                                                       **STUDENT EDITION*    APRIL  18, 2026  MSC Nastran  3/ 3/26   PAGE     4
                                                                                                                                    
0                                                                                                                                   
                                              I N P U T   B U L K   D A T A   E C H O                                               
                 ENTRY                                                                                                              
                 COUNT        .   1  ..   2  ..   3  ..   4  ..   5  ..   6  ..   7  ..   8  ..   9  ..  10  .                      
 *** USER INFORMATION MESSAGE 9991 (SDLWIF)
     Messages are being generated at include level 0.
     File: c:/users/pablo castillo/desktop/muse/segundo cuatrimestre/estructuras/eue-trabajo-1/06_codigo/runs/009_al0.500_psu1.586_mod1.430_proc1.701_fpga1.102_bfpga3.063_eal1.050/sfem_mass_fit.bdf
 *** USER WARNING MESSAGE 9994 (BULFUN)
     MAT1 with MID=1 near line 1870
     User information:  Material has unreasonable or inconsistent values of E, G or NU.
1                                                       **STUDENT EDITION*    APRIL  18, 2026  MSC Nastran  3/ 3/26   PAGE     5
                                                                                                                                    
0                                                                                                                                   
                                        M O D E L   S U M M A R Y          BULK = 0
                                   ENTRY NAME        NUMBER OF ENTRIES
                                   ----------        -----------------
                                         CBAR                      452
                                        CBUSH                      116
                                       CORD2R                        1
                                       CQUAD4                      416
                                        EIGRL                        1
                                         GRID                      457
                                      HDF5OUT                        1
                                         MAT1                        6
                                        PARAM                        1
                                        PBARL                       18
                                        PBUSH                        2
                                       PSHELL                        9
                                         RBE2                        8
                                         SPC1                        1
                                       SPCADD                        1

 ^^^     
 ^^^ >>> IFP OPERATIONS COMPLETE <<< 
 ^^^     
 *** USER INFORMATION MESSAGE 3 (crdb::nastran::Processor::writeInput)
 *** USER INFORMATION MESSAGE  (WRITE DATA BLOCK I4 PVT, TRAILER[101, 5, 0, 0, 0, 0, 0])
 *** USER INFORMATION MESSAGE 3 (crdb::nastran::Processor::writeInput)
 *** USER INFORMATION MESSAGE  (WRITE DATA BLOCK I4 CASECC, TRAILER[102, 1, 0, 1000, 0, 0, 0])
 *** USER INFORMATION MESSAGE 3 (crdb::nastran::Processor::writeInput)
 *** USER INFORMATION MESSAGE  (WRITE DATA BLOCK I4 CSTM, TRAILER[104, 457, 1, 1, 1, 12, 0])
 *** USER INFORMATION MESSAGE 3 (crdb::nastran::Processor::writeInput)
 *** USER INFORMATION MESSAGE  (WRITE DATA BLOCK I4 GEOM1Q, TRAILER[101, 0, 2048, 8, 0, 0, 0])
 *** USER INFORMATION MESSAGE 3 (crdb::nastran::Processor::writeInput)
 *** USER INFORMATION MESSAGE  (WRITE DATA BLOCK I4 EPT, TRAILER[101, 4, 4608, 0, 0, 0, 32])
 *** USER INFORMATION MESSAGE 3 (crdb::nastran::Processor::writeInput)
 *** USER INFORMATION MESSAGE  (WRITE DATA BLOCK I4 MPT, TRAILER[102, 32768, 0, 0, 0, 0, 0])
 *** USER INFORMATION MESSAGE 3 (crdb::nastran::Processor::writeInput)
 *** USER INFORMATION MESSAGE  (WRITE DATA BLOCK I4 GEOM2, TRAILER[103, 0, 320, 0, 8192, 0, 0])
 *** USER INFORMATION MESSAGE 3 (crdb::nastran::Processor::writeInput)
 *** USER INFORMATION MESSAGE  (WRITE DATA BLOCK I4 GEOM4S, TRAILER[105, 0, 0, 0, 96, 2048, 0])
 *** USER INFORMATION MESSAGE 3 (crdb::nastran::Processor::writeInput)
 *** USER INFORMATION MESSAGE  (DATA BLOCK GEOM4S IS NOT SUPPORTED)
 *** USER INFORMATION MESSAGE 3 (crdb::nastran::Processor::writeInput)
 *** USER INFORMATION MESSAGE  (WRITE DATA BLOCK I4 GEOM1, TRAILER[101, 0, 2048, 8, 0, 0, 0])
 *** USER INFORMATION MESSAGE 3 (crdb::nastran::Processor::writeInput)
 *** USER INFORMATION MESSAGE  (WRITE DATA BLOCK I4 DYNAMIC, TRAILER[102, 256, 0, 0, 0, 0, 0])
 *** USER INFORMATION MESSAGE 3 (crdb::nastran::Processor::writeInput)
 *** USER INFORMATION MESSAGE  (WRITE DATA BLOCK I4 EDT, TRAILER[103, 0, 0, 524288, 0, 0, 0])
 *** USER INFORMATION MESSAGE 3 (crdb::nastran::Processor::writeInput)
 *** USER INFORMATION MESSAGE  (WRITE DATA BLOCK I4 GEOM4, TRAILER[102, 0, 0, 0, 96, 2048, 0])
1                                                       **STUDENT EDITION*    APRIL  18, 2026  MSC Nastran  3/ 3/26   PAGE     6
                                                                                                                                    
0                                                                                                                                   
 *** USER INFORMATION MESSAGE 7310 (VECPRN)
     ORIGIN OF SUPERELEMENT OR MODULE BASIC COORDINATE SYSTEM WILL BE USED AS REFERENCE LOCATION.
     RESULTANTS ABOUT ORIGIN OF SUPERELEMENT OR MODULE BASIC COORDINATE SYSTEM IN SUPERELEMENT OR MODULE
     BASIC SYSTEM COORDINATES.
0                                                  OLOAD    RESULTANT       
  SUBCASE/    LOAD
  DAREA ID    TYPE       T1            T2            T3            R1            R2            R3
0        1     FX    0.000000E+00     ----          ----          ----       0.000000E+00  0.000000E+00                             
               FY       ----       0.000000E+00     ----       0.000000E+00     ----       0.000000E+00                             
               FZ       ----          ----       0.000000E+00  0.000000E+00  0.000000E+00     ----                                  
               MX       ----          ----          ----       0.000000E+00     ----          ----                                  
               MY       ----          ----          ----          ----       0.000000E+00     ----                                  
               MZ       ----          ----          ----          ----          ----       0.000000E+00                             
             TOTALS  0.000000E+00  0.000000E+00  0.000000E+00  0.000000E+00  0.000000E+00  0.000000E+00
 *** USER INFORMATION MESSAGE 5010 (LNCILS)
     STURM SEQUENCE DATA FOR EIGENVALUE EXTRACTION.
     TRIAL EIGENVALUE = 3.101429D+04, CYCLES = 2.802858D+01 THE STURM COUNT = 0
 *** USER INFORMATION MESSAGE 5010 (LNCILS)
     STURM SEQUENCE DATA FOR EIGENVALUE EXTRACTION.
     TRIAL EIGENVALUE = 7.923100D+06, CYCLES = 4.479894D+02 THE STURM COUNT = 10

 TABLE OF SHIFTS:  (LNNRIGL)
 SHIFT #        SHIFT VALUE         FREQUENCY, CYCLES     # EIGENVALUES BELOW    # NEW EIGENVALUES FOUND
     1.        3.1014294E+04          2.8028579E+01                 0                       12
     2.        7.9231005E+06          4.4798937E+02                10                        0

1                                                       **STUDENT EDITION*    APRIL  18, 2026  MSC Nastran  3/ 3/26   PAGE     7
                                                                                                                                    
0                                                                                                            SUBCASE 1              
0


                          E I G E N V A L U E  A N A L Y S I S   S U M M A R Y   (READ MODULE) 



                                     BLOCK SIZE USED ......................     7

                                     NUMBER OF DECOMPOSITIONS .............     2

                                     NUMBER OF ROOTS FOUND ................    10

                                     NUMBER OF SOLVES REQUIRED ............    11

1                                                       **STUDENT EDITION*    APRIL  18, 2026  MSC Nastran  3/ 3/26   PAGE     8
                                                                                                                                    
0                                                                                                            SUBCASE 1              
 
                                              R E A L   E I G E N V A L U E S
   MODE    EXTRACTION      EIGENVALUE            RADIANS             CYCLES            GENERALIZED         GENERALIZED
    NO.       ORDER                                                                       MASS              STIFFNESS
        1         1        1.537789E+06        1.240076E+03        1.973642E+02        1.000000E+00        1.537789E+06
        2         2        2.128632E+06        1.458983E+03        2.322044E+02        1.000000E+00        2.128632E+06
        3         3        2.319757E+06        1.523075E+03        2.424049E+02        1.000000E+00        2.319757E+06
        4         4        2.545686E+06        1.595521E+03        2.539350E+02        1.000000E+00        2.545686E+06
        5         5        4.529556E+06        2.128275E+03        3.387255E+02        1.000000E+00        4.529556E+06
        6         6        4.573630E+06        2.138605E+03        3.403695E+02        1.000000E+00        4.573630E+06
        7         7        6.283854E+06        2.506762E+03        3.989635E+02        1.000000E+00        6.283854E+06
        8         8        6.858484E+06        2.618871E+03        4.168062E+02        1.000000E+00        6.858484E+06
        9         9        7.165203E+06        2.676790E+03        4.260243E+02        1.000000E+00        7.165203E+06
       10        10        7.547117E+06        2.747202E+03        4.372307E+02        1.000000E+00        7.547117E+06
1                                                       **STUDENT EDITION*    APRIL  18, 2026  MSC Nastran  3/ 3/26   PAGE     9
                                                                                                                                    
0                                                                                                            SUBCASE 1              
 *** USER INFORMATION MESSAGE 7310 (VECPRN)
     ORIGIN OF SUPERELEMENT OR MODULE BASIC COORDINATE SYSTEM WILL BE USED AS REFERENCE LOCATION.
     RESULTANTS ABOUT ORIGIN OF SUPERELEMENT OR MODULE BASIC COORDINATE SYSTEM IN SUPERELEMENT OR MODULE
     BASIC SYSTEM COORDINATES.
0                                                  SPCFORCE RESULTANT       
  SUBCASE/    LOAD
  DAREA ID    TYPE       T1            T2            T3            R1            R2            R3
0        1     FX    5.635734E+00     ----          ----          ----      -5.635734E-03  1.858543E+02                             
               FY       ----       2.077596E+02     ----       2.077596E-01     ----      -1.766910E+02                             
               FZ       ----          ----       1.061354E+06  2.513395E+01  3.107735E+01     ----                                  
               MX       ----          ----          ----      -4.042732E+01     ----          ----                                  
               MY       ----          ----          ----          ----       6.196039E-01     ----                                  
               MZ       ----          ----          ----          ----          ----      -5.524932E-02                             
             TOTALS  5.635734E+00  2.077596E+02  1.061354E+06 -1.508561E+01  3.169132E+01  9.108045E+00
0        2     FX   -1.361514E+01     ----          ----          ----       1.361514E-02  2.082717E+01                             
               FY       ----      -1.667067E+01     ----      -1.667067E-02     ----      -2.107545E+01                             
               FZ       ----          ----      -1.606994E+06 -4.536224E+01  1.270646E+01     ----                                  
               MX       ----          ----          ----       4.494838E+01     ----          ----                                  
               MY       ----          ----          ----          ----      -1.456256E+01     ----                                  
               MZ       ----          ----          ----          ----          ----      -7.718725E-03                             
             TOTALS -1.361514E+01 -1.667067E+01 -1.606994E+06 -4.305309E-01 -1.842487E+00 -2.560009E-01
0        3     FX   -2.479958E+01     ----          ----          ----       2.479958E-02  1.587291E+02                             
               FY       ----       3.858459E+01     ----       3.858459E-02     ----      -1.570920E+02                             
               FZ       ----          ----      -1.645323E+06 -1.188785E+02  3.578430E+00     ----                                  
               MX       ----          ----          ----       1.136360E+02     ----          ----                                  
               MY       ----          ----          ----          ----      -2.180353E+01     ----                                  
               MZ       ----          ----          ----          ----          ----      -9.203934E-02                             
             TOTALS -2.479958E+01  3.858459E+01 -1.645323E+06 -5.203830E+00 -1.820030E+01  1.545145E+00
0        4     FX   -4.505847E+02     ----          ----          ----       4.505847E-01 -1.265836E+01                             
               FY       ----      -1.307654E+02     ----      -1.307654E-01     ----      -1.234384E+01                             
               FZ       ----          ----      -1.600054E+06 -1.234009E+02 -6.849399E+01     ----                                  
               MX       ----          ----          ----       1.324654E+02     ----          ----                                  
               MY       ----          ----          ----          ----      -6.519542E+02     ----                                  
               MZ       ----          ----          ----          ----          ----       2.094829E-01                             
             TOTALS -4.505847E+02 -1.307654E+02 -1.600054E+06  8.933747E+00 -7.199976E+02 -2.479272E+01
0        5     FX   -4.709835E+04     ----          ----          ----       4.709835E+01  1.739922E+02                             
               FY       ----      -1.279781E+02     ----      -1.279781E-01     ----      -2.017581E+02                             
               FZ       ----          ----      -1.108798E+03 -2.412783E+01  1.521045E+05     ----                                  
               MX       ----          ----          ----       4.434798E+01     ----          ----                                  
               MY       ----          ----          ----          ----       4.129790E+03     ----                                  
               MZ       ----          ----          ----          ----          ----       5.514040E-02                             
             TOTALS -4.709835E+04 -1.279781E+02 -1.108798E+03  2.009218E+01  1.562814E+05 -2.771075E+01
0        6     FX   -1.669328E+01     ----          ----          ----       1.669328E-02 -2.416963E+00                             
               FY       ----      -4.188536E+01     ----      -4.188536E-02     ----       1.637201E+00                             
               FZ       ----          ----      -6.080970E+05 -1.091782E+01 -3.659933E-01     ----                                  
               MX       ----          ----          ----       1.299577E+01     ----          ----                                  
               MY       ----          ----          ----          ----      -2.423706E+00     ----                                  
               MZ       ----          ----          ----          ----          ----      -2.833877E-03                             
             TOTALS -1.669328E+01 -4.188536E+01 -6.080970E+05  2.036073E+00 -2.773006E+00 -7.825958E-01
0        7     FX    1.337410E+05     ----          ----          ----      -1.337410E+02  7.652608E+01                             
               FY       ----       3.853990E+02     ----       3.853990E-01     ----      -7.369858E+01                             
               FZ       ----          ----       1.155933E+03  9.507348E+01 -2.214408E+05     ----                                  
               MX       ----          ----          ----      -1.094373E+02     ----          ----                                  
               MY       ----          ----          ----          ----      -1.089081E+04     ----                                  
               MZ       ----          ----          ----          ----          ----       1.872125E-03                             
             TOTALS  1.337410E+05  3.853990E+02  1.155933E+03 -1.397838E+01 -2.324654E+05  2.829375E+00
0        8     FX   -6.430648E+04     ----          ----          ----       6.430648E+01  1.477834E+02                             
               FY       ----      -2.895445E+00     ----      -2.895445E-03     ----      -1.493863E+02                             
               FZ       ----          ----      -2.600831E+03 -1.681443E+02  2.478592E+05     ----                                  
               MX       ----          ----          ----       1.606328E+02     ----          ----                                  
               MY       ----          ----          ----          ----       6.681913E+01     ----                                  
               MZ       ----          ----          ----          ----          ----      -1.088947E-01                             
             TOTALS -6.430648E+04 -2.895445E+00 -2.600831E+03 -7.514444E+00  2.479903E+05 -1.711823E+00
0        9     FX    7.314127E+02     ----          ----          ----      -7.314127E-01  3.017670E+02                             
               FY       ----      -2.683218E+04     ----      -2.683218E+01     ----      -3.347702E+02                             
               FZ       ----          ----      -7.121199E+02  1.114160E+05  5.406585E+01     ----                                  
               MX       ----          ----          ----      -9.877454E+03     ----          ----                                  
               MY       ----          ----          ----          ----      -3.184459E+01     ----                                  
               MZ       ----          ----          ----          ----          ----      -2.903056E-02                             
             TOTALS  7.314127E+02 -2.683218E+04 -7.121199E+02  1.015117E+05  2.148985E+01 -3.303221E+01
0       10     FX   -4.612397E+04     ----          ----          ----       4.612397E+01 -2.187665E+02                             
               FY       ----      -7.482881E+02     ----      -7.482881E-01     ----       1.264939E+02                             
               FZ       ----          ----      -4.547520E+04  7.218374E+00  2.380803E+05     ----                                  
               MX       ----          ----          ----       5.597714E+01     ----          ----                                  
               MY       ----          ----          ----          ----      -4.097508E+03     ----                                  
               MZ       ----          ----          ----          ----          ----       3.124407E-01                             
             TOTALS -4.612397E+04 -7.482881E+02 -4.547520E+04  6.244722E+01  2.340290E+05 -9.196009E+01
1                                                       **STUDENT EDITION*    APRIL  18, 2026  MSC Nastran  3/ 3/26   PAGE    10
                                                                                                                                    
0                                                                                                            SUBCASE 1              
0                                                  MAXIMUM  SPCFORCES       
  SUBCASE/
  DAREA ID        T1             T2             T3             R1             R2             R3
0        1   3.5469028E+04  8.1402319E+04  1.4470942E+05  1.0153862E+03  1.1538096E+03  7.7651269E-01
0        2   3.0491588E+04  8.2120985E+04  2.2157874E+05  1.5226238E+03  1.2127708E+03  6.9200573E-01
0        3   1.9803420E+05  1.0384284E+05  2.6661969E+05  5.0399776E+03  1.6391886E+03  3.0913655E+00
0        4   1.9127234E+05  1.3700120E+05  2.6049968E+05  3.1588085E+03  6.0966670E+03  3.2418330E+00
0        5   8.7291721E+03  1.7727687E+05  3.2769054E+05  1.0290074E+03  5.6607266E+02  1.0447540E+00
0        6   1.4472459E+04  2.4592149E+04  1.0090784E+05  7.7576316E+02  5.7058879E+02  2.6393192E-01
0        7   2.5802715E+04  1.8688261E+05  4.8222950E+05  2.5711598E+03  1.4686959E+03  1.2643512E+00
0        8   2.0234747E+05  1.7501342E+05  4.7001471E+05  1.1194495E+04  2.1267689E+03  2.8751545E+00
0        9   2.1301490E+04  6.9246790E+03  2.1608918E+05  1.3083846E+03  4.4515213E+02  3.2121492E-01
0       10   1.5716980E+05  4.6787599E+04  4.4559448E+05  1.5193349E+04  5.7987620E+03  3.7998905E+00
1                                                       **STUDENT EDITION*    APRIL  18, 2026  MSC Nastran  3/ 3/26   PAGE    11
                                                                                                                                    
0                                                                                                            SUBCASE 1              
0                                                  MAXIMUM  DISPLACEMENTS   
  SUBCASE/
  DAREA ID        T1             T2             T3             R1             R2             R3
0        1   2.0057725E-02  1.4303036E-02  2.4596797E+00  4.9496172E+01  5.3710539E+01  7.2286358E+00
0        2   2.4225884E-02  1.6248430E-02  2.3232071E+00  4.6559176E+01  4.9046021E+01  7.6743643E+00
0        3   2.9125663E-02  8.8104480E-03  2.4048935E+00  4.8568192E+01  5.0712140E+01  1.0063268E+01
0        4   2.8349427E-02  9.5096340E-03  2.5242153E+00  5.1064664E+01  5.4925573E+01  8.7370469E+00
0        5   3.1871356E-02  1.1002236E-02  2.6071313E+00  5.6954205E+01  8.5722200E+01  1.5381992E+01
0        6   1.9522732E-02  1.8057516E-02  1.2759309E+01  1.9540709E+02  1.5024751E+02  5.9142220E-01
0        7   3.6973033E-02  1.7311891E-02  2.4630384E+00  5.3529586E+01  8.1970269E+01  2.1687629E+01
0        8   3.8572905E-02  5.3221842E-03  2.5628758E+00  5.6212624E+01  8.4699265E+01  7.5105901E+00
0        9   2.7701407E-03  1.9534040E-02  4.1655521E+00  7.5562919E+01  6.8370884E+01  1.8844451E+01
0       10   3.4463437E-02  5.1952076E-03  2.7076176E+00  5.9480780E+01  8.9789399E+01  6.5490260E+00
 *** USER INFORMATION MESSAGE 3 (crdb::nastran::Processor::writeOutput)
 *** USER INFORMATION MESSAGE  (WRITE DATA BLOCK I4 OLAMA, TRAILER[101, 10, 0, 0, 0, 0, 0])
1                                                       **STUDENT EDITION*    APRIL  18, 2026  MSC Nastran  3/ 3/26   PAGE    12
     DEFAULT                                                                                                                        
0                                                                                                            SUBCASE 1              
      EIGENVALUE =  1.537789E+06
          CYCLES =  1.973642E+02         R E A L   E I G E N V E C T O R   N O .          1
 
      POINT ID.   TYPE          T1             T2             T3             R1             R2             R3
             1      G      0.0            0.0            0.0            0.0            0.0            0.0
             2      G      0.0            0.0            0.0            0.0            0.0            0.0
             3      G      0.0            0.0            0.0            0.0            0.0            0.0
             4      G      0.0            0.0            0.0            0.0            0.0            0.0
             5      G      0.0            0.0            0.0            0.0            0.0            0.0
             6      G      0.0            0.0            0.0            0.0            0.0            0.0
             7      G      0.0            0.0            0.0            0.0            0.0            0.0
             8      G      0.0            0.0            0.0            0.0            0.0            0.0
            10      G     -6.876907E-06  -8.140329E-05  -1.447094E-04   1.941188E-06  -7.842814E-05   7.765127E-03
            11      G     -5.613614E-06   8.031197E-05  -1.440297E-04   1.519325E-07  -7.366852E-05  -7.652730E-03
            12      G     -3.552583E-05   4.962097E-06  -1.210037E-04  -9.931028E-05  -1.136075E-04   1.007073E-03
            13      G     -3.363419E-05  -4.872972E-06  -1.197703E-04   9.836325E-05  -1.068780E-04  -8.012936E-04
            14      G      3.486703E-05   5.079970E-06  -1.209571E-04  -9.959580E-05   1.119323E-04  -9.195438E-04
            15      G      3.388122E-05  -4.902854E-06  -1.238066E-04   1.012960E-04   1.041491E-04   1.150455E-03
            16      G      6.534672E-06  -7.858673E-05  -1.438723E-04  -4.886904E-06   7.674825E-05  -7.615264E-03
            17      G      6.361947E-06   7.920203E-05  -1.432055E-04   6.072950E-06   7.969083E-05   7.618670E-03
           100      G      6.430730E-05   3.968140E-06  -5.031784E-03   1.109805E-01  -2.003713E-02   7.785171E-04
           101      G      1.142205E-04   5.893344E-07  -8.579045E-03  -1.493353E-05  -1.341746E-02   5.779792E-05
           102      G      3.357127E-05  -1.505391E-05  -5.540704E-03   1.265754E-01  -1.100678E-02  -1.303247E-04
           103      G      5.976550E-05   2.588970E-07  -9.523380E-03  -5.944724E-05  -3.110085E-02   2.651338E-06
           104      G      9.491698E-09   2.862120E-05  -5.962174E-03   1.259442E-01  -3.581951E-05  -4.162283E-05
           105      G     -4.160230E-07  -4.570122E-08  -1.027712E-02   1.920040E-06  -9.394173E-05   8.304462E-06
           106      G      4.250963E-05   1.671994E-05  -1.265238E-04   1.012960E-04   1.041491E-04   1.150455E-03
           107      G      4.250963E-05  -1.398282E-05  -1.237443E-04   1.012960E-04   1.041491E-04   1.150455E-03
           108      G      1.685600E-06  -5.018368E-05  -4.765251E-04  -5.678224E-03  -1.376396E-04   2.542492E-05
           109      G      6.350198E-05   1.363421E-04  -1.438487E-04   6.072950E-06   7.969083E-05   7.618670E-03
           110      G      1.174011E-04   4.853290E-04  -3.165267E-03   7.938253E-02  -1.036930E-02  -5.454826E-02
           111      G      6.350198E-05  -7.650455E-05  -1.416223E-04   6.072950E-06   7.969083E-05   7.618670E-03
           112      G      8.274747E-05   3.024676E-05  -4.062817E-03   9.675211E-02  -3.785570E-02   5.102418E-03
           113      G      1.293561E-04   1.159845E-07  -4.402280E-03  -6.884011E-04  -1.420004E-02   1.076159E-03
           114      G      1.998341E-04   8.882878E-07  -6.514184E-03  -4.188105E-05  -1.055193E-01  -2.518408E-04
           115      G     -6.433538E-05   2.860072E-06  -5.033677E-03   1.115871E-01   1.987819E-02  -9.420831E-04
           116      G     -1.154482E-04  -6.571252E-07  -8.583153E-03   2.845093E-05   1.322572E-02   7.145095E-06
           117      G     -3.294637E-05  -1.632535E-05  -5.539735E-03   1.268770E-01   1.091503E-02   1.175923E-04
           118      G     -6.086354E-05  -3.446456E-07  -9.525009E-03   7.217384E-06   3.103922E-02   1.367455E-05
           119      G     -3.964389E-05   1.018734E-05  -1.225168E-04   9.836325E-05  -1.068780E-04  -8.012936E-04
           120      G     -3.964389E-05  -1.119718E-05  -1.196645E-04   9.836325E-05  -1.068780E-04  -8.012936E-04
           121      G     -6.300909E-05   1.377074E-04  -1.445833E-04   1.519325E-07  -7.366852E-05  -7.652730E-03
           122      G     -1.174712E-04   4.843472E-04  -3.170069E-03   7.904088E-02   9.928739E-03   5.590540E-02
           123      G     -6.300909E-05  -7.609071E-05  -1.425252E-04   1.519325E-07  -7.366852E-05  -7.652730E-03
           124      G     -8.312213E-05   2.874607E-05  -4.066837E-03   9.690417E-02   3.804896E-02  -5.115246E-03
           125      G     -1.306337E-04  -1.987066E-06  -4.409381E-03  -3.748226E-05   1.393465E-02  -9.243204E-05
           126      G     -2.013474E-04  -1.050784E-06  -6.519531E-03   1.128485E-04   1.055806E-01   5.191289E-05
           127      G      6.380741E-05  -2.844533E-06  -5.030096E-03  -1.113598E-01  -1.979929E-02  -8.694419E-04
           128      G      3.263715E-05   1.591833E-05  -5.537593E-03  -1.267894E-01  -1.110261E-02   1.382903E-04
           129      G     -5.802524E-07  -2.881227E-05  -5.963628E-03  -1.259884E-01  -4.469432E-05   1.011779E-06
           130      G      4.176361E-05  -1.220285E-05  -1.238079E-04  -9.959580E-05   1.119323E-04  -9.195438E-04
           131      G      4.176361E-05   1.233747E-05  -1.208207E-04  -9.959580E-05   1.119323E-04  -9.195438E-04
           132      G     -5.112212E-07   5.058257E-05  -4.816052E-04   5.773690E-03  -5.010366E-06  -1.400082E-05
           133      G      6.364916E-05  -1.357012E-04  -1.444845E-04  -4.886904E-06   7.674825E-05  -7.615264E-03
1                                                       **STUDENT EDITION*    APRIL  18, 2026  MSC Nastran  3/ 3/26   PAGE    13
     DEFAULT                                                                                                                        
0                                                                                                            SUBCASE 1              
      EIGENVALUE =  1.537789E+06
          CYCLES =  1.973642E+02         R E A L   E I G E N V E C T O R   N O .          1
 
      POINT ID.   TYPE          T1             T2             T3             R1             R2             R3
           134      G      1.170063E-04  -4.814887E-04  -3.152458E-03  -7.863527E-02  -1.017577E-02   5.614204E-02
           135      G      6.364916E-05   7.705025E-05  -1.423404E-04  -4.886904E-06   7.674825E-05  -7.615264E-03
           136      G      8.248934E-05  -2.877937E-05  -4.059344E-03  -9.682338E-02  -3.844724E-02  -5.077249E-03
           137      G     -6.517105E-05  -3.681913E-06  -5.035584E-03  -1.112785E-01   1.978946E-02   8.367944E-04
           138      G     -3.386297E-05   1.533379E-05  -5.540629E-03  -1.267670E-01   1.091882E-02  -1.317126E-04
           139      G     -4.307888E-05  -1.396584E-05  -1.238837E-04  -9.931028E-05  -1.136075E-04   1.007073E-03
           140      G     -4.307888E-05   1.291042E-05  -1.208518E-04  -9.931028E-05  -1.136075E-04   1.007073E-03
           141      G     -6.511536E-05  -1.396417E-04  -1.452831E-04   1.941188E-06  -7.842814E-05   7.765127E-03
           142      G     -1.189711E-04  -4.871720E-04  -3.170755E-03  -7.898500E-02   1.017271E-02  -5.596965E-02
           143      G     -6.511536E-05   7.729650E-05  -1.430920E-04   1.941188E-06  -7.842814E-05   7.765127E-03
           144      G     -8.412109E-05  -3.078263E-05  -4.070331E-03  -9.685816E-02   3.801003E-02   5.120888E-03
           200      G      6.601224E-05   1.361508E-04  -1.438487E-04   6.072950E-06   7.969083E-05   7.618670E-03
           201      G      6.601224E-05  -7.669585E-05  -1.416223E-04   6.072950E-06   7.969083E-05   7.618670E-03
           202      G      4.579033E-05   1.352912E-05  -1.265238E-04   1.012960E-04   1.041491E-04   1.150455E-03
           203      G      4.579033E-05  -1.717365E-05  -1.237443E-04   1.012960E-04   1.041491E-04   1.150455E-03
           204      G     -7.547828E-06   7.558925E-05  -6.939052E-04   3.210225E-02   8.593928E-04   3.267317E-04
           205      G      3.957656E-04   2.039612E-04  -3.337794E-03   7.015263E-02  -3.665653E-02  -3.695630E-02
           206      G      4.349113E-04   1.376713E-05  -4.614128E-03   4.335771E-03  -4.635005E-02   8.724667E-03
           207      G     -6.532965E-05   1.377027E-04  -1.445833E-04   1.519325E-07  -7.366852E-05  -7.652730E-03
           208      G     -6.532965E-05  -7.609549E-05  -1.425252E-04   1.519325E-07  -7.366852E-05  -7.652730E-03
           209      G     -4.301055E-05   7.088897E-06  -1.225168E-04   9.836325E-05  -1.068780E-04  -8.012936E-04
           210      G     -4.301055E-05  -1.429563E-05  -1.196645E-04   9.836325E-05  -1.068780E-04  -8.012936E-04
           211      G     -4.049684E-04   2.081031E-04  -3.344799E-03   8.040379E-02   3.583731E-02   4.848442E-02
           212      G     -4.645665E-04  -5.343999E-06  -4.624952E-03  -9.539612E-06   4.828527E-02  -1.162788E-04
           213      G      6.606673E-05  -1.355473E-04  -1.444845E-04  -4.886904E-06   7.674825E-05  -7.615264E-03
           214      G      6.606673E-05   7.720418E-05  -1.423404E-04  -4.886904E-06   7.674825E-05  -7.615264E-03
           215      G      4.528948E-05  -9.065587E-06  -1.238079E-04  -9.959580E-05   1.119323E-04  -9.195438E-04
           216      G      4.528948E-05   1.547474E-05  -1.208207E-04  -9.959580E-05   1.119323E-04  -9.195438E-04
           217      G     -1.443766E-06  -6.909491E-05  -7.022525E-04  -3.204449E-02  -2.891673E-05   1.675925E-04
           218      G      4.032629E-04  -1.967931E-04  -3.326064E-03  -8.140924E-02  -3.635149E-02   5.024428E-02
           219      G     -6.758585E-05  -1.397029E-04  -1.452831E-04   1.941188E-06  -7.842814E-05   7.765127E-03
           220      G     -6.758585E-05   7.723535E-05  -1.430920E-04   1.941188E-06  -7.842814E-05   7.765127E-03
           221      G     -4.665751E-05  -1.083756E-05  -1.238837E-04  -9.931028E-05  -1.136075E-04   1.007073E-03
           222      G     -4.665751E-05   1.603870E-05  -1.208518E-04  -9.931028E-05  -1.136075E-04   1.007073E-03
           223      G     -4.044595E-04  -2.174980E-04  -3.344218E-03  -8.046763E-02   3.599297E-02  -4.904035E-02
           224      G      1.595767E-04  -6.970153E-06  -5.571297E-03   1.175699E-01  -1.891692E-02   2.340481E-03
           225      G      2.286871E-04   1.537776E-06  -9.443863E-03  -4.695725E-05  -2.292456E-02   2.785846E-04
           226      G      6.721719E-05  -5.353633E-06  -6.189581E-03   1.358006E-01  -2.563982E-02  -2.628560E-06
           227      G      1.152950E-04   4.581173E-07  -1.045678E-02  -4.545037E-04  -2.920873E-02  -4.086974E-05
           228      G     -3.209506E-07   3.657356E-05  -6.957257E-03   1.083766E-01   1.185141E-04   2.191647E-05
           229      G      5.852403E-08   7.111464E-07  -1.114830E-02   3.943653E-05  -5.447279E-04   1.366946E-05
           230      G      2.603037E-04   2.753402E-06  -4.561748E-03   9.969998E-02  -3.770459E-02   3.682894E-03
           231      G      3.739175E-04   8.065427E-07  -7.226957E-03   3.551879E-03  -1.028380E-01  -1.835416E-03
           232      G     -1.678378E-04  -8.875813E-06  -5.591637E-03   1.213891E-01   1.793873E-02  -2.484060E-03
           233      G     -2.251627E-04  -9.817723E-07  -9.525302E-03   2.191512E-05   2.131971E-02   4.010507E-05
           234      G     -7.271262E-05  -8.637163E-06  -6.194532E-03   1.374176E-01   2.563176E-02   1.169134E-05
           235      G     -1.140225E-04   5.680773E-08  -1.049521E-02  -1.635228E-05   2.798633E-02   3.326800E-05
           236      G     -2.709130E-04  -6.121619E-06  -4.588180E-03   1.072604E-01   4.028590E-02  -3.791973E-03
           237      G     -3.826609E-04  -2.581601E-06  -7.294211E-03   1.187436E-04   1.091917E-01   1.279451E-04
           238      G      1.631398E-04   8.241154E-06  -5.528408E-03  -1.200677E-01  -1.732617E-02  -2.520587E-03
1                                                       **STUDENT EDITION*    APRIL  18, 2026  MSC Nastran  3/ 3/26   PAGE    14
     DEFAULT                                                                                                                        
0                                                                                                            SUBCASE 1              
      EIGENVALUE =  1.537789E+06
          CYCLES =  1.973642E+02         R E A L   E I G E N V E C T O R   N O .          1
 
      POINT ID.   TYPE          T1             T2             T3             R1             R2             R3
           239      G      6.983083E-05   9.032756E-06  -6.148963E-03  -1.371661E-01  -2.715290E-02  -1.282099E-06
           240      G     -4.417174E-07  -3.519685E-05  -6.943908E-03  -1.095293E-01  -3.883085E-04  -5.818435E-05
           241      G      2.667918E-04   3.982765E-06  -4.555542E-03  -1.073574E-01  -3.757947E-02  -3.629806E-03
           242      G     -1.668390E-04   7.506819E-06  -5.586470E-03  -1.214513E-01   1.771823E-02   2.363981E-03
           243      G     -7.172186E-05   7.996986E-06  -6.183798E-03  -1.379988E-01   2.543751E-02  -7.235569E-06
           244      G     -2.699449E-04   2.200521E-06  -4.587743E-03  -1.074345E-01   4.015012E-02   3.850637E-03
           300      G      3.581346E-04   2.312400E-03  -1.244702E-03   8.507323E-01   6.371835E-02  -2.375030E-01
           301      G      8.045678E-04   1.115886E-02  -1.536841E-03   2.048009E+00   8.908252E-02   8.344101E-02
           302      G      1.729959E-04   1.543091E-03  -1.966527E-03   1.075748E+00  -4.601923E-02   5.832034E-02
           303      G      3.246757E-04   2.793157E-04  -2.150267E-04   1.075830E-02  -1.046810E-01   2.788513E-02
           304      G      1.142999E-03   3.583824E-04  -4.854386E-04   2.542843E-01   3.781824E-01   6.330015E-02
           305      G      9.576039E-03   9.663724E-04  -4.621870E-03  -8.552231E-01  -2.118244E+00   2.420630E-02
           306      G      8.898010E-03   6.283383E-05  -6.768295E-03   1.104613E-02  -3.023212E+00   3.083377E-02
           307      G     -5.074385E-04   2.189636E-03  -1.258502E-03   8.089642E-01  -4.316218E-02   2.225794E-01
           308      G     -8.015710E-04   1.193969E-02  -1.512305E-03   2.172320E+00  -1.418377E-01  -8.241141E-02
           309      G     -1.262595E-04   2.268759E-04  -1.986479E-04   4.735534E-03   6.898440E-02  -1.535024E-02
           310      G     -1.214242E-03   2.676496E-04  -4.213611E-04   3.130573E-01  -5.995390E-01  -5.520683E-02
           311      G     -9.819100E-03   1.074542E-03  -4.648645E-03  -1.356971E+00   2.165789E+00  -6.572024E-02
           312      G     -9.021179E-03  -1.373890E-05  -6.808383E-03   1.641668E-03   3.037960E+00  -2.494985E-04
           313      G      5.441098E-04  -2.277412E-03  -1.241376E-03  -7.783179E-01   4.057172E-02   2.254289E-01
           314      G      8.556340E-04  -1.206182E-02  -1.502906E-03  -2.144035E+00   1.515160E-01  -7.953662E-02
           315      G     -1.226822E-05  -1.495516E-03  -1.975744E-03  -1.015712E+00  -1.095122E-04   6.633141E-04
           316      G      1.721771E-04  -2.355980E-04  -2.011482E-04   4.939718E-03  -5.994882E-02  -1.214861E-02
           317      G      1.252109E-03  -3.216170E-04  -4.166991E-04  -2.834540E-01   5.959689E-01  -5.329453E-02
           318      G      9.793351E-03  -1.060063E-03  -4.637526E-03   1.360417E+00  -2.167389E+00  -5.794300E-02
           319      G     -5.619631E-04  -2.259117E-03  -1.250626E-03  -7.944585E-01  -4.165611E-02  -2.243975E-01
           320      G     -8.776610E-04  -1.205190E-02  -1.502017E-03  -2.152936E+00  -1.528864E-01   8.022501E-02
           321      G     -1.792030E-04  -2.646680E-04  -2.005965E-04   1.301274E-03   6.266072E-02   1.428231E-02
           322      G     -1.265439E-03  -3.287598E-04  -4.172850E-04  -2.993798E-01  -6.002725E-01   5.433550E-02
           323      G     -9.854206E-03  -1.103717E-03  -4.643834E-03   1.358771E+00   2.159007E+00   6.542770E-02
           324      G      3.858927E-03   6.291941E-03  -1.104968E+00   2.336030E+01  -1.032731E+01   1.598867E-01
           325      G      8.539444E-03  -5.421420E-05  -1.706977E+00   2.695041E-02  -2.865441E+00  -1.410903E-03
           326      G      1.068769E-03   1.347198E-03  -1.434583E+00   3.050820E+01  -7.749104E+00  -2.779385E-02
           327      G      8.544281E-03  -8.309729E-05  -2.178858E+00  -4.269235E-02  -1.532909E+01  -3.243330E-04
           328      G     -1.159120E-04   1.407650E-02  -1.570739E+00   3.314020E+01  -4.786939E-02  -1.665211E-02
           329      G     -3.677865E-05  -7.334400E-05  -2.459638E+00   1.222066E-02   7.260135E-04   3.390751E-03
           330      G      3.897583E-03   5.940316E-04  -5.395298E-01   1.226232E+01  -2.265895E+01   6.188321E-02
           331      G      1.992911E-02  -8.237450E-05  -8.841942E-01   3.792772E-02  -3.386934E+01  -3.227458E-03
           332      G     -3.839465E-03   6.379568E-03  -1.106681E+00   2.333230E+01   1.030082E+01  -1.555106E-01
           333      G     -8.638441E-03  -3.907766E-05  -1.709971E+00   6.336543E-03   2.872897E+00  -7.189220E-04
           334      G     -1.128400E-03   1.455911E-03  -1.435989E+00   3.040134E+01   7.733416E+00   2.655389E-02
           335      G     -8.613159E-03  -8.236283E-05  -2.180341E+00  -6.824675E-04   1.526300E+01  -1.687252E-03
           336      G     -3.985673E-03   5.076245E-04  -5.413178E-01   1.199683E+01   2.262021E+01  -6.240158E-02
           337      G     -2.005773E-02  -2.980591E-05  -8.858776E-01   3.746275E-03   3.391637E+01  -5.598278E-04
           338      G      3.803674E-03  -6.485051E-03  -1.105035E+00  -2.329575E+01  -1.028504E+01  -1.538467E-01
           339      G      1.075289E-03  -1.536232E-03  -1.434480E+00  -3.035982E+01  -7.743934E+00   2.840470E-02
           340      G     -2.785330E-05  -1.430304E-02  -1.570466E+00  -3.317980E+01  -2.501760E-02  -6.254009E-04
           341      G      3.962372E-03  -5.598675E-04  -5.405449E-01  -1.198689E+01  -2.258852E+01  -6.035734E-02
           342      G     -3.867685E-03  -6.469724E-03  -1.106654E+00  -2.333954E+01   1.029862E+01   1.553548E-01
           343      G     -1.137154E-03  -1.524694E-03  -1.435781E+00  -3.040576E+01   7.720364E+00  -2.827510E-02
1                                                       **STUDENT EDITION*    APRIL  18, 2026  MSC Nastran  3/ 3/26   PAGE    15
     DEFAULT                                                                                                                        
0                                                                                                            SUBCASE 1              
      EIGENVALUE =  1.537789E+06
          CYCLES =  1.973642E+02         R E A L   E I G E N V E C T O R   N O .          1
 
      POINT ID.   TYPE          T1             T2             T3             R1             R2             R3
           344      G     -4.018181E-03  -5.626487E-04  -5.412750E-01  -1.200119E+01   2.262251E+01   6.155737E-02
           400      G      1.973876E-04   5.047319E-05  -8.252046E-04   1.722146E-02  -2.381995E-02   1.957597E-02
           401      G      4.721469E-05   4.368918E-05  -1.488748E-03   7.142952E-03  -8.717667E-03  -9.744496E-03
           402      G      1.311501E-06   8.428963E-05  -1.421429E-03   2.398776E-02  -5.489063E-04   1.285975E-03
           403      G      2.848236E-04  -2.253270E-04  -6.533478E-04   2.282887E-02  -4.470637E-03   7.692233E-03
           404      G      1.380537E-04  -5.780826E-05  -6.805666E-04   1.555861E-02   8.220305E-03  -2.242286E-02
           405      G      1.046268E-04  -2.539614E-04  -3.479693E-03   6.104874E-02  -3.588515E-02   1.499843E-02
           406      G     -2.762659E-05  -2.422506E-05  -5.015885E-03   2.514173E-03  -2.628591E-02   1.734064E-03
           407      G     -1.847225E-04   5.890145E-05  -8.444044E-04   1.761743E-02   2.654351E-02  -2.091095E-02
           408      G     -2.473924E-05   3.268012E-05  -1.547225E-03   4.673700E-03   7.689195E-03   1.419376E-02
           409      G     -2.988535E-04  -2.098738E-04  -6.213189E-04   2.254542E-02   6.439824E-03  -9.112578E-03
           410      G     -1.280366E-04  -6.701227E-05  -6.177496E-04   1.187839E-02  -7.380110E-03   2.444898E-02
           411      G     -1.003576E-04  -2.560812E-04  -3.485596E-03   7.134458E-02   3.536096E-02  -1.935839E-02
           412      G      2.041891E-05  -1.473973E-05  -5.058440E-03   2.244152E-05   2.686020E-02  -9.225731E-05
           413      G      2.057536E-04  -1.098593E-04  -8.453133E-04  -1.677917E-02  -2.627937E-02  -2.074800E-02
           414      G      4.313254E-05  -8.435272E-05  -1.535855E-03  -3.647370E-03  -8.811362E-03   1.148906E-02
           415      G     -6.037895E-06  -1.421248E-04  -1.463358E-03  -2.366431E-02  -1.040252E-05   3.573160E-05
           416      G      3.255711E-04   1.869120E-04  -6.226058E-04  -2.265703E-02  -6.605122E-03  -8.405534E-03
           417      G      1.528582E-04   2.683311E-05  -6.147882E-04  -1.161957E-02   7.201637E-03   2.483633E-02
           418      G      1.013255E-04   2.330423E-04  -3.475339E-03  -7.082714E-02  -3.590138E-02  -1.875999E-02
           419      G     -2.162640E-04  -1.061619E-04  -8.412164E-04  -1.682480E-02   2.628722E-02   2.095504E-02
           420      G     -5.518103E-05  -8.245994E-05  -1.535795E-03  -3.660417E-03   8.917813E-03  -1.125890E-02
           421      G     -3.321359E-04   1.775326E-04  -6.180434E-04  -2.333532E-02   7.009173E-03   8.685717E-03
           422      G     -1.606929E-04   2.681894E-05  -6.137496E-04  -1.205304E-02  -7.225484E-03  -2.472095E-02
           423      G     -1.143634E-04   2.251618E-04  -3.487152E-03  -7.097945E-02   3.640896E-02   1.900135E-02
           424      G      1.845300E-05   4.027780E-05  -7.998608E-03   1.711950E-01  -4.327162E-02  -7.234733E-03
           425      G      1.672854E-05  -2.712773E-05  -1.349838E-02   5.653270E-04  -2.033182E-02   1.770125E-04
           426      G      2.441808E-05   4.140789E-05  -9.414247E-03   1.929238E-01  -4.003659E-02  -5.885622E-04
           427      G      2.016997E-05  -2.822352E-05  -1.552340E-02   1.172093E-03  -6.950961E-02   9.340468E-06
           428      G      4.004821E-06   8.627282E-05  -1.020898E-02   1.974306E-01   3.022569E-04  -3.540412E-04
           429      G     -2.696392E-06  -2.894190E-05  -1.702704E-02   1.937419E-04  -3.806915E-05  -4.582172E-05
           430      G      6.733530E-05  -3.769033E-05  -5.721158E-03   1.234142E-01  -7.420024E-02  -3.325831E-03
           431      G      1.923546E-05  -1.984907E-05  -9.350587E-03   2.969847E-03  -1.597275E-01  -4.077785E-04
           432      G     -1.698261E-05   4.104330E-05  -8.003401E-03   1.715619E-01   4.419489E-02   7.164315E-03
           433      G     -2.267114E-05  -2.445377E-05  -1.349765E-02   2.974074E-04   2.042298E-02  -1.145126E-04
           434      G     -2.414405E-05   4.137308E-05  -9.423877E-03   1.936200E-01   3.925839E-02   4.242026E-04
           435      G     -2.465237E-05  -2.673192E-05  -1.552727E-02   5.836179E-04   6.909307E-02  -8.311404E-05
           436      G     -6.814937E-05  -2.916438E-05  -5.686716E-03   1.320835E-01   7.474952E-02   3.260896E-03
           437      G     -2.478260E-05  -1.990877E-05  -9.370307E-03   2.798905E-04   1.586542E-01  -2.127752E-04
           438      G      1.887183E-05  -9.059123E-05  -7.998735E-03  -1.712361E-01  -4.371855E-02   7.511506E-03
           439      G      2.254855E-05  -9.884754E-05  -9.418324E-03  -1.942503E-01  -4.034470E-02   6.172470E-04
           440      G     -4.361314E-06  -1.421893E-04  -1.022334E-02  -1.960752E-01   1.035094E-04  -5.379193E-05
           441      G      6.937709E-05  -1.231409E-05  -5.690461E-03  -1.325121E-01  -7.467017E-02   3.675191E-03
           442      G     -2.874687E-05  -8.834149E-05  -7.997592E-03  -1.715877E-01   4.400399E-02  -7.653143E-03
           443      G     -3.167927E-05  -9.701377E-05  -9.418137E-03  -1.942517E-01   4.001543E-02  -6.824390E-04
           444      G     -8.188784E-05  -1.064929E-05  -5.690132E-03  -1.319860E-01   7.423046E-02  -3.597878E-03
           445      G      1.637307E-04  -9.386672E-04  -8.006386E-04   4.084225E-02   1.131100E-03   2.146981E-02
           446      G      8.769693E-05  -3.190315E-04  -7.109416E-04   3.676057E-02   1.318022E-03  -6.216433E-03
           447      G     -2.495251E-05  -9.902871E-05  -9.601421E-04   4.807025E-02  -1.322496E-02  -1.668238E-02
           448      G     -2.176356E-05   1.987708E-06  -1.322537E-03   4.851397E-02  -1.274418E-02  -5.970700E-03
1                                                       **STUDENT EDITION*    APRIL  18, 2026  MSC Nastran  3/ 3/26   PAGE    16
     DEFAULT                                                                                                                        
0                                                                                                            SUBCASE 1              
      EIGENVALUE =  1.537789E+06
          CYCLES =  1.973642E+02         R E A L   E I G E N V E C T O R   N O .          1
 
      POINT ID.   TYPE          T1             T2             T3             R1             R2             R3
           449      G      3.959288E-06   1.824268E-05  -1.496193E-03   4.291993E-02  -6.758352E-04  -2.962305E-04
           450      G     -8.228051E-05  -7.267114E-04  -3.341041E-03   6.199853E-02   2.346238E-02   4.245070E-02
           451      G     -1.150382E-04  -1.161541E-05  -4.646849E-03  -2.708052E-04   5.330717E-02  -2.119054E-04
           452      G     -1.489722E-04  -9.502236E-04  -7.649393E-04   4.212214E-02  -1.061519E-03  -2.228915E-02
           453      G     -6.925540E-05  -3.231895E-04  -6.836925E-04   3.733520E-02  -2.655092E-04   6.176375E-03
           454      G      5.020442E-05  -1.013104E-04  -9.724885E-04   4.729515E-02   1.464374E-02   1.873308E-02
           455      G      3.276428E-05   8.259547E-07  -1.352573E-03   4.887146E-02   1.224443E-02   5.240626E-03
           456      G      9.619664E-05  -7.339522E-04  -3.349784E-03   6.254934E-02  -2.298130E-02  -4.309826E-02
           457      G      1.237223E-04  -1.364645E-05  -4.681845E-03   5.168616E-05  -5.376236E-02  -1.674359E-04
           458      G      1.618724E-04   9.200130E-04  -7.650244E-04  -4.177290E-02   8.999884E-04  -2.237438E-02
           459      G      8.149895E-05   2.932153E-04  -6.842498E-04  -3.695321E-02   4.288523E-04   5.911933E-03
           460      G     -4.025560E-05   7.159797E-05  -9.703060E-04  -4.658934E-02  -1.481443E-02   1.811952E-02
           461      G     -3.111213E-05  -2.986554E-05  -1.365325E-03  -4.805886E-02  -1.322279E-02   5.866193E-03
           462      G     -2.807751E-06  -4.709220E-05  -1.531897E-03  -4.175052E-02   3.982851E-05   4.080959E-05
           463      G     -8.721118E-05   7.011445E-04  -3.333883E-03  -6.184600E-02   2.375796E-02  -4.231511E-02
           464      G     -1.667605E-04   9.251221E-04  -7.599426E-04  -4.210152E-02  -8.427053E-04   2.222624E-02
           465      G     -8.681884E-05   2.952444E-04  -6.806146E-04  -3.717700E-02  -3.995664E-04  -5.957277E-03
           466      G      3.490785E-05   7.203898E-05  -9.671775E-04  -4.680109E-02   1.486809E-02  -1.813491E-02
           467      G      2.587930E-05  -2.997463E-05  -1.363769E-03  -4.817227E-02   1.329703E-02  -5.900379E-03
           468      G      8.977522E-05   7.074665E-04  -3.350866E-03  -6.265828E-02  -2.284719E-02   4.278511E-02
           469      G     -1.053769E-05  -6.925278E-04  -1.955326E-03   6.208045E-02   1.224546E-02  -2.353663E-02
           470      G     -3.636656E-05  -3.215564E-04  -2.072185E-03   8.477717E-02  -1.629618E-02  -5.798078E-03
           471      G     -3.721664E-05  -7.393510E-05  -2.567347E-03   7.778626E-02  -1.983796E-02  -1.850920E-03
           472      G     -2.587770E-05  -1.003203E-05  -3.076274E-03   8.889939E-02  -1.632783E-02  -4.465277E-04
           473      G      6.665826E-06   6.999734E-06  -3.243638E-03   8.700174E-02  -8.896319E-04   1.182800E-04
           474      G     -1.162243E-04  -2.019448E-04  -3.560232E-03   4.489319E-02  -3.279098E-02  -1.254266E-02
           475      G     -9.798714E-05  -7.026621E-05  -4.501254E-03   8.269580E-02  -3.586786E-02  -2.231136E-03
           476      G     -4.666740E-05  -7.801237E-06  -5.212205E-03   8.401570E-02  -1.791094E-02  -1.264733E-03
           477      G      6.766207E-06   6.895994E-07  -5.412941E-03   8.907057E-02  -4.100816E-04  -2.259937E-05
           478      G     -8.781062E-05  -2.923946E-04  -4.323291E-03   3.439774E-02   3.627163E-02  -9.948928E-03
           479      G     -1.816150E-04  -1.452400E-04  -4.562684E-03   4.604473E-02  -5.126131E-02  -1.186315E-03
           480      G     -1.322044E-04  -3.782856E-05  -5.918850E-03   4.494543E-02  -4.488154E-02  -1.863835E-03
           481      G     -6.814249E-05  -1.244431E-05  -6.768379E-03   5.207883E-02  -2.108225E-02  -7.127226E-04
           482      G     -1.776783E-04  -1.307855E-05  -4.928537E-03  -1.191903E-04  -5.512030E-02   3.102722E-05
           483      G     -1.525861E-04  -1.349475E-05  -6.408756E-03  -6.388920E-05  -5.410570E-02  -1.740787E-05
           484      G     -7.754636E-05  -1.392172E-05  -7.350576E-03   4.936019E-05  -1.767899E-02  -1.841959E-05
           485      G      5.762045E-06  -3.960371E-06  -7.015898E-03   5.007926E-02  -4.131014E-04  -1.678231E-05
           486      G      4.578652E-06  -1.436041E-05  -7.571166E-03   3.368814E-06  -3.635207E-04  -3.073796E-05
           487      G      2.642515E-05  -6.993424E-04  -1.945753E-03   6.309269E-02  -1.199645E-02   2.382413E-02
           488      G      5.301646E-05  -3.252185E-04  -2.068587E-03   8.587197E-02   1.712669E-02   5.779160E-03
           489      G      5.180878E-05  -7.680844E-05  -2.581688E-03   7.845600E-02   2.004241E-02   1.414616E-03
           490      G      4.077261E-05  -1.268502E-05  -3.104734E-03   8.897974E-02   1.653339E-02   6.213946E-04
           491      G      1.298742E-04  -2.048997E-04  -3.575962E-03   4.552511E-02   3.312303E-02   1.258284E-02
           492      G      1.116049E-04  -7.275856E-05  -4.527834E-03   8.318386E-02   3.611683E-02   2.242647E-03
           493      G      5.984016E-05  -9.554769E-06  -5.238044E-03   8.382915E-02   1.724385E-02   1.229750E-03
           494      G      9.881702E-05  -2.955715E-04  -4.346368E-03   3.519302E-02  -3.625315E-02   1.004186E-02
           495      G      1.934016E-04  -1.477877E-04  -4.590470E-03   4.665368E-02   5.164974E-02   1.104095E-03
           496      G      1.437780E-04  -3.952589E-05  -5.950877E-03   4.503498E-02   4.469386E-02   1.814009E-03
           497      G      7.975394E-05  -1.365031E-05  -6.791470E-03   5.197985E-02   2.049308E-02   6.720947E-04
           498      G      1.869159E-04  -1.398483E-05  -4.961749E-03  -8.846681E-05   5.530080E-02  -1.965383E-05
1                                                       **STUDENT EDITION*    APRIL  18, 2026  MSC Nastran  3/ 3/26   PAGE    17
     DEFAULT                                                                                                                        
0                                                                                                            SUBCASE 1              
      EIGENVALUE =  1.537789E+06
          CYCLES =  1.973642E+02         R E A L   E I G E N V E C T O R   N O .          1
 
      POINT ID.   TYPE          T1             T2             T3             R1             R2             R3
           499      G      1.618891E-04  -1.465175E-05  -6.441073E-03  -1.162738E-04   5.388749E-02  -3.704926E-05
           500      G      8.667665E-05  -1.469813E-05  -7.371456E-03  -9.898267E-05   1.706290E-02  -2.798562E-05
           501      G     -1.602523E-05   6.690398E-04  -1.939871E-03  -6.288393E-02   1.227138E-02   2.378433E-02
           502      G     -4.356577E-05   2.951176E-04  -2.054128E-03  -8.489061E-02  -1.678010E-02   5.869481E-03
           503      G     -4.377400E-05   4.661886E-05  -2.564589E-03  -7.763589E-02  -2.037766E-02   1.512487E-03
           504      G     -3.352914E-05  -1.715388E-05  -3.100321E-03  -8.810566E-02  -1.708661E-02   4.291068E-04
           505      G     -5.815811E-07  -3.539872E-05  -3.261258E-03  -8.648739E-02  -5.358570E-05  -8.850304E-05
           506      G     -1.208646E-04   1.759913E-04  -3.546886E-03  -4.518007E-02  -3.288871E-02   1.246230E-02
           507      G     -1.027231E-04   4.315074E-05  -4.497274E-03  -8.272045E-02  -3.631548E-02   2.228914E-03
           508      G     -5.143141E-05  -1.982521E-05  -5.221514E-03  -8.348999E-02  -1.802160E-02   1.210099E-03
           509      G      1.392808E-06  -2.928422E-05  -5.418855E-03  -8.857707E-02  -1.993739E-04  -5.151549E-05
           510      G     -9.039358E-05   2.674122E-04  -4.316126E-03  -3.452166E-02   3.641701E-02   9.941272E-03
           511      G     -1.838582E-04   1.193696E-04  -4.555479E-03  -4.641343E-02  -5.137131E-02   1.128837E-03
           512      G     -1.345784E-04   1.077822E-05  -5.916017E-03  -4.502411E-02  -4.502143E-02   1.811181E-03
           513      G     -7.065477E-05  -1.534910E-05  -6.770529E-03  -5.185340E-02  -2.111945E-02   6.625509E-04
           514      G      3.093326E-06  -2.473503E-05  -7.016196E-03  -4.994594E-02  -3.100606E-04  -3.766872E-05
           515      G      1.488492E-05   6.740015E-04  -1.943045E-03  -6.329459E-02  -1.183280E-02  -2.397125E-02
           516      G      4.220491E-05   2.971352E-04  -2.063449E-03  -8.581003E-02   1.680416E-02  -6.007686E-03
           517      G      4.260381E-05   4.684015E-05  -2.571487E-03  -7.820269E-02   2.030809E-02  -1.644405E-03
           518      G      3.231369E-05  -1.723930E-05  -3.104247E-03  -8.843238E-02   1.695196E-02  -5.284317E-04
           519      G      1.235920E-04   1.768009E-04  -3.573203E-03  -4.565747E-02   3.286513E-02  -1.268241E-02
           520      G      1.055773E-04   4.310888E-05  -4.517885E-03  -8.329689E-02   3.606036E-02  -2.323860E-03
           521      G      5.423670E-05  -2.008887E-05  -5.233053E-03  -8.380222E-02   1.764186E-02  -1.305159E-03
           522      G      9.577612E-05   2.693953E-04  -4.347962E-03  -3.516883E-02  -3.620239E-02  -1.010128E-02
           523      G      1.904435E-04   1.195433E-04  -4.589119E-03  -4.663677E-02   5.150748E-02  -1.228198E-03
           524      G      1.408498E-04   1.019256E-05  -5.945669E-03  -4.532204E-02   4.467091E-02  -1.906531E-03
           525      G      7.688721E-05  -1.582431E-05  -6.787794E-03  -5.209431E-02   2.058696E-02  -7.435847E-04
          1000      G     -2.046376E-06  -4.106364E-06  -4.535550E-04  -5.670622E-03  -1.375755E-04  -1.327297E-03
          1001      G      7.850987E-06  -1.427095E-05  -1.248400E-04   1.123969E-04   1.005123E-04  -1.884776E-02
          1002      G      1.523597E-05   1.430511E-05  -1.272294E-04   1.153092E-04   1.043284E-04  -1.517427E-02
          1003      G     -1.889913E-06  -3.881668E-06  -5.939827E-03   1.937694E-01  -1.586069E-05   1.647593E-05
          1004      G      8.272266E-06   9.512810E-07  -5.576843E-03   1.836461E-01  -1.270662E-02  -6.138831E-05
          1005      G      1.755718E-05  -7.454714E-06  -5.009531E-03   1.640365E-01  -2.906574E-02   1.720825E-04
          1006      G     -1.182651E-06  -6.045097E-08  -1.027742E-02   1.917929E-06  -9.393677E-05   1.413384E-05
          1007      G      3.286533E-06   3.372550E-07  -9.572079E-03  -1.198251E-06  -4.819563E-02   1.173871E-05
          1008      G      7.225104E-06   7.119372E-07  -8.579168E-03  -1.493976E-05  -1.342112E-02   1.120219E-05
          1009      G      2.049312E-05  -4.873973E-05  -1.416212E-04  -8.590093E-06   9.098347E-05  -3.058764E-02
          1010      G      7.142419E-05   1.171118E-04  -1.436401E-04   3.362847E-05   5.670581E-05  -1.007629E-03
          1011      G      3.774371E-05   2.421959E-05  -4.042825E-03   1.221898E-01  -4.035581E-02  -6.464738E-05
          1012      G      3.245360E-05  -6.127520E-06  -3.206644E-03   7.937783E-02  -1.037563E-02  -2.314125E-02
          1013      G      7.831544E-06   9.618719E-07  -6.561915E-03  -3.686042E-04  -1.272693E-01   1.649883E-05
          1014      G      1.291031E-05   1.617534E-06  -4.460123E-03  -6.883496E-04  -1.421210E-02   9.757159E-04
          1015      G     -1.216766E-05  -1.178960E-05  -1.207577E-04   1.107956E-04  -1.032395E-04   1.492879E-02
          1016      G     -1.955205E-05   8.192172E-06  -1.232122E-04   1.108011E-04  -1.071965E-04   1.125570E-02
          1017      G     -1.139677E-05  -2.435936E-07  -5.576016E-03   1.837509E-01   1.257500E-02   8.613635E-05
          1018      G     -2.079795E-05  -8.983781E-06  -5.010624E-03   1.641699E-01   2.905162E-02  -1.440513E-04
          1019      G     -5.898843E-06  -4.411955E-07  -9.573558E-03   1.762829E-05   4.817852E-02   1.217218E-05
          1020      G     -1.002185E-05  -8.910247E-07  -8.583275E-03   2.845919E-05   1.322939E-02   9.069779E-06
          1021      G     -2.453873E-05  -5.063508E-05  -1.425074E-04  -1.433676E-05  -8.497820E-05   2.831984E-02
          1022      G     -7.533988E-05   1.140827E-04  -1.443785E-04   2.778072E-05  -5.072944E-05  -1.181907E-03
1                                                       **STUDENT EDITION*    APRIL  18, 2026  MSC Nastran  3/ 3/26   PAGE    18
     DEFAULT                                                                                                                        
0                                                                                                            SUBCASE 1              
      EIGENVALUE =  1.537789E+06
          CYCLES =  1.973642E+02         R E A L   E I G E N V E C T O R   N O .          1
 
      POINT ID.   TYPE          T1             T2             T3             R1             R2             R3
          1023      G     -4.161107E-05   2.105248E-05  -4.043689E-03   1.219880E-01   4.052133E-02   7.924489E-05
          1024      G     -3.612249E-05  -8.480445E-06  -3.209680E-03   7.903631E-02   9.935087E-03   1.971530E-02
          1025      G     -1.078878E-05  -1.048452E-06  -6.566887E-03   8.578962E-05   1.274010E-01   8.585087E-06
          1026      G     -1.631023E-05  -1.495107E-06  -4.466167E-03  -3.747554E-05   1.394691E-02   1.852336E-04
          1027      G     -4.361792E-07   3.752241E-06  -4.582434E-04   5.766006E-03  -5.012441E-06  -4.383027E-05
          1028      G      9.796425E-06   1.281547E-05  -1.219197E-04  -1.115335E-04   1.082161E-04   1.730679E-02
          1029      G      1.733657E-05  -1.005917E-05  -1.245076E-04  -1.125742E-04   1.121799E-04   1.355613E-02
          1030      G     -7.507656E-07   3.742481E-06  -5.941429E-03  -1.937046E-01  -4.608671E-05   9.705756E-06
          1031      G      9.022070E-06  -1.767191E-07  -5.575028E-03  -1.837185E-01  -1.269379E-02   8.630088E-05
          1032      G      1.843641E-05   8.704758E-06  -5.006869E-03  -1.640972E-01  -2.915002E-02  -1.421408E-04
          1033      G      2.259066E-05   5.032835E-05  -1.423361E-04   9.622485E-06   8.801460E-05   2.958606E-02
          1034      G      7.353909E-05  -1.144680E-04  -1.442840E-04  -3.252636E-05   5.373495E-05   3.837890E-06
          1035      G      3.903748E-05  -2.164589E-05  -4.034133E-03  -1.218088E-01  -4.082132E-02   8.823893E-05
          1036      G      3.363841E-05   8.494180E-06  -3.193061E-03  -7.863070E-02  -1.018215E-02   1.924944E-02
          1037      G     -1.060733E-05   1.329787E-05  -1.219489E-04  -1.108944E-04  -1.098882E-04  -1.765236E-02
          1038      G     -1.794543E-05  -1.176597E-05  -1.245837E-04  -1.125393E-04  -1.138564E-04  -1.400249E-02
          1039      G     -1.066554E-05  -7.254334E-07  -5.577564E-03  -1.837370E-01   1.256428E-02  -6.707369E-05
          1040      G     -2.025068E-05   7.828404E-06  -5.013002E-03  -1.641600E-01   2.900119E-02   1.719424E-04
          1041      G     -2.292337E-05   4.978509E-05  -1.430562E-04   1.694598E-05  -8.993950E-05  -3.033996E-02
          1042      G     -4.115108E-05  -2.392281E-05  -4.047351E-03  -1.220577E-01   4.045188E-02  -5.628821E-05
          1043      G     -3.563097E-05   5.968346E-06  -3.211340E-03  -7.898044E-02   1.017905E-02  -1.926817E-02
          1044      G     -7.459023E-05  -1.187434E-04  -1.450530E-04  -2.606082E-05  -5.510763E-05  -3.304959E-04
          2000      G     -6.923747E-06  -1.681899E-04  -8.212639E-04   3.205807E-02   8.590621E-04  -3.421347E-03
          2001      G      2.277571E-06  -2.004439E-05  -1.252565E-04   1.268648E-04   9.690559E-05  -2.324125E-02
          2002      G      2.253013E-05   9.755387E-06  -1.271962E-04   1.190742E-04   1.038302E-04  -1.316061E-02
          2003      G     -6.360300E-06  -3.375668E-05  -6.937219E-03   1.832381E-01   1.302575E-05   3.070557E-05
          2004      G      3.358362E-05  -3.420168E-05  -6.154655E-03   1.997330E-01  -2.626069E-02   3.082115E-04
          2005      G      4.578370E-05  -1.222424E-05  -5.516525E-03   1.772171E-01  -2.411091E-02   6.940617E-04
          2006      G     -4.269317E-06   3.847748E-07  -1.114858E-02   3.940239E-05  -5.447595E-04   3.618069E-05
          2007      G      1.969073E-05   8.920632E-07  -1.046978E-02  -8.169886E-05  -3.955163E-02   4.223557E-05
          2008      G      4.861070E-05   1.882028E-06  -9.444028E-03  -4.707694E-05  -2.292811E-02   4.626945E-05
          2009      G      3.518351E-05  -5.558367E-05  -1.416948E-04  -3.744224E-06   8.906370E-05  -2.439066E-02
          2010      G      7.006349E-05   1.221838E-04  -1.437650E-04   3.213064E-05   5.918060E-05  -3.285641E-03
          2011      G      7.863167E-05   2.205921E-05  -4.594463E-03   1.296495E-01  -4.067916E-02   2.145070E-04
          2012      G      9.997788E-05  -4.650937E-06  -3.484200E-03   7.014926E-02  -3.667489E-02  -1.372393E-01
          2013      G      5.832041E-05   2.620652E-06  -7.329087E-03   7.596931E-04  -1.297287E-01   5.590468E-05
          2014      G      6.372232E-05   3.767501E-06  -4.800477E-03   4.335440E-03  -4.636891E-02  -2.090439E-02
          2015      G     -1.656696E-05  -1.755428E-05  -1.211556E-04   1.256631E-04  -1.000120E-04   1.439212E-02
          2016      G     -3.720187E-05   3.512673E-06  -1.231876E-04   1.156220E-04  -1.068196E-04   4.120313E-03
          2017      G     -4.569568E-05  -3.574641E-05  -6.164741E-03   2.016960E-01   2.597972E-02  -2.416702E-04
          2018      G     -5.805029E-05  -1.574639E-05  -5.534752E-03   1.814756E-01   2.394189E-02  -6.069083E-04
          2019      G     -2.849521E-05  -3.963845E-07  -1.050841E-02  -5.137979E-05   3.804657E-02   3.003083E-05
          2020      G     -5.795675E-05  -1.162236E-06  -9.525446E-03   2.191690E-05   2.132324E-02   2.932433E-05
          2021      G     -4.923953E-05  -6.235911E-05  -1.425863E-04  -9.304909E-06  -8.328645E-05   1.704104E-02
          2022      G     -8.168678E-05   1.118225E-04  -1.444155E-04   2.389457E-05  -5.409204E-05  -2.756382E-03
          2023      G     -9.206978E-05   1.476990E-05  -4.602808E-03   1.359216E-01   4.155593E-02  -1.499179E-04
          2024      G     -1.153833E-04  -1.306534E-05  -3.487969E-03   8.039731E-02   3.585710E-02   1.601169E-01
          2025      G     -6.952580E-05  -2.049411E-06  -7.399220E-03   7.254574E-05   1.315900E-01   2.906454E-05
          2026      G     -7.755849E-05  -2.963093E-06  -4.819117E-03  -9.557558E-06   4.830586E-02   1.265564E-03
          2027      G     -1.383227E-06   1.738288E-04  -8.293606E-04  -3.199871E-02  -2.889739E-05  -3.119441E-04
1                                                       **STUDENT EDITION*    APRIL  18, 2026  MSC Nastran  3/ 3/26   PAGE    19
     DEFAULT                                                                                                                        
0                                                                                                            SUBCASE 1              
      EIGENVALUE =  1.537789E+06
          CYCLES =  1.973642E+02         R E A L   E I G E N V E C T O R   N O .          1
 
      POINT ID.   TYPE          T1             T2             T3             R1             R2             R3
          2028      G      8.759247E-06   1.869863E-05  -1.223306E-04  -1.267175E-04   1.047623E-04   1.955967E-02
          2029      G      3.078823E-05  -5.330852E-06  -1.244759E-04  -1.172569E-04   1.118025E-04   8.593405E-03
          2030      G     -2.345734E-06   3.473025E-05  -6.924470E-03  -1.839548E-01  -4.700777E-04   2.408475E-05
          2031      G      3.828066E-05   3.657719E-05  -6.127150E-03  -2.011331E-01  -2.679745E-02  -2.514502E-04
          2032      G      5.075558E-05   1.502516E-05  -5.473235E-03  -1.796153E-01  -2.487488E-02  -6.095735E-04
          2033      G      4.503902E-05   6.120810E-05  -1.424238E-04   3.692930E-06   8.588281E-05   1.944306E-02
          2034      G      7.820557E-05  -1.135755E-04  -1.443182E-04  -2.884527E-05   5.650495E-05  -7.483401E-04
          2035      G      8.491411E-05  -1.610732E-05  -4.554186E-03  -1.344035E-01  -3.949250E-02  -8.370102E-05
          2036      G      1.094052E-04   1.476911E-05  -3.471313E-03  -8.140291E-02  -3.637163E-02   1.671396E-01
          2037      G     -1.116352E-05   1.915898E-05  -1.223630E-04  -1.261029E-04  -1.064348E-04  -1.913671E-02
          2038      G     -3.204501E-05  -7.095850E-06  -1.245588E-04  -1.171873E-04  -1.134414E-04  -8.742606E-03
          2039      G     -4.310839E-05   3.589049E-05  -6.154491E-03  -2.021191E-01   2.575768E-02   3.022061E-04
          2040      G     -5.578494E-05   1.378570E-05  -5.530170E-03  -1.817583E-01   2.375589E-02   6.842475E-04
          2041      G     -4.432450E-05   5.972299E-05  -1.431354E-04   1.189059E-05  -8.820834E-05  -2.078115E-02
          2042      G     -7.775532E-05  -1.198340E-04  -1.450926E-04  -2.229337E-05  -5.837552E-05  -4.089951E-04
          2043      G     -9.012054E-05  -1.944614E-05  -4.602316E-03  -1.361501E-01   4.139326E-02   2.149554E-04
          2044      G     -1.135973E-04   7.475879E-06  -3.488008E-03  -8.046123E-02   3.601289E-02  -1.579177E-01
          3000      G      7.093772E-05  -6.710778E-03  -6.306314E-03   1.075372E+00  -4.600794E-02   7.346217E-02
          3001      G     -6.543872E-04  -4.922169E-03  -9.783303E-03   2.048914E+00   8.916984E-02  -1.165680E+00
          3002      G     -1.437680E-03  -4.247770E-03  -4.679867E-03   8.507660E-01   6.372002E-02  -9.124771E-01
          3003      G      6.262169E-05  -1.720342E-03  -1.318307E+00   4.949617E+01  -7.494967E-02  -1.109882E-03
          3004      G     -1.669155E-03  -1.300288E-03  -1.201896E+00   4.214148E+01  -6.824610E+00  -1.674483E-02
          3005      G     -2.127120E-03  -5.387760E-04  -9.072518E-01   3.395181E+01  -1.415739E+01  -6.885151E-02
          3006      G     -3.009232E-05  -1.697825E-04  -2.459680E+00   1.222140E-02   7.276908E-04  -1.640665E-03
          3007      G     -5.201872E-03  -2.056971E-04  -2.144649E+00  -6.000170E-02  -2.381929E+01  -1.650662E-03
          3008      G     -1.341971E-02  -2.668296E-04  -1.706979E+00   2.695305E-02  -2.865624E+00  -1.620471E-03
          3009      G      1.709228E-04   2.796390E-04  -7.474323E-04   2.541298E-01   3.786033E-01  -2.041864E+00
          3010      G      1.822562E-03  -2.258417E-03  -6.266518E-04   1.071546E-02  -1.045135E-01   1.167152E+00
          3011      G     -5.204908E-03  -8.337529E-04  -4.117572E-01   1.649849E+01  -2.134388E+01  -1.033293E-01
          3012      G     -7.121411E-03  -3.211940E-03  -1.315565E-02  -8.558822E-01  -2.119221E+00   5.458631E+00
          3013      G     -1.251077E-02  -3.125000E-04  -8.604528E-01   5.119983E-02  -5.364928E+01  -1.790041E-03
          3014      G     -1.476780E-02  -3.559196E-04  -1.896966E-02   1.101232E-02  -3.023505E+00   1.345249E-01
          3015      G      8.229343E-04  -5.117175E-03  -1.025594E-02   2.173168E+00  -1.419083E-01   1.456715E+00
          3016      G      1.630495E-03  -4.040228E-03  -4.525957E-03   8.090085E-01  -4.314250E-02   1.016565E+00
          3017      G      1.745855E-03  -1.247771E-03  -1.203483E+00   4.200639E+01   6.828183E+00   1.394265E-02
          3018      G      2.171961E-03  -3.782566E-04  -9.087838E-01   3.388865E+01   1.410931E+01   6.531523E-02
          3019      G      5.158118E-03  -1.182448E-04  -2.146188E+00  -5.634714E-03   2.369786E+01  -1.384968E-03
          3020      G      1.338069E-02  -8.956056E-05  -1.709974E+00   6.336506E-03   2.873081E+00  -1.157734E-03
          3021      G     -2.547444E-05   7.024742E-04  -4.754277E-04   3.129117E-01  -5.999004E-01   3.019456E+00
          3022      G     -1.641234E-03  -1.991939E-03  -4.468850E-04   4.728331E-03   6.883114E-02  -1.045269E+00
          3023      G      5.311603E-03  -5.582789E-04  -4.135359E-01   1.623529E+01   2.131281E+01   9.921788E-02
          3024      G      7.254264E-03  -2.742809E-03  -1.337252E-02  -1.357529E+00   2.166757E+00  -7.228636E+00
          3025      G      1.247035E-02  -5.495983E-05  -8.621486E-01   5.792122E-03   5.371054E+01  -1.162766E-03
          3026      G      1.475947E-02  -2.480975E-05  -1.906707E-02   1.642981E-03   3.038243E+00   1.239321E-03
          3027      G     -1.243862E-04   6.285816E-03  -6.075330E-03  -1.015356E+00  -1.100353E-04   5.488678E-02
          3028      G     -8.671035E-04   4.770529E-03  -1.013303E-02  -2.144883E+00   1.515873E-01   1.541321E+00
          3029      G     -1.675718E-03   3.708311E-03  -4.386241E-03  -7.783591E-01   4.055093E-02   1.044328E+00
          3030      G     -7.414961E-05   1.423075E-03  -1.317910E+00  -4.947367E+01  -4.140661E-02  -1.325252E-03
          3031      G     -1.792627E-03   8.944878E-04  -1.201702E+00  -4.191147E+01  -6.833209E+00   1.354976E-02
          3032      G     -2.226517E-03   3.931895E-05  -9.072467E-01  -3.382636E+01  -1.408666E+01   6.547401E-02
1                                                       **STUDENT EDITION*    APRIL  18, 2026  MSC Nastran  3/ 3/26   PAGE    20
     DEFAULT                                                                                                                        
0                                                                                                            SUBCASE 1              
      EIGENVALUE =  1.537789E+06
          CYCLES =  1.973642E+02         R E A L   E I G E N V E C T O R   N O .          1
 
      POINT ID.   TYPE          T1             T2             T3             R1             R2             R3
          3033      G     -3.620854E-05  -1.027776E-03  -3.593978E-04  -2.833067E-01   5.963294E-01   3.053172E+00
          3034      G      1.557164E-03   1.701597E-03  -3.746265E-04   4.952589E-03  -5.979158E-02  -9.468728E-01
          3035      G     -5.359980E-03   2.257033E-04  -4.129160E-01  -1.622223E+01  -2.128037E+01   9.908403E-02
          3036      G     -7.293225E-03   2.403477E-03  -1.336772E-02   1.360979E+00  -2.168358E+00  -7.073410E+00
          3037      G      6.215944E-04   4.851197E-03  -1.016778E-02  -2.153784E+00  -1.529592E-01  -1.435858E+00
          3038      G      1.433181E-03   3.855208E-03  -4.460098E-03  -7.945015E-01  -4.163692E-02  -9.374703E-01
          3039      G      1.640379E-03   9.743935E-04  -1.203105E+00  -4.196865E+01   6.813012E+00  -1.629301E-02
          3040      G      2.077801E-03   2.004346E-04  -9.086883E-01  -3.387687E+01   1.410234E+01  -6.811742E-02
          3041      G     -2.084302E-04  -8.097009E-04  -4.151343E-04  -2.992337E-01  -6.006348E-01  -2.955757E+00
          3042      G     -1.811246E-03   1.971338E-03  -3.993675E-04   1.312444E-03   6.250476E-02   1.079322E+00
          3043      G      5.221914E-03   4.528149E-04  -4.134819E-01  -1.623336E+01   2.131566E+01  -1.015999E-01
          3044      G      7.164921E-03   2.696025E-03  -1.334056E-02   1.359332E+00   2.159974E+00   7.227282E+00
          4000      G      1.574187E-06  -9.790858E-05  -1.517967E-03   2.396340E-02  -5.491320E-04   1.024784E-03
          4001      G     -2.200715E-05  -1.293194E-05  -1.517846E-03   7.164117E-03  -8.716874E-03   9.759409E-03
          4002      G     -3.592900E-05  -8.049379E-05  -8.946425E-04   1.720830E-02  -2.382073E-02  -4.144572E-02
          4003      G     -1.481585E-06  -2.202407E-05  -1.022556E-02   2.979555E-01   1.969016E-04  -6.231166E-05
          4004      G     -4.032221E-05  -3.722134E-05  -9.584155E-03   2.755608E-01  -4.070934E-02  -3.237092E-04
          4005      G     -8.105122E-05  -2.743959E-05  -7.982378E-03   2.406619E-01  -7.147405E-02  -7.802214E-04
          4006      G     -2.993126E-06  -3.051247E-05  -1.702761E-02   1.936641E-04  -3.812798E-05  -4.498221E-05
          4007      G     -6.663911E-05  -3.187264E-05  -1.567344E-02   1.531405E-03  -1.083145E-01  -2.891181E-05
          4008      G     -1.392532E-04  -3.170963E-05  -1.349869E-02   5.651409E-04  -2.033911E-02  -1.584540E-05
          4009      G     -3.471892E-05  -6.079808E-05  -7.265709E-04   1.555818E-02   8.225125E-03  -9.678385E-02
          4010      G     -1.418626E-05  -1.416934E-04  -7.621564E-04   2.282334E-02  -4.465309E-03  -1.397547E-01
          4011      G     -1.233364E-04  -5.282695E-05  -5.667847E-03   1.573959E-01  -9.518777E-02  -1.737157E-03
          4012      G     -1.710716E-04  -1.119426E-04  -3.623627E-03   6.103683E-02  -3.585741E-02  -3.278234E-01
          4013      G     -1.855757E-04  -3.176095E-05  -9.415105E-03   2.300580E-03  -2.633180E-01  -3.127657E-05
          4014      G     -2.242356E-04  -3.307369E-05  -5.122222E-03   2.514528E-03  -2.625637E-02  -7.285493E-03
          4015      G      2.488089E-05  -4.732942E-06  -1.566435E-03   4.696749E-03   7.688156E-03  -1.989504E-02
          4016      G      3.757611E-05  -7.504662E-05  -9.153774E-04   1.760325E-02   2.654446E-02   2.648309E-02
          4017      G      3.804908E-05  -3.355159E-05  -9.595869E-03   2.771122E-01   3.997614E-02   2.000170E-04
          4018      G      7.927961E-05  -1.996563E-05  -7.986907E-03   2.421971E-01   7.303593E-02   6.847828E-04
          4019      G      6.073641E-05  -2.912471E-05  -1.567699E-02   4.897757E-04   1.085321E-01  -5.872166E-05
          4020      G      1.340694E-04  -2.683190E-05  -1.349796E-02   2.973991E-04   2.043014E-02  -6.812199E-05
          4021      G      3.355710E-05  -4.995479E-05  -6.508612E-04   1.188020E-02  -7.384899E-03   8.579586E-02
          4022      G      1.071369E-05  -1.294971E-04  -7.367209E-04   2.253891E-02   6.434189E-03   1.385232E-01
          4023      G      1.220444E-04  -4.350958E-05  -5.621119E-03   1.663996E-01   9.544556E-02   1.722881E-03
          4024      G      1.710648E-04  -1.045988E-04  -3.627443E-03   7.132907E-02   3.533240E-02   3.777069E-01
          4025      G      1.818747E-04  -2.484887E-05  -9.432602E-03   3.141668E-04   2.618139E-01  -6.943700E-05
          4026      G      2.214245E-04  -2.275482E-05  -5.167120E-03   2.248682E-05   2.683007E-02  -3.816273E-03
          4027      G     -6.235269E-06   3.745555E-05  -1.558561E-03  -2.363962E-02  -1.041125E-05   2.143299E-05
          4028      G     -2.759680E-05  -5.507811E-05  -1.551012E-03  -3.670711E-03  -8.810512E-03  -1.111919E-02
          4029      G     -3.921467E-05   1.744273E-05  -9.129134E-04  -1.676519E-02  -2.628036E-02   3.867409E-02
          4030      G     -4.685192E-06  -4.010801E-05  -1.023946E-02  -2.977365E-01   3.240797E-04  -3.975102E-05
          4031      G     -4.326887E-05  -2.639786E-05  -9.591077E-03  -2.789041E-01  -4.078752E-02   2.593631E-04
          4032      G     -8.385973E-05  -3.791192E-05  -7.980453E-03  -2.428310E-01  -7.290101E-02   7.511375E-04
          4033      G     -3.519189E-05  -4.841705E-06  -6.472357E-04  -1.162109E-02   7.206424E-03   9.791117E-02
          4034      G     -1.355307E-05   7.886553E-05  -7.390980E-04  -2.264983E-02  -6.598706E-03   1.520078E-01
          4035      G     -1.263550E-04  -1.173823E-05  -5.621343E-03  -1.670598E-01  -9.523342E-02   1.773877E-03
          4036      G     -1.744449E-04   5.070095E-05  -3.619357E-03  -7.081147E-02  -3.587310E-02   3.904484E-01
          4037      G      1.506360E-05  -5.307968E-05  -1.551004E-03  -3.683812E-03   8.916995E-03   1.155327E-02
1                                                       **STUDENT EDITION*    APRIL  18, 2026  MSC Nastran  3/ 3/26   PAGE    21
     DEFAULT                                                                                                                        
0                                                                                                            SUBCASE 1              
      EIGENVALUE =  1.537789E+06
          CYCLES =  1.973642E+02         R E A L   E I G E N V E C T O R   N O .          1
 
      POINT ID.   TYPE          T1             T2             T3             R1             R2             R3
          4038      G      2.649016E-05   2.150850E-05  -9.090027E-04  -1.681075E-02   2.628815E-02  -3.774554E-02
          4039      G      3.401249E-05  -2.427125E-05  -9.585966E-03  -2.786098E-01   4.061393E-02  -3.382082E-04
          4040      G      7.469596E-05  -3.382429E-05  -7.979926E-03  -2.430589E-01   7.278749E-02  -8.345466E-04
          4041      G      2.211292E-05   1.144766E-06  -6.478815E-04  -1.205479E-02  -7.230289E-03  -9.549896E-02
          4042      G     -2.929148E-07   8.557568E-05  -7.388660E-04  -2.332846E-02   7.003153E-03  -1.469935E-01
          4043      G      1.170260E-04  -5.686986E-06  -5.626269E-03  -1.667247E-01   9.485142E-02  -1.876275E-03
          4044      G      1.654311E-04   5.946150E-05  -3.633191E-03  -7.096381E-02   3.638044E-02  -3.829940E-01
1                                                       **STUDENT EDITION*    APRIL  18, 2026  MSC Nastran  3/ 3/26   PAGE    22
     DEFAULT                                                                                                                        
0                                                                                                            SUBCASE 1              
      EIGENVALUE =  2.128632E+06
          CYCLES =  2.322044E+02         R E A L   E I G E N V E C T O R   N O .          2
 
      POINT ID.   TYPE          T1             T2             T3             R1             R2             R3
             1      G      0.0            0.0            0.0            0.0            0.0            0.0
             2      G      0.0            0.0            0.0            0.0            0.0            0.0
             3      G      0.0            0.0            0.0            0.0            0.0            0.0
             4      G      0.0            0.0            0.0            0.0            0.0            0.0
             5      G      0.0            0.0            0.0            0.0            0.0            0.0
             6      G      0.0            0.0            0.0            0.0            0.0            0.0
             7      G      0.0            0.0            0.0            0.0            0.0            0.0
             8      G      0.0            0.0            0.0            0.0            0.0            0.0
            10      G      6.868396E-06   8.204997E-05   2.215787E-04   1.122814E-04   1.066513E-04  -6.920057E-03
            11      G      6.308614E-06  -8.206488E-05   2.215460E-04  -1.122071E-04   1.048886E-04   6.886569E-03
            12      G      3.055143E-05  -2.012475E-06   1.801476E-04   1.519782E-04   1.196752E-04  -5.603310E-04
            13      G      2.977027E-05   1.925348E-06   1.799073E-04  -1.515388E-04   1.166660E-04   5.084128E-04
            14      G     -3.053274E-05  -1.999871E-06   1.800899E-04   1.514413E-04  -1.197534E-04   5.833755E-04
            15      G     -3.015334E-05   1.933173E-06   1.807380E-04  -1.521695E-04  -1.189211E-04  -5.441227E-04
            16      G     -6.991805E-06   8.042188E-05   2.214377E-04   1.168859E-04  -1.062814E-04   6.865641E-03
            17      G     -5.806478E-06  -8.023423E-05   2.215492E-04  -1.211654E-04  -1.014694E-04  -6.742300E-03
           100      G     -2.631411E-04  -8.204616E-05   2.633951E-02  -6.343125E-01   1.993079E-01  -6.845881E-03
           101      G     -5.258236E-04  -1.789467E-07   4.757981E-02  -3.324157E-05   9.817511E-02  -3.897195E-05
           102      G     -1.263373E-04   7.928059E-05   3.239662E-02  -7.946272E-01   1.628820E-01  -5.177505E-04
           103      G     -3.490926E-04   5.056376E-08   5.785690E-02   5.813106E-06   3.709266E-01   9.902617E-07
           104      G      2.701417E-07  -2.227596E-04   3.646297E-02  -8.610075E-01   5.097812E-05  -2.587166E-06
           105      G      3.867072E-07   1.624314E-07   6.612987E-02   5.820749E-06   7.843231E-05  -1.913232E-06
           106      G     -3.423426E-05  -8.293613E-06   1.841144E-04  -1.521695E-04  -1.189211E-04  -5.441227E-04
           107      G     -3.423426E-05   6.227662E-06   1.809406E-04  -1.521695E-04  -1.189211E-04  -5.441227E-04
           108      G     -1.013159E-07   1.696578E-04   9.869508E-04   1.600814E-02  -2.019081E-07   5.389014E-05
           109      G     -5.637373E-05  -1.308015E-04   2.232190E-04  -1.211654E-04  -1.014694E-04  -6.742300E-03
           110      G     -5.366467E-04  -6.873725E-04   4.585244E-03  -7.113679E-02   8.517931E-02   8.727362E-02
           111      G     -5.637373E-05   5.756153E-05   2.203842E-04  -1.211654E-04  -1.014694E-04  -6.742300E-03
           112      G     -3.311115E-04  -2.628617E-05   1.510491E-02  -3.664523E-01   4.188892E-01  -1.028367E-02
           113      G     -6.202708E-04  -1.978246E-06   6.455593E-03   1.205552E-04   1.121345E-01  -6.442341E-04
           114      G     -8.910455E-04  -1.003457E-06   2.719843E-02  -1.480709E-04   8.508217E-01   1.042230E-04
           115      G      2.640754E-04  -8.181254E-05   2.634421E-02  -6.344319E-01  -1.991292E-01   6.889557E-03
           116      G      5.266837E-04   1.426873E-07   4.758226E-02  -7.558357E-06  -9.801011E-02   9.033432E-08
           117      G      1.269944E-04   7.951969E-05   3.239837E-02  -7.946822E-01  -1.627956E-01   5.243264E-04
           118      G      3.499448E-04   1.409380E-07   5.785803E-02   1.304176E-08  -3.708924E-01   5.892556E-07
           119      G      3.358336E-05  -7.630270E-06   1.832366E-04  -1.515388E-04   1.166660E-04   5.084128E-04
           120      G      3.358336E-05   5.937997E-06   1.801231E-04  -1.515388E-04   1.166660E-04   5.084128E-04
           121      G      5.795788E-05  -1.337141E-04   2.231742E-04  -1.122071E-04   1.048886E-04   6.886569E-03
           122      G      5.372194E-04  -6.864561E-04   4.596960E-03  -7.124939E-02  -8.488989E-02  -8.780695E-02
           123      G      5.795788E-05   5.867937E-05   2.202438E-04  -1.122071E-04   1.048886E-04   6.886569E-03
           124      G      3.319665E-04  -2.629646E-05   1.511337E-02  -3.666317E-01  -4.188430E-01   1.027367E-02
           125      G      6.208610E-04   1.365593E-08   6.460450E-03   1.388028E-05  -1.119340E-01   3.705477E-06
           126      G      8.919620E-04   4.220563E-08   2.720183E-02  -1.885648E-05  -8.508565E-01   3.066125E-06
           127      G     -2.638821E-04   8.155516E-05   2.634285E-02   6.341853E-01   1.991074E-01   6.842552E-03
           128      G     -1.267226E-04  -7.909136E-05   3.239771E-02   7.945255E-01   1.628878E-01   5.075260E-04
           129      G      1.733307E-07   2.229406E-04   3.646365E-02   8.609457E-01   2.714929E-05  -4.965219E-06
           130      G     -3.490805E-05   8.964671E-06   1.834765E-04   1.514413E-04  -1.197534E-04   5.833755E-04
           131      G     -3.490805E-05  -6.604164E-06   1.802806E-04   1.514413E-04  -1.197534E-04   5.833755E-04
           132      G     -4.223059E-08  -1.695758E-04   9.864644E-04  -1.600761E-02   1.427367E-05  -1.306552E-05
           133      G     -5.848412E-05   1.319142E-04   2.231114E-04   1.168859E-04  -1.062814E-04   6.865641E-03
1                                                       **STUDENT EDITION*    APRIL  18, 2026  MSC Nastran  3/ 3/26   PAGE    23
     DEFAULT                                                                                                                        
0                                                                                                            SUBCASE 1              
      EIGENVALUE =  2.128632E+06
          CYCLES =  2.322044E+02         R E A L   E I G E N V E C T O R   N O .          2
 
      POINT ID.   TYPE          T1             T2             T3             R1             R2             R3
           134      G     -5.370446E-04   6.826877E-04   4.589801E-03   7.097717E-02   8.509090E-02  -8.792205E-02
           135      G     -5.848412E-05  -5.989467E-05   2.201422E-04   1.168859E-04  -1.062814E-04   6.865641E-03
           136      G     -3.318599E-04   2.538115E-05   1.511103E-02   3.664983E-01   4.189773E-01   1.023384E-02
           137      G      2.643077E-04   8.187322E-05   2.634485E-02   6.343073E-01  -1.991264E-01  -6.858807E-03
           138      G      1.270493E-04  -7.909686E-05   3.239901E-02   7.945887E-01  -1.627931E-01  -5.163733E-04
           139      G      3.475391E-05   8.518944E-06   1.835367E-04   1.519782E-04   1.196752E-04  -5.603310E-04
           140      G      3.475391E-05  -6.434889E-06   1.803429E-04   1.519782E-04   1.196752E-04  -5.603310E-04
           141      G      5.876883E-05   1.339504E-04   2.232207E-04   1.122814E-04   1.066513E-04  -6.920057E-03
           142      G      5.377006E-04   6.863351E-04   4.596389E-03   7.120986E-02  -8.495788E-02   8.777896E-02
           143      G      5.876883E-05  -5.937871E-05   2.202412E-04   1.122814E-04   1.066513E-04  -6.920057E-03
           144      G      3.323548E-04   2.644486E-05   1.511382E-02   3.665813E-01  -4.188505E-01  -1.026731E-02
           200      G     -5.957002E-05  -1.269848E-04   2.232190E-04  -1.211654E-04  -1.014694E-04  -6.742300E-03
           201      G     -5.957002E-05   6.137824E-05   2.203842E-04  -1.211654E-04  -1.014694E-04  -6.742300E-03
           202      G     -3.798028E-05  -3.500272E-06   1.841144E-04  -1.521695E-04  -1.189211E-04  -5.441227E-04
           203      G     -3.798028E-05   1.102100E-05   1.809406E-04  -1.521695E-04  -1.189211E-04  -5.441227E-04
           204      G     -9.485653E-07   3.325958E-05   1.337353E-03  -1.190107E-03  -1.147037E-04   2.838330E-04
           205      G     -2.083184E-04  -1.053290E-04   4.763548E-03  -7.759480E-02   3.151153E-02   1.692432E-02
           206      G     -1.880762E-04  -1.497445E-05   6.579952E-03  -3.336585E-03   3.854494E-02  -5.241785E-03
           207      G      6.126187E-05  -1.301796E-04   2.231742E-04  -1.122071E-04   1.048886E-04   6.886569E-03
           208      G      6.126187E-05   6.221390E-05   2.202438E-04  -1.122071E-04   1.048886E-04   6.886569E-03
           209      G      3.725834E-05  -2.856798E-06   1.832366E-04  -1.515388E-04   1.166660E-04   5.084128E-04
           210      G      3.725834E-05   1.071147E-05   1.801231E-04  -1.515388E-04   1.166660E-04   5.084128E-04
           211      G      2.011205E-04  -1.123027E-04   4.779428E-03  -6.495378E-02  -2.925262E-02  -2.320836E-02
           212      G      1.889331E-04  -2.668834E-07   6.583398E-03  -6.487468E-05  -3.629569E-02  -1.641762E-05
           213      G     -6.183198E-05   1.282323E-04   2.231114E-04   1.168859E-04  -1.062814E-04   6.865641E-03
           214      G     -6.183198E-05  -6.357658E-05   2.201422E-04   1.168859E-04  -1.062814E-04   6.865641E-03
           215      G     -3.868029E-05   4.194271E-06   1.834765E-04   1.514413E-04  -1.197534E-04   5.833755E-04
           216      G     -3.868029E-05  -1.137456E-05   1.802806E-04   1.514413E-04  -1.197534E-04   5.833755E-04
           217      G     -1.276557E-07  -3.334505E-05   1.336890E-03   1.056608E-03   5.201380E-05  -3.533217E-06
           218      G     -2.089435E-04   1.023320E-04   4.773919E-03   6.570479E-02   3.127885E-02  -2.439626E-02
           219      G      6.212834E-05   1.304135E-04   2.232207E-04   1.122814E-04   1.066513E-04  -6.920057E-03
           220      G      6.212834E-05  -6.291557E-05   2.202412E-04   1.122814E-04   1.066513E-04  -6.920057E-03
           221      G      3.852368E-05   3.731631E-06   1.835367E-04   1.519782E-04   1.196752E-04  -5.603310E-04
           222      G      3.852368E-05  -1.122220E-05   1.803429E-04   1.519782E-04   1.196752E-04  -5.603310E-04
           223      G      2.016878E-04   1.119336E-04   4.778749E-03   6.485855E-02  -2.918759E-02   2.317186E-02
           224      G     -1.013655E-04  -4.851285E-05   1.412741E-02  -3.253850E-01   8.283175E-02  -1.966214E-03
           225      G     -1.929921E-04  -1.488852E-06   2.479275E-02  -4.322437E-04   3.882075E-02  -1.340969E-04
           226      G     -4.402017E-05   1.846474E-05   1.682178E-02  -3.987552E-01   7.903724E-02   9.625905E-05
           227      G     -1.398382E-04  -3.684947E-07   2.937994E-02  -2.933482E-05   1.667671E-01   3.675694E-06
           228      G     -2.241168E-06  -1.221899E-04   1.909570E-02  -4.081905E-01   1.402236E-03  -8.502255E-05
           229      G     -3.722246E-06  -8.531827E-08   3.323964E-02  -6.399236E-05   1.504302E-03  -7.289756E-06
           230      G     -1.313112E-04  -2.631426E-05   9.278640E-03  -2.080038E-01   1.767674E-01  -1.994579E-03
           231      G     -3.144467E-04  -1.371206E-06   1.575863E-02  -3.291474E-03   3.699854E-01   9.435196E-04
           232      G      9.453720E-05  -5.247141E-05   1.439547E-02  -3.326478E-01  -8.412529E-02   2.024105E-03
           233      G      1.900077E-04   1.508177E-08   2.536501E-02   1.112990E-05  -3.622767E-02  -1.701424E-06
           234      G      3.932398E-05   1.912962E-05   1.697414E-02  -4.025943E-01  -7.280278E-02  -1.033958E-04
           235      G      1.315327E-04   1.758135E-08   2.967369E-02  -1.408987E-06  -1.552018E-01   1.318791E-06
           236      G      1.336060E-04  -2.366486E-05   9.411522E-03  -2.065322E-01  -1.930009E-01   1.787958E-03
           237      G      2.760760E-04  -5.604779E-08   1.603878E-02  -1.934918E-05  -4.165050E-01   9.413390E-06
           238      G     -1.034120E-04   4.640220E-05   1.411683E-02   3.213315E-01   8.137387E-02   2.000647E-03
1                                                       **STUDENT EDITION*    APRIL  18, 2026  MSC Nastran  3/ 3/26   PAGE    24
     DEFAULT                                                                                                                        
0                                                                                                            SUBCASE 1              
      EIGENVALUE =  2.128632E+06
          CYCLES =  2.322044E+02         R E A L   E I G E N V E C T O R   N O .          2
 
      POINT ID.   TYPE          T1             T2             T3             R1             R2             R3
           239      G     -4.524358E-05  -1.894454E-05   1.680591E-02   3.962085E-01   7.979779E-02  -1.161846E-04
           240      G     -2.952440E-06   1.217705E-04   1.908763E-02   4.071818E-01   1.378389E-03   3.850832E-05
           241      G     -1.344369E-04   2.026894E-05   9.298379E-03   2.021517E-01   1.768438E-01   1.973458E-03
           242      G      9.471763E-05   5.231699E-05   1.439192E-02   3.321890E-01  -8.410343E-02  -1.991121E-03
           243      G      3.920768E-05  -1.901763E-05   1.696832E-02   4.018607E-01  -7.262497E-02   1.082925E-04
           244      G      1.340430E-04   2.362329E-05   9.409181E-03   2.062782E-01  -1.929398E-01  -1.780986E-03
           300      G     -5.420174E-04  -2.483138E-05   1.086327E-03  -1.878377E-02   3.020344E-02  -4.831879E-02
           301      G     -2.205769E-04   2.637226E-04   1.977606E-03   6.650478E-02   1.973443E-02   8.949144E-03
           302      G     -4.323745E-05   3.869908E-05   1.973546E-03  -1.399002E-02  -3.863285E-03   1.262137E-02
           303      G     -5.455897E-04  -5.134545E-04   9.887047E-04  -3.921879E-02   4.955979E-02   5.957015E-03
           304      G     -5.090923E-04  -1.536420E-04   8.834315E-04  -6.031598E-02  -1.173595E-02  -7.487326E-04
           305      G     -4.804328E-04  -3.403480E-04   5.177677E-03  -1.179926E-01   4.413538E-03   3.216532E-02
           306      G     -4.305198E-04  -3.889904E-05   7.303050E-03  -1.033410E-02  -5.704792E-03  -1.284517E-02
           307      G      5.673351E-04  -5.553199E-05   1.088487E-03  -2.331577E-02  -3.054476E-02   5.735005E-02
           308      G      1.796090E-04   2.687110E-04   1.998841E-03   7.133065E-02  -1.710300E-02  -7.386728E-03
           309      G      5.863001E-04  -6.026366E-04   9.921056E-04  -2.886856E-02  -7.390047E-02  -9.135818E-03
           310      G      5.317446E-04  -1.654833E-04   8.817649E-04  -6.683939E-02   1.781715E-02  -1.448089E-03
           311      G      5.065731E-04  -3.617590E-04   5.202692E-03  -1.374295E-01  -5.252406E-03  -4.324930E-02
           312      G      4.455510E-04  -8.830016E-07   7.315134E-03  -3.890516E-05   5.280028E-03   9.667069E-05
           313      G     -5.909100E-04   5.904466E-05   1.086379E-03   2.213166E-02   3.047903E-02   5.608271E-02
           314      G     -2.125894E-04  -2.605945E-04   2.000103E-03  -7.240121E-02   1.875453E-02  -9.533469E-03
           315      G      3.008973E-07  -7.711377E-06   1.972789E-03   1.659797E-02   1.361096E-05  -8.813936E-05
           316      G     -6.038831E-04   5.831013E-04   9.923361E-04   2.838565E-02   7.373622E-02  -1.032073E-02
           317      G     -5.509235E-04   1.571556E-04   8.813256E-04   6.600850E-02  -1.764520E-02  -2.372772E-03
           318      G     -5.144541E-04   3.360098E-04   5.200872E-03   1.389067E-01   6.836149E-03  -4.658660E-02
           319      G      5.898472E-04   6.253335E-05   1.086305E-03   2.236362E-02  -3.048292E-02  -5.628327E-02
           320      G      2.127071E-04  -2.602000E-04   1.999995E-03  -7.244165E-02  -1.868812E-02   9.350685E-03
           321      G      6.018891E-04   6.014941E-04   9.912636E-04   2.881622E-02  -7.379499E-02   9.564343E-03
           322      G      5.487057E-04   1.683486E-04   8.805534E-04   6.618640E-02   1.759583E-02   2.170326E-03
           323      G      5.152623E-04   3.603050E-04   5.202518E-03   1.372801E-01  -6.051326E-03   4.347618E-02
           324      G     -2.689252E-04   5.515724E-05  -8.455534E-03   2.024647E-01  -1.735473E-01   1.584619E-02
           325      G     -2.076651E-04   1.641411E-05  -1.369680E-02   9.933064E-04  -1.800493E-02  -3.377164E-04
           326      G     -1.756301E-04   7.393362E-06  -1.340954E-02   2.938022E-01  -9.932705E-02  -1.687571E-04
           327      G     -2.001401E-05   1.593214E-05  -2.048314E-02  -7.595205E-04  -2.396484E-01   4.324846E-05
           328      G      1.064225E-05   1.980121E-04  -1.525029E-02   3.870125E-01   3.543109E-04  -2.043929E-03
           329      G      1.058667E-05   1.499805E-05  -2.515596E-02   6.029480E-04  -5.536297E-04   2.648362E-04
           330      G     -4.469029E-04  -9.464619E-05  -9.140897E-04   5.813857E-02  -2.550861E-01  -1.744759E-03
           331      G     -2.013450E-04   9.794281E-06  -3.225284E-03  -3.846662E-03  -4.077673E-01   1.845652E-03
           332      G      2.833292E-04   3.739223E-05  -8.433213E-03   2.033443E-01   1.826545E-01  -1.792467E-02
           333      G      2.283074E-04   4.654036E-06  -1.374158E-02  -4.519874E-04   1.693459E-02   1.551608E-04
           334      G      1.931005E-04  -1.515129E-05  -1.343794E-02   2.904531E-01   9.521423E-02   6.938768E-04
           335      G      4.056366E-05   9.560137E-06  -2.049916E-02  -1.463459E-04   2.390091E-01   1.571086E-04
           336      G      4.786350E-04  -1.172488E-04  -8.548779E-04   5.518779E-02   2.487184E-01   1.742141E-03
           337      G      2.179528E-04   1.258731E-06  -3.268660E-03  -4.316370E-04   4.090814E-01   9.770596E-05
           338      G     -2.845425E-04  -2.858183E-05  -8.469728E-03  -2.041954E-01  -1.821044E-01  -1.825768E-02
           339      G     -1.864216E-04   3.304110E-05  -1.346421E-02  -2.904827E-01  -9.470130E-02   2.404480E-04
           340      G      5.980396E-06  -1.741180E-04  -1.525797E-02  -3.895903E-01  -2.847869E-04  -2.081715E-04
           341      G     -4.853435E-04   1.098907E-04  -8.598855E-04  -5.444102E-02  -2.512418E-01   1.224214E-03
           342      G      2.927395E-04  -3.033217E-05  -8.442948E-03  -2.033045E-01   1.826535E-01   1.799293E-02
           343      G      1.977070E-04   3.064705E-05  -1.345970E-02  -2.905026E-01   9.562691E-02  -3.431882E-04
1                                                       **STUDENT EDITION*    APRIL  18, 2026  MSC Nastran  3/ 3/26   PAGE    25
     DEFAULT                                                                                                                        
0                                                                                                            SUBCASE 1              
      EIGENVALUE =  2.128632E+06
          CYCLES =  2.322044E+02         R E A L   E I G E N V E C T O R   N O .          2
 
      POINT ID.   TYPE          T1             T2             T3             R1             R2             R3
           344      G      4.883702E-04   1.195648E-04  -8.553701E-04  -5.496903E-02   2.493348E-01  -1.567054E-03
           400      G     -9.681904E-04  -4.283266E-03   2.678046E-03  -9.307749E-01   3.148787E-02   2.623232E-01
           401      G     -1.094463E-03  -1.623854E-02   3.784336E-03  -2.656863E+00  -1.931776E-01  -5.087193E-02
           402      G     -3.439737E-06  -4.435738E-03   4.126155E-03  -1.180167E+00   7.480068E-04   6.108641E-04
           403      G     -2.925324E-04  -2.462575E-04   6.327784E-04  -6.631279E-02   1.910885E-02  -4.075015E-02
           404      G     -1.589519E-03   8.825862E-04   1.154688E-03  -2.278671E-01  -6.819507E-01  -1.488948E-02
           405      G     -1.465113E-02  -1.087673E-03   7.315244E-03   1.637712E+00   2.662079E+00  -2.065678E-01
           406      G     -1.564749E-02   1.504690E-06   1.044127E-02   8.246581E-05   3.389144E+00  -1.283613E-03
           407      G      9.594018E-04  -4.287540E-03   2.690355E-03  -9.312203E-01  -3.166876E-02  -2.624862E-01
           408      G      1.085611E-03  -1.624133E-02   3.807172E-03  -2.657201E+00   1.931574E-01   5.141176E-02
           409      G      2.869147E-04  -2.611809E-04   6.335027E-04  -6.999640E-02  -1.682247E-02   3.935365E-02
           410      G      1.588035E-03   8.762342E-04   1.158817E-03  -2.281270E-01   6.809998E-01   1.614721E-02
           411      G      1.465153E-02  -1.097890E-03   7.347465E-03   1.638699E+00  -2.662608E+00   2.051233E-01
           412      G      1.564840E-02  -9.902055E-07   1.045934E-02   1.524586E-05  -3.389489E+00   7.066235E-05
           413      G     -9.711355E-04   4.292454E-03   2.688820E-03   9.314146E-01   3.176862E-02  -2.626122E-01
           414      G     -1.095430E-03   1.624843E-02   3.806069E-03   2.657631E+00  -1.930816E-01   5.138628E-02
           415      G     -4.949170E-07   4.444474E-03   4.134167E-03   1.180836E+00  -4.307944E-06  -2.622463E-05
           416      G     -2.998163E-04   2.521803E-04   6.343953E-04   6.982584E-02   1.682508E-02   3.906985E-02
           417      G     -1.600524E-03  -8.779199E-04   1.157333E-03   2.280492E-01  -6.809207E-01   1.588849E-02
           418      G     -1.465546E-02   1.090012E-03   7.344537E-03  -1.639110E+00   2.662842E+00   2.049062E-01
           419      G      9.695745E-04   4.291698E-03   2.688002E-03   9.314724E-01  -3.178417E-02   2.625278E-01
           420      G      1.094265E-03   1.624806E-02   3.805687E-03   2.657684E+00   1.930677E-01  -5.143191E-02
           421      G      2.971033E-04   2.586089E-04   6.311869E-04   7.017041E-02  -1.707878E-02  -3.920474E-02
           422      G      1.598423E-03  -8.754253E-04   1.156149E-03   2.284975E-01   6.809913E-01  -1.600948E-02
           423      G      1.465541E-02   1.095782E-03   7.347037E-03  -1.638695E+00  -2.662871E+00  -2.049606E-01
           424      G     -4.836059E-03  -6.442936E-03   8.653784E-01  -2.153233E+01   8.231760E+00  -2.449292E-01
           425      G     -1.415111E-02   4.523262E-06   1.580537E+00   2.674858E-04   3.152588E+00  -5.240093E-05
           426      G     -1.863468E-03  -2.134837E-03   1.119442E+00  -2.718757E+01   6.556392E+00   2.218223E-02
           427      G     -1.062275E-02   5.108278E-06   1.986843E+00   3.011769E-04   1.496760E+01   1.956401E-06
           428      G     -8.966199E-07  -1.474176E-02   1.269140E+00  -3.172871E+01   4.258331E-04  -9.994546E-05
           429      G      3.243268E-07   4.701927E-06   2.323104E+00   3.494458E-04  -1.326878E-04   3.199415E-05
           430      G     -7.158465E-03  -6.037394E-04   4.151527E-01  -1.048368E+01   1.598968E+01  -8.405840E-02
           431      G     -2.422420E-02   3.558107E-06   7.978773E-01  -1.082563E-03   3.124077E+01   2.291846E-04
           432      G      4.835692E-03  -6.446806E-03   8.653997E-01  -2.153278E+01  -8.232396E+00   2.451259E-01
           433      G      1.415212E-02   2.383689E-06   1.580568E+00   1.577812E-04  -3.152902E+00   4.527383E-05
           434      G      1.862404E-03  -2.136255E-03   1.119464E+00  -2.718739E+01  -6.555942E+00  -2.209153E-02
           435      G      1.062324E-02   3.775340E-06   1.986860E+00   2.818935E-04  -1.496688E+01   4.027769E-05
           436      G      7.157360E-03  -6.097675E-04   4.151802E-01  -1.048501E+01  -1.598875E+01   8.413370E-02
           437      G      2.422588E-02   6.947953E-07   7.979051E-01   6.180034E-05  -3.124130E+01   5.766604E-05
           438      G     -4.837878E-03   6.452212E-03   8.653835E-01   2.153223E+01   8.231970E+00   2.449722E-01
           439      G     -1.863587E-03   2.144871E-03   1.119453E+00   2.718716E+01   6.556375E+00  -2.218866E-02
           440      G      2.798503E-07   1.475112E-02   1.269143E+00   3.172872E+01   2.441928E-05  -1.245901E-05
           441      G     -7.160434E-03   6.108398E-04   4.151771E-01   1.048514E+01   1.598834E+01   8.393216E-02
           442      G      4.838677E-03   6.451266E-03   8.653972E-01   2.153293E+01  -8.232319E+00  -2.449886E-01
           443      G      1.864252E-03   2.144012E-03   1.119462E+00   2.718750E+01  -6.556033E+00   2.218790E-02
           444      G      7.161053E-03   6.108756E-04   4.151807E-01   1.048503E+01  -1.598867E+01  -8.401436E-02
           445      G     -3.542878E-04   1.670331E-03   8.747157E-04  -8.786807E-02   7.072882E-02  -4.662788E-02
           446      G      9.285443E-05   4.608382E-04   1.290679E-03  -1.880196E-01  -6.289949E-03   7.392816E-02
           447      G     -8.255903E-06   1.298239E-04   2.324940E-03  -3.038901E-01   6.860647E-02  -1.711021E-02
           448      G      1.453627E-04  -8.847294E-05   3.768247E-03  -1.348759E-01   2.249416E-02   3.476358E-02
1                                                       **STUDENT EDITION*    APRIL  18, 2026  MSC Nastran  3/ 3/26   PAGE    26
     DEFAULT                                                                                                                        
0                                                                                                            SUBCASE 1              
      EIGENVALUE =  2.128632E+06
          CYCLES =  2.322044E+02         R E A L   E I G E N V E C T O R   N O .          2
 
      POINT ID.   TYPE          T1             T2             T3             R1             R2             R3
           449      G     -8.718191E-07  -2.258364E-05   3.928892E-03  -4.196679E-01   2.673744E-04   2.741543E-04
           450      G      7.186197E-04   1.388478E-03   6.114929E-03  -1.630525E-01   5.095165E-01  -8.613000E-02
           451      G      1.005832E-03   4.080579E-06   9.040201E-03  -5.560740E-04   6.425793E-01  -4.548317E-04
           452      G      3.483164E-04   1.672561E-03   8.766605E-04  -8.757479E-02  -7.114139E-02   4.690953E-02
           453      G     -1.009629E-04   4.599594E-04   1.296749E-03  -1.883787E-01   6.136907E-03  -7.432685E-02
           454      G      1.523466E-06   1.292400E-04   2.339237E-03  -3.044618E-01  -6.882825E-02   1.697902E-02
           455      G     -1.494284E-04  -8.868758E-05   3.781464E-03  -1.351830E-01  -2.219598E-02  -3.464054E-02
           456      G     -7.247739E-04   1.386625E-03   6.143476E-03  -1.635587E-01  -5.093199E-01   8.593851E-02
           457      G     -1.010962E-03  -1.415165E-06   9.060491E-03   4.983103E-07  -6.430340E-01   3.414282E-05
           458      G     -3.567736E-04  -1.673227E-03   8.775624E-04   8.738130E-02   7.113301E-02   4.701710E-02
           459      G      9.304122E-05  -4.588453E-04   1.296087E-03   1.884017E-01  -6.256826E-03  -7.422820E-02
           460      G     -7.893237E-06  -1.277497E-04   2.338024E-03   3.047273E-01   6.886727E-02   1.707610E-02
           461      G      1.455484E-04   9.024135E-05   3.784283E-03   1.356864E-01   2.242211E-02  -3.473876E-02
           462      G     -1.186296E-06   2.385672E-05   3.939399E-03   4.205264E-01  -1.227648E-05   4.937625E-06
           463      G      7.193650E-04  -1.385352E-03   6.138160E-03   1.633632E-01   5.088568E-01   8.577322E-02
           464      G      3.536862E-04  -1.675976E-03   8.738418E-04   8.757510E-02  -7.116766E-02  -4.689640E-02
           465      G     -9.584723E-05  -4.614019E-04   1.294249E-03   1.884922E-01   6.181308E-03   7.425928E-02
           466      G      5.369694E-06  -1.292929E-04   2.337124E-03   3.047818E-01  -6.888366E-02  -1.706289E-02
           467      G     -1.479565E-04   8.953570E-05   3.783764E-03   1.357115E-01  -2.243934E-02   3.475006E-02
           468      G     -7.231186E-04  -1.389694E-03   6.142788E-03   1.636050E-01  -5.093424E-01  -8.587482E-02
           469      G      2.731569E-04   1.207394E-03   3.066858E-03  -7.902345E-02   2.846735E-01   5.318701E-02
           470      G      2.244794E-04   5.007551E-04   9.129678E-03  -4.223389E-01   1.707663E-01   1.178343E-03
           471      G      2.251355E-04   7.831841E-05   1.318033E-02  -5.217037E-01   1.161168E-01   1.411294E-02
           472      G      1.020118E-04  -1.347772E-05   1.531683E-02  -6.571729E-01   7.631052E-02  -4.241561E-03
           473      G     -2.602782E-06  -2.277355E-05   1.695763E-02  -6.007954E-01   3.480470E-04  -8.979674E-05
           474      G      5.246767E-04   2.930156E-04   1.818201E-02  -3.118643E-01   3.600154E-01   2.897743E-02
           475      G      3.687968E-04   8.000946E-05   2.664477E-02  -5.515454E-01   2.476337E-01   2.770377E-03
           476      G      1.847761E-04  -1.021829E-05   3.123621E-02  -6.229213E-01   1.102077E-01   3.463101E-03
           477      G     -2.850273E-06  -9.135368E-06   3.282117E-02  -6.567276E-01   4.142239E-04   9.836212E-06
           478      G      6.005006E-04   5.282392E-04   8.410468E-03  -5.418947E-02   5.705369E-01   2.097989E-02
           479      G      7.514191E-04   2.223057E-04   2.423761E-02  -2.242464E-01   5.607456E-01   3.271158E-03
           480      G      4.811061E-04   2.896331E-05   3.657876E-02  -3.133750E-01   3.267071E-01   4.281701E-03
           481      G      2.411156E-04  -1.887587E-07   4.290820E-02  -3.859165E-01   1.574252E-01   1.064473E-03
           482      G      7.541069E-04   1.181963E-06   2.654843E-02  -1.998884E-04   5.636991E-01   1.184236E-04
           483      G      5.447676E-04   1.110332E-06   4.004156E-02  -3.688486E-04   3.955380E-01  -6.105193E-06
           484      G      2.629969E-04   9.461816E-07   4.733581E-02  -3.108388E-04   1.634075E-01   1.054870E-05
           485      G     -2.798063E-06  -8.132374E-06   4.503974E-02  -3.952446E-01   3.765239E-04   4.662069E-06
           486      G     -2.580988E-06   8.346314E-07   4.956682E-02  -2.508332E-04   3.201565E-04   1.036277E-05
           487      G     -2.797397E-04   1.207388E-03   3.077842E-03  -7.988725E-02  -2.848353E-01  -5.329907E-02
           488      G     -2.311143E-04   4.999023E-04   9.147302E-03  -4.229079E-01  -1.711614E-01  -1.095911E-03
           489      G     -2.311692E-04   7.798807E-05   1.320617E-02  -5.221764E-01  -1.161509E-01  -1.408188E-02
           490      G     -1.073383E-04  -1.330198E-05   1.533573E-02  -6.574485E-01  -7.574629E-02   4.215703E-03
           491      G     -5.309768E-04   2.919035E-04   1.821176E-02  -3.123167E-01  -3.602567E-01  -2.894410E-02
           492      G     -3.748086E-04   7.948694E-05   2.667710E-02  -5.516733E-01  -2.474653E-01  -2.762565E-03
           493      G     -1.905638E-04  -1.027033E-05   3.125782E-02  -6.229357E-01  -1.095890E-01  -3.462474E-03
           494      G     -6.060589E-04   5.254301E-04   8.440406E-03  -5.385171E-02  -5.706608E-01  -2.085387E-02
           495      G     -7.573855E-04   2.205095E-04   2.427094E-02  -2.241024E-01  -5.608841E-01  -3.264813E-03
           496      G     -4.868377E-04   2.826725E-05   3.661136E-02  -3.132954E-01  -3.264484E-01  -4.253993E-03
           497      G     -2.467413E-04  -4.379788E-07   4.292860E-02  -3.858033E-01  -1.568176E-01  -1.049506E-03
           498      G     -7.592947E-04  -6.508637E-07   2.657749E-02  -2.070256E-06  -5.638349E-01   2.138654E-05
1                                                       **STUDENT EDITION*    APRIL  18, 2026  MSC Nastran  3/ 3/26   PAGE    27
     DEFAULT                                                                                                                        
0                                                                                                            SUBCASE 1              
      EIGENVALUE =  2.128632E+06
          CYCLES =  2.322044E+02         R E A L   E I G E N V E C T O R   N O .          2
 
      POINT ID.   TYPE          T1             T2             T3             R1             R2             R3
           499      G     -5.499443E-04   8.261021E-08   4.006945E-02  -4.256933E-05  -3.953064E-01   1.935079E-05
           500      G     -2.681573E-04   5.658574E-07   4.735302E-02  -1.304616E-04  -1.629181E-01   1.404930E-05
           501      G      2.732168E-04  -1.207122E-03   3.075699E-03   7.981243E-02   2.846193E-01  -5.335989E-02
           502      G      2.251501E-04  -4.986805E-04   9.143049E-03   4.226067E-01   1.711903E-01  -1.159816E-03
           503      G      2.257376E-04  -7.618260E-05   1.320506E-02   5.219373E-01   1.163180E-01  -1.411747E-02
           504      G      1.026118E-04   1.524034E-05   1.534317E-02   6.573680E-01   7.616893E-02   4.242553E-03
           505      G     -1.591111E-06   2.432296E-05   1.697789E-02   6.009334E-01   3.498113E-05   1.949695E-05
           506      G      5.256636E-04  -2.907435E-04   1.820003E-02   3.119892E-01   3.602209E-01  -2.893947E-02
           507      G      3.696573E-04  -7.780349E-05   2.666825E-02   5.512276E-01   2.477157E-01  -2.770701E-03
           508      G      1.855408E-04   1.209974E-05   3.126013E-02   6.225982E-01   1.100834E-01  -3.458292E-03
           509      G     -1.962202E-06   1.080786E-05   3.283961E-02   6.565058E-01   1.264580E-04   1.541129E-05
           510      G      6.007653E-04  -5.243631E-04   8.429484E-03   5.348988E-02   5.702119E-01  -2.078578E-02
           511      G      7.523526E-04  -2.192724E-04   2.425060E-02   2.235376E-01   5.607659E-01  -3.289750E-03
           512      G      4.816811E-04  -2.690992E-05   3.659301E-02   3.128664E-01   3.266932E-01  -4.253468E-03
           513      G      2.416105E-04   2.128610E-06   4.292182E-02   3.853314E-01   1.573489E-01  -1.051503E-03
           514      G     -2.292064E-06   9.799826E-06   4.505041E-02   3.948061E-01   2.230796E-04   1.322088E-05
           515      G     -2.765478E-04  -1.210582E-03   3.075842E-03   7.994963E-02  -2.848612E-01   5.338049E-02
           516      G     -2.282448E-04  -5.012513E-04   9.146646E-03   4.229602E-01  -1.711882E-01   1.184840E-03
           517      G     -2.289264E-04  -7.772289E-05   1.320840E-02   5.222323E-01  -1.163129E-01   1.415121E-02
           518      G     -1.057911E-04   1.453077E-05   1.534533E-02   6.575606E-01  -7.611209E-02  -4.209121E-03
           519      G     -5.294122E-04  -2.931812E-04   1.821193E-02   3.123263E-01  -3.602827E-01   2.899564E-02
           520      G     -3.734613E-04  -7.924025E-05   2.668000E-02   5.516645E-01  -2.476324E-01   2.800660E-03
           521      G     -1.894466E-04   1.146939E-05   3.126733E-02   6.228428E-01  -1.098808E-01   3.488418E-03
           522      G     -6.053068E-04  -5.283741E-04   8.440290E-03   5.386461E-02  -5.706701E-01   2.090424E-02
           523      G     -7.566881E-04  -2.217923E-04   2.427120E-02   2.241006E-01  -5.609090E-01   3.310092E-03
           524      G     -4.861906E-04  -2.808029E-05   3.661332E-02   3.132347E-01  -3.265430E-01   4.292224E-03
           525      G     -2.461718E-04   1.593675E-06   4.293432E-02   3.855824E-01  -1.569839E-01   1.077579E-03
          1000      G      1.260147E-06   3.228475E-05   9.236300E-04   1.599410E-02  -1.959119E-07   6.260447E-04
          1001      G      1.083874E-05   4.322177E-06   1.854255E-04  -2.347848E-04  -1.164640E-04   2.349951E-02
          1002      G      2.220064E-05  -9.620715E-06   1.865468E-04  -1.876266E-04  -1.227546E-04   2.918140E-02
          1003      G      1.245043E-06  -1.746080E-05   3.607999E-02  -1.313007E+00   2.665052E-05  -2.590379E-06
          1004      G      3.736339E-05  -2.342392E-05   3.286056E-02  -1.156242E+00   1.697957E-01   5.654362E-04
          1005      G      5.560610E-05  -1.656248E-05   2.596398E-02  -9.329089E-01   3.275569E-01   1.301756E-03
          1006      G      1.028132E-06   1.146174E-07   6.613255E-02   5.819675E-06   7.843040E-05  -3.026414E-06
          1007      G      1.019117E-04   5.550626E-09   5.849804E-02  -1.544462E-05   5.692413E-01  -3.184304E-06
          1008      G      2.461187E-04   9.276961E-08   4.758089E-02  -3.324329E-05   9.821867E-02  -4.477112E-06
          1009      G     -6.027524E-07   2.461250E-05   2.209248E-04  -1.001556E-04  -1.363182E-04   3.613709E-02
          1010      G     -8.719459E-05  -8.357965E-05   2.213029E-04  -1.474759E-04  -8.722841E-05  -1.229422E-02
          1011      G      9.695435E-05  -3.055590E-05   1.458405E-02  -5.052279E-01   4.965152E-01   2.146942E-03
          1012      G      1.506971E-04   4.932521E-05   4.928483E-03  -7.111151E-02   8.521890E-02  -1.653601E-01
          1013      G      2.465901E-04  -1.049590E-07   2.742204E-02   2.462615E-05   1.271769E+00  -9.819859E-06
          1014      G      2.814542E-04  -3.047823E-07   6.909763E-03   1.204988E-04   1.121695E-01  -6.819015E-04
          1015      G     -8.257808E-06   4.070508E-06   1.846065E-04  -2.343324E-04   1.142365E-04  -2.184304E-02
          1016      G     -1.958889E-05  -8.989561E-06   1.856673E-04  -1.868978E-04   1.205445E-04  -2.750956E-02
          1017      G     -3.493772E-05  -2.329888E-05   3.286248E-02  -1.156303E+00  -1.696770E-01  -5.718464E-04
          1018      G     -5.311086E-05  -1.617456E-05   2.596850E-02  -9.330180E-01  -3.274765E-01  -1.304722E-03
          1019      G     -9.978467E-05   9.374150E-08   5.849915E-02   9.380527E-07  -5.692881E-01  -2.110049E-06
          1020      G     -2.439072E-04   2.047723E-07   4.758334E-02  -7.561395E-06  -9.805367E-02  -2.181376E-06
          1021      G      3.140114E-06   2.600820E-05   2.207403E-04  -9.083432E-05   1.399393E-04  -3.584163E-02
          1022      G      9.041092E-05  -8.479464E-05   2.212127E-04  -1.389228E-04   9.031731E-05   1.299322E-02
1                                                       **STUDENT EDITION*    APRIL  18, 2026  MSC Nastran  3/ 3/26   PAGE    28
     DEFAULT                                                                                                                        
0                                                                                                            SUBCASE 1              
      EIGENVALUE =  2.128632E+06
          CYCLES =  2.322044E+02         R E A L   E I G E N V E C T O R   N O .          2
 
      POINT ID.   TYPE          T1             T2             T3             R1             R2             R3
          1023      G     -9.401732E-05  -3.037632E-05   1.459064E-02  -5.053226E-01  -4.964508E-01  -2.151600E-03
          1024      G     -1.477774E-04   4.996410E-05   4.939036E-03  -7.122409E-02  -8.492954E-02   1.652961E-01
          1025      G     -2.444187E-04   2.120031E-07   2.742507E-02  -1.807444E-05  -1.271856E+00  -1.402081E-06
          1026      G     -2.792300E-04   2.994597E-07   6.913823E-03   1.388282E-05  -1.119690E-01   1.952494E-04
          1027      G      7.662057E-07  -3.220800E-05   9.231462E-04  -1.599356E-02   1.427811E-05  -3.321298E-04
          1028      G      1.019764E-05  -4.667777E-06   1.847624E-04   2.339592E-04  -1.172942E-04  -2.355834E-02
          1029      G      2.139834E-05   1.022808E-05   1.859070E-04   1.871797E-04  -1.235901E-04  -2.915989E-02
          1030      G      8.786915E-07   1.742554E-05   3.608094E-02   1.313003E+00   8.448263E-06  -1.096845E-06
          1031      G      3.686727E-05   2.360816E-05   3.286246E-02   1.156261E+00   1.697447E-01  -5.712646E-04
          1032      G      5.500948E-05   1.632361E-05   2.596718E-02   9.329407E-01   3.275141E-01  -1.306768E-03
          1033      G     -1.436906E-06  -2.611580E-05   2.206546E-04   9.542285E-05  -1.413436E-04  -3.694394E-02
          1034      G     -8.880945E-05   8.507101E-05   2.211631E-04   1.436336E-04  -9.165307E-05   1.195145E-02
          1035      G      9.595732E-05   3.072911E-05   1.458762E-02   5.051874E-01   4.965375E-01  -2.156821E-03
          1036      G      1.496050E-04  -5.005966E-05   4.932683E-03   7.095189E-02   8.513059E-02   1.646855E-01
          1037      G     -8.687362E-06  -4.517807E-06   1.848273E-04   2.345567E-04   1.172327E-04   2.270500E-02
          1038      G     -1.997793E-05   9.824185E-06   1.859693E-04   1.875398E-04   1.235318E-04   2.835133E-02
          1039      G     -3.514843E-05   2.355424E-05   3.286338E-02   1.156287E+00  -1.696770E-01   5.670179E-04
          1040      G     -5.326098E-05   1.637428E-05   2.596932E-02   9.330067E-01  -3.274810E-01   1.298803E-03
          1041      G      2.737218E-06  -2.604035E-05   2.207343E-04   9.073200E-05   1.417709E-04   3.649860E-02
          1042      G     -9.409881E-05   3.100427E-05   1.459124E-02   5.053249E-01  -4.964551E-01   2.146568E-03
          1043      G     -1.478524E-04  -4.949802E-05   4.938738E-03   7.118456E-02  -8.499753E-02  -1.651360E-01
          1044      G      9.026993E-05   8.593995E-05   2.212530E-04   1.391069E-04   9.196384E-05  -1.249108E-02
          2000      G      3.804036E-06   3.835367E-05   1.341078E-03  -1.188430E-03  -1.146625E-04   2.541831E-03
          2001      G     -6.427106E-07   1.099476E-05   1.840900E-04  -1.960111E-04  -1.089599E-04   1.961465E-02
          2002      G     -6.066864E-06  -2.867604E-06   1.856106E-04  -1.718500E-04  -1.205096E-04   1.693498E-02
          2003      G      5.056360E-06  -1.335734E-06   1.882933E-02  -6.244278E-01   2.652207E-03   2.546654E-05
          2004      G      1.079967E-05  -4.540541E-06   1.688110E-02  -5.727968E-01   8.092846E-02   2.820967E-04
          2005      G      1.205838E-05  -1.251979E-06   1.386582E-02  -4.727397E-01   1.387138E-01   5.187525E-04
          2006      G      7.990044E-06   4.014810E-07   3.324083E-02  -6.404080E-05   1.504622E-03   1.490306E-05
          2007      G      4.535181E-05   6.435089E-07   2.960099E-02  -3.089012E-04   2.528329E-01   2.318282E-05
          2008      G      1.024905E-04   1.888690E-06   2.479327E-02  -4.323472E-04   3.883993E-02   2.741459E-05
          2009      G     -2.746971E-05   4.128004E-05   2.208935E-04  -1.095182E-04  -1.202713E-04   2.408936E-02
          2010      G     -9.106997E-05  -8.201688E-05   2.228358E-04  -1.527754E-04  -8.272024E-05  -1.191241E-02
          2011      G      1.742552E-05  -1.982299E-05   8.993904E-03  -2.777744E-01   2.125423E-01   1.289069E-03
          2012      G      3.993516E-05   4.941158E-05   4.890338E-03  -7.758328E-02   3.153132E-02   2.135840E-01
          2013      G      1.034525E-04   2.894257E-06   1.584366E-02  -2.248113E-03   5.709991E-01   6.907089E-06
          2014      G      1.138075E-04   3.002969E-06   6.736836E-03  -3.333909E-03   3.856658E-02   9.486013E-03
          2015      G      7.686015E-06   1.070670E-05   1.832903E-04  -1.962136E-04   1.065228E-04  -1.569700E-02
          2016      G      1.163454E-05  -2.318284E-06   1.847583E-04  -1.707543E-04   1.182789E-04  -1.375351E-02
          2017      G     -5.153960E-07  -4.526028E-06   1.703367E-02  -5.774019E-01  -7.547807E-02  -2.321826E-04
          2018      G     -2.178601E-06  -1.274458E-06   1.412284E-02  -4.811058E-01  -1.380468E-01  -4.341787E-04
          2019      G     -3.018198E-05  -8.701885E-09   2.989805E-02  -4.439025E-05  -2.363639E-01   1.245624E-05
          2020      G     -8.543183E-05  -8.046390E-08   2.536539E-02   1.110777E-05  -3.625036E-02   1.042471E-05
          2021      G      2.918346E-05   4.158028E-05   2.207028E-04  -9.878802E-05   1.251238E-04  -2.432864E-02
          2022      G      9.150712E-05  -8.689985E-05   2.228091E-04  -1.452613E-04   8.699599E-05   1.104185E-02
          2023      G     -6.402892E-06  -2.131273E-05   9.123801E-03  -2.768099E-01  -2.210773E-01  -1.110542E-03
          2024      G     -2.912531E-05   4.051825E-05   4.897229E-03  -6.494751E-02  -2.927355E-02  -1.581628E-01
          2025      G     -8.652922E-05  -3.852667E-07   1.613101E-02  -2.947324E-05  -5.914601E-01   1.120647E-05
          2026      G     -9.538350E-05  -5.799118E-07   6.731315E-03  -6.495190E-05  -3.632038E-02  -3.970694E-04
          2027      G      5.968762E-06  -3.740789E-05   1.340082E-03   1.055037E-03   5.203551E-05  -2.830603E-03
1                                                       **STUDENT EDITION*    APRIL  18, 2026  MSC Nastran  3/ 3/26   PAGE    29
     DEFAULT                                                                                                                        
0                                                                                                            SUBCASE 1              
      EIGENVALUE =  2.128632E+06
          CYCLES =  2.322044E+02         R E A L   E I G E N V E C T O R   N O .          2
 
      POINT ID.   TYPE          T1             T2             T3             R1             R2             R3
          2028      G      1.852114E-06  -1.122044E-05   1.834183E-04   1.945547E-04  -1.097900E-04  -2.125039E-02
          2029      G     -2.770587E-06   3.678568E-06   1.849677E-04   1.706672E-04  -1.212644E-04  -1.897024E-02
          2030      G      6.520266E-06   1.620085E-06   1.881721E-02   6.225031E-01   2.634104E-03  -4.413751E-06
          2031      G      1.234002E-05   5.695202E-06   1.686681E-02   5.696615E-01   8.130697E-02  -2.516785E-04
          2032      G      1.305112E-05   3.154585E-06   1.384990E-02   4.674470E-01   1.382428E-01  -4.686340E-04
          2033      G     -2.248202E-05  -3.950869E-05   2.206136E-04   1.038507E-04  -1.254368E-04  -2.790652E-02
          2034      G     -8.571267E-05   9.086674E-05   2.227864E-04   1.505733E-04  -8.724243E-05   7.983435E-03
          2035      G      1.678732E-05   2.413072E-05   8.995802E-03   2.706460E-01   2.119802E-01  -1.194618E-03
          2036      G      3.771194E-05  -4.087466E-05   4.899815E-03   6.569878E-02   3.129975E-02  -1.647514E-01
          2037      G      9.633384E-06  -1.116018E-05   1.835101E-04   1.963183E-04   1.095254E-04   1.542059E-02
          2038      G      1.347965E-05   3.099810E-06   1.850602E-04   1.715356E-04   1.212995E-04   1.352814E-02
          2039      G      8.069009E-07   4.846664E-06   1.702542E-02   5.762086E-01  -7.523059E-02   2.502266E-04
          2040      G     -1.027072E-06   9.040591E-07   1.411742E-02   4.803724E-01  -1.380320E-01   4.531972E-04
          2041      G      3.092633E-05  -4.266461E-05   2.206962E-04   9.868435E-05   1.269653E-04   2.394157E-02
          2042      G      9.337948E-05   8.611119E-05   2.228469E-04   1.453484E-04   8.870972E-05  -1.151157E-02
          2043      G     -5.338513E-06   2.081942E-05   9.120475E-03   2.764511E-01  -2.209491E-01   1.130116E-03
          2044      G     -2.804548E-05  -4.181342E-05   4.896289E-03   6.485217E-02  -2.920854E-02   1.573596E-01
          3000      G      3.898048E-06   1.451874E-04   2.028928E-03  -1.395981E-02  -3.862496E-03   2.626800E-02
          3001      G     -8.210883E-05  -2.507134E-04   1.711181E-03   6.646455E-02   1.973554E-02  -1.813868E-02
          3002      G     -1.666766E-04   1.223335E-04   1.161134E-03  -1.876641E-02   3.020513E-02   1.157847E-01
          3003      G      1.007877E-05  -5.807321E-05  -1.205072E-02   5.708899E-01  -1.435084E-03   5.782162E-05
          3004      G     -8.965864E-05   3.973015E-05  -1.068200E-02   4.142588E-01  -8.678817E-02   3.857969E-04
          3005      G     -1.506095E-04   1.416585E-05  -6.146718E-03   3.071346E-01  -2.267761E-01  -1.237576E-03
          3006      G      6.185434E-06   1.023321E-05  -2.515658E-02   6.029682E-04  -5.536282E-04  -3.377884E-05
          3007      G     -1.296735E-04   1.025927E-05  -2.010657E-02  -2.263764E-03  -3.751370E-01  -3.731306E-05
          3008      G     -3.395071E-04   8.516402E-06  -1.369680E-02   9.933301E-04  -1.800706E-02  -5.328087E-05
          3009      G     -1.756547E-04   1.105707E-04   1.101666E-03  -6.031685E-02  -1.173387E-02   2.142821E-01
          3010      G     -1.717055E-04  -1.755504E-04   1.344215E-03  -3.923410E-02   4.957166E-02  -1.750860E-02
          3011      G     -3.166401E-04   2.073124E-05   5.474299E-04   9.802646E-02  -2.509924E-01  -1.474323E-03
          3012      G     -4.348991E-04  -1.200173E-05   5.194667E-03  -1.179975E-01   4.434113E-03   2.723419E-01
          3013      G     -3.754689E-04   5.937501E-06  -3.034133E-03   1.338029E-03  -6.804485E-01  -1.038405E-04
          3014      G     -4.640516E-04   3.189389E-06   7.279279E-03  -1.033374E-02  -5.679094E-03   3.283548E-02
          3015      G      9.501450E-05  -2.827247E-04   1.713091E-03   7.128493E-02  -1.710370E-02   3.303306E-02
          3016      G      1.847099E-04   1.273535E-04   1.181390E-03  -2.329718E-02  -3.054718E-02  -1.270863E-01
          3017      G      1.041435E-04   3.505114E-05  -1.071846E-02   4.100961E-01   8.538318E-02  -3.553755E-04
          3018      G      1.616558E-04   1.094394E-05  -6.129174E-03   3.080495E-01   2.322828E-01   1.129105E-03
          3019      G      1.426184E-04   1.058315E-05  -2.012476E-02  -7.018580E-04   3.743837E-01   1.090260E-05
          3020      G      3.516769E-04   8.261104E-06  -1.374158E-02  -4.520049E-04   1.693661E-02   2.944458E-05
          3021      G      1.920605E-04   1.228772E-04   1.114086E-03  -6.683884E-02   1.781640E-02  -2.394405E-01
          3022      G      1.868087E-04  -1.788632E-04   1.403410E-03  -2.888370E-02  -7.391039E-02   1.046722E-01
          3023      G      3.327638E-04   2.369421E-05   5.548464E-04   9.728787E-02   2.463582E-01   1.319443E-03
          3024      G      4.542088E-04  -2.647004E-06   5.223047E-03  -1.374322E-01  -5.273760E-03  -3.230680E-01
          3025      G      3.863713E-04   7.766753E-06  -3.083935E-03  -3.920942E-04   6.825042E-01   2.318436E-05
          3026      G      4.756457E-04   6.710089E-06   7.293121E-03  -3.893358E-05   5.254211E-03   3.540624E-03
          3027      G      3.766553E-06  -1.344492E-04   2.038589E-03   1.656573E-02   1.361366E-05  -1.588560E-03
          3028      G     -8.902856E-05   2.993844E-04   1.710097E-03  -7.235552E-02   1.875542E-02   2.227564E-02
          3029      G     -1.798834E-04  -1.144035E-04   1.174536E-03   2.211289E-02   3.048142E-02  -1.402644E-01
          3030      G      4.959632E-06   8.284528E-05  -1.204971E-02  -5.724168E-01  -4.090067E-04  -1.834657E-05
          3031      G     -9.319360E-05  -1.847734E-05  -1.071305E-02  -4.079125E-01  -8.523239E-02  -4.900821E-04
          3032      G     -1.526233E-04   3.991701E-06  -6.160606E-03  -3.077725E-01  -2.291898E-01   1.038577E-03
1                                                       **STUDENT EDITION*    APRIL  18, 2026  MSC Nastran  3/ 3/26   PAGE    30
     DEFAULT                                                                                                                        
0                                                                                                            SUBCASE 1              
      EIGENVALUE =  2.128632E+06
          CYCLES =  2.322044E+02         R E A L   E I G E N V E C T O R   N O .          2
 
      POINT ID.   TYPE          T1             T2             T3             R1             R2             R3
          3033      G     -1.877281E-04  -1.134673E-04   1.110679E-03   6.600813E-02  -1.764443E-02  -2.495900E-01
          3034      G     -1.814551E-04   1.874573E-04   1.401043E-03   2.840044E-02   7.374607E-02   9.372764E-02
          3035      G     -3.253808E-04  -1.192142E-05   5.266563E-04  -9.839928E-02  -2.498315E-01   1.215956E-03
          3036      G     -4.493670E-04   1.101496E-05   5.227582E-03   1.389098E-01   6.857680E-03  -3.426372E-01
          3037      G      9.639559E-05   3.001091E-04   1.709829E-03  -7.239598E-02  -1.868897E-02  -2.544946E-02
          3038      G      1.868766E-04  -1.127434E-04   1.175395E-03   2.234491E-02  -3.048531E-02   1.364263E-01
          3039      G      1.028829E-04  -1.809814E-05  -1.072439E-02  -4.085401E-01   8.516190E-02   4.383480E-04
          3040      G      1.620827E-04   5.872539E-06  -6.134874E-03  -3.070227E-01   2.321016E-01  -1.093927E-03
          3041      G      1.947383E-04  -1.085519E-04   1.110705E-03   6.618585E-02   1.759508E-02   2.449760E-01
          3042      G      1.891678E-04   1.922220E-04   1.401937E-03   2.883134E-02  -7.380488E-02  -9.806439E-02
          3043      G      3.341349E-04  -9.048983E-06   5.566925E-04  -9.665687E-02   2.469980E-01  -1.271633E-03
          3044      G      4.564915E-04   1.620239E-05   5.226065E-03   1.372828E-01  -6.072835E-03   3.297434E-01
          4000      G     -2.082026E-06   4.552033E-03   8.923111E-03  -1.180248E+00   7.479552E-04  -2.897843E-03
          4001      G      6.902283E-04   4.504580E-03   1.451318E-02  -2.658475E+00  -1.933056E-01   1.706934E+00
          4002      G      1.451468E-03   2.825985E-03   6.460006E-03  -9.312667E-01   3.155227E-02   8.200090E-01
          4003      G     -1.717787E-06   1.502883E-03   1.262487E+00  -4.655918E+01   4.567779E-04   1.172094E-05
          4004      G      1.334788E-03   9.343719E-04   1.150536E+00  -3.897521E+01   6.856853E+00   7.513065E-03
          4005      G      1.702339E-03   3.156650E-04   8.560802E-01  -3.096598E+01   1.375428E+01   4.470540E-02
          4006      G     -7.561679E-07   1.905521E-06   2.323207E+00   3.494183E-04  -1.326596E-04   1.426194E-05
          4007      G      3.736976E-03   2.090888E-06   2.016497E+00   2.909264E-04   2.332590E+01   1.228992E-05
          4008      G      9.753312E-03   2.381876E-06   1.580577E+00   2.674563E-04   3.154304E+00   1.848532E-05
          4009      G      2.654910E-04  -8.604526E-04   7.069702E-04  -2.275870E-01  -6.825090E-01   3.629881E+00
          4010      G     -1.138657E-03   1.450880E-03   8.901593E-04  -6.618373E-02   1.877904E-02  -5.006497E-01
          4011      G      4.279500E-03   2.955023E-04   3.926643E-01  -1.484671E+01   1.950395E+01   6.760131E-02
          4012      G      6.227250E-03   1.673229E-03   1.808054E-02   1.638583E+00   2.663718E+00  -7.665724E+00
          4013      G      9.178923E-03   2.600031E-06   8.024369E-01  -1.128782E-03   4.904585E+01   1.425597E-05
          4014      G      1.075189E-02   3.010729E-06   2.418109E-02   8.249990E-05   3.390145E+00   2.023439E-04
          4015      G     -6.947680E-04   4.504446E-03   1.453736E-02  -2.658813E+00   1.932854E-01  -1.705241E+00
          4016      G     -1.456354E-03   2.825206E-03   6.474110E-03  -9.317119E-01  -3.173308E-02  -8.171830E-01
          4017      G     -1.338098E-03   9.339864E-04   1.150558E+00  -3.897492E+01  -6.856342E+00  -7.484418E-03
          4018      G     -1.705622E-03   3.145122E-04   8.561031E-01  -3.096630E+01  -1.375463E+01  -4.466857E-02
          4019      G     -3.738598E-03   1.491030E-06   2.016515E+00   1.673918E-04  -2.332462E+01   1.648424E-05
          4020      G     -9.754831E-03   1.124049E-06   1.580608E+00   1.577613E-04  -3.154617E+00   1.202558E-05
          4021      G     -2.705251E-04  -8.627501E-04   7.140245E-04  -2.278471E-01   6.815580E-01  -3.629138E+00
          4022      G      1.133945E-03   1.447969E-03   8.964776E-04  -6.986698E-02  -1.649300E-02   4.934157E-01
          4023      G     -4.282900E-03   2.934069E-04   3.926955E-01  -1.484803E+01  -1.950304E+01  -6.755675E-02
          4024      G     -6.231013E-03   1.669598E-03   1.811489E-02   1.639570E+00  -2.664246E+00   7.674364E+00
          4025      G     -9.180577E-03   5.853940E-07   8.024664E-01   7.670648E-05  -4.904602E+01   2.095376E-05
          4026      G     -1.075370E-02   3.524953E-08   2.420054E-02   1.525232E-05  -3.390490E+00   5.013338E-04
          4027      G      2.044491E-07  -4.548602E-03   8.933802E-03   1.180917E+00  -4.307253E-06  -3.395796E-04
          4028      G      6.923071E-04  -4.500773E-03   1.453797E-02   2.659242E+00  -1.932096E-01  -1.708585E+00
          4029      G      1.453443E-03  -2.821835E-03   6.473355E-03   9.319063E-01   3.183299E-02  -8.210614E-01
          4030      G     -2.787726E-07  -1.499284E-03   1.262494E+00   4.655854E+01   1.896529E-04   1.189087E-05
          4031      G      1.336092E-03  -9.303041E-04   1.150550E+00   3.897429E+01   6.856792E+00  -7.490438E-03
          4032      G      1.703544E-03  -3.110076E-04   8.560901E-01   3.096543E+01   1.375441E+01  -4.468324E-02
          4033      G      2.672445E-04   8.659371E-04   7.123840E-04   2.277692E-01  -6.814789E-01  -3.633155E+00
          4034      G     -1.137252E-03  -1.446021E-03   8.967017E-04   6.969652E-02   1.649554E-02   4.889103E-01
          4035      G      4.280865E-03  -2.903734E-04   3.926925E-01   1.484803E+01   1.950269E+01  -6.757701E-02
          4036      G      6.228935E-03  -1.667163E-03   1.811289E-02  -1.639981E+00   2.664480E+00   7.671067E+00
          4037      G     -6.919224E-04  -4.501552E-03   1.453781E-02   2.659295E+00   1.931957E-01   1.707802E+00
1                                                       **STUDENT EDITION*    APRIL  18, 2026  MSC Nastran  3/ 3/26   PAGE    31
     DEFAULT                                                                                                                        
0                                                                                                            SUBCASE 1              
      EIGENVALUE =  2.128632E+06
          CYCLES =  2.322044E+02         R E A L   E I G E N V E C T O R   N O .          2
 
      POINT ID.   TYPE          T1             T2             T3             R1             R2             R3
          4038      G     -1.453053E-03  -2.823058E-03   6.472766E-03   9.319640E-01  -3.184851E-02   8.201109E-01
          4039      G     -1.336572E-03  -9.309463E-04   1.150560E+00   3.897474E+01  -6.856503E+00   7.515089E-03
          4040      G     -1.703984E-03  -3.123293E-04   8.561027E-01   3.096623E+01  -1.375465E+01   4.470576E-02
          4041      G     -2.668684E-04   8.639279E-04   7.128578E-04   2.282176E-01   6.815494E-01   3.632323E+00
          4042      G      1.137803E-03  -1.447676E-03   8.958796E-04   7.004106E-02  -1.674933E-02  -4.914303E-01
          4043      G     -4.281158E-03  -2.921562E-04   3.926970E-01   1.484794E+01  -1.950295E+01   6.760006E-02
          4044      G     -6.229225E-03  -1.669588E-03   1.811551E-02  -1.639565E+00  -2.664509E+00  -7.673452E+00
1                                                       **STUDENT EDITION*    APRIL  18, 2026  MSC Nastran  3/ 3/26   PAGE    32
     DEFAULT                                                                                                                        
0                                                                                                            SUBCASE 1              
      EIGENVALUE =  2.319757E+06
          CYCLES =  2.424049E+02         R E A L   E I G E N V E C T O R   N O .          3
 
      POINT ID.   TYPE          T1             T2             T3             R1             R2             R3
             1      G      0.0            0.0            0.0            0.0            0.0            0.0
             2      G      0.0            0.0            0.0            0.0            0.0            0.0
             3      G      0.0            0.0            0.0            0.0            0.0            0.0
             4      G      0.0            0.0            0.0            0.0            0.0            0.0
             5      G      0.0            0.0            0.0            0.0            0.0            0.0
             6      G      0.0            0.0            0.0            0.0            0.0            0.0
             7      G      0.0            0.0            0.0            0.0            0.0            0.0
             8      G      0.0            0.0            0.0            0.0            0.0            0.0
            10      G      4.371726E-05   9.601642E-05   1.446726E-04   2.120558E-04   3.182984E-06  -2.117019E-02
            11      G      4.390161E-05  -9.622391E-05   1.449290E-04  -2.116805E-04   3.781976E-06   2.119105E-02
            12      G      1.973288E-04   1.027903E-04   2.666197E-04   5.085515E-04   1.517791E-04   3.091366E-02
            13      G      1.977015E-04  -1.029287E-04   2.666098E-04  -5.079677E-04   1.527656E-04  -3.090018E-02
            14      G     -1.981112E-04   1.020994E-04   2.664142E-04   5.091155E-04  -1.540172E-04  -3.084777E-02
            15      G     -1.964487E-04  -1.035897E-04   2.662484E-04  -5.062785E-04  -1.508369E-04   3.078919E-02
            16      G     -4.377415E-05   9.441458E-05   1.443177E-04   2.158141E-04  -2.203883E-06   2.128205E-02
            17      G     -4.428922E-05  -9.261135E-05   1.455118E-04  -2.309757E-04  -2.272685E-06  -2.033740E-02
           100      G     -8.611886E-03  -3.179962E-03   8.950074E-01  -2.203294E+01   7.996596E+00  -2.535495E-01
           101      G     -1.753333E-02  -2.321568E-06   1.648991E+00  -1.113840E-04   3.667204E+00   4.053791E-05
           102      G     -3.826052E-03   2.420698E-03   1.145198E+00  -2.855677E+01   6.903795E+00  -2.101285E-02
           103      G     -1.261493E-02  -1.217909E-06   2.068471E+00  -1.519673E-04   1.534099E+01  -5.228460E-05
           104      G      1.596669E-06  -8.810448E-03   1.303151E+00  -3.186866E+01   1.632833E-04  -6.208904E-06
           105      G      1.057570E-06  -5.092608E-07   2.404788E+00  -2.431162E-05   3.098460E-05  -1.661333E-05
           106      G      3.447024E-05   4.750930E-04   2.728805E-04  -5.062785E-04  -1.508369E-04   3.078919E-02
           107      G      3.447024E-05  -3.465934E-04   2.688550E-04  -5.062785E-04  -1.508369E-04   3.078919E-02
           108      G      5.783769E-07   3.531203E-03   2.051110E-03   1.523532E-01   3.652931E-05   7.090147E-05
           109      G     -1.968197E-04  -2.451419E-04   1.472611E-04  -2.309757E-04  -2.272685E-06  -2.033740E-02
           110      G     -1.883608E-02  -1.658883E-03   8.907046E-03   1.895435E+00   3.336540E+00   5.978063E-01
           111      G     -1.968197E-04   3.230343E-04   1.471976E-04  -2.309757E-04  -2.272685E-06  -2.033740E-02
           112      G     -1.114993E-02   3.468964E-04   4.370507E-01  -1.060222E+01   1.688784E+01  -1.550471E-01
           113      G     -2.083985E-02  -2.036288E-05   1.456525E-02  -1.441196E-03   4.222484E+00   1.326924E-03
           114      G     -2.912184E-02  -5.023778E-06   8.378302E-01  -6.351789E-05   3.268513E+01  -7.428761E-04
           115      G      8.616402E-03  -3.176604E-03   8.950289E-01  -2.203333E+01  -7.996640E+00   2.536026E-01
           116      G      1.753633E-02  -1.105982E-07   1.649028E+00  -7.873658E-05  -3.667207E+00  -4.470517E-06
           117      G      3.829639E-03   2.422022E-03   1.145211E+00  -2.855703E+01  -6.903334E+00   2.099121E-02
           118      G      1.261704E-02  -1.867152E-07   2.068490E+00  -3.805346E-05  -1.534012E+01  -7.593698E-06
           119      G     -3.404986E-05   4.778401E-04   2.732908E-04  -5.079677E-04   1.527656E-04  -3.090018E-02
           120      G     -3.404986E-05  -3.468084E-04   2.692139E-04  -5.079677E-04   1.527656E-04  -3.090018E-02
           121      G      2.028345E-04  -2.551568E-04   1.465450E-04  -2.116805E-04   3.781976E-06   2.119105E-02
           122      G      1.884241E-02  -1.657662E-03   8.947991E-03   1.893974E+00  -3.336273E+00  -5.986341E-01
           123      G      2.028345E-04   3.368681E-04   1.464393E-04  -2.116805E-04   3.781976E-06   2.119105E-02
           124      G      1.115664E-02   3.513023E-04   4.370775E-01  -1.060286E+01  -1.688741E+01   1.550535E-01
           125      G      2.084388E-02  -8.566323E-08   1.460873E-02  -5.581277E-06  -4.222795E+00  -1.229784E-07
           126      G      2.912566E-02  -9.510356E-08   8.378727E-01  -7.003405E-05  -3.268513E+01   2.199819E-06
           127      G     -8.616488E-03   3.174347E-03   8.950102E-01   2.203237E+01   7.997130E+00   2.535133E-01
           128      G     -3.828918E-03  -2.423081E-03   1.145203E+00   2.855654E+01   6.903486E+00   2.096335E-02
           129      G     -1.235314E-07   8.809355E-03   1.303152E+00   3.186856E+01   1.496891E-04  -2.078456E-05
           130      G      3.324707E-05  -4.776844E-04   2.731273E-04   5.091155E-04  -1.540172E-04  -3.084777E-02
           131      G      3.324707E-05   3.455655E-04   2.690170E-04   5.091155E-04  -1.540172E-04  -3.084777E-02
           132      G     -5.349571E-07  -3.532768E-03   2.052305E-03  -1.524404E-01  -1.026990E-05  -1.572317E-05
           133      G     -2.033895E-04   2.540299E-04   1.459528E-04   2.158141E-04  -2.203883E-06   2.128205E-02
1                                                       **STUDENT EDITION*    APRIL  18, 2026  MSC Nastran  3/ 3/26   PAGE    33
     DEFAULT                                                                                                                        
0                                                                                                            SUBCASE 1              
      EIGENVALUE =  2.319757E+06
          CYCLES =  2.424049E+02         R E A L   E I G E N V E C T O R   N O .          3
 
      POINT ID.   TYPE          T1             T2             T3             R1             R2             R3
           134      G     -1.884309E-02   1.645469E-03   8.934533E-03  -1.894796E+00   3.336537E+00  -5.983639E-01
           135      G     -2.033895E-04  -3.405373E-04   1.458912E-04   2.158141E-04  -2.203883E-06   2.128205E-02
           136      G     -1.115799E-02  -3.568539E-04   4.370567E-01   1.060163E+01   1.688678E+01   1.549390E-01
           137      G      8.615686E-03   3.176444E-03   8.950307E-01   2.203334E+01  -7.996645E+00  -2.536126E-01
           138      G      3.828533E-03  -2.422615E-03   1.145212E+00   2.855697E+01  -6.903292E+00  -2.100272E-02
           139      G     -3.452365E-05  -4.782318E-04   2.732865E-04   5.085515E-04   1.517791E-04   3.091366E-02
           140      G     -3.452365E-05   3.467764E-04   2.692359E-04   5.085515E-04   1.517791E-04   3.091366E-02
           141      G      2.024937E-04   2.547928E-04   1.462869E-04   2.120558E-04   3.182984E-06  -2.117019E-02
           142      G      1.884176E-02   1.657400E-03   8.947397E-03  -1.894051E+00  -3.336416E+00   5.986645E-01
           143      G      2.024937E-04  -3.366493E-04   1.461980E-04   2.120558E-04   3.182984E-06  -2.117019E-02
           144      G      1.115604E-02  -3.515026E-04   4.370788E-01   1.060286E+01  -1.688743E+01  -1.550545E-01
           200      G     -1.968913E-04  -2.378661E-04   1.472611E-04  -2.309757E-04  -2.272685E-06  -2.033740E-02
           201      G     -1.968913E-04   3.303101E-04   1.471976E-04  -2.309757E-04  -2.272685E-06  -2.033740E-02
           202      G      2.971888E-05   4.910408E-04   2.728805E-04  -5.062785E-04  -1.508369E-04   3.078919E-02
           203      G      2.971888E-05  -3.306456E-04   2.688550E-04  -5.062785E-04  -1.508369E-04   3.078919E-02
           204      G     -6.918937E-07   2.132536E-04   1.190856E-03   3.462177E-02  -2.058000E-05  -2.088661E-04
           205      G     -8.599799E-04   2.511743E-04   6.688559E-03  -1.149322E-01   1.588891E-01  -3.869017E-02
           206      G     -6.320492E-04  -2.883726E-05   9.591285E-03  -6.857695E-03   1.719216E-01   7.706355E-03
           207      G      2.029536E-04  -2.484888E-04   1.465450E-04  -2.116805E-04   3.781976E-06   2.119105E-02
           208      G      2.029536E-04   3.435361E-04   1.464393E-04  -2.116805E-04   3.781976E-06   2.119105E-02
           209      G     -2.923775E-05   4.938411E-04   2.732908E-04  -5.079677E-04   1.527656E-04  -3.090018E-02
           210      G     -2.923775E-05  -3.308075E-04   2.692139E-04  -5.079677E-04   1.527656E-04  -3.090018E-02
           211      G      8.346100E-04   3.470771E-04   6.742406E-03  -9.399645E-02  -1.540870E-01   2.522088E-02
           212      G      5.982262E-04  -6.773298E-07   9.614436E-03  -1.131513E-04  -1.622796E-01  -3.111717E-05
           213      G     -2.034589E-04   2.472318E-04   1.459528E-04   2.158141E-04  -2.203883E-06   2.128205E-02
           214      G     -2.034589E-04  -3.473354E-04   1.458912E-04   2.158141E-04  -2.203883E-06   2.128205E-02
           215      G      2.839553E-05  -4.937215E-04   2.731273E-04   5.091155E-04  -1.540172E-04  -3.084777E-02
           216      G      2.839553E-05   3.295284E-04   2.690170E-04   5.091155E-04  -1.540172E-04  -3.084777E-02
           217      G     -1.609660E-06  -2.162854E-04   1.192445E-03  -3.489271E-02   4.690548E-05   1.617988E-04
           218      G     -8.690202E-04  -3.439085E-04   6.733288E-03   9.630512E-02   1.602008E-01   2.273850E-02
           219      G      2.025939E-04   2.481131E-04   1.462869E-04   2.120558E-04   3.182984E-06  -2.117019E-02
           220      G      2.025939E-04  -3.433291E-04   1.461980E-04   2.120558E-04   3.182984E-06  -2.117019E-02
           221      G     -2.974260E-05  -4.942512E-04   2.732865E-04   5.085515E-04   1.517791E-04   3.091366E-02
           222      G     -2.974260E-05   3.307571E-04   2.692359E-04   5.085515E-04   1.517791E-04   3.091366E-02
           223      G      8.338006E-04  -3.482793E-04   6.741671E-03   9.380622E-02  -1.539475E-01  -2.530142E-02
           224      G     -3.201486E-04  -1.107057E-04   4.088787E-02  -1.034061E+00   3.200599E-01  -1.600147E-02
           225      G     -6.367158E-04  -6.519419E-06   7.349047E-02  -9.052893E-04   1.536197E-01  -2.170603E-05
           226      G     -1.216015E-04   1.562161E-04   5.051914E-02  -1.277729E+00   2.533853E-01   3.551087E-04
           227      G     -4.706358E-04  -3.313121E-06   8.985171E-02  -8.461712E-04   5.925608E-01  -1.054719E-04
           228      G     -1.338831E-05  -4.600587E-04   5.675808E-02  -1.393635E+00   4.741434E-03  -2.308694E-04
           229      G     -2.297501E-05  -1.288315E-06   1.029689E-01  -1.153839E-04   5.384509E-03  -4.614928E-05
           230      G     -5.076750E-04   4.591451E-05   2.327727E-02  -5.958801E-01   6.289936E-01  -1.455832E-03
           231      G     -1.001937E-03  -2.359080E-05   4.182538E-02  -2.367426E-03   1.270678E+00  -2.166114E-03
           232      G      2.853416E-04  -1.227753E-04   4.184636E-02  -1.065832E+00  -3.282771E-01   1.565229E-02
           233      G      6.018448E-04  -3.530061E-07   7.551831E-02   8.666572E-07  -1.439974E-01  -9.585011E-06
           234      G      9.443383E-05   1.588318E-04   5.107941E-02  -1.294507E+00  -2.292481E-01  -5.349130E-04
           235      G      4.208899E-04  -5.419348E-07   9.089084E-02  -4.796397E-05  -5.522799E-01  -9.812179E-06
           236      G      5.084979E-04   5.638288E-05   2.371191E-02  -6.008685E-01  -6.828510E-01  -5.616272E-04
           237      G      8.277086E-04  -3.633209E-07   4.280881E-02  -2.355747E-05  -1.433285E+00   1.431260E-05
           238      G     -3.302290E-04   9.589905E-05   4.087644E-02   1.026347E+00   3.213856E-01   1.598074E-02
1                                                       **STUDENT EDITION*    APRIL  18, 2026  MSC Nastran  3/ 3/26   PAGE    34
     DEFAULT                                                                                                                        
0                                                                                                            SUBCASE 1              
      EIGENVALUE =  2.319757E+06
          CYCLES =  2.424049E+02         R E A L   E I G E N V E C T O R   N O .          3
 
      POINT ID.   TYPE          T1             T2             T3             R1             R2             R3
           239      G     -1.281976E-04  -1.615495E-04   5.051848E-02   1.273625E+00   2.529176E-01  -4.727063E-04
           240      G     -1.738064E-05   4.569819E-04   5.674961E-02   1.391774E+00   4.737616E-03   2.418841E-04
           241      G     -5.194582E-04  -6.715549E-05   2.328174E-02   5.826485E-01   6.260036E-01   7.201985E-04
           242      G      2.840579E-04   1.221431E-04   4.184224E-02   1.065207E+00  -3.282834E-01  -1.566155E-02
           243      G      9.222448E-05  -1.602669E-04   5.107349E-02   1.293311E+00  -2.290640E-01   5.090691E-04
           244      G      5.076534E-04  -5.698830E-05   2.370867E-02   6.004720E-01  -6.827955E-01   5.646309E-04
           300      G      1.770268E-05   1.442414E-05   3.811404E-04   1.705507E-03   6.737363E-04   1.357684E-03
           301      G      4.656334E-05   3.101475E-05   4.681684E-04   7.762069E-03   8.796087E-03   7.515711E-03
           302      G      2.533278E-06  -5.948014E-06   6.510050E-04   1.145950E-02   1.804385E-03  -1.476785E-03
           303      G     -1.048783E-04   3.558982E-04   1.221781E-03  -3.312597E-02  -3.092093E-02  -1.362610E-02
           304      G      1.999932E-05   1.141999E-04   5.455705E-04  -4.257288E-03  -1.117795E-02   1.505063E-02
           305      G      2.063712E-04   3.492131E-04   5.786807E-03  -9.803597E-02  -3.320949E-02  -2.554152E-02
           306      G      2.452301E-04   5.270552E-06   7.915181E-03  -6.406275E-03  -4.786437E-02   1.216652E-02
           307      G     -1.711848E-05   2.301499E-05   3.837886E-04   3.439875E-03  -5.411705E-04  -2.812877E-03
           308      G     -4.941913E-05   3.881862E-05   4.691385E-04   9.027399E-03  -1.011096E-02  -9.224112E-03
           309      G      1.421438E-04   4.378689E-04   1.232436E-03  -2.340522E-02   2.973352E-02   1.728100E-02
           310      G     -9.993018E-06   1.388448E-04   5.521508E-04   3.914321E-04   1.062405E-02  -1.756764E-02
           311      G     -2.314580E-04   3.985200E-04   5.827599E-03  -9.584487E-02   3.683204E-02   2.654298E-02
           312      G     -2.615136E-04  -2.368712E-06   7.929767E-03  -5.955438E-05   5.045741E-02  -5.599243E-05
           313      G      1.879689E-05  -3.698077E-05   3.820784E-04  -4.931481E-03   7.598737E-04  -2.606596E-03
           314      G      5.061045E-05  -5.571024E-05   4.684764E-04  -1.091314E-02   9.725868E-03  -9.059954E-03
           315      G     -2.149655E-06  -1.500606E-05   6.510235E-04  -1.387345E-02   3.397634E-05  -5.404637E-06
           316      G     -1.397972E-04  -4.403617E-04   1.227264E-03   2.317053E-02  -2.945416E-02   1.749967E-02
           317      G      1.203476E-05  -1.460001E-04   5.504344E-04  -9.234634E-04  -1.062199E-02  -1.738824E-02
           318      G      2.314157E-04  -3.996020E-04   5.817891E-03   9.742762E-02  -3.626715E-02   2.765761E-02
           319      G     -2.211998E-05  -3.451715E-05   3.832185E-04  -4.316095E-03  -6.615913E-04   2.626260E-03
           320      G     -5.477221E-05  -5.358659E-05   4.689373E-04  -1.049658E-02  -9.626376E-03   9.089960E-03
           321      G      1.375320E-04  -4.420291E-04   1.230850E-03   2.325021E-02   2.987963E-02  -1.737866E-02
           322      G     -1.470984E-05  -1.465907E-04   5.516186E-04  -1.046204E-03   1.065780E-02   1.740690E-02
           323      G     -2.332035E-04  -4.029896E-04   5.827046E-03   9.576274E-02   3.707140E-02  -2.661527E-02
           324      G      1.168053E-04   1.763245E-05  -4.783359E-03   1.079793E-01  -1.051417E-01   2.142055E-03
           325      G      1.935377E-04  -1.495206E-05  -7.444587E-03  -2.137455E-03  -3.786170E-02   1.793721E-04
           326      G      3.940203E-05  -2.160256E-05  -8.253233E-03   1.909836E-01  -9.052124E-02   8.915164E-05
           327      G      1.431878E-04  -1.282757E-05  -1.246099E-02  -2.142984E-03  -1.666312E-01  -1.245365E-04
           328      G     -6.260647E-06   6.825921E-05  -9.863877E-03   2.272410E-01   1.661337E-04   1.834193E-04
           329      G     -7.075079E-06  -1.063800E-05  -1.555836E-02  -1.266025E-03   1.155876E-03  -3.999593E-05
           330      G      1.339472E-04   6.011059E-05   7.402843E-04  -8.712411E-03  -2.246255E-01   4.915814E-03
           331      G      3.541942E-04  -2.198377E-05   2.753440E-04   3.786746E-04  -3.200578E-01  -2.164544E-03
           332      G     -1.298412E-04   2.775158E-05  -4.776554E-03   1.105775E-01   1.043827E-01  -2.081264E-03
           333      G     -2.099197E-04  -6.207767E-06  -7.473253E-03  -5.094531E-04   4.041515E-02  -5.706379E-05
           334      G     -5.009077E-05  -1.664308E-05  -8.251907E-03   1.918598E-01   9.203376E-02  -2.485880E-04
           335      G     -1.571300E-04  -8.529861E-06  -1.247995E-02  -9.176436E-04   1.656725E-01  -7.761448E-05
           336      G     -1.537784E-04   7.836333E-05   7.259998E-04  -3.945986E-03   2.249215E-01  -5.427890E-03
           337      G     -3.718685E-04  -4.109599E-06   2.658657E-04  -2.660403E-04   3.214126E-01  -6.228282E-05
           338      G      1.218986E-04  -4.543608E-05  -4.770836E-03  -1.102933E-01  -1.021584E-01  -1.914560E-03
           339      G      3.998726E-05  -3.151529E-06  -8.231168E-03  -1.916942E-01  -9.199249E-02  -1.299191E-04
           340      G     -5.301146E-06  -8.919180E-05  -9.855784E-03  -2.280345E-01   2.341880E-04   7.326622E-05
           341      G      1.502961E-04  -8.935767E-05   6.992115E-04   2.585007E-03  -2.247249E-01  -5.164359E-03
           342      G     -1.313809E-04  -3.961557E-05  -4.771710E-03  -1.110283E-01   1.043444E-01   2.062453E-03
           343      G     -5.060629E-05   1.655160E-07  -8.241712E-03  -1.924281E-01   9.174744E-02   1.324229E-04
1                                                       **STUDENT EDITION*    APRIL  18, 2026  MSC Nastran  3/ 3/26   PAGE    35
     DEFAULT                                                                                                                        
0                                                                                                            SUBCASE 1              
      EIGENVALUE =  2.319757E+06
          CYCLES =  2.424049E+02         R E A L   E I G E N V E C T O R   N O .          3
 
      POINT ID.   TYPE          T1             T2             T3             R1             R2             R3
           344      G     -1.556013E-04  -8.647230E-05   7.267850E-04   3.767285E-03   2.246799E-01   5.334218E-03
           400      G     -3.496427E-05   1.004714E-04   4.490189E-04   2.296731E-02  -3.916045E-03  -2.009151E-03
           401      G      1.065138E-05   4.456378E-04   4.159319E-04   7.631442E-02   9.519146E-03   3.868848E-03
           402      G      5.388224E-06   7.842571E-05   4.603962E-04   3.080818E-02  -7.852358E-06  -2.484613E-04
           403      G     -2.206613E-04   4.601008E-04   1.729207E-03  -1.241056E-02  -3.220794E-02  -1.585268E-02
           404      G     -9.119353E-05   8.086044E-05   8.427988E-04  -3.237751E-03  -9.749139E-05   6.573093E-03
           405      G      5.842517E-04   3.911066E-04   5.302306E-03  -1.204671E-01  -1.031295E-01  -1.541510E-02
           406      G      6.640954E-04  -1.796186E-05   6.988249E-03   7.855807E-05  -1.315634E-01   7.180239E-04
           407      G      4.794204E-05   1.082104E-04   4.554461E-04   2.290067E-02   4.196846E-03   1.617292E-03
           408      G      1.416797E-06   4.491432E-04   4.173191E-04   7.624217E-02  -9.370613E-03  -4.146064E-03
           409      G      2.364517E-04   4.830379E-04   1.747577E-03  -1.261612E-02   3.282449E-02   1.629081E-02
           410      G      1.066106E-04   9.463764E-05   8.558145E-04  -3.180831E-03   2.262920E-04  -6.485103E-03
           411      G     -5.796502E-04   4.125289E-04   5.325493E-03  -1.202211E-01   1.038287E-01   1.652820E-02
           412      G     -6.634422E-04  -3.329103E-06   7.001671E-03   2.358363E-05   1.319065E-01  -5.390108E-05
           413      G     -4.371114E-05  -1.291126E-04   4.543291E-04  -2.266702E-02  -4.167320E-03   1.710866E-03
           414      G      2.451692E-06  -4.707225E-04   4.163120E-04  -7.607928E-02   9.395148E-03  -4.079125E-03
           415      G     -2.046767E-06  -1.002308E-04   4.606396E-04  -3.069406E-02  -2.646373E-06  -2.880095E-05
           416      G     -2.308833E-04  -4.966197E-04   1.740493E-03   1.305483E-02  -3.252118E-02   1.627695E-02
           417      G     -1.018041E-04  -1.129540E-04   8.525134E-04   3.592790E-03  -1.475394E-04  -6.363438E-03
           418      G      5.814416E-04  -4.273038E-04   5.315469E-03   1.201012E-01  -1.036458E-01   1.662058E-02
           419      G      3.999217E-05  -1.226817E-04   4.553339E-04  -2.282089E-02   4.151730E-03  -1.736322E-03
           420      G     -6.407569E-06  -4.672723E-04   4.169924E-04  -7.613576E-02  -9.425620E-03   4.009828E-03
           421      G      2.282749E-04  -4.898864E-04   1.745658E-03   1.281371E-02   3.260570E-02  -1.640517E-02
           422      G      9.859396E-05  -1.053188E-04   8.549896E-04   3.438536E-03   1.849308E-04   6.362372E-03
           423      G     -5.836705E-04  -4.191872E-04   5.325110E-03   1.202228E-01   1.036327E-01  -1.662802E-02
           424      G      2.245333E-04   1.615617E-04  -2.418374E-02   6.274644E-01  -2.824103E-01   9.540599E-03
           425      G      5.877819E-04  -1.433325E-05  -4.527904E-02   1.457007E-04  -1.189425E-01  -4.301488E-05
           426      G      9.229475E-05   8.315301E-06  -3.294538E-02   8.252873E-01  -2.300447E-01   8.582456E-05
           427      G      4.166203E-04  -1.253716E-05  -5.932339E-02   7.454575E-05  -5.152308E-01  -7.376010E-05
           428      G      3.043792E-06   4.050946E-04  -3.813148E-02   9.830727E-01   1.675591E-05  -1.033973E-05
           429      G      4.294938E-07  -1.079568E-05  -7.083088E-02   7.776968E-05   1.453504E-04  -6.379900E-05
           430      G      3.326359E-04   8.039112E-05  -8.820889E-03   2.626149E-01  -5.613221E-01   8.212132E-03
           431      G      9.649131E-04  -1.644409E-05  -1.921887E-02   3.462047E-04  -1.050905E+00  -2.453552E-04
           432      G     -2.189703E-04   1.688741E-04  -2.417619E-02   6.275013E-01   2.825018E-01  -9.640064E-03
           433      G     -5.874280E-04  -7.274057E-06  -4.527314E-02   2.937219E-05   1.193000E-01  -6.225605E-05
           434      G     -8.655798E-05   1.163960E-05  -3.294192E-02   8.252765E-01   2.303099E-01  -2.197847E-04
           435      G     -4.157785E-04  -9.025797E-06  -5.932086E-02   5.480610E-05   5.152432E-01  -6.846069E-05
           436      G     -3.278283E-04   9.303844E-05  -8.809080E-03   2.627700E-01   5.616879E-01  -8.427913E-03
           437      G     -9.648482E-04  -5.313218E-06  -1.920866E-02   2.682122E-05   1.051224E+00  -7.623619E-05
           438      G      2.204618E-04  -1.900902E-04  -2.418053E-02  -6.275365E-01  -2.823239E-01  -9.606567E-03
           439      G      8.825500E-05  -3.330357E-05  -3.294377E-02  -8.252246E-01  -2.302262E-01  -1.982477E-04
           440      G     -1.027274E-06  -4.267258E-04  -3.813161E-02  -9.829997E-01   3.927133E-05  -2.393929E-05
           441      G      3.292402E-04  -1.126725E-04  -8.817217E-03  -2.630378E-01  -5.615054E-01  -8.342626E-03
           442      G     -2.228848E-04  -1.833786E-04  -2.417615E-02  -6.274518E-01   2.825214E-01   9.558912E-03
           443      G     -9.045504E-05  -2.980131E-05  -3.294215E-02  -8.252214E-01   2.302791E-01   1.074008E-04
           444      G     -3.318148E-04  -1.037007E-04  -8.807983E-03  -2.628131E-01   5.617144E-01   8.310956E-03
           445      G     -6.181421E-04   1.246834E-03   1.863920E-03  -5.282145E-02  -2.603781E-02  -3.217445E-02
           446      G     -4.734666E-04   3.917556E-04   9.938223E-04  -3.067198E-02  -2.856265E-02   6.573719E-03
           447      G     -2.889381E-04   8.665864E-05   5.475320E-04  -2.768194E-02  -8.277981E-03   8.326120E-03
           448      G     -1.228345E-04  -4.336859E-05   4.418830E-04  -2.737774E-02   1.325170E-03   6.531346E-03
1                                                       **STUDENT EDITION*    APRIL  18, 2026  MSC Nastran  3/ 3/26   PAGE    36
     DEFAULT                                                                                                                        
0                                                                                                            SUBCASE 1              
      EIGENVALUE =  2.319757E+06
          CYCLES =  2.424049E+02         R E A L   E I G E N V E C T O R   N O .          3
 
      POINT ID.   TYPE          T1             T2             T3             R1             R2             R3
           449      G      8.907469E-06  -8.319471E-05   4.628593E-04  -1.011281E-02   5.004321E-05  -1.076956E-04
           450      G     -3.957214E-05   9.237606E-04   5.120790E-03  -7.474456E-02  -7.286508E-02  -4.965820E-02
           451      G      6.853658E-05  -1.548641E-05   6.615587E-03  -2.234759E-04  -1.046586E-01  -7.949685E-05
           452      G      6.384385E-04   1.263742E-03   1.883209E-03  -5.265353E-02   2.617869E-02   3.233281E-02
           453      G      4.929362E-04   4.021380E-04   1.007044E-03  -3.065018E-02   2.883645E-02  -6.734614E-03
           454      G      3.080708E-04   9.306549E-05   5.546456E-04  -2.777879E-02   8.468693E-03  -8.404625E-03
           455      G      1.409122E-04  -4.031401E-05   4.447092E-04  -2.740687E-02  -1.215616E-03  -6.750747E-03
           456      G      5.243992E-05   9.385908E-04   5.141479E-03  -7.472778E-02   7.351080E-02   4.972180E-02
           457      G     -6.111908E-05  -3.611017E-06   6.628358E-03   2.315286E-07   1.051166E-01  -4.985062E-05
           458      G     -6.302663E-04  -1.280568E-03   1.875703E-03   5.258308E-02  -2.609048E-02   3.225743E-02
           459      G     -4.850717E-04  -4.205885E-04   1.003103E-03   3.055968E-02  -2.870969E-02  -6.724569E-03
           460      G     -3.006551E-04  -1.119361E-04   5.528437E-04   2.766452E-02  -8.420509E-03  -8.349336E-03
           461      G     -1.336114E-04   2.136615E-05   4.438563E-04   2.732879E-02   1.223341E-03  -6.666389E-03
           462      G     -1.113242E-06   6.428896E-05   4.629106E-04   1.006520E-02   1.159377E-05  -4.209145E-05
           463      G     -4.502231E-05  -9.561664E-04   5.132437E-03   7.468394E-02  -7.314040E-02   4.964963E-02
           464      G      6.291451E-04  -1.271208E-03   1.881325E-03   5.262171E-02   2.617588E-02  -3.244885E-02
           465      G      4.836126E-04  -4.124053E-04   1.006072E-03   3.058843E-02   2.880120E-02   6.628883E-03
           466      G      2.987727E-04  -1.062255E-04   5.542700E-04   2.773352E-02   8.459654E-03   8.270265E-03
           467      G      1.314333E-04   2.432069E-05   4.444944E-04   2.736189E-02  -1.208752E-03   6.595109E-03
           468      G      4.775792E-05  -9.459541E-04   5.140859E-03   7.476680E-02   7.351253E-02  -4.983410E-02
           469      G     -2.211478E-04   9.062943E-04   3.375017E-03  -8.259156E-02  -4.894065E-02   3.436535E-02
           470      G     -1.676291E-04   3.907140E-04   2.427443E-03  -9.635198E-02  -2.398131E-02   1.163856E-02
           471      G     -1.055151E-04   4.295326E-05   1.927047E-03  -7.040278E-02  -8.799791E-03   7.915811E-03
           472      G     -4.794063E-05  -5.885514E-05   1.791938E-03  -6.744798E-02  -2.960107E-03   2.335323E-03
           473      G      7.703570E-06  -8.412197E-05   1.675974E-03  -6.358590E-02   4.687606E-05  -5.030505E-05
           474      G      3.285393E-05   2.310993E-04   4.091805E-03  -4.744983E-02  -7.363366E-03   1.794036E-02
           475      G      4.266241E-05   3.859063E-05   3.868918E-03  -8.451111E-02  -1.996922E-03   4.255164E-03
           476      G      2.312189E-05  -5.542247E-05   3.710689E-03  -7.685137E-02  -5.537296E-03   2.552854E-03
           477      G      6.292980E-06  -7.176665E-05   3.562273E-03  -7.761571E-02   7.049361E-05  -6.347576E-05
           478      G      3.260644E-05   3.593274E-04   6.262192E-03  -3.831666E-02  -8.658801E-02   1.334312E-02
           479      G      1.592890E-04   1.543716E-04   5.211619E-03  -5.298949E-02   1.118871E-02   2.576394E-03
           480      G      1.205865E-04   6.379622E-06   5.372551E-03  -4.729828E-02   6.185562E-03   3.085861E-03
           481      G      6.691067E-05  -3.350863E-05   5.261650E-03  -5.186494E-02  -5.465791E-03   1.238667E-03
           482      G      1.671621E-04  -1.430672E-05   5.634381E-03  -1.013674E-04   1.676461E-02  -5.126720E-05
           483      G      1.532712E-04  -1.258032E-05   5.913144E-03  -4.374145E-05   1.611574E-02  -6.297007E-05
           484      G      8.157060E-05  -1.095830E-05   5.872276E-03   4.604774E-06  -1.069605E-02  -6.004473E-05
           485      G      4.940738E-06  -4.627430E-05   5.103200E-03  -4.757477E-02   7.523798E-05  -5.991081E-05
           486      G      3.656957E-06  -9.412712E-06   5.662419E-03   2.988797E-05   6.836695E-05  -5.822565E-05
           487      G      2.372571E-04   9.213976E-04   3.394242E-03  -8.272636E-02   4.931260E-02  -3.462350E-02
           488      G      1.834819E-04   4.011581E-04   2.439975E-03  -9.638818E-02   2.417170E-02  -1.178265E-02
           489      G      1.211260E-04   4.915393E-05   1.934802E-03  -7.037327E-02   8.952923E-03  -8.071550E-03
           490      G      6.345381E-05  -5.590203E-05   1.795293E-03  -6.745194E-02   3.114476E-03  -2.443835E-03
           491      G     -2.032619E-05   2.410005E-04   4.102958E-03  -4.731941E-02   7.512961E-03  -1.811310E-02
           492      G     -3.015978E-05   4.479488E-05   3.876189E-03  -8.450011E-02   2.128472E-03  -4.382457E-03
           493      G     -1.057051E-05  -5.245074E-05   3.714277E-03  -7.685912E-02   5.671244E-03  -2.679573E-03
           494      G     -2.251888E-05   3.724000E-04   6.280030E-03  -3.808324E-02   8.712811E-02  -1.348507E-02
           495      G     -1.496293E-04   1.640026E-04   5.220826E-03  -5.291655E-02  -1.105503E-02  -2.699394E-03
           496      G     -1.108413E-04   1.249437E-05   5.379117E-03  -4.724838E-02  -6.099542E-03  -3.211473E-03
           497      G     -5.707366E-05  -3.050695E-05   5.265292E-03  -5.186204E-02   5.596159E-03  -1.359930E-03
           498      G     -1.599794E-04  -5.105245E-06   5.641109E-03   8.183445E-06  -1.667794E-02  -5.502912E-05
1                                                       **STUDENT EDITION*    APRIL  18, 2026  MSC Nastran  3/ 3/26   PAGE    37
     DEFAULT                                                                                                                        
0                                                                                                            SUBCASE 1              
      EIGENVALUE =  2.319757E+06
          CYCLES =  2.424049E+02         R E A L   E I G E N V E C T O R   N O .          3
 
      POINT ID.   TYPE          T1             T2             T3             R1             R2             R3
           499      G     -1.461034E-04  -6.549416E-06   5.918365E-03   1.990908E-05  -1.607238E-02  -5.391083E-05
           500      G     -7.429954E-05  -7.952359E-06   5.875518E-03   3.077987E-05   1.080691E-02  -5.575372E-05
           501      G     -2.296308E-04  -9.389486E-04   3.385801E-03   8.267686E-02  -4.908967E-02  -3.456261E-02
           502      G     -1.759804E-04  -4.196272E-04   2.435379E-03   9.634379E-02  -2.409370E-02  -1.176748E-02
           503      G     -1.136359E-04  -6.811456E-05   1.931587E-03   7.033300E-02  -8.925062E-03  -8.072720E-03
           504      G     -5.585687E-05   3.699979E-05   1.792907E-03   6.737506E-02  -3.088999E-03  -2.457298E-03
           505      G      1.221644E-07   6.531590E-05   1.674932E-03   6.352408E-02   1.817403E-05  -5.701486E-05
           506      G      2.762875E-05  -2.597611E-04   4.098691E-03   4.733447E-02  -7.466003E-03  -1.808774E-02
           507      G      3.750137E-05  -6.374816E-05   3.872203E-03   8.443861E-02  -2.133452E-03  -4.378543E-03
           508      G      1.803881E-05   3.355022E-05   3.710743E-03   7.681883E-02  -5.633826E-03  -2.675863E-03
           509      G      1.313670E-06   5.296830E-05   3.560608E-03   7.759985E-02   3.482148E-05  -5.432516E-05
           510      G      2.992861E-05  -3.909570E-04   6.270021E-03   3.800474E-02  -8.672561E-02  -1.346098E-02
           511      G      1.568021E-04  -1.829477E-04   5.215847E-03   5.280305E-02   1.109948E-02  -2.697314E-03
           512      G      1.180519E-04  -3.154313E-05   5.374356E-03   4.721513E-02   6.103005E-03  -3.208717E-03
           513      G      6.438941E-05   1.160619E-05   5.261498E-03   5.186373E-02  -5.525184E-03  -1.359055E-03
           514      G      2.454381E-06   2.745727E-05   5.101995E-03   4.761606E-02   5.417047E-05  -5.617232E-05
           515      G      2.302391E-04  -9.287872E-04   3.392602E-03   8.276614E-02   4.931151E-02   3.452471E-02
           516      G      1.764319E-04  -4.114256E-04   2.438662E-03   9.640286E-02   2.416776E-02   1.167830E-02
           517      G      1.139863E-04  -6.229819E-05   1.933637E-03   7.034934E-02   8.961589E-03   7.972134E-03
           518      G      5.613706E-05   3.997887E-05   1.794036E-03   6.740205E-02   3.122662E-03   2.344213E-03
           519      G     -2.502066E-05  -2.512295E-04   4.102138E-03   4.733754E-02   7.534399E-03   1.800757E-02
           520      G     -3.491762E-05  -5.790954E-05   3.874876E-03   8.450326E-02   2.153195E-03   4.274319E-03
           521      G     -1.542521E-05   3.654942E-05   3.712485E-03   7.685243E-02   5.686912E-03   2.568392E-03
           522      G     -2.486963E-05  -3.796833E-04   6.279917E-03   3.809504E-02   8.713014E-02   1.337637E-02
           523      G     -1.520092E-04  -1.742147E-04   5.220445E-03   5.293307E-02  -1.103865E-02   2.589996E-03
           524      G     -1.132422E-04  -2.559636E-05   5.378263E-03   4.727752E-02  -6.077562E-03   3.101257E-03
           525      G     -5.951612E-05   1.460514E-05   5.264030E-03   5.190385E-02   5.605453E-03   1.247340E-03
          1000      G      3.687243E-06   1.923015E-03   1.510210E-03   1.522963E-01   3.654260E-05   1.331191E-03
          1001      G      8.858143E-04  -4.449438E-04   3.965681E-04  -3.644832E-03  -3.976894E-04   3.949791E-01
          1002      G      1.750058E-03   2.958652E-04   3.388252E-04  -1.382229E-03  -3.064573E-04   8.258869E-01
          1003      G      2.829214E-06  -8.681332E-04   1.286617E+00  -4.856819E+01   2.705467E-04  -2.481190E-05
          1004      G      1.997963E-03  -8.532600E-04   1.164510E+00  -4.175995E+01   7.129192E+00   2.272523E-02
          1005      G      3.253739E-03  -9.211382E-04   8.788889E-01  -3.255455E+01   1.339428E+01   6.226598E-02
          1006      G      1.293469E-06  -3.130421E-07   2.404894E+00  -2.431357E-05   3.099588E-05  -3.094617E-05
          1007      G      4.682573E-03  -1.253157E-06   2.095711E+00  -1.396874E-05   2.356597E+01  -2.909765E-05
          1008      G      1.119261E-02  -1.412446E-06   1.649032E+00  -1.114015E-04   3.669001E+00  -3.238193E-05
          1009      G      1.120890E-03  -3.983426E-04   1.493404E-04   4.193771E-04  -1.156641E-03   6.921696E-01
          1010      G     -8.177331E-04   6.466059E-04   5.462672E-05  -2.705296E-04  -2.414426E-04  -3.567640E-01
          1011      G      5.812274E-03  -3.781826E-04   4.138070E-01  -1.543548E+01   2.026496E+01   8.892791E-02
          1012      G      8.025516E-03   1.872856E-03   2.237234E-02   1.896256E+00   3.337995E+00  -1.006327E+01
          1013      G      1.125755E-02  -3.094400E-06   8.444192E-01  -7.310620E-04   5.071214E+01  -7.132045E-05
          1014      G      1.299907E-02  -4.696906E-06   3.164521E-02  -1.441081E-03   4.223439E+00  -3.278854E-03
          1015      G     -8.781142E-04  -4.449718E-04   3.969367E-04  -3.647244E-03   3.996872E-04  -3.912460E-01
          1016      G     -1.742288E-03   2.986850E-04   3.392432E-04  -1.384192E-03   3.084463E-04  -8.221191E-01
          1017      G     -1.992559E-03  -8.521743E-04   1.164521E+00  -4.176029E+01  -7.128926E+00  -2.279434E-02
          1018      G     -3.248343E-03  -9.170636E-04   8.789106E-01  -3.255524E+01  -1.339381E+01  -6.231302E-02
          1019      G     -4.679931E-03   1.557464E-07   2.095730E+00  -3.307093E-05  -2.356474E+01  -2.347207E-05
          1020      G     -1.118965E-02   5.319012E-07   1.649069E+00  -7.873526E-05  -3.669003E+00  -2.723009E-05
          1021      G     -1.114258E-03  -3.852849E-04   1.484990E-04   4.415374E-04   1.159594E-03  -6.929033E-01
          1022      G      8.285048E-04   6.421903E-04   5.383750E-05  -2.533125E-04   2.409175E-04   3.585347E-01
1                                                       **STUDENT EDITION*    APRIL  18, 2026  MSC Nastran  3/ 3/26   PAGE    38
     DEFAULT                                                                                                                        
0                                                                                                            SUBCASE 1              
      EIGENVALUE =  2.319757E+06
          CYCLES =  2.424049E+02         R E A L   E I G E N V E C T O R   N O .          3
 
      POINT ID.   TYPE          T1             T2             T3             R1             R2             R3
          1023      G     -5.804197E-03  -3.752438E-04   4.138386E-01  -1.543658E+01  -2.026464E+01  -8.898913E-02
          1024      G     -8.017077E-03   1.880489E-03   2.241222E-02   1.894795E+00  -3.337729E+00   1.006135E+01
          1025      G     -1.125532E-02   9.740986E-07   8.444626E-01  -8.273750E-05  -5.071172E+01  -1.963625E-05
          1026      G     -1.299745E-02   1.401758E-06   3.168994E-02  -5.589458E-06  -4.223750E+00   7.190670E-04
          1027      G     -9.269222E-07  -1.923871E-03   1.511054E-03  -1.523835E-01  -1.027198E-05   1.693607E-04
          1028      G      8.800918E-04   4.437357E-04   3.967435E-04   3.648286E-03  -4.009048E-04  -3.926899E-01
          1029      G      1.743746E-03  -2.986746E-04   3.390837E-04   1.385857E-03  -3.096823E-04  -8.233043E-01
          1030      G     -1.259165E-07   8.675126E-04   1.286618E+00   4.856808E+01   2.555152E-04  -1.886634E-05
          1031      G      1.994833E-03   8.516303E-04   1.164511E+00   4.175972E+01   7.129156E+00  -2.280564E-02
          1032      G      3.250189E-03   9.156699E-04   8.788927E-01   3.255428E+01   1.339409E+01  -6.233143E-02
          1033      G      1.115450E-03   3.825531E-04   1.479692E-04  -4.377632E-04  -1.158140E-03  -6.938802E-01
          1034      G     -8.281425E-04  -6.426384E-04   5.327231E-05   2.578548E-04  -2.389460E-04   3.580398E-01
          1035      G      5.805670E-03   3.737271E-04   4.138227E-01   1.543567E+01   2.026420E+01  -8.900686E-02
          1036      G      8.018581E-03  -1.883063E-03   2.239982E-02  -1.895617E+00   3.337993E+00   1.005963E+01
          1037      G     -8.821062E-04   4.449294E-04   3.969613E-04   3.647849E-03   3.986594E-04   3.929831E-01
          1038      G     -1.745983E-03  -2.989817E-04   3.392403E-04   1.384375E-03   3.074240E-04   8.237079E-01
          1039      G     -1.995149E-03   8.521945E-04   1.164522E+00   4.176021E+01  -7.128884E+00   2.275564E-02
          1040      G     -3.250512E-03   9.179679E-04   8.789124E-01   3.255523E+01  -1.339380E+01   6.227448E-02
          1041      G     -1.117829E-03   3.870997E-04   1.482608E-04  -4.411256E-04   1.158941E-03   6.944893E-01
          1042      G     -5.806071E-03   3.769417E-04   4.138405E-01   1.543658E+01  -2.026465E+01   8.894814E-02
          1043      G     -8.018897E-03  -1.877598E-03   2.241220E-02  -1.894872E+00  -3.337872E+00  -1.006012E+01
          1044      G      8.249682E-04  -6.393721E-04   5.358347E-05   2.536917E-04   2.402982E-04  -3.569625E-01
          2000      G      8.930956E-06  -7.066792E-05   1.054094E-03   3.458861E-02  -2.058054E-05   5.089058E-03
          2001      G     -1.585494E-05  -3.074779E-04   2.767105E-04  -7.271424E-04  -1.526248E-04  -5.281843E-02
          2002      G      1.322422E-05   4.493664E-04   2.772016E-04  -3.969176E-04  -1.570159E-04  -3.830843E-02
          2003      G      1.117252E-05  -1.842723E-04   5.581788E-02  -2.057242E+00   9.379634E-03   4.998310E-05
          2004      G      1.674307E-04  -3.989904E-05   5.090150E-02  -1.794240E+00   2.601044E-01   3.325235E-03
          2005      G      2.120436E-04  -4.225312E-06   4.008702E-02  -1.443508E+00   5.203515E-01   3.951768E-03
          2006      G      1.895528E-05  -4.102697E-07   1.029729E-01  -1.154595E-04   5.385692E-03   3.476053E-06
          2007      G      2.520580E-04  -8.833439E-07   9.075405E-02  -4.947862E-04   9.083427E-01   2.003993E-05
          2008      G      5.394893E-04   5.945046E-07   7.349204E-02  -9.055252E-04   1.536840E-01   2.185017E-05
          2009      G     -2.752614E-06   2.162200E-04   1.486329E-04  -1.695633E-04  -6.712598E-05   1.209916E-01
          2010      G     -2.536879E-04  -1.337176E-04   1.451895E-04  -3.078390E-04   5.905601E-05  -1.940701E-02
          2011      G      2.185519E-04   3.725333E-05   2.236815E-02  -7.840290E-01   7.563040E-01   6.290417E-03
          2012      G      3.800968E-04   2.480600E-04   7.327737E-03  -1.148736E-01   1.588987E-01   4.957477E-01
          2013      G      6.281540E-04   3.242877E-07   4.211906E-02  -4.957550E-03   1.979069E+00   5.413081E-07
          2014      G      6.985203E-04   1.126434E-06   1.028757E-02  -6.853406E-03   1.719102E-01   4.550854E-03
          2015      G      3.225112E-05  -3.074994E-04   2.771628E-04  -7.322083E-04   1.537024E-04   6.086039E-02
          2016      G     -4.994093E-08   4.520610E-04   2.777210E-04  -3.978473E-04   1.590085E-04   4.474182E-02
          2017      G     -1.447206E-04  -3.868980E-05   5.145496E-02  -1.813970E+00  -2.396029E-01  -3.250032E-03
          2018      G     -1.920814E-04  -4.085219E-07   4.102016E-02  -1.481279E+00  -5.187065E-01  -3.783195E-03
          2019      G     -2.175203E-04  -4.798869E-07   9.180606E-02  -1.033205E-04  -8.503187E-01   4.787454E-06
          2020      G     -4.998675E-04  -3.727661E-07   7.551937E-02   8.353970E-07  -1.440741E-01   2.661254E-06
          2021      G      7.204445E-06   2.268052E-04   1.477940E-04  -1.449066E-04   7.366320E-05  -1.229908E-01
          2022      G      2.622113E-04  -1.419501E-04   1.444539E-04  -2.922648E-04  -5.683619E-05   1.979716E-02
          2023      G     -1.971211E-04   3.774540E-05   2.285114E-02  -7.944412E-01  -7.852327E-01  -5.980532E-03
          2024      G     -3.661471E-04   2.401022E-04   7.362497E-03  -9.394511E-02  -1.540963E-01  -4.511165E-01
          2025      G     -5.915916E-04  -4.391566E-07   4.313211E-02  -4.608366E-05  -2.052605E+00   3.463822E-06
          2026      G     -6.565469E-04  -5.127252E-07   1.027243E-02  -1.132796E-04  -1.622784E-01  -3.357317E-04
          2027      G      1.012350E-05   6.980140E-05   1.054597E-03  -3.485962E-02   4.693311E-05  -5.826959E-03
1                                                       **STUDENT EDITION*    APRIL  18, 2026  MSC Nastran  3/ 3/26   PAGE    39
     DEFAULT                                                                                                                        
0                                                                                                            SUBCASE 1              
      EIGENVALUE =  2.319757E+06
          CYCLES =  2.424049E+02         R E A L   E I G E N V E C T O R   N O .          3
 
      POINT ID.   TYPE          T1             T2             T3             R1             R2             R3
          2028      G     -1.428480E-05   3.062965E-04   2.768744E-04   7.297240E-04  -1.557942E-04   5.142121E-02
          2029      G      1.634306E-05  -4.519373E-04   2.774558E-04   3.992452E-04  -1.600813E-04   3.613887E-02
          2030      G      1.237980E-05   1.832281E-04   5.580158E-02   2.053959E+00   9.286623E-03  -4.744206E-05
          2031      G      1.692002E-04   3.868264E-05   5.088269E-02   1.788876E+00   2.606263E-01  -3.332055E-03
          2032      G      2.137310E-04   1.427903E-06   4.007272E-02   1.434700E+00   5.191142E-01  -3.901156E-03
          2033      G      3.249637E-06  -2.256176E-04   1.472486E-04   1.499349E-04  -6.868102E-05  -1.284490E-01
          2034      G     -2.537846E-04   1.483977E-04   1.439889E-04   2.983400E-04   6.182655E-05   1.554606E-02
          2035      G      2.177884E-04  -3.515042E-05   2.240627E-02   7.732150E-01   7.540422E-01  -6.200509E-03
          2036      G      3.812380E-04  -2.453382E-04   7.377762E-03   9.625487E-02   1.602094E-01  -4.536055E-01
          2037      G      3.316228E-05   3.073928E-04   2.771851E-04   7.328338E-04   1.527116E-04  -6.158395E-02
          2038      G      8.063410E-07  -4.524925E-04   2.777183E-04   3.984808E-04   1.580511E-04  -4.543795E-02
          2039      G     -1.438649E-04   3.798076E-05   5.144363E-02   1.811977E+00  -2.392494E-01   3.251526E-03
          2040      G     -1.915343E-04  -2.002837E-07   4.101238E-02   1.480052E+00  -5.187120E-01   3.789875E-03
          2041      G      8.080226E-06  -2.272576E-04   1.475547E-04   1.453521E-04   7.301715E-05   1.223439E-01
          2042      G      2.629271E-04   1.405296E-04   1.441956E-04   2.924867E-04  -5.734378E-05  -2.034822E-02
          2043      G     -1.967690E-04  -3.860629E-05   2.284606E-02   7.938100E-01  -7.850590E-01   5.989549E-03
          2044      G     -3.658417E-04  -2.410908E-04   7.361201E-03   9.375469E-02  -1.539567E-01   4.505487E-01
          3000      G      1.654446E-06  -9.305366E-05   6.048945E-04   1.144784E-02   1.804102E-03  -6.126561E-03
          3001      G     -3.641098E-06  -2.936867E-05   4.367006E-04   7.769799E-03   8.796741E-03  -6.749543E-02
          3002      G     -5.507170E-06   2.326556E-06   3.741143E-04   1.704341E-03   6.739526E-04  -1.561952E-02
          3003      G      2.553108E-06  -1.680826E-05  -7.698283E-03   3.439332E-01  -4.282741E-04   2.706110E-05
          3004      G      4.454620E-06  -7.927427E-06  -6.325884E-03   2.672523E-01  -8.168299E-02   2.473009E-04
          3005      G      1.154959E-05   2.736804E-05  -3.285763E-03   1.723097E-01  -1.325542E-01   8.254327E-05
          3006      G      2.165222E-06  -5.521806E-07  -1.555872E-02  -1.266020E-03   1.155919E-03   2.468605E-05
          3007      G     -3.086853E-05   1.054938E-06  -1.217194E-02  -1.507974E-03  -2.527584E-01   2.278276E-05
          3008      G     -9.947013E-05   2.066146E-06  -7.444527E-03  -2.137430E-03  -3.786455E-02   8.786086E-06
          3009      G      3.242973E-05   9.561031E-05   5.405325E-04  -4.260092E-03  -1.117575E-02   3.591819E-02
          3010      G      9.655346E-05   1.645978E-04   1.231082E-03  -3.311624E-02  -3.093138E-02   2.390282E-01
          3011      G     -1.365997E-05   6.124688E-05   1.527111E-03   1.916287E-02  -2.162022E-01  -5.057809E-04
          3012      G     -5.604821E-05   5.732907E-05   5.653389E-03  -9.803887E-02  -3.321804E-02   5.604664E-01
          3013      G     -9.748094E-05   2.700036E-06   2.606708E-04  -2.039139E-03  -4.680091E-01   1.627542E-05
          3014      G     -1.312020E-04   4.195337E-06   7.723067E-03  -6.405283E-03  -4.786038E-02   1.381620E-02
          3015      G      6.726269E-06  -3.163831E-05   4.326297E-04   9.035171E-03  -1.011157E-02   7.738820E-02
          3016      G      9.987398E-06  -2.885394E-06   3.698184E-04   3.438763E-03  -5.412667E-04   1.849202E-02
          3017      G      9.549271E-07  -1.048271E-05  -6.335505E-03   2.683529E-01   8.295549E-02  -1.833220E-04
          3018      G     -5.484711E-06   2.157490E-05  -3.282283E-03   1.750149E-01   1.320641E-01  -3.423496E-05
          3019      G      3.554140E-05  -1.342720E-06  -1.219188E-02  -7.957253E-04   2.498863E-01   1.763952E-05
          3020      G      1.034775E-04  -2.150686E-06  -7.473194E-03  -5.094336E-04   4.041802E-02   1.294123E-05
          3021      G     -2.415317E-05   8.485453E-05   5.296293E-04   3.880075E-04   1.062166E-02  -3.202441E-02
          3022      G     -8.472924E-05   1.536296E-04   1.207654E-03  -2.339732E-02   2.974327E-02  -2.505957E-01
          3023      G      1.902181E-05   5.330277E-05   1.517365E-03   2.280137E-02   2.158135E-01   4.830954E-04
          3024      G      5.977974E-05   5.125288E-05   5.679669E-03  -9.584909E-02   3.684051E-02  -5.804271E-01
          3025      G      1.016024E-04  -2.450388E-06   2.448237E-04  -3.013077E-04   4.672460E-01   6.095497E-06
          3026      G      1.355273E-04  -2.642328E-06   7.727276E-03  -5.960653E-05   5.045336E-02  -3.172293E-04
          3027      G      3.359750E-06   9.132244E-05   5.952601E-04  -1.386191E-02   3.402200E-05  -2.610767E-03
          3028      G     -1.634741E-06   2.977024E-05   4.244181E-04  -1.092092E-02   9.726450E-03   7.374783E-02
          3029      G     -4.675533E-06   8.336295E-07   3.621437E-04  -4.930641E-03   7.599669E-04   1.733983E-02
          3030      G      2.923765E-06   1.579565E-05  -7.705542E-03  -3.438243E-01  -2.079660E-04   2.303670E-05
          3031      G      4.164088E-06   9.199846E-06  -6.334606E-03  -2.676940E-01  -8.226558E-02  -1.803250E-04
          3032      G      1.042390E-05  -2.254094E-05  -3.286160E-03  -1.739188E-01  -1.320355E-01  -1.581237E-05
1                                                       **STUDENT EDITION*    APRIL  18, 2026  MSC Nastran  3/ 3/26   PAGE    40
     DEFAULT                                                                                                                        
0                                                                                                            SUBCASE 1              
      EIGENVALUE =  2.319757E+06
          CYCLES =  2.424049E+02         R E A L   E I G E N V E C T O R   N O .          3
 
      POINT ID.   TYPE          T1             T2             T3             R1             R2             R3
          3033      G      2.961969E-05  -8.604557E-05   5.257918E-04  -9.199349E-04  -1.061965E-02  -3.391232E-02
          3034      G      9.015616E-05  -1.534019E-04   1.202650E-03   2.316236E-02  -2.946389E-02  -2.512425E-01
          3035      G     -1.436709E-05  -5.348638E-05   1.509985E-03  -2.263952E-02  -2.155687E-01   4.981203E-04
          3036      G     -5.533186E-05  -5.151362E-05   5.672240E-03   9.743180E-02  -3.627574E-02  -5.882338E-01
          3037      G      8.361468E-06   2.856806E-05   4.265425E-04  -1.050437E-02  -9.626883E-03  -7.881986E-02
          3038      G      1.115614E-05  -1.628839E-06   3.657452E-04  -4.315076E-03  -6.616585E-04  -2.186482E-02
          3039      G      1.398699E-06   7.520591E-06  -6.337967E-03  -2.684156E-01   8.269323E-02   2.230729E-04
          3040      G     -5.096554E-06  -2.576330E-05  -3.285181E-03  -1.750836E-01   1.322573E-01   6.272472E-05
          3041      G     -2.353819E-05  -8.991047E-05   5.264090E-04  -1.042799E-03   1.065546E-02   2.965910E-02
          3042      G     -8.462819E-05  -1.600443E-04   1.204861E-03   2.324214E-02   2.988950E-02   2.489344E-01
          3043      G      1.924772E-05  -5.851108E-05   1.514972E-03  -2.275350E-02   2.156776E-01  -4.685235E-04
          3044      G      5.995281E-05  -5.656288E-05   5.678158E-03   9.576687E-02   3.707992E-02   5.797534E-01
          4000      G      7.543333E-06  -1.536945E-04   3.347556E-04   3.080713E-02  -7.820081E-06   1.353488E-03
          4001      G     -2.620103E-05  -1.489217E-04   1.074389E-04   7.636521E-02   9.523863E-03  -5.998693E-02
          4002      G     -6.209008E-05  -7.372815E-05   3.553764E-04   2.298322E-02  -3.917218E-03   4.010311E-03
          4003      G      4.617470E-06  -5.826199E-05  -3.787355E-02   1.452455E+00   5.448613E-05  -7.435205E-05
          4004      G     -3.863772E-05  -3.726959E-05  -3.395625E-02   1.194503E+00  -2.407258E-01  -1.031799E-04
          4005      G     -5.113511E-05  -8.549136E-06  -2.385794E-02   9.167001E-01  -4.664108E-01  -1.125067E-03
          4006      G      1.589516E-06  -1.141656E-05  -7.083429E-02   7.776420E-05   1.453510E-04  -7.272888E-05
          4007      G     -1.192119E-04  -1.346021E-05  -6.030672E-02   5.924060E-05  -7.980123E-01  -7.374631E-05
          4008      G     -3.189144E-04  -1.549760E-05  -4.528021E-02   1.456891E-04  -1.190010E-01  -7.378009E-05
          4009      G     -2.691758E-05   7.026430E-05   8.558487E-04  -3.250821E-03  -7.826236E-05   2.664026E-02
          4010      G      3.628940E-05   3.532400E-05   1.653088E-03  -1.241296E-02  -3.220523E-02   2.747892E-01
          4011      G     -1.415956E-04   9.641666E-06  -8.056199E-03   3.939420E-01  -6.701249E-01  -1.689564E-03
          4012      G     -2.250051E-04  -8.833597E-06   4.885770E-03  -1.204961E-01  -1.031806E-01   6.925270E-01
          4013      G     -3.027130E-04  -1.741990E-05  -1.933891E-02   1.297949E-04  -1.616380E+00  -7.631228E-05
          4014      G     -3.629790E-04  -1.955234E-05   6.456283E-03   7.851126E-05  -1.315886E-01  -2.345645E-04
          4015      G      4.136368E-05  -1.448419E-04   1.091148E-04   7.629296E-02  -9.375310E-03   6.121736E-02
          4016      G      7.731585E-05  -6.545306E-05   3.620716E-04   2.291655E-02   4.198027E-03  -3.612054E-03
          4017      G      4.784591E-05  -3.321978E-05  -3.395232E-02   1.194499E+00   2.409195E-01  -4.684256E-05
          4018      G      6.033306E-05  -3.448134E-07  -2.385042E-02   9.168006E-01   4.665203E-01   9.711101E-04
          4019      G      1.224118E-04  -9.456071E-06  -6.030405E-02   7.858367E-05   7.979392E-01  -7.139186E-05
          4020      G      3.221207E-04  -7.509317E-06  -4.527431E-02   2.936680E-05   1.193585E-01  -6.950959E-05
          4021      G      4.193901E-05   8.287283E-05   8.683739E-04  -3.193849E-03   2.070331E-04  -2.743796E-02
          4022      G     -2.220329E-05   5.310038E-05   1.669819E-03  -1.261818E-02   3.282206E-02  -2.785752E-01
          4023      G      1.509101E-04   2.215815E-05  -8.044413E-03   3.940292E-01   6.703297E-01   1.540884E-03
          4024      G      2.350888E-04   7.394383E-06   4.906161E-03  -1.202500E-01   1.038794E-01  -6.952528E-01
          4025      G      3.060698E-04  -5.713345E-06  -1.932922E-02   2.442517E-05   1.616337E+00  -6.810950E-05
          4026      G      3.663538E-04  -3.934391E-06   6.468335E-03   2.358456E-05   1.319317E-01  -1.547672E-04
          4027      G     -3.964721E-06   1.309635E-04   3.354549E-04  -3.069293E-02  -2.654059E-06   9.745481E-04
          4028      G     -3.792393E-05   1.219658E-04   1.087603E-04  -7.613008E-02   9.399842E-03   6.146169E-02
          4029      G     -7.395813E-05   4.268324E-05   3.618884E-04  -2.268286E-02  -4.168515E-03  -3.152859E-03
          4030      G     -1.246698E-06   3.540302E-05  -3.787356E-02  -1.452482E+00  -1.188640E-05  -7.082367E-05
          4031      G     -4.455135E-05   1.039127E-05  -3.395464E-02  -1.194552E+00  -2.407887E-01  -4.539099E-05
          4032      G     -5.711968E-05  -2.251584E-05  -2.385456E-02  -9.169449E-01  -4.664935E-01   9.724125E-04
          4033      G     -3.863022E-05  -1.055335E-04   8.668791E-04   3.605809E-03  -1.283024E-04  -2.649813E-02
          4034      G      2.528633E-05  -7.513220E-05   1.665698E-03   1.305695E-02  -3.251867E-02  -2.760982E-01
          4035      G     -1.477947E-04  -4.494706E-05  -8.050546E-03  -3.942493E-01  -6.701748E-01   1.542789E-03
          4036      G     -2.318403E-04  -3.002692E-05   4.896871E-03   1.201301E-01  -1.036965E-01  -6.909505E-01
          4037      G      3.003447E-05   1.258650E-04   1.092147E-04  -7.618656E-02  -9.430335E-03  -5.955205E-02
1                                                       **STUDENT EDITION*    APRIL  18, 2026  MSC Nastran  3/ 3/26   PAGE    41
     DEFAULT                                                                                                                        
0                                                                                                            SUBCASE 1              
      EIGENVALUE =  2.319757E+06
          CYCLES =  2.424049E+02         R E A L   E I G E N V E C T O R   N O .          3
 
      POINT ID.   TYPE          T1             T2             T3             R1             R2             R3
          4038      G      6.615546E-05   5.034540E-05   3.622785E-04  -2.283676E-02   4.152908E-03   5.152733E-03
          4039      G      4.205323E-05   1.432530E-05  -3.395301E-02  -1.194528E+00   2.409217E-01  -9.536073E-05
          4040      G      5.464451E-05  -1.473086E-05  -2.385020E-02  -9.167769E-01   4.665600E-01  -1.110921E-03
          4041      G      3.095611E-05  -9.429376E-05   8.686639E-04   3.451562E-03   1.656721E-04   2.887431E-02
          4042      G     -3.301900E-05  -6.066237E-05   1.669563E-03   1.281582E-02   3.260324E-02   2.791284E-01
          4043      G      1.453069E-04  -3.352179E-05  -8.042738E-03  -3.940844E-01   6.703530E-01  -1.677539E-03
          4044      G      2.295019E-04  -1.526133E-05   4.906563E-03   1.202516E-01   1.036834E-01   6.947556E-01
1                                                       **STUDENT EDITION*    APRIL  18, 2026  MSC Nastran  3/ 3/26   PAGE    42
     DEFAULT                                                                                                                        
0                                                                                                            SUBCASE 1              
      EIGENVALUE =  2.545686E+06
          CYCLES =  2.539350E+02         R E A L   E I G E N V E C T O R   N O .          4
 
      POINT ID.   TYPE          T1             T2             T3             R1             R2             R3
             1      G      0.0            0.0            0.0            0.0            0.0            0.0
             2      G      0.0            0.0            0.0            0.0            0.0            0.0
             3      G      0.0            0.0            0.0            0.0            0.0            0.0
             4      G      0.0            0.0            0.0            0.0            0.0            0.0
             5      G      0.0            0.0            0.0            0.0            0.0            0.0
             6      G      0.0            0.0            0.0            0.0            0.0            0.0
             7      G      0.0            0.0            0.0            0.0            0.0            0.0
             8      G      0.0            0.0            0.0            0.0            0.0            0.0
            10      G      2.936548E-05   1.359912E-04   1.414518E-04  -5.114906E-05   3.795755E-04  -1.416311E-02
            11      G      2.965123E-05  -1.370279E-04   1.412072E-04   5.335559E-05   3.779035E-04   1.376587E-02
            12      G      1.847710E-04   9.454929E-05   2.604997E-04   3.154191E-04   5.845875E-04   3.241833E-02
            13      G      1.825548E-04  -9.889444E-05   2.604264E-04  -2.965029E-04   5.788066E-04  -3.189262E-02
            14      G     -1.856650E-04   9.832626E-05   2.552460E-04   2.681483E-04  -5.893918E-04  -2.881282E-02
            15      G     -1.915724E-04  -8.634864E-05   2.559205E-04  -3.202063E-04  -6.001031E-04   3.040112E-02
            16      G     -2.816336E-05   1.288710E-04   1.421679E-04   1.378719E-05  -3.448698E-04   1.617567E-02
            17      G     -2.045856E-05  -1.353294E-04   1.431347E-04   3.908059E-06  -3.213353E-04  -1.998727E-02
           100      G      1.263914E-04   2.432004E-04  -3.683467E-02   8.774858E-01  -3.728548E-01  -2.993343E-03
           101      G      3.508770E-04   6.762825E-06  -6.969805E-02  -3.525220E-04  -1.357317E-01  -3.346065E-04
           102      G      5.084053E-05   3.267319E-05  -4.928845E-02   1.208454E+00  -3.594194E-01   9.524557E-04
           103      G      3.917746E-04   6.155279E-06  -9.031883E-02   1.887305E-04  -7.787142E-01   1.744616E-04
           104      G     -1.944953E-05   3.627059E-04  -5.704796E-02   1.404098E+00   7.155778E-05  -2.584910E-04
           105      G     -2.575704E-05   3.030833E-06  -1.071948E-01   3.327596E-05   2.143432E-03   5.307954E-05
           106      G      3.643603E-05   4.850404E-04   2.696010E-04  -3.202063E-04  -6.001031E-04   3.040112E-02
           107      G      3.643603E-05  -3.262896E-04   2.535857E-04  -3.202063E-04  -6.001031E-04   3.040112E-02
           108      G     -1.003753E-05  -6.524384E-05   1.103119E-03   5.733264E-03   2.927184E-04   6.418812E-05
           109      G     -1.703631E-04  -2.852339E-04   1.455154E-04   3.908059E-06  -3.213353E-04  -1.998727E-02
           110      G      1.993296E-04  -1.139575E-03   5.962375E-03  -2.959928E-01  -1.094896E-01   1.249979E-01
           111      G     -1.703631E-04   2.731606E-04   1.365381E-04   3.908059E-06  -3.213353E-04  -1.998727E-02
           112      G      3.645870E-05   6.302058E-05  -1.456633E-02   3.133270E-01  -8.235318E-01  -8.040830E-03
           113      G      4.099914E-05   1.466375E-05   7.201178E-03   1.253676E-03  -1.265457E-01  -5.181365E-03
           114      G      5.727506E-04  -4.307822E-08  -3.126165E-02  -1.048371E-03  -1.499043E+00   1.414158E-03
           115      G     -1.709219E-04   2.197806E-04  -3.686321E-02   8.702420E-01   3.744006E-01   2.865194E-03
           116      G     -4.082659E-04  -1.449492E-06  -6.975590E-02   4.277469E-04   1.403270E-01   3.170592E-05
           117      G     -9.480245E-05   2.964743E-05  -4.931118E-02   1.205501E+00   3.588262E-01  -8.947306E-04
           118      G     -4.397039E-04   1.227659E-07  -9.035212E-02   1.827600E-04   7.750441E-01   1.125054E-04
           119      G     -5.663992E-05   5.005274E-04   2.735288E-04  -2.965029E-04   5.788066E-04  -3.189262E-02
           120      G     -5.663992E-05  -3.506071E-04   2.580819E-04  -2.965029E-04   5.788066E-04  -3.189262E-02
           121      G      1.328953E-04  -2.402719E-04   1.436413E-04   5.335559E-05   3.779035E-04   1.376587E-02
           122      G     -2.844678E-04  -1.112635E-03   5.961979E-03  -3.089950E-01   1.148359E-01  -1.159553E-01
           123      G      1.328953E-04   1.443121E-04   1.330836E-04   5.335559E-05   3.779035E-04   1.376587E-02
           124      G     -9.849287E-05   5.592779E-05  -1.459493E-02   3.036224E-01   8.231424E-01   7.424621E-03
           125      G     -1.115242E-04  -1.952736E-06   7.256913E-03   1.405388E-04   1.332943E-01  -1.887006E-04
           126      G     -6.386122E-04  -1.759517E-06  -3.128395E-02   5.941126E-04   1.501964E+00   4.141924E-05
           127      G      1.290791E-04  -2.225027E-04  -3.683804E-02  -8.757390E-01  -3.744524E-01   2.701368E-03
           128      G      4.953944E-05  -1.787268E-05  -4.930260E-02  -1.207800E+00  -3.588256E-01  -8.383888E-04
           129      G     -2.018867E-05  -3.579226E-04  -5.705325E-02  -1.403789E+00   2.620100E-04   2.807411E-04
           130      G      3.043112E-05  -4.432106E-04   2.683348E-04   2.681483E-04  -5.893918E-04  -2.881282E-02
           131      G      3.043112E-05   3.257315E-04   2.526054E-04   2.681483E-04  -5.893918E-04  -2.881282E-02
           132      G     -1.211872E-05   6.995127E-05   1.103969E-03  -5.728971E-03   6.905816E-04  -3.798376E-04
           133      G     -1.494809E-04   2.501885E-04   1.448579E-04   1.378719E-05  -3.448698E-04   1.617567E-02
1                                                       **STUDENT EDITION*    APRIL  18, 2026  MSC Nastran  3/ 3/26   PAGE    43
     DEFAULT                                                                                                                        
0                                                                                                            SUBCASE 1              
      EIGENVALUE =  2.545686E+06
          CYCLES =  2.539350E+02         R E A L   E I G E N V E C T O R   N O .          4
 
      POINT ID.   TYPE          T1             T2             T3             R1             R2             R3
           134      G      2.231044E-04   1.115679E-03   5.918851E-03   3.057892E-01  -1.100460E-01  -1.210323E-01
           135      G     -1.494809E-04  -2.017193E-04   1.352231E-04   1.378719E-05  -3.448698E-04   1.617567E-02
           136      G      5.203166E-05  -4.985300E-05  -1.457124E-02  -3.066788E-01  -8.212638E-01   7.763538E-03
           137      G     -1.703729E-04  -2.243742E-04  -3.687306E-02  -8.694722E-01   3.742596E-01  -3.023007E-03
           138      G     -9.580892E-05  -3.074430E-05  -4.931763E-02  -1.204963E+00   3.587229E-01   9.725029E-04
           139      G     -5.836645E-05  -5.147532E-04   2.738526E-04   3.154191E-04   5.845875E-04   3.241833E-02
           140      G     -5.836645E-05   3.504110E-04   2.582515E-04   3.154191E-04   5.845875E-04   3.241833E-02
           141      G      1.355888E-04   2.422145E-04   1.439150E-04  -5.114906E-05   3.795755E-04  -1.416311E-02
           142      G     -2.816917E-04   1.109573E-03   5.963643E-03   3.094561E-01   1.159199E-01   1.151793E-01
           143      G      1.355888E-04  -1.534673E-04   1.333106E-04  -5.114906E-05   3.795755E-04  -1.416311E-02
           144      G     -9.626926E-05  -6.042290E-05  -1.460694E-02  -3.033607E-01   8.231121E-01  -7.422617E-03
           200      G     -1.804852E-04  -2.853570E-04   1.455154E-04   3.908059E-06  -3.213353E-04  -1.998727E-02
           201      G     -1.804852E-04   2.730374E-04   1.365381E-04   3.908059E-06  -3.213353E-04  -1.998727E-02
           202      G      1.753278E-05   4.951269E-04   2.696010E-04  -3.202063E-04  -6.001031E-04   3.040112E-02
           203      G      1.753278E-05  -3.162031E-04   2.535857E-04  -3.202063E-04  -6.001031E-04   3.040112E-02
           204      G     -2.178271E-05   3.018828E-03   1.516327E-03   3.915889E-02  -1.769542E-03  -1.603339E-03
           205      G     -1.685042E-02  -1.184131E-03   7.524160E-03   1.236630E+00   3.112640E+00  -1.245326E-01
           206      G     -1.866612E-02  -7.545700E-05   1.111540E-02  -1.443169E-02   4.024657E+00  -4.685092E-02
           207      G      1.447992E-04  -2.419526E-04   1.436413E-04   5.335559E-05   3.779035E-04   1.376587E-02
           208      G      1.447992E-04   1.426314E-04   1.330836E-04   5.335559E-05   3.779035E-04   1.376587E-02
           209      G     -3.840751E-05   5.098672E-04   2.735288E-04  -2.965029E-04   5.788066E-04  -3.189262E-02
           210      G     -3.840751E-05  -3.412672E-04   2.580819E-04  -2.965029E-04   5.788066E-04  -3.189262E-02
           211      G      1.636901E-02  -1.114255E-03   7.520607E-03   1.878527E+00  -3.031250E+00   2.461926E-01
           212      G      1.860740E-02  -3.052055E-06   1.100290E-02  -1.510771E-03  -3.861113E+00  -5.910455E-04
           213      G     -1.603443E-04   2.497542E-04   1.448579E-04   1.378719E-05  -3.448698E-04   1.617567E-02
           214      G     -1.603443E-04  -2.021536E-04   1.352231E-04   1.378719E-05  -3.448698E-04   1.617567E-02
           215      G      1.186528E-05  -4.516573E-04   2.683348E-04   2.681483E-04  -5.893918E-04  -2.881282E-02
           216      G      1.186528E-05   3.172848E-04   2.526054E-04   2.681483E-04  -5.893918E-04  -2.881282E-02
           217      G     -2.054217E-05  -3.017265E-03   1.516191E-03  -4.083597E-02   1.495859E-03   7.570199E-04
           218      G     -1.715998E-02   1.330363E-03   7.530453E-03  -1.844465E+00   3.181175E+00   1.925797E-01
           219      G      1.475454E-04   2.438257E-04   1.439150E-04  -5.114906E-05   3.795755E-04  -1.416311E-02
           220      G      1.475454E-04  -1.518561E-04   1.333106E-04  -5.114906E-05   3.795755E-04  -1.416311E-02
           221      G     -3.995195E-05  -5.246889E-04   2.738526E-04   3.154191E-04   5.845875E-04   3.241833E-02
           222      G     -3.995195E-05   3.404753E-04   2.582515E-04   3.154191E-04   5.845875E-04   3.241833E-02
           223      G      1.638210E-02   1.109203E-03   7.519524E-03  -1.881019E+00  -3.022989E+00  -2.478283E-01
           224      G     -8.059321E-03  -3.518597E-03   9.339496E-01  -2.303395E+01   8.453562E+00  -2.504393E-01
           225      G     -1.743369E-02   3.067105E-06   1.710110E+00  -1.032677E-02   3.832507E+00   9.691608E-05
           226      G     -3.648443E-03   2.224180E-03   1.203852E+00  -2.998306E+01   7.538052E+00  -2.052280E-02
           227      G     -1.312708E-02   5.463757E-06   2.161998E+00  -4.850600E-03   1.652857E+01   3.650306E-04
           228      G     -3.075513E-04  -9.509634E-03   1.375885E+00  -3.348475E+01   1.369273E-01  -5.426601E-03
           229      G     -4.921695E-04  -1.151496E-06   2.524108E+00  -3.782492E-04   1.318281E-01  -4.097781E-05
           230      G     -9.951762E-03   9.181653E-05   4.528331E-01  -1.134187E+01   1.775863E+01  -1.433598E-01
           231      G     -2.834943E-02   5.843258E-05   8.649114E-01  -5.796252E-02   3.395597E+01   8.650664E-03
           232      G      7.255499E-03  -4.026316E-03   9.614068E-01  -2.395491E+01  -8.645042E+00   2.457768E-01
           233      G      1.681431E-02  -4.070866E-06   1.767624E+00   3.710769E-03  -3.611724E+00   1.209845E-05
           234      G      3.043464E-03   2.245806E-03   1.219715E+00  -3.046479E+01  -6.876445E+00   1.898900E-02
           235      G      1.202748E-02  -2.924472E-06   2.191559E+00   1.043039E-03  -1.537246E+01   1.943659E-04
           236      G      1.008048E-02   1.531348E-04   4.654695E-01  -1.152140E+01  -1.930195E+01   1.152463E-01
           237      G      2.437870E-02  -1.871071E-06   8.929433E-01   3.163062E-03  -3.839032E+01  -2.816040E-05
           238      G     -8.134050E-03   3.519396E-03   9.342281E-01   2.286935E+01   8.427909E+00   2.497585E-01
1                                                       **STUDENT EDITION*    APRIL  18, 2026  MSC Nastran  3/ 3/26   PAGE    44
     DEFAULT                                                                                                                        
0                                                                                                            SUBCASE 1              
      EIGENVALUE =  2.545686E+06
          CYCLES =  2.539350E+02         R E A L   E I G E N V E C T O R   N O .          4
 
      POINT ID.   TYPE          T1             T2             T3             R1             R2             R3
           239      G     -3.689512E-03  -2.213566E-03   1.203925E+00   2.988855E+01   7.542397E+00   2.062188E-02
           240      G     -3.285991E-04   9.496329E-03   1.375909E+00   3.344485E+01   1.336621E-01   5.671004E-03
           241      G     -1.011369E-02  -9.289157E-05   4.537971E-01   1.103347E+01   1.774892E+01   1.447787E-01
           242      G      7.252923E-03   4.015477E-03   9.613297E-01   2.394169E+01  -8.646988E+00  -2.459331E-01
           243      G      3.033316E-03  -2.252087E-03   1.219690E+00   3.044054E+01  -6.877125E+00  -1.902111E-02
           244      G      1.008543E-02  -1.593008E-04   4.653714E-01   1.151226E+01  -1.930224E+01  -1.152820E-01
           300      G     -1.164008E-05   5.497376E-05   3.893528E-04   1.742172E-02   4.433765E-03   3.090651E-05
           301      G      3.559937E-05   7.207049E-05   5.717509E-04   2.752311E-02   1.310870E-02   1.022712E-02
           302      G     -1.522878E-05   9.479891E-05   8.032132E-04   4.130267E-02   2.572376E-03  -1.942332E-03
           303      G     -1.009666E-04   2.893755E-04   1.217547E-03  -2.786035E-02  -3.590600E-03   3.834060E-03
           304      G     -1.821235E-05   1.559302E-04   5.580145E-04  -1.364974E-03  -1.539656E-02   1.307103E-02
           305      G      7.984226E-05   4.196477E-04   5.501285E-03  -1.199844E-01   3.636886E-02  -3.149291E-02
           306      G      1.418947E-04   6.015261E-05   7.983019E-03  -1.171010E-02   3.387526E-02   1.074371E-02
           307      G     -2.207041E-05   4.439847E-05   3.918288E-04   1.811241E-02  -5.015358E-03  -1.430800E-03
           308      G     -7.589602E-05   6.745176E-05   5.770774E-04   2.770906E-02  -1.445931E-02  -1.349023E-02
           309      G      1.074331E-04   2.988596E-04   1.221794E-03  -1.532787E-02  -4.535867E-03  -2.885367E-03
           310      G     -5.813297E-06   1.525968E-04   5.556678E-04   1.103069E-03   1.653786E-02  -1.624629E-02
           311      G     -1.219386E-04   4.424367E-04   5.509863E-03  -1.460811E-01  -2.991186E-02   4.019434E-02
           312      G     -1.562053E-04   9.260778E-07   7.946960E-03  -8.739358E-05  -3.008072E-02  -8.284597E-05
           313      G      6.153333E-06  -9.835340E-06   3.856669E-04  -1.852183E-02   5.464602E-03  -1.117088E-03
           314      G      5.789253E-05  -3.839652E-05   5.708054E-04  -2.858975E-02   1.423482E-02  -1.298251E-02
           315      G     -3.589058E-06  -7.267992E-05   8.029911E-04  -4.315374E-02   2.440238E-04   1.661595E-04
           316      G     -1.130248E-04  -2.378096E-04   1.209615E-03   1.517344E-02   8.090685E-03  -6.976744E-03
           317      G     -9.887940E-06  -1.147932E-04   5.517945E-04   4.805153E-04  -1.689767E-02  -1.552902E-02
           318      G      1.062330E-04  -4.071435E-04   5.491438E-03   1.502369E-01   3.527295E-02   3.960483E-02
           319      G     -1.221215E-05  -3.019078E-05   3.922506E-04  -1.889965E-02  -5.004845E-03   1.590959E-03
           320      G     -6.603016E-05  -4.649160E-05   5.759564E-04  -2.857330E-02  -1.378240E-02   1.369957E-02
           321      G      1.178693E-04  -2.951038E-04   1.224096E-03   1.496784E-02  -3.908661E-03   2.974891E-03
           322      G      3.997945E-06  -1.434586E-04   5.568085E-04  -2.089502E-03   1.656724E-02   1.644664E-02
           323      G     -1.146079E-04  -4.396940E-04   5.512963E-03   1.461430E-01  -2.974227E-02  -4.024277E-02
           324      G      6.252353E-05   5.032776E-05  -4.876049E-03   8.790670E-02  -1.023626E-01   2.708969E-03
           325      G      1.445444E-04   2.069803E-05  -6.836976E-03  -5.578741E-04  -1.197592E-03   1.711307E-04
           326      G     -1.720860E-06   2.856769E-05  -8.628637E-03   1.768562E-01  -1.024874E-01   1.688256E-05
           327      G      1.318454E-04   1.607678E-05  -1.212151E-02  -2.645792E-04  -1.865173E-01   1.633421E-04
           328      G     -1.537080E-05   1.084337E-04  -1.058142E-02   2.215276E-01  -2.987339E-04   5.211295E-04
           329      G     -9.764177E-06   1.255587E-05  -1.577853E-02  -6.222900E-04   1.872503E-03   7.617479E-05
           330      G      4.393740E-05   9.402579E-05   9.166028E-04  -3.275423E-02  -2.302547E-01   5.163121E-03
           331      G      3.004785E-04   1.529513E-05   9.298553E-04   6.723611E-04  -3.160708E-01  -1.165166E-03
           332      G     -9.272857E-05   3.944510E-05  -4.995486E-03   8.797977E-02   1.025608E-01  -2.144958E-03
           333      G     -1.653770E-04   7.096289E-06  -7.048532E-03  -3.693403E-04   5.408556E-03   8.239949E-05
           334      G     -2.694736E-05   2.288347E-05  -8.704460E-03   1.776305E-01   1.013289E-01   2.178532E-04
           335      G     -1.493685E-04   9.619345E-06  -1.224131E-02  -4.293659E-04   1.818413E-01   1.193622E-04
           336      G     -7.809653E-05   7.512109E-05   8.000211E-04  -3.916026E-02   2.313513E-01  -5.450956E-03
           337      G     -3.221928E-04   4.394323E-06   7.898196E-04  -3.050364E-04   3.209029E-01   1.676247E-04
           338      G      7.353385E-05  -9.831101E-06  -4.940480E-03  -8.501859E-02  -1.001456E-01  -2.211587E-03
           339      G      5.464592E-06   3.946346E-06  -8.676614E-03  -1.754824E-01  -1.025631E-01   2.572478E-04
           340      G     -6.925337E-06  -8.332410E-05  -1.061583E-02  -2.204178E-01   2.377159E-04   2.080087E-05
           341      G      6.356234E-05  -3.451451E-05   8.159750E-04   3.891910E-02  -2.308865E-01  -5.365074E-03
           342      G     -8.614195E-05  -2.476825E-05  -5.006864E-03  -8.769990E-02   1.027903E-01   2.243578E-03
           343      G     -1.944579E-05  -3.906133E-06  -8.722227E-03  -1.772114E-01   1.016064E-01  -6.259568E-05
1                                                       **STUDENT EDITION*    APRIL  18, 2026  MSC Nastran  3/ 3/26   PAGE    45
     DEFAULT                                                                                                                        
0                                                                                                            SUBCASE 1              
      EIGENVALUE =  2.545686E+06
          CYCLES =  2.539350E+02         R E A L   E I G E N V E C T O R   N O .          4
 
      POINT ID.   TYPE          T1             T2             T3             R1             R2             R3
           344      G     -7.132853E-05  -6.642991E-05   7.955896E-04   3.961920E-02   2.317544E-01   5.614958E-03
           400      G     -6.339851E-05   6.201445E-05   5.153203E-04   7.846445E-03  -2.490051E-03   2.283667E-03
           401      G     -2.122879E-05   2.131771E-04   5.408433E-04   3.368525E-02   8.173411E-03   3.463996E-03
           402      G     -1.477694E-05   3.589551E-05   6.285296E-04   1.279762E-02  -2.293627E-05  -1.417602E-04
           403      G     -2.290346E-04   4.715247E-04   1.677198E-03  -1.456769E-02  -3.243923E-02  -1.316738E-02
           404      G     -1.277737E-04   1.269718E-04   8.437401E-04  -5.904841E-03  -9.305599E-03   6.177076E-03
           405      G      3.231355E-04   4.045945E-04   5.152026E-03  -9.142611E-02  -5.768239E-02  -1.885662E-02
           406      G      4.087532E-04   2.178450E-05   6.942118E-03   8.200820E-04  -7.746213E-02   1.517609E-03
           407      G      3.528933E-05   5.176428E-05   5.203559E-04   7.746473E-03   2.670372E-03  -2.473776E-03
           408      G     -7.041275E-06   2.078433E-04   5.433030E-04   3.362098E-02  -8.098250E-03  -3.445263E-03
           409      G      2.031389E-04   4.548907E-04   1.684951E-03  -1.605604E-02   3.350187E-02   1.376847E-02
           410      G      1.021866E-04   1.122463E-04   8.508313E-04  -6.054526E-03   8.982940E-03  -5.734391E-03
           411      G     -3.453214E-04   3.838627E-04   5.147786E-03  -8.982618E-02   5.781729E-02   1.979254E-02
           412      G     -4.234968E-04   2.682775E-06   6.919962E-03  -4.768644E-05   7.745326E-02   7.119044E-05
           413      G     -4.865884E-05  -2.409805E-05   5.142165E-04  -7.580760E-03  -2.652327E-03  -2.295217E-03
           414      G     -6.651592E-06  -1.807554E-04   5.385339E-04  -3.353109E-02   8.198739E-03  -3.379249E-03
           415      G      2.043331E-07  -9.200583E-06   6.273322E-04  -1.277585E-02   8.169866E-05   1.330288E-04
           416      G     -2.140190E-04  -4.211692E-04   1.671330E-03   1.674961E-02  -3.375251E-02   1.331438E-02
           417      G     -1.137479E-04  -8.247084E-05   8.413309E-04   6.162604E-03  -8.729570E-03  -5.817149E-03
           418      G      3.298476E-04  -3.503414E-04   5.139022E-03   9.000658E-02  -5.762915E-02   1.931068E-02
           419      G      4.925052E-05  -3.555893E-05   5.209079E-04  -7.795328E-03   2.736617E-03   2.686747E-03
           420      G      7.234744E-06  -1.863288E-04   5.425977E-04  -3.361771E-02  -8.077195E-03   3.621476E-03
           421      G      2.171798E-04  -4.493446E-04   1.688064E-03   1.598454E-02   3.362991E-02  -1.359297E-02
           422      G      1.160984E-04  -1.012380E-04   8.523249E-04   5.948960E-03   9.028996E-03   5.933761E-03
           423      G     -3.384684E-04  -3.785704E-04   5.150392E-03   8.979825E-02   5.789315E-02  -1.967159E-02
           424      G      1.301026E-04   9.016365E-05  -1.025012E-02   2.795489E-01  -1.464242E-01   5.539632E-03
           425      G      3.474948E-04   1.909860E-05  -1.973284E-02   1.486133E-04  -6.731905E-02   1.706162E-04
           426      G      4.653255E-05   4.553579E-06  -1.486056E-02   3.863984E-01  -1.234469E-01   5.203664E-04
           427      G      2.348635E-04   1.629596E-05  -2.719263E-02  -1.643044E-05  -2.728104E-01   9.013881E-05
           428      G     -1.078482E-05   1.940188E-04  -1.761167E-02   4.711529E-01  -1.171224E-04   1.339618E-04
           429      G     -7.604850E-06   1.348661E-05  -3.326002E-02   4.325596E-05   2.975135E-05   9.299044E-05
           430      G      1.990012E-04   1.019659E-04  -2.273511E-03   9.381540E-02  -2.991350E-01   6.831934E-03
           431      G      5.613554E-04   2.236411E-05  -6.430225E-03   5.776853E-04  -5.402360E-01  -3.296210E-04
           432      G     -1.517617E-04   7.942367E-05  -1.025696E-02   2.798262E-01   1.459898E-01  -5.344240E-03
           433      G     -3.629755E-04   8.133171E-06  -1.974642E-02  -1.422609E-05   6.741874E-02   9.495538E-05
           434      G     -6.841358E-05  -9.916753E-07  -1.486244E-02   3.865046E-01   1.235695E-01  -3.429921E-04
           435      G     -2.499683E-04   1.079927E-05  -2.719956E-02   1.184244E-06   2.724573E-01   1.014762E-04
           436      G     -2.210925E-04   8.706040E-05  -2.282896E-03   9.444777E-02   2.995339E-01  -6.682872E-03
           437      G     -5.767125E-04   5.382664E-06  -6.446770E-03  -3.082954E-05   5.401870E-01   1.031248E-04
           438      G      1.367454E-04  -5.190024E-05  -1.025816E-02  -2.794873E-01  -1.457084E-01  -5.368147E-03
           439      G      5.342772E-05   2.794858E-05  -1.486301E-02  -3.862040E-01  -1.236560E-01  -3.291766E-04
           440      G     -3.925008E-06  -1.670914E-04  -1.761506E-02  -4.710568E-01   1.754242E-05   8.171377E-05
           441      G      2.054275E-04  -5.881632E-05  -2.289880E-03  -9.410877E-02  -2.994313E-01  -6.607067E-03
           442      G     -1.447639E-04  -6.314297E-05  -1.025735E-02  -2.797870E-01   1.460085E-01   5.491626E-03
           443      G     -6.141050E-05   2.241190E-05  -1.486387E-02  -3.864291E-01   1.236206E-01   5.259697E-04
           444      G     -2.141561E-04  -7.620037E-05  -2.282288E-03  -9.441274E-02   2.996099E-01   6.862321E-03
           445      G     -6.026292E-04   1.254409E-03   1.804617E-03  -5.088246E-02  -2.293184E-02  -3.097502E-02
           446      G     -4.571212E-04   4.173500E-04   9.949571E-04  -3.259702E-02  -2.693332E-02   7.762227E-03
           447      G     -2.816180E-04   1.159920E-04   6.078403E-04  -3.198415E-02  -5.712580E-03   8.488527E-03
           448      G     -1.240293E-04  -1.586475E-05   5.654366E-04  -2.863658E-02   3.270686E-03   7.867612E-03
1                                                       **STUDENT EDITION*    APRIL  18, 2026  MSC Nastran  3/ 3/26   PAGE    46
     DEFAULT                                                                                                                        
0                                                                                                            SUBCASE 1              
      EIGENVALUE =  2.545686E+06
          CYCLES =  2.539350E+02         R E A L   E I G E N V E C T O R   N O .          4
 
      POINT ID.   TYPE          T1             T2             T3             R1             R2             R3
           449      G     -1.248009E-05  -5.873095E-05   6.113329E-04  -1.471392E-02   6.030766E-05   1.021794E-04
           450      G     -3.478393E-05   9.499095E-04   4.984341E-03  -7.554616E-02  -5.897051E-02  -4.977588E-02
           451      G      7.281374E-05   2.334609E-05   6.528350E-03   8.402766E-05  -9.316127E-02   2.154547E-04
           452      G      5.773696E-04   1.230700E-03   1.811943E-03  -5.011380E-02   2.279216E-02   3.123348E-02
           453      G      4.317525E-04   4.008219E-04   1.002273E-03  -3.237224E-02   2.704295E-02  -7.580561E-03
           454      G      2.566740E-04   1.055790E-04   6.130686E-04  -3.196010E-02   5.800600E-03  -8.233830E-03
           455      G      9.883083E-05  -2.095787E-05   5.682393E-04  -2.861726E-02  -3.174687E-03  -7.727358E-03
           456      G      1.867841E-05   9.265763E-04   4.978388E-03  -7.527318E-02   5.918976E-02   4.984071E-02
           457      G     -8.117470E-05   3.422152E-06   6.511455E-03  -3.615841E-05   9.279241E-02   9.857369E-05
           458      G     -5.860452E-04  -1.204921E-03   1.797588E-03   5.012768E-02  -2.257408E-02   3.106240E-02
           459      G     -4.407885E-04  -3.748220E-04   9.921827E-04   3.242890E-02  -2.691424E-02  -7.623851E-03
           460      G     -2.659560E-04  -7.892185E-05   6.061216E-04   3.188434E-02  -5.686261E-03  -8.248534E-03
           461      G     -1.084088E-04   4.792050E-05   5.638679E-04   2.855204E-02   3.263702E-03  -7.685541E-03
           462      G      3.069320E-06   8.584166E-05   6.098881E-04   1.464804E-02   7.131612E-05   9.030613E-05
           463      G     -2.711579E-05  -9.029887E-04   4.974435E-03   7.589281E-02  -5.848960E-02   5.018303E-02
           464      G      5.930983E-04  -1.224210E-03   1.815153E-03   5.010661E-02   2.283309E-02  -3.106714E-02
           465      G      4.474106E-04  -3.889079E-04   1.003968E-03   3.234718E-02   2.709432E-02   7.773461E-03
           466      G      2.723103E-04  -8.842088E-05   6.134772E-04   3.190064E-02   5.841694E-03   8.422597E-03
           467      G      1.144695E-04   4.308766E-05   5.675353E-04   2.855509E-02  -3.136256E-03   7.903917E-03
           468      G      2.626789E-05  -9.198956E-04   4.980807E-03   7.523297E-02   5.924316E-02  -4.966233E-02
           469      G     -2.143030E-04   9.245298E-04   3.262113E-03  -7.937462E-02  -4.045482E-02   3.377072E-02
           470      G     -1.652145E-04   4.172682E-04   2.550761E-03  -1.024461E-01  -1.675549E-02   1.110361E-02
           471      G     -1.068615E-04   7.429366E-05   2.249269E-03  -8.453764E-02  -2.833553E-03   7.690801E-03
           472      G     -5.707579E-05  -2.725761E-05   2.238036E-03  -8.734673E-02   5.077822E-04   2.049690E-03
           473      G     -1.028364E-05  -5.436680E-05   2.177655E-03  -8.390654E-02  -5.196261E-06   9.946061E-05
           474      G      3.116902E-05   2.610098E-04   4.386386E-03  -5.419805E-02   6.521924E-03   1.782529E-02
           475      G      3.697824E-05   7.047106E-05   4.563722E-03  -9.952598E-02   1.014012E-02   4.162152E-03
           476      G      1.339092E-05  -2.375888E-05   4.670657E-03  -9.785158E-02   1.053672E-03   2.603037E-03
           477      G     -8.022932E-06  -4.238573E-05   4.613033E-03  -1.007349E-01  -5.894417E-05   9.976393E-05
           478      G      3.188008E-05   3.925894E-04   6.157666E-03  -4.010663E-02  -7.346603E-02   1.337817E-02
           479      G      1.572473E-04   1.870710E-04   5.628553E-03  -5.666464E-02   3.032498E-02   2.586156E-03
           480      G      1.152395E-04   3.801224E-05   6.344036E-03  -5.612662E-02   2.293881E-02   3.146524E-03
           481      G      5.871621E-05  -3.794587E-06   6.613632E-03  -6.478381E-02   4.342078E-03   1.309241E-03
           482      G      1.677504E-04   2.115339E-05   6.088874E-03   2.032129E-06   3.732188E-02   6.849156E-05
           483      G      1.506259E-04   1.852210E-05   6.980236E-03   4.561066E-05   3.471303E-02   9.561688E-05
           484      G      7.595090E-05   1.604159E-05   7.370398E-03   2.898589E-05   9.423730E-04   9.155531E-05
           485      G     -5.991771E-06  -1.961613E-05   6.591386E-03  -6.227718E-02  -1.239750E-04   9.500522E-05
           486      G     -4.044101E-06   1.354521E-05   7.319841E-03   2.692342E-05  -1.415359E-04   9.213954E-05
           487      G      1.936988E-04   9.013831E-04   3.260142E-03  -7.920257E-02   4.046784E-02  -3.353675E-02
           488      G      1.446673E-04   4.007808E-04   2.550107E-03  -1.019861E-01   1.670565E-02  -1.087789E-02
           489      G      8.630833E-05   6.393021E-05   2.250264E-03  -8.425268E-02   2.817778E-03  -7.493312E-03
           490      G      3.658756E-05  -3.236582E-05   2.238543E-03  -8.719721E-02  -4.540750E-04  -1.839812E-03
           491      G     -4.717567E-05   2.450210E-04   4.378211E-03  -5.396237E-02  -6.524934E-03  -1.759167E-02
           492      G     -5.294536E-05   6.017941E-05   4.557650E-03  -9.922106E-02  -1.021130E-02  -3.961583E-03
           493      G     -2.943497E-05  -2.883160E-05   4.667320E-03  -9.768736E-02  -1.174301E-03  -2.407390E-03
           494      G     -4.409057E-05   3.709542E-04   6.144197E-03  -3.971426E-02   7.339250E-02  -1.315476E-02
           495      G     -1.689961E-04   1.713965E-04   5.616100E-03  -5.652738E-02  -3.026715E-02  -2.391223E-03
           496      G     -1.271108E-04   2.789377E-05   6.333040E-03  -5.598157E-02  -2.304549E-02  -2.953202E-03
           497      G     -7.065442E-05  -8.828945E-06   6.607283E-03  -6.468301E-02  -4.550551E-03  -1.117920E-03
           498      G     -1.756853E-04   5.962092E-06   6.075539E-03  -1.206000E-05  -3.724902E-02   9.060362E-05
1                                                       **STUDENT EDITION*    APRIL  18, 2026  MSC Nastran  3/ 3/26   PAGE    47
     DEFAULT                                                                                                                        
0                                                                                                            SUBCASE 1              
      EIGENVALUE =  2.545686E+06
          CYCLES =  2.539350E+02         R E A L   E I G E N V E C T O R   N O .          4
 
      POINT ID.   TYPE          T1             T2             T3             R1             R2             R3
           499      G     -1.585686E-04   8.569556E-06   6.968101E-03   5.159069E-06  -3.479790E-02   9.281752E-05
           500      G     -8.401310E-05   1.105860E-05   7.363066E-03   1.914192E-05  -1.181174E-03   9.223570E-05
           501      G     -2.022876E-04  -8.762937E-04   3.247587E-03   7.936146E-02  -4.003416E-02  -3.357749E-02
           502      G     -1.536198E-04  -3.748075E-04   2.545296E-03   1.024259E-01  -1.658904E-02  -1.088827E-02
           503      G     -9.517187E-05  -3.726753E-05   2.246406E-03   8.452814E-02  -2.785234E-03  -7.513066E-03
           504      G     -4.546494E-05   5.931000E-05   2.235577E-03   8.733772E-02   5.041603E-04  -1.864417E-03
           505      G      1.327352E-06   8.146526E-05   2.175451E-03   8.389393E-02   1.609521E-05   8.037597E-05
           506      G      3.872782E-05  -2.185556E-04   4.382853E-03   5.425652E-02   6.586892E-03  -1.767268E-02
           507      G      4.451568E-05  -3.343173E-05   4.561523E-03   9.956441E-02   1.016333E-02  -3.970039E-03
           508      G      2.097820E-05   5.581833E-05   4.668598E-03   9.787647E-02   1.060295E-03  -2.419296E-03
           509      G     -4.396461E-07   6.947619E-05   4.611114E-03   1.007586E-01  -4.995132E-05   8.450279E-05
           510      G      3.572395E-05  -3.451507E-04   6.153608E-03   4.038580E-02  -7.323709E-02  -1.324881E-02
           511      G      1.610147E-04  -1.449191E-04   5.627144E-03   5.684489E-02   3.034443E-02  -2.387683E-03
           512      G      1.190019E-04  -9.146792E-07   6.342762E-03   5.616943E-02   2.293640E-02  -2.966835E-03
           513      G      6.249512E-05   3.585878E-05   6.612406E-03   6.483737E-02   4.349896E-03  -1.123999E-03
           514      G     -2.200734E-06   4.670830E-05   6.590279E-03   6.232353E-02  -1.166699E-04   8.889572E-05
           515      G      2.053182E-04  -8.947466E-04   3.263138E-03   7.918796E-02   4.051525E-02   3.372891E-02
           516      G      1.562723E-04  -3.888768E-04   2.551439E-03   1.019729E-01   1.676273E-02   1.106187E-02
           517      G      9.791539E-05  -4.677967E-05   2.249945E-03   8.423629E-02   2.872659E-03   7.677676E-03
           518      G      4.818144E-05   5.450060E-05   2.237046E-03   8.717750E-02  -4.254440E-04   2.025402E-03
           519      G     -3.960407E-05  -2.330985E-04   4.379173E-03   5.394104E-02  -6.481258E-03   1.777706E-02
           520      G     -4.537203E-05  -4.303482E-05   4.557264E-03   9.922294E-02  -1.016793E-02   4.145896E-03
           521      G     -2.185181E-05   5.095645E-05   4.665915E-03   9.770418E-02  -1.145010E-03   2.591148E-03
           522      G     -4.029658E-05  -3.641962E-04   6.145572E-03   3.965028E-02   7.341931E-02   1.333701E-02
           523      G     -1.652225E-04  -1.594640E-04   5.616631E-03   5.650022E-02  -3.024229E-02   2.574970E-03
           524      G     -1.233254E-04  -1.075463E-05   6.332815E-03   5.599062E-02  -2.302057E-02   3.136785E-03
           525      G     -6.686519E-05   3.094767E-05   6.606480E-03   6.471726E-02  -4.534403E-03   1.301970E-03
          1000      G     -1.684625E-05  -9.458043E-05   1.075645E-03   5.729877E-03   2.926394E-04  -4.648469E-03
          1001      G     -1.549205E-04  -2.859529E-04   2.499916E-04  -3.094418E-04  -5.789644E-04  -1.233445E-01
          1002      G     -2.278297E-04   4.621742E-04   2.676692E-04  -1.482047E-04  -5.926581E-04  -1.596854E-01
          1003      G     -1.052186E-05  -7.967265E-05  -5.609369E-02   2.184897E+00  -7.985693E-04   1.150647E-04
          1004      G     -1.147737E-04   9.012720E-05  -5.020566E-02   1.827556E+00  -3.650913E-01   1.058843E-03
          1005      G     -2.445888E-04   1.183390E-04  -3.591299E-02   1.366781E+00  -6.557559E-01  -2.649102E-03
          1006      G     -8.161730E-06   2.781690E-06  -1.072000E-01   3.330538E-05   2.143278E-03   1.693482E-04
          1007      G     -2.850774E-04   8.152089E-06  -9.171325E-02  -9.690688E-05  -1.194548E+00   1.252637E-04
          1008      G     -6.961162E-04   9.691819E-06  -6.970011E-02  -3.523521E-04  -1.358232E-01   1.405778E-04
          1009      G     -1.684834E-04   2.595097E-04   1.364509E-04   6.008217E-07  -2.828130E-04   2.437829E-02
          1010      G     -1.823591E-04  -2.591987E-04   1.492103E-04  -5.771132E-05  -2.475405E-04   1.109682E-02
          1011      G     -5.432420E-04   1.127579E-04  -1.314260E-02   5.344582E-01  -9.976420E-01  -5.011509E-03
          1012      G     -6.687964E-04  -3.653108E-05   5.517642E-03  -2.960136E-01  -1.095374E-01   5.283272E-01
          1013      G     -7.438049E-04   1.552680E-05  -3.134540E-02   1.437327E-03  -2.434247E+00   2.529724E-04
          1014      G     -9.467750E-04   2.092541E-05   6.688137E-03   1.252202E-03  -1.265254E-01  -3.046716E-03
          1015      G      1.227621E-04  -3.094695E-04   2.544012E-04  -2.896861E-04   5.576449E-04   1.189568E-01
          1016      G      2.007395E-04   4.740922E-04   2.714762E-04  -1.112374E-04   5.713368E-04   1.578275E-01
          1017      G      9.022697E-05   8.351420E-05  -5.022597E-02   1.826435E+00   3.656181E-01  -6.242527E-04
          1018      G      2.233659E-04   8.481063E-05  -3.594583E-02   1.363657E+00   6.547569E-01   2.771723E-03
          1019      G      2.726220E-04  -1.834451E-06  -9.174762E-02   2.663868E-04   1.189009E+00   1.424273E-04
          1020      G      6.764359E-04  -4.937975E-06  -6.975798E-02   4.277582E-04   1.404182E-01   1.302108E-04
          1021      G      1.609640E-04   1.539355E-04   1.327532E-04   2.145516E-05   3.256436E-04  -1.674182E-03
          1022      G      1.480396E-04  -2.182903E-04   1.467560E-04   6.260504E-06   3.171310E-04  -5.120278E-03
1                                                       **STUDENT EDITION*    APRIL  18, 2026  MSC Nastran  3/ 3/26   PAGE    48
     DEFAULT                                                                                                                        
0                                                                                                            SUBCASE 1              
      EIGENVALUE =  2.545686E+06
          CYCLES =  2.539350E+02         R E A L   E I G E N V E C T O R   N O .          4
 
      POINT ID.   TYPE          T1             T2             T3             R1             R2             R3
          1023      G      5.053592E-04   9.800903E-05  -1.320517E-02   5.281697E-01   9.967484E-01   4.995513E-03
          1024      G      6.273725E-04  -7.480345E-05   5.495887E-03  -3.090097E-01   1.148835E-01  -6.227058E-01
          1025      G      7.261938E-04  -8.250200E-06  -3.138354E-02   5.882460E-04   2.433004E+00   1.396128E-04
          1026      G      9.315484E-04  -1.169584E-05   6.716990E-03   1.405847E-04   1.332749E-01  -4.099063E-03
          1027      G      5.942875E-06   9.926044E-05   1.076510E-03  -5.725619E-03   6.905753E-04  -5.822248E-03
          1028      G     -1.295538E-04   2.873030E-04   2.487933E-04   2.516675E-04  -5.678978E-04   1.061604E-01
          1029      G     -2.039335E-04  -4.212375E-04   2.662053E-04   1.013666E-04  -5.816248E-04   1.432346E-01
          1030      G      2.098843E-06   8.311974E-05  -5.609879E-02  -2.183425E+00  -6.388812E-04   1.970124E-04
          1031      G     -1.046949E-04  -7.496057E-05  -5.020880E-02  -1.824954E+00  -3.654379E-01  -6.561899E-04
          1032      G     -2.327950E-04  -8.847073E-05  -3.591962E-02  -1.362305E+00  -6.548765E-01   2.912864E-03
          1033      G     -1.511955E-04  -1.938220E-04   1.351974E-04   3.006809E-05  -3.002590E-04  -1.809824E-02
          1034      G     -1.427660E-04   2.479581E-04   1.483997E-04   6.342812E-05  -2.812466E-04  -1.799277E-02
          1035      G     -5.191494E-04  -8.521311E-05  -1.318173E-02  -5.291670E-01  -9.964130E-01   5.210792E-03
          1036      G     -6.491554E-04   7.610469E-05   5.471908E-03   3.058050E-01  -1.100921E-01  -6.037445E-01
          1037      G      1.445933E-04   3.088600E-04   2.546545E-04   3.096932E-04   5.636267E-04  -1.312051E-01
          1038      G      2.219400E-04  -4.880996E-04   2.718718E-04   1.286493E-04   5.773617E-04  -1.697617E-01
          1039      G      1.019009E-04  -8.678267E-05  -5.023390E-02  -1.825701E+00   3.654575E-01   8.882142E-04
          1040      G      2.348426E-04  -9.528775E-05  -3.595682E-02  -1.363356E+00   6.546797E-01  -2.516898E-03
          1041      G      1.815518E-04  -1.718562E-04   1.329831E-04  -1.982291E-05   3.277871E-04  -6.812783E-03
          1042      G      5.177599E-04  -1.144504E-04  -1.321915E-02  -5.281429E-01   9.966125E-01  -4.752658E-03
          1043      G      6.390259E-04   5.219431E-05   5.493214E-03   3.094710E-01   1.159675E-01   6.156063E-01
          1044      G      1.703985E-04   2.001237E-04   1.470355E-04  -3.103630E-06   3.179729E-04  -4.412074E-03
          2000      G      1.433229E-04   2.314152E-03   1.430972E-03   3.912198E-02  -1.771097E-03   9.096262E-02
          2001      G      8.742134E-04  -4.057593E-04   3.854982E-04  -3.668461E-03  -8.706323E-04   3.998236E-01
          2002      G      1.575554E-03   3.302455E-04   3.374981E-04  -1.350465E-03  -7.687731E-04   7.494813E-01
          2003      G      2.433275E-04  -8.328652E-04   1.348780E+00  -5.106466E+01   2.764994E-01   2.434288E-03
          2004      G      2.100072E-03  -7.967882E-04   1.213447E+00  -4.376843E+01   7.683042E+00   2.614275E-02
          2005      G      3.179572E-03  -8.355316E-04   9.101711E-01  -3.404179E+01   1.409878E+01   6.862601E-02
          2006      G      5.298361E-04   8.637387E-07   2.524215E+00  -3.804539E-04   1.318626E-01   1.317954E-03
          2007      G      5.152637E-03   2.422860E-05   2.187393E+00  -9.429363E-03   2.537295E+01   1.785043E-03
          2008      G      1.177667E-02   8.245744E-05   1.710151E+00  -1.033283E-02   3.834388E+00   2.237599E-03
          2009      G      7.301055E-04  -2.256955E-04   1.363256E-04   6.150834E-04  -1.498758E-03   4.855342E-01
          2010      G     -1.126020E-03   9.340153E-04   4.084835E-05   9.352299E-05  -6.041897E-04  -5.200091E-01
          2011      G      5.662810E-03  -1.406313E-04   4.237028E-01  -1.634212E+01   2.111085E+01   9.619986E-02
          2012      G      7.615440E-03   2.378815E-03   2.009903E-02   1.237835E+00   3.114482E+00  -6.557882E+00
          2013      G      1.139329E-02   1.467997E-04   8.697482E-01  -7.229445E-02   5.289314E+01   2.240928E-03
          2014      G      1.281505E-02   1.979661E-04   2.742078E-02  -1.434913E-02   4.026049E+00  -3.256815E-02
          2015      G     -6.412868E-04  -4.311983E-04   3.923947E-04  -3.726698E-03   8.233471E-04  -2.716168E-01
          2016      G     -1.443698E-03   3.363943E-04   3.442626E-04  -1.288091E-03   7.457044E-04  -6.717205E-01
          2017      G     -1.596373E-03  -8.042919E-04   1.229364E+00  -4.433833E+01  -7.111254E+00  -2.129707E-02
          2018      G     -2.745849E-03  -8.807109E-04   9.368839E-01  -3.512635E+01  -1.404007E+01  -6.197377E-02
          2019      G     -4.196639E-03  -2.128550E-05   2.217369E+00  -1.396572E-03  -2.368715E+01   1.066694E-03
          2020      G     -1.069467E-02  -3.395786E-05   1.767651E+00   3.709813E-03  -3.613931E+00   9.024567E-04
          2021      G     -8.286041E-04  -4.040514E-04   1.327843E-04   7.190474E-04   1.647951E-03  -5.141610E-01
          2022      G      9.701181E-04   8.199992E-04   3.990657E-05   1.172013E-04   7.570037E-04   4.567277E-01
          2023      G     -5.265161E-03  -2.366414E-04   4.373547E-01  -1.664389E+01  -2.197485E+01  -8.412426E-02
          2024      G     -7.418880E-03   1.800281E-03   1.977301E-02   1.879521E+00  -3.033088E+00   8.657830E+00
          2025      G     -1.035795E-02  -5.392302E-05   8.987565E-01   3.225018E-03  -5.492557E+01   8.870726E-04
          2026      G     -1.160289E-02  -7.341988E-05   2.666117E-02  -1.512863E-03  -3.862806E+00  -4.049500E-02
          2027      G      3.571050E-04  -2.299354E-03   1.424115E-03  -4.079893E-02   1.496044E-03  -1.831638E-01
1                                                       **STUDENT EDITION*    APRIL  18, 2026  MSC Nastran  3/ 3/26   PAGE    49
     DEFAULT                                                                                                                        
0                                                                                                            SUBCASE 1              
      EIGENVALUE =  2.545686E+06
          CYCLES =  2.539350E+02         R E A L   E I G E N V E C T O R   N O .          4
 
      POINT ID.   TYPE          T1             T2             T3             R1             R2             R3
          2028      G      1.139560E-03   4.125750E-04   3.840000E-04   3.585048E-03  -8.580943E-04  -5.365167E-01
          2029      G      1.912935E-03  -2.774273E-04   3.359436E-04   1.264725E-03  -7.521289E-04  -9.220894E-01
          2030      G      3.917576E-04   8.270518E-04   1.348744E+00   5.098421E+01   2.682240E-01  -5.664479E-04
          2031      G      2.270023E-03   8.323515E-04   1.213489E+00   4.364036E+01   7.692749E+00  -2.328864E-02
          2032      G      3.357117E-03   9.611481E-04   9.104504E-01   3.382234E+01   1.406090E+01  -6.455607E-02
          2033      G      1.148448E-03   5.000911E-04   1.345554E-04  -6.363121E-04  -1.523328E-03  -6.813751E-01
          2034      G     -7.006539E-04  -5.597465E-04   4.479979E-05   1.095160E-05  -6.315675E-04   3.200024E-01
          2035      G      5.850559E-03   3.873744E-04   4.248802E-01   1.603611E+01   2.109781E+01  -8.979504E-02
          2036      G      7.844121E-03  -1.854159E-03   2.037940E-02  -1.845437E+00   3.182994E+00   8.710836E+00
          2037      G     -4.579054E-04   4.287521E-04   3.925952E-04   3.747513E-03   8.305819E-04   1.788957E-01
          2038      G     -1.273580E-03  -3.546618E-04   3.446727E-04   1.319723E-03   7.536765E-04   5.856142E-01
          2039      G     -1.473078E-03   7.800427E-04   1.229295E+00   4.429191E+01  -7.108219E+00   2.291740E-02
          2040      G     -2.646113E-03   8.216579E-04   9.367609E-01   3.509573E+01  -1.404464E+01   6.372512E-02
          2041      G     -6.633939E-04   3.131152E-04   1.329814E-04  -7.162524E-04   1.650374E-03   4.334072E-01
          2042      G      1.131202E-03  -9.754809E-04   4.003168E-05  -1.194092E-04   7.614516E-04  -5.351969E-01
          2043      G     -5.180791E-03   1.375717E-04   4.372091E-01   1.662709E+01  -2.197333E+01   8.598573E-02
          2044      G     -7.339573E-03  -1.947626E-03   1.973890E-02  -1.882017E+00  -3.024826E+00  -8.737047E+00
          3000      G     -2.702228E-06  -2.285956E-04   6.378034E-04   4.128482E-02   2.572079E-03  -2.016238E-03
          3001      G      4.851278E-05  -1.453516E-04   4.611751E-04   2.753193E-02   1.310952E-02  -5.580466E-02
          3002      G      8.229413E-05  -8.297161E-05   3.194817E-04   1.742276E-02   4.434399E-03   2.927768E-02
          3003      G      2.359772E-06  -8.560372E-05  -8.119894E-03   3.327757E-01  -1.548785E-03   1.178844E-04
          3004      G      1.003786E-04  -7.383520E-05  -6.470237E-03   2.476815E-01  -9.195495E-02   6.999223E-04
          3005      G      2.048367E-04  -3.719005E-05  -3.167513E-03   1.452639E-01  -1.397778E-01   1.321217E-03
          3006      G      5.270914E-06   1.753698E-05  -1.577895E-02  -6.222754E-04   1.872540E-03   1.285241E-04
          3007      G      8.879892E-05   2.164106E-05  -1.182386E-02   3.453700E-04  -2.935472E-01   1.258471E-04
          3008      G      1.448029E-04   2.519530E-05  -6.836886E-03  -5.578253E-04  -1.201421E-03   1.007452E-04
          3009      G      1.144977E-04   3.766320E-05   5.331982E-04  -1.370862E-03  -1.539360E-02   1.146882E-01
          3010      G      1.169707E-04   2.583816E-04   1.314872E-03  -2.785050E-02  -3.600764E-03   1.208724E-01
          3011      G      2.792147E-04   2.498386E-05   1.955213E-03  -9.437085E-03  -2.250795E-01   2.866131E-03
          3012      G      3.593962E-04   1.407954E-04   5.646077E-03  -1.199834E-01   3.631265E-02   6.470358E-01
          3013      G      3.026225E-04   2.649532E-05   1.043333E-03   4.862765E-04  -4.983731E-01   1.683260E-04
          3014      G      4.001610E-04   3.552537E-05   8.117775E-03  -1.170988E-02   3.381694E-02   4.805516E-02
          3015      G     -5.411010E-05  -1.514745E-04   4.657796E-04   2.771812E-02  -1.445987E-02   8.175249E-02
          3016      G     -8.657502E-05  -9.893824E-05   3.191791E-04   1.811289E-02  -5.015729E-03  -1.087477E-02
          3017      G     -9.530896E-05  -8.121365E-05  -6.543874E-03   2.485572E-01   9.135587E-02  -4.646522E-04
          3018      G     -1.988347E-04  -5.072017E-05  -3.272759E-03   1.448604E-01   1.385159E-01  -1.076435E-03
          3019      G     -7.665253E-05   1.388987E-05  -1.194363E-02  -2.503957E-04   2.834977E-01   1.244176E-04
          3020      G     -1.319762E-04   1.004667E-05  -7.048449E-03  -3.693122E-04   5.412385E-03   1.199545E-04
          3021      G     -1.154946E-04   2.162395E-05   5.187400E-04   1.097346E-03   1.653550E-02  -1.045585E-01
          3022      G     -1.164801E-04   2.271735E-04   1.301405E-03  -1.531779E-02  -4.525472E-03  -9.243717E-02
          3023      G     -2.724049E-04   2.854790E-06   1.830916E-03  -1.571431E-02   2.251685E-01  -2.725866E-03
          3024      G     -3.503342E-04   1.229600E-04   5.628820E-03  -1.460762E-01  -2.985661E-02  -7.796072E-01
          3025      G     -2.874709E-04   6.871304E-06   8.941086E-04  -4.603093E-04   5.007718E-01   1.113639E-04
          3026      G     -3.844481E-04   3.864704E-06   8.066623E-03  -8.741526E-05  -3.002284E-02   1.203307E-03
          3027      G      1.645787E-05   2.653782E-04   6.301822E-04  -4.313569E-02   2.441138E-04  -9.207410E-03
          3028      G      6.806998E-05   1.875578E-04   4.559821E-04  -2.859861E-02   1.423547E-02   6.439331E-02
          3029      G      1.007459E-04   1.368152E-04   3.113775E-04  -1.852281E-02   5.465040E-03  -2.442933E-02
          3030      G      1.166987E-05   1.210427E-04  -8.155017E-03  -3.299954E-01  -7.421097E-04   1.474158E-04
          3031      G      1.093875E-04   1.176035E-04  -6.522720E-03  -2.452541E-01  -9.202575E-02  -4.373423E-04
          3032      G      2.139479E-04   8.789043E-05  -3.225435E-03  -1.400992E-01  -1.383234E-01  -1.033018E-03
1                                                       **STUDENT EDITION*    APRIL  18, 2026  MSC Nastran  3/ 3/26   PAGE    50
     DEFAULT                                                                                                                        
0                                                                                                            SUBCASE 1              
      EIGENVALUE =  2.545686E+06
          CYCLES =  2.539350E+02         R E A L   E I G E N V E C T O R   N O .          4
 
      POINT ID.   TYPE          T1             T2             T3             R1             R2             R3
          3033      G      1.275561E-04   1.888315E-05   5.205145E-04   4.869100E-04  -1.689532E-02  -1.205682E-01
          3034      G      1.212562E-04  -1.833238E-04   1.302794E-03   1.516383E-02   8.081054E-03  -7.926943E-02
          3035      G      2.906633E-04   3.723946E-05   1.867443E-03   1.643465E-02  -2.251367E-01  -2.750929E-03
          3036      G      3.767014E-04  -8.642917E-05   5.631872E-03   1.502323E-01   3.521509E-02  -7.961356E-01
          3037      G     -3.500215E-05   1.793154E-04   4.611890E-04  -2.858234E-02  -1.378285E-02  -8.388883E-02
          3038      G     -6.807300E-05   1.194091E-04   3.164545E-04  -1.890016E-02  -5.005219E-03   6.440483E-03
          3039      G     -8.627599E-05   1.091709E-04  -6.562092E-03  -2.473279E-01   9.137255E-02   7.232419E-04
          3040      G     -1.899823E-04   7.103036E-05  -3.283198E-03  -1.439384E-01   1.390852E-01   1.329164E-03
          3041      G     -9.793226E-05  -8.366796E-06   5.158743E-04  -2.083816E-03   1.656492E-02   1.006108E-01
          3042      G     -9.986508E-05  -2.216278E-04   1.299765E-03   1.495761E-02  -3.898100E-03   9.178173E-02
          3043      G     -2.637835E-04   1.041306E-05   1.829235E-03   1.661954E-02   2.254084E-01   2.956912E-03
          3044      G     -3.416355E-04  -1.154765E-04   5.631236E-03   1.461381E-01  -2.968691E-02   7.822690E-01
          4000      G     -1.458832E-05  -5.922819E-05   5.761480E-04   1.279474E-02  -2.290020E-05   3.265568E-04
          4001      G     -3.505443E-05  -4.862628E-05   4.045227E-04   3.370984E-02   8.176011E-03  -4.275947E-02
          4002      G     -5.694627E-05   3.312329E-06   4.831122E-04   7.854687E-03  -2.490213E-03   1.081726E-02
          4003      G     -1.102691E-05  -1.026266E-05  -1.746294E-02   7.007176E-01  -9.636573E-05   8.922442E-05
          4004      G     -3.117490E-05   5.701608E-06  -1.536436E-02   5.649610E-01  -1.295571E-01   1.737483E-04
          4005      G     -3.650053E-05   2.883128E-05  -1.007237E-02   4.161837E-01  -2.406406E-01  -2.538044E-04
          4006      G     -7.360990E-06   1.314295E-05  -3.326176E-02   4.325654E-05   2.974664E-05   9.064611E-05
          4007      G     -6.652348E-05   1.556110E-05  -2.769590E-02   5.597699E-05  -4.204411E-01   9.024401E-05
          4008      G     -1.675899E-04   1.791625E-05  -1.973335E-02   1.486130E-04  -6.734991E-02   9.148622E-05
          4009      G     -4.009849E-05   9.055624E-05   8.491171E-04  -5.913478E-03  -9.295516E-03   7.499793E-02
          4010      G     -2.932106E-06   9.605473E-05   1.607379E-03  -1.456751E-02  -3.244101E-02   2.568268E-01
          4011      G     -8.332562E-05   5.021285E-05  -1.866445E-03   1.547096E-01  -3.509210E-01  -4.624879E-04
          4012      G     -1.300526E-04   5.705445E-05   4.919273E-03  -9.144093E-02  -5.770905E-02   5.546582E-01
          4013      G     -1.601922E-04   2.039973E-05  -6.472747E-03  -5.698263E-05  -8.166113E-01   8.696839E-05
          4014      G     -1.969131E-04   2.226792E-05   6.629500E-03   8.200054E-04  -7.747000E-02  -5.005790E-03
          4015      G      5.947845E-06  -5.344638E-05   4.072366E-04   3.364558E-02  -8.100850E-03   4.202606E-02
          4016      G      2.789772E-05  -6.138624E-06   4.885519E-04   7.754713E-03   2.670557E-03  -1.181068E-02
          4017      G      9.101226E-06   8.956659E-07  -1.536701E-02   5.651520E-01   1.295080E-01   4.132070E-06
          4018      G      1.445522E-05   1.925866E-05  -1.007914E-02   4.166065E-01   2.404246E-01   4.276121E-04
          4019      G      5.183877E-05   1.070886E-05  -2.770279E-02   3.550880E-05   4.199100E-01   9.076130E-05
          4020      G      1.529115E-04   8.247288E-06  -1.974693E-02  -1.422375E-05   6.744959E-02   9.057831E-05
          4021      G      1.089796E-05   7.651033E-05   8.574395E-04  -6.063135E-03   8.972808E-03  -7.595969E-02
          4022      G     -2.697654E-05   7.865014E-05   1.616838E-03  -1.605547E-02   3.350378E-02  -2.636892E-01
          4023      G      6.141375E-05   3.636420E-05  -1.872146E-03   1.551277E-01   3.511064E-01   6.431898E-04
          4024      G      1.088579E-04   3.801832E-05   4.914497E-03  -8.984109E-02   5.784361E-02  -5.484022E-01
          4025      G      1.456228E-04   5.885976E-06  -6.489312E-03  -4.668585E-05   8.162888E-01   8.987468E-05
          4026      G      1.821192E-04   3.538871E-06   6.607382E-03  -4.769002E-05   7.746119E-02   1.670989E-04
          4027      G      2.056900E-07   8.573383E-05   5.750374E-04  -1.277291E-02   8.169689E-05   1.907852E-04
          4028      G     -2.027066E-05   7.981944E-05   4.028284E-04  -3.355568E-02   8.201333E-03   4.267279E-02
          4029      G     -4.213215E-05   3.248947E-05   4.830755E-04  -7.589002E-03  -2.652521E-03  -1.148588E-02
          4030      G     -3.502272E-06   3.659894E-05  -1.746763E-02  -7.006735E-01  -4.018704E-05   9.183287E-05
          4031      G     -2.359410E-05   2.542856E-05  -1.537014E-02  -5.649272E-01  -1.295035E-01   6.520788E-06
          4032      G     -2.890380E-05   7.096332E-06  -1.008079E-02  -4.162646E-01  -2.404975E-01   4.304452E-04
          4033      G     -2.495793E-05  -4.985028E-05   8.488742E-04   6.171222E-03  -8.719455E-03  -7.362516E-02
          4034      G      1.270923E-05  -5.185926E-05   1.604987E-03   1.674900E-02  -3.375433E-02  -2.625329E-01
          4035      G     -7.582885E-05  -1.002753E-05  -1.874683E-03  -1.544759E-01  -3.509488E-01   6.500444E-04
          4036      G     -1.228759E-04  -1.127539E-05   4.906493E-03   9.002152E-02  -5.765560E-02  -5.452563E-01
          4037      G      2.070950E-05   7.493300E-05   4.065453E-04  -3.364230E-02  -8.079800E-03  -4.236008E-02
1                                                       **STUDENT EDITION*    APRIL  18, 2026  MSC Nastran  3/ 3/26   PAGE    51
     DEFAULT                                                                                                                        
0                                                                                                            SUBCASE 1              
      EIGENVALUE =  2.545686E+06
          CYCLES =  2.539350E+02         R E A L   E I G E N V E C T O R   N O .          4
 
      POINT ID.   TYPE          T1             T2             T3             R1             R2             R3
          4038      G      4.260718E-05   2.272724E-05   4.889078E-04  -7.803552E-03   2.736801E-03   1.148819E-02
          4039      G      1.657730E-05   2.056573E-05  -1.537013E-02  -5.651409E-01   1.296014E-01   1.781612E-04
          4040      G      2.188863E-05  -2.744231E-06  -1.008020E-02  -4.165779E-01   2.404839E-01  -2.449582E-04
          4041      G      2.549803E-05  -6.481540E-05   8.584189E-04   5.957556E-03   9.018865E-03   7.560201E-02
          4042      G     -1.252915E-05  -7.188791E-05   1.619154E-03   1.598393E-02   3.363187E-02   2.638285E-01
          4043      G      6.882190E-05  -2.465820E-05  -1.871702E-03  -1.550817E-01   3.511894E-01  -4.625233E-04
          4044      G      1.163139E-04  -3.098346E-05   4.916799E-03   8.981317E-02   5.791948E-02   5.490404E-01
1                                                       **STUDENT EDITION*    APRIL  18, 2026  MSC Nastran  3/ 3/26   PAGE    52
     DEFAULT                                                                                                                        
0                                                                                                            SUBCASE 1              
      EIGENVALUE =  4.529556E+06
          CYCLES =  3.387255E+02         R E A L   E I G E N V E C T O R   N O .          5
 
      POINT ID.   TYPE          T1             T2             T3             R1             R2             R3
             1      G      0.0            0.0            0.0            0.0            0.0            0.0
             2      G      0.0            0.0            0.0            0.0            0.0            0.0
             3      G      0.0            0.0            0.0            0.0            0.0            0.0
             4      G      0.0            0.0            0.0            0.0            0.0            0.0
             5      G      0.0            0.0            0.0            0.0            0.0            0.0
             6      G      0.0            0.0            0.0            0.0            0.0            0.0
             7      G      0.0            0.0            0.0            0.0            0.0            0.0
             8      G      0.0            0.0            0.0            0.0            0.0            0.0
            10      G      8.072643E-06  -1.772686E-04  -3.271693E-04  -1.664039E-05  -5.344746E-05   1.021768E-02
            11      G      7.273610E-06   1.765182E-04  -3.276905E-04   1.915645E-05  -5.600657E-05  -1.023143E-02
            12      G      3.456125E-06  -3.343003E-07  -1.374878E-04  -1.020344E-04  -5.224282E-05  -2.748619E-03
            13      G      2.541221E-06   1.033320E-07  -1.374559E-04   1.029085E-04  -5.673575E-05   2.702986E-03
            14      G      3.390962E-06   6.406714E-07   1.376038E-04   1.010364E-04  -5.212285E-05  -2.745138E-03
            15      G      5.861376E-06  -7.122883E-07   1.416195E-04  -1.026943E-04  -4.071508E-05   2.581005E-03
            16      G      7.590291E-06   1.757405E-04   3.274784E-04   2.052576E-05  -5.462125E-05   1.011966E-02
            17      G      8.704451E-06  -1.745573E-04   3.242107E-04  -2.668644E-05  -4.944215E-05  -1.044754E-02
           100      G     -1.893328E-04  -2.186662E-05   9.727291E-03  -2.909776E-01  -5.470423E-02  -6.090344E-03
           101      G     -3.056306E-04  -4.095864E-07   1.706698E-02  -8.196319E-05  -7.442698E-03  -6.013408E-05
           102      G     -1.811686E-04   3.262731E-05   5.311507E-03  -1.527364E-01  -1.710350E-01  -8.813920E-04
           103      G     -9.011072E-05   1.938350E-07   8.922309E-03   5.897288E-05  -3.629629E-01   3.555693E-07
           104      G     -1.393582E-04   4.351702E-07   3.316417E-06   8.700377E-07  -1.257879E-01  -5.871071E-04
           105      G     -1.359802E-04   1.814229E-07   1.104483E-05   1.142597E-05  -3.631497E-02  -1.256524E-06
           106      G      2.521891E-05   4.779769E-05   1.431549E-04  -1.026943E-04  -4.071508E-05   2.581005E-03
           107      G      2.521891E-05  -2.108287E-05   1.420683E-04  -1.026943E-04  -4.071508E-05   2.581005E-03
           108      G     -1.921720E-05   6.503488E-07   8.045864E-06   1.099471E-04   7.932868E-05  -7.332136E-03
           109      G     -6.965210E-05  -2.529139E-04   3.247817E-04  -2.668644E-05  -4.944215E-05  -1.044754E-02
           110      G     -2.580298E-04  -1.087940E-03   7.129359E-03  -1.928105E-01  -1.059670E-02   1.200803E-01
           111      G     -6.965210E-05   3.896426E-05   3.234004E-04  -2.668644E-05  -4.944215E-05  -1.044754E-02
           112      G     -2.003888E-04  -5.601034E-05   8.821430E-03  -2.481222E-01   9.249728E-02  -1.214001E-02
           113      G     -4.035535E-04  -4.389019E-06   9.826487E-03  -2.626915E-04   1.055158E-02  -1.640143E-03
           114      G     -5.155886E-04  -6.553180E-07   1.387343E-02  -5.719329E-04   1.907911E-01   2.868998E-04
           115      G     -1.901859E-04   2.177272E-05  -9.738061E-03   2.911687E-01  -5.516597E-02  -6.099701E-03
           116      G     -3.060806E-04  -6.026824E-08  -1.705675E-02  -9.123558E-06  -7.458564E-03   4.763675E-06
           117      G     -1.811563E-04  -3.259418E-05  -5.312855E-03   1.526953E-01  -1.712324E-01  -8.594174E-04
           118      G     -9.029646E-05   1.794053E-07  -8.906323E-03   4.830549E-06  -3.631730E-01   5.193751E-06
           119      G      2.281362E-05  -5.069929E-05  -1.392941E-04   1.029085E-04  -5.673575E-05   2.702986E-03
           120      G      2.281362E-05   2.143666E-05  -1.377800E-04   1.029085E-04  -5.673575E-05   2.702986E-03
           121      G     -6.946212E-05   2.532539E-04  -3.282543E-04   1.915645E-05  -5.600657E-05  -1.023143E-02
           122      G     -2.566303E-04   1.086964E-03  -7.167988E-03   1.924743E-01  -1.086366E-02   1.228971E-01
           123      G     -6.946212E-05  -3.258667E-05  -3.266896E-04   1.915645E-05  -5.600657E-05  -1.023143E-02
           124      G     -2.013795E-04   5.440023E-05  -8.849917E-03   2.481783E-01   9.197988E-02  -1.213830E-02
           125      G     -4.054945E-04  -1.577144E-06  -9.821204E-03  -6.816549E-05   1.068382E-02  -7.134860E-05
           126      G     -5.164582E-04  -5.839519E-07  -1.386723E-02  -1.381584E-05   1.905879E-01   5.285024E-05
           127      G     -1.898219E-04   2.209085E-05   9.737233E-03   2.914163E-01  -5.528512E-02   6.132833E-03
           128      G     -1.811619E-04  -3.285167E-05   5.314149E-03   1.529119E-01  -1.710421E-01   8.698954E-04
           129      G     -1.393765E-04   2.448563E-07   3.684697E-06   1.558382E-04  -1.257890E-01   5.842230E-04
           130      G      2.397950E-05  -5.095419E-05   1.393412E-04   1.010364E-04  -5.212285E-05  -2.745138E-03
           131      G      2.397950E-05   2.230668E-05   1.379501E-04   1.010364E-04  -5.212285E-05  -2.745138E-03
           132      G     -1.964175E-05   1.658613E-07  -5.348263E-08  -8.638747E-06   2.585534E-04   7.329140E-03
           133      G     -6.830713E-05   2.516379E-04   3.280420E-04   2.052576E-05  -5.462125E-05   1.011966E-02
1                                                       **STUDENT EDITION*    APRIL  18, 2026  MSC Nastran  3/ 3/26   PAGE    53
     DEFAULT                                                                                                                        
0                                                                                                            SUBCASE 1              
      EIGENVALUE =  4.529556E+06
          CYCLES =  3.387255E+02         R E A L   E I G E N V E C T O R   N O .          5
 
      POINT ID.   TYPE          T1             T2             T3             R1             R2             R3
           134      G     -2.559512E-04   1.086448E-03   7.159747E-03   1.926944E-01  -1.087476E-02  -1.240608E-01
           135      G     -6.830713E-05  -3.107999E-05   3.265161E-04   2.052576E-05  -5.462125E-05   1.011966E-02
           136      G     -2.007489E-04   5.383384E-05   8.847624E-03   2.485746E-01   9.226915E-02   1.213250E-02
           137      G     -1.897750E-04  -2.208251E-05  -9.736477E-03  -2.912869E-01  -5.519902E-02   6.129022E-03
           138      G     -1.811136E-04   3.311237E-05  -5.310725E-03  -1.527415E-01  -1.712363E-01   8.760200E-04
           139      G      2.407077E-05   5.132599E-05  -1.392350E-04  -1.020344E-04  -5.224282E-05  -2.748619E-03
           140      G      2.407077E-05  -2.202778E-05  -1.378408E-04  -1.020344E-04  -5.224282E-05  -2.748619E-03
           141      G     -6.855993E-05  -2.539011E-04  -3.276950E-04  -1.664039E-05  -5.344746E-05   1.021768E-02
           142      G     -2.561538E-04  -1.089069E-03  -7.166468E-03  -1.925171E-01  -1.089973E-02  -1.229815E-01
           143      G     -6.855993E-05   3.155521E-05  -3.262018E-04  -1.664039E-05  -5.344746E-05   1.021768E-02
           144      G     -2.007514E-04  -5.535164E-05  -8.848518E-03  -2.482786E-01   9.200382E-02   1.215962E-02
           200      G     -7.120953E-05  -2.520733E-04   3.247817E-04  -2.668644E-05  -4.944215E-05  -1.044754E-02
           201      G     -7.120953E-05   3.980488E-05   3.234004E-04  -2.668644E-05  -4.944215E-05  -1.044754E-02
           202      G      2.393639E-05   5.103256E-05   1.431549E-04  -1.026943E-04  -4.071508E-05   2.581005E-03
           203      G      2.393639E-05  -1.784800E-05   1.420683E-04  -1.026943E-04  -4.071508E-05   2.581005E-03
           204      G      3.345461E-04   1.500872E-06   8.249417E-06   1.617781E-03  -1.477765E-02   6.106584E-02
           205      G     -8.835322E-04  -2.954606E-04   7.540271E-03  -1.520208E-01   5.159656E-02   5.523346E-02
           206      G     -1.095533E-03  -5.660644E-06   1.021190E-02  -6.206044E-03   7.721313E-02  -1.763771E-02
           207      G     -7.122633E-05   2.526505E-04  -3.282543E-04   1.915645E-05  -5.600657E-05  -1.023143E-02
           208      G     -7.122633E-05  -3.319010E-05  -3.266896E-04   1.915645E-05  -5.600657E-05  -1.023143E-02
           209      G      2.102644E-05  -5.394091E-05  -1.392941E-04   1.029085E-04  -5.673575E-05   2.702986E-03
           210      G      2.102644E-05   1.819504E-05  -1.377800E-04   1.029085E-04  -5.673575E-05   2.702986E-03
           211      G     -8.912253E-04   3.016758E-04  -7.590703E-03   1.577117E-01   5.203929E-02   7.543719E-02
           212      G     -1.145328E-03  -3.175874E-06  -1.020500E-02  -7.728572E-05   8.163171E-02  -9.683626E-05
           213      G     -7.002770E-05   2.509913E-04   3.280420E-04   2.052576E-05  -5.462125E-05   1.011966E-02
           214      G     -7.002770E-05  -3.172655E-05   3.265161E-04   2.052576E-05  -5.462125E-05   1.011966E-02
           215      G      2.233763E-05  -5.413683E-05   1.393412E-04   1.010364E-04  -5.212285E-05  -2.745138E-03
           216      G      2.233763E-05   1.912403E-05   1.379501E-04   1.010364E-04  -5.212285E-05  -2.745138E-03
           217      G      3.345413E-04   9.045506E-07   2.189239E-07   2.388705E-04  -1.665811E-02  -6.217281E-02
           218      G     -8.941250E-04   2.932006E-04   7.579751E-03   1.588266E-01   5.244914E-02  -7.835725E-02
           219      G     -7.024352E-05  -2.533770E-04  -3.276950E-04  -1.664039E-05  -5.344746E-05   1.021768E-02
           220      G     -7.024352E-05   3.207939E-05  -3.262018E-04  -1.664039E-05  -5.344746E-05   1.021768E-02
           221      G      2.242512E-05   5.454007E-05  -1.392350E-04  -1.020344E-04  -5.224282E-05  -2.748619E-03
           222      G      2.242512E-05  -1.881370E-05  -1.378408E-04  -1.020344E-04  -5.224282E-05  -2.748619E-03
           223      G     -8.916582E-04  -3.079712E-04  -7.588108E-03  -1.577371E-01   5.205174E-02  -7.596862E-02
           224      G     -5.051417E-04  -1.192698E-05   9.903320E-03  -2.775358E-01  -4.547208E-02  -1.174405E-02
           225      G     -6.976256E-04   4.428101E-07   1.706870E-02   8.177674E-05   2.362068E-02  -5.553063E-04
           226      G     -4.142122E-04  -3.334177E-06   5.381345E-03  -1.474765E-01  -1.793803E-01  -2.934126E-03
           227      G     -4.591952E-04   1.143095E-06   8.980990E-03   8.610310E-04  -3.599925E-01   1.332716E-04
           228      G     -4.395125E-04   5.661762E-07   5.762545E-05  -1.564535E-03  -1.092877E-01  -2.693538E-02
           229      G     -4.781934E-04   7.245299E-07   1.117297E-04   2.408051E-04  -1.089293E-02  -5.208682E-05
           230      G     -6.554736E-04  -1.554663E-06   9.377625E-03  -2.283504E-01   5.799252E-02  -7.592834E-03
           231      G     -9.382486E-04   3.435125E-06   1.436492E-02  -7.568047E-03   1.374120E-01   4.124609E-03
           232      G     -5.136848E-04   1.140546E-05  -9.857281E-03   2.783257E-01  -4.940442E-02  -1.164161E-02
           233      G     -6.845430E-04  -2.213481E-07  -1.701558E-02   8.071396E-05   2.136540E-02   2.453208E-05
           234      G     -4.163906E-04   5.847546E-06  -5.274972E-03   1.463436E-01  -1.791079E-01  -2.869191E-03
           235      G     -4.536258E-04   3.120737E-07  -8.826350E-03  -2.279416E-04  -3.626774E-01   2.745757E-05
           236      G     -6.672093E-04  -7.350426E-06  -9.441895E-03   2.349897E-01   5.916157E-02  -7.698108E-03
           237      G     -9.459812E-04  -1.669121E-06  -1.440627E-02  -2.309476E-05   1.429690E-01   8.779307E-05
           238      G     -5.081197E-04   1.405575E-05   9.867600E-03   2.784073E-01  -4.995220E-02   1.200250E-02
1                                                       **STUDENT EDITION*    APRIL  18, 2026  MSC Nastran  3/ 3/26   PAGE    54
     DEFAULT                                                                                                                        
0                                                                                                            SUBCASE 1              
      EIGENVALUE =  4.529556E+06
          CYCLES =  3.387255E+02         R E A L   E I G E N V E C T O R   N O .          5
 
      POINT ID.   TYPE          T1             T2             T3             R1             R2             R3
           239      G     -4.151338E-04   4.318053E-06   5.330603E-03   1.475027E-01  -1.767402E-01   2.934413E-03
           240      G     -4.399002E-04   5.367817E-07   5.032810E-05   1.281796E-03  -1.092262E-01   2.718419E-02
           241      G     -6.622868E-04   4.301980E-07   9.446875E-03   2.361601E-01   5.721477E-02   7.560453E-03
           242      G     -5.131542E-04  -1.207821E-05  -9.865003E-03  -2.783434E-01  -4.918490E-02   1.166518E-02
           243      G     -4.164112E-04  -4.911640E-06  -5.279631E-03  -1.457630E-01  -1.796310E-01   2.893981E-03
           244      G     -6.666684E-04   5.345565E-06  -9.443274E-03  -2.349906E-01   5.939873E-02   7.754154E-03
           300      G      6.294830E-04  -2.289485E-03   1.911154E-03  -1.268030E+00   2.945651E-01   3.882850E-02
           301      G      1.387823E-03  -1.019170E-02   1.918373E-03  -2.279822E+00   4.045345E-01   1.297310E-01
           302      G     -1.522154E-04  -2.121194E-04   7.253130E-05  -5.102977E-02   5.015013E-01  -5.960338E-01
           303      G      1.644530E-03   4.918833E-04   6.381507E-04  -1.198896E-01   4.982359E-01   2.557868E-02
           304      G     -1.606674E-04  -3.427199E-03   2.114335E-03  -2.226896E+00  -1.226798E+00  -3.894994E-02
           305      G     -8.974273E-03  -9.974694E-04   9.829820E-03   7.362722E-01   3.510658E+00   3.970657E-02
           306      G     -1.039975E-02   1.943203E-06   1.401783E-02  -8.968532E-03   5.401165E+00  -3.855804E-02
           307      G      3.979094E-04   2.056607E-03  -1.952098E-03   1.218933E+00   5.152927E-01  -8.190693E-03
           308      G      1.389502E-03   1.082190E-02  -1.924326E-03   2.400463E+00   7.577463E-01   1.269824E-01
           309      G      1.848692E-03  -7.445711E-04  -6.737280E-04   5.167131E-02   5.870822E-01   8.368044E-03
           310      G     -3.595614E-04   3.744730E-03  -1.923400E-03   2.717852E+00  -2.056378E+00   4.766625E-02
           311      G     -9.208510E-03   1.272134E-03  -9.854281E-03  -1.125311E+00   3.559669E+00   4.163221E-02
           312      G     -1.056322E-02  -1.059143E-05  -1.406518E-02  -1.220797E-05   5.438188E+00  -1.836212E-04
           313      G      4.302868E-04   2.124921E-03   1.956771E-03   1.217847E+00   5.211432E-01   7.887798E-03
           314      G      1.439854E-03   1.100224E-02   1.902666E-03   2.431408E+00   7.273150E-01  -1.346590E-01
           315      G     -7.170985E-05   1.274019E-05   3.169356E-06   5.035236E-03   6.015278E-01   6.125734E-01
           316      G      1.868549E-03  -7.290876E-04   6.743333E-04   4.812066E-02   5.908307E-01  -1.013168E-02
           317      G     -3.388582E-04   3.818740E-03   1.925692E-03   2.726491E+00  -2.056819E+00  -4.838062E-02
           318      G     -9.149921E-03   1.281059E-03   9.847197E-03  -1.121246E+00   3.559962E+00  -4.812907E-02
           319      G      4.321830E-04  -2.107087E-03  -1.957771E-03  -1.213074E+00   5.214493E-01   9.580172E-03
           320      G      1.443976E-03  -1.089186E-02  -1.895369E-03  -2.402814E+00   7.329796E-01  -1.343079E-01
           321      G      1.871628E-03   7.243744E-04  -6.685367E-04  -4.971914E-02   5.867052E-01  -8.325848E-03
           322      G     -3.315738E-04  -3.781941E-03  -1.922258E-03  -2.712660E+00  -2.056713E+00  -4.832813E-02
           323      G     -9.177143E-03  -1.292185E-03  -9.855547E-03   1.126340E+00   3.567071E+00  -4.183377E-02
           324      G     -6.338788E-04  -8.126998E-03   1.780564E+00  -4.490991E+01  -4.155278E+00  -1.525507E-02
           325      G     -2.532130E-03   5.427223E-06   2.605508E+00  -4.138245E-03   2.533123E+00   5.050009E-04
           326      G     -3.742148E-03   1.730303E-04   1.120591E+00  -2.634977E+01  -3.242485E+01   5.611563E-02
           327      G      2.413480E-02   4.928154E-05   1.511329E+00   1.152922E-01  -5.460116E+01   2.005388E-04
           328      G      7.060787E-04   4.145683E-05   3.318262E-03  -7.915146E-03  -2.886749E+01   3.477102E-01
           329      G      1.119866E-02   1.675768E-05   3.568592E-03   4.803338E-03  -2.182682E+00  -1.707939E-03
           330      G     -7.179123E-04   2.256792E-04   1.065709E+00  -2.606841E+01   4.578190E+01  -7.355970E-02
           331      G     -2.371794E-02   1.149860E-04   1.517006E+00   8.392678E-02   5.089185E+01   8.660595E-03
           332      G     -6.482313E-04   8.246780E-03  -1.781136E+00   4.492364E+01  -4.370155E+00  -4.738490E-03
           333      G     -2.587271E-03  -1.661369E-05  -2.607065E+00   5.107449E-03   2.544603E+00   3.116528E-04
           334      G     -3.816320E-03  -1.975470E-04  -1.116343E+00   2.617173E+01  -3.238635E+01   5.601703E-02
           335      G      2.417880E-02   1.691281E-05  -1.507844E+00   1.706573E-02  -5.476796E+01   1.224496E-03
           336      G     -7.905546E-04  -3.266172E-04  -1.069601E+00   2.559456E+01   4.566372E+01  -7.442830E-02
           337      G     -2.382811E-02  -1.307072E-05  -1.518182E+00   5.231205E-03   5.088607E+01  -3.141367E-04
           338      G     -5.969788E-04   8.337110E-03   1.781218E+00   4.489365E+01  -4.332979E+00   4.592769E-03
           339      G     -3.793962E-03  -1.047099E-04   1.119395E+00   2.616124E+01  -3.226046E+01  -5.468059E-02
           340      G      6.225229E-04   4.785037E-05   2.472305E-03   6.477604E-02  -2.884940E+01  -3.478897E-01
           341      G     -7.286426E-04  -2.631694E-04   1.068964E+00   2.552637E+01   4.566311E+01   7.317820E-02
           342      G     -6.282845E-04  -8.281707E-03  -1.781381E+00  -4.491580E+01  -4.367720E+00   4.952669E-03
           343      G     -3.821010E-03   1.463629E-04  -1.116973E+00  -2.616327E+01  -3.236528E+01  -5.453561E-02
1                                                       **STUDENT EDITION*    APRIL  18, 2026  MSC Nastran  3/ 3/26   PAGE    55
     DEFAULT                                                                                                                        
0                                                                                                            SUBCASE 1              
      EIGENVALUE =  4.529556E+06
          CYCLES =  3.387255E+02         R E A L   E I G E N V E C T O R   N O .          5
 
      POINT ID.   TYPE          T1             T2             T3             R1             R2             R3
           344      G     -7.657218E-04   2.941582E-04  -1.069777E+00  -2.559388E+01   4.566824E+01   7.445838E-02
           400      G      7.360679E-04   4.231461E-06   1.392067E-03  -2.533644E-02  -6.006009E-03   6.438032E-03
           401      G      5.682143E-04   1.383187E-04   1.075760E-03   1.010753E-02   3.508851E-03  -2.664186E-02
           402      G      6.942619E-04   4.268429E-05   6.071558E-06  -1.177752E-03  -4.637770E-02   3.086109E-02
           403      G      7.448713E-04   8.812487E-04   1.857415E-03  -4.874395E-02  -2.664256E-02  -6.586386E-03
           404      G      9.168748E-04   5.394700E-04   1.568869E-03   8.812921E-03   2.980450E-03   4.387751E-02
           405      G      1.319077E-03   8.198477E-04   7.651919E-03  -1.133343E-01   6.909501E-02  -3.778657E-02
           406      G      1.592405E-03   6.860280E-05   1.061223E-02  -3.698958E-04   5.729885E-02  -5.947675E-03
           407      G      7.310260E-04   8.216846E-05  -1.413816E-03   2.323697E-02  -1.152166E-02   8.929824E-03
           408      G      5.385284E-04  -7.925301E-05  -1.083399E-03  -1.707714E-02   4.335414E-03  -3.261923E-02
           409      G      7.076056E-04  -7.952506E-04  -1.824010E-03   5.987191E-02  -3.999130E-02  -6.568611E-03
           410      G      9.123825E-04  -5.641354E-04  -1.464003E-03  -3.509317E-02   1.468366E-02   4.650492E-02
           411      G      1.309052E-03  -7.905311E-04  -7.643840E-03   1.164056E-01   6.970108E-02  -4.566727E-02
           412      G      1.584823E-03  -1.663732E-06  -1.066135E-02  -4.814351E-04   5.865999E-02   2.461582E-04
           413      G      7.680217E-04   1.150510E-04   1.419863E-03   2.331452E-02  -1.161361E-02  -8.425825E-03
           414      G      5.801201E-04  -6.978425E-05   1.101667E-03  -1.830994E-02   5.612924E-03   3.254441E-02
           415      G      7.311945E-04   3.912082E-05   3.355251E-07  -1.693044E-03  -5.047145E-02  -3.219682E-02
           416      G      7.410936E-04  -7.540930E-04   1.825833E-03   5.977214E-02  -4.115131E-02   6.914632E-03
           417      G      9.478421E-04  -5.310673E-04   1.468789E-03  -3.739682E-02   1.549690E-02  -4.620740E-02
           418      G      1.330483E-03  -7.454781E-04   7.629010E-03   1.147526E-01   6.997455E-02   4.598869E-02
           419      G      7.724647E-04  -4.106777E-05  -1.420655E-03  -2.690272E-02  -1.162192E-02  -8.172288E-03
           420      G      5.818112E-04   1.395040E-04  -1.096880E-03   1.329282E-02   5.581772E-03   3.277040E-02
           421      G      7.514756E-04   7.947755E-04  -1.817920E-03  -6.202240E-02  -3.795978E-02   7.252181E-03
           422      G      9.545447E-04   5.856602E-04  -1.466062E-03   3.097027E-02   1.478787E-02  -4.575296E-02
           423      G      1.329991E-03   7.878284E-04  -7.640982E-03  -1.168750E-01   6.994314E-02   4.626024E-02
           424      G      1.347125E-03   1.119500E-04   1.301787E-02  -3.210519E-01  -3.224678E-02   1.432114E-02
           425      G      1.654404E-03   4.860240E-05   2.240207E-02  -2.898363E-03   2.213211E-02  -4.808870E-05
           426      G      1.304074E-03   6.258136E-05   7.081474E-03  -1.756334E-01  -2.388203E-01   8.033562E-03
           427      G      1.828703E-03   4.028542E-05   1.169216E-02  -5.474629E-03  -4.553575E-01   2.837911E-04
           428      G      1.291800E-03   3.895720E-05  -3.284734E-06  -8.659121E-04  -1.337205E-01   1.146626E-02
           429      G      1.744846E-03   3.786723E-05  -2.851136E-05  -2.080749E-03  -9.812155E-03   1.825059E-04
           430      G      1.340522E-03   2.713646E-04   1.079220E-02  -2.550289E-01   1.069020E-01   1.026418E-02
           431      G      1.590789E-03   4.481690E-05   1.723907E-02  -1.353429E-02   2.196793E-01   1.811668E-03
           432      G      1.345105E-03  -5.846822E-05  -1.297382E-02   3.165611E-01  -2.410698E-02   1.380048E-02
           433      G      1.652643E-03   2.146675E-05  -2.238081E-02  -1.757731E-03   2.213946E-02   3.360819E-04
           434      G      1.308228E-03   1.343743E-05  -7.101118E-03   1.770772E-01  -2.412879E-01   8.427738E-03
           435      G      1.827366E-03   3.008153E-05  -1.172008E-02  -2.359588E-03  -4.536537E-01   3.367526E-04
           436      G      1.329242E-03  -2.062728E-04  -1.062434E-02   2.780503E-01   1.021634E-01   1.049037E-02
           437      G      1.588002E-03   1.009570E-05  -1.726529E-02  -1.460457E-03   2.178909E-01   5.010641E-04
           438      G      1.365700E-03  -3.265841E-05   1.301625E-02   3.161429E-01  -2.625913E-02  -1.338101E-02
           439      G      1.325242E-03   2.676207E-05   7.111129E-03   1.778394E-01  -2.421878E-01  -7.935059E-03
           440      G      1.308848E-03   3.722995E-05  -3.306137E-06  -1.396077E-03  -1.331529E-01  -1.067852E-02
           441      G      1.352889E-03  -1.647435E-04   1.069014E-02   2.833851E-01   1.043669E-01  -1.012766E-02
           442      G      1.364672E-03   1.005457E-04  -1.297752E-02  -3.167683E-01  -2.411710E-02  -1.341971E-02
           443      G      1.325236E-03   4.738554E-05  -7.096726E-03  -1.772285E-01  -2.419592E-01  -7.855832E-03
           444      G      1.350039E-03   2.267904E-04  -1.062628E-02  -2.772836E-01   1.024948E-01  -9.843808E-03
           445      G      2.720178E-05   2.086697E-03   2.227177E-03  -7.205465E-02  -2.038347E-02  -4.051397E-02
           446      G      1.814330E-04   7.705360E-04   1.579736E-03  -4.035545E-02  -1.653355E-02   3.331918E-02
           447      G      1.959088E-04   3.039941E-04   1.310618E-03  -1.546750E-02  -7.627291E-03   2.050142E-02
           448      G      1.457716E-04   9.967127E-05   8.682272E-04  -1.643676E-02  -2.482203E-02   1.034941E-02
1                                                       **STUDENT EDITION*    APRIL  18, 2026  MSC Nastran  3/ 3/26   PAGE    56
     DEFAULT                                                                                                                        
0                                                                                                            SUBCASE 1              
      EIGENVALUE =  4.529556E+06
          CYCLES =  3.387255E+02         R E A L   E I G E N V E C T O R   N O .          5
 
      POINT ID.   TYPE          T1             T2             T3             R1             R2             R3
           449      G      4.105615E-05   2.382332E-05  -2.545671E-06  -7.973362E-04  -3.374949E-02  -1.575574E-02
           450      G      7.304094E-04   1.608001E-03   7.275426E-03  -1.263042E-01  -8.753666E-02  -8.586374E-02
           451      G      9.336997E-04   4.138819E-05   9.826992E-03   4.444066E-04  -1.430033E-01   7.682979E-04
           452      G      1.406583E-05  -2.057927E-03  -2.185742E-03   7.042107E-02  -1.813065E-02  -4.196695E-02
           453      G      1.768932E-04  -7.247654E-04  -1.537398E-03   4.147504E-02  -1.642359E-02   3.388488E-02
           454      G      1.986708E-04  -2.544458E-04  -1.296120E-03   8.217721E-03  -5.677201E-03   2.138793E-02
           455      G      1.461115E-04  -5.052606E-05  -8.766617E-04   1.249302E-02  -2.508454E-02   1.029619E-02
           456      G      7.325994E-04  -1.567553E-03  -7.275491E-03   1.277433E-01  -8.724857E-02  -8.558324E-02
           457      G      9.375800E-04   2.641429E-07  -9.861079E-03  -3.529868E-06  -1.456426E-01   2.154892E-04
           458      G      5.245108E-05  -2.005649E-03   2.187967E-03   7.006735E-02  -1.788553E-02   4.235890E-02
           459      G      2.146045E-04  -6.896153E-04   1.542422E-03   4.290642E-02  -1.647113E-02  -3.335995E-02
           460      G      2.366441E-04  -2.328748E-04   1.306615E-03   1.030092E-02  -5.530177E-03  -2.129032E-02
           461      G      1.810392E-04  -3.999451E-05   8.887032E-04   1.546984E-02  -2.527449E-02  -9.981769E-03
           462      G      7.147210E-05   2.528691E-05   3.301494E-06   1.471370E-03  -3.443325E-02   1.720848E-02
           463      G      7.488964E-04  -1.513517E-03   7.252960E-03   1.268992E-01  -8.750882E-02   8.494484E-02
           464      G      5.655725E-05   2.058382E-03  -2.180308E-03  -6.984565E-02  -1.838385E-02   4.242462E-02
           465      G      2.190986E-04   7.390533E-04  -1.537807E-03  -4.101859E-02  -1.613803E-02  -3.360248E-02
           466      G      2.389700E-04   2.819213E-04  -1.301867E-03  -8.379224E-03  -5.456162E-03  -2.122945E-02
           467      G      1.822092E-04   8.883965E-05  -8.857929E-04  -1.218606E-02  -2.526332E-02  -9.946823E-03
           468      G      7.517023E-04   1.568234E-03  -7.271984E-03  -1.279414E-01  -8.724305E-02   8.606418E-02
           469      G      4.761626E-04   1.565772E-03   4.459919E-03  -1.269273E-01  -5.304121E-02   5.140201E-02
           470      G      5.067077E-04   7.865103E-04   3.910558E-03  -1.708384E-01  -1.514559E-02   1.243143E-02
           471      G      5.105636E-04   2.751098E-04   3.313689E-03  -1.307051E-01  -2.555614E-02   1.294199E-02
           472      G      4.785109E-04   1.207037E-04   2.204457E-03  -8.750710E-02  -6.067217E-02   8.960694E-03
           473      G      4.751207E-04   2.543955E-05   1.404073E-04  -8.588392E-03  -7.792095E-02   1.911979E-02
           474      G      8.217981E-04   5.115287E-04   6.921537E-03  -9.412419E-02   1.176190E-02   2.983721E-02
           475      G      8.144485E-04   2.379088E-04   6.585902E-03  -1.463725E-01  -4.271834E-02   8.308530E-03
           476      G      7.748239E-04   9.189789E-05   4.338756E-03  -8.864560E-02  -1.193849E-01   8.317697E-03
           477      G      7.583052E-04   2.565522E-05   3.790507E-04  -1.008030E-02  -1.509233E-01   7.542999E-03
           478      G      8.317707E-04   6.686342E-04   9.228830E-03  -6.619983E-02  -1.104801E-01   2.192748E-02
           479      G      1.052434E-03   3.551158E-04   8.959369E-03  -9.410036E-02   3.690602E-02   4.601870E-03
           480      G      1.002899E-03   1.287640E-04   8.973171E-03  -7.340806E-02  -5.257800E-02   6.348388E-03
           481      G      9.579499E-04   6.595130E-05   5.968654E-03  -5.736116E-02  -1.592622E-01   4.001604E-03
           482      G      1.086456E-03   4.009555E-05   9.666514E-03   3.153393E-04   3.809067E-02   5.065453E-05
           483      G      1.084977E-03   3.477332E-05   9.700351E-03   4.947297E-04  -4.745342E-02   2.136834E-04
           484      G      1.018405E-03   2.975426E-05   6.581009E-03   2.607800E-04  -1.696892E-01   1.966610E-04
           485      G      9.338357E-04   2.529543E-05   5.702475E-04  -6.356171E-03  -2.102922E-01   4.148102E-03
           486      G      9.976113E-04   2.465852E-05   6.430594E-04   9.167378E-05  -2.347813E-01   2.063311E-04
           487      G      4.738986E-04  -1.528632E-03  -4.422182E-03   1.285146E-01  -5.177890E-02   5.214143E-02
           488      G      5.056512E-04  -7.401599E-04  -3.811937E-03   1.670378E-01  -1.808349E-02   1.254609E-02
           489      G      5.091671E-04  -2.255204E-04  -3.083669E-03   1.208703E-01  -2.918222E-02   1.285086E-02
           490      G      4.783436E-04  -7.062525E-05  -1.925873E-03   7.152085E-02  -6.094138E-02   8.969881E-03
           491      G      8.221130E-04  -4.655001E-04  -6.735159E-03   9.088899E-02   2.865419E-03   2.995974E-02
           492      G      8.141633E-04  -1.883923E-04  -6.095493E-03   1.358960E-01  -5.185657E-02   8.404589E-03
           493      G      7.745294E-04  -4.129247E-05  -3.643662E-03   7.164935E-02  -1.242922E-01   8.358376E-03
           494      G      8.344360E-04  -6.265828E-04  -9.249142E-03   6.722135E-02  -1.122983E-01   2.215093E-02
           495      G      1.053616E-03  -3.088565E-04  -8.705637E-03   9.220531E-02   2.457879E-02   4.648238E-03
           496      G      1.003197E-03  -7.975260E-05  -8.288014E-03   6.741919E-02  -6.639934E-02   6.402188E-03
           497      G      9.578801E-04  -1.584000E-05  -4.952079E-03   4.690856E-02  -1.680653E-01   4.050131E-03
           498      G      1.087790E-03   7.155847E-06  -9.392753E-03   2.107526E-05   2.453046E-02   2.378627E-04
1                                                       **STUDENT EDITION*    APRIL  18, 2026  MSC Nastran  3/ 3/26   PAGE    57
     DEFAULT                                                                                                                        
0                                                                                                            SUBCASE 1              
      EIGENVALUE =  4.529556E+06
          CYCLES =  3.387255E+02         R E A L   E I G E N V E C T O R   N O .          5
 
      POINT ID.   TYPE          T1             T2             T3             R1             R2             R3
           499      G      1.085462E-03   1.365367E-05  -8.952310E-03   5.256558E-05  -6.269335E-02   2.226122E-04
           500      G      1.018683E-03   1.937804E-05  -5.448403E-03   5.915916E-05  -1.806852E-01   2.119434E-04
           501      G      5.008222E-04  -1.477673E-03   4.415311E-03   1.279959E-01  -5.158357E-02  -5.140469E-02
           502      G      5.333949E-04  -7.049632E-04   3.880064E-03   1.697024E-01  -1.473371E-02  -1.206215E-02
           503      G      5.362384E-04  -2.051640E-04   3.272054E-03   1.310217E-01  -2.562701E-02  -1.231038E-02
           504      G      5.049551E-04  -6.186776E-05   2.197441E-03   8.661256E-02  -5.931447E-02  -8.533213E-03
           505      G      5.019628E-04   2.382629E-05   1.480211E-04   8.364551E-03  -7.804585E-02  -1.901375E-02
           506      G      8.391589E-04  -4.321918E-04   6.889974E-03   9.492670E-02   1.159446E-02  -2.925973E-02
           507      G      8.314773E-04  -1.680730E-04   6.551313E-03   1.467541E-01  -4.243063E-02  -7.958184E-03
           508      G      7.921571E-04  -3.262409E-05   4.323762E-03   8.866798E-02  -1.188162E-01  -7.930952E-03
           509      G      7.760999E-04   2.365228E-05   3.778149E-04   9.729323E-03  -1.506386E-01  -7.077234E-03
           510      G      8.415601E-04  -5.798999E-04   9.215910E-03   6.664219E-02  -1.105434E-01  -2.152777E-02
           511      G      1.060266E-03  -2.756035E-04   8.942135E-03   9.493755E-02   3.654800E-02  -4.209831E-03
           512      G      1.011503E-03  -5.914999E-05   8.951999E-03   7.428820E-02  -5.233338E-02  -5.958253E-03
           513      G      9.666677E-04  -6.473653E-06   5.957981E-03   5.769696E-02  -1.590076E-01  -3.598775E-03
           514      G      9.427764E-04   2.401304E-05   5.665633E-04   6.416983E-03  -2.101005E-01  -3.748868E-03
           515      G      5.040877E-04   1.529313E-03  -4.413496E-03  -1.286313E-01  -5.188127E-02  -5.164026E-02
           516      G      5.354077E-04   7.545469E-04  -3.809454E-03  -1.670884E-01  -1.771148E-02  -1.200890E-02
           517      G      5.378368E-04   2.531595E-04  -3.090075E-03  -1.208295E-01  -2.893955E-02  -1.233754E-02
           518      G      5.055329E-04   1.099125E-04  -1.930606E-03  -7.153152E-02  -6.142709E-02  -8.541690E-03
           519      G      8.410328E-04   4.799003E-04  -6.735326E-03  -9.098774E-02   3.052360E-03  -2.948591E-02
           520      G      8.326669E-04   2.159429E-04  -6.099931E-03  -1.357903E-01  -5.179867E-02  -7.959403E-03
           521      G      7.926930E-04   8.027923E-05  -3.647295E-03  -7.155254E-02  -1.244359E-01  -7.949703E-03
           522      G      8.438072E-04   6.273015E-04  -9.248395E-03  -6.730108E-02  -1.122907E-01  -2.166532E-02
           523      G      1.062969E-03   3.231662E-04  -8.706434E-03  -9.217770E-02   2.464841E-02  -4.187798E-03
           524      G      1.012422E-03   1.071303E-04  -8.290137E-03  -6.730234E-02  -6.640326E-02  -5.956206E-03
           525      G      9.669758E-04   5.466084E-05  -4.954326E-03  -4.683401E-02  -1.680285E-01  -3.620936E-03
          1000      G     -2.927612E-04  -2.364374E-07   7.597541E-06   1.099278E-04   7.930413E-05  -1.294310E-01
          1001      G     -2.889966E-04  -1.748382E-05   1.434370E-04  -1.396942E-04  -3.921718E-05  -1.591157E-01
          1002      G     -2.842017E-04   4.591541E-05   1.446259E-04  -1.031195E-04  -4.358149E-05  -1.567189E-01
          1003      G     -3.113921E-04   1.261648E-07   1.195462E-06  -1.517620E-04  -2.307116E-01  -7.184857E-04
          1004      G     -3.160796E-04   1.205467E-06   5.763973E-03  -1.943952E-01  -1.670439E-01  -2.456575E-04
          1005      G     -3.080002E-04   2.519609E-05   9.753096E-03  -3.642167E-01  -9.380315E-02  -3.881433E-04
          1006      G     -4.143977E-04   8.691198E-08   1.104545E-05   1.142368E-05  -3.633845E-02   2.231163E-06
          1007      G     -3.675591E-04   3.957700E-07   9.260575E-03  -3.059121E-05  -5.468075E-01   1.141535E-06
          1008      G     -3.628790E-04   2.523996E-07   1.706805E-02  -8.196189E-05  -7.441678E-03  -9.571592E-07
          1009      G     -2.501124E-04   1.179900E-04   3.244250E-04  -1.812753E-05  -8.053933E-05  -7.714290E-02
          1010      G     -2.641058E-04  -5.511434E-05   3.244307E-04  -3.988755E-05  -4.648830E-05  -8.739830E-02
          1011      G     -3.361306E-04   1.100090E-05   9.135654E-03  -2.906690E-01   1.234059E-01  -5.545366E-04
          1012      G     -3.445455E-04   2.181211E-05   7.087417E-03  -1.928030E-01  -1.058512E-02   1.104498E-01
          1013      G     -3.354458E-04   6.409061E-07   1.423975E-02  -2.214259E-04   2.267498E-01   9.481818E-08
          1014      G     -3.199652E-04   3.123833E-07   9.872097E-03  -2.627638E-04   1.058201E-02   3.591037E-04
          1015      G     -2.894863E-04   1.780955E-05  -1.391397E-04   1.399764E-04  -5.533570E-05  -1.582167E-01
          1016      G     -2.851409E-04  -4.854023E-05  -1.407707E-04   1.022507E-04  -5.966242E-05  -1.560443E-01
          1017      G     -3.163768E-04  -1.513347E-06  -5.769166E-03   1.940882E-01  -1.672702E-01  -2.518438E-04
          1018      G     -3.090460E-04  -2.422625E-05  -9.766455E-03   3.640204E-01  -9.417473E-02  -3.903439E-04
          1019      G     -3.679613E-04   7.783487E-08  -9.244573E-03   5.145040E-06  -5.471428E-01   9.163124E-07
          1020      G     -3.634459E-04   1.357387E-08  -1.705782E-02  -9.130834E-06  -7.457564E-03   2.006001E-06
          1021      G     -2.522572E-04  -1.131642E-04  -3.276706E-04   1.214766E-05  -8.644358E-05  -7.859108E-02
          1022      G     -2.654657E-04   5.416225E-05  -3.278581E-04   3.232119E-05  -5.332316E-05  -8.832600E-02
1                                                       **STUDENT EDITION*    APRIL  18, 2026  MSC Nastran  3/ 3/26   PAGE    58
     DEFAULT                                                                                                                        
0                                                                                                            SUBCASE 1              
      EIGENVALUE =  4.529556E+06
          CYCLES =  3.387255E+02         R E A L   E I G E N V E C T O R   N O .          5
 
      POINT ID.   TYPE          T1             T2             T3             R1             R2             R3
          1023      G     -3.369563E-04  -1.083747E-05  -9.163099E-03   2.904181E-01   1.229277E-01  -5.526830E-04
          1024      G     -3.452750E-04  -2.014529E-05  -7.124962E-03   1.924670E-01  -1.085195E-02   1.075915E-01
          1025      G     -3.361892E-04  -8.035031E-08  -1.423418E-02  -4.201898E-05   2.265555E-01   1.845451E-06
          1026      G     -3.208163E-04  -1.053470E-07  -9.867353E-03  -6.814894E-05   1.071431E-02   5.281398E-04
          1027      G     -2.927818E-04   2.371802E-07  -8.700441E-08  -8.633548E-06   2.585035E-04   1.299610E-01
          1028      G     -2.892464E-04   1.865581E-05   1.393076E-04   1.382944E-04  -5.068636E-05   1.587393E-01
          1029      G     -2.848052E-04  -4.872260E-05   1.408101E-04   1.001618E-04  -5.506217E-05   1.565191E-01
          1030      G     -3.115006E-04   2.229384E-07   3.326315E-06   2.118746E-04  -2.307669E-01   7.171206E-04
          1031      G     -3.161476E-04  -1.232059E-06   5.770167E-03   1.944337E-01  -1.671400E-01   2.551117E-04
          1032      G     -3.085441E-04  -2.367468E-05   9.764342E-03   3.642559E-01  -9.409494E-02   3.861254E-04
          1033      G     -2.518225E-04  -1.121214E-04   3.275051E-04   1.377944E-05  -8.493812E-05   7.908501E-02
          1034      G     -2.642420E-04   5.276814E-05   3.276518E-04   3.327371E-05  -5.230049E-05   8.836515E-02
          1035      G     -3.362111E-04  -1.085140E-05   9.157432E-03   2.906165E-01   1.230899E-01   5.495730E-04
          1036      G     -3.446860E-04  -1.972048E-05   7.116683E-03   1.926870E-01  -1.086301E-02  -1.077945E-01
          1037      G     -2.893687E-04  -1.834758E-05  -1.392021E-04  -1.393573E-04  -5.079361E-05   1.588488E-01
          1038      G     -2.850093E-04   4.910007E-05  -1.407070E-04  -1.011295E-04  -5.517720E-05   1.566694E-01
          1039      G     -3.163386E-04   1.619035E-06  -5.766001E-03  -1.941425E-01  -1.672775E-01   2.570666E-04
          1040      G     -3.089592E-04   2.409463E-05  -9.764016E-03  -3.640657E-01  -9.421151E-02   3.923062E-04
          1041      G     -2.521727E-04   1.125800E-04  -3.271785E-04  -9.790957E-06  -8.381121E-05   7.903292E-02
          1042      G     -3.368399E-04   1.082139E-05  -9.160957E-03  -2.904565E-01   1.229269E-01   5.552893E-04
          1043      G     -3.450978E-04   1.979687E-05  -7.123296E-03  -1.925097E-01  -1.088804E-02  -1.068054E-01
          1044      G     -2.652805E-04  -5.411346E-05  -3.272990E-04  -2.976895E-05  -5.080799E-05   8.870307E-02
          2000      G     -3.892838E-04  -1.064305E-05   1.792353E-06   1.614757E-03  -1.477722E-02  -3.633063E-01
          2001      G     -3.906616E-04  -1.437730E-05   1.435271E-04  -1.382255E-04  -3.796801E-05  -2.091844E-01
          2002      G     -3.847985E-04   5.001251E-05   1.444870E-04  -1.037712E-04  -4.395929E-05  -2.062530E-01
          2003      G     -4.259838E-04  -2.280700E-06   5.285160E-05  -2.910813E-03  -2.403997E-01  -8.839264E-04
          2004      G     -4.287637E-04   9.537634E-07   5.833565E-03  -1.868447E-01  -1.645400E-01  -2.665830E-04
          2005      G     -4.170567E-04   3.826347E-05   9.921113E-03  -3.468901E-01  -1.012363E-01  -4.063771E-04
          2006      G     -5.455532E-04  -1.189637E-06   1.117397E-04   2.408286E-04  -1.091478E-02   1.851841E-06
          2007      G     -4.963460E-04  -4.939332E-07   9.275561E-03   6.434061E-05  -5.695112E-01   4.052000E-07
          2008      G     -5.035572E-04  -2.140729E-07   1.706982E-02   8.184347E-05   2.361765E-02   5.774731E-06
          2009      G     -3.338283E-04   1.578817E-04   3.245372E-04  -1.856617E-05  -7.933016E-05  -1.177427E-01
          2010      G     -3.222641E-04  -3.229318E-06   3.250183E-04  -3.722172E-05  -5.434109E-05  -1.142921E-01
          2011      G     -4.508165E-04   3.463173E-05   9.868508E-03  -2.721485E-01   9.011401E-02  -8.515109E-04
          2012      G     -4.725866E-04   4.336627E-05   7.746555E-03  -1.520245E-01   5.159954E-02   3.786759E-01
          2013      G     -4.810914E-04   1.036375E-06   1.483104E-02  -2.387631E-03   1.719687E-01   1.803697E-05
          2014      G     -4.807934E-04   2.458111E-06   1.052325E-02  -6.204534E-03   7.724910E-02   3.814530E-02
          2015      G     -3.900655E-04   1.428457E-05  -1.392320E-04   1.399375E-04  -5.393742E-05  -2.074947E-01
          2016      G     -3.851364E-04  -5.287199E-05  -1.406332E-04   1.038069E-04  -5.997488E-05  -2.050287E-01
          2017      G     -4.320579E-04  -6.716200E-06  -5.737679E-03   1.845477E-01  -1.652934E-01  -3.242865E-04
          2018      G     -4.209576E-04  -3.852623E-05  -9.876079E-03   3.468137E-01  -1.039527E-01  -4.845277E-04
          2019      G     -4.986006E-04  -9.611733E-07  -9.116374E-03  -4.893628E-04  -5.742451E-01   1.109269E-06
          2020      G     -5.084580E-04  -8.632537E-07  -1.701667E-02   8.070551E-05   2.136181E-02  -5.820350E-06
          2021      G     -3.355188E-04  -1.525345E-04  -3.277887E-04   1.289167E-05  -8.511091E-05  -1.188706E-01
          2022      G     -3.228382E-04   3.583401E-06  -3.284151E-04   2.881986E-05  -6.131855E-05  -1.147054E-01
          2023      G     -4.548626E-04  -3.510606E-05  -9.892386E-03   2.752560E-01   8.796453E-02  -9.332863E-04
          2024      G     -4.765431E-04  -3.936633E-05  -7.798763E-03   1.577145E-01   5.204285E-02   3.799803E-01
          2025      G     -4.894346E-04  -3.427183E-07  -1.485283E-02   1.241260E-06   1.688904E-01  -8.545371E-06
          2026      G     -4.945331E-04  -1.754798E-07  -1.053407E-02  -7.733071E-05   8.167093E-02   1.286380E-03
          2027      G     -3.900394E-04  -9.009449E-07   1.176746E-06   2.385864E-04  -1.665684E-02   3.573310E-01
1                                                       **STUDENT EDITION*    APRIL  18, 2026  MSC Nastran  3/ 3/26   PAGE    59
     DEFAULT                                                                                                                        
0                                                                                                            SUBCASE 1              
      EIGENVALUE =  4.529556E+06
          CYCLES =  3.387255E+02         R E A L   E I G E N V E C T O R   N O .          5
 
      POINT ID.   TYPE          T1             T2             T3             R1             R2             R3
          2028      G     -3.905953E-04   1.539331E-05   1.394279E-04   1.376445E-04  -4.907384E-05   2.084733E-01
          2029      G     -3.853386E-04  -5.284792E-05   1.406698E-04   1.011473E-04  -5.548795E-05   2.058435E-01
          2030      G     -4.263868E-04  -2.824738E-07   5.114579E-05   1.844864E-03  -2.400928E-01   8.795999E-04
          2031      G     -4.302179E-04  -4.054394E-06   5.808221E-03   1.869517E-01  -1.638826E-01   3.029391E-04
          2032      G     -4.185103E-04  -3.698891E-05   9.886093E-03   3.469543E-01  -1.012356E-01   4.414871E-04
          2033      G     -3.361047E-04  -1.520648E-04   3.276271E-04   1.472755E-05  -8.357181E-05   1.198949E-01
          2034      G     -3.219145E-04   1.782428E-06   3.281939E-04   2.943038E-05  -6.024573E-05   1.149217E-01
          2035      G     -4.521018E-04  -3.368929E-05   9.873885E-03   2.746192E-01   8.713259E-02   8.476754E-04
          2036      G     -4.760303E-04  -4.104511E-05   7.789494E-03   1.588296E-01   5.245323E-02  -3.848786E-01
          2037      G     -3.913656E-04  -1.505758E-05  -1.393100E-04  -1.385034E-04  -4.916793E-05   2.089042E-01
          2038      G     -3.861021E-04   5.330330E-05  -1.405691E-04  -1.022899E-04  -5.551129E-05   2.062712E-01
          2039      G     -4.313641E-04   3.584077E-06  -5.735873E-03  -1.840389E-01  -1.658937E-01   2.995962E-04
          2040      G     -4.209426E-04   3.774994E-05  -9.882021E-03  -3.469182E-01  -1.039221E-01   4.516671E-04
          2041      G     -3.359315E-04   1.521102E-04  -3.272964E-04  -1.038230E-05  -8.257040E-05   1.195905E-01
          2042      G     -3.229232E-04  -3.316034E-06  -3.278526E-04  -2.610789E-05  -5.891251E-05   1.152444E-01
          2043      G     -4.551816E-04   3.481083E-05  -9.893898E-03  -2.753185E-01   8.824132E-02   9.281091E-04
          2044      G     -4.768862E-04   3.886526E-05  -7.796222E-03  -1.577399E-01   5.205529E-02  -3.766612E-01
          3000      G      1.432676E-02   1.842968E-04   2.741433E-04  -5.098491E-02   5.018725E-01   5.834071E+00
          3001      G      1.569756E-02   7.626558E-03   1.113286E-02  -2.281043E+00   4.050974E-01   5.409121E+00
          3002      G      1.537808E-02   7.412798E-03   7.067594E-03  -1.267384E+00   2.947591E-01   6.156305E+00
          3003      G      1.961744E-02  -5.795548E-05   2.544378E-03  -9.084184E-02  -3.456164E+01  -1.145972E-01
          3004      G      1.610218E-02  -1.252855E-04   8.906713E-01  -3.059573E+01  -2.553522E+01  -3.034696E-02
          3005      G      1.559643E-02   7.069820E-04   1.370786E+00  -5.695420E+01  -3.749679E+00   2.963401E-03
          3006      G     -3.997937E-03  -2.184589E-05   3.568803E-03   4.802960E-03  -2.182898E+00   1.307115E-03
          3007      G      9.564245E-03  -2.428312E-05   1.453226E+00   1.547508E-01  -8.548249E+01   1.502458E-03
          3008      G      1.750935E-02   3.431848E-05   2.605574E+00  -4.145400E-03   2.533966E+00   1.487584E-03
          3009      G      1.390011E-02   2.261418E-03   8.627663E-03  -2.227501E+00  -1.228046E+00   1.195794E+01
          3010      G      1.044876E-02  -3.101243E-03   3.014774E-03  -1.197253E-01   4.981640E-01   2.320980E+00
          3011      G      1.665978E-02  -1.185278E-03   7.829224E-01  -2.918438E+01   4.193424E+01   7.826501E-02
          3012      G      1.870269E-02   2.583992E-03   2.400551E-02   7.367602E-01   3.512054E+00  -4.751777E+00
          3013      G      2.373846E-02   2.210227E-05   1.418134E+00   1.162511E-01   7.966609E+01   2.081796E-03
          3014      G      3.174471E-02   9.283710E-05   3.582704E-02  -8.940287E-03   5.402314E+00   2.867120E-02
          3015      G      1.579510E-02  -7.941517E-03  -1.162096E-02   2.401600E+00   7.582159E-01   4.057711E+00
          3016      G      1.547861E-02  -7.263604E-03  -6.906373E-03   1.218333E+00   5.154821E-01   5.492837E+00
          3017      G      1.615611E-02   1.436810E-04  -8.877419E-01   3.027555E+01  -2.547863E+01  -3.110584E-02
          3018      G      1.569177E-02  -7.927134E-04  -1.372004E+00   5.686983E+01  -3.977446E+00   3.578061E-03
          3019      G      9.583930E-03  -5.609361E-05  -1.449913E+00   5.176766E-03  -8.572220E+01   1.061702E-03
          3020      G      1.754923E-02  -5.732198E-05  -2.607131E+00   5.106949E-03   2.545446E+00   9.115398E-04
          3021      G      1.395277E-02  -2.421692E-03  -8.739995E-03   2.718400E+00  -2.057483E+00   1.529147E+01
          3022      G      1.065686E-02   2.704380E-03  -3.139143E-03   5.152766E-02   5.870350E-01   1.991068E+00
          3023      G      1.684748E-02   1.099933E-03  -7.867693E-01   2.865982E+01   4.184201E+01   7.796415E-02
          3024      G      1.885448E-02  -2.629029E-03  -2.422594E-02  -1.125708E+00   3.561054E+00  -6.457631E+00
          3025      G      2.380606E-02  -8.592793E-05  -1.419275E+00   6.679359E-03   7.961878E+01   1.090648E-03
          3026      G      3.187136E-02  -1.090606E-04  -3.602091E-02  -1.250892E-05   5.439308E+00  -4.903505E-02
          3027      G      1.456490E-02  -2.774265E-05   2.334806E-05   5.030810E-03   6.018550E-01  -5.532304E+00
          3028      G      1.600097E-02  -8.004378E-03   1.172302E-02   2.432549E+00   7.277809E-01  -4.248515E+00
          3029      G      1.567924E-02  -7.188275E-03   6.906343E-03   1.217241E+00   5.213342E-01  -5.553321E+00
          3030      G      1.978936E-02  -4.474644E-05   1.742362E-03   8.293444E-02  -3.451151E+01   1.165550E-01
          3031      G      1.626475E-02   1.319227E-04   8.892455E-01   3.028779E+01  -2.537134E+01   3.282000E-02
          3032      G      1.577067E-02  -7.437843E-04   1.371374E+00   5.685729E+01  -3.942977E+00  -8.506768E-04
1                                                       **STUDENT EDITION*    APRIL  18, 2026  MSC Nastran  3/ 3/26   PAGE    60
     DEFAULT                                                                                                                        
0                                                                                                            SUBCASE 1              
      EIGENVALUE =  4.529556E+06
          CYCLES =  3.387255E+02         R E A L   E I G E N V E C T O R   N O .          5
 
      POINT ID.   TYPE          T1             T2             T3             R1             R2             R3
          3033      G      1.415227E-02  -2.324298E-03   8.775995E-03   2.727044E+00  -2.057922E+00  -1.538199E+01
          3034      G      1.085539E-02   2.897238E-03   3.140702E-03   4.797366E-02   5.907869E-01  -2.063778E+00
          3035      G      1.691249E-02   1.220410E-03   7.858067E-01   2.858421E+01   4.182704E+01  -7.501537E-02
          3036      G      1.891655E-02  -2.443653E-03   2.421992E-02  -1.121640E+00   3.561345E+00   6.359867E+00
          3037      G      1.600062E-02   7.889111E-03  -1.160099E-02  -2.403947E+00   7.334495E-01  -4.224135E+00
          3038      G      1.567628E-02   7.166219E-03  -6.888756E-03  -1.212473E+00   5.216402E-01  -5.551369E+00
          3039      G      1.627755E-02  -1.905445E-04  -8.879602E-01  -3.029724E+01  -2.546564E+01   3.254004E-02
          3040      G      1.579617E-02   6.710931E-04  -1.372090E+00  -5.688638E+01  -3.984206E+00  -1.269281E-03
          3041      G      1.414206E-02   2.261098E-03  -8.717397E-03  -2.713207E+00  -2.057818E+00  -1.537273E+01
          3042      G      1.085067E-02  -2.914462E-03  -3.124666E-03  -4.957499E-02   5.866574E-01  -2.078140E+00
          3043      G      1.694604E-02  -1.262554E-03  -7.869182E-01  -2.867178E+01   4.184450E+01  -7.587517E-02
          3044      G      1.894511E-02   2.410791E-03  -2.425681E-02   1.126736E+00   3.568457E+00   6.362951E+00
          4000      G      1.668485E-03   5.225269E-05   1.078407E-05  -1.178979E-03  -4.636535E-02   6.389350E-01
          4001      G      1.674410E-03   5.852598E-05   1.036913E-03   1.006594E-02   3.521652E-03   5.643196E-01
          4002      G      1.662015E-03   1.937335E-04   1.494065E-03  -2.529243E-02  -5.998382E-03   4.791830E-01
          4003      G      1.787103E-03   5.597545E-05   1.112489E-05   1.953107E-03  -2.835816E-01   3.672808E-04
          4004      G      1.784030E-03   6.600568E-05   7.822347E-03  -2.363686E-01  -2.445204E-01   7.486675E-04
          4005      G      1.799284E-03   6.991055E-05   1.319418E-02  -4.276535E-01  -8.158320E-02   1.408983E-03
          4006      G      1.693653E-03   5.450883E-05  -2.851495E-05  -2.080493E-03  -9.850775E-03   3.039988E-04
          4007      G      1.775474E-03   6.552043E-05   1.219187E-02  -5.906475E-03  -7.357963E-01   2.722772E-04
          4008      G      1.836394E-03   7.197247E-05   2.240393E-02  -2.897672E-03   2.212711E-02   2.383295E-04
          4009      G      1.631773E-03   1.251921E-04   1.541738E-03   8.762095E-03   2.976031E-03   3.008969E-01
          4010      G      1.580485E-03   2.253428E-04   1.944967E-03  -4.874090E-02  -2.663627E-02   5.289603E-01
          4011      G      1.816207E-03   1.020490E-04   1.144462E-02  -3.183404E-01   1.704066E-01   3.499110E-03
          4012      G      1.858389E-03   2.355729E-04   7.929710E-03  -1.133250E-01   6.906071E-02   7.784386E-01
          4013      G      1.942810E-03   8.098698E-05   1.784320E-02  -1.417817E-02   3.437365E-01   2.364975E-04
          4014      G      2.026889E-03   8.668196E-05   1.084425E-02  -3.698497E-04   5.727620E-02  -1.616892E-03
          4015      G      1.669657E-03   5.558994E-05  -1.016686E-03  -1.703224E-02   4.348857E-03   5.794375E-01
          4016      G      1.652013E-03  -8.985220E-05  -1.507280E-03   2.318776E-02  -1.151206E-02   4.960886E-01
          4017      G      1.780703E-03   4.323073E-05  -7.816818E-03   2.439329E-01  -2.471872E-01   7.390288E-04
          4018      G      1.792388E-03   4.523598E-05  -1.312901E-02   4.300745E-01  -7.267537E-02   1.422675E-03
          4019      G      1.774039E-03   4.576839E-05  -1.222220E-02  -1.876038E-03  -7.328878E-01   3.056383E-04
          4020      G      1.834813E-03   3.551437E-05  -2.238268E-02  -1.757557E-03   2.213403E-02   3.049123E-04
          4021      G      1.612644E-03   3.377999E-06  -1.355473E-03  -3.503115E-02   1.468121E-02   2.441795E-01
          4022      G      1.554843E-03  -1.112247E-04  -1.902456E-03   5.986713E-02  -3.998314E-02   5.874861E-01
          4023      G      1.809110E-03   1.116783E-05  -1.124704E-02   3.458283E-01   1.643336E-01   3.684779E-03
          4024      G      1.853374E-03  -1.272192E-04  -7.924075E-03   1.163919E-01   6.966536E-02   8.378863E-01
          4025      G      1.943333E-03   2.745710E-05  -1.786298E-02  -1.652877E-03   3.413657E-01   2.887071E-04
          4026      G      2.029763E-03   1.928572E-05  -1.089883E-02  -4.815881E-04   5.863660E-02   8.293799E-03
          4027      G      1.711830E-03   5.273082E-05  -6.428912E-06  -1.693219E-03  -5.045811E-02  -6.570277E-01
          4028      G      1.714746E-03   7.474992E-05   1.030038E-03  -1.826537E-02   5.626440E-03  -5.760406E-01
          4029      G      1.697248E-03  -5.733952E-05   1.513663E-03   2.326564E-02  -1.160389E-02  -5.010632E-01
          4030      G      1.806936E-03   5.504278E-05  -5.435659E-06   1.605390E-05  -2.832163E-01   2.466143E-04
          4031      G      1.802126E-03   6.107743E-05   7.837589E-03   2.447882E-01  -2.482448E-01  -1.289164E-04
          4032      G      1.814499E-03   8.093034E-05   1.317939E-02   4.301394E-01  -7.471467E-02  -8.488301E-04
          4033      G      1.657626E-03   5.609396E-05   1.352652E-03  -3.733543E-02   1.549456E-02  -2.459612E-01
          4034      G      1.600094E-03  -4.811120E-05   1.899237E-03   5.976754E-02  -4.114373E-02  -5.983627E-01
          4035      G      1.831978E-03   6.131005E-05   1.131411E-02   3.521053E-01   1.668594E-01  -3.108511E-03
          4036      G      1.876920E-03  -6.061233E-05   7.910362E-03   1.147385E-01   6.993979E-02  -8.424003E-01
          4037      G      1.715464E-03   3.476034E-05  -1.045327E-03   1.324831E-02   5.595306E-03  -5.759039E-01
1                                                       **STUDENT EDITION*    APRIL  18, 2026  MSC Nastran  3/ 3/26   PAGE    61
     DEFAULT                                                                                                                        
0                                                                                                            SUBCASE 1              
      EIGENVALUE =  4.529556E+06
          CYCLES =  3.387255E+02         R E A L   E I G E N V E C T O R   N O .          5
 
      POINT ID.   TYPE          T1             T2             T3             R1             R2             R3
          4038      G      1.698118E-03   1.601940E-04  -1.528774E-03  -2.685390E-02  -1.161231E-02  -4.995671E-01
          4039      G      1.801966E-03   4.661913E-05  -7.835256E-03  -2.415063E-01  -2.478903E-01  -9.169468E-05
          4040      G      1.814196E-03   2.658714E-05  -1.314532E-02  -4.280278E-01  -7.201440E-02  -7.942208E-04
          4041      G      1.657831E-03   4.994004E-05  -1.374245E-03   3.090826E-02   1.478547E-02  -2.460019E-01
          4042      G      1.598035E-03   1.451832E-04  -1.913064E-03  -6.201831E-02  -3.795104E-02  -5.796327E-01
          4043      G      1.831136E-03   4.221627E-05  -1.125198E-02  -3.437951E-01   1.648146E-01  -3.082495E-03
          4044      G      1.876235E-03   1.652293E-04  -7.922206E-03  -1.168615E-01   6.990756E-02  -8.200333E-01
1                                                       **STUDENT EDITION*    APRIL  18, 2026  MSC Nastran  3/ 3/26   PAGE    62
     DEFAULT                                                                                                                        
0                                                                                                            SUBCASE 1              
      EIGENVALUE =  4.573630E+06
          CYCLES =  3.403695E+02         R E A L   E I G E N V E C T O R   N O .          6
 
      POINT ID.   TYPE          T1             T2             T3             R1             R2             R3
             1      G      0.0            0.0            0.0            0.0            0.0            0.0
             2      G      0.0            0.0            0.0            0.0            0.0            0.0
             3      G      0.0            0.0            0.0            0.0            0.0            0.0
             4      G      0.0            0.0            0.0            0.0            0.0            0.0
             5      G      0.0            0.0            0.0            0.0            0.0            0.0
             6      G      0.0            0.0            0.0            0.0            0.0            0.0
             7      G      0.0            0.0            0.0            0.0            0.0            0.0
             8      G      0.0            0.0            0.0            0.0            0.0            0.0
            10      G      1.112672E-05   2.458366E-05   5.148063E-05   1.698341E-05   3.587237E-05  -2.639319E-03
            11      G      1.077275E-05  -2.451838E-05   5.145068E-05  -1.711022E-05   3.475339E-05   2.618302E-03
            12      G      1.450063E-05  -3.107255E-06   1.005541E-04   7.723782E-05   5.633526E-05  -1.256941E-03
            13      G      1.398273E-05   3.091480E-06   1.003934E-04  -7.710988E-05   5.441065E-05   1.216036E-03
            14      G     -1.445829E-05  -3.122617E-06   1.005592E-04   7.731783E-05  -5.623788E-05   1.241472E-03
            15      G     -1.430339E-05   3.044805E-06   1.009078E-04  -7.742601E-05  -5.595578E-05  -1.235325E-03
            16      G     -1.114768E-05   2.404169E-05   5.139605E-05   1.824488E-05  -3.585581E-05   2.607548E-03
            17      G     -1.045664E-05  -2.397085E-05   5.135513E-05  -1.943531E-05  -3.308067E-05  -2.523434E-03
           100      G     -4.142388E-06   5.790160E-06  -3.728121E-04   1.510161E-02  -1.488029E-02   6.749759E-04
           101      G      4.107126E-06  -5.239375E-08  -9.978742E-04  -6.877176E-06  -4.621787E-03  -1.355529E-05
           102      G     -6.463968E-06   2.134990E-06  -9.437411E-04   2.859915E-02  -1.790817E-02   7.860071E-05
           103      G      1.343359E-05   2.793766E-08  -1.934577E-03   3.022922E-06  -3.604452E-02  -4.184882E-07
           104      G      1.382985E-07   2.043134E-05  -1.159684E-03   4.217283E-02   2.069353E-05  -1.248060E-06
           105      G      2.592658E-07   8.818769E-08  -2.647318E-03   3.350030E-06   1.970184E-05  -2.865831E-07
           106      G     -2.356833E-05  -2.017312E-05   1.025402E-04  -7.742601E-05  -5.595578E-05  -1.235325E-03
           107      G     -2.356833E-05   1.279461E-05   1.010469E-04  -7.742601E-05  -5.595578E-05  -1.235325E-03
           108      G     -4.849452E-08   3.905092E-05   5.512915E-04   7.570221E-03  -1.438266E-05   3.049344E-05
           109      G     -2.938240E-05  -4.289660E-05   5.174900E-05  -1.943531E-05  -3.308067E-05  -2.523434E-03
           110      G      4.554533E-06  -1.851108E-04   1.220337E-03  -3.748251E-02  -4.295687E-03   1.947166E-02
           111      G     -2.938240E-05   2.760184E-05   5.082481E-05  -1.943531E-05  -3.308067E-05  -2.523434E-03
           112      G     -2.101114E-06  -1.316589E-05   4.560422E-04  -1.140504E-02  -2.905860E-02  -1.532016E-03
           113      G      6.429918E-06  -5.427866E-07   1.739055E-03   7.144558E-05  -5.136214E-03  -2.302448E-04
           114      G      8.481363E-07  -2.800891E-07   3.799561E-04  -4.318710E-05  -4.621106E-02   4.049824E-05
           115      G      4.680323E-06   6.009067E-06  -3.704959E-04   1.505087E-02   1.493721E-02  -6.498171E-04
           116      G     -3.515745E-06   1.223664E-07  -9.953489E-04  -6.279418E-06   4.661819E-03  -4.706125E-07
           117      G      6.851554E-06   2.302216E-06  -9.427143E-04   2.856950E-02   1.794816E-02  -7.487750E-05
           118      G     -1.290870E-05   9.427170E-08  -1.933287E-03  -1.366401E-07   3.610352E-02  -1.002385E-06
           119      G      2.310300E-05  -1.976392E-05   1.019944E-04  -7.710988E-05   5.441065E-05   1.216036E-03
           120      G      2.310300E-05   1.268905E-05   1.005423E-04  -7.710988E-05   5.441065E-05   1.216036E-03
           121      G      3.041001E-05  -4.415564E-05   5.183965E-05  -1.711022E-05   3.475339E-05   2.618302E-03
           122      G     -3.837436E-06  -1.848184E-04   1.223885E-03  -3.741984E-02   4.375360E-03  -1.967611E-02
           123      G      3.041001E-05   2.899317E-05   5.086873E-05  -1.711022E-05   3.475339E-05   2.618302E-03
           124      G      2.683518E-06  -1.314060E-05   4.592471E-04  -1.142415E-02   2.904337E-02   1.529295E-03
           125      G     -5.873212E-06   1.415091E-07   1.740201E-03   1.015492E-05   5.177824E-03   8.683900E-06
           126      G     -1.741695E-07   9.491034E-08   3.818637E-04  -1.752499E-05   4.614561E-02  -1.907576E-06
           127      G     -4.455886E-06  -6.030526E-06  -3.717315E-04  -1.515882E-02  -1.495105E-02  -6.739844E-04
           128      G     -6.566342E-06  -2.081358E-06  -9.433841E-04  -2.864050E-02  -1.790180E-02  -8.296602E-05
           129      G      1.798180E-07  -2.033083E-05  -1.159264E-03  -4.220862E-02   1.181441E-05  -3.098797E-06
           130      G     -2.376934E-05   2.021085E-05   1.021960E-04   7.731783E-05  -5.623788E-05   1.241472E-03
           131      G     -2.376934E-05  -1.292094E-05   1.006952E-04   7.731783E-05  -5.623788E-05   1.241472E-03
           132      G      7.601500E-08  -3.903297E-05   5.516169E-04  -7.578235E-03  -2.970828E-07  -1.242714E-06
           133      G     -3.070429E-05   4.359830E-05   5.180181E-05   1.824488E-05  -3.585581E-05   2.607548E-03
1                                                       **STUDENT EDITION*    APRIL  18, 2026  MSC Nastran  3/ 3/26   PAGE    63
     DEFAULT                                                                                                                        
0                                                                                                            SUBCASE 1              
      EIGENVALUE =  4.573630E+06
          CYCLES =  3.403695E+02         R E A L   E I G E N V E C T O R   N O .          6
 
      POINT ID.   TYPE          T1             T2             T3             R1             R2             R3
           134      G      4.097003E-06   1.836804E-04   1.221393E-03   3.733718E-02  -4.314916E-03  -1.971174E-02
           135      G     -3.070429E-05  -2.925007E-05   5.080009E-05   1.824488E-05  -3.585581E-05   2.607548E-03
           136      G     -2.493354E-06   1.293534E-05   4.580407E-04   1.138002E-02  -2.901594E-02   1.513658E-03
           137      G      4.853363E-06  -5.900263E-06  -3.700997E-04  -1.513589E-02   1.494513E-02   6.726786E-04
           138      G      6.956347E-06  -1.999005E-06  -9.424272E-04  -2.862585E-02   1.795218E-02   7.960847E-05
           139      G      2.392768E-05   2.051694E-05   1.021923E-04   7.723782E-05   5.633526E-05  -1.256941E-03
           140      G      2.392768E-05  -1.302766E-05   1.006888E-04   7.723782E-05   5.633526E-05  -1.256941E-03
           141      G      3.092161E-05   4.437855E-05   5.187705E-05   1.698341E-05   3.587237E-05  -2.639319E-03
           142      G     -3.510155E-06   1.849430E-04   1.223549E-03   3.739500E-02   4.323791E-03   1.966936E-02
           143      G      3.092161E-05  -2.935743E-05   5.087486E-05   1.698341E-05   3.587237E-05  -2.639319E-03
           144      G      2.937416E-06   1.336284E-05   4.596515E-04   1.139477E-02   2.904092E-02  -1.526454E-03
           200      G     -3.042444E-05  -4.228439E-05   5.174900E-05  -1.943531E-05  -3.308067E-05  -2.523434E-03
           201      G     -3.042444E-05   2.821406E-05   5.082481E-05  -1.943531E-05  -3.308067E-05  -2.523434E-03
           202      G     -2.533094E-05  -1.773421E-05   1.025402E-04  -7.742601E-05  -5.595578E-05  -1.235325E-03
           203      G     -2.533094E-05   1.523353E-05   1.010469E-04  -7.742601E-05  -5.595578E-05  -1.235325E-03
           204      G     -1.146130E-06  -2.140043E-05   7.797340E-04  -3.683489E-03  -3.587286E-06  -4.042549E-06
           205      G      2.079281E-05  -4.122680E-05   1.278372E-03  -2.810669E-02  -6.700822E-03   7.723723E-03
           206      G      3.459312E-05  -4.590817E-06   1.813880E-03  -1.190392E-03  -8.708096E-03  -1.965141E-03
           207      G      3.150475E-05  -4.361667E-05   5.183965E-05  -1.711022E-05   3.475339E-05   2.618302E-03
           208      G      3.150475E-05   2.953214E-05   5.086873E-05  -1.711022E-05   3.475339E-05   2.618302E-03
           209      G      2.481694E-05  -1.733495E-05   1.019944E-04  -7.710988E-05   5.441065E-05   1.216036E-03
           210      G      2.481694E-05   1.511801E-05   1.005423E-04  -7.710988E-05   5.441065E-05   1.216036E-03
           211      G     -2.056292E-05  -4.424864E-05   1.283296E-03  -2.789489E-02   7.028471E-03  -1.025927E-02
           212      G     -3.413421E-05   1.804326E-07   1.815441E-03  -1.153493E-05   8.677864E-03   2.063573E-06
           213      G     -3.183375E-05   4.302358E-05   5.180181E-05   1.824488E-05  -3.585581E-05   2.607548E-03
           214      G     -3.183375E-05  -2.982478E-05   5.080009E-05   1.824488E-05  -3.585581E-05   2.607548E-03
           215      G     -2.554083E-05   1.777534E-05   1.021960E-04   7.731783E-05  -5.623788E-05   1.241472E-03
           216      G     -2.554083E-05  -1.535645E-05   1.006952E-04   7.731783E-05  -5.623788E-05   1.241472E-03
           217      G      1.131195E-07   2.159786E-05   7.804436E-04   3.684681E-03   2.084453E-05  -6.781286E-06
           218      G      2.158412E-05   3.997680E-05   1.281009E-03   2.796744E-02  -7.047170E-03  -1.047350E-02
           219      G      3.205159E-05   4.384358E-05   5.187705E-05   1.698341E-05   3.587237E-05  -2.639319E-03
           220      G      3.205159E-05  -2.989241E-05   5.087486E-05   1.698341E-05   3.587237E-05  -2.639319E-03
           221      G      2.570224E-05   1.808395E-05   1.021923E-04   7.723782E-05   5.633526E-05  -1.256941E-03
           222      G      2.570224E-05  -1.546065E-05   1.006888E-04   7.723782E-05   5.633526E-05  -1.256941E-03
           223      G     -2.029147E-05   4.463739E-05   1.282846E-03   2.788294E-02   6.993974E-03   1.028659E-02
           224      G      7.747531E-06   4.597762E-06  -5.130328E-04   2.114526E-02  -2.004715E-02   1.095965E-03
           225      G      2.964633E-05  -3.440886E-07  -1.277003E-03  -6.545428E-05  -8.293444E-03  -5.752780E-05
           226      G      4.750428E-06  -1.166963E-05  -1.114708E-03   3.544359E-02  -1.317419E-02   2.221366E-04
           227      G      2.563484E-05  -2.691721E-08  -2.313911E-03   6.242968E-05  -3.874218E-02   4.209489E-06
           228      G      9.487547E-07   1.260827E-05  -1.155900E-03   5.921386E-02  -4.931364E-04   4.439195E-05
           229      G      1.577717E-06   1.013073E-07  -3.043123E-03  -4.141000E-06  -2.456391E-04  -7.359664E-06
           230      G      8.676132E-06  -1.064783E-05   4.250325E-04  -4.151451E-03  -3.369404E-02   2.831013E-05
           231      G      4.475675E-05  -4.677303E-07   2.810878E-04  -9.714797E-04  -5.951310E-02   3.772841E-04
           232      G     -5.744529E-06   6.097081E-06  -6.031240E-04   2.456286E-02   2.067345E-02  -1.042283E-03
           233      G     -2.754167E-05   1.034595E-07  -1.453863E-03  -1.371989E-05   8.025217E-03  -8.336004E-07
           234      G     -3.417841E-06  -1.180378E-05  -1.168094E-03   3.726677E-02   1.109919E-02  -2.117114E-04
           235      G     -2.195217E-05   1.104288E-07  -2.406127E-03  -1.491419E-05   3.512883E-02   1.547146E-06
           236      G     -8.661675E-06  -1.009013E-05   3.852987E-04  -2.519082E-03   3.743693E-02   5.505111E-05
           237      G     -3.631854E-05   1.310827E-07   1.931646E-04  -2.817513E-05   6.940132E-02  -2.138932E-06
           238      G      7.384214E-06  -5.094760E-06  -5.204409E-04  -2.151153E-02  -2.050220E-02  -1.075897E-03
1                                                       **STUDENT EDITION*    APRIL  18, 2026  MSC Nastran  3/ 3/26   PAGE    64
     DEFAULT                                                                                                                        
0                                                                                                            SUBCASE 1              
      EIGENVALUE =  4.573630E+06
          CYCLES =  3.403695E+02         R E A L   E I G E N V E C T O R   N O .          6
 
      POINT ID.   TYPE          T1             T2             T3             R1             R2             R3
           239      G      4.693050E-06   1.177540E-05  -1.122998E-03  -3.575453E-02  -1.286891E-02  -2.290123E-04
           240      G      8.126754E-07  -1.250193E-05  -1.159255E-03  -5.935692E-02  -4.331384E-04  -1.784243E-05
           241      G      8.200519E-06   8.838980E-06   4.269120E-04   4.272018E-03  -3.366283E-02  -4.326595E-05
           242      G     -5.533980E-06  -5.990189E-06  -6.043302E-04  -2.466808E-02   2.070403E-02   1.066335E-03
           243      G     -3.213765E-06   1.200763E-05  -1.170297E-03  -3.736761E-02   1.114507E-02   2.168683E-04
           244      G     -8.416045E-06   1.033213E-05   3.848583E-04   2.483501E-03   3.746655E-02  -5.438477E-05
           300      G     -3.377792E-04  -2.598324E-04   6.555048E-04  -5.868304E-02   1.658980E-02  -3.072091E-02
           301      G     -7.986491E-05  -1.488430E-04   1.305552E-03  -4.652323E-02   1.068465E-02   1.744049E-02
           302      G     -2.638615E-05  -3.213626E-04   1.137535E-03  -7.601249E-02  -3.933877E-03   6.187540E-03
           303      G     -3.601337E-04  -1.328333E-04   4.388312E-05  -2.210050E-02   1.147838E-02  -5.932121E-03
           304      G     -2.470408E-04  -1.601847E-04   3.342569E-04  -3.704940E-02   7.589618E-03   1.774715E-02
           305      G     -1.350778E-05  -1.650830E-04   1.437476E-03  -2.791854E-02  -1.658497E-02   2.461326E-02
           306      G      2.027511E-05  -1.236759E-05   2.078072E-03  -3.254439E-03  -2.252046E-02  -5.707099E-03
           307      G      3.576065E-04  -2.817592E-04   6.562758E-04  -6.105596E-02  -1.568771E-02   3.372586E-02
           308      G      4.848867E-05  -1.581636E-04   1.320509E-03  -4.567608E-02  -8.904251E-03  -1.764120E-02
           309      G      3.922979E-04  -1.497933E-04   4.333861E-05  -2.029055E-02  -1.550081E-02   5.110393E-03
           310      G      2.603301E-04  -1.605324E-04   3.392010E-04  -3.617915E-02  -6.807611E-03  -2.016689E-02
           311      G      1.915532E-05  -1.752394E-04   1.444404E-03  -2.847713E-02   1.723675E-02  -2.899981E-02
           312      G     -1.174430E-05   3.409645E-07   2.082641E-03  -6.537653E-05   2.263134E-02   6.421060E-05
           313      G     -3.706895E-04   2.911557E-04   6.543486E-04   5.948577E-02   1.558520E-02   3.296843E-02
           314      G     -6.709093E-05   1.687689E-04   1.321717E-03   4.388600E-02   1.017396E-02  -1.869619E-02
           315      G      7.754606E-07   3.441335E-04   1.135401E-03   7.635904E-02   7.596961E-06  -6.773476E-05
           316      G     -4.026216E-04   1.444891E-04   4.317471E-05   1.994507E-02   1.522353E-02   4.551120E-03
           317      G     -2.709549E-04   1.622797E-04   3.385681E-04   3.471409E-02   7.257758E-03  -2.071429E-02
           318      G     -2.193385E-05   1.673682E-04   1.443658E-03   2.872898E-02  -1.605255E-02  -3.026170E-02
           319      G      3.714051E-04   2.903612E-04   6.546481E-04   6.009098E-02  -1.553939E-02  -3.307285E-02
           320      G      6.827552E-05   1.689545E-04   1.321826E-03   4.439311E-02  -1.016408E-02   1.862751E-02
           321      G      4.025637E-04   1.512773E-04   4.280886E-05   2.000630E-02  -1.517154E-02  -4.832870E-03
           322      G      2.711758E-04   1.656674E-04   3.384041E-04   3.525963E-02  -6.940655E-03   2.059018E-02
           323      G      2.506733E-05   1.761472E-04   1.444029E-03   2.837307E-02   1.706100E-02   2.913443E-02
           324      G     -1.049876E-05  -9.188702E-05   7.327637E-05   4.155877E-02  -3.205036E-02   1.204714E-02
           325      G      1.276106E-05   1.216223E-05  -1.558473E-03  -5.130430E-04  -1.823928E-02  -1.256311E-04
           326      G     -3.930332E-05  -1.585593E-04  -7.322525E-04   7.489903E-02  -1.690076E-02   5.308786E-04
           327      G      3.295269E-05   1.235988E-05  -3.158216E-03  -1.214851E-03  -5.739074E-02   1.058508E-05
           328      G      4.767464E-06  -7.833512E-05  -1.086909E-03   9.344593E-02   1.579686E-03  -8.960574E-04
           329      G      4.129106E-06   1.203235E-05  -4.151425E-03  -1.166898E-04   3.943422E-04   1.394245E-04
           330      G     -5.453124E-05  -9.545723E-05   8.780987E-04   4.200535E-03  -1.125546E-02   9.993379E-04
           331      G      3.667770E-05   7.837756E-06   3.473711E-04  -3.695787E-03  -7.272021E-02   7.571500E-04
           332      G      1.036883E-05  -1.051171E-04   2.711343E-04   3.880196E-02   3.501196E-02  -1.289057E-02
           333      G     -3.806987E-06   4.872804E-06  -1.310074E-03  -4.631029E-04   1.858217E-02   1.085318E-04
           334      G      4.708848E-05  -1.744928E-04  -6.041271E-04   7.172315E-02   1.929129E-02  -1.861260E-04
           335      G     -2.645875E-05   8.401351E-06  -3.004717E-03  -2.712342E-04   6.265309E-02   1.287476E-04
           336      G      6.372415E-05  -1.042895E-04   1.000697E-03   7.770459E-04   4.651400E-03  -1.049548E-03
           337      G     -2.728218E-05   2.329244E-06   4.910908E-04  -3.332195E-04   6.840171E-02   8.892449E-05
           338      G     -1.196469E-05   1.157359E-04   8.218498E-05  -4.365547E-02  -3.461416E-02  -1.304685E-02
           339      G     -4.476979E-05   1.907847E-04  -7.300758E-04  -7.446649E-02  -1.566574E-02  -4.296658E-04
           340      G      2.968603E-06   9.933068E-05  -1.088172E-03  -9.485740E-02   1.286691E-03  -7.842554E-05
           341      G     -6.713458E-05   1.071616E-04   9.051654E-04  -2.255042E-03  -9.895564E-03  -1.331742E-03
           342      G      1.672735E-05   1.138377E-04   2.672422E-04  -3.885793E-02   3.485757E-02   1.292938E-02
           343      G      5.092008E-05   1.886238E-04  -6.157110E-04  -7.196768E-02   1.969200E-02   4.164895E-04
1                                                       **STUDENT EDITION*    APRIL  18, 2026  MSC Nastran  3/ 3/26   PAGE    65
     DEFAULT                                                                                                                        
0                                                                                                            SUBCASE 1              
      EIGENVALUE =  4.573630E+06
          CYCLES =  3.403695E+02         R E A L   E I G E N V E C T O R   N O .          6
 
      POINT ID.   TYPE          T1             T2             T3             R1             R2             R3
           344      G      7.019041E-05   1.089118E-04   9.981622E-04  -6.171430E-04   4.941927E-03   1.182701E-03
           400      G     -3.278839E-05  -1.688264E-03  -3.759208E-04  -2.838240E-01   1.556612E-01   1.885621E-02
           401      G     -2.835221E-04  -4.210471E-04   5.837917E-03  -1.030056E-02  -4.249026E-02  -3.335378E-02
           402      G     -1.728321E-06  -2.337315E-03  -6.724701E-04  -3.538164E-01   5.113586E-04   1.942441E-04
           403      G     -2.893364E-05  -4.844629E-04  -5.671891E-04   6.728916E-04   1.404114E-01   2.158840E-02
           404      G     -2.737322E-04  -3.425164E-04   1.899192E-03  -1.086241E-01  -6.318670E-02   8.129673E-04
           405      G     -8.325466E-04  -3.385162E-04   1.992353E-03  -8.303303E-02   1.154093E-01   4.094626E-02
           406      G     -9.773128E-04   4.221530E-07   2.575239E-03  -2.986651E-06   9.297109E-02  -6.403699E-04
           407      G      2.894989E-05  -1.690212E-03  -3.662022E-04  -2.841739E-01  -1.559087E-01  -1.924148E-02
           408      G      2.800573E-04  -4.222035E-04   5.853475E-03  -1.050024E-02   4.254485E-02   3.363687E-02
           409      G      2.906690E-05  -4.878757E-04  -5.679677E-04   2.677581E-05  -1.403764E-01  -2.209123E-02
           410      G      2.760694E-04  -3.442381E-04   1.904222E-03  -1.089962E-01   6.299202E-02  -9.989416E-05
           411      G      8.330307E-04  -3.398193E-04   2.001072E-03  -8.301004E-02  -1.155844E-01  -4.136961E-02
           412      G      9.778903E-04   1.120516E-07   2.581764E-03   1.971775E-05  -9.314784E-02   3.778509E-05
           413      G     -3.492502E-05   1.693607E-03  -3.671598E-04   2.843633E-01   1.559655E-01  -1.930174E-02
           414      G     -2.850999E-04   4.267723E-04   5.852317E-03   1.082030E-02  -4.252936E-02   3.367273E-02
           415      G      7.610507E-08   2.343006E-03  -6.679457E-04   3.543008E-01  -1.018461E-05  -1.229276E-05
           416      G     -3.559665E-05   4.849653E-04  -5.684437E-04  -1.613714E-05   1.404763E-01  -2.222344E-02
           417      G     -2.824779E-04   3.447486E-04   1.902967E-03   1.091363E-01  -6.294487E-02  -2.100862E-04
           418      G     -8.346583E-04   3.374741E-04   1.999571E-03   8.290860E-02   1.156612E-01  -4.154918E-02
           419      G      3.484397E-05   1.693674E-03  -3.674922E-04   2.843548E-01  -1.559930E-01   1.926974E-02
           420      G      2.851958E-04   4.269062E-04   5.852272E-03   1.083680E-02   4.250551E-02  -3.369760E-02
           421      G      3.502673E-05   4.878402E-04  -5.695835E-04   1.433934E-04  -1.405895E-01   2.217786E-02
           422      G      2.821550E-04   3.459581E-04   1.902598E-03   1.092941E-01   6.298041E-02   1.735978E-04
           423      G      8.352651E-04   3.400353E-04   2.000844E-03   8.299736E-02  -1.158112E-01   4.146406E-02
           424      G     -2.738859E-04  -2.998506E-04  -1.582771E-03   2.897479E-01  -8.991521E-02  -9.233743E-03
           425      G     -2.414490E-04   2.415181E-06  -8.894354E-03   1.968892E-04   1.732185E-02  -5.651102E-05
           426      G     -3.357791E-05  -7.691977E-04  -2.894869E-03   3.465081E-01  -4.702250E-02   2.863234E-03
           427      G     -6.077595E-05   3.081449E-06  -1.247363E-02   2.252188E-04  -1.937430E-01  -3.602656E-06
           428      G     -1.342224E-07  -4.668527E-04  -6.209385E-03   4.897961E-01   3.347837E-04  -2.464236E-05
           429      G      1.978084E-07   2.989722E-06  -1.843605E-02   2.389073E-04  -5.345709E-05   8.453956E-06
           430      G     -3.792787E-04  -3.479036E-04   2.242277E-03   1.116986E-01  -1.551193E-02  -1.971023E-03
           431      G     -5.524241E-04   1.370585E-06  -1.927786E-03  -1.779737E-04  -2.156758E-01   1.113837E-04
           432      G      2.743527E-04  -3.014144E-04  -1.556846E-03   2.893222E-01   8.980582E-02   9.400060E-03
           433      G      2.420302E-04   1.893739E-06  -8.859165E-03   1.033656E-04  -1.747507E-02   2.370958E-05
           434      G      3.349068E-05  -7.697865E-04  -2.875686E-03   3.465290E-01   4.746376E-02  -2.826838E-03
           435      G      6.104072E-05   2.616949E-06  -1.245503E-02   1.788160E-04   1.944718E-01   1.882297E-05
           436      G      3.787399E-04  -3.497904E-04   2.261607E-03   1.113106E-01   1.515611E-02   1.960815E-03
           437      G      5.534108E-04   1.018859E-06  -1.905980E-03   4.204901E-05   2.150119E-01   3.019997E-05
           438      G     -2.754178E-04   3.049882E-04  -1.575898E-03  -2.899152E-01  -8.992980E-02   9.327060E-03
           439      G     -3.380553E-05   7.752575E-04  -2.887283E-03  -3.467951E-01  -4.706023E-02  -2.880630E-03
           440      G      2.970854E-07   4.728652E-04  -6.206904E-03  -4.897865E-01   9.015209E-05   8.055278E-09
           441      G     -3.802150E-04   3.512154E-04   2.252931E-03  -1.115546E-01  -1.560326E-02   1.864728E-03
           442      G      2.760544E-04   3.050227E-04  -1.557991E-03  -2.892224E-01   8.985613E-02  -9.320727E-03
           443      G      3.443086E-05   7.750832E-04  -2.876781E-03  -3.464410E-01   4.737877E-02   2.879322E-03
           444      G      3.808606E-04   3.516695E-04   2.262545E-03  -1.113139E-01   1.521384E-02  -1.894975E-03
           445      G      4.673657E-03   3.970057E-03  -1.594501E-03  -7.760571E-01   1.161284E-01   1.382590E-04
           446      G      4.065639E-03   7.387367E-03   1.139578E-03  -8.515427E+00  -6.950967E-01   2.070075E-01
           447      G      3.236022E-03   1.625847E-03   9.619924E-03  -1.457079E+01  -9.634378E-01   3.903294E-01
           448      G      2.152900E-03  -2.354282E-03   3.164472E-03  -2.531024E+01  -3.510930E-01   4.591689E-01
1                                                       **STUDENT EDITION*    APRIL  18, 2026  MSC Nastran  3/ 3/26   PAGE    66
     DEFAULT                                                                                                                        
0                                                                                                            SUBCASE 1              
      EIGENVALUE =  4.573630E+06
          CYCLES =  3.403695E+02         R E A L   E I G E N V E C T O R   N O .          6
 
      POINT ID.   TYPE          T1             T2             T3             R1             R2             R3
           449      G      7.725371E-07  -1.786112E-02   1.696557E-02  -2.484473E+01   1.946887E-04   1.902512E-04
           450      G     -1.957918E-03   2.471298E-03   5.109289E-03   4.512646E-01   6.922937E+00  -3.048501E-01
           451      G     -1.952273E-02   2.922707E-07   8.566554E-03  -1.237985E-04   1.202805E+01  -1.305075E-04
           452      G     -4.676322E-03   3.971683E-03  -1.594685E-03  -7.761165E-01  -1.162871E-01  -4.960292E-05
           453      G     -4.069176E-03   7.388054E-03   1.145074E-03  -8.515617E+00   6.948532E-01  -2.072575E-01
           454      G     -3.237946E-03   1.626493E-03   9.631054E-03  -1.457117E+01   9.633513E-01  -3.903670E-01
           455      G     -2.153190E-03  -2.353888E-03   3.174032E-03  -2.531046E+01   3.513146E-01  -4.591422E-01
           456      G      1.956093E-03   2.471789E-03   5.117097E-03   4.511340E-01  -6.922945E+00   3.048164E-01
           457      G      1.952127E-02  -2.689671E-07   8.573280E-03  -1.825712E-06  -1.202817E+01   2.275692E-05
           458      G      4.672927E-03  -3.972427E-03  -1.595372E-03   7.760553E-01   1.162956E-01  -2.080767E-05
           459      G      4.065988E-03  -7.388184E-03   1.144222E-03   8.515666E+00  -6.948971E-01  -2.071943E-01
           460      G      3.235557E-03  -1.626433E-03   9.630087E-03   1.457137E+01  -9.633372E-01  -3.902893E-01
           461      G      2.152311E-03   2.353953E-03   3.175315E-03   2.531086E+01  -3.511830E-01  -4.591744E-01
           462      G     -2.864612E-07   1.786099E-02   1.697209E-02   2.484540E+01  -3.924009E-06  -4.855108E-06
           463      G     -1.957862E-03  -2.471846E-03   5.114704E-03  -4.512015E-01   6.922792E+00   3.047152E-01
           464      G     -4.673723E-03  -3.972653E-03  -1.596648E-03   7.761114E-01  -1.163064E-01   4.832296E-05
           465      G     -4.066711E-03  -7.388323E-03   1.143560E-03   8.515691E+00   6.948731E-01   2.072019E-01
           466      G     -3.236190E-03  -1.626403E-03   9.629781E-03   1.457139E+01   9.633304E-01   3.902866E-01
           467      G     -2.152911E-03   2.354015E-03   3.175153E-03   2.531087E+01   3.511762E-01   4.591702E-01
           468      G      1.956776E-03  -2.472505E-03   5.116673E-03  -4.511000E-01  -6.922963E+00  -3.047769E-01
           469      G      4.436927E-03   3.927490E-03   1.244164E-02   5.559371E-01   4.796980E+00  -4.236735E-01
           470      G      7.558156E-03   9.430446E-03   7.103771E-01  -3.707542E+01   2.877346E+01  -1.921011E-01
           471      G      8.642441E-03   1.135058E-02   1.781322E+00  -1.037185E+02   3.347467E+01  -9.823758E-02
           472      G      6.689125E-03   9.211886E-03   2.605104E+00  -1.514471E+02   1.994409E+01  -1.233720E-01
           473      G     -5.671006E-07   1.282089E-02   2.873944E+00  -1.662122E+02   2.287507E-04  -6.957294E-05
           474      G      8.342675E-03   9.596394E-03   1.753526E+00  -4.213846E+01   8.236103E+01  -3.774087E-01
           475      G      1.037229E-02   1.183876E-02   4.582135E+00  -1.137034E+02   9.067449E+01  -2.513598E-01
           476      G      6.447997E-03   1.380409E-02   6.745310E+00  -1.720683E+02   5.382026E+01  -1.855261E-01
           477      G     -7.839213E-07   1.805752E-02   7.493694E+00  -1.954071E+02   2.796734E-04   2.088217E-06
           478      G     -7.153633E-03   2.270842E-03   2.218583E-02   2.747780E-01   1.516441E+01  -5.843430E-01
           479      G      6.029022E-03   6.515309E-03   2.582352E+00  -2.647577E+01   1.191126E+02  -1.078067E-01
           480      G      1.172364E-02   6.772256E-03   6.729435E+00  -6.920064E+01   1.364218E+02  -6.910519E-02
           481      G      7.979176E-03   9.156881E-03   1.002984E+01  -1.081040E+02   8.679534E+01  -2.698850E-01
           482      G      1.160354E-02  -3.276720E-07   2.870991E+00  -1.143717E-04   1.355688E+02   2.903961E-05
           483      G      1.467070E-02  -2.128885E-07   7.514297E+00  -2.454139E-04   1.502475E+02  -5.060711E-06
           484      G      7.207377E-03  -7.743663E-08   1.127286E+01  -2.771760E-04   1.057062E+02  -1.109567E-06
           485      G     -8.291979E-07   1.171312E-02   1.127257E+01  -1.271663E+02   2.267935E-04  -3.640455E-06
           486      G     -7.741218E-07   8.678797E-08   1.275931E+01  -2.364704E-04   1.775567E-04   3.811004E-07
           487      G     -4.439262E-03   3.928383E-03   1.244515E-02   5.557101E-01  -4.797094E+00   4.236443E-01
           488      G     -7.560286E-03   9.431209E-03   7.103876E-01  -3.707566E+01  -2.877375E+01   1.921606E-01
           489      G     -8.644209E-03   1.135141E-02   1.781340E+00  -1.037188E+02  -3.347478E+01   9.824012E-02
           490      G     -6.690283E-03   9.212548E-03   2.605118E+00  -1.514472E+02  -1.994367E+01   1.233501E-01
           491      G     -8.344556E-03   9.597012E-03   1.753540E+00  -4.213858E+01  -8.236132E+01   3.774140E-01
           492      G     -1.037401E-02   1.183944E-02   4.582155E+00  -1.137034E+02  -9.067447E+01   2.513590E-01
           493      G     -6.449638E-03   1.380458E-02   6.745324E+00  -1.720683E+02  -5.381989E+01   1.855129E-01
           494      G      7.152048E-03   2.271005E-03   2.219445E-02   2.748288E-01  -1.516448E+01   5.843717E-01
           495      G     -6.030750E-03   6.515669E-03   2.582367E+00  -2.647570E+01  -1.191128E+02   1.078081E-01
           496      G     -1.172533E-02   6.772763E-03   6.729454E+00  -6.920052E+01  -1.364218E+02   6.910816E-02
           497      G     -7.980831E-03   9.157231E-03   1.002985E+01  -1.081039E+02  -8.679499E+01   2.698834E-01
           498      G     -1.160508E-02  -8.925451E-08   2.871003E+00  -4.958960E-06  -1.355689E+02   4.170104E-06
1                                                       **STUDENT EDITION*    APRIL  18, 2026  MSC Nastran  3/ 3/26   PAGE    67
     DEFAULT                                                                                                                        
0                                                                                                            SUBCASE 1              
      EIGENVALUE =  4.573630E+06
          CYCLES =  3.403695E+02         R E A L   E I G E N V E C T O R   N O .          6
 
      POINT ID.   TYPE          T1             T2             T3             R1             R2             R3
           499      G     -1.467225E-02   1.107859E-07   7.514312E+00  -4.249646E-05  -1.502475E+02   4.687656E-06
           500      G     -7.208919E-03   1.667334E-07   1.127287E+01  -1.335244E-04  -1.057060E+02   1.587825E-06
           501      G      4.436870E-03  -3.928877E-03   1.244367E-02  -5.557218E-01   4.797030E+00   4.236218E-01
           502      G      7.558169E-03  -9.431269E-03   7.103857E-01   3.707554E+01   2.877378E+01   1.921244E-01
           503      G      8.642442E-03  -1.135118E-02   1.781340E+00   1.037187E+02   3.347490E+01   9.821656E-02
           504      G      6.688973E-03  -9.212217E-03   2.605124E+00   1.514473E+02   1.994397E+01   1.233618E-01
           505      G     -4.421046E-07  -1.282083E-02   2.873959E+00   1.662123E+02   1.359773E-05   6.286390E-06
           506      G      8.342832E-03  -9.597141E-03   1.753535E+00   4.213844E+01   8.236132E+01   3.774166E-01
           507      G      1.037240E-02  -1.183926E-02   4.582152E+00   1.137032E+02   9.067465E+01   2.513540E-01
           508      G      6.448135E-03  -1.380432E-02   6.745329E+00   1.720681E+02   5.382022E+01   1.855161E-01
           509      G     -5.783084E-07  -1.805736E-02   7.493710E+00   1.954070E+02   5.739536E-05   3.323334E-06
           510      G     -7.153641E-03  -2.271347E-03   2.219018E-02  -2.749424E-01   1.516435E+01   5.843920E-01
           511      G      6.029189E-03  -6.515798E-03   2.582358E+00   2.647547E+01   1.191128E+02   1.077948E-01
           512      G      1.172375E-02  -6.772747E-03   6.729446E+00   6.920025E+01   1.364219E+02   6.910567E-02
           513      G      7.979284E-03  -9.157040E-03   1.002985E+01   1.081035E+02   8.679531E+01   2.698817E-01
           514      G     -6.887331E-07  -1.171295E-02   1.127258E+01   1.271659E+02   1.118024E-04   1.530453E-06
           515      G     -4.437797E-03  -3.929244E-03   1.244375E-02  -5.556638E-01  -4.797114E+00  -4.236108E-01
           516      G     -7.559024E-03  -9.431415E-03   7.103874E-01   3.707570E+01  -2.877379E+01  -1.921177E-01
           517      G     -8.643330E-03  -1.135114E-02   1.781342E+00   1.037189E+02  -3.347490E+01  -9.820751E-02
           518      G     -6.689854E-03  -9.212159E-03   2.605125E+00   1.514474E+02  -1.994394E+01  -1.233548E-01
           519      G     -8.343926E-03  -9.597182E-03   1.753541E+00   4.213859E+01  -8.236136E+01  -3.773965E-01
           520      G     -1.037352E-02  -1.183917E-02   4.582158E+00   1.137034E+02  -9.067462E+01  -2.513481E-01
           521      G     -6.449282E-03  -1.380422E-02   6.745333E+00   1.720683E+02  -5.382012E+01  -1.855105E-01
           522      G      7.152349E-03  -2.271689E-03   2.219443E-02  -2.748201E-01  -1.516449E+01  -5.843583E-01
           523      G     -6.030492E-03  -6.515819E-03   2.582367E+00   2.647568E+01  -1.191128E+02  -1.077912E-01
           524      G     -1.172510E-02  -6.772532E-03   6.729456E+00   6.920045E+01  -1.364219E+02  -6.909716E-02
           525      G     -7.980651E-03  -9.156886E-03   1.002986E+01   1.081037E+02  -8.679513E+01  -2.698782E-01
          1000      G      5.841648E-07  -2.028815E-05   5.202641E-04   7.563068E-03  -1.437605E-05   3.435476E-04
          1001      G     -5.286255E-06   1.265065E-05   1.015077E-04  -6.999734E-05  -5.027501E-05   1.056558E-02
          1002      G     -1.013561E-05  -1.765381E-05   1.027719E-04  -8.371934E-05  -5.459502E-05   8.156188E-03
          1003      G      5.418640E-07   3.673979E-06  -1.107415E-03   6.449930E-02   1.844490E-05  -2.129349E-06
          1004      G     -7.430055E-06  -2.413324E-06  -9.793174E-04   4.415096E-02  -1.833582E-02  -4.702160E-05
          1005      G     -1.393023E-05   3.914601E-06  -3.229787E-04   2.258903E-02  -2.743641E-02  -2.059197E-04
          1006      G      4.192469E-07   6.045724E-08  -2.647534E-03   3.348931E-06   1.970327E-05  -2.646056E-06
          1007      G     -1.334283E-05  -3.685804E-08  -2.010256E-03  -5.245956E-06  -5.617259E-02  -2.261171E-06
          1008      G     -3.102648E-05   3.516168E-09  -9.979185E-04  -6.879634E-06  -4.625937E-03  -2.956839E-06
          1009      G     -1.115480E-05   1.656877E-05   5.099875E-05  -1.708189E-05  -3.339887E-05   1.213403E-02
          1010      G     -2.480512E-05  -4.399495E-05   5.193605E-05  -2.884316E-05  -2.434439E-05   4.046725E-03
          1011      G     -2.603500E-05  -1.063830E-05   5.369784E-04  -8.843296E-03  -3.614691E-02  -1.729497E-04
          1012      G     -2.955709E-05  -2.269389E-06   1.202907E-03  -3.748277E-02  -4.297375E-03   4.174329E-02
          1013      G     -2.968665E-05  -1.283598E-07   4.016174E-04   1.487035E-05  -8.698114E-02  -6.104999E-06
          1014      G     -3.388846E-05  -2.445454E-07   1.718501E-03   7.143343E-05  -5.134076E-03  -2.094640E-04
          1015      G      6.483667E-06   1.256790E-05   1.010023E-04  -6.978808E-05   4.874585E-05  -9.710874E-03
          1016      G      1.132457E-05  -1.725380E-05   1.022255E-04  -8.338083E-05   5.307422E-05  -7.305705E-03
          1017      G      8.480815E-06  -2.293692E-06  -9.781900E-04   4.411531E-02   1.838399E-02   4.117787E-05
          1018      G      1.499146E-05   4.309191E-06  -3.207201E-04   2.253615E-02   2.746859E-02   2.031062E-04
          1019      G      1.418915E-05   8.129516E-08  -2.008923E-03  -1.267335E-06   5.622353E-02  -2.021443E-06
          1020      G      3.194575E-05   1.738278E-07  -9.953930E-04  -6.281838E-06   4.665966E-03  -1.825610E-06
          1021      G      1.220240E-05   1.784470E-05   5.102882E-05  -1.443399E-05   3.524072E-05  -1.224540E-02
          1022      G      2.632170E-05  -4.468585E-05   5.201297E-05  -2.677596E-05   2.579407E-05  -3.876108E-03
1                                                       **STUDENT EDITION*    APRIL  18, 2026  MSC Nastran  3/ 3/26   PAGE    68
     DEFAULT                                                                                                                        
0                                                                                                            SUBCASE 1              
      EIGENVALUE =  4.573630E+06
          CYCLES =  3.403695E+02         R E A L   E I G E N V E C T O R   N O .          6
 
      POINT ID.   TYPE          T1             T2             T3             R1             R2             R3
          1023      G      2.740238E-05  -1.039616E-05   5.396519E-04  -8.840425E-03   3.613429E-02   1.702715E-04
          1024      G      3.092000E-05  -1.700423E-06   1.206135E-03  -3.742013E-02   4.377027E-03  -4.114683E-02
          1025      G      3.057115E-05   1.944789E-07   4.035036E-04  -1.504026E-05   8.689761E-02  -1.561984E-06
          1026      G      3.478372E-05   2.739190E-07   1.719483E-03   1.015589E-05   5.175670E-03   9.864302E-05
          1027      G      2.151817E-07   2.036796E-05   5.205568E-04  -7.571068E-03  -2.955340E-07  -6.936942E-05
          1028      G     -5.740155E-06  -1.277531E-05   1.011560E-04   6.988677E-05  -5.055389E-05  -1.044674E-02
          1029      G     -1.065098E-05   1.767247E-05   1.024278E-04   8.369366E-05  -5.488277E-05  -8.006722E-03
          1030      G      2.855747E-07  -3.691127E-06  -1.106805E-03  -6.451684E-02   1.362557E-05  -1.863931E-06
          1031      G     -7.717735E-06   2.441046E-06  -9.786006E-04  -4.415380E-02  -1.834834E-02   4.182341E-05
          1032      G     -1.427546E-05  -4.190302E-06  -3.218812E-04  -2.259989E-02  -2.745322E-02   2.021010E-04
          1033      G     -1.163888E-05  -1.768310E-05   5.096261E-05   1.557865E-05  -3.632040E-05  -1.266605E-02
          1034      G     -2.584366E-05   4.488240E-05   5.197535E-05   2.794115E-05  -2.685724E-05  -4.251223E-03
          1035      G     -2.665340E-05   1.059587E-05   5.381462E-04   8.787720E-03  -3.612502E-02   1.674458E-04
          1036      G     -3.016499E-05   1.729837E-06   1.203886E-03   3.733748E-02  -4.316576E-03  -4.135756E-02
          1037      G      6.141087E-06  -1.286728E-05   1.011493E-04   6.975446E-05   5.065274E-05   1.034157E-02
          1038      G      1.099718E-05   1.796535E-05   1.024240E-04   8.367188E-05   5.498303E-05   7.928855E-03
          1039      G      8.321067E-06   2.506785E-06  -9.776784E-04  -4.412602E-02   1.838817E-02  -4.541208E-05
          1040      G      1.486421E-05  -4.098010E-06  -3.201635E-04  -2.254322E-02   2.746896E-02  -2.082001E-04
          1041      G      1.186571E-05  -1.774420E-05   5.103219E-05   1.419211E-05   3.640421E-05   1.270119E-02
          1042      G      2.730293E-05   1.093464E-05   5.401598E-04   8.845465E-03   3.613479E-02  -1.746141E-04
          1043      G      3.082569E-05   2.148497E-06   1.206006E-03   3.739529E-02   4.325455E-03   4.121390E-02
          1044      G      2.615109E-05   4.556564E-05   5.204566E-05   2.671781E-05   2.684012E-05   4.233681E-03
          2000      G      5.917086E-07   8.146551E-06   7.932180E-04  -3.678802E-03  -3.552109E-06   8.848708E-04
          2001      G     -3.918341E-06   1.529394E-05   1.017470E-04  -7.206965E-05  -4.762771E-05   1.211550E-02
          2002      G     -1.007616E-05  -1.525270E-05   1.027363E-04  -8.230925E-05  -5.441465E-05   9.058930E-03
          2003      G      5.015606E-07   9.218861E-06  -1.077029E-03   8.616667E-02  -9.843086E-04  -6.606011E-06
          2004      G     -1.070469E-05   3.874974E-06  -1.145922E-03   5.428240E-02  -1.371601E-02  -1.089762E-04
          2005      G     -1.597906E-05   4.678920E-06  -4.638810E-04   3.196497E-02  -3.295545E-02  -2.794232E-04
          2006      G     -2.815649E-07   1.335102E-07  -3.043342E-03  -4.141121E-06  -2.457737E-04  -2.641453E-06
          2007      G     -1.478251E-05   6.463612E-08  -2.396920E-03  -2.087990E-05  -6.169796E-02  -2.175644E-06
          2008      G     -3.373126E-05   1.736826E-07  -1.277037E-03  -6.544836E-05  -8.297366E-03  -3.264924E-06
          2009      G     -1.280593E-05   1.755008E-05   5.099396E-05  -1.739155E-05  -3.321538E-05   1.181375E-02
          2010      G     -2.649000E-05  -4.275982E-05   5.203929E-05  -3.054101E-05  -2.432075E-05   3.729506E-03
          2011      G     -2.778578E-05  -1.030684E-05   5.024203E-04  -4.634710E-04  -3.924795E-02  -1.485347E-04
          2012      G     -3.159792E-05   7.262062E-07   1.251277E-03  -2.810963E-02  -6.703107E-03   8.281905E-02
          2013      G     -3.086222E-05   1.212142E-07   2.938198E-04  -4.011237E-04  -9.585836E-02  -9.077379E-06
          2014      G     -3.336998E-05  -4.452076E-09   1.778868E-03  -1.189949E-03  -8.707562E-03   4.391445E-03
          2015      G      5.257066E-06   1.520425E-05   1.012305E-04  -7.155187E-05   4.619078E-05  -1.116639E-02
          2016      G      1.146194E-05  -1.485119E-05   1.021788E-04  -8.197219E-05   5.290426E-05  -8.086193E-03
          2017      G      1.159215E-05   4.010001E-06  -1.200808E-03   5.647484E-02   1.186420E-02   9.706217E-05
          2018      G      1.712307E-05   5.054458E-06  -5.530527E-04   3.615717E-02   3.277918E-02   2.709977E-04
          2019      G      1.474847E-05   1.315755E-07  -2.491843E-03  -8.428885E-06   5.621907E-02  -1.934711E-06
          2020      G      3.380443E-05   2.128976E-07  -1.453876E-03  -1.372122E-05   8.029785E-03  -1.669668E-06
          2021      G      1.413896E-05   1.888818E-05   5.101863E-05  -1.469606E-05   3.482854E-05  -1.180474E-02
          2022      G      2.784029E-05  -4.374838E-05   5.212997E-05  -2.854878E-05   2.569027E-05  -3.669680E-03
          2023      G      2.956078E-05  -1.013000E-05   4.549958E-04   1.874798E-03   4.203756E-02   1.428506E-04
          2024      G      3.429114E-05   1.117561E-06   1.254884E-03  -2.789829E-02   7.030501E-03  -7.774886E-02
          2025      G      3.129083E-05   2.293435E-07   2.020307E-04  -3.023467E-05   1.017693E-01  -1.132379E-06
          2026      G      3.360237E-05   2.926106E-07   1.780516E-03  -1.154920E-05   8.677969E-03   8.121294E-06
          2027      G      1.642009E-07  -7.963320E-06   7.939305E-04   3.679996E-03   2.085888E-05   6.396353E-05
1                                                       **STUDENT EDITION*    APRIL  18, 2026  MSC Nastran  3/ 3/26   PAGE    69
     DEFAULT                                                                                                                        
0                                                                                                            SUBCASE 1              
      EIGENVALUE =  4.573630E+06
          CYCLES =  3.403695E+02         R E A L   E I G E N V E C T O R   N O .          6
 
      POINT ID.   TYPE          T1             T2             T3             R1             R2             R3
          2028      G     -4.531522E-06  -1.540676E-05   1.013946E-04   7.190297E-05  -4.790452E-05  -1.192162E-02
          2029      G     -1.082899E-05   1.528046E-05   1.023912E-04   8.223546E-05  -5.470799E-05  -8.795452E-03
          2030      G      1.662423E-07  -9.127469E-06  -1.081729E-03  -8.637635E-02  -9.130918E-04   2.997720E-06
          2031      G     -1.112960E-05  -3.687895E-06  -1.153211E-03  -5.457673E-02  -1.361138E-02   1.034524E-04
          2032      G     -1.660980E-05  -4.776849E-06  -4.733520E-04  -3.242382E-02  -3.290415E-02   2.747425E-04
          2033      G     -1.348306E-05  -1.867669E-05   5.095793E-05   1.589699E-05  -3.613374E-05  -1.229348E-02
          2034      G     -2.733672E-05   4.399196E-05   5.207923E-05   2.957794E-05  -2.688780E-05  -4.080418E-03
          2035      G     -2.901132E-05   1.048590E-05   4.954512E-04   1.019197E-05  -3.948650E-02   1.436122E-04
          2036      G     -3.345613E-05  -9.051697E-07   1.252541E-03   2.797080E-02  -7.049042E-03  -8.005918E-02
          2037      G      4.892481E-06  -1.550201E-05   1.013777E-04   7.149214E-05   4.809177E-05   1.183809E-02
          2038      G      1.113103E-05   1.556254E-05   1.023771E-04   8.223887E-05   5.481349E-05   8.741144E-03
          2039      G      1.139384E-05  -3.716858E-06  -1.204042E-03  -5.658898E-02   1.192410E-02  -1.008698E-04
          2040      G      1.699747E-05  -4.794638E-06  -5.548596E-04  -3.622106E-02   3.282622E-02  -2.757573E-04
          2041      G      1.379923E-05  -1.876421E-05   5.102197E-05   1.445484E-05   3.599109E-05   1.227961E-02
          2042      G      2.764502E-05   4.469282E-05   5.216289E-05   2.849071E-05   2.673928E-05   4.057329E-03
          2043      G      2.950016E-05   1.071107E-05   4.543894E-04  -1.887933E-03   4.208796E-02  -1.472543E-04
          2044      G      3.428026E-05  -6.164334E-07   1.254570E-03   2.788633E-02   6.995979E-03   7.773028E-02
          3000      G      6.825152E-07   2.773528E-04   1.441622E-03  -7.598699E-02  -3.933048E-03   2.295300E-02
          3001      G     -1.264777E-05   2.176291E-04   1.491425E-03  -4.650663E-02   1.068519E-02  -2.627216E-02
          3002      G     -3.221600E-05   2.021121E-04   8.902551E-04  -5.866286E-02   1.659308E-02   1.173995E-01
          3003      G      5.948064E-06   1.369624E-04  -4.311775E-04   1.442957E-01   1.215513E-03   9.392956E-05
          3004      G     -5.099461E-05   1.387622E-04  -1.578156E-04   1.072217E-01  -1.465394E-02  -7.317035E-04
          3005      G     -9.908277E-05   9.247295E-05   4.206893E-04   7.033656E-02  -3.003942E-02  -1.655199E-03
          3006      G      7.166426E-06   1.297509E-05  -4.151511E-03  -1.166926E-04   3.943995E-04   4.312271E-05
          3007      G     -6.414048E-05   1.525686E-05  -2.999653E-03  -2.015171E-03  -7.944832E-02   3.704230E-05
          3008      G     -1.306097E-04   1.624906E-05  -1.558461E-03  -5.129979E-04  -1.823964E-02   1.984460E-05
          3009      G     -5.097934E-05   6.568598E-05   4.977159E-04  -3.704761E-02   7.589928E-03   5.022037E-02
          3010      G     -1.014512E-04  -1.185413E-04   1.783608E-04  -2.211308E-02   1.149120E-02   8.811216E-02
          3011      G     -1.451360E-04   2.789139E-05   9.704780E-04   1.686896E-02  -1.147828E-02  -1.501122E-03
          3012      G     -1.442686E-04  -3.787040E-06   1.371218E-03  -2.792163E-02  -1.658170E-02   5.712634E-03
          3013      G     -1.447164E-04   1.701329E-05   2.714398E-04  -2.040231E-03  -1.066100E-01  -1.753863E-05
          3014      G     -1.579797E-04   1.597751E-05   1.987803E-03  -3.254002E-03  -2.251898E-02   4.464214E-03
          3015      G      1.687290E-05   2.020600E-04   1.502956E-03  -4.566166E-02  -8.904527E-03   3.718202E-02
          3016      G      4.012540E-05   1.987774E-04   9.005247E-04  -6.103467E-02  -1.569154E-02  -1.299323E-01
          3017      G      6.104688E-05   1.329686E-04  -5.190104E-05   1.032363E-01   1.713970E-02   8.826540E-04
          3018      G      1.086631E-04   8.228196E-05   5.712837E-04   6.681711E-02   3.097476E-02   1.729681E-03
          3019      G      7.743732E-05   1.134725E-05  -2.850347E-03  -2.713242E-04   8.681240E-02   5.962674E-05
          3020      G      1.423406E-04   8.566110E-06  -1.310058E-03  -4.631047E-04   1.858245E-02   6.266318E-05
          3021      G      6.103489E-05   5.376808E-05   4.976592E-04  -3.617778E-02  -6.807832E-03  -5.250930E-02
          3022      G      1.142451E-04  -1.369119E-04   1.866378E-04  -2.030383E-02  -1.551389E-02  -8.089650E-02
          3023      G      1.563843E-04   1.671862E-05   1.037328E-03   1.388524E-02   5.994734E-03   1.519901E-03
          3024      G      1.550658E-04  -1.573207E-05   1.375559E-03  -2.848040E-02   1.723307E-02  -4.442792E-03
          3025      G      1.550782E-04   7.070978E-06   4.009758E-04  -3.531980E-04   9.870399E-02   5.497973E-05
          3026      G      1.674827E-04   5.343052E-06   1.991950E-03  -6.541576E-05   2.262975E-02   2.174142E-03
          3027      G      8.363681E-06  -2.570793E-04   1.440878E-03   7.633250E-02   7.607854E-06  -3.691331E-03
          3028      G     -8.621751E-06  -1.772482E-04   1.497015E-03   4.387147E-02   1.017433E-02   2.986698E-02
          3029      G     -3.260269E-05  -1.768787E-04   8.923057E-04   5.946439E-02   1.558902E-02  -1.398726E-01
          3030      G      7.029949E-06  -1.093415E-04  -4.331409E-04  -1.452539E-01   1.098282E-03   3.762234E-05
          3031      G     -4.993351E-05  -1.091592E-04  -1.469659E-04  -1.053276E-01  -1.437031E-02   8.134559E-04
          3032      G     -9.855447E-05  -5.875350E-05   4.242319E-04  -7.198612E-02  -3.015086E-02   1.681566E-03
1                                                       **STUDENT EDITION*    APRIL  18, 2026  MSC Nastran  3/ 3/26   PAGE    70
     DEFAULT                                                                                                                        
0                                                                                                            SUBCASE 1              
      EIGENVALUE =  4.573630E+06
          CYCLES =  3.403695E+02         R E A L   E I G E N V E C T O R   N O .          6
 
      POINT ID.   TYPE          T1             T2             T3             R1             R2             R3
          3033      G     -5.354715E-05  -3.309818E-05   4.920629E-04   3.471267E-02   7.258124E-03  -5.922356E-02
          3034      G     -1.054285E-04   1.557986E-04   1.839898E-04   1.995817E-02   1.523649E-02  -9.103125E-02
          3035      G     -1.476205E-04   4.735597E-06   9.644146E-04  -1.594071E-02  -1.142275E-02   1.471775E-03
          3036      G     -1.483110E-04   3.609116E-05   1.379542E-03   2.873230E-02  -1.604875E-02  -1.827964E-02
          3037      G      2.501078E-05  -1.810557E-04   1.499165E-03   4.437871E-02  -1.016445E-02  -3.735150E-02
          3038      G      4.843682E-05  -1.824763E-04   8.950317E-04   6.006958E-02  -1.554317E-02   1.326092E-01
          3039      G      6.409802E-05  -1.123937E-04  -6.512614E-05  -1.029323E-01   1.748894E-02  -7.377059E-04
          3040      G      1.123292E-04  -6.482091E-05   5.662782E-04  -6.631341E-02   3.088395E-02  -1.610535E-03
          3041      G      6.909420E-05  -4.043893E-05   4.934498E-04   3.525823E-02  -6.940851E-03   5.295395E-02
          3042      G      1.215525E-04   1.463128E-04   1.836548E-04   2.001943E-02  -1.518449E-02   8.342649E-02
          3043      G      1.603661E-04  -3.333548E-06   1.035002E-03  -1.344123E-02   6.308932E-03  -1.405224E-03
          3044      G      1.595622E-04   2.640945E-05   1.375884E-03   2.837628E-02   1.705729E-02   8.773817E-03
          4000      G     -2.572247E-07   4.391223E-04   7.486898E-04  -3.536426E-01   5.113164E-04  -1.487454E-03
          4001      G      4.220175E-06  -3.043065E-04   5.872461E-03  -1.041549E-02  -4.248741E-02   3.452315E-01
          4002      G      6.222653E-05   5.292906E-04   7.634930E-04  -2.836446E-01   1.556583E-01  -5.885921E-01
          4003      G     -4.489158E-07  -3.932857E-05  -5.279208E-03   5.295651E-01   4.733210E-04  -2.699240E-06
          4004      G      2.915087E-05   1.523430E-04  -2.787844E-03   3.553778E-01  -4.864832E-02   8.244289E-04
          4005      G      6.137337E-05   6.141068E-05  -8.022731E-04   2.969430E-01  -1.702189E-01  -4.403447E-04
          4006      G     -2.508460E-07   1.076203E-06  -1.843708E-02   2.388832E-04  -5.342824E-05  -8.500104E-07
          4007      G     -1.527952E-05   9.051095E-07  -1.262670E-02   1.368889E-04  -3.162131E-01  -2.332035E-06
          4008      G     -9.043551E-05   8.350958E-07  -8.894454E-03   1.968562E-04   1.730887E-02  -3.605489E-06
          4009      G      1.334556E-04   7.053549E-05   2.204865E-03  -1.086513E-01  -6.317818E-02   4.521938E-01
          4010      G      2.425323E-04   3.268902E-04  -6.481552E-06   7.202733E-04   1.403758E-01  -4.367021E-01
          4011      G      3.462059E-05   2.042695E-04   3.020247E-03   1.013571E-01  -4.028303E-02  -1.859218E-03
          4012      G      7.616641E-05   2.247073E-05   2.452913E-03  -8.304792E-02   1.153387E-01   1.083537E-01
          4013      G     -1.091612E-04   6.239071E-07  -1.611846E-03  -6.497480E-05  -4.283628E-01  -3.351525E-06
          4014      G     -2.268791E-04   5.833315E-07   2.945862E-03  -2.971556E-06   9.299755E-02   5.701355E-04
          4015      G     -4.926830E-06  -3.038908E-04   5.888817E-03  -1.061512E-02   4.254201E-02  -3.443548E-01
          4016      G     -6.312777E-05   5.300808E-04   7.746176E-04  -2.839943E-01  -1.559057E-01   5.914222E-01
          4017      G     -2.997877E-05   1.526353E-04  -2.766403E-03   3.553806E-01   4.912816E-02  -8.275095E-04
          4018      G     -6.214287E-05   6.179343E-05  -7.751190E-04   2.965437E-01   1.701971E-01   4.410831E-04
          4019      G      1.465543E-05   1.057874E-06  -1.260702E-02   1.204211E-04   3.174850E-01   1.207406E-06
          4020      G      8.978914E-05   1.067930E-06  -8.859263E-03   1.033506E-04  -1.746209E-02   2.857135E-06
          4021      G     -1.343457E-04   7.092560E-05   2.211770E-03  -1.090233E-01   6.298349E-02  -4.537446E-01
          4022      G     -2.434222E-04   3.273022E-04  -4.817440E-06   7.424714E-05  -1.403407E-01   4.365517E-01
          4023      G     -3.542287E-05   2.046482E-04   3.040781E-03   1.010146E-01   3.980325E-02   1.861659E-03
          4024      G     -7.705516E-05   2.271076E-05   2.462337E-03  -8.302492E-02  -1.155136E-01  -1.070707E-01
          4025      G      1.084452E-04   9.481851E-07  -1.588886E-03   4.668026E-05   4.275845E-01   4.683718E-06
          4026      G      2.260713E-04   8.185289E-07   2.953096E-03   1.972420E-05  -9.317431E-02   3.928398E-04
          4027      G     -3.519373E-07  -4.372761E-04   7.551558E-04   3.541270E-01  -1.019033E-05   1.853493E-04
          4028      G      3.876997E-06   3.059075E-04   5.888936E-03   1.093512E-02  -4.252650E-02  -3.463204E-01
          4029      G      6.177286E-05  -5.281992E-04   7.744164E-04   2.841838E-01   1.559625E-01   5.894033E-01
          4030      G     -3.521916E-07   4.132765E-05  -5.272878E-03  -5.299928E-01   2.224607E-04  -1.639880E-06
          4031      G      2.913864E-05  -1.506037E-04  -2.775167E-03  -3.559349E-01  -4.872391E-02  -8.313518E-04
          4032      G      6.123036E-05  -5.992655E-05  -7.918093E-04  -2.974347E-01  -1.701131E-01   4.326202E-04
          4033      G      1.327860E-04  -6.930630E-05   2.211170E-03   1.091633E-01  -6.293629E-02  -4.558643E-01
          4034      G      2.418309E-04  -3.261534E-04  -4.850238E-06  -6.357840E-05   1.404407E-01   4.346131E-01
          4035      G      3.446660E-05  -2.030512E-04   3.031568E-03  -1.014672E-01  -4.033264E-02   1.850550E-03
          4036      G      7.604643E-05  -2.146109E-05   2.461141E-03   8.292349E-02   1.155905E-01  -1.082823E-01
          4037      G     -4.592684E-06   3.059175E-04   5.888960E-03   1.095165E-02   4.250263E-02   3.466554E-01
1                                                       **STUDENT EDITION*    APRIL  18, 2026  MSC Nastran  3/ 3/26   PAGE    71
     DEFAULT                                                                                                                        
0                                                                                                            SUBCASE 1              
      EIGENVALUE =  4.573630E+06
          CYCLES =  3.403695E+02         R E A L   E I G E N V E C T O R   N O .          6
 
      POINT ID.   TYPE          T1             T2             T3             R1             R2             R3
          4038      G     -6.246308E-05  -5.280583E-04   7.740517E-04   2.841752E-01  -1.559901E-01  -5.891769E-01
          4039      G     -2.979063E-05  -1.504947E-04  -2.763967E-03  -3.555023E-01   4.901797E-02   8.288300E-04
          4040      G     -6.185298E-05  -5.971715E-05  -7.743634E-04  -2.965888E-01   1.701857E-01  -4.351164E-04
          4041      G     -1.334274E-04  -6.904831E-05   2.211364E-03   1.093213E-01   6.297187E-02   4.562013E-01
          4042      G     -2.423641E-04  -3.255137E-04  -4.903367E-06   9.595651E-05  -1.405539E-01  -4.350432E-01
          4043      G     -3.504326E-05  -2.027077E-04   3.042784E-03  -1.010887E-01   3.984455E-02  -1.851429E-03
          4044      G     -7.663235E-05  -2.111318E-05   2.463018E-03   8.301223E-02  -1.157405E-01   1.076152E-01
1                                                       **STUDENT EDITION*    APRIL  18, 2026  MSC Nastran  3/ 3/26   PAGE    72
     DEFAULT                                                                                                                        
0                                                                                                            SUBCASE 1              
      EIGENVALUE =  6.283854E+06
          CYCLES =  3.989635E+02         R E A L   E I G E N V E C T O R   N O .          7
 
      POINT ID.   TYPE          T1             T2             T3             R1             R2             R3
             1      G      0.0            0.0            0.0            0.0            0.0            0.0
             2      G      0.0            0.0            0.0            0.0            0.0            0.0
             3      G      0.0            0.0            0.0            0.0            0.0            0.0
             4      G      0.0            0.0            0.0            0.0            0.0            0.0
             5      G      0.0            0.0            0.0            0.0            0.0            0.0
             6      G      0.0            0.0            0.0            0.0            0.0            0.0
             7      G      0.0            0.0            0.0            0.0            0.0            0.0
             8      G      0.0            0.0            0.0            0.0            0.0            0.0
            10      G     -2.565397E-05   1.860912E-04   4.807658E-04   2.503224E-04   1.447816E-04  -1.257554E-02
            11      G     -2.493465E-05  -1.867582E-04   4.809455E-04  -2.487771E-04   1.475238E-04   1.264351E-02
            12      G     -8.535022E-06  -1.199027E-06   1.849631E-04   1.634660E-04   1.258756E-04   3.581912E-03
            13      G     -7.321799E-06   1.223172E-06   1.854116E-04  -1.637258E-04   1.302576E-04  -3.471152E-03
            14      G     -8.195852E-06   1.121976E-06  -1.851615E-04  -1.627629E-04   1.275212E-04   3.558084E-03
            15      G     -8.198083E-06  -8.333174E-07  -1.852153E-04   1.627661E-04   1.280867E-04  -3.522423E-03
            16      G     -2.462284E-05  -1.836922E-04  -4.806356E-04  -2.566696E-04   1.481044E-04  -1.252188E-02
            17      G     -2.573091E-05   1.836555E-04  -4.822295E-04   2.663054E-04   1.436168E-04   1.228876E-02
           100      G      5.147153E-04   1.640073E-04  -5.705763E-02   1.824961E+00   1.377350E-01   1.245533E-02
           101      G      8.009636E-04   9.949133E-07  -1.058133E-01   8.566404E-05  -1.086318E-01   8.006690E-05
           102      G      5.226810E-04  -1.424607E-04  -3.203573E-02   9.816871E-01   1.023179E+00  -1.192504E-03
           103      G     -5.023202E-04   3.537813E-07  -5.604392E-02   7.084208E-06   2.240300E+00   4.342432E-06
           104      G      2.963131E-04   1.852495E-07   1.120613E-06   1.760643E-04   6.921502E-01  -6.746423E-03
           105      G     -2.070549E-04   4.865591E-08  -8.265492E-06   2.538703E-05   1.098998E-01   7.259068E-06
           106      G     -3.461625E-05  -6.703724E-05  -1.888434E-04   1.627661E-04   1.280867E-04  -3.522423E-03
           107      G     -3.461625E-05   2.696741E-05  -1.854251E-04   1.627661E-04   1.280867E-04  -3.522423E-03
           108      G      8.286210E-05   4.106085E-07   2.767887E-06   5.406930E-05  -4.620371E-02   1.070512E-02
           109      G      6.643482E-05   2.758212E-04  -4.853039E-04   2.663054E-04   1.436168E-04   1.228876E-02
           110      G      1.068580E-03   1.606780E-03  -1.052654E-02   2.330879E-01  -1.622104E-01  -1.886552E-01
           111      G      6.643482E-05  -6.749609E-05  -4.812916E-04   2.663054E-04   1.436168E-04   1.228876E-02
           112      G      6.348240E-04  -9.099507E-06  -3.640242E-02   1.093909E+00  -1.122383E+00   2.358573E-02
           113      G      1.534153E-03   5.411946E-06  -1.476206E-02  -1.359582E-04  -2.661941E-01   1.320917E-03
           114      G      1.897206E-03   2.667258E-06  -6.325845E-02   3.386942E-04  -1.875776E+00  -1.973678E-04
           115      G      5.158008E-04  -1.631108E-04   5.706887E-02  -1.824697E+00   1.380699E-01   1.244551E-02
           116      G      8.012797E-04  -3.857115E-07   1.058071E-01   3.279117E-05  -1.085674E-01   5.461035E-06
           117      G      5.232119E-04   1.426539E-04   3.203963E-02  -9.813740E-01   1.023357E+00  -1.204164E-03
           118      G     -5.022141E-04  -1.628752E-07   5.603178E-02   1.728446E-05   2.240509E+00   9.055925E-06
           119      G     -3.335544E-05   6.646348E-05   1.890877E-04  -1.637258E-04   1.302576E-04  -3.471152E-03
           120      G     -3.335544E-05  -2.617291E-05   1.856115E-04  -1.637258E-04   1.302576E-04  -3.471152E-03
           121      G      6.989170E-05  -2.815846E-04   4.839177E-04  -2.487771E-04   1.475238E-04   1.264351E-02
           122      G      1.069198E-03  -1.604194E-03   1.055162E-02  -2.330037E-01  -1.620544E-01  -1.898735E-01
           123      G      6.989170E-05   7.164357E-05   4.797963E-04  -2.487771E-04   1.475238E-04   1.264351E-02
           124      G      6.361580E-04   9.304268E-06   3.642260E-02  -1.093976E+00  -1.122165E+00   2.355277E-02
           125      G      1.534325E-03  -1.341406E-06   1.476515E-02  -7.001599E-05  -2.660905E-01  -6.017264E-05
           126      G      1.897604E-03  -6.536419E-07   6.325677E-02   5.882736E-05  -1.875678E+00   3.441344E-05
           127      G      5.157662E-04  -1.621176E-04  -5.706820E-02  -1.824827E+00   1.381478E-01  -1.250151E-02
           128      G      5.231560E-04   1.432245E-04  -3.204118E-02  -9.815663E-01   1.023201E+00   1.206976E-03
           129      G      2.963675E-04  -5.564306E-09  -4.308061E-06  -8.866706E-05   6.922218E-01   6.750652E-03
           130      G     -3.488148E-05   6.799615E-05  -1.887790E-04  -1.627629E-04   1.275212E-04   3.558084E-03
           131      G     -3.488148E-05  -2.696021E-05  -1.853757E-04  -1.627629E-04   1.275212E-04   3.558084E-03
           132      G      8.216987E-05   1.722571E-07  -1.750082E-06   4.407899E-05  -4.617925E-02  -1.078332E-02
           133      G      6.929123E-05  -2.776063E-04  -4.836714E-04  -2.566696E-04   1.481044E-04  -1.252188E-02
1                                                       **STUDENT EDITION*    APRIL  18, 2026  MSC Nastran  3/ 3/26   PAGE    73
     DEFAULT                                                                                                                        
0                                                                                                            SUBCASE 1              
      EIGENVALUE =  6.283854E+06
          CYCLES =  3.989635E+02         R E A L   E I G E N V E C T O R   N O .          7
 
      POINT ID.   TYPE          T1             T2             T3             R1             R2             R3
           134      G      1.068536E-03  -1.596113E-03  -1.054200E-02  -2.327078E-01  -1.618940E-01   1.902112E-01
           135      G      6.929123E-05   7.222366E-05  -4.795337E-04  -2.566696E-04   1.481044E-04  -1.252188E-02
           136      G      6.359066E-04   1.234897E-05  -3.641865E-02  -1.094039E+00  -1.122518E+00  -2.349054E-02
           137      G      5.155146E-04   1.626473E-04   5.706596E-02   1.824885E+00   1.380489E-01  -1.250563E-02
           138      G      5.230091E-04  -1.431819E-04   3.203653E-02   9.814901E-01   1.023380E+00   1.198271E-03
           139      G     -3.539936E-05  -6.852105E-05   1.885549E-04   1.634660E-04   1.258756E-04   3.581912E-03
           140      G     -3.539936E-05   2.707122E-05   1.851956E-04   1.634660E-04   1.258756E-04   3.581912E-03
           141      G      6.866258E-05   2.804078E-04   4.837291E-04   2.503224E-04   1.447816E-04  -1.257554E-02
           142      G      1.068364E-03   1.602476E-03   1.055216E-02   2.330697E-01  -1.618819E-01   1.898327E-01
           143      G      6.866258E-05  -7.092140E-05   4.796842E-04   2.503224E-04   1.447816E-04  -1.257554E-02
           144      G      6.356786E-04  -1.054607E-05   3.642005E-02   1.094014E+00  -1.122123E+00  -2.354871E-02
           200      G      7.095874E-05   2.674326E-04  -4.853039E-04   2.663054E-04   1.436168E-04   1.228876E-02
           201      G      7.095874E-05  -7.588471E-05  -4.812916E-04   2.663054E-04   1.436168E-04   1.228876E-02
           202      G     -3.058152E-05  -7.216438E-05  -1.888434E-04   1.627661E-04   1.280867E-04  -3.522423E-03
           203      G     -3.058152E-05   2.184028E-05  -1.854251E-04   1.627661E-04   1.280867E-04  -3.522423E-03
           204      G     -1.335812E-04  -8.600926E-07   4.356855E-06  -7.214920E-05  -8.183095E-03  -1.619283E-02
           205      G      3.052216E-04   2.006335E-04  -1.090530E-02   1.965715E-01  -2.700565E-02  -3.559575E-02
           206      G      3.361540E-04   3.302168E-05  -1.493167E-02   6.568138E-03  -5.518433E-02   1.096622E-02
           207      G      7.453869E-05  -2.737481E-04   4.839177E-04  -2.487771E-04   1.475238E-04   1.264351E-02
           208      G      7.453869E-05   7.948005E-05   4.797963E-04  -2.487771E-04   1.475238E-04   1.264351E-02
           209      G     -2.925233E-05   7.162084E-05   1.890877E-04  -1.637258E-04   1.302576E-04  -3.471152E-03
           210      G     -2.925233E-05  -2.101554E-05   1.856115E-04  -1.637258E-04   1.302576E-04  -3.471152E-03
           211      G      2.669702E-04  -2.133096E-04   1.093832E-02  -1.781957E-01  -2.018368E-02  -5.018118E-02
           212      G      3.520239E-04  -2.993448E-06   1.493235E-02   1.233492E-04  -5.283488E-02  -5.228054E-05
           213      G      7.395651E-05  -2.695212E-04  -4.836714E-04  -2.566696E-04   1.481044E-04  -1.252188E-02
           214      G      7.395651E-05   8.030875E-05  -4.795337E-04  -2.566696E-04   1.481044E-04  -1.252188E-02
           215      G     -3.086456E-05   7.312318E-05  -1.887790E-04  -1.627629E-04   1.275212E-04   3.558084E-03
           216      G     -3.086456E-05  -2.183318E-05  -1.853757E-04  -1.627629E-04   1.275212E-04   3.558084E-03
           217      G     -1.366086E-04   3.148408E-06  -1.884295E-06   5.766383E-04  -8.548857E-03   1.648611E-02
           218      G      2.968883E-04  -1.915814E-04  -1.093370E-02  -1.791673E-01  -2.446714E-02   5.305380E-02
           219      G      7.322321E-05   2.725226E-04   4.837291E-04   2.503224E-04   1.447816E-04  -1.257554E-02
           220      G      7.322321E-05  -7.880656E-05   4.796842E-04   2.503224E-04   1.447816E-04  -1.257554E-02
           221      G     -3.143428E-05  -7.367023E-05   1.885549E-04   1.634660E-04   1.258756E-04   3.581912E-03
           222      G     -3.143428E-05   2.192204E-05   1.851956E-04   1.634660E-04   1.258756E-04   3.581912E-03
           223      G      2.666906E-04   2.077468E-04   1.093987E-02   1.783384E-01  -2.021837E-02   4.982637E-02
           224      G      5.355622E-05   9.456500E-05  -2.969419E-02   9.022280E-01   1.105727E-01   2.148683E-03
           225      G      5.719578E-05   4.013401E-06  -5.345367E-02   8.110308E-04   1.193239E-02   3.020205E-04
           226      G      3.873864E-05  -4.864614E-05  -1.671577E-02   4.899247E-01   5.274801E-01  -1.926101E-03
           227      G     -5.084504E-04   1.563382E-06  -2.858254E-02  -1.016539E-04   1.096829E+00  -5.545347E-06
           228      G     -2.592103E-05   2.727501E-06  -4.077542E-04   1.129253E-02   3.681766E-01   4.153827E-04
           229      G     -3.851112E-04   7.242460E-07  -6.943930E-04   1.944257E-04   1.129915E-01   4.448567E-05
           230      G      1.246656E-04   1.847594E-05  -2.162422E-02   5.834919E-01  -4.647943E-01   3.381719E-03
           231      G      4.881451E-04   4.692734E-06  -3.575110E-02   6.024712E-03  -7.854909E-01  -1.950494E-03
           232      G      3.865566E-05  -9.970023E-05   2.952304E-02  -8.988808E-01   1.133811E-01   1.874525E-03
           233      G      3.270711E-05  -3.250036E-07   5.334479E-02   4.019889E-05   1.818699E-02   2.232193E-05
           234      G      3.279193E-05   4.625688E-05   1.618772E-02  -4.754530E-01   5.422677E-01  -1.945394E-03
           235      G     -5.274438E-04   1.779113E-07   2.777418E-02   6.233586E-05   1.122558E+00   9.180546E-06
           236      G      1.229711E-04  -8.580618E-06   2.158497E-02  -5.767327E-01  -4.851568E-01   2.850698E-03
           237      G      3.890825E-04  -1.458512E-06   3.578459E-02   1.071205E-04  -8.568240E-01   7.706815E-05
           238      G      5.542056E-05  -8.912903E-05  -2.967206E-02  -8.960142E-01   1.135745E-01  -2.289328E-03
1                                                       **STUDENT EDITION*    APRIL  18, 2026  MSC Nastran  3/ 3/26   PAGE    74
     DEFAULT                                                                                                                        
0                                                                                                            SUBCASE 1              
      EIGENVALUE =  6.283854E+06
          CYCLES =  3.989635E+02         R E A L   E I G E N V E C T O R   N O .          7
 
      POINT ID.   TYPE          T1             T2             T3             R1             R2             R3
           239      G      4.008811E-05   5.123531E-05  -1.668005E-02  -4.858206E-01   5.260503E-01   1.959532E-03
           240      G     -2.482790E-05  -1.036449E-06  -3.920940E-04  -9.872760E-03   3.679519E-01  -5.567497E-04
           241      G      1.264617E-04  -3.823655E-06  -2.165416E-02  -5.751272E-01  -4.655794E-01  -3.331880E-03
           242      G      3.890869E-05   9.925312E-05   2.952984E-02   8.995480E-01   1.132931E-01  -1.943100E-03
           243      G      3.286134E-05  -4.579979E-05   1.619911E-02   4.765131E-01   5.419707E-01   1.952701E-03
           244      G      1.231681E-04   6.465983E-06   2.158864E-02   5.770677E-01  -4.852833E-01  -2.812591E-03
           300      G     -8.088371E-05   1.032186E-04  -1.739614E-03   3.042222E-02   4.156057E-02   1.944044E-02
           301      G     -3.155406E-04  -2.985029E-04  -1.627948E-03  -9.462160E-02   2.654031E-02   1.446704E-02
           302      G     -7.286861E-04  -2.041560E-05  -2.547849E-06   6.957864E-03   1.093503E-01  -9.990881E-02
           303      G      4.943068E-04   1.103749E-03  -2.178853E-03   5.024561E-02   5.920422E-02   2.652368E-02
           304      G      4.485286E-05   3.318144E-04  -2.162142E-03  -1.318217E-01  -4.159650E-02  -3.227566E-03
           305      G      1.389749E-03   6.659367E-04  -1.185155E-02   2.325048E-01   1.118621E-01  -4.029182E-02
           306      G      1.793589E-03   8.698627E-05  -1.627625E-02   1.858750E-02   1.159571E-01   3.000766E-02
           307      G     -5.409472E-05  -1.955484E-04   1.725142E-03  -2.288758E-02   6.330802E-02   1.826021E-02
           308      G     -3.151316E-04   2.536284E-04   1.653553E-03   1.165265E-01   3.310502E-02   1.556201E-02
           309      G      6.429273E-04  -1.276654E-03   2.164567E-03  -4.052698E-02   6.097703E-02   1.934612E-02
           310      G      9.144542E-05  -3.405579E-04   2.202288E-03   1.788460E-01  -7.355214E-02  -4.347075E-03
           311      G      1.424209E-03  -6.935751E-04   1.190737E-02  -2.419547E-01   1.140563E-01  -6.368016E-02
           312      G      1.812108E-03  -8.223997E-06   1.629070E-02   7.676005E-04   1.152200E-01  -2.056458E-04
           313      G     -6.866830E-05  -1.993669E-04  -1.726195E-03  -1.847644E-02   6.402830E-02  -1.868298E-02
           314      G     -3.476656E-04   2.466774E-04  -1.659106E-03   1.195865E-01   3.050687E-02  -1.745822E-02
           315      G     -7.997298E-04  -3.876985E-05   1.904270E-06   6.748091E-03   1.192433E-01   1.057140E-01
           316      G      6.429845E-04  -1.237647E-03  -2.168157E-03  -3.792013E-02   6.390331E-02  -1.767575E-02
           317      G      8.757587E-05  -3.189717E-04  -2.205219E-03   1.861249E-01  -7.410518E-02   4.188643E-03
           318      G      1.426682E-03  -6.360818E-04  -1.190997E-02  -2.434215E-01   1.117634E-01   7.054737E-02
           319      G     -8.393701E-05   1.472056E-04   1.732149E-03   3.316274E-02   6.398718E-02  -1.948837E-02
           320      G     -3.549421E-04  -3.155074E-04   1.655242E-03  -1.043212E-01   3.079065E-02  -1.797048E-02
           321      G      6.141611E-04   1.254632E-03   2.165306E-03   4.405068E-02   5.756010E-02  -2.008224E-02
           322      G      6.450813E-05   3.017573E-04   2.204694E-03  -1.693028E-01  -7.338922E-02   3.447258E-03
           323      G      1.411468E-03   6.763205E-04   1.190932E-02   2.428160E-01   1.136755E-01   6.330829E-02
           324      G      1.076880E-03  -5.381243E-05   2.103762E-02  -6.023829E-01   3.392928E-02   2.278935E-02
           325      G      1.499516E-03  -3.972894E-05   3.133474E-02   1.040409E-02   1.213831E-01   9.458673E-04
           326      G      8.828972E-04   5.634868E-05   1.488882E-02  -3.404491E-01  -3.339693E-01   1.199553E-02
           327      G      1.777718E-03  -4.020195E-05   1.914315E-02   1.232324E-02  -6.534837E-01  -4.101594E-04
           328      G      9.556109E-04  -3.138872E-05   1.027283E-04  -1.094960E-03  -4.311604E-01   6.137635E-02
           329      G      1.566852E-03  -3.623030E-05   1.111321E-04   7.343651E-03   6.515722E-02   9.424345E-05
           330      G      1.334648E-03   3.049255E-04   6.660995E-03  -1.395477E-01   8.058327E-01   1.394149E-02
           331      G      1.331231E-03  -1.780153E-05   8.827998E-03   2.971465E-02   9.400353E-01  -3.944266E-03
           332      G      1.114438E-03  -6.957556E-06  -2.104110E-02   6.096374E-01   2.800333E-02   2.284094E-02
           333      G      1.517264E-03  -2.318018E-05  -3.150140E-02   5.604910E-03   1.212213E-01  -3.139716E-04
           334      G      9.069176E-04  -1.228378E-04  -1.472800E-02   3.343430E-01  -3.307637E-01   1.204148E-02
           335      G      1.789233E-03  -3.136483E-05  -1.907036E-02   7.479911E-03  -6.608473E-01  -3.513692E-04
           336      G      1.399237E-03  -3.718555E-04  -6.798332E-03   1.132106E-01   8.023412E-01   1.346868E-02
           337      G      1.347582E-03  -1.626806E-05  -8.928557E-03   3.683176E-03   9.428740E-01  -3.950066E-04
           338      G      1.103869E-03  -1.573166E-05   2.102860E-02   6.067431E-01   3.283794E-02  -2.279756E-02
           339      G      8.943419E-04  -1.412764E-04   1.487464E-02   3.340140E-01  -3.259948E-01  -1.217013E-02
           340      G      9.562519E-04  -3.951312E-05   8.913462E-05   2.381248E-03  -4.339527E-01  -6.375512E-02
           341      G      1.397612E-03  -3.502848E-04   6.684746E-03   1.014079E-01   8.026599E-01  -1.280290E-02
           342      G      1.098207E-03  -4.265355E-05  -2.107418E-02  -6.102346E-01   2.887953E-02  -2.291620E-02
           343      G      8.927474E-04   6.988441E-05  -1.479038E-02  -3.354787E-01  -3.295903E-01  -1.247306E-02
1                                                       **STUDENT EDITION*    APRIL  18, 2026  MSC Nastran  3/ 3/26   PAGE    75
     DEFAULT                                                                                                                        
0                                                                                                            SUBCASE 1              
      EIGENVALUE =  6.283854E+06
          CYCLES =  3.989635E+02         R E A L   E I G E N V E C T O R   N O .          7
 
      POINT ID.   TYPE          T1             T2             T3             R1             R2             R3
           344      G      1.384046E-03   3.381773E-04  -6.807290E-03  -1.151307E-01   8.029394E-01  -1.391529E-02
           400      G     -5.220086E-04   5.188989E-03  -4.009393E-03   1.287137E+00  -8.979578E-01  -3.558659E-02
           401      G     -1.541755E-03   1.729778E-02  -4.168750E-03   3.106209E+00  -9.333057E-01  -1.179912E-01
           402      G     -1.935118E-04  -6.943139E-06   8.506780E-06  -8.769940E-04  -8.045336E-01   6.840364E-01
           403      G     -2.993435E-03  -1.558510E-03  -1.684279E-03   3.727934E-01  -1.168735E+00  -7.700961E-03
           404      G      5.635074E-05   5.454978E-03  -4.251727E-03   3.738122E+00   2.706518E+00  -2.472032E-01
           405      G      1.400671E-02   1.350848E-03  -1.621984E-02  -1.274306E+00  -5.304034E+00   5.285138E-02
           406      G      1.964896E-02   2.874866E-06  -2.271664E-02   4.062411E-04  -7.270974E+00   2.708262E-03
           407      G     -5.077109E-04  -5.202530E-03   4.026900E-03  -1.289084E+00  -8.984607E-01  -3.565282E-02
           408      G     -1.534491E-03  -1.731185E-02   4.182692E-03  -3.108141E+00  -9.332905E-01  -1.180584E-01
           409      G     -2.979259E-03   1.538405E-03   1.682111E-03  -3.769127E-01  -1.170056E+00  -1.038411E-02
           410      G      8.016271E-05  -5.474978E-03   4.276990E-03  -3.742665E+00   2.706499E+00  -2.459437E-01
           411      G      1.401577E-02  -1.366413E-03   1.628306E-02   1.274427E+00  -5.305240E+00   4.920865E-02
           412      G      1.965222E-02  -6.285192E-06   2.274414E-02  -1.894990E-04  -7.271356E+00  -3.311875E-05
           413      G     -5.123208E-04  -5.198892E-03  -4.035990E-03  -1.289298E+00  -8.984691E-01   3.582314E-02
           414      G     -1.542081E-03  -1.731189E-02  -4.192610E-03  -3.108517E+00  -9.329001E-01   1.188215E-01
           415      G     -1.970993E-04  -7.438127E-06  -4.685163E-06  -9.266254E-04  -8.040298E-01  -6.841699E-01
           416      G     -2.978526E-03   1.559906E-03  -1.691307E-03  -3.761523E-01  -1.169471E+00   1.074148E-02
           417      G      7.891877E-05  -5.464169E-03  -4.283903E-03  -3.742067E+00   2.706543E+00   2.460432E-01
           418      G      1.401291E-02  -1.344067E-03  -1.628550E-02   1.274869E+00  -5.304787E+00  -4.872345E-02
           419      G     -5.198713E-04   5.188407E-03   4.027924E-03   1.287906E+00  -8.984020E-01   3.563656E-02
           420      G     -1.545903E-03   1.729814E-02   4.188542E-03   3.106679E+00  -9.328904E-01   1.187315E-01
           421      G     -2.991335E-03  -1.551113E-03   1.686153E-03   3.757265E-01  -1.168959E+00   1.023608E-02
           422      G      6.748221E-05   5.461735E-03   4.280290E-03   3.740844E+00   2.706539E+00   2.458958E-01
           423      G      1.401108E-02   1.353405E-03   1.628329E-02  -1.274398E+00  -5.304492E+00  -4.932591E-02
           424      G      2.599673E-03   8.835792E-03  -1.317929E+00   4.277370E+01   2.081676E+00   5.612455E-02
           425      G      6.010045E-03  -4.804012E-06  -2.462810E+00  -1.043564E-03  -4.109769E+00   1.687736E-04
           426      G      6.069642E-03   2.044089E-05  -7.584865E-01   2.169197E+01   2.244972E+01  -4.131146E-02
           427      G     -2.283384E-02  -7.441697E-06  -1.302197E+00  -1.264151E-03   5.177812E+01   4.309334E-05
           428      G      3.464451E-03  -7.425378E-06  -1.507951E-05   3.496275E-04   1.720624E+01  -4.450907E-01
           429      G     -1.575878E-02  -7.849088E-06  -3.425438E-05  -1.009860E-03   1.036022E+00   1.046493E-05
           430      G      4.182766E-03  -5.249948E-04  -7.379704E-01   2.062700E+01  -2.973899E+01   9.325868E-02
           431      G      2.753733E-02  -2.206982E-06  -1.300396E+00   4.292330E-04  -4.813828E+01  -4.901481E-04
           432      G      2.606944E-03  -8.850663E-03   1.317943E+00  -4.277404E+01   2.083021E+00   5.598641E-02
           433      G      6.012515E-03  -7.368171E-06   2.462808E+00  -6.302377E-04  -4.110022E+00  -1.628485E-05
           434      G      6.073629E-03  -3.599249E-05   7.584703E-01  -2.169159E+01   2.245015E+01  -4.134821E-02
           435      G     -2.283291E-02  -7.840004E-06   1.302162E+00  -7.914470E-04   5.177943E+01  -1.643970E-06
           436      G      4.189984E-03   5.122787E-04   7.380376E-01  -2.062629E+01  -2.973797E+01   9.314906E-02
           437      G      2.754127E-02  -6.914677E-06   1.300413E+00  -4.367013E-04  -4.813821E+01  -5.942386E-06
           438      G      2.603806E-03  -8.847776E-03  -1.317954E+00  -4.277349E+01   2.083071E+00  -5.609697E-02
           439      G      6.072187E-03  -3.499438E-05  -7.584979E-01  -2.169133E+01   2.244954E+01   4.133843E-02
           440      G      3.463868E-03  -7.640160E-06  -2.092256E-05  -4.370771E-04   1.720672E+01   4.450667E-01
           441      G      4.186312E-03   5.204434E-04  -7.380431E-01  -2.062631E+01  -2.973791E+01  -9.295918E-02
           442      G      2.603270E-03   8.836484E-03   1.317946E+00   4.277387E+01   2.082830E+00  -5.617505E-02
           443      G      6.071881E-03   2.018583E-05   7.584756E-01   2.169123E+01   2.245038E+01   4.127336E-02
           444      G      4.185524E-03  -5.258153E-04   7.380343E-01   2.062659E+01  -2.973813E+01  -9.323347E-02
           445      G     -1.176992E-03  -4.220160E-03  -2.563499E-03   6.460496E-02   5.366845E-02   5.606428E-02
           446      G     -1.746398E-03  -1.586336E-03  -2.839540E-03  -5.244633E-01  -4.732550E-02  -1.640786E-01
           447      G     -1.071614E-03  -5.961610E-04  -3.956266E-03   3.367558E-01   4.419979E-02  -3.347635E-02
           448      G     -3.809518E-04  -1.675633E-04  -2.862952E-03  -2.332565E-01   3.624000E-02   6.992935E-02
1                                                       **STUDENT EDITION*    APRIL  18, 2026  MSC Nastran  3/ 3/26   PAGE    76
     DEFAULT                                                                                                                        
0                                                                                                            SUBCASE 1              
      EIGENVALUE =  6.283854E+06
          CYCLES =  3.989635E+02         R E A L   E I G E N V E C T O R   N O .          7
 
      POINT ID.   TYPE          T1             T2             T3             R1             R2             R3
           449      G     -3.847217E-04  -3.016564E-06   8.525397E-06  -3.388260E-04   1.992618E-01  -1.098600E-02
           450      G     -3.875303E-03  -3.553916E-03  -1.333640E-02   3.122990E-01  -7.189107E-01   1.815783E-01
           451      G     -4.985475E-03  -4.436184E-06  -1.939190E-02   1.122607E-03  -1.007812E+00   1.012959E-03
           452      G     -1.172708E-03   4.226194E-03   2.566075E-03  -6.480319E-02   5.347157E-02   5.625621E-02
           453      G     -1.743744E-03   1.583878E-03   2.855075E-03   5.241442E-01  -4.769888E-02  -1.645676E-01
           454      G     -1.066039E-03   5.913761E-04   3.976989E-03  -3.380036E-01   4.425102E-02  -3.299819E-02
           455      G     -3.781781E-04   1.616200E-04   2.881603E-03   2.325041E-01   3.631242E-02   6.998506E-02
           456      G     -3.875016E-03   3.552340E-03   1.338974E-02  -3.129750E-01  -7.180262E-01   1.811630E-01
           457      G     -4.986613E-03  -5.263354E-06   1.942406E-02   2.656305E-05  -1.008295E+00  -5.051103E-05
           458      G     -1.171220E-03   4.233034E-03  -2.576642E-03  -6.461799E-02   5.346688E-02  -5.642109E-02
           459      G     -1.742900E-03   1.588232E-03  -2.864219E-03   5.240723E-01  -4.766084E-02   1.647113E-01
           460      G     -1.065001E-03   5.947724E-04  -3.986901E-03  -3.382622E-01   4.427530E-02   3.326088E-02
           461      G     -3.748583E-04   1.636237E-04  -2.887368E-03   2.322880E-01   3.660879E-02  -7.001707E-02
           462      G     -3.803874E-04  -3.135951E-06  -3.740789E-06  -2.893288E-04   1.996681E-01   1.094872E-02
           463      G     -3.874138E-03   3.555924E-03  -1.338866E-02  -3.125166E-01  -7.173988E-01  -1.809236E-01
           464      G     -1.176253E-03  -4.235358E-03   2.571074E-03   6.502443E-02   5.346087E-02  -5.620724E-02
           465      G     -1.746965E-03  -1.593407E-03   2.857913E-03  -5.239579E-01  -4.770726E-02   1.647029E-01
           466      G     -1.068190E-03  -6.004192E-04   3.980134E-03   3.379371E-01   4.429758E-02   3.333316E-02
           467      G     -3.764564E-04  -1.695695E-04   2.878964E-03  -2.328263E-01   3.659838E-02  -7.001650E-02
           468      G     -3.875345E-03  -3.562297E-03   1.339052E-02   3.128385E-01  -7.179451E-01  -1.812452E-01
           469      G     -2.528470E-03  -3.294935E-03  -6.486932E-03   2.024067E-01  -2.977365E-01  -1.198372E-01
           470      G     -2.414527E-03  -1.675670E-03  -1.170263E-02   8.749377E-01  -1.522898E-01  -1.897523E-02
           471      G     -2.262432E-03  -6.114703E-04  -1.680817E-02   6.654692E-01   1.651824E-02  -4.014621E-02
           472      G     -2.016705E-03  -2.830380E-04  -9.685090E-03   5.715145E-01   3.594974E-01  -5.328783E-02
           473      G     -1.879577E-03  -3.541988E-06  -7.604238E-06   1.270389E-03   3.557765E-01  -5.533515E-02
           474      G     -3.537086E-03  -1.045048E-03  -3.046455E-02   6.514896E-01  -3.881468E-01  -7.687535E-02
           475      G     -3.311100E-03  -5.116526E-04  -3.622438E-02   8.646760E-01   1.387748E-01  -2.670466E-02
           476      G     -3.074544E-03  -1.972282E-04  -2.340062E-02   5.450371E-01   6.924145E-01  -2.354149E-02
           477      G     -3.000859E-03  -3.599480E-06  -4.587093E-05   1.723184E-03   9.000381E-01  -3.677033E-02
           478      G     -3.943678E-03  -1.428307E-03  -1.798882E-02   1.176590E-01  -8.556103E-01  -5.281984E-02
           479      G     -4.395756E-03  -6.910239E-04  -4.302198E-02   4.701539E-01  -7.096007E-01  -1.611009E-02
           480      G     -3.964695E-03  -2.307450E-04  -5.147049E-02   4.712000E-01   2.388658E-01  -1.824138E-02
           481      G     -3.713021E-03  -1.099311E-04  -3.357879E-02   3.495385E-01   9.608402E-01  -1.334427E-02
           482      G     -4.554568E-03   3.941859E-07  -4.772307E-02   4.851597E-04  -6.562461E-01  -2.100410E-04
           483      G     -4.245458E-03  -8.733488E-07  -5.633254E-02   8.080010E-04   1.971064E-01   5.875981E-05
           484      G     -3.888197E-03  -2.015639E-06  -3.750860E-02   5.543750E-04   1.038427E+00   2.273993E-05
           485      G     -3.594307E-03  -3.428460E-06  -8.220711E-05   1.347088E-03   1.295162E+00  -1.278279E-02
           486      G     -3.791981E-03  -3.254854E-06  -1.018817E-04   3.135444E-04   1.462088E+00   2.026487E-05
           487      G     -2.526647E-03   3.297050E-03   6.512442E-03  -2.039472E-01  -2.974481E-01  -1.200844E-01
           488      G     -2.413170E-03   1.673293E-03   1.172448E-02  -8.753074E-01  -1.522304E-01  -1.900560E-02
           489      G     -2.261335E-03   6.063599E-04   1.682206E-02  -6.643279E-01   1.692296E-02  -4.033778E-02
           490      G     -2.015653E-03   2.763679E-04   9.679413E-03  -5.693576E-01   3.602154E-01  -5.334703E-02
           491      G     -3.537357E-03   1.041664E-03   3.048610E-02  -6.512879E-01  -3.870081E-01  -7.691359E-02
           492      G     -3.311212E-03   5.062830E-04   3.619779E-02  -8.627288E-01   1.405086E-01  -2.674777E-02
           493      G     -3.074521E-03   1.906166E-04   2.332733E-02  -5.419736E-01   6.936560E-01  -2.357449E-02
           494      G     -3.943983E-03   1.424450E-03   1.804078E-02  -1.168933E-01  -8.553106E-01  -5.266678E-02
           495      G     -4.396852E-03   6.862904E-04   4.303072E-02  -4.691743E-01  -7.076663E-01  -1.617888E-02
           496      G     -3.965184E-03   2.254477E-04   5.140285E-02  -4.696582E-01   2.415447E-01  -1.825295E-02
           497      G     -3.713224E-03   1.034869E-04   3.344178E-02  -3.471902E-01   9.626786E-01  -1.336612E-02
           498      G     -4.555180E-03  -4.872216E-06   4.771558E-02  -3.286100E-05  -6.539610E-01   1.529188E-05
1                                                       **STUDENT EDITION*    APRIL  18, 2026  MSC Nastran  3/ 3/26   PAGE    77
     DEFAULT                                                                                                                        
0                                                                                                            SUBCASE 1              
      EIGENVALUE =  6.283854E+06
          CYCLES =  3.989635E+02         R E A L   E I G E N V E C T O R   N O .          7
 
      POINT ID.   TYPE          T1             T2             T3             R1             R2             R3
           499      G     -4.245860E-03  -4.674128E-06   5.623824E-02  -2.462630E-05   1.999956E-01   8.750516E-06
           500      G     -3.888442E-03  -4.145598E-06   3.733690E-02   7.268297E-05   1.040629E+00   1.653894E-05
           501      G     -2.525619E-03   3.302270E-03  -6.518861E-03  -2.037562E-01  -2.971963E-01   1.201234E-01
           502      G     -2.412489E-03   1.677700E-03  -1.174090E-02  -8.755423E-01  -1.529134E-01   1.900334E-02
           503      G     -2.260038E-03   6.101302E-04  -1.686034E-02  -6.658960E-01   1.645405E-02   4.032438E-02
           504      G     -2.014039E-03   2.788411E-04  -9.726490E-03  -5.718400E-01   3.602408E-01   5.341723E-02
           505      G     -1.877549E-03  -3.029584E-06  -2.943157E-05  -1.385140E-03   3.564626E-01   5.543935E-02
           506      G     -3.536713E-03   1.046215E-03  -3.050903E-02  -6.514788E-01  -3.885595E-01   7.688311E-02
           507      G     -3.310522E-03   5.100691E-04  -3.627468E-02  -8.640456E-01   1.388892E-01   2.677799E-02
           508      G     -3.073623E-03   1.930943E-04  -2.344069E-02  -5.446092E-01   6.930276E-01   2.361105E-02
           509      G     -3.000028E-03  -3.046585E-06  -6.745976E-05  -1.533860E-03   9.007269E-01   3.682102E-02
           510      G     -3.942806E-03   1.428406E-03  -1.802786E-02  -1.161325E-01  -8.548915E-01   5.250784E-02
           511      G     -4.396447E-03   6.904827E-04  -4.305180E-02  -4.685040E-01  -7.097137E-01   1.621924E-02
           512      G     -3.964666E-03   2.293714E-04  -5.150163E-02  -4.700822E-01   2.390143E-01   1.826121E-02
           513      G     -3.712789E-03   1.057817E-04  -3.360299E-02  -3.485554E-01   9.611896E-01   1.339980E-02
           514      G     -3.594007E-03  -3.103788E-06  -9.567014E-05  -8.461803E-04   1.295575E+00   1.282723E-02
           515      G     -2.528212E-03  -3.306471E-03   6.517293E-03   2.037923E-01  -2.974104E-01   1.200441E-01
           516      G     -2.414309E-03  -1.682924E-03   1.172822E-02   8.752773E-01  -1.522732E-01   1.894691E-02
           517      G     -2.261502E-03  -6.158130E-04   1.682407E-02   6.643842E-01   1.712077E-02   4.027373E-02
           518      G     -2.014841E-03  -2.848896E-04   9.672594E-03   5.694127E-01   3.606063E-01   5.339998E-02
           519      G     -3.537570E-03  -1.051401E-03   3.048750E-02   6.512020E-01  -3.871054E-01   7.691247E-02
           520      G     -3.311101E-03  -5.157377E-04   3.619949E-02   8.627227E-01   1.406219E-01   2.676063E-02
           521      G     -3.074003E-03  -1.990683E-04   2.332122E-02   5.420491E-01   6.940888E-01   2.360342E-02
           522      G     -3.944037E-03  -1.434433E-03   1.804021E-02   1.168787E-01  -8.552799E-01   5.268623E-02
           523      G     -4.396811E-03  -6.961358E-04   4.303115E-02   4.691764E-01  -7.077212E-01   1.617636E-02
           524      G     -3.965067E-03  -2.348037E-04   5.140369E-02   4.695911E-01   2.416015E-01   1.826582E-02
           525      G     -3.712995E-03  -1.118385E-04   3.343799E-02   3.473183E-01   9.629542E-01   1.339550E-02
          1000      G     -1.344470E-04  -1.671747E-08   2.547875E-06   5.401056E-05  -4.622876E-02   6.879553E-02
          1001      G     -1.505765E-04   2.621161E-05  -1.939376E-04   3.609966E-04   8.289444E-05  -5.474514E-02
          1002      G     -1.088632E-04  -5.267589E-05  -1.967930E-04   1.701180E-04   1.188468E-04  -3.401818E-02
          1003      G     -1.326507E-04   8.781969E-08   3.756460E-06   2.073594E-04   1.386572E+00   5.722512E-03
          1004      G     -6.741727E-05   7.793614E-05  -3.590181E-02   1.275543E+00   1.051754E+00   2.617339E-03
          1005      G     -1.050116E-04   7.598517E-05  -5.691388E-02   2.307464E+00   2.589130E-01   5.406673E-04
          1006      G      5.622719E-04  -1.544994E-07  -8.266051E-06   2.539808E-05   1.100930E-01   1.294303E-05
          1007      G      1.611128E-04   2.379879E-07  -5.910535E-02   9.273711E-05   3.478307E+00   1.150286E-05
          1008      G     -8.512395E-05   3.001691E-07  -1.058223E-01   8.567705E-05  -1.086721E-01   1.411978E-05
          1009      G     -5.812048E-05   2.432634E-06  -4.883630E-04   3.595659E-04   2.537928E-04  -7.709677E-02
          1010      G      9.033383E-05   2.254869E-04  -4.787929E-04   2.703486E-04   1.428492E-04   5.427786E-03
          1011      G     -1.413334E-04   1.195566E-04  -3.814380E-02   1.365667E+00  -1.474647E+00  -2.709042E-03
          1012      G     -2.362422E-04  -3.027768E-05  -1.118502E-02   2.330563E-01  -1.622921E-01   5.725081E-02
          1013      G     -3.335898E-04   8.431237E-07  -6.579590E-02   9.744262E-06  -2.757170E+00   2.513670E-05
          1014      G     -5.877633E-04   1.473970E-06  -1.584451E-02  -1.358684E-04  -2.663346E-01   1.198871E-03
          1015      G     -1.500769E-04  -2.544374E-05   1.941321E-04  -3.618240E-04   8.499028E-05  -5.518452E-02
          1016      G     -1.079943E-04   5.217485E-05   1.970412E-04  -1.713572E-04   1.209873E-04  -3.427358E-02
          1017      G     -6.690124E-05  -7.805063E-05   3.591094E-02  -1.275323E+00   1.051964E+00   2.614378E-03
          1018      G     -1.039938E-04  -7.556163E-05   5.692858E-02  -2.307361E+00   2.590981E-01   5.492350E-04
          1019      G      1.615080E-04  -3.191073E-07   5.909296E-02   3.865447E-05   3.478622E+00   9.799392E-06
          1020      G     -8.429331E-05  -6.528820E-07   1.058160E-01   3.280101E-05  -1.086076E-01   8.523251E-06
          1021      G     -5.709516E-05   4.701625E-08   4.867913E-04  -3.411308E-04   2.581123E-04  -7.873839E-02
          1022      G      9.372379E-05  -2.309440E-04   4.773325E-04  -2.540612E-04   1.456432E-04   5.160718E-03
1                                                       **STUDENT EDITION*    APRIL  18, 2026  MSC Nastran  3/ 3/26   PAGE    78
     DEFAULT                                                                                                                        
0                                                                                                            SUBCASE 1              
      EIGENVALUE =  6.283854E+06
          CYCLES =  3.989635E+02         R E A L   E I G E N V E C T O R   N O .          7
 
      POINT ID.   TYPE          T1             T2             T3             R1             R2             R3
          1023      G     -1.392115E-04  -1.205975E-04   3.816324E-02  -1.365662E+00  -1.474433E+00  -2.709322E-03
          1024      G     -2.343714E-04   3.056178E-05   1.120947E-02  -2.329722E-01  -1.621361E-01   5.765976E-02
          1025      G     -3.328301E-04  -7.909562E-07   6.579441E-02   3.460755E-05  -2.756940E+00   7.603949E-06
          1026      G     -5.867820E-04  -1.105184E-06   1.584719E-02  -7.001866E-05  -2.662312E-01  -1.067428E-04
          1027      G     -1.327399E-04  -1.880681E-07  -1.571839E-06   4.407163E-05  -4.620429E-02  -6.981468E-02
          1028      G     -1.484940E-04  -2.615174E-05  -1.938933E-04  -3.612204E-04   8.230070E-05   5.353643E-02
          1029      G     -1.064893E-04   5.365979E-05  -1.967284E-04  -1.702441E-04   1.182865E-04   3.266423E-02
          1030      G     -1.314794E-04  -1.018695E-07  -4.280290E-06  -1.357494E-04   1.386661E+00  -5.703774E-03
          1031      G     -6.621117E-05  -7.773793E-05  -3.591140E-02  -1.275565E+00   1.051870E+00  -2.591903E-03
          1032      G     -1.036185E-04  -7.464354E-05  -5.692582E-02  -2.307440E+00   2.589872E-01  -5.156457E-04
          1033      G     -5.582327E-05   1.674731E-06  -4.865576E-04  -3.491361E-04   2.586465E-04   7.767528E-02
          1034      G      9.392806E-05  -2.263221E-04  -4.771133E-04  -2.615229E-04   1.466768E-04  -5.626836E-03
          1035      G     -1.390318E-04  -1.182530E-04  -3.815555E-02  -1.365550E+00  -1.474710E+00   2.738826E-03
          1036      G     -2.337544E-04   3.325161E-05  -1.119921E-02  -2.326763E-01  -1.619759E-01  -5.651092E-02
          1037      G     -1.485141E-04   2.622620E-05   1.937126E-04   3.620275E-04   8.069201E-05   5.325775E-02
          1038      G     -1.064781E-04  -5.414404E-05   1.965066E-04   1.707380E-04   1.166513E-04   3.236994E-02
          1039      G     -6.604696E-05   7.736316E-05   3.590535E-02   1.275322E+00   1.051989E+00  -2.596863E-03
          1040      G     -1.033216E-04   7.469822E-05   5.692407E-02   2.307355E+00   2.591452E-01  -5.276281E-04
          1041      G     -5.557618E-05  -8.192524E-07   4.866909E-04   3.429946E-04   2.552491E-04   7.726894E-02
          1042      G     -1.386713E-04   1.186118E-04   3.816012E-02   1.365632E+00  -1.474380E+00   2.729252E-03
          1043      G     -2.338002E-04  -3.252895E-05   1.120932E-02   2.330382E-01  -1.619636E-01  -5.747519E-02
          1044      G      9.468944E-05   2.276550E-04   4.771608E-04   2.553923E-04   1.431404E-04  -6.307108E-03
          2000      G      1.157268E-04  -8.361376E-08   4.587043E-06  -7.219339E-05  -8.193297E-03   1.729504E-01
          2001      G      1.113755E-04   1.918969E-05  -1.898200E-04   2.631344E-04   1.092348E-04   7.383860E-02
          2002      G      1.315285E-04  -6.460660E-05  -1.930610E-04   1.638793E-04   1.271404E-04   8.385411E-02
          2003      G      1.222418E-04   9.894789E-07  -4.287465E-04   1.785257E-02   6.973341E-01   2.591726E-03
          2004      G      1.480354E-04   2.933786E-05  -1.834065E-02   6.313684E-01   5.319995E-01   9.937956E-04
          2005      G      1.278281E-04   9.723625E-06  -2.941653E-02   1.136009E+00   1.735894E-01   1.383806E-04
          2006      G      4.525466E-04  -7.967890E-07  -6.944571E-04   1.944690E-04   1.130796E-01  -3.443399E-06
          2007      G      2.604837E-04  -9.077633E-07  -2.989004E-02   4.529227E-04   1.688430E+00  -1.375275E-05
          2008      G      1.510182E-04  -2.354512E-06  -5.345782E-02   8.111265E-04   1.191674E-02  -1.579053E-05
          2009      G      1.425457E-04  -1.021287E-04  -4.851995E-04   2.965833E-04   2.078475E-04   2.055028E-02
          2010      G      2.214763E-04   1.015379E-04  -4.837098E-04   2.979691E-04   1.373441E-04   6.593464E-02
          2011      G      1.318721E-04   3.135475E-05  -2.223823E-02   7.164508E-01  -6.298075E-01  -1.612765E-03
          2012      G      9.803150E-05  -8.550957E-05  -1.101713E-02   1.965659E-01  -2.704461E-02  -6.011714E-01
          2013      G      2.893629E-05  -3.580855E-06  -3.677381E-02   3.412564E-03  -1.214240E+00   3.696203E-05
          2014      G     -8.119610E-05  -2.096564E-06  -1.516116E-02   6.563715E-03  -5.525903E-02  -1.945587E-02
          2015      G      1.118778E-04  -1.814008E-05   1.899083E-04  -2.624860E-04   1.103947E-04   7.336863E-02
          2016      G      1.318914E-04   6.431638E-05   1.933143E-04  -1.645069E-04   1.289753E-04   8.331335E-02
          2017      G      1.522565E-04  -2.741749E-05   1.772536E-02  -6.075819E-01   5.475914E-01   1.057654E-03
          2018      G      1.349328E-04  -8.602928E-06   2.920471E-02  -1.126444E+00   1.841760E-01   3.222647E-04
          2019      G      2.701123E-04  -4.936002E-07   2.904473E-02  -3.402443E-06   1.727361E+00  -2.474139E-06
          2020      G      1.741273E-04  -6.387148E-07   5.334861E-02   4.021592E-05   1.816634E-02  -1.349393E-06
          2021      G      1.385637E-04   1.013637E-04   4.836121E-04  -2.772648E-04   2.127196E-04   1.632323E-02
          2022      G      2.166144E-04  -1.164325E-04   4.824227E-04  -2.843653E-04   1.409661E-04   6.135128E-02
          2023      G      1.453803E-04  -3.414577E-05   2.215598E-02  -7.046109E-01  -6.290706E-01  -1.270003E-03
          2024      G      1.134557E-04   6.960947E-05   1.102281E-02  -1.781986E-01  -2.022506E-02  -5.153885E-01
          2025      G      5.417283E-05  -5.390037E-07   3.674140E-02   1.310192E-04  -1.213303E+00  -2.444037E-06
          2026      G     -4.832757E-05  -6.507266E-07   1.515242E-02   1.234826E-04  -5.291667E-02   1.709778E-03
          2027      G      1.155126E-04  -1.585155E-06   3.742196E-07   5.765740E-04  -8.558904E-03  -1.760958E-01
1                                                       **STUDENT EDITION*    APRIL  18, 2026  MSC Nastran  3/ 3/26   PAGE    79
     DEFAULT                                                                                                                        
0                                                                                                            SUBCASE 1              
      EIGENVALUE =  6.283854E+06
          CYCLES =  3.989635E+02         R E A L   E I G E N V E C T O R   N O .          7
 
      POINT ID.   TYPE          T1             T2             T3             R1             R2             R3
          2028      G      1.115038E-04  -1.926923E-05  -1.897593E-04  -2.624010E-04   1.086755E-04  -7.408150E-02
          2029      G      1.313103E-04   6.540326E-05  -1.929873E-04  -1.630859E-04   1.264960E-04  -8.392444E-02
          2030      G      1.222593E-04  -1.870791E-06  -3.988701E-04  -1.488146E-02   6.972287E-01  -2.596364E-03
          2031      G      1.481752E-04  -3.088829E-05  -1.830376E-02  -6.263269E-01   5.314123E-01  -1.000090E-03
          2032      G      1.294257E-04  -1.136069E-05  -2.937593E-02  -1.127731E+00   1.741473E-01  -1.585373E-04
          2033      G      1.398634E-04   1.031820E-04  -4.833779E-04  -2.848829E-04   2.129192E-04  -1.737953E-02
          2034      G      2.166029E-04  -1.115663E-04  -4.821640E-04  -2.913315E-04   1.415714E-04  -6.175914E-02
          2035      G      1.376125E-04  -3.488621E-05  -2.221895E-02  -7.050686E-01  -6.290887E-01   1.526121E-03
          2036      G      1.090557E-04   7.658518E-05  -1.103544E-02  -1.791704E-01  -2.450962E-02   5.237342E-01
          2037      G      1.116528E-04   1.888998E-05   1.894895E-04   2.629936E-04   1.061360E-04  -7.447219E-02
          2038      G      1.317611E-04  -6.627180E-05   1.927821E-04   1.639390E-04   1.246084E-04  -8.446436E-02
          2039      G      1.520911E-04   2.622228E-05   1.774863E-02   6.095668E-01   5.470773E-01  -1.060953E-03
          2040      G      1.346336E-04   7.926926E-06   2.921854E-02   1.127567E+00   1.839446E-01  -3.210359E-04
          2041      G      1.386171E-04  -1.015035E-04   4.835130E-04   2.791815E-04   2.098327E-04  -1.710599E-02
          2042      G      2.163164E-04   1.142411E-04   4.822522E-04   2.857887E-04   1.383882E-04  -6.191707E-02
          2043      G      1.449541E-04   3.273734E-05   2.216248E-02   7.051129E-01  -6.293925E-01   1.274418E-03
          2044      G      1.129206E-04  -7.070966E-05   1.102450E-02   1.783413E-01  -2.025970E-02   5.185338E-01
          3000      G      2.095113E-03  -7.645661E-05  -3.042970E-05   6.961158E-03   1.093642E-01   1.075746E+00
          3001      G      2.141353E-03   4.318769E-04  -1.248265E-03  -9.456720E-02   2.655516E-02   1.107028E+00
          3002      G      2.164625E-03  -1.349940E-04  -1.859824E-03   3.038826E-02   4.156754E-02   9.369050E-01
          3003      G      2.450528E-03  -1.004550E-04   1.090665E-05  -5.901480E-03  -4.734848E-01   5.894662E-04
          3004      G      2.313617E-03  -6.805197E-05   1.084122E-02  -3.952819E-01  -2.282009E-01   2.162654E-03
          3005      G      2.261853E-03   1.162905E-06   1.433549E-02  -7.823382E-01   3.941765E-02   8.473991E-04
          3006      G      2.115044E-03  -9.482735E-05   1.111385E-04   7.343459E-03   6.515446E-02  -2.793104E-04
          3007      G      2.339307E-03  -1.142712E-04   1.803172E-02   1.461334E-02  -1.096251E+00  -2.270235E-04
          3008      G      2.457353E-03  -1.228137E-04   3.133567E-02   1.040344E-02   1.213997E-01  -4.053042E-05
          3009      G      2.132715E-03   1.593351E-04  -1.718410E-03  -1.317703E-01  -4.162559E-02   1.213532E+00
          3010      G      1.978552E-03  -2.924524E-04  -2.144791E-03   5.022965E-02   5.922452E-02   4.759019E-01
          3011      G      2.267465E-03  -1.673002E-04   2.818726E-03  -1.891014E-01   7.537171E-01   2.598947E-03
          3012      G      2.275668E-03   2.018327E-05  -1.140219E-02   2.325138E-01   1.118938E-01  -5.603321E-01
          3013      G      2.527668E-03  -1.315094E-04   8.065072E-03   2.403134E-02   1.439507E+00   2.160458E-04
          3014      G      2.698443E-03  -1.240799E-04  -1.581063E-02   1.858600E-02   1.159448E-01   1.641533E-03
          3015      G      2.163279E-03  -6.494742E-04   1.186194E-03   1.164645E-01   3.311705E-02   1.090624E+00
          3016      G      2.210096E-03  -1.922851E-05   1.815354E-03  -2.284458E-02   6.331239E-02   8.610818E-01
          3017      G      2.332223E-03  -1.179642E-04  -1.083752E-02   3.806701E-01  -2.226495E-01   2.162158E-03
          3018      G      2.301136E-03  -2.095284E-04  -1.444625E-02   7.820497E-01   3.098603E-02   9.512246E-04
          3019      G      2.349734E-03  -8.437346E-05  -1.796159E-02   4.674914E-03  -1.107271E+00  -2.988116E-04
          3020      G      2.473953E-03  -6.786515E-05  -3.150234E-02   5.604688E-03   1.212380E-01  -2.954312E-04
          3021      G      2.209726E-03  -3.977805E-04   1.634568E-03   1.787851E-01  -7.357957E-02   1.357113E+00
          3022      G      2.097739E-03   3.967687E-06   2.084381E-03  -4.052033E-02   6.098919E-02   4.626215E-01
          3023      G      2.325677E-03  -4.822902E-05  -3.056245E-03   1.604017E-01   7.557866E-01   2.120799E-03
          3024      G      2.326764E-03  -2.191085E-04   1.144921E-02  -2.419620E-01   1.140858E-01  -6.600215E-01
          3025      G      2.541379E-03  -6.013755E-05  -8.161373E-03   4.361990E-03   1.443679E+00  -2.258461E-04
          3026      G      2.711149E-03  -5.198576E-05   1.582805E-02   7.680017E-04   1.152077E-01  -1.859942E-02
          3027      G      2.069197E-03  -9.262055E-05   2.889656E-05   6.748601E-03   1.192553E-01  -1.064810E+00
          3028      G      2.131785E-03  -6.806177E-04  -1.179538E-03   1.195246E-01   3.051834E-02  -1.099566E+00
          3029      G      2.177670E-03  -5.837343E-05  -1.798782E-03  -1.843326E-02   6.403251E-02  -8.488860E-01
          3030      G      2.450709E-03  -9.785328E-05   1.002491E-04  -3.216720E-04  -4.735013E-01  -1.270559E-03
          3031      G      2.319469E-03  -1.472964E-04   1.087516E-02   3.778910E-01  -2.174176E-01  -2.743534E-03
          3032      G      2.282372E-03  -2.552336E-04   1.440869E-02   7.775141E-01   3.079360E-02  -1.276739E-03
1                                                       **STUDENT EDITION*    APRIL  18, 2026  MSC Nastran  3/ 3/26   PAGE    80
     DEFAULT                                                                                                                        
0                                                                                                            SUBCASE 1              
      EIGENVALUE =  6.283854E+06
          CYCLES =  3.989635E+02         R E A L   E I G E N V E C T O R   N O .          7
 
      POINT ID.   TYPE          T1             T2             T3             R1             R2             R3
          3033      G      2.174487E-03  -4.476987E-04  -1.609494E-03   1.860645E-01  -7.413258E-02  -1.343453E+00
          3034      G      2.055314E-03  -4.434083E-05  -2.065837E-03  -3.791194E-02   6.391704E-02  -4.312176E-01
          3035      G      2.305470E-03  -1.016338E-04   2.991222E-03   1.505662E-01   7.573647E-01  -2.410562E-03
          3036      G      2.310930E-03  -2.812159E-04  -1.146103E-02  -2.434290E-01   1.117923E-01   7.187101E-01
          3037      G      2.129940E-03   4.903788E-04   1.236754E-03  -1.042591E-01   3.080233E-02  -1.100640E+00
          3038      G      2.176888E-03  -1.110701E-04   1.863451E-03   3.312088E-02   6.399150E-02  -8.554793E-01
          3039      G      2.324524E-03  -4.159844E-05  -1.075641E-02  -3.849817E-01  -2.218193E-01  -2.933125E-03
          3040      G      2.290269E-03   7.175363E-05  -1.439958E-02  -7.877015E-01   2.843311E-02  -1.590578E-03
          3041      G      2.181060E-03   2.843931E-04   1.674838E-03  -1.692415E-01  -7.341702E-02  -1.354751E+00
          3042      G      2.077487E-03  -9.066861E-05   2.112870E-03   4.404587E-02   5.757070E-02  -4.799659E-01
          3043      G      2.313557E-03  -6.541872E-05  -3.042433E-03  -1.654155E-01   7.553230E-01  -2.634082E-03
          3044      G      2.311036E-03   1.163963E-04   1.145271E-02   2.428240E-01   1.137050E-01   6.211385E-01
          4000      G     -2.293208E-02   5.893648E-08   1.201468E-05  -8.771881E-04  -8.051052E-01  -8.831891E+00
          4001      G     -2.405746E-02  -6.834443E-03  -1.677767E-02   3.108539E+00  -9.340275E-01  -7.409587E+00
          4002      G     -2.376781E-02  -4.567009E-03  -9.309570E-03   1.287222E+00  -8.983431E-01  -7.996766E+00
          4003      G     -2.771769E-02   4.962296E-07  -6.433818E-06   1.371385E-03   3.457405E+01   7.731857E-02
          4004      G     -2.497553E-02   1.106669E-04  -8.702326E-01   2.844172E+01   2.354742E+01   1.510214E-02
          4005      G     -2.464954E-02  -6.349743E-04  -1.322840E+00   5.352959E+01   4.210250E+00  -8.140236E-03
          4006      G     -1.062783E-02   2.298305E-07  -3.425860E-05  -1.009753E-03   1.040654E+00   5.546942E-05
          4007      G     -2.061497E-02   2.247297E-06  -1.386008E+00  -8.309209E-04   8.196802E+01   3.773632E-05
          4008      G     -2.651344E-02   3.575301E-06  -2.463038E+00  -1.043381E-03  -4.111052E+00   2.856397E-05
          4009      G     -2.227241E-02  -2.148906E-03  -1.391227E-02   3.739245E+00   2.708257E+00  -2.167407E+01
          4010      G     -1.924434E-02   1.932934E-03  -7.676802E-03   3.723044E-01  -1.168597E+00  -3.343529E+00
          4011      G     -2.576947E-02   1.021285E-03  -7.835901E-01   2.670750E+01  -3.951835E+01  -7.061820E-02
          4012      G     -2.773263E-02  -2.320316E-03  -3.770606E-02  -1.274894E+00  -5.306601E+00   6.831410E+00
          4013      G     -3.116256E-02   5.065762E-06  -1.362286E+00  -1.279017E-04  -7.313461E+01   1.592181E-05
          4014      G     -3.697303E-02   5.326077E-06  -5.216686E-02   4.061910E-04  -7.274249E+00  -5.534405E-03
          4015      G     -2.405721E-02   6.835728E-03   1.679934E-02  -3.110471E+00  -9.340124E-01  -7.413076E+00
          4016      G     -2.376771E-02   4.568951E-03   9.334886E-03  -1.289169E+00  -8.988458E-01  -8.001789E+00
          4017      G     -2.497592E-02  -1.095790E-04   8.702329E-01  -2.843997E+01   2.354797E+01   1.509000E-02
          4018      G     -2.465034E-02   6.371509E-04   1.322868E+00  -5.352849E+01   4.211698E+00  -8.157341E-03
          4019      G     -2.061488E-02  -9.513566E-07   1.385970E+00  -6.106193E-04   8.197027E+01   3.333574E-05
          4020      G     -2.651306E-02  -2.332001E-06   2.463036E+00  -6.301611E-04  -4.111305E+00   2.705773E-05
          4021      G     -2.227336E-02   2.152611E-03   1.395572E-02  -3.743787E+00   2.708238E+00  -2.168763E+01
          4022      G     -1.924696E-02  -1.926976E-03   7.696386E-03  -3.764227E-01  -1.169917E+00  -3.344091E+00
          4023      G     -2.577042E-02  -1.018213E-03   7.836663E-01  -2.670584E+01  -3.951741E+01  -7.060978E-02
          4024      G     -2.773311E-02   2.322443E-03   3.777412E-02   1.275016E+00  -5.307807E+00   6.844348E+00
          4025      G     -3.116220E-02  -2.972147E-06   1.362306E+00  -4.687771E-04  -7.313340E+01   1.979396E-05
          4026      G     -3.697279E-02  -3.587828E-06   5.219589E-02  -1.895519E-04  -7.274631E+00   6.266423E-04
          4027      G     -2.292765E-02  -3.209301E-08  -8.388837E-06  -9.267570E-04  -8.046012E-01   8.830025E+00
          4028      G     -2.405299E-02   6.838663E-03  -1.681076E-02  -3.110847E+00  -9.336219E-01   7.407975E+00
          4029      G     -2.376392E-02   4.574303E-03  -9.344834E-03  -1.289384E+00  -8.988542E-01   7.997397E+00
          4030      G     -2.771626E-02   3.602914E-07  -2.942281E-05   2.067445E-05   3.457483E+01  -7.723254E-02
          4031      G     -2.497446E-02  -1.066881E-04  -8.702691E-01  -2.844006E+01   2.354735E+01  -1.500905E-02
          4032      G     -2.464910E-02   6.428491E-04  -1.322882E+00  -5.352779E+01   4.211062E+00   8.233665E-03
          4033      G     -2.227021E-02   2.160652E-03  -1.396015E-02  -3.743190E+00   2.708281E+00   2.168552E+01
          4034      G     -1.924475E-02  -1.914961E-03  -7.700215E-03  -3.756619E-01  -1.169332E+00   3.345387E+00
          4035      G     -2.576963E-02  -1.009974E-03  -7.836663E-01  -2.670549E+01  -3.951753E+01   7.066986E-02
          4036      G     -2.773233E-02   2.332150E-03  -3.777475E-02   1.275457E+00  -5.307354E+00  -6.840280E+00
          4037      G     -2.405338E-02  -6.837809E-03   1.679933E-02   3.109010E+00  -9.336121E-01   7.406391E+00
1                                                       **STUDENT EDITION*    APRIL  18, 2026  MSC Nastran  3/ 3/26   PAGE    81
     DEFAULT                                                                                                                        
0                                                                                                            SUBCASE 1              
      EIGENVALUE =  6.283854E+06
          CYCLES =  3.989635E+02         R E A L   E I G E N V E C T O R   N O .          7
 
      POINT ID.   TYPE          T1             T2             T3             R1             R2             R3
          4038      G     -2.376460E-02  -4.573666E-03   9.331205E-03   1.287991E+00  -8.987871E-01   7.994421E+00
          4039      G     -2.497437E-02   1.072661E-04   8.702239E-01   2.844040E+01   2.354820E+01  -1.501750E-02
          4040      G     -2.464889E-02  -6.415345E-04   1.322862E+00   5.352896E+01   4.211781E+00   8.214290E-03
          4041      G     -2.227097E-02  -2.158710E-03   1.395164E-02   3.741967E+00   2.708277E+00   2.168032E+01
          4042      G     -1.924520E-02   1.918741E-03   7.691317E-03   3.752364E-01  -1.168820E+00   3.341724E+00
          4043      G     -2.576914E-02   1.011908E-03   7.836584E-01   2.670647E+01  -3.951743E+01   7.065136E-02
          4044      G     -2.773183E-02  -2.329627E-03   3.777135E-02  -1.274986E+00  -5.307058E+00  -6.841210E+00
1                                                       **STUDENT EDITION*    APRIL  18, 2026  MSC Nastran  3/ 3/26   PAGE    82
     DEFAULT                                                                                                                        
0                                                                                                            SUBCASE 1              
      EIGENVALUE =  6.858484E+06
          CYCLES =  4.168062E+02         R E A L   E I G E N V E C T O R   N O .          8
 
      POINT ID.   TYPE          T1             T2             T3             R1             R2             R3
             1      G      0.0            0.0            0.0            0.0            0.0            0.0
             2      G      0.0            0.0            0.0            0.0            0.0            0.0
             3      G      0.0            0.0            0.0            0.0            0.0            0.0
             4      G      0.0            0.0            0.0            0.0            0.0            0.0
             5      G      0.0            0.0            0.0            0.0            0.0            0.0
             6      G      0.0            0.0            0.0            0.0            0.0            0.0
             7      G      0.0            0.0            0.0            0.0            0.0            0.0
             8      G      0.0            0.0            0.0            0.0            0.0            0.0
            10      G      2.021630E-04   1.750475E-04  -4.679687E-04  -1.095868E-03   1.995865E-04   2.057002E-02
            11      G      2.023314E-04  -1.751414E-04  -4.678397E-04   1.096048E-03   1.999488E-04  -2.056272E-02
            12      G     -1.865959E-04  -2.526334E-05  -4.134744E-04  -7.448983E-04  -2.033522E-04  -2.873901E-02
            13      G     -1.862788E-04   2.504984E-05  -4.135046E-04   7.458185E-04  -2.026689E-04   2.875154E-02
            14      G     -1.866570E-04   2.447680E-05   4.139884E-04   7.464439E-04  -2.028061E-04  -2.871823E-02
            15      G     -1.851001E-04  -2.598073E-05   4.135316E-04  -7.442521E-04  -2.004557E-04   2.867454E-02
            16      G      2.024473E-04  -1.737465E-04   4.678536E-04   1.091343E-03   1.997422E-04   2.088056E-02
            17      G      2.019916E-04   1.755688E-04   4.700147E-04  -1.110699E-03   2.001082E-04  -1.976777E-02
           100      G     -9.131399E-03  -4.174390E-03   1.359776E+00  -4.437102E+01  -1.888392E+00  -1.630196E-01
           101      G     -1.346814E-02  -2.815686E-06   2.562640E+00  -1.574837E-04   3.583370E+00   1.774741E-04
           102      G     -9.653496E-03   3.270225E-03   7.709543E-01  -2.404138E+01  -2.456431E+01   6.577999E-02
           103      G      1.801662E-02  -1.265105E-06   1.363368E+00  -2.868400E-04  -5.418141E+01  -9.592063E-05
           104      G     -4.191045E-03  -6.252707E-07   1.453792E-05  -5.456481E-04  -1.618616E+01   2.437307E-01
           105      G      1.091098E-02  -5.158614E-07   3.280144E-05  -2.909174E-05  -2.009314E+00  -1.373471E-05
           106      G      2.995895E-05   5.129572E-04   4.228810E-04  -7.442521E-04  -2.004557E-04   2.867454E-02
           107      G      2.995895E-05  -2.522946E-04   4.175314E-04  -7.442521E-04  -2.004557E-04   2.867454E-02
           108      G     -2.756216E-03  -6.260779E-07   1.272962E-06  -2.973456E-05   1.552273E+00  -1.039275E-01
           109      G      5.373337E-05   2.731052E-05   4.768441E-04  -1.110699E-03   2.001082E-04  -1.976777E-02
           110      G     -2.356070E-02  -3.665073E-03   1.886096E-02   1.212282E+00   5.312728E+00   7.429546E-01
           111      G      5.373337E-05   5.795725E-04   4.824347E-04  -1.110699E-03   2.001082E-04  -1.976777E-02
           112      G     -1.248337E-02   2.234478E-03   7.510496E-01  -2.328981E+01   3.104828E+01  -2.206620E-01
           113      G     -3.180281E-02  -3.199588E-05   3.007111E-02  -3.438902E-03   7.628760E+00   3.792639E-03
           114      G     -3.857160E-02  -5.303558E-06   1.368013E+00  -1.402385E-04   5.040644E+01  -1.570704E-03
           115      G     -9.134119E-03   4.170269E-03  -1.359788E+00   4.437086E+01  -1.888280E+00  -1.629833E-01
           116      G     -1.346853E-02  -9.199374E-08  -2.562642E+00  -9.291816E-05   3.583391E+00  -5.016025E-06
           117      G     -9.654770E-03  -3.271960E-03  -7.709472E-01   2.404079E+01  -2.456540E+01   6.581307E-02
           118      G      1.801708E-02  -1.508809E-07  -1.363336E+00  -5.501536E-05  -5.418289E+01  -9.080645E-06
           119      G      2.935778E-05  -5.153354E-04  -4.229074E-04   7.458185E-04  -2.026689E-04   2.875154E-02
           120      G      2.935778E-05   2.519715E-04  -4.174986E-04   7.458185E-04  -2.026689E-04   2.875154E-02
           121      G      4.811102E-05  -2.092102E-05  -4.745605E-04   1.096048E-03   1.999488E-04  -2.056272E-02
           122      G     -2.356489E-02   3.665092E-03  -1.893660E-02  -1.209512E+00   5.312766E+00   7.439427E-01
           123      G      4.811102E-05  -5.953920E-04  -4.801465E-04   1.096048E-03   1.999488E-04  -2.056272E-02
           124      G     -1.248901E-02  -2.242176E-03  -7.510865E-01   2.329046E+01   3.104648E+01  -2.206739E-01
           125      G     -3.180577E-02   1.218984E-07  -3.012456E-02   2.643083E-05   7.629369E+00   1.470690E-06
           126      G     -3.857290E-02   1.662522E-09  -1.368046E+00  -7.306968E-05   5.040539E+01  -1.703687E-06
           127      G     -9.137956E-03   4.168067E-03   1.359787E+00   4.437036E+01  -1.887213E+00   1.629112E-01
           128      G     -9.657511E-03  -3.272834E-03   7.709688E-01   2.404119E+01  -2.456504E+01  -6.583537E-02
           129      G     -4.193344E-03  -5.513719E-07   1.988067E-05   4.228497E-04  -1.618619E+01  -2.437668E-01
           130      G      2.872972E-05  -5.152823E-04   4.233984E-04   7.464439E-04  -2.028061E-04  -2.871823E-02
           131      G      2.872972E-05   2.511355E-04   4.179861E-04   7.464439E-04  -2.028061E-04  -2.871823E-02
           132      G     -2.757394E-03  -1.131238E-06   2.894124E-06  -6.847423E-05   1.552219E+00   1.040059E-01
           133      G      4.584311E-05  -1.714222E-05   4.745406E-04   1.091343E-03   1.997422E-04   2.088056E-02
1                                                       **STUDENT EDITION*    APRIL  18, 2026  MSC Nastran  3/ 3/26   PAGE    83
     DEFAULT                                                                                                                        
0                                                                                                            SUBCASE 1              
      EIGENVALUE =  6.858484E+06
          CYCLES =  4.168062E+02         R E A L   E I G E N V E C T O R   N O .          8
 
      POINT ID.   TYPE          T1             T2             T3             R1             R2             R3
           134      G     -2.357106E-02   3.656763E-03   1.894057E-02  -1.209737E+00   5.313000E+00  -7.436192E-01
           135      G      4.584311E-05  -6.004930E-04   4.801209E-04   1.091343E-03   1.997422E-04   2.088056E-02
           136      G     -1.249525E-02  -2.248681E-03   7.510752E-01   2.328922E+01   3.104536E+01   2.205982E-01
           137      G     -9.134978E-03  -4.170418E-03  -1.359784E+00  -4.437085E+01  -1.888307E+00   1.629745E-01
           138      G     -9.656179E-03   3.271340E-03  -7.709425E-01  -2.404086E+01  -2.456540E+01  -6.582509E-02
           139      G      2.894669E-05   5.148862E-04  -4.228832E-04  -7.448983E-04  -2.033522E-04  -2.873901E-02
           140      G      2.894669E-05  -2.520860E-04  -4.174562E-04  -7.448983E-04  -2.033522E-04  -2.873901E-02
           141      G      4.788781E-05   2.077230E-05  -4.746908E-04  -1.095868E-03   1.995865E-04   2.057002E-02
           142      G     -2.356549E-02  -3.665064E-03  -1.893672E-02   1.209408E+00   5.312585E+00  -7.438966E-01
           143      G      4.788781E-05   5.954473E-04  -4.802667E-04  -1.095868E-03   1.995865E-04   2.057002E-02
           144      G     -1.248966E-02   2.242106E-03  -7.510835E-01  -2.329046E+01   3.104642E+01   2.206710E-01
           200      G      6.003678E-05   6.229754E-05   4.768441E-04  -1.110699E-03   2.001082E-04  -1.976777E-02
           201      G      6.003678E-05   6.145595E-04   4.824347E-04  -1.110699E-03   2.001082E-04  -1.976777E-02
           202      G      2.364459E-05   5.364012E-04   4.228810E-04  -7.442521E-04  -2.004557E-04   2.867454E-02
           203      G      2.364459E-05  -2.288507E-04   4.175314E-04  -7.442521E-04  -2.004557E-04   2.867454E-02
           204      G      1.442558E-04   4.975240E-06   8.566347E-07   6.079795E-04  -6.252611E-03   1.136898E-02
           205      G     -5.326595E-04   8.438892E-04   1.468293E-02  -2.644891E-01   2.804030E-01  -8.967447E-02
           206      G     -1.274167E-04   2.079149E-06   2.064745E-02  -1.083583E-02   3.230095E-01   2.701570E-02
           207      G      5.440941E-05  -5.544654E-05  -4.745605E-04   1.096048E-03   1.999488E-04  -2.056272E-02
           208      G      5.440941E-05  -6.299176E-04  -4.801465E-04   1.096048E-03   1.999488E-04  -2.056272E-02
           209      G      2.297371E-05  -5.388287E-04  -4.229074E-04   7.458185E-04  -2.026689E-04   2.875154E-02
           210      G      2.297371E-05   2.284782E-04  -4.174986E-04   7.458185E-04  -2.026689E-04   2.875154E-02
           211      G     -4.370389E-04  -1.011925E-03  -1.477254E-02   2.305179E-01   2.674748E-01  -7.714039E-02
           212      G     -1.097372E-04  -6.949668E-08  -2.066391E-02  -2.164501E-04   3.095954E-01  -3.623105E-05
           213      G      5.213499E-05  -5.151953E-05   4.745406E-04   1.091343E-03   1.997422E-04   2.088056E-02
           214      G      5.213499E-05  -6.348703E-04   4.801209E-04   1.091343E-03   1.997422E-04   2.088056E-02
           215      G      2.234133E-05  -5.387953E-04   4.233984E-04   7.464439E-04  -2.028061E-04  -2.871823E-02
           216      G      2.234133E-05   2.276225E-04   4.179861E-04   7.464439E-04  -2.028061E-04  -2.871823E-02
           217      G      1.436452E-04  -8.998300E-06   2.747846E-06  -1.069283E-03  -6.139281E-03  -1.144120E-02
           218      G     -5.233081E-04  -9.737333E-04   1.478109E-02   2.329195E-01   2.798036E-01   7.421084E-02
           219      G      5.417479E-05   5.529214E-05  -4.746908E-04  -1.095868E-03   1.995865E-04   2.057002E-02
           220      G      5.417479E-05   6.299671E-04  -4.802667E-04  -1.095868E-03   1.995865E-04   2.057002E-02
           221      G      2.254110E-05   5.383505E-04  -4.228832E-04  -7.448983E-04  -2.033522E-04  -2.873901E-02
           222      G      2.254110E-05  -2.286217E-04  -4.174562E-04  -7.448983E-04  -2.033522E-04  -2.873901E-02
           223      G     -4.378314E-04   1.011805E-03  -1.477299E-02  -2.307809E-01   2.677672E-01   7.710549E-02
           224      G      3.794926E-04  -1.375631E-04   7.939792E-02  -2.510882E+00  -1.827480E-01   4.804510E-03
           225      G      5.650872E-04  -7.783037E-06   1.455261E-01  -1.231687E-03   1.171855E-01   4.160610E-04
           226      G      3.548430E-04   2.122957E-04   4.525567E-02  -1.367131E+00  -1.411941E+00   1.132262E-02
           227      G      2.176420E-03  -5.482753E-06   7.822464E-02  -1.853960E-03  -2.998694E+00  -2.108089E-04
           228      G      5.299767E-04  -6.261012E-06   1.155107E-03  -3.084407E-02  -9.725607E-01   2.573877E-02
           229      G      1.829398E-03  -2.182856E-06   1.973585E-03  -2.280104E-04  -1.830878E-01  -3.359374E-05
           230      G      6.875973E-05   2.712487E-04   5.094946E-02  -1.491438E+00   1.494306E+00   5.197559E-03
           231      G     -5.548001E-04  -3.399632E-05   8.739747E-02   1.855464E-04   2.480720E+00  -5.712272E-03
           232      G      4.346142E-04   1.569905E-04  -7.908108E-02   2.513985E+00  -1.813840E-01   6.006644E-03
           233      G      6.517625E-04  -5.668990E-07  -1.455431E-01   3.046504E-05   9.794179E-02  -1.848705E-05
           234      G      3.781720E-04  -2.029771E-04  -4.389310E-02   1.334251E+00  -1.461595E+00   1.139895E-02
           235      G      2.240166E-03  -1.175888E-06  -7.608064E-02  -7.020344E-05  -3.078034E+00  -2.516751E-05
           236      G      7.761378E-05  -2.887718E-04  -5.083181E-02   1.479134E+00   1.553982E+00   9.003626E-03
           237      G     -1.953829E-04  -2.094173E-07  -8.761237E-02  -1.762622E-05   2.708631E+00  -6.951635E-06
           238      G      3.749877E-04   1.174148E-04   7.938308E-02   2.498038E+00  -1.777738E-01  -5.013902E-03
1                                                       **STUDENT EDITION*    APRIL  18, 2026  MSC Nastran  3/ 3/26   PAGE    84
     DEFAULT                                                                                                                        
0                                                                                                            SUBCASE 1              
      EIGENVALUE =  6.858484E+06
          CYCLES =  4.168062E+02         R E A L   E I G E N V E C T O R   N O .          8
 
      POINT ID.   TYPE          T1             T2             T3             R1             R2             R3
           239      G      3.508107E-04  -2.192755E-04   4.527592E-02   1.360812E+00  -1.413807E+00  -1.147335E-02
           240      G      5.269271E-04   1.391384E-06   1.146872E-03   2.774721E-02  -9.726805E-01  -2.572099E-02
           241      G      7.142025E-05  -2.855016E-04   5.091290E-02   1.465646E+00   1.488679E+00  -6.225252E-03
           242      G      4.333627E-04  -1.580198E-04  -7.908687E-02  -2.515066E+00  -1.814399E-01  -6.010844E-03
           243      G      3.763708E-04   2.006846E-04  -4.389985E-02  -1.336281E+00  -1.461394E+00  -1.143744E-02
           244      G      7.669120E-05   2.883801E-04  -5.083691E-02  -1.479811E+00   1.554055E+00  -9.013131E-03
           300      G     -4.590239E-04   1.110685E-04   5.736985E-04   1.024582E-02  -1.186240E-02   1.162420E-02
           301      G     -4.984721E-04   1.136964E-04   2.609789E-04   1.722508E-02  -1.528130E-02   3.225417E-03
           302      G     -5.290942E-04   4.282510E-07   7.784746E-07  -1.511865E-03  -1.701728E-02   4.466869E-04
           303      G     -6.888328E-04   9.581407E-04   3.030729E-03  -6.671840E-02  -8.589611E-02  -2.491778E-02
           304      G     -4.496977E-04   4.086484E-04   1.156262E-03   6.635228E-03  -2.816489E-02   3.166121E-02
           305      G      2.473226E-04   9.206145E-04   1.261241E-02  -2.053455E-01  -1.082406E-01  -6.152672E-02
           306      G      4.832162E-04   5.341627E-05   1.705679E-02  -1.237482E-02  -1.550550E-01   3.273237E-02
           307      G     -4.472243E-04  -1.236361E-04  -5.752530E-04  -1.613309E-02  -1.263253E-02   1.475466E-02
           308      G     -4.926387E-04  -1.282901E-04  -2.601896E-04  -2.325102E-02  -1.955035E-02   4.741276E-03
           309      G     -7.449024E-04  -1.129121E-03  -3.044245E-03   4.401976E-02  -8.500589E-02  -3.255756E-02
           310      G     -4.549641E-04  -4.511441E-04  -1.163564E-03  -2.086547E-02  -2.253633E-02   3.571760E-02
           311      G      3.045062E-04  -1.014034E-03  -1.266916E-02   1.975807E-01  -1.155692E-01  -6.757674E-02
           312      G      5.087272E-04  -3.802744E-07  -1.705565E-02   8.089878E-05  -1.587030E-01  -1.763658E-05
           313      G     -4.453152E-04  -1.226305E-04   5.739863E-04  -1.795366E-02  -1.250701E-02  -1.454455E-02
           314      G     -4.938659E-04  -1.354648E-04   2.617589E-04  -2.530269E-02  -1.884662E-02  -4.640661E-03
           315      G     -5.336551E-04  -6.837319E-06   1.880232E-07  -2.545808E-03  -1.851988E-02  -1.247516E-03
           316      G     -7.404891E-04  -1.100641E-03   3.040451E-03   4.387330E-02  -8.412857E-02   3.350725E-02
           317      G     -4.508680E-04  -4.336738E-04   1.163167E-03  -2.091324E-02  -2.251639E-02  -3.545176E-02
           318      G      3.155895E-04  -9.772973E-04   1.266629E-02   2.018320E-01  -1.158291E-01   7.143903E-02
           319      G     -4.500777E-04   1.209996E-04  -5.761529E-04   1.413035E-02  -1.267475E-02  -1.489401E-02
           320      G     -4.962330E-04   1.236238E-04  -2.598911E-04   1.995263E-02  -1.906357E-02  -4.864016E-03
           321      G     -7.465120E-04   1.129854E-03  -3.045114E-03  -4.490554E-02  -8.427090E-02   3.250481E-02
           322      G     -4.571335E-04   4.499676E-04  -1.163913E-03   1.873858E-02  -2.245683E-02  -3.585773E-02
           323      G      3.048094E-04   1.013618E-03  -1.266962E-02  -1.979102E-01  -1.147763E-01   6.747923E-02
           324      G      8.869560E-05   1.244565E-04  -1.633953E-02   4.272559E-01  -9.998737E-02   9.780971E-03
           325      G      3.952737E-04  -1.379141E-05  -2.273233E-02  -5.066396E-03  -1.188289E-01   5.121804E-04
           326      G      8.780470E-05   6.353981E-06  -1.190355E-02   2.795145E-01   3.225789E-01   4.356853E-03
           327      G      3.948990E-05  -1.154590E-05  -1.454417E-02  -1.135995E-02   4.944310E-01  -2.275679E-04
           328      G      4.103034E-05  -5.783352E-06  -3.732636E-04  -2.544469E-03   2.816881E-01   9.808412E-03
           329      G      1.406032E-04  -8.133874E-06  -1.646041E-05  -3.117925E-03  -4.493299E-02   5.602979E-05
           330      G      1.008424E-04   2.215916E-04  -2.664151E-03   9.155460E-02  -7.014010E-01   1.409374E-02
           331      G      7.455399E-04  -2.663036E-05  -3.745051E-03   3.972552E-03  -8.044476E-01  -5.605830E-03
           332      G      1.119877E-04  -1.430000E-04   1.586410E-02  -4.363415E-01  -8.597814E-02   9.250749E-03
           333      G      4.146195E-04  -2.882767E-06   2.284301E-02  -1.323380E-03  -1.213367E-01   4.214654E-05
           334      G      1.000379E-04  -1.781310E-05   1.115357E-02  -2.797074E-01   3.233292E-01   4.434985E-03
           335      G      4.751412E-05  -5.258753E-06   1.458355E-02  -6.515067E-03   4.974095E-01  -1.156423E-04
           336      G      1.460432E-04  -2.495900E-04   2.551898E-03  -1.054901E-01  -6.896629E-01   1.495628E-02
           337      G      7.732888E-04  -1.102421E-06   3.814930E-03   3.608670E-05  -8.085114E-01  -3.418520E-05
           338      G      1.085869E-04  -1.491937E-04  -1.597019E-02  -4.332302E-01  -8.181066E-02  -9.088359E-03
           339      G      9.861534E-05  -2.574489E-05  -1.130222E-02  -2.757042E-01   3.187696E-01  -4.437629E-03
           340      G      4.768369E-05  -7.463942E-06   1.394570E-04  -9.491658E-04   2.806071E-01  -9.740846E-03
           341      G      1.507469E-04  -2.386950E-04  -2.676869E-03  -1.076979E-01  -6.935311E-01  -1.438643E-02
           342      G      1.121130E-04   1.387411E-04   1.622444E-02   4.347087E-01  -9.408933E-02  -9.302454E-03
           343      G      1.019714E-04   1.013343E-05   1.168323E-02   2.815972E-01   3.219275E-01  -4.540142E-03
1                                                       **STUDENT EDITION*    APRIL  18, 2026  MSC Nastran  3/ 3/26   PAGE    85
     DEFAULT                                                                                                                        
0                                                                                                            SUBCASE 1              
      EIGENVALUE =  6.858484E+06
          CYCLES =  4.168062E+02         R E A L   E I G E N V E C T O R   N O .          8
 
      POINT ID.   TYPE          T1             T2             T3             R1             R2             R3
           344      G      1.458651E-04   2.477119E-04   2.694543E-03   1.043336E-01  -6.983440E-01  -1.500332E-02
           400      G     -1.566377E-03   2.879587E-04   6.339451E-04   6.038445E-02  -6.794771E-02   1.321068E-02
           401      G     -1.579062E-03   8.184887E-04   1.470680E-04   1.471520E-01  -5.935318E-02   6.277115E-04
           402      G     -1.505958E-03  -6.529699E-06   3.375608E-07   2.126618E-04  -5.652152E-02   3.773436E-02
           403      G     -2.009612E-03   9.503305E-04   4.212535E-03  -3.530085E-03  -1.574021E-01  -3.679242E-02
           404      G     -1.664856E-03   5.548748E-04   1.775747E-03   1.744661E-01   6.760191E-02   3.975474E-03
           405      G     -4.110071E-04   8.893679E-04   1.149921E-02  -2.130311E-01  -3.436989E-01  -4.666985E-02
           406      G      1.368237E-06  -1.272150E-05   1.498031E-02   3.601297E-04  -4.531723E-01   2.281132E-03
           407      G     -1.570211E-03  -3.029949E-04  -6.419183E-04  -6.007708E-02  -6.831465E-02   1.356355E-02
           408      G     -1.580061E-03  -8.313534E-04  -1.463111E-04  -1.466171E-01  -5.948358E-02   9.528741E-04
           409      G     -2.018474E-03  -9.819566E-04  -4.239119E-03   4.133298E-03  -1.580447E-01  -3.816629E-02
           410      G     -1.672745E-03  -5.742180E-04  -1.794597E-03  -1.739597E-01   6.737483E-02   3.616495E-03
           411      G     -4.065131E-04  -9.166174E-04  -1.151856E-02   2.122411E-01  -3.445744E-01  -4.967104E-02
           412      G      4.747105E-06  -7.551803E-07  -1.497741E-02   1.667887E-05  -4.535832E-01  -4.871301E-05
           413      G     -1.573246E-03  -3.080105E-04   6.415636E-04  -5.971266E-02  -6.837773E-02  -1.349076E-02
           414      G     -1.584484E-03  -8.351887E-04   1.460878E-04  -1.465705E-01  -5.952476E-02  -9.596646E-04
           415      G     -1.511297E-03  -7.790036E-06   1.193860E-06   7.709548E-05  -5.649291E-02  -3.791476E-02
           416      G     -2.018390E-03  -9.755586E-04   4.233160E-03   4.978076E-03  -1.578470E-01   3.815617E-02
           417      G     -1.674210E-03  -5.758949E-04   1.792051E-03  -1.733675E-01   6.739137E-02  -3.438970E-03
           418      G     -4.110440E-04  -9.132280E-04   1.151513E-02   2.122897E-01  -3.447960E-01   5.007841E-02
           419      G     -1.576147E-03   2.949706E-04  -6.414153E-04   6.017976E-02  -6.837877E-02  -1.364642E-02
           420      G     -1.585978E-03   8.202466E-04  -1.463838E-04   1.468393E-01  -5.957372E-02  -1.018424E-03
           421      G     -2.024442E-03   9.804963E-04  -4.240264E-03  -3.824049E-03  -1.583371E-01   3.808102E-02
           422      G     -1.678591E-03   5.695408E-04  -1.794952E-03   1.743340E-01   6.732915E-02  -3.719194E-03
           423      G     -4.096090E-04   9.152173E-04  -1.151836E-02  -2.122774E-01  -3.449034E-01   4.958612E-02
           424      G     -1.011878E-03   4.224321E-04  -5.834494E-02   1.967999E+00   4.645501E-03   8.657455E-03
           425      G     -6.152018E-04  -9.823784E-06  -1.109114E-01   3.663671E-04  -3.053767E-01   2.315113E-05
           426      G     -8.732319E-04  -1.581186E-05  -3.410364E-02   1.000769E+00   9.926455E-01   1.219936E-03
           427      G     -2.058984E-03  -8.409781E-06  -5.902692E-02   1.697535E-04   2.353687E+00  -7.623216E-05
           428      G     -1.004312E-03  -6.522396E-06  -3.164922E-06   2.048322E-04   7.497535E-01  -1.541152E-02
           429      G     -1.757790E-03  -7.004062E-06  -3.775317E-06   1.735132E-04  -4.287301E-02  -4.729699E-05
           430      G     -8.955005E-04   1.731542E-04  -2.681334E-02   8.454601E-01  -1.586019E+00   1.669549E-02
           431      G      4.818343E-04  -1.160804E-05  -5.045064E-02   1.172221E-03  -2.498661E+00  -5.969450E-04
           432      G     -1.009893E-03  -4.363310E-04   5.833944E-02  -1.967931E+00   4.678377E-03   8.713618E-03
           433      G     -6.118601E-04  -4.066682E-06   1.109116E-01   3.602405E-05  -3.057473E-01  -5.246021E-05
           434      G     -8.724621E-04   2.839828E-06   3.409826E-02  -1.000564E+00   9.925514E-01   1.243171E-03
           435      G     -2.057371E-03  -5.541934E-06   5.902567E-02   1.186090E-04   2.353846E+00  -6.088307E-05
           436      G     -8.918000E-04  -1.906125E-04   2.680685E-02  -8.462672E-01  -1.586458E+00   1.688755E-02
           437      G      4.863939E-04  -2.392517E-06   5.045178E-02   1.735910E-05  -2.499118E+00  -6.350110E-05
           438      G     -1.014722E-03  -4.417775E-04  -5.834392E-02  -1.968015E+00   5.028921E-03  -8.728121E-03
           439      G     -8.762835E-04  -9.410102E-07  -3.410234E-02  -1.000585E+00   9.923632E-01  -1.300188E-03
           440      G     -1.007277E-03  -7.631061E-06  -4.254170E-06  -8.252153E-05   7.497643E-01   1.538349E-02
           441      G     -8.971438E-04  -1.953952E-04  -2.681726E-02  -8.466988E-01  -1.586262E+00  -1.679043E-02
           442      G     -1.012754E-03   4.283162E-04   5.833917E-02   1.968048E+00   4.710571E-03  -8.773429E-03
           443      G     -8.752542E-04  -1.402787E-05   3.409707E-02   1.000656E+00   9.925329E-01  -1.335178E-03
           444      G     -8.947869E-04   1.858400E-04   2.680885E-02   8.462248E-01  -1.586368E+00  -1.698083E-02
           445      G     -3.557562E-03   2.587408E-03   4.497449E-03  -1.162001E-01  -6.625145E-02  -6.630298E-02
           446      G     -3.261193E-03   8.517081E-04   2.182225E-03  -1.031826E-01  -7.844334E-02   1.843405E-02
           447      G     -2.918179E-03   2.610572E-04   7.932789E-04  -5.063171E-02  -2.649241E-02   2.399789E-02
           448      G     -2.656004E-03   3.478603E-05   2.454258E-04  -4.958962E-02  -7.555610E-03   3.146945E-02
1                                                       **STUDENT EDITION*    APRIL  18, 2026  MSC Nastran  3/ 3/26   PAGE    86
     DEFAULT                                                                                                                        
0                                                                                                            SUBCASE 1              
      EIGENVALUE =  6.858484E+06
          CYCLES =  4.168062E+02         R E A L   E I G E N V E C T O R   N O .          8
 
      POINT ID.   TYPE          T1             T2             T3             R1             R2             R3
           449      G     -2.587825E-03  -3.756342E-06   4.219675E-07   5.774260E-05   6.785957E-04   2.430930E-02
           450      G     -2.415446E-03   1.920233E-03   1.118531E-02  -1.537400E-01  -1.741000E-01  -1.024462E-01
           451      G     -2.181852E-03  -8.466421E-06   1.426182E-02  -2.946518E-04  -2.431545E-01   6.993871E-05
           452      G     -3.566997E-03  -2.601962E-03  -4.524444E-03   1.155012E-01  -6.639110E-02  -6.673525E-02
           453      G     -3.269511E-03  -8.617178E-04  -2.201280E-03   1.028913E-01  -7.890455E-02   1.835845E-02
           454      G     -2.925025E-03  -2.697097E-04  -8.023999E-04   5.079238E-02  -2.681405E-02   2.381915E-02
           455      G     -2.659641E-03  -4.261634E-05  -2.477974E-04   4.970986E-02  -7.769649E-03   3.142495E-02
           456      G     -2.418099E-03  -1.931894E-03  -1.120077E-02   1.534414E-01  -1.748985E-01  -1.026584E-01
           457      G     -2.182502E-03  -5.713579E-07  -1.425892E-02  -9.504887E-06  -2.435633E-01  -4.397553E-05
           458      G     -3.569870E-03  -2.606719E-03   4.518040E-03   1.155682E-01  -6.637281E-02   6.655372E-02
           459      G     -3.272815E-03  -8.668647E-04   2.197816E-03   1.028323E-01  -7.874701E-02  -1.850472E-02
           460      G     -2.929674E-03  -2.735336E-04   8.009180E-04   5.055911E-02  -2.675613E-02  -2.392928E-02
           461      G     -2.665817E-03  -4.479940E-05   2.476461E-04   4.941212E-02  -7.696498E-03  -3.156538E-02
           462      G     -2.596083E-03  -4.120069E-06   2.297924E-07  -2.750850E-04   6.553360E-04  -2.448244E-02
           463      G     -2.420816E-03  -1.938607E-03   1.120051E-02   1.536485E-01  -1.743336E-01   1.026939E-01
           464      G     -3.573983E-03   2.600459E-03  -4.525528E-03  -1.155863E-01  -6.637685E-02   6.663658E-02
           465      G     -3.276625E-03   8.588467E-04  -2.201628E-03  -1.030243E-01  -7.893440E-02  -1.842270E-02
           466      G     -2.932208E-03   2.652402E-04  -8.022783E-04  -5.090825E-02  -2.682311E-02  -2.391976E-02
           467      G     -2.667177E-03   3.652164E-05  -2.475412E-04  -4.986838E-02  -7.748583E-03  -3.154776E-02
           468      G     -2.421865E-03   1.930547E-03  -1.120089E-02  -1.533988E-01  -1.748908E-01   1.025568E-01
           469      G     -2.766089E-03   1.886749E-03   7.657637E-03  -1.688205E-01  -1.160153E-01   6.926950E-02
           470      G     -2.667726E-03   8.564500E-04   6.131725E-03  -2.457347E-01  -5.511418E-02   2.225370E-02
           471      G     -2.572316E-03   1.850290E-04   4.583445E-03  -2.211092E-01  -5.676448E-02   1.501242E-02
           472      G     -2.517546E-03   2.381397E-05   2.787545E-03  -1.429949E-01  -7.412955E-02   3.023750E-03
           473      G     -2.496828E-03  -3.514924E-06  -3.015813E-06   1.289183E-04  -9.877304E-02   4.346803E-03
           474      G     -2.247680E-03   5.289547E-04   1.066839E-02  -1.471334E-01   1.826419E-02   3.660911E-02
           475      G     -2.236426E-03   1.670805E-04   1.025644E-02  -2.460029E-01  -6.990981E-02   9.324128E-03
           476      G     -2.278746E-03   1.295897E-05   6.522323E-03  -1.572522E-01  -1.925090E-01   7.661953E-03
           477      G     -2.295279E-03  -3.537254E-06  -8.425249E-06   2.356867E-04  -2.393556E-01   8.069468E-03
           478      G     -2.244018E-03   7.645057E-04   1.357289E-02  -7.939461E-02  -1.953703E-01   2.688613E-02
           479      G     -1.970385E-03   3.584683E-04   1.380395E-02  -1.359151E-01   6.894631E-02   5.780904E-03
           480      G     -2.030992E-03   7.012322E-05   1.441996E-02  -1.304548E-01  -7.209960E-02   7.180336E-03
           481      G     -2.102517E-03   1.047174E-05   9.456208E-03  -1.021451E-01  -2.717280E-01   3.595149E-03
           482      G     -1.926849E-03  -7.411337E-06   1.487970E-02  -1.803085E-04   8.804623E-02  -6.584373E-05
           483      G     -1.943480E-03  -6.106708E-06   1.577168E-02  -3.269705E-05  -6.819544E-02  -4.898491E-05
           484      G     -2.048998E-03  -4.893816E-06   1.056511E-02   4.518674E-05  -2.892298E-01  -4.888482E-05
           485      G     -2.140878E-03  -3.676675E-06  -1.432797E-05   2.299704E-04  -3.611636E-01   3.463867E-03
           486      G     -2.085487E-03  -3.856217E-06  -1.829292E-05   9.491368E-05  -4.144821E-01  -4.546790E-05
           487      G     -2.771196E-03  -1.898914E-03  -7.676796E-03   1.687373E-01  -1.164476E-01   6.949743E-02
           488      G     -2.672123E-03  -8.664857E-04  -6.146127E-03   2.455999E-01  -5.527171E-02   2.236911E-02
           489      G     -2.575631E-03  -1.931867E-04  -4.595381E-03   2.210993E-01  -5.694774E-02   1.513645E-02
           490      G     -2.519386E-03  -3.110043E-05  -2.795786E-03   1.431977E-01  -7.429675E-02   3.076482E-03
           491      G     -2.249679E-03  -5.383465E-04  -1.067777E-02   1.468047E-01   1.828510E-02   3.671215E-02
           492      G     -2.237870E-03  -1.752139E-04  -1.027007E-02   2.460582E-01  -6.982810E-02   9.366802E-03
           493      G     -2.279533E-03  -2.026603E-05  -6.538746E-03   1.575890E-01  -1.924841E-01   7.689045E-03
           494      G     -2.245300E-03  -7.743026E-04  -1.357929E-02   7.886754E-02  -1.959460E-01   2.694860E-02
           495      G     -1.971146E-03  -3.676549E-04  -1.380854E-02   1.357423E-01   6.910337E-02   5.807321E-03
           496      G     -2.031508E-03  -7.827326E-05  -1.443527E-02   1.304808E-01  -7.173686E-02   7.211288E-03
           497      G     -2.102783E-03  -1.803299E-05  -9.481232E-03   1.024710E-01  -2.714854E-01   3.609273E-03
           498      G     -1.927152E-03  -1.384769E-06  -1.488024E-02   6.834479E-06   8.837054E-02  -3.422735E-05
1                                                       **STUDENT EDITION*    APRIL  18, 2026  MSC Nastran  3/ 3/26   PAGE    87
     DEFAULT                                                                                                                        
0                                                                                                            SUBCASE 1              
      EIGENVALUE =  6.858484E+06
          CYCLES =  4.168062E+02         R E A L   E I G E N V E C T O R   N O .          8
 
      POINT ID.   TYPE          T1             T2             T3             R1             R2             R3
           499      G     -1.943598E-03  -2.174511E-06  -1.578778E-02   5.188896E-05  -6.765898E-02  -3.570972E-05
           500      G     -2.049058E-03  -2.963002E-06  -1.059570E-02   8.419350E-05  -2.888155E-01  -3.940596E-05
           501      G     -2.774417E-03  -1.904785E-03   7.672629E-03   1.688277E-01  -1.161748E-01  -6.948893E-02
           502      G     -2.675930E-03  -8.717486E-04   6.143478E-03   2.457027E-01  -5.531285E-02  -2.237181E-02
           503      G     -2.580002E-03  -1.972457E-04   4.588947E-03   2.209495E-01  -5.700363E-02  -1.516870E-02
           504      G     -2.524728E-03  -3.354320E-05   2.786659E-03   1.428321E-01  -7.433446E-02  -3.126110E-03
           505      G     -2.503396E-03  -4.195305E-06  -7.095964E-06  -2.840085E-04  -9.880388E-02  -4.413873E-03
           506      G     -2.252691E-03  -5.438340E-04   1.067833E-02   1.469072E-01   1.807947E-02  -3.677360E-02
           507      G     -2.241260E-03  -1.792910E-04   1.025992E-02   2.459132E-01  -7.016113E-02  -9.426165E-03
           508      G     -2.283353E-03  -2.269242E-05   6.519721E-03   1.572110E-01  -1.926838E-01  -7.762548E-03
           509      G     -2.299633E-03  -4.148747E-06  -1.400814E-05  -2.594956E-04  -2.393966E-01  -8.164927E-03
           510      G     -2.246553E-03  -7.814722E-04   1.358308E-02   7.901236E-02  -1.954908E-01  -2.703644E-02
           511      G     -1.972747E-03  -3.734208E-04   1.380998E-02   1.357215E-01   6.879811E-02  -5.871124E-03
           512      G     -2.033348E-03  -8.229205E-05   1.442168E-02   1.303472E-01  -7.225087E-02  -7.289224E-03
           513      G     -2.104801E-03  -2.025386E-05   9.454231E-03   1.022104E-01  -2.718378E-01  -3.693214E-03
           514      G     -2.143062E-03  -4.022968E-06  -1.824209E-05  -9.625896E-05  -3.611926E-01  -3.553043E-03
           515      G     -2.776672E-03   1.897618E-03  -7.678103E-03  -1.686986E-01  -1.164366E-01  -6.954586E-02
           516      G     -2.677658E-03   8.636074E-04  -6.147634E-03  -2.455939E-01  -5.524309E-02  -2.243782E-02
           517      G     -2.581348E-03   1.887694E-04  -4.597605E-03  -2.211838E-01  -5.690382E-02  -1.519814E-02
           518      G     -2.525420E-03   2.510878E-05  -2.799092E-03  -1.433394E-01  -7.423248E-02  -3.141250E-03
           519      G     -2.253462E-03   5.355501E-04  -1.067892E-02  -1.468007E-01   1.835689E-02  -3.677902E-02
           520      G     -2.241769E-03   1.708374E-04  -1.027318E-02  -2.460609E-01  -6.974197E-02  -9.441510E-03
           521      G     -2.283632E-03   1.433497E-05  -6.543696E-03  -1.576086E-01  -1.924218E-01  -7.768113E-03
           522      G     -2.247206E-03   7.731764E-04  -1.357904E-02  -7.887175E-02  -1.959392E-01  -2.701599E-02
           523      G     -1.973095E-03   3.648535E-04  -1.380916E-02  -1.357090E-01   6.915442E-02  -5.886891E-03
           524      G     -2.033501E-03   7.392730E-05  -1.443744E-02  -1.304145E-01  -7.167183E-02  -7.289835E-03
           525      G     -2.104862E-03   1.210615E-05  -9.484769E-03  -1.023549E-01  -2.714452E-01  -3.692801E-03
          1000      G      1.429500E-02  -3.876973E-07   1.391025E-06  -2.969512E-05   1.552987E+00   2.296655E+00
          1001      G      1.460906E-02  -3.446542E-04   6.251149E-04  -5.511449E-03   1.100660E-03   7.240340E+00
          1002      G      1.315372E-02   1.229931E-04   6.071783E-04  -8.487809E-04   1.723436E-04   6.516633E+00
          1003      G      1.489903E-02  -2.471343E-07   1.246671E-05  -7.323594E-04  -3.325907E+01  -1.465658E-01
          1004      G      1.312782E-02  -2.413317E-03   8.727386E-01  -3.141999E+01  -2.564533E+01  -6.969874E-02
          1005      G      1.390089E-02  -3.234293E-03   1.353332E+00  -5.621262E+01  -3.812324E+00  -8.954085E-04
          1006      G     -2.277376E-03  -2.846745E-07   3.280484E-05  -2.910830E-05  -2.014360E+00  -5.335100E-05
          1007      G      8.166628E-03  -1.417467E-06   1.445530E+00   2.366318E-05  -8.469706E+01  -3.386616E-05
          1008      G      1.558566E-02  -1.540266E-06   2.562873E+00  -1.575399E-04   3.584643E+00  -4.488488E-05
          1009      G      1.030779E-02  -4.412336E-03   6.341282E-04  -4.094294E-03  -2.015234E-03   5.116762E+00
          1010      G      6.102848E-03  -5.315791E-03   2.785685E-04  -8.306847E-04   2.199170E-04   2.867670E+00
          1011      G      1.597499E-02  -4.072998E-03   7.891421E-01  -2.985936E+01   4.067921E+01   1.028347E-01
          1012      G      1.922667E-02   2.693641E-05   4.038140E-02   1.212914E+00   5.314831E+00  -7.510590E+00
          1013      G      2.198189E-02  -3.641301E-06   1.428845E+00  -1.893251E-03   7.654260E+01  -8.311172E-05
          1014      G      2.902677E-02  -5.410265E-06   6.097894E-02  -3.438707E-03   7.631898E+00  -3.064360E-03
          1015      G      1.460791E-02   3.441902E-04  -6.250819E-04   5.513369E-03   1.098447E-03   7.240001E+00
          1016      G      1.315210E-02  -1.254185E-04  -6.072124E-04   8.505895E-04   1.701661E-04   6.516057E+00
          1017      G      1.312770E-02   2.412393E-03  -8.727288E-01   3.141914E+01  -2.564611E+01  -6.966396E-02
          1018      G      1.390050E-02   3.230912E-03  -1.353349E+00   5.621262E+01  -3.813513E+00  -8.811353E-04
          1019      G      8.166748E-03   2.046372E-07  -1.445496E+00  -8.778656E-05  -8.469926E+01  -2.690554E-05
          1020      G      1.558553E-02   6.639159E-07  -2.562876E+00  -9.292589E-05   3.584664E+00  -2.306402E-05
          1021      G      1.030722E-02   4.400121E-03  -6.317858E-04   4.076781E-03  -2.016777E-03   5.120267E+00
          1022      G      6.098111E-03   5.322184E-03  -2.762367E-04   8.180588E-04   2.218051E-04   2.868657E+00
1                                                       **STUDENT EDITION*    APRIL  18, 2026  MSC Nastran  3/ 3/26   PAGE    88
     DEFAULT                                                                                                                        
0                                                                                                            SUBCASE 1              
      EIGENVALUE =  6.858484E+06
          CYCLES =  4.168062E+02         R E A L   E I G E N V E C T O R   N O .          8
 
      POINT ID.   TYPE          T1             T2             T3             R1             R2             R3
          1023      G      1.597168E-02   4.071531E-03  -7.891961E-01   2.986096E+01   4.067775E+01   1.028666E-01
          1024      G      1.922285E-02  -3.270822E-05  -4.045720E-02  -1.210143E+00   5.314870E+00  -7.503202E+00
          1025      G      2.198276E-02   1.151180E-06  -1.428880E+00  -7.706934E-05   7.654053E+01  -2.216006E-05
          1026      G      2.902859E-02   1.653039E-06  -6.103483E-02   2.643413E-05   7.632506E+00   8.697079E-04
          1027      G      1.428969E-02  -5.671280E-07   2.618840E-06  -6.849100E-05   1.552932E+00  -2.294893E+00
          1028      G      1.460243E-02   3.433005E-04   6.255812E-04   5.514329E-03   1.098256E-03  -7.237617E+00
          1029      G      1.314636E-02  -1.256132E-04   6.077074E-04   8.521990E-04   1.699461E-04  -6.513543E+00
          1030      G      1.489557E-02  -4.262900E-07   2.142128E-05   5.843070E-04  -3.325915E+01   1.465169E-01
          1031      G      1.312414E-02   2.411635E-03   8.727490E-01   3.141965E+01  -2.564536E+01   6.960544E-02
          1032      G      1.389679E-02   3.227983E-03   1.353351E+00   5.621226E+01  -3.813037E+00   8.182678E-04
          1033      G      1.030145E-02   4.393578E-03   6.317386E-04   4.071227E-03  -2.017433E-03  -5.118890E+00
          1034      G      6.090645E-03   5.320398E-03   2.762021E-04   8.142057E-04   2.223991E-04  -2.866277E+00
          1035      G      1.596736E-02   4.067933E-03   7.891968E-01   2.986058E+01   4.067722E+01  -1.029305E-01
          1036      G      1.921864E-02  -3.916616E-05   4.046211E-02  -1.210368E+00   5.315104E+00   7.502860E+00
          1037      G      1.460331E-02  -3.443102E-04  -6.250348E-04  -5.512452E-03   1.097711E-03  -7.237926E+00
          1038      G      1.314783E-02   1.250799E-04  -6.071848E-04  -8.501220E-04   1.694420E-04  -6.514148E+00
          1039      G      1.312470E-02  -2.412322E-03  -8.727209E-01  -3.141919E+01  -2.564612E+01   6.961969E-02
          1040      G      1.389801E-02  -3.229864E-03  -1.353343E+00  -5.621262E+01  -3.813596E+00   8.361048E-04
          1041      G      1.030308E-02  -4.398108E-03  -6.319040E-04  -4.076614E-03  -2.017175E-03  -5.118320E+00
          1042      G      1.596958E-02  -4.069470E-03  -7.891918E-01  -2.986096E+01   4.067766E+01  -1.029145E-01
          1043      G      1.922078E-02   3.610452E-05  -4.045659E-02   1.210040E+00   5.314689E+00   7.504415E+00
          1044      G      6.094126E-03  -5.318608E-03  -2.763656E-04  -8.178442E-04   2.213717E-04  -2.866794E+00
          2000      G      1.281781E-03  -4.078530E-07  -1.417528E-06   6.080315E-04  -6.186422E-03   5.806140E-01
          2001      G      1.279853E-03  -2.060298E-04   4.321109E-04  -1.088519E-03  -1.211220E-04   5.985410E-01
          2002      G      1.190934E-03   4.837035E-04   4.351436E-04  -6.070695E-04  -1.755712E-04   5.543239E-01
          2003      G      1.401922E-03  -3.929613E-06   1.204667E-03  -4.810316E-02  -1.903356E+00  -5.685191E-03
          2004      G      1.362945E-03  -6.930933E-05   5.014756E-02  -1.762360E+00  -1.449384E+00  -1.958420E-03
          2005      G      1.403933E-03  -9.492253E-05   7.862453E-02  -3.150549E+00  -3.258471E-01   1.164980E-03
          2006      G      5.506545E-04  -4.260688E-07   1.973780E-03  -2.280977E-04  -1.833500E-01   2.046243E-05
          2007      G      1.099018E-03  -7.033457E-07   8.214620E-02  -6.051335E-04  -4.699370E+00   4.825528E-05
          2008      G      1.495200E-03   1.875718E-06   1.455383E-01  -1.232101E-03   1.172364E-01   5.536737E-05
          2009      G      1.043957E-03   1.165725E-04   4.962358E-04  -1.231795E-03   5.825255E-05   5.133486E-01
          2010      G      6.161337E-04  -4.069338E-04   4.734472E-04  -1.204672E-03   2.842559E-04   2.777475E-01
          2011      G      1.407376E-03  -1.425565E-04   5.282607E-02  -1.843662E+00   1.982013E+00   9.308198E-03
          2012      G      1.656666E-03   2.908889E-04   1.581711E-02  -2.644352E-01   2.804445E-01   1.413856E+00
          2013      G      1.957848E-03   2.303391E-06   9.045000E-02  -7.351524E-03   3.821739E+00   3.553918E-05
          2014      G      2.350702E-03   4.560808E-06   2.196270E-02  -1.082879E-02   3.231160E-01   1.476377E-02
          2015      G      1.281570E-03   2.047868E-04  -4.317855E-04   1.087034E-03  -1.203748E-04   5.996578E-01
          2016      G      1.195060E-03  -4.866170E-04  -4.352229E-04   6.069812E-04  -1.769113E-04   5.566461E-01
          2017      G      1.355843E-03   6.022876E-05  -4.851443E-02   1.704151E+00  -1.499063E+00  -2.119242E-03
          2018      G      1.394916E-03   8.737955E-05  -7.822273E-02   3.139237E+00  -3.550638E-01   6.830009E-04
          2019      G      1.074925E-03  -7.912085E-07  -7.989160E-02  -9.585950E-05  -4.819528E+00   1.976060E-05
          2020      G      1.435485E-03  -8.262164E-07  -1.455542E-01   3.043126E-05   9.800891E-02   1.567043E-05
          2021      G      1.059015E-03  -1.202339E-04  -4.938851E-04   1.213362E-03   5.502799E-05   5.247117E-01
          2022      G      6.254239E-04   4.285535E-04  -4.714744E-04   1.198495E-03   2.849562E-04   2.859373E-01
          2023      G      1.388887E-03   1.431074E-04  -5.273043E-02   1.825624E+00   1.982104E+00   8.541159E-03
          2024      G      1.648531E-03  -2.671942E-04  -1.585482E-02   2.304773E-01   2.675129E-01   1.362307E+00
          2025      G      1.896721E-03  -1.163269E-06  -9.048961E-02  -6.791296E-05   3.833898E+00   1.617548E-05
          2026      G      2.266261E-03  -1.488909E-06  -2.192563E-02  -2.166679E-04   3.097231E-01  -1.530284E-03
          2027      G      1.286105E-03   3.619096E-08  -1.376182E-06  -1.069389E-03  -6.073033E-03  -5.825537E-01
1                                                       **STUDENT EDITION*    APRIL  18, 2026  MSC Nastran  3/ 3/26   PAGE    89
     DEFAULT                                                                                                                        
0                                                                                                            SUBCASE 1              
      EIGENVALUE =  6.858484E+06
          CYCLES =  4.168062E+02         R E A L   E I G E N V E C T O R   N O .          8
 
      POINT ID.   TYPE          T1             T2             T3             R1             R2             R3
          2028      G      1.285266E-03   2.048062E-04   4.325550E-04   1.089900E-03  -1.234509E-04  -6.018561E-01
          2029      G      1.199156E-03  -4.858487E-04   4.356604E-04   6.081795E-04  -1.776793E-04  -5.590395E-01
          2030      G      1.405352E-03   2.733779E-06   1.172941E-03   4.275132E-02  -1.903498E+00   5.713598E-03
          2031      G      1.367389E-03   6.852232E-05   5.011051E-02   1.753283E+00  -1.448479E+00   1.986573E-03
          2032      G      1.408396E-03   9.319802E-05   7.859821E-02   3.135709E+00  -3.281531E-01  -1.049882E-03
          2033      G      1.056683E-03  -1.248365E-04   4.938170E-04   1.206333E-03   5.580504E-05  -5.250661E-01
          2034      G      6.215648E-04   4.297058E-04   4.713494E-04   1.193786E-03   2.871467E-04  -2.851545E-01
          2035      G      1.408984E-03   1.485912E-04   5.288097E-02   1.824845E+00   1.979003E+00  -9.120404E-03
          2036      G      1.660893E-03  -2.812045E-04   1.591295E-02   2.328795E-01   2.798439E-01  -1.342876E+00
          2037      G      1.285165E-03  -2.050015E-04  -4.317449E-04  -1.086139E-03  -1.210350E-04  -6.016813E-01
          2038      G      1.198392E-03   4.860605E-04  -4.351973E-04  -6.058504E-04  -1.775313E-04  -5.585387E-01
          2039      G      1.358509E-03  -6.122470E-05  -4.853893E-02  -1.707507E+00  -1.498532E+00   2.143381E-03
          2040      G      1.396941E-03  -8.880527E-05  -7.824016E-02  -3.141279E+00  -3.549629E-01  -6.515584E-04
          2041      G      1.062279E-03   1.184957E-04  -4.940058E-04  -1.213137E-03   5.464061E-05  -5.264734E-01
          2042      G      6.284982E-04  -4.319785E-04  -4.716078E-04  -1.198501E-03   2.847027E-04  -2.875888E-01
          2043      G      1.390517E-03  -1.452677E-04  -5.274079E-02  -1.826662E+00   1.982495E+00  -8.506243E-03
          2044      G      1.650071E-03   2.642173E-04  -1.585645E-02  -2.307405E-01   2.678053E-01  -1.364740E+00
          3000      G     -5.320133E-04   1.260031E-05   6.853532E-06  -1.512563E-03  -1.702122E-02   6.565985E-02
          3001      G     -5.444050E-04  -2.024341E-05   1.908503E-04   1.724263E-02  -1.528773E-02   3.452079E-02
          3002      G     -5.323294E-04   3.391624E-05   5.316574E-04   1.023664E-02  -1.186202E-02  -1.119022E-03
          3003      G     -5.271671E-04   1.617988E-05  -5.723613E-05  -1.611946E-03   3.009994E-01   2.504424E-03
          3004      G     -4.854721E-04   5.508209E-05  -8.098818E-03   3.069409E-01   2.236263E-01   1.631751E-03
          3005      G     -4.686301E-04   1.003695E-04  -1.077567E-02   5.422885E-01  -9.031063E-02   1.154110E-03
          3006      G     -2.414262E-04   1.661516E-05  -1.645897E-05  -3.117617E-03  -4.492831E-02   1.378918E-04
          3007      G     -4.065598E-04   2.183510E-05  -1.352802E-02  -5.167603E-03   8.026823E-01   1.266154E-04
          3008      G     -5.433842E-04   2.652529E-05  -2.273282E-02  -5.066153E-03  -1.188423E-01   1.049126E-04
          3009      G     -4.629716E-04   2.474058E-04   1.073683E-03   6.640891E-03  -2.815326E-02   7.419801E-02
          3010      G     -3.245722E-04   4.261238E-04   2.955415E-03  -6.670360E-02  -8.591713E-02   5.521422E-01
          3011      G     -5.066907E-04   1.836677E-04   2.233823E-04   1.333835E-01  -6.490676E-01  -7.758877E-05
          3012      G     -6.083503E-04   1.932518E-04   1.217832E-02  -2.053488E-01  -1.082533E-01   1.239881E+00
          3013      G     -6.220305E-04   3.026433E-05  -3.467418E-03  -4.338147E-03  -1.165979E+00   1.121026E-04
          3014      G     -7.383766E-04   3.511794E-05   1.643540E-02  -1.237277E-02  -1.550541E-01   2.556968E-02
          3015      G     -5.455584E-04   5.353625E-05  -1.659696E-04  -2.326809E-02  -1.955588E-02   4.646372E-02
          3016      G     -5.351263E-04   4.078352E-07  -5.097043E-04  -1.612443E-02  -1.263213E-02  -8.477327E-03
          3017      G     -4.880713E-04  -2.253935E-05   8.032929E-03  -3.106904E-01   2.242019E-01   1.589470E-03
          3018      G     -4.732607E-04  -6.329013E-05   1.075796E-02  -5.507628E-01  -8.873074E-02   1.103862E-03
          3019      G     -4.073975E-04   1.160109E-05   1.357848E-02  -2.100247E-03   8.076762E-01   1.309325E-04
          3020      G     -5.440994E-04   7.608835E-06   2.284351E-02  -1.323168E-03  -1.213501E-01   1.140469E-04
          3021      G     -4.715398E-04  -2.012364E-04  -1.035319E-03  -2.086958E-02  -2.252507E-02   4.605899E-02
          3022      G     -3.388491E-04  -3.824638E-04  -2.881791E-03   4.400843E-02  -8.502589E-02   5.770022E-01
          3023      G     -5.105582E-04  -1.444963E-04  -1.851024E-04  -1.426051E-01  -6.461019E-01  -3.064663E-05
          3024      G     -6.094213E-04  -1.567498E-04  -1.220570E-02   1.975869E-01  -1.155816E-01   1.279981E+00
          3025      G     -6.238335E-04   4.306857E-06   3.544476E-03  -6.455231E-04  -1.166749E+00   9.910790E-05
          3026      G     -7.417228E-04   1.663431E-06  -1.641963E-02   8.075484E-05  -1.587015E-01   1.359129E-03
          3027      G     -5.150824E-04   1.351000E-05  -9.996298E-06  -2.546117E-03  -1.852307E-02  -8.155536E-02
          3028      G     -5.277776E-04   6.267356E-05   1.593392E-04  -2.531980E-02  -1.885194E-02  -5.326147E-02
          3029      G     -5.174873E-04   1.599077E-05   5.011597E-04  -1.794532E-02  -1.250662E-02   9.111533E-04
          3030      G     -5.202149E-04   1.572280E-05  -3.445716E-05   1.043448E-03   3.005236E-01  -2.217026E-03
          3031      G     -4.798475E-04  -1.348883E-05  -8.076848E-03  -3.059515E-01   2.218376E-01  -1.316035E-03
          3032      G     -4.644867E-04  -4.562016E-05  -1.076698E-02  -5.457276E-01  -8.817813E-02  -8.413171E-04
1                                                       **STUDENT EDITION*    APRIL  18, 2026  MSC Nastran  3/ 3/26   PAGE    90
     DEFAULT                                                                                                                        
0                                                                                                            SUBCASE 1              
      EIGENVALUE =  6.858484E+06
          CYCLES =  4.168062E+02         R E A L   E I G E N V E C T O R   N O .          8
 
      POINT ID.   TYPE          T1             T2             T3             R1             R2             R3
          3033      G     -4.549314E-04  -1.772044E-04   1.034778E-03  -2.091716E-02  -2.250518E-02  -5.249628E-02
          3034      G     -3.238205E-04  -3.493477E-04   2.880905E-03   4.386201E-02  -8.414830E-02  -5.797287E-01
          3035      G     -5.018151E-04  -1.187073E-04   1.693388E-04  -1.404757E-01  -6.459768E-01   2.362943E-04
          3036      G     -6.004373E-04  -1.271387E-04   1.220183E-02   2.018382E-01  -1.158416E-01  -1.297157E+00
          3037      G     -5.290554E-04  -3.192350E-05  -1.788706E-04   1.996961E-02  -1.906894E-02  -5.444375E-02
          3038      G     -5.197212E-04   1.295615E-05  -5.186150E-04   1.412138E-02  -1.267427E-02  -6.683037E-04
          3039      G     -4.803182E-04   4.450716E-05   8.047128E-03   3.106282E-01   2.237794E-01  -1.327379E-03
          3040      G     -4.658007E-04   7.798937E-05   1.076623E-02   5.506034E-01  -8.889270E-02  -8.744553E-04
          3041      G     -4.577342E-04   2.093508E-04  -1.044339E-03   1.874262E-02  -2.244545E-02  -5.357175E-02
          3042      G     -3.265897E-04   3.824242E-04  -2.889145E-03  -4.489469E-02  -8.429055E-02  -5.809083E-01
          3043      G     -5.035979E-04   1.522358E-04  -1.889122E-04   1.428488E-01  -6.466675E-01   2.241633E-04
          3044      G     -6.027579E-04   1.601321E-04  -1.220934E-02  -1.979166E-01  -1.147884E-01  -1.279295E+00
          4000      G     -2.864522E-03  -8.239108E-06  -5.121984E-07   2.127266E-04  -5.655031E-02  -4.910432E-01
          4001      G     -2.921663E-03  -3.241668E-04  -4.505284E-04   1.472640E-01  -5.938927E-02  -4.348121E-01
          4002      G     -2.916787E-03  -1.703259E-04   3.851138E-04   6.038933E-02  -6.796337E-02  -4.172242E-01
          4003      G     -3.075206E-03  -8.358247E-06  -4.095156E-06   2.312742E-05   1.569801E+00   4.108646E-03
          4004      G     -2.940759E-03   9.510091E-06  -3.959152E-02   1.319335E+00   1.050262E+00   1.227503E-03
          4005      G     -2.917559E-03  -2.112033E-06  -5.850555E-02   2.465304E+00   7.727838E-02   3.464301E-04
          4006      G     -2.247634E-03  -8.387961E-06  -3.775983E-06   1.735042E-04  -4.264730E-02  -7.632962E-05
          4007      G     -2.730533E-03  -1.057914E-05  -6.321163E-02   1.961815E-04   3.766938E+00  -7.952575E-05
          4008      G     -3.030929E-03  -1.275013E-05  -1.109222E-01   3.663386E-04  -3.054498E-01  -8.018919E-05
          4009      G     -2.835418E-03   2.694845E-05   1.208615E-03   1.745108E-01   6.768721E-02  -8.574382E-01
          4010      G     -2.640710E-03   3.201910E-04   3.606569E-03  -3.547374E-03  -1.574161E-01   3.562137E-01
          4011      G     -2.982761E-03   1.194456E-04  -2.883879E-02   1.119866E+00  -2.047416E+00  -2.373170E-03
          4012      G     -3.120957E-03   1.632300E-05   1.011170E-02  -2.130653E-01  -3.438215E-01   1.326658E+00
          4013      G     -3.252483E-03  -1.481996E-05  -5.330302E-02   5.500034E-04  -3.709847E+00  -8.874200E-05
          4014      G     -3.543509E-03  -1.748153E-05   1.315160E-02   3.600189E-04  -4.533158E-01  -1.329235E-03
          4015      G     -2.922349E-03   3.070497E-04   4.491424E-04  -1.467290E-01  -5.951968E-02  -4.344630E-01
          4016      G     -2.918071E-03   1.528068E-04  -3.943204E-04  -6.008179E-02  -6.833031E-02  -4.148493E-01
          4017      G     -2.940842E-03  -2.631815E-05   3.958474E-02  -1.319473E+00   1.050308E+00   1.240833E-03
          4018      G     -2.917789E-03  -1.543592E-05   5.849877E-02  -2.465559E+00   7.719143E-02   3.756105E-04
          4019      G     -2.730313E-03  -6.367133E-06   6.320961E-02   1.619395E-04   3.767334E+00  -7.452985E-05
          4020      G     -3.030558E-03  -4.355628E-06   1.109224E-01   3.601552E-05  -3.058203E-01  -7.222031E-05
          4021      G     -2.836667E-03  -4.609751E-05  -1.229028E-03  -1.740045E-01   6.746019E-02  -8.528662E-01
          4022      G     -2.640349E-03  -3.419771E-04  -3.632996E-03   4.149944E-03  -1.580592E-01   3.648239E-01
          4023      G     -2.983391E-03  -1.382594E-04   2.882915E-02  -1.120542E+00  -2.047417E+00  -2.348245E-03
          4024      G     -3.123242E-03  -3.558643E-05  -1.012755E-02   2.122753E-01  -3.446962E-01   1.330502E+00
          4025      G     -3.252361E-03  -2.530871E-06   5.330479E-02  -7.074748E-06  -3.709455E+00  -6.986996E-05
          4026      G     -3.543385E-03  -7.213099E-07  -1.314705E-02   1.668024E-05  -4.537267E-01   1.314175E-04
          4027      G     -2.876659E-03  -8.416256E-06   1.500569E-06   7.714448E-05  -5.652175E-02   4.947262E-01
          4028      G     -2.934217E-03   3.028439E-04  -4.491803E-04  -1.466825E-01  -5.956090E-02   4.380189E-01
          4029      G     -2.929732E-03   1.448755E-04   3.954212E-04  -5.971733E-02  -6.839344E-02   4.188281E-01
          4030      G     -3.081481E-03  -8.508011E-06  -5.701260E-06  -9.466758E-05   1.569715E+00  -4.261192E-03
          4031      G     -2.947196E-03  -3.057311E-05  -3.959234E-02  -1.319452E+00   1.050250E+00  -1.386986E-03
          4032      G     -2.924191E-03  -2.358299E-05  -5.850488E-02  -2.465710E+00   7.715902E-02  -5.156146E-04
          4033      G     -2.848155E-03  -5.755764E-05   1.228885E-03  -1.734123E-01   6.747666E-02   8.577556E-01
          4034      G     -2.652130E-03  -3.558322E-04   3.631202E-03   4.994826E-03  -1.578613E-01  -3.580744E-01
          4035      G     -2.989944E-03  -1.499824E-04  -2.883643E-02  -1.120730E+00  -2.047313E+00   2.213172E-03
          4036      G     -3.129530E-03  -5.053557E-05   1.012324E-02   2.123239E-01  -3.449177E-01  -1.321955E+00
          4037      G     -2.934151E-03  -3.199253E-04   4.499605E-04   1.469513E-01  -5.960985E-02   4.371054E-01
1                                                       **STUDENT EDITION*    APRIL  18, 2026  MSC Nastran  3/ 3/26   PAGE    91
     DEFAULT                                                                                                                        
0                                                                                                            SUBCASE 1              
      EIGENVALUE =  6.858484E+06
          CYCLES =  4.168062E+02         R E A L   E I G E N V E C T O R   N O .          8
 
      POINT ID.   TYPE          T1             T2             T3             R1             R2             R3
          4038      G     -2.929579E-03  -1.616524E-04  -3.934066E-04   6.018449E-02  -6.839445E-02   4.174563E-01
          4039      G     -2.946962E-03   1.361560E-05   3.958233E-02   1.319404E+00   1.050328E+00  -1.388493E-03
          4040      G     -2.923733E-03   6.626901E-06   5.849858E-02   2.465628E+00   7.729852E-02  -5.190445E-04
          4041      G     -2.847930E-03   4.096136E-05  -1.227792E-03   1.743788E-01   6.741450E-02   8.554881E-01
          4042      G     -2.651437E-03   3.408104E-04  -3.631739E-03  -3.840646E-03  -1.583516E-01  -3.633524E-01
          4043      G     -2.989192E-03   1.332451E-04   2.883238E-02   1.120498E+00  -2.047338E+00   2.208657E-03
          4044      G     -3.128968E-03   3.411285E-05  -1.012603E-02  -2.123115E-01  -3.450252E-01  -1.330598E+00
1                                                       **STUDENT EDITION*    APRIL  18, 2026  MSC Nastran  3/ 3/26   PAGE    92
     DEFAULT                                                                                                                        
0                                                                                                            SUBCASE 1              
      EIGENVALUE =  7.165203E+06
          CYCLES =  4.260243E+02         R E A L   E I G E N V E C T O R   N O .          9
 
      POINT ID.   TYPE          T1             T2             T3             R1             R2             R3
             1      G      0.0            0.0            0.0            0.0            0.0            0.0
             2      G      0.0            0.0            0.0            0.0            0.0            0.0
             3      G      0.0            0.0            0.0            0.0            0.0            0.0
             4      G      0.0            0.0            0.0            0.0            0.0            0.0
             5      G      0.0            0.0            0.0            0.0            0.0            0.0
             6      G      0.0            0.0            0.0            0.0            0.0            0.0
             7      G      0.0            0.0            0.0            0.0            0.0            0.0
             8      G      0.0            0.0            0.0            0.0            0.0            0.0
            10      G      2.013315E-05   1.847178E-06   8.323268E-05   1.237478E-04  -4.374282E-06  -1.588088E-03
            11      G     -2.032123E-05   1.568488E-06  -8.311323E-05   1.240320E-04   2.798603E-06  -1.586769E-03
            12      G      1.708614E-05   4.171767E-06   2.160506E-04   1.277429E-04   3.577673E-05  -3.157577E-03
            13      G     -1.731787E-05   3.995344E-06  -2.160892E-04   1.280461E-04  -3.641777E-05  -3.208502E-03
            14      G     -1.790562E-05   4.073882E-06   2.155498E-04   1.280547E-04  -3.950131E-05   3.212149E-03
            15      G      1.885238E-05   3.900319E-06  -2.155595E-04   1.285748E-04   4.357368E-05   3.060569E-03
            16      G     -2.130217E-05  -9.499853E-08   8.292769E-05   1.308370E-04  -1.351780E-06   1.508436E-03
            17      G      2.004540E-05   6.875653E-06  -8.228670E-05   9.805157E-05   2.717157E-06   2.050088E-03
           100      G      2.909982E-05  -1.362198E-05  -6.361783E-04  -7.977223E-03   1.044912E-05  -1.615721E-03
           101      G      2.768692E-06  -2.571993E-05  -1.806522E-04  -7.217339E-03  -7.665418E-06   1.028887E-03
           102      G      2.048667E-05  -8.410255E-06  -5.582396E-04  -3.277574E-03   4.886188E-03  -1.742031E-04
           103      G      6.569294E-07  -9.207454E-06  -1.082571E-04  -6.626334E-03   3.244160E-03  -4.744257E-04
           104      G      1.112849E-06  -2.063940E-05  -7.164881E-04  -8.928074E-03   7.011773E-04   1.877127E-05
           105      G      6.944987E-07  -1.621479E-05  -2.635387E-05  -6.583565E-03   2.636757E-04  -1.780589E-06
           106      G      4.180665E-05   6.142370E-05  -2.173427E-04   1.285748E-04   4.357368E-05   3.060569E-03
           107      G      4.180665E-05  -2.025523E-05  -2.161799E-04   1.285748E-04   4.357368E-05   3.060569E-03
           108      G      2.295088E-07  -7.045559E-05  -1.000994E-03  -1.575692E-02  -6.971814E-06  -3.581382E-05
           109      G      3.542106E-05   2.225131E-05  -8.304247E-05   9.805157E-05   2.717157E-06   2.050088E-03
           110      G      1.833763E-05  -5.046237E-05  -1.032338E-03   6.399786E-03   3.994109E-04  -6.496347E-03
           111      G      3.542106E-05  -3.502302E-05  -8.296656E-05   9.805157E-05   2.717157E-06   2.050088E-03
           112      G      3.896993E-05  -5.203499E-05  -7.746008E-04  -1.602655E-03   1.493901E-02  -5.129014E-04
           113      G     -1.503763E-06  -2.793702E-04  -4.946419E-05  -4.215057E-02   8.446222E-04   1.683304E-02
           114      G      3.996428E-06  -5.299427E-05  -1.115356E-04  -1.890712E-02  -3.628094E-03  -9.713899E-03
           115      G     -2.584031E-05  -1.482073E-05  -5.176101E-04  -1.408436E-02  -5.572773E-04   1.731737E-03
           116      G      1.948743E-06  -2.776809E-05   1.500357E-04  -7.483780E-03  -7.823704E-05  -1.071419E-03
           117      G     -1.781698E-05  -8.026505E-06  -4.872522E-04  -6.517874E-03  -2.913630E-03   1.869679E-04
           118      G      3.139149E-08  -9.622520E-06   6.680357E-05  -6.821971E-03   3.710784E-03   5.330975E-04
           119      G     -4.138164E-05   6.429913E-05  -2.177340E-04   1.280461E-04  -3.641777E-05  -3.208502E-03
           120      G     -4.138164E-05  -2.132777E-05  -2.167621E-04   1.280461E-04  -3.641777E-05  -3.208502E-03
           121      G     -3.222200E-05   1.346925E-05  -8.402249E-05   1.240320E-04   2.798603E-06  -1.586769E-03
           122      G     -5.936639E-06  -6.683025E-05  -1.158266E-03   5.027787E-03  -1.713463E-03   5.894896E-03
           123      G     -3.222200E-05  -3.086110E-05  -8.410067E-05   1.240320E-04   2.798603E-06  -1.586769E-03
           124      G     -3.355814E-05  -5.782103E-05  -7.695502E-04  -5.529481E-03  -2.097722E-02   6.738425E-04
           125      G      3.140497E-06  -2.967504E-04   4.894952E-06  -4.328398E-02  -3.310872E-04  -1.828144E-02
           126      G      3.524389E-06  -5.761458E-05   8.194540E-05  -1.923202E-02  -2.906603E-03   1.042584E-02
           127      G     -2.399717E-05  -1.373603E-05   5.230910E-04  -1.445378E-02  -9.904322E-04  -1.744528E-03
           128      G     -1.673155E-05  -7.220486E-06   4.872206E-04  -7.184500E-03  -2.838738E-03  -1.836000E-04
           129      G      1.455590E-06  -2.068646E-05   7.171644E-04  -9.751930E-03   1.000749E-03   1.983207E-06
           130      G     -4.199674E-05   6.444622E-05   2.172526E-04   1.280547E-04  -3.950131E-05   3.212149E-03
           131      G     -4.199674E-05  -2.127801E-05   2.161984E-04   1.280547E-04  -3.950131E-05   3.212149E-03
           132      G     -1.413384E-07  -6.942676E-05   9.951695E-04  -1.564493E-02  -6.423848E-05  -7.478870E-05
           133      G     -3.261544E-05   1.121827E-05   8.391911E-05   1.308370E-04  -1.351780E-06   1.508436E-03
1                                                       **STUDENT EDITION*    APRIL  18, 2026  MSC Nastran  3/ 3/26   PAGE    93
     DEFAULT                                                                                                                        
0                                                                                                            SUBCASE 1              
      EIGENVALUE =  7.165203E+06
          CYCLES =  4.260243E+02         R E A L   E I G E N V E C T O R   N O .          9
 
      POINT ID.   TYPE          T1             T2             T3             R1             R2             R3
           134      G     -2.388421E-06  -7.108155E-05   1.163605E-03   4.003894E-03  -2.182247E-03  -4.182787E-03
           135      G     -3.261544E-05  -3.092366E-05   8.388134E-05   1.308370E-04  -1.351780E-06   1.508436E-03
           136      G     -3.077038E-05  -5.486773E-05   7.776373E-04  -5.889656E-03  -2.075933E-02  -7.266385E-04
           137      G      2.845011E-05  -1.429362E-05   6.889242E-04  -8.718178E-03   8.556601E-04   1.649692E-03
           138      G      2.059765E-05  -8.310472E-06   5.832569E-04  -4.070671E-03   5.980155E-03   1.776450E-04
           139      G      4.076798E-05   6.351843E-05   2.176811E-04   1.277429E-04   3.577673E-05  -3.157577E-03
           140      G      4.076798E-05  -2.074942E-05   2.167263E-04   1.277429E-04   3.577673E-05  -3.157577E-03
           141      G      3.204382E-05   1.375784E-05   8.412798E-05   1.237478E-04  -4.374282E-06  -1.588088E-03
           142      G      1.057777E-05  -6.528398E-05   1.166905E-03   5.093468E-03   1.357808E-03   6.060326E-03
           143      G      3.204382E-05  -3.060938E-05   8.425019E-05   1.237478E-04  -4.374282E-06  -1.588088E-03
           144      G      3.661805E-05  -5.807747E-05   8.661849E-04  -2.616345E-03   1.704060E-02   6.225830E-04
           200      G      3.550665E-05   1.916269E-05  -8.304247E-05   9.805157E-05   2.717157E-06   2.050088E-03
           201      G      3.550665E-05  -3.811164E-05  -8.296656E-05   9.805157E-05   2.717157E-06   2.050088E-03
           202      G      4.317922E-05   5.737359E-05  -2.173427E-04   1.285748E-04   4.357368E-05   3.060569E-03
           203      G      4.317922E-05  -2.430533E-05  -2.161799E-04   1.285748E-04   4.357368E-05   3.060569E-03
           204      G      3.224367E-06   1.326744E-04  -1.387816E-03   3.717915E-05  -2.414804E-04  -1.043763E-03
           205      G     -1.916129E-05   9.248612E-05  -1.235726E-03   3.058601E-02   1.029521E-02  -2.115056E-02
           206      G      1.517717E-06   2.064965E-05  -8.901678E-05  -9.803510E-02   2.284432E-04   2.343281E-02
           207      G     -3.213384E-05   9.562246E-06  -8.402249E-05   1.240320E-04   2.798603E-06  -1.586769E-03
           208      G     -3.213384E-05  -3.476811E-05  -8.410067E-05   1.240320E-04   2.798603E-06  -1.586769E-03
           209      G     -4.252880E-05   6.026568E-05  -2.177340E-04   1.280461E-04  -3.641777E-05  -3.208502E-03
           210      G     -4.252880E-05  -2.536122E-05  -2.167621E-04   1.280461E-04  -3.641777E-05  -3.208502E-03
           211      G      5.535275E-05   8.144226E-05  -1.406524E-03   4.955222E-02  -1.533267E-02   2.452814E-02
           212      G      6.929100E-06   1.756562E-05   5.071989E-06  -1.380817E-01  -1.154797E-03  -3.469164E-02
           213      G     -3.265802E-05   7.096908E-06   8.391911E-05   1.308370E-04  -1.351780E-06   1.508436E-03
           214      G     -3.265802E-05  -3.504503E-05   8.388134E-05   1.308370E-04  -1.351780E-06   1.508436E-03
           215      G     -4.324103E-05   6.041250E-05   2.172526E-04   1.280547E-04  -3.950131E-05   3.212149E-03
           216      G     -4.324103E-05  -2.531174E-05   2.161984E-04   1.280547E-04  -3.950131E-05   3.212149E-03
           217      G     -1.644914E-06   1.361914E-04   1.378666E-03  -3.196818E-04  -9.065647E-05   1.413434E-04
           218      G      5.593370E-05   5.660637E-05   1.428729E-03   3.371204E-02  -1.566602E-02  -1.764758E-02
           219      G      3.190603E-05   9.859783E-06   8.412798E-05   1.237478E-04  -4.374282E-06  -1.588088E-03
           220      G      3.190603E-05  -3.450743E-05   8.425019E-05   1.237478E-04  -4.374282E-06  -1.588088E-03
           221      G      4.189494E-05   5.949453E-05   2.176811E-04   1.277429E-04   3.577673E-05  -3.157577E-03
           222      G      4.189494E-05  -2.477332E-05   2.167263E-04   1.277429E-04   3.577673E-05  -3.157577E-03
           223      G     -4.431402E-05   7.978965E-05   1.416051E-03   4.948122E-02   1.359934E-02   2.407715E-02
           224      G     -1.485107E-06   1.373128E-05  -4.462801E-04  -1.046770E-02   1.806720E-03  -1.599373E-03
           225      G      6.878630E-06   2.428534E-05  -2.900807E-04  -3.006198E-03  -6.624983E-04   1.371145E-03
           226      G     -3.702738E-06   5.630526E-05  -4.419738E-04  -7.041974E-03  -3.030200E-03  -4.885150E-04
           227      G      2.549732E-06   3.238479E-05  -1.596530E-04  -9.563353E-03   5.951014E-03  -9.768399E-04
           228      G      4.043931E-06   4.059047E-05  -8.200433E-04  -4.021522E-02   1.878596E-03   2.325513E-04
           229      G      2.678141E-06   5.136810E-05  -1.181813E-05  -8.833632E-04  -6.278166E-05  -2.203205E-05
           230      G     -6.914629E-06   2.319301E-05  -7.277496E-04   5.847960E-03   2.256597E-02   5.540869E-04
           231      G      9.669289E-06   2.668401E-05  -1.891204E-04  -3.792132E-02  -5.711140E-03  -3.266913E-03
           232      G      1.511044E-05   1.352573E-05  -8.974676E-05  -1.999691E-02  -1.560932E-03   1.759579E-03
           233      G      4.291456E-06   2.456054E-05   2.569818E-04  -2.918772E-03  -6.189403E-04  -1.311361E-03
           234      G      1.494779E-05   5.818409E-05  -2.413802E-04  -1.235913E-02   1.035516E-02   5.087601E-04
           235      G      1.242505E-06   3.210340E-05   1.312934E-04  -9.189591E-03   5.746287E-03   9.676796E-04
           236      G      2.734787E-05   2.108043E-05  -5.867188E-04   7.278831E-03  -3.634917E-02  -3.835271E-04
           237      G      6.321343E-06   2.759209E-05   1.398498E-04  -5.237802E-02  -5.302155E-03   4.774221E-03
           238      G      1.436610E-05   1.379375E-05   2.606323E-04  -1.890681E-02  -3.451621E-03  -1.836592E-03
1                                                       **STUDENT EDITION*    APRIL  18, 2026  MSC Nastran  3/ 3/26   PAGE    94
     DEFAULT                                                                                                                        
0                                                                                                            SUBCASE 1              
      EIGENVALUE =  7.165203E+06
          CYCLES =  4.260243E+02         R E A L   E I G E N V E C T O R   N O .          9
 
      POINT ID.   TYPE          T1             T2             T3             R1             R2             R3
           239      G      1.364947E-05   5.869313E-05   3.407440E-04  -1.191099E-02   6.840024E-03  -5.280081E-04
           240      G      2.441917E-06   4.165620E-05   8.478392E-04  -4.015732E-02   5.553515E-04  -9.637801E-05
           241      G      2.662393E-05   1.950095E-05   7.086263E-04   2.798422E-03  -3.111993E-02   1.363054E-04
           242      G     -8.706039E-06   1.457204E-05   3.828818E-04  -1.093649E-02   1.464534E-03   1.619685E-03
           243      G     -8.198060E-06   5.814085E-05   4.213184E-04  -7.619003E-03  -5.507051E-03   4.907563E-04
           244      G     -1.947588E-05   2.041563E-05   7.521591E-04   1.217396E-02   2.968997E-02  -4.344222E-04
           300      G     -2.323659E-04   7.435508E-03  -2.139734E-03   1.059498E+00   2.938750E-02  -1.988623E-01
           301      G     -8.567542E-05   5.976808E-03  -1.964404E-03   6.080699E-01  -6.031369E-02  -6.567928E-02
           302      G     -3.339598E-05   1.061738E-02  -3.825381E-03   1.920500E+00   2.019920E-02  -4.569913E-02
           303      G     -1.554537E-04   6.664896E-04   1.186638E-04  -9.248125E-01   5.428233E-02  -1.114233E-03
           304      G     -4.703614E-05   7.068296E-04  -5.568743E-04  -5.469170E-01   1.148679E-01  -1.013185E-01
           305      G      1.574796E-03   6.419391E-04  -2.078024E-03  -7.437899E-01  -2.479845E-01   1.276359E-01
           306      G     -1.375595E-04   3.786973E-04  -2.795754E-04   3.399267E+00   8.887418E-03  -3.136941E-01
           307      G      2.537647E-04   7.755120E-03  -2.159340E-03   1.134153E+00  -3.922142E-02   2.581704E-01
           308      G      1.039783E-04   5.549850E-03  -1.995213E-03   5.300805E-01   9.641378E-02   5.856969E-02
           309      G      3.599623E-04   5.001102E-04   1.934033E-04  -1.094123E+00  -3.792352E-02   5.935235E-03
           310      G      6.455131E-05   2.702383E-04  -6.024278E-04  -6.552619E-01  -1.413363E-01   1.020830E-01
           311      G     -1.619848E-03   5.546557E-04  -2.364053E-03  -1.051521E+00   1.797792E-01  -2.071912E-01
           312      G     -4.625559E-05   4.632321E-04   6.618992E-06   4.508384E+00  -1.283887E-02   4.263502E-01
           313      G      2.381420E-04   7.742119E-03   2.138488E-03   1.115211E+00  -3.860021E-02  -2.590928E-01
           314      G      8.666465E-05   5.549406E-03   1.994773E-03   5.275097E-01   1.033220E-01  -6.317093E-02
           315      G     -1.250067E-05   1.081466E-02   3.830332E-03   1.965391E+00  -1.564026E-03  -1.302352E-03
           316      G      3.423412E-04   4.297564E-04  -2.140049E-04  -1.126007E+00  -2.388327E-02   1.145316E-04
           317      G      5.649121E-05   2.766869E-04   6.118893E-04  -6.554136E-01  -1.446703E-01  -1.053131E-01
           318      G     -1.528533E-03   5.018794E-04   2.488326E-03  -7.856818E-01   1.762258E-01   1.347532E-01
           319      G     -2.679822E-04   7.778808E-03   2.161209E-03   1.140728E+00   3.653243E-02   2.593341E-01
           320      G     -1.148884E-04   5.579165E-03   1.999143E-03   5.405400E-01  -1.027106E-01   6.287394E-02
           321      G     -3.932417E-04   4.700082E-04  -1.942974E-04  -1.086835E+00   2.489489E-02   6.578003E-03
           322      G     -8.923879E-05   2.704162E-04   6.081494E-04  -6.359825E-01   1.420276E-01   1.045661E-01
           323      G      1.530319E-03   5.432284E-04   2.384205E-03  -1.053771E+00  -2.057468E-01  -2.065867E-01
           324      G     -1.221468E-03  -7.586940E-06  -2.879624E+00  -3.637813E+00  -6.342590E+01   4.601547E-01
           325      G     -2.957635E-05  -6.674323E-03  -1.181003E-04  -2.732191E+00  -2.054388E-02  -1.245104E+00
           326      G     -8.814274E-04   6.481508E-04  -4.157654E+00   2.971418E+01  -6.795883E+00   8.735982E-03
           327      G     -1.815697E-05  -2.974697E-03  -4.523867E-04  -7.539542E+01  -2.014357E-02   3.054348E-01
           328      G      2.326954E-05  -8.981217E-04  -3.869615E+00  -5.731432E+00  -9.465602E-02   1.062818E-02
           329      G     -2.633109E-05  -8.523162E-03  -1.098633E-03  -3.687053E+00  -2.030395E-02  -2.483792E-03
           330      G     -9.576584E-04   5.618978E-04  -1.201570E+00  -6.281743E+00  -6.797528E+01   5.650528E-03
           331      G     -7.423882E-05   8.965997E-04   1.243235E-04   9.547605E+00  -5.805785E-03   3.783203E-01
           332      G      1.219530E-03  -1.076420E-04  -2.888732E+00  -3.669666E+00   6.335572E+01  -4.780894E-01
           333      G     -3.892252E-05  -6.743042E-03   8.651208E-06  -2.737833E+00  -1.480350E-02   1.256734E+00
           334      G      8.550236E-04   6.386304E-04  -4.163301E+00   2.983582E+01   6.594283E+00  -8.252367E-03
           335      G     -4.134398E-05  -2.992282E-03  -5.180169E-04  -7.556292E+01   2.363279E-02  -3.052301E-01
           336      G      1.003890E-03   5.046357E-04  -1.207123E+00  -6.318047E+00   6.830585E+01  -6.588290E-03
           337      G     -4.947513E-05   8.950303E-04   7.000510E-05   9.894995E+00   3.010049E-03  -3.817935E-01
           338      G      1.227719E-03  -1.134759E-04   2.883612E+00  -3.750938E+00   6.337910E+01   4.752688E-01
           339      G      8.631411E-04   6.905726E-04   4.160167E+00   2.968567E+01   6.757978E+00   8.326947E-03
           340      G     -1.769805E-05  -9.371268E-04   3.871787E+00  -5.829734E+00   1.088875E-01   1.683426E-03
           341      G      1.026065E-03   4.745872E-04   1.203771E+00  -6.321604E+00   6.812716E+01   6.265630E-03
           342      G     -1.283580E-03  -1.002735E-04   2.890827E+00  -3.678379E+00  -6.336274E+01  -4.768324E-01
           343      G     -9.009715E-04   6.871973E-04   4.165552E+00   2.979311E+01  -6.623485E+00  -8.268250E-03
1                                                       **STUDENT EDITION*    APRIL  18, 2026  MSC Nastran  3/ 3/26   PAGE    95
     DEFAULT                                                                                                                        
0                                                                                                            SUBCASE 1              
      EIGENVALUE =  7.165203E+06
          CYCLES =  4.260243E+02         R E A L   E I G E N V E C T O R   N O .          9
 
      POINT ID.   TYPE          T1             T2             T3             R1             R2             R3
           344      G     -1.077765E-03   5.028840E-04   1.208437E+00  -6.326779E+00  -6.837088E+01  -5.987073E-03
           400      G     -1.983299E-04   5.518565E-04  -1.339693E-03   8.914194E-02  -2.620297E-02   1.122815E-03
           401      G     -1.490076E-04   5.571053E-04  -2.250204E-03   9.663027E-02  -1.080574E-02  -1.124367E-02
           402      G      9.260826E-06   4.117283E-04  -2.046869E-03   7.691570E-02  -3.273231E-04  -1.948858E-03
           403      G     -2.183900E-04   1.041372E-03  -3.817870E-04   1.467973E-01   4.793531E-03  -5.457397E-03
           404      G     -2.772821E-04   7.987865E-04  -8.445132E-04   1.036057E-01  -1.418458E-02  -6.381153E-03
           405      G     -1.334587E-04   8.030652E-04  -1.338223E-03   1.408661E-02   1.290743E-02   3.954734E-02
           406      G     -3.718519E-06   9.151591E-04  -1.207107E-04  -7.432036E-02   2.745594E-03  -1.363254E-02
           407      G      2.277760E-04   5.523529E-04  -1.324457E-03   8.968146E-02   2.650794E-02   9.789108E-05
           408      G      1.658024E-04   5.694575E-04  -2.248014E-03   9.911639E-02   1.141091E-02   9.038364E-03
           409      G      2.470127E-04   1.084176E-03  -3.872232E-04   1.676829E-01  -1.536720E-02   4.599712E-03
           410      G      3.243397E-04   8.322834E-04  -8.204667E-04   1.085095E-01   1.558755E-02   9.221730E-03
           411      G      1.654494E-04   8.243011E-04  -1.471648E-03   1.815564E-02  -1.414981E-02  -4.256566E-02
           412      G      4.600800E-07   9.238210E-04   6.611390E-07  -9.901883E-02   1.481969E-03   1.471669E-02
           413      G      2.123244E-04   5.505126E-04   1.323338E-03   8.966676E-02   2.640936E-02  -6.219186E-04
           414      G      1.527209E-04   5.729967E-04   2.247161E-03   9.972694E-02   1.113604E-02  -1.090729E-02
           415      G     -9.431075E-06   4.123117E-04   2.033218E-03   7.715553E-02   3.635368E-04  -1.100854E-04
           416      G      2.318735E-04   1.062144E-03   3.960344E-04   1.730356E-01  -2.008977E-02  -6.682395E-03
           417      G      3.081603E-04   8.222197E-04   8.154969E-04   1.076664E-01   1.693196E-02  -9.252021E-03
           418      G      1.665233E-04   8.070622E-04   1.498546E-03   3.761198E-03  -1.512067E-02   4.314665E-02
           419      G     -2.330102E-04   5.535350E-04   1.322923E-03   8.979126E-02  -2.615739E-02   2.744642E-04
           420      G     -1.711090E-04   5.735397E-04   2.252002E-03   9.968183E-02  -1.074023E-02   1.035096E-02
           421      G     -2.534552E-04   1.077095E-03   3.923326E-04   1.655870E-01   1.774997E-02   4.509838E-03
           422      G     -3.308528E-04   8.280635E-04   8.198631E-04   1.058590E-01  -1.571883E-02   9.274790E-03
           423      G     -1.672830E-04   8.190262E-04   1.471603E-03   1.866839E-02   1.740825E-02  -4.282986E-02
           424      G     -5.767601E-05   5.558614E-04  -2.023342E-04  -1.960564E-02  -6.011596E-03   2.834394E-03
           425      G      3.056295E-06   5.470388E-04  -2.001613E-05   8.847138E-02   1.438030E-03   3.357178E-03
           426      G     -1.763630E-05   4.578074E-04  -7.220716E-04  -4.119759E-02  -1.406940E-02   2.322429E-03
           427      G      3.000507E-06   4.585713E-04   6.111179E-06   8.538881E-02   9.433952E-04   2.684533E-03
           428      G      6.703285E-06   4.025594E-04  -7.041599E-04  -1.058521E-02   1.177140E-04   3.934815E-04
           429      G      2.770600E-06   4.057373E-04   2.883275E-05   7.329445E-02   1.431288E-03  -1.136037E-04
           430      G     -7.416826E-05   7.517913E-04  -7.655444E-04   8.119474E-03   3.636400E-02   3.845640E-03
           431      G      2.867231E-06   6.846653E-04  -4.923609E-05  -9.133650E-03   4.277008E-04   1.604690E-02
           432      G      7.309679E-05   5.633004E-04  -9.437933E-05  -1.765753E-02   9.456686E-03  -3.429505E-03
           433      G      1.266687E-06   5.548001E-04  -2.575980E-05   8.978084E-02   1.460100E-03  -3.627988E-03
           434      G      3.390927E-05   4.594490E-04  -6.895526E-04  -4.182657E-02   1.714995E-02  -2.457349E-03
           435      G      2.606636E-06   4.613093E-04   2.607500E-06   8.669935E-02  -1.200317E-03  -2.749226E-03
           436      G      8.867427E-05   7.672557E-04  -7.451845E-04   1.394492E-02  -4.614875E-02  -4.222371E-03
           437      G      7.550160E-07   6.950751E-04  -1.246111E-05  -1.946318E-02   5.887321E-04  -1.692490E-02
           438      G      6.768467E-05   5.591502E-04   1.855405E-04  -1.677073E-02   1.104305E-02   3.322028E-03
           439      G      2.482523E-05   4.575734E-04   7.690645E-04  -4.025761E-02   1.421065E-02   2.314696E-03
           440      G     -3.859895E-06   4.052496E-04   7.381365E-04  -8.036609E-03  -2.767220E-04  -1.770522E-04
           441      G      8.635925E-05   7.563397E-04   7.883608E-04   1.038061E-02  -4.539692E-02   3.998589E-03
           442      G     -7.417399E-05   5.635282E-04   7.546874E-05  -1.850812E-02  -9.919838E-03  -3.644167E-03
           443      G     -3.268564E-05   4.599749E-04   7.059493E-04  -4.144862E-02  -1.701870E-02  -2.495623E-03
           444      G     -9.067115E-05   7.656919E-04   7.144238E-04   1.465230E-02   4.669874E-02  -4.219912E-03
           445      G     -3.947017E-04   7.880967E-04  -5.006254E-04  -2.411857E-02  -8.303302E-03   1.914293E-02
           446      G     -4.216294E-04   8.293676E-04  -8.372000E-04   7.724162E-04  -1.341347E-02  -6.089401E-03
           447      G     -3.870632E-04   7.183606E-04  -1.382196E-03   2.927894E-02  -2.078969E-02  -1.554358E-02
           448      G     -2.022951E-04   6.519743E-04  -1.896931E-03   2.715373E-02  -1.539542E-02  -4.273328E-03
1                                                       **STUDENT EDITION*    APRIL  18, 2026  MSC Nastran  3/ 3/26   PAGE    96
     DEFAULT                                                                                                                        
0                                                                                                            SUBCASE 1              
      EIGENVALUE =  7.165203E+06
          CYCLES =  4.260243E+02         R E A L   E I G E N V E C T O R   N O .          9
 
      POINT ID.   TYPE          T1             T2             T3             R1             R2             R3
           449      G      1.228473E-05   6.073159E-04  -2.081340E-03   3.341542E-02   5.267730E-05  -3.441054E-04
           450      G     -1.513340E-04   9.996722E-04  -1.126167E-03   6.180339E-03   2.386484E-02   1.295298E-03
           451      G      2.804693E-06   1.200544E-03  -6.925432E-05  -4.753949E-02   5.085927E-03  -2.295398E-02
           452      G      4.093662E-04   7.868626E-04  -5.165146E-04  -2.757085E-02   8.851314E-03  -2.148833E-02
           453      G      4.408652E-04   8.440776E-04  -8.236297E-04  -3.916605E-04   1.192680E-02   5.995952E-03
           454      G      4.133785E-04   7.287886E-04  -1.361865E-03   2.849803E-02   2.121251E-02   1.606992E-02
           455      G      2.290291E-04   6.573369E-04  -1.889560E-03   2.642609E-02   1.582845E-02   4.290607E-03
           456      G      1.648558E-04   1.028867E-03  -1.216061E-03   4.831292E-03  -2.838990E-02   4.449550E-04
           457      G      1.438386E-06   1.229219E-03   2.503527E-07  -4.872516E-02   3.454321E-04   2.400444E-02
           458      G      3.855596E-04   7.682089E-04   5.282547E-04  -2.902852E-02   8.940505E-03   2.176711E-02
           459      G      4.194349E-04   8.316413E-04   8.233696E-04  -3.763512E-04   1.145446E-02  -6.342486E-03
           460      G      3.932660E-04   7.200512E-04   1.360502E-03   2.871150E-02   2.123614E-02  -1.657698E-02
           461      G      2.069043E-04   6.525231E-04   1.884186E-03   2.686512E-02   1.557750E-02  -4.384652E-03
           462      G     -9.149855E-06   6.067765E-04   2.072848E-03   3.433888E-02   2.869902E-05  -2.065015E-04
           463      G      1.525914E-04   1.020305E-03   1.216901E-03   3.356837E-03  -3.103822E-02  -2.534392E-03
           464      G     -4.083938E-04   7.868946E-04   5.219455E-04  -2.713829E-02  -8.936814E-03  -2.151495E-02
           465      G     -4.401495E-04   8.438309E-04   8.240788E-04   3.179708E-04  -1.177112E-02   6.026316E-03
           466      G     -4.131257E-04   7.282627E-04   1.361751E-03   2.895394E-02  -2.122125E-02   1.636500E-02
           467      G     -2.263562E-04   6.569099E-04   1.885748E-03   2.702174E-02  -1.557265E-02   4.235280E-03
           468      G     -1.623101E-04   1.028513E-03   1.217271E-03   4.677610E-03   2.881793E-02   3.412753E-04
           469      G     -2.645541E-04   9.082846E-04  -6.537415E-04   2.669638E-02   5.239753E-03   1.684169E-04
           470      G     -2.707113E-04   8.221950E-04  -1.137492E-03   1.212660E-02  -3.832087E-02   6.738348E-03
           471      G     -1.973075E-04   7.057474E-04  -2.120669E-03   1.916070E-02  -3.004594E-02   7.686607E-03
           472      G     -1.071520E-04   6.116770E-04  -2.763894E-03   2.924094E-02  -1.870138E-02   3.609821E-03
           473      G      9.920487E-06   5.805211E-04  -2.979376E-03   2.593537E-02   3.166565E-04  -7.731382E-05
           474      G     -1.540605E-04   8.310662E-04  -1.307634E-03  -2.060341E-03  -3.136087E-02   5.099842E-03
           475      G     -1.152551E-04   6.984652E-04  -2.208563E-03  -1.742492E-02  -3.265965E-02   3.252697E-03
           476      G     -5.452843E-05   6.062397E-04  -2.900012E-03  -2.096657E-02  -1.771978E-02   1.914175E-03
           477      G      6.729774E-06   5.769811E-04  -3.125076E-03  -1.483683E-02   3.091622E-04  -1.351157E-04
           478      G     -5.980828E-05   1.049620E-03  -8.806942E-04  -2.908527E-02   1.327963E-02   1.032106E-02
           479      G     -8.306377E-05   8.559770E-04  -8.971717E-04  -3.906808E-02  -1.705647E-02   3.316132E-03
           480      G     -5.295539E-05   6.930548E-04  -1.421577E-03  -5.035253E-02  -1.833825E-02   3.613261E-03
           481      G     -2.589858E-05   6.080460E-04  -1.850306E-03  -6.853398E-02  -1.277594E-02   1.553731E-03
           482      G      3.723408E-07   8.361227E-04  -1.018521E-05  -3.502020E-02   1.961559E-04   1.197742E-02
           483      G      2.922636E-07   6.985904E-04  -7.642415E-06  -6.855558E-02  -2.036813E-05   2.841483E-03
           484      G      7.076924E-07   6.076415E-04  -4.991898E-06  -8.674894E-02   1.977841E-04   2.122906E-03
           485      G      3.795784E-06   5.791260E-04  -2.031849E-03  -7.504301E-02   2.073241E-04  -1.155674E-04
           486      G      8.490084E-07   5.805838E-04   1.461268E-06  -9.661359E-02   1.679649E-04  -1.160271E-04
           487      G      2.807428E-04   9.215623E-04  -6.952701E-04   3.056616E-02  -7.105949E-03   2.357507E-04
           488      G      2.912381E-04   8.368262E-04  -1.127307E-03   1.215948E-02   3.792010E-02  -6.822876E-03
           489      G      2.163695E-04   7.164745E-04  -2.100274E-03   1.907148E-02   2.957979E-02  -8.009902E-03
           490      G      1.266650E-04   6.166687E-04  -2.747863E-03   2.903757E-02   1.916647E-02  -3.896614E-03
           491      G      1.688445E-04   8.450198E-04  -1.312554E-03  -1.338404E-03   3.041626E-02  -5.643782E-03
           492      G      1.294547E-04   7.085741E-04  -2.193553E-03  -1.727909E-02   3.231923E-02  -3.426905E-03
           493      G      6.802235E-05   6.111715E-04  -2.885729E-03  -2.085733E-02   1.790351E-02  -2.146014E-03
           494      G      6.857216E-05   1.075044E-03  -8.899132E-04  -3.492858E-02  -1.288191E-02  -1.124742E-02
           495      G      9.141623E-05   8.721894E-04  -8.994818E-04  -4.008809E-02   1.684837E-02  -3.472526E-03
           496      G      6.091139E-05   7.021849E-04  -1.412031E-03  -5.006854E-02   1.797759E-02  -3.904909E-03
           497      G      3.357019E-05   6.128022E-04  -1.839294E-03  -6.841380E-02   1.293090E-02  -1.785567E-03
           498      G      1.179844E-06   8.502978E-04  -1.320139E-06  -3.534346E-02  -6.283791E-05  -1.253796E-02
1                                                       **STUDENT EDITION*    APRIL  18, 2026  MSC Nastran  3/ 3/26   PAGE    97
     DEFAULT                                                                                                                        
0                                                                                                            SUBCASE 1              
      EIGENVALUE =  7.165203E+06
          CYCLES =  4.260243E+02         R E A L   E I G E N V E C T O R   N O .          9
 
      POINT ID.   TYPE          T1             T2             T3             R1             R2             R3
           499      G      1.075517E-06   7.078841E-04   2.657732E-06  -6.887527E-02  -8.983050E-05  -3.017034E-03
           500      G      9.845398E-07   6.121771E-04   4.407173E-06  -8.671936E-02   4.009623E-06  -2.351706E-03
           501      G      2.633084E-04   9.051560E-04   7.019810E-04   3.107650E-02  -8.245328E-03  -3.492834E-04
           502      G      2.752937E-04   8.247682E-04   1.114395E-03   1.086107E-02   3.800181E-02   6.631470E-03
           503      G      1.996566E-04   7.073253E-04   2.095225E-03   1.881482E-02   2.960724E-02   7.895739E-03
           504      G      1.101549E-04   6.117785E-04   2.746837E-03   2.918218E-02   1.946396E-02   3.666631E-03
           505      G     -7.263396E-06   5.801444E-04   2.980509E-03   2.610681E-02   1.139130E-04  -7.139975E-05
           506      G      1.572574E-04   8.306586E-04   1.283499E-03  -1.244735E-03   3.064908E-02   5.755575E-03
           507      G      1.177986E-04   6.994954E-04   2.180541E-03  -1.749040E-02   3.282897E-02   3.184348E-03
           508      G      5.652708E-05   6.062920E-04   2.884202E-03  -2.083949E-02   1.819537E-02   1.947678E-03
           509      G     -4.666039E-06   5.766384E-04   3.126613E-03  -1.481448E-02   2.111902E-04  -1.129461E-04
           510      G      6.379750E-05   1.056272E-03   8.418899E-04  -3.791389E-02  -1.189520E-02   1.123052E-02
           511      G      8.364349E-05   8.582135E-04   8.734154E-04  -3.967772E-02   1.704918E-02   3.208192E-03
           512      G      5.450141E-05   6.928587E-04   1.398790E-03  -4.984423E-02   1.852082E-02   3.682759E-03
           513      G      2.747705E-05   6.080833E-04   1.837614E-03  -6.840077E-02   1.318335E-02   1.556939E-03
           514      G     -2.002396E-06   5.789307E-04   2.033760E-03  -7.500050E-02   2.044759E-04  -1.095076E-04
           515      G     -2.792015E-04   9.216635E-04   7.018820E-04   3.041202E-02   7.260781E-03   2.195136E-04
           516      G     -2.896072E-04   8.366342E-04   1.132846E-03   1.214467E-02  -3.797642E-02  -6.853370E-03
           517      G     -2.144280E-04   7.159097E-04   2.107041E-03   1.935756E-02  -2.950793E-02  -8.078625E-03
           518      G     -1.246384E-04   6.159823E-04   2.754148E-03   2.947412E-02  -1.918793E-02  -3.874901E-03
           519      G     -1.666553E-04   8.448711E-04   1.313822E-03  -1.503836E-03  -3.061416E-02  -5.642720E-03
           520      G     -1.273682E-04   7.081689E-04   2.202072E-03  -1.726328E-02  -3.247830E-02  -3.428563E-03
           521      G     -6.593317E-05   6.106906E-04   2.895882E-03  -2.078601E-02  -1.779213E-02  -2.147207E-03
           522      G     -6.606700E-05   1.074973E-03   8.900877E-04  -3.489558E-02   1.340021E-02  -1.123558E-02
           523      G     -8.906294E-05   8.720517E-04   8.980138E-04  -4.015503E-02  -1.696053E-02  -3.478088E-03
           524      G     -5.875055E-05   7.019945E-04   1.418711E-03  -5.016005E-02  -1.819293E-02  -3.906944E-03
           525      G     -3.159029E-05   6.125547E-04   1.848796E-03  -6.845763E-02  -1.283797E-02  -1.783914E-03
          1000      G      1.740472E-06   5.504817E-05  -9.369241E-04  -1.574367E-02  -7.030843E-06   8.177419E-04
          1001      G      6.123730E-06  -1.770965E-05  -2.174048E-04   1.159070E-04   3.452101E-05  -2.100700E-02
          1002      G      8.233853E-06   5.688674E-05  -2.179039E-04   1.457575E-04   4.163188E-05  -1.996980E-02
          1003      G      1.752818E-06   1.489552E-05  -1.043812E-03  -1.536012E-02   1.518513E-03   2.751561E-06
          1004      G      5.236299E-06   3.369711E-05  -8.777450E-04  -1.307944E-03   1.205118E-03  -4.522044E-05
          1005      G      8.724892E-06   1.247007E-05  -8.852716E-04  -4.324180E-03   1.461682E-03  -9.549876E-05
          1006      G      2.645633E-06   3.634949E-05  -2.635501E-05  -6.586903E-03   2.639883E-04  -3.913700E-06
          1007      G      2.445058E-06   2.123813E-05  -1.132327E-04  -1.268298E-02   4.986446E-03  -7.968185E-05
          1008      G      2.732209E-06   3.231607E-05  -1.806640E-04  -7.220387E-03  -7.764805E-06  -1.209218E-04
          1009      G      4.042841E-06  -1.660273E-05  -8.356262E-05   8.837491E-05   6.114144E-06  -1.841489E-02
          1010      G      1.259934E-05   4.216984E-05  -8.354246E-05   1.045827E-04  -1.589799E-06  -1.293387E-02
          1011      G      1.481054E-05   2.718745E-05  -9.640834E-04   6.320381E-03   6.093247E-03  -7.083189E-05
          1012      G      2.075113E-05   5.662891E-06  -1.030821E-03   6.401619E-03   3.957803E-04  -4.752918E-02
          1013      G      3.189251E-06   1.707276E-05  -1.122590E-04  -3.095146E-02  -4.661143E-03  -3.032788E-04
          1014      G      5.135794E-06   1.619521E-05  -4.607684E-05  -4.214810E-02   8.431590E-04   7.123655E-03
          1015      G     -2.659302E-06  -1.863868E-05  -2.179574E-04   1.141925E-04  -2.752044E-05   2.264153E-02
          1016      G     -5.079755E-06   5.955187E-05  -2.182787E-04   1.460452E-04  -3.447009E-05   2.144926E-02
          1017      G     -1.778498E-06   3.399437E-05  -7.966150E-04  -5.405942E-03   1.148279E-03   4.161748E-05
          1018      G     -5.219057E-06   1.339058E-05  -7.743553E-04  -1.178786E-02  -2.441871E-03   1.061464E-04
          1019      G      1.840161E-06   2.142309E-05   7.191155E-05  -1.285254E-02   5.692181E-03   7.539004E-05
          1020      G      1.313506E-06   3.241006E-05   1.500502E-04  -7.486922E-03  -7.831075E-05   1.158386E-04
          1021      G     -1.562357E-06  -1.344670E-05  -8.480530E-05   1.154907E-04   3.788108E-07   1.748872E-02
          1022      G     -6.589542E-06   3.656912E-05  -8.471868E-05   1.305243E-04   6.096297E-06   1.401066E-02
1                                                       **STUDENT EDITION*    APRIL  18, 2026  MSC Nastran  3/ 3/26   PAGE    98
     DEFAULT                                                                                                                        
0                                                                                                            SUBCASE 1              
      EIGENVALUE =  7.165203E+06
          CYCLES =  4.260243E+02         R E A L   E I G E N V E C T O R   N O .          9
 
      POINT ID.   TYPE          T1             T2             T3             R1             R2             R3
          1023      G     -1.055600E-05   2.693802E-05  -9.641607E-04   2.199570E-03  -1.262327E-02   9.009117E-05
          1024      G     -1.880465E-05   5.625165E-06  -1.151395E-03   5.029975E-03  -1.709487E-03   5.069744E-02
          1025      G      9.300295E-07   1.731847E-05   8.556366E-05  -3.232223E-02  -4.453850E-03   2.958893E-04
          1026      G      5.248449E-07   1.611912E-05   6.239061E-06  -4.328199E-02  -3.312700E-04  -1.657019E-03
          1027      G      1.149994E-06   5.519086E-05   9.315568E-04  -1.563173E-02  -6.427068E-05  -8.305942E-04
          1028      G     -3.000105E-06  -1.856595E-05   2.173898E-04   1.140865E-04  -3.061930E-05  -2.279454E-02
          1029      G     -5.363901E-06   5.970972E-05   2.177969E-04   1.459618E-04  -3.754221E-05  -2.163050E-02
          1030      G      1.389479E-06   1.494862E-05   1.057910E-03  -1.637351E-02   2.114305E-03  -9.722450E-06
          1031      G     -1.739884E-06   3.415966E-05   8.059964E-04  -6.201831E-03   1.097961E-03  -4.662216E-05
          1032      G     -4.807741E-06   1.352687E-05   7.835282E-04  -1.229958E-02  -2.288395E-03  -1.180405E-04
          1033      G     -2.034300E-06  -1.362361E-05   8.460528E-05   1.224140E-04  -3.725513E-06  -1.738104E-02
          1034      G     -6.276509E-06   3.510353E-05   8.462974E-05   1.372147E-04   1.756927E-06  -1.432750E-02
          1035      G     -9.814915E-06   2.694764E-05   9.662634E-04   1.295649E-03  -1.225292E-02  -1.172868E-04
          1036      G     -1.901752E-05   4.672990E-06   1.154846E-03   4.006054E-03  -2.178042E-03  -4.988886E-02
          1037      G      5.187701E-06  -1.808820E-05   2.179429E-04   1.146201E-04   2.679817E-05   2.102098E-02
          1038      G      7.358490E-06   5.885738E-05   2.182491E-04   1.456557E-04   3.382630E-05   1.995335E-02
          1039      G      4.629689E-06   3.422102E-05   9.143002E-04  -2.190896E-03   1.976971E-03   3.489273E-05
          1040      G      7.562923E-06   1.340944E-05   9.511563E-04  -5.103121E-03   2.910486E-03   1.094408E-04
          1041      G      3.351769E-06  -1.411288E-05   8.497458E-05   1.153015E-04  -1.497218E-06   1.651660E-02
          1042      G      1.256612E-05   2.659373E-05   1.067913E-03   5.864517E-03   7.307275E-03   9.315311E-05
          1043      G      2.062465E-05   5.281520E-06   1.161501E-03   5.095572E-03   1.353557E-03   4.985668E-02
          1044      G      8.034244E-06   3.534199E-05   8.479719E-05   1.297118E-04  -7.243364E-06   1.322393E-02
          2000      G      4.834999E-08   1.247338E-04  -1.386128E-03   6.484157E-05  -2.415311E-04   4.146956E-04
          2001      G      1.560122E-05  -2.012284E-05  -2.177714E-04   1.105240E-04   2.963561E-05  -1.695355E-02
          2002      G      2.107450E-05   5.364709E-05  -2.178527E-04   1.413218E-04   4.187305E-05  -1.424686E-02
          2003      G      9.276409E-08   3.542320E-05  -1.029786E-03  -3.762330E-02   4.689515E-03   1.066661E-05
          2004      G      1.912530E-06   5.603872E-05  -6.586968E-04   1.114373E-03  -4.862002E-03  -2.563476E-04
          2005      G      1.533684E-05   1.738360E-05  -5.859838E-04  -6.278394E-03   1.017544E-03  -3.701656E-04
          2006      G      1.825835E-06   5.733289E-05  -1.181643E-05  -8.857778E-04  -6.227258E-05  -4.071767E-06
          2007      G      1.318121E-06   3.866771E-05  -1.660433E-04  -1.739236E-02   9.492216E-03  -1.110770E-04
          2008      G      1.577180E-06   4.756446E-05  -2.900984E-04  -3.008410E-03  -6.625355E-04  -2.973812E-04
          2009      G      1.492287E-05  -2.481590E-05  -8.357867E-05   8.920883E-05   6.261824E-06  -1.307948E-02
          2010      G      1.120924E-05   4.167780E-05  -8.346989E-05   1.004511E-04   4.283619E-07  -1.394371E-02
          2011      G      3.297532E-05   2.962983E-05  -8.052831E-04   9.870999E-03   1.822519E-02  -2.138984E-04
          2012      G      5.893930E-05   3.728310E-06  -1.194779E-03   3.058804E-02   1.028129E-02  -5.591288E-02
          2013      G      1.469854E-06   2.652368E-05  -1.932649E-04  -4.193256E-02  -6.380345E-03  -5.915725E-04
          2014      G      3.165144E-06   2.694874E-05  -8.803361E-05  -9.801998E-02   2.271266E-04   3.621349E-01
          2015      G     -1.562221E-05  -2.106121E-05  -2.183054E-04   1.083993E-04  -2.272190E-05   1.673831E-02
          2016      G     -2.145828E-05   5.630689E-05  -2.182020E-04   1.413071E-04  -3.492981E-05   1.385068E-02
          2017      G     -1.560257E-06   5.606058E-05  -4.240752E-04  -6.518631E-03   1.158788E-02   2.661171E-04
          2018      G     -1.482831E-05   1.747711E-05  -2.269354E-04  -1.862361E-02   1.148688E-04   3.793486E-04
          2019      G      4.014222E-07   3.869653E-05   1.395016E-04  -1.565502E-02   9.056528E-03   1.069332E-04
          2020      G     -6.443724E-07   4.722537E-05   2.570026E-04  -2.920729E-03  -6.190793E-04   2.905337E-04
          2021      G     -1.666944E-05  -2.462510E-05  -8.482502E-05   1.168331E-04   3.936307E-07   9.967660E-03
          2022      G     -7.842997E-06   3.269161E-05  -8.452376E-05   1.229921E-04   3.681354E-06   1.367120E-02
          2023      G     -3.151179E-05   2.953273E-05  -6.436872E-04   8.813243E-03  -3.346494E-02   2.719226E-04
          2024      G     -6.225508E-05  -1.056346E-06  -1.345511E-03   4.955182E-02  -1.531791E-02   1.308599E-01
          2025      G     -1.416968E-06   2.608125E-05   1.460063E-04  -5.486697E-02  -7.302629E-03   4.762259E-04
          2026      G     -2.103445E-06   3.601144E-05   9.719223E-06  -1.380570E-01  -1.155011E-03  -5.036020E-01
          2027      G     -9.049919E-07   1.306809E-04   1.375578E-03  -2.902061E-04  -9.072499E-05  -8.695838E-04
1                                                       **STUDENT EDITION*    APRIL  18, 2026  MSC Nastran  3/ 3/26   PAGE    99
     DEFAULT                                                                                                                        
0                                                                                                            SUBCASE 1              
      EIGENVALUE =  7.165203E+06
          CYCLES =  4.260243E+02         R E A L   E I G E N V E C T O R   N O .          9
 
      POINT ID.   TYPE          T1             T2             T3             R1             R2             R3
          2028      G     -1.707736E-05  -2.091807E-05   2.177447E-04   1.082709E-04  -2.595135E-05  -1.638415E-02
          2029      G     -2.304341E-05   5.640967E-05   2.177428E-04   1.420010E-04  -3.789828E-05  -1.343103E-02
          2030      G     -5.405687E-07   3.658590E-05   1.076582E-03  -3.673143E-02   1.502482E-03  -1.844236E-05
          2031      G     -1.345862E-06   5.759405E-05   5.575367E-04  -4.504390E-03   8.853587E-03  -2.895871E-04
          2032      G     -1.495742E-05   1.768299E-05   4.173181E-04  -1.641231E-02  -1.524619E-03  -4.338866E-04
          2033      G     -1.756906E-05  -2.515204E-05   8.460706E-05   1.227183E-04  -3.995937E-06  -9.713361E-03
          2034      G     -7.680470E-06   3.097996E-05   8.454165E-05   1.323789E-04  -6.984617E-07  -1.397733E-02
          2035      G     -3.243857E-05   2.777654E-05   7.752906E-04   5.767178E-03  -2.687225E-02  -2.952807E-04
          2036      G     -6.423698E-05  -8.711551E-07   1.366136E-03   3.371166E-02  -1.565026E-02  -8.739709E-02
          2037      G      1.506791E-05  -2.040594E-05   2.183027E-04   1.089143E-04   2.194807E-05   1.664521E-02
          2038      G      2.091579E-05   5.570281E-05   2.181852E-04   1.407307E-04   3.423119E-05   1.375168E-02
          2039      G      4.792737E-07   5.777980E-05   6.381151E-04   1.387792E-04  -6.983147E-03   2.629657E-04
          2040      G      1.358147E-05   1.809014E-05   5.266460E-04  -7.006707E-03   3.350857E-04   3.968536E-04
          2041      G      1.621812E-05  -2.425062E-05   8.500777E-05   1.171298E-04  -1.488112E-06   1.007671E-02
          2042      G      8.003973E-06   3.253260E-05   8.458804E-05   1.223591E-04  -5.102577E-06   1.345745E-02
          2043      G      2.978495E-05   2.988992E-05   8.217694E-04   1.507968E-02   2.493942E-02   2.971807E-04
          2044      G      5.967213E-05  -1.551944E-06   1.362038E-03   4.948073E-02   1.358441E-02   1.316052E-01
          3000      G     -2.795857E-04  -4.190365E-03  -1.151696E-02   1.919156E+00   2.019257E-02  -1.574735E-01
          3001      G      1.835821E-05   1.307327E-03  -4.412750E-03   6.076196E-01  -6.035062E-02   3.571189E-01
          3002      G      6.123285E-04  -6.791780E-04  -6.381900E-03   1.058569E+00   2.936184E-02   5.038708E-01
          3003      G     -2.786006E-04   4.799572E-03  -1.883423E-01   3.181871E-01  -5.208550E-02   6.896736E-04
          3004      G      1.275999E-03   6.389198E-03  -1.854363E-01   2.738053E+00  -4.778241E-01   9.484574E-04
          3005      G      1.732477E-03   5.046387E-03  -1.361757E-01   5.833624E-01  -2.882568E+00  -1.007767E-02
          3006      G     -1.882324E-04   1.953404E-02  -1.098765E-03  -3.682781E+00  -2.030535E-02   1.021295E-03
          3007      G     -2.045950E-04   6.420377E-03  -6.438821E-04  -6.805057E+00  -8.417698E-03  -6.738110E-02
          3008      G     -1.933516E-04   1.424886E-02  -1.181875E-04  -2.729440E+00  -2.054290E-02  -3.628785E-02
          3009      G      4.946234E-04   5.263452E-03   1.855701E-03  -5.469744E-01   1.148375E-01  -8.875304E-02
          3010      G      1.946004E-03   6.322186E-03   4.041719E-03  -9.248811E-01   5.423126E-02   8.425869E-01
          3011      G      2.161167E-03   5.847163E-03  -5.505988E-02   2.975342E-01  -3.173236E+00  -3.589678E-03
          3012      G     -2.549210E-04   5.082628E-03  -3.084352E-03  -7.438687E-01  -2.475957E-01   6.079323E-01
          3013      G     -1.493977E-04   5.091715E-03  -1.915514E-05   3.055739E-01  -4.951866E-03  -1.308057E-01
          3014      G     -7.282209E-05   3.675076E-03  -2.440802E-04   3.399123E+00   8.865796E-03  -1.482710E+01
          3015      G     -6.085983E-04   1.491296E-03  -4.132124E-03   5.296756E-01   9.643685E-02  -7.971799E-01
          3016      G     -1.264611E-03  -9.422387E-04  -6.699548E-03   1.133187E+00  -3.919583E-02  -8.604746E-01
          3017      G     -1.802499E-03   6.375220E-03  -1.890523E-01   2.885888E+00   3.327735E-01   3.567127E-05
          3018      G     -2.294105E-03   5.075349E-03  -1.427338E-01   6.003977E-01   2.841722E+00   1.265065E-02
          3019      G     -1.803818E-04   6.406289E-03  -6.144395E-04  -6.963147E+00   5.479949E-02   6.930517E-02
          3020      G     -1.574066E-04   1.422215E-02   8.631553E-06  -2.735085E+00  -1.480412E-02   3.907979E-02
          3021      G     -1.240945E-03   5.400296E-03   2.296098E-03  -6.552909E-01  -1.412866E-01  -1.906878E-01
          3022      G     -2.743748E-03   6.359873E-03   4.726455E-03  -1.094130E+00  -3.785301E-02  -1.415749E+00
          3023      G     -2.770141E-03   5.756479E-03  -5.845936E-02   2.920496E-01   3.420039E+00   7.340236E-03
          3024      G     -3.309792E-04   5.003753E-03  -3.094034E-03  -1.051603E+00   1.794078E-01  -1.745955E+00
          3025      G     -1.536481E-04   5.000510E-03   5.561270E-05   6.558751E-01   1.220550E-02   1.375519E-01
          3026      G     -1.489551E-04   3.213226E-03   5.794388E-05   4.508071E+00  -1.284126E-02   1.884445E+01
          3027      G     -6.994659E-05  -4.343988E-03   1.170124E-02   1.964014E+00  -1.564470E-03   2.377875E-02
          3028      G     -4.022925E-04   1.511324E-03   4.121299E-03   5.271032E-01   1.033482E-01   7.175455E-01
          3029      G     -1.068897E-03  -8.063098E-04   6.602502E-03   1.114238E+00  -3.857435E-02   7.583306E-01
          3030      G     -1.305254E-04   4.803869E-03   1.880808E-01   2.265002E-01   1.070518E-01   1.192713E-03
          3031      G     -1.699635E-03   6.380013E-03   1.848841E-01   2.724683E+00   4.328203E-01   2.055392E-03
          3032      G     -2.184522E-03   5.152360E-03   1.377491E-01   4.920993E-01   2.828238E+00  -9.336357E-03
1                                                       **STUDENT EDITION*    APRIL  18, 2026  MSC Nastran  3/ 3/26   PAGE   100
     DEFAULT                                                                                                                        
0                                                                                                            SUBCASE 1              
      EIGENVALUE =  7.165203E+06
          CYCLES =  4.260243E+02         R E A L   E I G E N V E C T O R   N O .          9
 
      POINT ID.   TYPE          T1             T2             T3             R1             R2             R3
          3033      G     -1.083128E-03   5.505129E-03  -2.293765E-03  -6.554346E-01  -1.446194E-01   9.761907E-02
          3034      G     -2.587340E-03   6.603360E-03  -4.819095E-03  -1.126029E+00  -2.380727E-02   1.379040E+00
          3035      G     -2.649089E-03   5.960976E-03   5.558014E-02   2.690681E-01   3.251307E+00  -5.818648E-03
          3036      G     -2.648934E-04   5.141181E-03   3.206914E-03  -7.857391E-01   1.758564E-01   6.679045E-01
          3037      G      2.626010E-04   1.438168E-03   4.178083E-03   5.401348E-01  -1.027354E-01  -6.591532E-01
          3038      G      9.322748E-04  -9.708610E-04   6.727689E-03   1.139760E+00   3.650539E-02  -7.134580E-01
          3039      G      1.451833E-03   6.329921E-03   1.889771E-01   2.845249E+00  -3.541096E-01   3.299590E-04
          3040      G      1.965679E-03   5.057872E-03   1.429816E-01   5.948717E-01  -2.811388E+00   1.203598E-02
          3041      G      9.274899E-04   5.393998E-03  -2.214520E-03  -6.360089E-01   1.419772E-01  -4.625104E-02
          3042      G      2.453004E-03   6.422531E-03  -4.646203E-03  -1.086838E+00   2.481895E-02  -1.340272E+00
          3043      G      2.465040E-03   5.764595E-03   5.895045E-02   2.831023E-01  -3.432347E+00   7.064922E-03
          3044      G      3.381838E-05   5.010931E-03   3.218164E-03  -1.053853E+00  -2.053787E-01  -1.746201E+00
          4000      G      1.461033E-05  -1.993964E-04  -2.355734E-03   7.692271E-02  -3.272096E-04   5.909496E-03
          4001      G     -3.378672E-05  -2.092405E-04  -2.636029E-03   9.660908E-02  -1.080358E-02   1.115173E-01
          4002      G     -7.440210E-05  -1.578926E-04  -1.697058E-03   8.915227E-02  -2.620166E-02   1.645800E-01
          4003      G      1.639596E-05  -2.190422E-04  -1.534020E-03  -7.626804E-02   8.544907E-04   2.603428E-05
          4004      G     -1.864063E-06  -1.960829E-04  -1.690085E-03  -8.280385E-02  -1.468227E-02   6.120180E-04
          4005      G     -2.246206E-05  -1.854913E-04  -8.040865E-04  -7.237833E-02  -2.503008E-02   9.819605E-04
          4006      G      1.422868E-05  -1.828293E-04   2.883794E-05   7.328063E-02   1.431235E-03  -6.888788E-06
          4007      G      1.489114E-05  -2.111017E-04   9.777349E-06   5.466752E-02   6.033856E-04   4.024499E-04
          4008      G      1.457222E-05  -1.612763E-04  -2.001259E-05   8.845953E-02   1.437796E-03   1.082968E-03
          4009      G     -1.136392E-04  -1.603094E-04  -1.287022E-03   1.035910E-01  -1.417977E-02   1.437496E-01
          4010      G     -1.433949E-04  -1.553563E-04  -9.490751E-04   1.467636E-01   4.807387E-03   2.210819E-02
          4011      G     -3.559453E-05  -1.500069E-04  -9.508885E-04  -2.035904E-02   2.230847E-02   1.663624E-03
          4012      G     -3.096147E-05  -9.399349E-05  -1.288061E-03   1.408474E-02   1.290303E-02   3.520992E-01
          4013      G      1.417169E-05  -1.447419E-04  -4.248014E-05  -2.508873E-03   1.529447E-03   1.450513E-03
          4014      G      1.769799E-05  -7.314005E-05  -1.097026E-04  -7.428772E-02   2.744260E-03   8.010658E-01
          4015      G      6.418977E-05  -2.162854E-04  -2.643760E-03   9.909351E-02   1.140895E-02  -1.049306E-01
          4016      G      1.074969E-04  -1.618895E-04  -1.683997E-03   8.969216E-02   2.650618E-02  -1.651860E-01
          4017      G      3.405365E-05  -1.991112E-04  -1.636674E-03  -8.480108E-02   1.740144E-02  -5.577519E-04
          4018      G      5.503198E-05  -1.923558E-04  -6.801283E-04  -7.112334E-02   2.762158E-02  -9.751922E-04
          4019      G      1.387060E-05  -2.128027E-04   4.056821E-06   5.781938E-02  -2.971978E-03  -4.225978E-04
          4020      G      1.296483E-05  -1.638839E-04  -2.576370E-05   8.976926E-02   1.460006E-03  -1.129652E-03
          4021      G      1.522084E-04  -1.749097E-04  -1.285330E-03   1.084939E-01   1.558208E-02  -1.562439E-01
          4022      G      1.905768E-04  -1.741881E-04  -9.956602E-04   1.676415E-01  -1.538315E-02   3.046694E-02
          4023      G      6.701254E-05  -1.573253E-04  -9.245218E-04  -1.580461E-02  -3.191205E-02  -1.747713E-03
          4024      G      5.385336E-05  -9.954821E-05  -1.416703E-03   1.815178E-02  -1.414345E-02  -3.463209E-01
          4025      G      1.271315E-05  -1.468534E-04  -1.750465E-05  -1.136270E-02  -2.412380E-04  -1.583457E-03
          4026      G      1.232253E-05  -6.756368E-05  -5.266824E-06  -9.897970E-02   1.482252E-03  -9.015957E-01
          4027      G      1.045335E-05  -2.007004E-04   2.343078E-03   7.716272E-02   3.636252E-04  -8.365430E-03
          4028      G      6.047886E-05  -2.175036E-04   2.645345E-03   9.970399E-02   1.113406E-02   1.010316E-01
          4029      G      1.038775E-04  -1.635488E-04   1.682839E-03   8.967727E-02   2.640761E-02   1.594167E-01
          4030      G      1.259583E-05  -2.208394E-04   1.570827E-03  -7.346381E-02  -1.935267E-03  -2.170440E-05
          4031      G      3.152803E-05  -1.990459E-04   1.747387E-03  -8.186817E-02   1.535105E-02   5.457523E-04
          4032      G      5.295011E-05  -1.923448E-04   7.833990E-04  -6.959424E-02   2.985228E-02   9.167581E-04
          4033      G      1.500788E-04  -1.766151E-04   1.279646E-03   1.076507E-01   1.692655E-02   1.546016E-01
          4034      G      1.928097E-04  -1.830279E-04   1.007074E-03   1.729939E-01  -2.010673E-02  -5.603480E-02
          4035      G      6.447550E-05  -1.600456E-04   9.747730E-04  -1.830236E-02  -3.006496E-02   1.726622E-03
          4036      G      4.753177E-05  -9.944850E-05   1.439563E-03   3.757950E-03  -1.511309E-02   3.941654E-01
          4037      G     -3.972630E-05  -2.166488E-04   2.649988E-03   9.965873E-02  -1.073808E-02  -1.184273E-01
1                                                       **STUDENT EDITION*    APRIL  18, 2026  MSC Nastran  3/ 3/26   PAGE   101
     DEFAULT                                                                                                                        
0                                                                                                            SUBCASE 1              
      EIGENVALUE =  7.165203E+06
          CYCLES =  4.260243E+02         R E A L   E I G E N V E C T O R   N O .          9
 
      POINT ID.   TYPE          T1             T2             T3             R1             R2             R3
          4038      G     -8.361671E-05  -1.615426E-04   1.682904E-03   8.980180E-02  -2.615562E-02  -1.784927E-01
          4039      G     -6.760242E-06  -1.991939E-04   1.658921E-03  -8.437754E-02  -1.743769E-02  -5.982170E-04
          4040      G     -2.880172E-05  -1.919734E-04   6.628679E-04  -7.215215E-02  -2.941463E-02  -9.902281E-04
          4041      G     -1.287357E-04  -1.735858E-04   1.274362E-03   1.058433E-01  -1.571347E-02  -1.717833E-01
          4042      G     -1.676426E-04  -1.748321E-04   9.828963E-04   1.655457E-01   1.776589E-02   2.539532E-02
          4043      G     -4.205926E-05  -1.571448E-04   8.807218E-04  -1.527872E-02   3.231900E-02  -1.761846E-03
          4044      G     -2.966047E-05  -9.893920E-05   1.403610E-03   1.866464E-02   1.740211E-02  -3.410897E-01
1                                                       **STUDENT EDITION*    APRIL  18, 2026  MSC Nastran  3/ 3/26   PAGE   102
     DEFAULT                                                                                                                        
0                                                                                                            SUBCASE 1              
      EIGENVALUE =  7.547117E+06
          CYCLES =  4.372307E+02         R E A L   E I G E N V E C T O R   N O .         10
 
      POINT ID.   TYPE          T1             T2             T3             R1             R2             R3
             1      G      0.0            0.0            0.0            0.0            0.0            0.0
             2      G      0.0            0.0            0.0            0.0            0.0            0.0
             3      G      0.0            0.0            0.0            0.0            0.0            0.0
             4      G      0.0            0.0            0.0            0.0            0.0            0.0
             5      G      0.0            0.0            0.0            0.0            0.0            0.0
             6      G      0.0            0.0            0.0            0.0            0.0            0.0
             7      G      0.0            0.0            0.0            0.0            0.0            0.0
             8      G      0.0            0.0            0.0            0.0            0.0            0.0
            10      G      1.562307E-04  -2.092460E-05  -4.330588E-04  -1.518800E-03   5.720790E-04   1.545955E-02
            11      G      1.562056E-04   2.032977E-05  -4.339399E-04   1.520389E-03   5.692346E-04  -1.589998E-02
            12      G     -1.427977E-04  -1.562586E-05  -4.227025E-04  -8.222141E-04  -4.615683E-04  -3.750392E-02
            13      G     -1.455824E-04   1.145058E-05  -4.228210E-04   8.404821E-04  -4.690523E-04   3.799890E-02
            14      G     -1.385895E-04   2.165959E-05   4.333551E-04   7.926988E-04  -4.453724E-04  -3.554344E-02
            15      G     -1.460832E-04  -8.360818E-06   4.338653E-04  -8.459519E-04  -4.586052E-04   3.713936E-02
            16      G      1.494921E-04   3.826802E-05   4.451824E-04   1.511816E-03   5.360126E-04   1.970016E-02
            17      G      1.574522E-04  -4.604561E-05   4.455945E-04  -1.483981E-03   5.647166E-04  -2.447504E-02
           100      G     -2.803469E-04   4.474448E-04  -7.776763E-02   2.569294E+00   4.410522E-02  -2.339498E-02
           101      G     -5.916139E-04   8.388499E-06  -1.499929E-01  -3.850233E-04  -1.771636E-01  -4.343354E-04
           102      G     -1.247747E-04  -4.772445E-05  -4.465034E-02   1.412581E+00   1.407095E+00  -9.549679E-03
           103      G     -2.210545E-03   7.170190E-06  -8.039639E-02   3.759948E-04   3.123980E+00   2.298088E-04
           104      G     -4.754816E-04   8.470560E-06  -1.804477E-04   8.041781E-03   8.980772E-01  -2.698611E-02
           105      G     -1.743296E-03   3.377703E-06  -3.791985E-04   2.272717E-05   1.547065E-01   6.422018E-05
           106      G      1.324620E-04   6.896734E-04   4.488294E-04  -8.459519E-04  -4.586052E-04   3.713936E-02
           107      G      1.324620E-04  -3.014833E-04   4.365904E-04  -8.459519E-04  -4.586052E-04   3.713936E-02
           108      G      3.513359E-04   1.106292E-05   4.951405E-05   8.393299E-04  -2.015401E-01  -2.126908E-02
           109      G     -2.611061E-05  -2.296084E-04   4.524890E-04  -1.483981E-03   5.647166E-04  -2.447504E-02
           110      G      6.993340E-05  -2.262272E-03   1.330473E-02  -5.244342E-01  -2.925179E-01   2.718158E-01
           111      G     -2.611061E-05   4.541630E-04   4.682657E-04  -1.483981E-03   5.647166E-04  -2.447504E-02
           112      G     -3.381299E-04   3.308290E-05  -3.543117E-02   1.123254E+00  -2.072066E+00  -2.124226E-02
           113      G     -1.932183E-04   3.017241E-05   1.649300E-02   2.259412E-03  -3.716722E-01  -8.717194E-03
           114      G      4.893891E-04   4.682010E-06  -7.050961E-02  -1.994799E-03  -3.244374E+00   2.570820E-03
           115      G     -2.524118E-04  -4.239376E-04   7.779070E-02  -2.561947E+00   4.684966E-02  -2.335795E-02
           116      G     -5.624327E-04  -1.243954E-06   1.500000E-01   5.211387E-04  -1.780041E-01   3.410121E-05
           117      G     -1.083807E-04   5.784171E-05   4.444971E-02  -1.401675E+00   1.416123E+00  -9.610322E-03
           118      G     -2.203449E-03   3.075524E-07   8.000474E-02   2.118101E-04   3.141164E+00   1.161763E-04
           119      G      1.394094E-04  -7.027388E-04  -4.379404E-04   8.404821E-04  -4.690523E-04   3.799890E-02
           120      G      1.394094E-04   3.113570E-04  -4.254226E-04   8.404821E-04  -4.690523E-04   3.799890E-02
           121      G      3.695569E-05   1.395796E-04  -4.410736E-04   1.520389E-03   5.692346E-04  -1.589998E-02
           122      G      1.518888E-04   2.171891E-03  -1.295644E-02   5.233147E-01  -2.963256E-01   2.602853E-01
           123      G      3.695569E-05  -3.046262E-04  -4.569766E-04   1.520389E-03   5.692346E-04  -1.589998E-02
           124      G     -2.863058E-04  -3.398492E-05   3.564831E-02  -1.120876E+00  -2.066538E+00  -2.030361E-02
           125      G     -1.401290E-04  -1.552026E-06  -1.595384E-02   1.528709E-04  -3.780715E-01  -1.818860E-04
           126      G      5.386528E-04  -1.483500E-06   7.083790E-02   6.888192E-04  -3.238413E+00   3.227109E-05
           127      G     -2.731844E-04  -4.217296E-04  -7.774570E-02  -2.567363E+00   4.099984E-02   2.318069E-02
           128      G     -1.232456E-04   6.433371E-05  -4.465490E-02  -1.412044E+00   1.407849E+00   9.710872E-03
           129      G     -4.745262E-04  -2.748666E-06  -1.770747E-04  -7.743671E-03   8.981289E-01   2.703914E-02
           130      G      1.279863E-04  -6.463794E-04   4.476712E-04   7.926988E-04  -4.453724E-04  -3.554344E-02
           131      G      1.279863E-04   3.021863E-04   4.357853E-04   7.926988E-04  -4.453724E-04  -3.554344E-02
           132      G      3.506512E-04  -4.805452E-06   4.904245E-05  -7.545937E-04  -2.011042E-01   2.091048E-02
           133      G      1.740907E-06   1.860192E-04   4.525009E-04   1.511816E-03   5.360126E-04   1.970016E-02
1                                                       **STUDENT EDITION*    APRIL  18, 2026  MSC Nastran  3/ 3/26   PAGE   103
     DEFAULT                                                                                                                        
0                                                                                                            SUBCASE 1              
      EIGENVALUE =  7.547117E+06
          CYCLES =  4.372307E+02         R E A L   E I G E N V E C T O R   N O .         10
 
      POINT ID.   TYPE          T1             T2             T3             R1             R2             R3
           134      G      1.020144E-04   2.251931E-03   1.329657E-02   5.320104E-01  -2.933884E-01  -2.738617E-01
           135      G      1.740907E-06  -3.643540E-04   4.674758E-04   1.511816E-03   5.360126E-04   1.970016E-02
           136      G     -3.147301E-04  -1.208015E-05  -3.538802E-02  -1.116216E+00  -2.069340E+00   2.108201E-02
           137      G     -2.511062E-04   4.195934E-04   7.778187E-02   2.562625E+00   4.664000E-02   2.321990E-02
           138      G     -1.082628E-04  -5.831463E-05   4.444782E-02   1.402180E+00   1.415837E+00   9.699209E-03
           139      G      1.384817E-04   6.892602E-04  -4.375442E-04  -8.222141E-04  -4.615683E-04  -3.750392E-02
           140      G      1.384817E-04  -3.116256E-04  -4.252261E-04  -8.222141E-04  -4.615683E-04  -3.750392E-02
           141      G      4.028405E-05  -1.368712E-04  -4.401592E-04  -1.518800E-03   5.720790E-04   1.545955E-02
           142      G      1.555328E-04  -2.174164E-03  -1.295318E-02  -5.228021E-01  -2.950832E-01  -2.610751E-01
           143      G      4.028405E-05   2.950300E-04  -4.561416E-04  -1.518800E-03   5.720790E-04   1.545955E-02
           144      G     -2.833730E-04   3.000611E-05   3.563625E-02   1.121071E+00  -2.066595E+00   2.030448E-02
           200      G     -8.322038E-06  -1.828630E-04   4.524890E-04  -1.483981E-03   5.647166E-04  -2.447504E-02
           201      G     -8.322038E-06   5.009084E-04   4.682657E-04  -1.483981E-03   5.647166E-04  -2.447504E-02
           202      G      1.180159E-04   7.163209E-04   4.488294E-04  -8.459519E-04  -4.586052E-04   3.713936E-02
           203      G      1.180159E-04  -2.748358E-04   4.365904E-04  -8.459519E-04  -4.586052E-04   3.713936E-02
           204      G     -1.088009E-03   1.147655E-04   5.406992E-05   1.372444E-02   1.059273E+00  -3.792541E-01
           205      G     -1.956764E-02  -1.205671E-03   1.583033E-02   9.727995E-01   4.597777E+00  -1.418585E-01
           206      G     -2.541852E-02  -5.197681E-05   2.333398E-02  -1.218023E-02   6.700455E+00  -7.160975E-02
           207      G      5.488658E-05   9.168738E-05  -4.410736E-04   1.520389E-03   5.692346E-04  -1.589998E-02
           208      G      5.488658E-05  -3.525184E-04  -4.569766E-04   1.520389E-03   5.692346E-04  -1.589998E-02
           209      G      1.246342E-04  -7.292140E-04  -4.379404E-04   8.404821E-04  -4.690523E-04   3.799890E-02
           210      G      1.246342E-04   2.848818E-04  -4.254226E-04   8.404821E-04  -4.690523E-04   3.799890E-02
           211      G     -1.809007E-02   1.066523E-03  -1.539855E-02  -1.489377E+00   4.408624E+00  -2.602851E-01
           212      G     -2.621804E-02  -1.174577E-06  -2.260888E-02  -1.190015E-03   6.556330E+00  -5.285159E-04
           213      G      1.862531E-05   1.383970E-04   4.525009E-04   1.511816E-03   5.360126E-04   1.970016E-02
           214      G      1.862531E-05  -4.119762E-04   4.674758E-04   1.511816E-03   5.360126E-04   1.970016E-02
           215      G      1.139571E-04  -6.713494E-04   4.476712E-04   7.926988E-04  -4.453724E-04  -3.554344E-02
           216      G      1.139571E-04   2.772163E-04   4.357853E-04   7.926988E-04  -4.453724E-04  -3.554344E-02
           217      G     -1.086076E-03  -1.094796E-04   5.231165E-05  -1.494499E-02   1.062536E+00   3.787011E-01
           218      G     -1.989357E-02   1.466178E-03   1.587444E-02  -1.485552E+00   4.669384E+00   1.734997E-01
           219      G      5.830454E-05  -8.902902E-05  -4.401592E-04  -1.518800E-03   5.720790E-04   1.545955E-02
           220      G      5.830454E-05   3.428722E-04  -4.561416E-04  -1.518800E-03   5.720790E-04   1.545955E-02
           221      G      1.239423E-04   7.151599E-04  -4.375442E-04  -8.222141E-04  -4.615683E-04  -3.750392E-02
           222      G      1.239423E-04  -2.857259E-04  -4.252261E-04  -8.222141E-04  -4.615683E-04  -3.750392E-02
           223      G     -1.807643E-02  -1.068373E-03  -1.539801E-02   1.487701E+00   4.416715E+00   2.588874E-01
           224      G     -5.745090E-03  -4.570837E-03   1.445728E+00  -4.682292E+01  -1.980707E+00  -1.044077E-01
           225      G     -8.907716E-03   1.243560E-05   2.699637E+00  -8.565876E-03   2.852465E+00  -3.284768E-04
           226      G     -6.211219E-03   3.341026E-03   8.356334E-01  -2.582337E+01  -2.585290E+01   9.373709E-02
           227      G      2.338675E-02   1.231696E-05   1.462974E+00  -2.163695E-03  -5.593659E+01   5.860654E-04
           228      G     -1.064341E-03  -9.368198E-05   2.368002E-02  -6.144362E-01  -1.765741E+01   3.757446E-01
           229      G      1.727955E-02   1.963433E-06   4.014718E-02   1.042813E-04  -3.335143E+00   2.343131E-06
           230      G     -8.724404E-03   2.039404E-03   7.936398E-01  -2.471369E+01   3.331991E+01  -1.707901E-01
           231      G     -3.446344E-02   9.287193E-05   1.438491E+00  -6.092837E-02   5.341994E+01   1.470804E-02
           232      G     -4.820455E-03   5.186537E-03  -1.442802E+00   4.711185E+01  -1.997044E+00  -8.539606E-02
           233      G     -7.366344E-03  -2.424216E-06  -2.707403E+00   3.905674E-03   2.482598E+00   2.426946E-05
           234      G     -5.834903E-03  -3.091444E-03  -8.092262E-01   2.526624E+01  -2.693302E+01   9.344937E-02
           235      G      2.463419E-02  -1.022905E-06  -1.423175E+00   1.435974E-03  -5.770751E+01   2.140082E-04
           236      G     -8.895168E-03  -2.320664E-03  -7.930415E-01   2.473041E+01   3.476327E+01  -1.255724E-01
           237      G     -2.780386E-02  -7.012627E-07  -1.446038E+00   3.453160E-03   5.844363E+01  -4.722459E-05
           238      G     -5.814949E-03   4.595983E-03   1.446022E+00   4.668593E+01  -2.011746E+00   1.039573E-01
1                                                       **STUDENT EDITION*    APRIL  18, 2026  MSC Nastran  3/ 3/26   PAGE   104
     DEFAULT                                                                                                                        
0                                                                                                            SUBCASE 1              
      EIGENVALUE =  7.547117E+06
          CYCLES =  4.372307E+02         R E A L   E I G E N V E C T O R   N O .         10
 
      POINT ID.   TYPE          T1             T2             T3             R1             R2             R3
           239      G     -6.247809E-03  -3.322207E-03   8.356776E-01   2.574318E+01  -2.584672E+01  -9.346652E-02
           240      G     -1.081930E-03   8.741811E-05   2.370712E-02   5.812543E-01  -1.766046E+01  -3.755694E-01
           241      G     -8.888162E-03  -2.016482E-03   7.947162E-01   2.446577E+01   3.331047E+01   1.730534E-01
           242      G     -4.821763E-03  -5.195208E-03  -1.442883E+00  -4.712294E+01  -1.998950E+00   8.525750E-02
           243      G     -5.843068E-03   3.088495E-03  -8.092530E-01  -2.528641E+01  -2.693407E+01  -9.343086E-02
           244      G     -8.889439E-03   2.316396E-03  -7.931411E-01  -2.473825E+01   3.476321E+01   1.255313E-01
           300      G     -1.424426E-04   1.156388E-04   6.006394E-04   1.615379E-02  -4.424998E-03   1.438699E-02
           301      G     -2.346549E-04   1.670348E-04   1.795481E-04   3.040608E-02  -6.900306E-03  -1.497941E-02
           302      G     -1.429699E-04   4.189106E-05   2.936024E-05   2.014019E-03  -2.380453E-02   1.362202E-02
           303      G     -2.803536E-04   1.000493E-03   2.941309E-03  -1.002752E-01   4.505852E-03   2.150496E-04
           304      G     -1.110093E-04   5.178737E-04   1.233268E-03  -5.636758E-02  -3.134348E-02   3.813990E-02
           305      G      8.444299E-04   1.093708E-03   1.232201E-02  -2.183668E-01   1.003634E-01  -6.556865E-02
           306      G      1.200197E-03   1.525107E-04   1.719193E-02  -1.889483E-02   6.521528E-02   3.071070E-02
           307      G     -1.333205E-04  -6.450664E-05  -5.766116E-04  -1.947736E-02  -1.116153E-03   2.003065E-02
           308      G     -2.487363E-04  -9.878424E-05  -1.320130E-04  -2.967490E-02  -6.297453E-03  -1.769729E-02
           309      G     -3.291156E-04  -1.043849E-03  -2.884346E-03   7.389435E-02   2.589382E-02  -1.592654E-03
           310      G     -1.110849E-04  -4.723907E-04  -1.180993E-03   5.179981E-02  -2.366962E-02   4.534840E-02
           311      G      8.976733E-04  -1.116459E-03  -1.197792E-02   2.308382E-01   9.327917E-02  -7.249228E-02
           312      G      1.200552E-03   6.591963E-06  -1.659617E-02   2.592281E-04   6.461329E-02   3.209728E-05
           313      G     -1.107242E-04  -2.655725E-05   5.985578E-04  -1.993151E-02  -4.233539E-04  -1.841495E-02
           314      G     -2.200837E-04  -9.496815E-05   1.732330E-04  -3.279062E-02  -2.651844E-03   1.814634E-02
           315      G     -1.193921E-04   2.834739E-05   3.325606E-05  -1.590830E-03  -2.995168E-02  -1.208813E-02
           316      G     -3.003999E-04  -9.342534E-04   2.938076E-03   7.535471E-02   3.061686E-02  -3.241940E-03
           317      G     -8.940659E-05  -4.068674E-04   1.215176E-03   5.593015E-02  -2.553813E-02  -4.439667E-02
           318      G      9.131814E-04  -1.039057E-03   1.232168E-02   2.456837E-01   9.865770E-02   7.560504E-02
           319      G     -1.106665E-04   1.030732E-04  -5.744265E-04   2.015803E-02  -1.093060E-03  -1.956818E-02
           320      G     -2.248325E-04   1.517156E-04  -1.344744E-04   3.010196E-02  -4.600276E-03   1.866096E-02
           321      G     -3.070971E-04   1.059048E-03  -2.878088E-03  -7.458803E-02   2.674142E-02   1.866149E-03
           322      G     -8.940259E-05   4.980449E-04  -1.178955E-03  -5.236101E-02  -2.339706E-02  -4.487307E-02
           323      G      9.130027E-04   1.130264E-03  -1.197418E-02  -2.308131E-01   9.462149E-02   7.248248E-02
           324      G      6.527175E-04   1.720816E-04  -1.583989E-02   3.822891E-01  -1.078174E-01   1.856819E-02
           325      G      1.099629E-03   4.464700E-05  -2.048768E-02  -9.628114E-04   5.611243E-02   4.108988E-04
           326      G      6.307285E-04   3.399098E-05  -1.250520E-02   2.609571E-01   3.401492E-01   7.316435E-03
           327      G      8.027131E-04   3.563284E-05  -1.389724E-02  -9.232802E-03   4.217724E-01   2.440716E-04
           328      G      5.683048E-04   3.676127E-05  -1.080845E-03   6.900580E-03   3.174824E-01   1.472746E-02
           329      G      8.203083E-04   3.048321E-05  -4.904492E-04  -5.658804E-04   1.198281E-01   2.622233E-04
           330      G      6.668653E-04   2.926373E-04  -1.220989E-03   7.489548E-02  -6.966116E-01   1.775297E-02
           331      G      1.519232E-03   3.566257E-05  -1.975263E-03   7.795843E-03  -7.819501E-01  -3.799081E-03
           332      G      6.693987E-04  -1.168343E-04   1.518498E-02  -3.947283E-01  -7.350517E-02   1.714166E-02
           333      G      1.106288E-03   1.896152E-05   2.113083E-02   2.936448E-04   5.587997E-02   3.443692E-04
           334      G      6.471259E-04   3.037407E-05   1.073832E-02  -2.493487E-01   3.694605E-01   7.516564E-03
           335      G      7.935936E-04   2.484186E-05   1.359379E-02  -8.348052E-03   4.557686E-01   1.991416E-04
           336      G      7.020147E-04  -2.329222E-04   1.398090E-03  -9.280162E-02  -6.700170E-01   1.852353E-02
           337      G      1.531606E-03   1.328869E-05   2.761708E-03   1.365435E-03  -7.858318E-01   2.350562E-04
           338      G      6.795441E-04  -8.724553E-05  -1.541780E-02  -3.836514E-01  -8.493380E-02  -1.717731E-02
           339      G      6.539610E-04   4.105388E-05  -1.172524E-02  -2.541538E-01   3.425160E-01  -7.031681E-03
           340      G      5.839169E-04   2.674711E-05  -3.179508E-04  -9.250662E-03   3.182319E-01  -1.488955E-02
           341      G      7.205328E-04  -1.635214E-04  -1.250194E-03  -8.558459E-02  -6.849652E-01  -1.789712E-02
           342      G      6.819155E-04   1.548379E-04   1.576973E-02   3.931710E-01  -8.671196E-02  -1.703886E-02
           343      G      6.598870E-04   2.121896E-05   1.159372E-02   2.553582E-01   3.682042E-01  -7.138262E-03
1                                                       **STUDENT EDITION*    APRIL  18, 2026  MSC Nastran  3/ 3/26   PAGE   105
     DEFAULT                                                                                                                        
0                                                                                                            SUBCASE 1              
      EIGENVALUE =  7.547117E+06
          CYCLES =  4.372307E+02         R E A L   E I G E N V E C T O R   N O .         10
 
      POINT ID.   TYPE          T1             T2             T3             R1             R2             R3
           344      G      7.155705E-04   2.590575E-04   1.634002E-03   9.133376E-02  -6.840112E-01  -1.818056E-02
           400      G     -1.142555E-03   2.174379E-04   6.932907E-04   2.795138E-02  -4.464364E-02   1.200689E-02
           401      G     -1.118641E-03   4.368258E-04   2.218943E-04   6.887567E-02  -3.395942E-02   4.997101E-03
           402      G     -1.085885E-03   3.837241E-05   2.451121E-05  -2.061437E-04  -3.357172E-02   1.965668E-02
           403      G     -1.482609E-03   1.087719E-03   4.070310E-03  -8.686477E-03  -1.271164E-01  -3.230644E-02
           404      G     -1.232849E-03   5.050127E-04   1.807223E-03   8.315011E-02   3.552629E-03   1.174129E-02
           405      G     -3.078130E-04   9.459179E-04   1.136805E-02  -1.770361E-01  -2.048943E-01  -4.847149E-02
           406      G     -5.970397E-06   5.687497E-05   1.503517E-02   1.214366E-03  -2.681715E-01   3.233591E-03
           407      G     -1.142342E-03  -1.442327E-04  -6.563362E-04  -2.921854E-02  -4.519840E-02   1.219343E-02
           408      G     -1.118067E-03  -3.573572E-04  -1.789468E-04  -6.899965E-02  -3.450657E-02   5.177287E-03
           409      G     -1.476385E-03  -1.005048E-03  -3.988051E-03   8.994766E-03  -1.281684E-01  -3.224990E-02
           410      G     -1.231710E-03  -4.290528E-04  -1.761695E-03  -8.520903E-02   5.260955E-03   1.115831E-02
           411      G     -3.131035E-04  -8.569777E-04  -1.100911E-02   1.695731E-01  -2.042189E-01  -4.858816E-02
           412      G     -1.602299E-05   1.224181E-05  -1.451587E-02  -1.906334E-04  -2.665033E-01   1.700919E-04
           413      G     -1.114399E-03  -1.182232E-04   6.889468E-04  -2.858590E-02  -4.494036E-02  -1.174343E-02
           414      G     -1.088680E-03  -3.479102E-04   2.184984E-04  -6.941072E-02  -3.374786E-02  -4.837272E-03
           415      G     -1.057106E-03   3.822037E-05   2.482627E-05  -4.757476E-04  -3.329907E-02  -1.904948E-02
           416      G     -1.453243E-03  -9.651466E-04   4.069411E-03   1.186666E-02  -1.299370E-01   3.291256E-02
           417      G     -1.205428E-03  -3.912385E-04   1.804395E-03  -8.338715E-02   4.432036E-03  -1.104540E-02
           418      G     -2.921405E-04  -8.138357E-04   1.134651E-02   1.748488E-01  -2.050285E-01   4.970981E-02
           419      G     -1.112320E-03   1.963582E-04  -6.557689E-04   2.838778E-02  -4.506275E-02  -1.175549E-02
           420      G     -1.088713E-03   4.222400E-04  -1.783702E-04   6.830577E-02  -3.451802E-02  -4.712166E-03
           421      G     -1.445061E-03   1.030678E-03  -3.980275E-03  -9.598184E-03  -1.274841E-01   3.266671E-02
           422      G     -1.201206E-03   4.685076E-04  -1.758296E-03   8.413021E-02   5.356527E-03  -1.070909E-02
           423      G     -2.982939E-04   8.816041E-04  -1.100502E-02  -1.697174E-01  -2.039651E-01   4.892548E-02
           424      G     -6.176692E-04   2.645842E-04  -2.535973E-02   8.942455E-01  -4.515895E-02   8.745477E-03
           425      G     -2.908560E-04   5.019060E-05  -4.913383E-02  -2.303938E-04  -1.988707E-01   3.478720E-04
           426      G     -5.749883E-04   3.498344E-05  -1.519225E-02   4.584345E-01   4.281443E-01   2.737961E-03
           427      G     -1.009993E-03   4.447746E-05  -2.651314E-02  -4.173339E-04   1.048195E+00   1.851579E-04
           428      G     -6.400984E-04   3.993500E-05  -1.382315E-04   5.057326E-03   3.211414E-01  -3.178284E-03
           429      G     -8.936381E-04   3.860097E-05  -2.920557E-04  -2.848202E-04  -6.486647E-02   2.202841E-04
           430      G     -5.409314E-04   2.632998E-04  -8.560959E-03   3.297618E-01  -8.299804E-01   1.484219E-02
           431      G      2.669646E-04   5.655797E-05  -1.805750E-02   9.485312E-04  -1.280437E+00  -6.742266E-04
           432      G     -6.205375E-04  -1.887992E-04   2.545112E-02  -8.950003E-01  -3.989361E-02   8.594250E-03
           433      G     -3.005511E-04   2.632277E-05   4.922339E-02  -3.682509E-04  -1.970977E-01   2.195594E-04
           434      G     -5.757236E-04   4.028317E-05   1.506670E-02  -4.535119E-01   4.349326E-01   2.721165E-03
           435      G     -1.018863E-03   3.249351E-05   2.624438E-02  -2.858789E-04   1.061996E+00   2.319214E-04
           436      G     -5.452030E-04  -1.882667E-04   8.815339E-03  -3.339148E-01  -8.256664E-01   1.464322E-02
           437      G      2.541687E-04   1.936398E-05   1.837583E-02  -3.245817E-04  -1.271715E+00   2.818774E-04
           438      G     -6.035516E-04  -1.636472E-04  -2.537809E-02  -8.936371E-01  -4.373875E-02  -8.488756E-03
           439      G     -5.610652E-04   5.361952E-05  -1.519696E-02  -4.579637E-01   4.279150E-01  -2.340343E-03
           440      G     -6.256605E-04   3.720517E-05  -1.437245E-04  -4.961119E-03   3.212869E-01   3.432948E-03
           441      G     -5.267002E-04  -1.530662E-04  -8.595035E-03  -3.302023E-01  -8.306529E-01  -1.440359E-02
           442      G     -6.057874E-04   2.414684E-04   2.544957E-02   8.951635E-01  -3.993354E-02  -8.279452E-03
           443      G     -5.611710E-04   2.459822E-05   1.506372E-02   4.535873E-01   4.350835E-01  -2.320770E-03
           444      G     -5.302407E-04   2.272282E-04   8.814566E-03   3.341846E-01  -8.254865E-01  -1.421440E-02
           445      G     -3.016093E-03   2.673512E-03   4.364694E-03  -1.122694E-01  -6.411511E-02  -6.433216E-02
           446      G     -2.718769E-03   9.252349E-04   2.151785E-03  -8.821639E-02  -7.468411E-02   2.191976E-02
           447      G     -2.402928E-03   3.183939E-04   8.460118E-04  -5.825347E-02  -2.630412E-02   2.399380E-02
           448      G     -2.164065E-03   8.208805E-05   3.008722E-04  -4.358511E-02  -7.429994E-03   2.830476E-02
1                                                       **STUDENT EDITION*    APRIL  18, 2026  MSC Nastran  3/ 3/26   PAGE   106
     DEFAULT                                                                                                                        
0                                                                                                            SUBCASE 1              
      EIGENVALUE =  7.547117E+06
          CYCLES =  4.372307E+02         R E A L   E I G E N V E C T O R   N O .         10
 
      POINT ID.   TYPE          T1             T2             T3             R1             R2             R3
           449      G     -2.089514E-03   3.759497E-05   2.296364E-05   5.782435E-04  -2.631393E-03   2.450201E-02
           450      G     -1.835083E-03   2.024248E-03   1.101979E-02  -1.571751E-01  -1.476816E-01  -1.048201E-01
           451      G     -1.575921E-03   6.022906E-05   1.421147E-02   1.565915E-04  -2.136493E-01   4.543705E-04
           452      G     -2.986925E-03  -2.509803E-03  -4.270996E-03   1.073130E-01  -6.253699E-02  -6.236798E-02
           453      G     -2.699018E-03  -8.203033E-04  -2.098926E-03   8.634055E-02  -7.370675E-02   2.108167E-02
           454      G     -2.391689E-03  -2.337997E-04  -8.069969E-04   5.737973E-02  -2.633575E-02   2.337320E-02
           455      G     -2.159979E-03  -6.014550E-06  -2.579567E-04   4.407022E-02  -7.817688E-03   2.781087E-02
           456      G     -1.838220E-03  -1.881187E-03  -1.067052E-02   1.511098E-01  -1.441053E-01  -1.011835E-01
           457      G     -1.585878E-03   1.469114E-05  -1.372932E-02  -4.327141E-05  -2.064320E-01   1.657921E-04
           458      G     -2.985761E-03  -2.547247E-03   4.360694E-03   1.109107E-01  -6.359254E-02   6.456260E-02
           459      G     -2.688654E-03  -8.132276E-04   2.149197E-03   8.790117E-02  -7.487132E-02  -2.145670E-02
           460      G     -2.372204E-03  -2.180039E-04   8.427506E-04   5.816763E-02  -2.626737E-02  -2.356315E-02
           461      G     -2.132720E-03   7.180862E-06   2.983655E-04   4.337640E-02  -7.359393E-03  -2.787599E-02
           462      G     -2.057362E-03   4.050015E-05   2.270347E-05  -8.717357E-04  -2.561826E-03  -2.413307E-02
           463      G     -1.820326E-03  -1.902993E-03   1.100417E-02   1.576336E-01  -1.468922E-01   1.056234E-01
           464      G     -2.952886E-03   2.539125E-03  -4.263143E-03  -1.072626E-01  -6.252307E-02   6.274063E-02
           465      G     -2.665230E-03   8.625805E-04  -2.094868E-03  -8.627722E-02  -7.355315E-02  -2.069180E-02
           466      G     -2.358734E-03   2.885659E-04  -8.053418E-04  -5.744352E-02  -2.629992E-02  -2.292532E-02
           467      G     -2.127704E-03   7.251995E-05  -2.571937E-04  -4.424182E-02  -7.809156E-03  -2.732799E-02
           468      G     -1.822190E-03   1.910578E-03  -1.066624E-02  -1.512308E-01  -1.440568E-01   1.015278E-01
           469      G     -2.212078E-03   1.977883E-03   7.467143E-03  -1.657288E-01  -1.022907E-01   7.015182E-02
           470      G     -2.120926E-03   9.334495E-04   6.407127E-03  -2.721516E-01  -4.292388E-02   2.230493E-02
           471      G     -2.032690E-03   2.477559E-04   5.201596E-03  -2.538414E-01  -5.479435E-02   1.584913E-02
           472      G     -1.986161E-03   7.536156E-05   3.179613E-03  -1.677719E-01  -8.750982E-02   4.516201E-03
           473      G     -1.969806E-03   3.638423E-05  -6.552279E-05   5.504628E-03  -1.147333E-01   5.668007E-03
           474      G     -1.679362E-03   6.005673E-04   1.158362E-02  -1.713367E-01   4.696985E-02   3.777745E-02
           475      G     -1.676836E-03   2.288290E-04   1.176587E-02  -2.833358E-01  -6.942469E-02   9.902763E-03
           476      G     -1.727427E-03   6.391197E-05   7.522876E-03  -1.815498E-01  -2.248272E-01   8.210600E-03
           477      G     -1.747196E-03   3.655410E-05  -2.172527E-04   6.525272E-03  -2.828329E-01   9.056624E-03
           478      G     -1.663254E-03   8.475394E-04   1.349229E-02  -8.248530E-02  -1.657669E-01   2.776326E-02
           479      G     -1.383649E-03   4.278795E-04   1.516752E-02  -1.505728E-01   1.107643E-01   6.249789E-03
           480      G     -1.456857E-03   1.281908E-04   1.658877E-02  -1.505919E-01  -7.244429E-02   7.679993E-03
           481      G     -1.538694E-03   6.064145E-05   1.089996E-02  -1.169233E-01  -3.180760E-01   3.967098E-03
           482      G     -1.329635E-03   5.580049E-05   1.638566E-02   3.110190E-05   1.311053E-01   1.349748E-04
           483      G     -1.360064E-03   5.021490E-05   1.814259E-02   1.514652E-04  -6.798593E-02   2.001810E-04
           484      G     -1.479934E-03   4.475327E-05   1.217031E-02   1.269320E-04  -3.374222E-01   1.946307E-04
           485      G     -1.583161E-03   3.753836E-05  -3.446296E-04   4.484296E-03  -4.255067E-01   3.880159E-03
           486      G     -1.522597E-03   3.908838E-05  -3.987600E-04   1.087773E-04  -4.890307E-01   1.970167E-04
           487      G     -2.204973E-03  -1.837346E-03  -7.251771E-03   1.596296E-01  -9.960675E-02   6.784949E-02
           488      G     -2.115971E-03  -8.283941E-04  -6.288638E-03   2.670731E-01  -3.936657E-02   2.166801E-02
           489      G     -2.030054E-03  -1.664358E-04  -5.207580E-03   2.571884E-01  -5.136527E-02   1.538533E-02
           490      G     -1.984782E-03  -5.572114E-07  -3.275266E-03   1.765730E-01  -8.539650E-02   4.401353E-03
           491      G     -1.685472E-03  -5.069314E-04  -1.140892E-02   1.705786E-01   5.400767E-02   3.652380E-02
           492      G     -1.681981E-03  -1.479461E-04  -1.186684E-02   2.868495E-01  -6.047414E-02   9.635146E-03
           493      G     -1.729858E-03   1.067561E-05  -7.862424E-03   1.919962E-01  -2.187074E-01   8.036185E-03
           494      G     -1.669511E-03  -7.449281E-04  -1.304514E-02   7.886161E-02  -1.600509E-01   2.679911E-02
           495      G     -1.397613E-03  -3.395372E-04  -1.497016E-02   1.487446E-01   1.197540E-01   6.093896E-03
           496      G     -1.466216E-03  -4.944410E-05  -1.676762E-02   1.532479E-01  -5.933905E-02   7.487833E-03
           497      G     -1.543412E-03   1.551866E-05  -1.143742E-02   1.234273E-01  -3.083040E-01   3.866113E-03
           498      G     -1.343002E-03   2.116760E-05  -1.618085E-02  -4.659621E-05   1.413709E-01   2.215509E-04
1                                                       **STUDENT EDITION*    APRIL  18, 2026  MSC Nastran  3/ 3/26   PAGE   107
     DEFAULT                                                                                                                        
0                                                                                                            SUBCASE 1              
      EIGENVALUE =  7.547117E+06
          CYCLES =  4.372307E+02         R E A L   E I G E N V E C T O R   N O .         10
 
      POINT ID.   TYPE          T1             T2             T3             R1             R2             R3
           499      G     -1.371007E-03   2.742030E-05  -1.835453E-02   1.809515E-05  -5.424062E-02   2.095501E-04
           500      G     -1.485521E-03   3.331942E-05  -1.278467E-02   6.069956E-05  -3.251851E-01   2.052127E-04
           501      G     -2.189408E-03  -1.854057E-03   7.447283E-03   1.655367E-01  -1.016463E-01  -6.977465E-02
           502      G     -2.098756E-03  -8.214280E-04   6.398454E-03   2.720159E-01  -4.277959E-02  -2.192208E-02
           503      G     -2.009972E-03  -1.472576E-04   5.195014E-03   2.536951E-01  -5.480809E-02  -1.547009E-02
           504      G     -1.962941E-03   1.405053E-05   3.172905E-03   1.676398E-01  -8.746133E-02  -4.128963E-03
           505      G     -1.946204E-03   4.171985E-05  -7.064014E-05  -5.631736E-03  -1.146727E-01  -5.268003E-03
           506      G     -1.664761E-03  -4.886199E-04   1.157601E-02   1.713674E-01   4.695706E-02  -3.746947E-02
           507      G     -1.662068E-03  -1.283417E-04   1.175853E-02   2.833836E-01  -6.944148E-02  -9.513734E-03
           508      G     -1.712333E-03   2.556164E-05   7.515089E-03   1.815694E-01  -2.248124E-01  -7.820251E-03
           509      G     -1.731799E-03   4.158767E-05  -2.237288E-04  -6.531568E-03  -2.827538E-01  -8.667078E-03
           510      G     -1.655770E-03  -7.254112E-04   1.348516E-02   8.294237E-02  -1.653949E-01  -2.750874E-02
           511      G     -1.376340E-03  -3.165870E-04   1.516357E-02   1.509521E-01   1.107326E-01  -5.852503E-03
           512      G     -1.449472E-03  -2.763276E-05   1.658381E-02   1.507481E-01  -7.248674E-02  -7.311434E-03
           513      G     -1.531165E-03   2.883229E-05   1.089466E-02   1.171189E-01  -3.180603E-01  -3.578880E-03
           514      G     -1.575483E-03   4.063826E-05  -3.491270E-04  -4.329679E-03  -4.254574E-01  -3.483456E-03
           515      G     -2.180206E-03   1.867030E-03  -7.244760E-03  -1.597304E-01  -9.957151E-02  -6.739460E-02
           516      G     -2.091327E-03   8.706661E-04  -6.284430E-03  -2.670973E-01  -3.923131E-02  -2.124109E-02
           517      G     -2.005673E-03   2.213265E-04  -5.207182E-03  -2.572533E-01  -5.123420E-02  -1.497430E-02
           518      G     -1.960733E-03   6.712075E-05  -3.277953E-03  -1.766824E-01  -8.528433E-02  -4.006695E-03
           519      G     -1.669508E-03   5.492843E-04  -1.140641E-02  -1.706910E-01   5.408896E-02  -3.609721E-02
           520      G     -1.666135E-03   2.028016E-04  -1.186736E-02  -2.868611E-01  -6.033975E-02  -9.224511E-03
           521      G     -1.714214E-03   5.594908E-05  -7.866272E-03  -1.920014E-01  -2.185912E-01  -7.629396E-03
           522      G     -1.661552E-03   7.746657E-04  -1.304317E-02  -7.897262E-02  -1.600271E-01  -2.635537E-02
           523      G     -1.389665E-03   3.817811E-04  -1.496903E-02  -1.487668E-01   1.197997E-01  -5.689572E-03
           524      G     -1.458323E-03   1.043169E-04  -1.676816E-02  -1.532495E-01  -5.926420E-02  -7.079288E-03
           525      G     -1.535607E-03   5.110872E-05  -1.144009E-02  -1.233342E-01  -3.082207E-01  -3.464796E-03
          1000      G     -1.710392E-03   4.316970E-06   4.607053E-05   8.391934E-04  -2.015600E-01  -1.878084E-01
          1001      G     -1.736419E-03  -2.495308E-04   4.280977E-04  -7.055172E-04  -5.403959E-04  -9.670314E-01
          1002      G     -1.574374E-03   6.820405E-04   4.406006E-04  -6.863617E-04  -4.866138E-04  -8.863526E-01
          1003      G     -1.762620E-03   4.384564E-06  -1.821031E-04   1.064620E-02   1.888188E+00   1.158476E-02
          1004      G     -1.581364E-03   2.827698E-04  -5.112565E-02   1.876638E+00   1.500310E+00   6.317336E-03
          1005      G     -1.634353E-03   4.530988E-04  -7.702561E-02   3.297157E+00   5.628921E-02   2.062632E-04
          1006      G     -6.727693E-04   3.208036E-06  -3.792431E-04   2.273235E-05   1.550267E-01   2.052922E-04
          1007      G     -1.390792E-03   9.610638E-06  -8.581004E-02  -3.147367E-04   4.894634E+00   1.598480E-04
          1008      G     -2.010082E-03   1.156247E-05  -1.500076E-01  -3.848774E-04  -1.772641E-01   1.852539E-04
          1009      G     -1.131302E-03   9.669400E-04   4.677753E-04  -1.199592E-03   6.363406E-04  -5.189129E-01
          1010      G     -7.872269E-04   4.909195E-04   4.744036E-04  -1.490818E-03   5.428368E-04  -3.438362E-01
          1011      G     -1.977084E-03   5.849533E-04  -3.688775E-02   1.514499E+00  -2.706257E+00  -1.121591E-02
          1012      G     -2.273958E-03   1.503177E-04   1.211622E-02  -5.244478E-01  -2.926475E-01   6.572539E-01
          1013      G     -2.487948E-03   1.939085E-05  -7.363511E-02   1.627725E-03  -5.127536E+00   3.217326E-04
          1014      G     -3.111893E-03   2.612320E-05   1.498692E-02   2.257842E-03  -3.717632E-01   1.534613E-03
          1015      G     -1.730186E-03   2.599933E-04  -4.169111E-04   6.996464E-04  -5.522757E-04  -9.681990E-01
          1016      G     -1.565178E-03  -6.924198E-04  -4.296657E-04   6.703664E-04  -4.974071E-04  -8.860476E-01
          1017      G     -1.574209E-03  -2.764343E-04   5.087987E-02  -1.863640E+00   1.509248E+00   6.168332E-03
          1018      G     -1.624869E-03  -4.279686E-04   7.705357E-02  -3.292267E+00   6.608816E-02   4.180632E-04
          1019      G     -1.383862E-03  -1.965175E-06   8.538958E-02   2.858620E-04   4.920647E+00   1.696093E-04
          1020      G     -1.988741E-03  -5.493742E-06   1.500147E-01   5.211507E-04  -1.781029E-01   1.541034E-04
          1021      G     -1.134654E-03  -8.611255E-04  -4.566539E-04   1.267670E-03   6.558589E-04  -5.626635E-01
          1022      G     -7.483508E-04  -5.947350E-04  -4.629524E-04   1.503945E-03   5.253194E-04  -3.618279E-01
1                                                       **STUDENT EDITION*    APRIL  18, 2026  MSC Nastran  3/ 3/26   PAGE   108
     DEFAULT                                                                                                                        
0                                                                                                            SUBCASE 1              
      EIGENVALUE =  7.547117E+06
          CYCLES =  4.372307E+02         R E A L   E I G E N V E C T O R   N O .         10
 
      POINT ID.   TYPE          T1             T2             T3             R1             R2             R3
          1023      G     -1.937229E-03  -5.930910E-04   3.716855E-02  -1.515787E+00  -2.698413E+00  -1.109841E-02
          1024      G     -2.224371E-03  -1.273989E-04  -1.175270E-02   5.233233E-01  -2.964591E-01   7.206985E-01
          1025      G     -2.475576E-03  -9.338238E-06   7.399577E-02   7.382624E-04  -5.106035E+00   1.628935E-04
          1026      G     -3.110114E-03  -1.327225E-05  -1.442222E-02   1.529363E-04  -3.781583E-01  -5.041658E-03
          1027      G     -1.682484E-03   1.266764E-06   4.593917E-05  -7.544789E-04  -2.011240E-01   1.756788E-01
          1028      G     -1.704839E-03   2.523068E-04   4.270687E-04   6.459291E-04  -5.267796E-04   9.475140E-01
          1029      G     -1.543583E-03  -6.393063E-04   4.392407E-04   6.371136E-04  -4.729988E-04   8.672287E-01
          1030      G     -1.746666E-03  -1.659361E-07  -1.729463E-04  -9.304168E-03   1.887977E+00  -1.122569E-02
          1031      G     -1.567779E-03  -2.658491E-04  -5.110528E-02  -1.874052E+00   1.499743E+00  -5.827365E-03
          1032      G     -1.618957E-03  -4.171946E-04  -7.700385E-02  -3.293048E+00   5.696065E-02   1.321082E-04
          1033      G     -1.107716E-03  -8.843334E-04   4.670831E-04   1.243680E-03   6.153751E-04   5.266781E-01
          1034      G     -7.357986E-04  -5.046276E-04   4.742985E-04   1.504723E-03   5.014862E-04   3.351372E-01
          1035      G     -1.946882E-03  -5.522405E-04  -3.689488E-02  -1.510094E+00  -2.705013E+00   1.151497E-02
          1036      G     -2.248552E-03  -9.835226E-05   1.210456E-02   5.320198E-01  -2.935163E-01  -7.170716E-01
          1037      G     -1.703822E-03  -2.606497E-04  -4.166342E-04  -6.803797E-04  -5.445499E-04   9.541263E-01
          1038      G     -1.539703E-03   6.790304E-04  -4.291994E-04  -6.530784E-04  -4.896331E-04   8.724176E-01
          1039      G     -1.559541E-03   2.732456E-04   5.087944E-02   1.864304E+00   1.508919E+00  -5.860226E-03
          1040      G     -1.610851E-03   4.165101E-04   7.704483E-02   3.292474E+00   6.579875E-02  -1.192517E-04
          1041      G     -1.109884E-03   8.410340E-04  -4.558226E-04  -1.266769E-03   6.592666E-04   5.524610E-01
          1042      G     -1.922590E-03   5.748519E-04   3.715368E-02   1.515690E+00  -2.698579E+00   1.138910E-02
          1043      G     -2.210553E-03   1.015003E-04  -1.175442E-02  -5.228106E-01  -2.952166E-01  -7.296087E-01
          1044      G     -7.216987E-04   5.736667E-04  -4.620403E-04  -1.501377E-03   5.272948E-04   3.505095E-01
          2000      G      1.182935E-02  -5.295592E-06   2.582383E-06   1.372614E-02   1.060187E+00   2.618763E+00
          2001      G      1.220009E-02  -3.610406E-04   6.633531E-04  -5.970963E-03   9.106976E-04   5.987528E+00
          2002      G      1.079017E-02   3.297682E-04   6.439523E-04  -1.128952E-03  -1.361046E-04   5.286633E+00
          2003      G      1.244421E-02  -7.578780E-05   2.469133E-02  -9.483404E-01  -3.481018E+01  -1.538233E-01
          2004      G      1.062357E-02  -2.528750E-03   9.322462E-01  -3.367549E+01  -2.677305E+01  -6.839502E-02
          2005      G      1.145358E-02  -2.996172E-03   1.424896E+00  -5.941000E+01  -3.428925E+00   7.699260E-03
          2006      G     -5.839299E-03   2.838597E-07   4.015146E-02   1.023532E-04  -3.340376E+00   1.271548E-03
          2007      G      5.490410E-03   2.373531E-05   1.544266E+00  -6.790068E-03  -8.710115E+01   1.725578E-03
          2008      G      1.351378E-02   7.803998E-05   2.699874E+00  -8.571553E-03   2.853920E+00   2.143630E-03
          2009      G      8.203854E-03  -3.510265E-03   6.234612E-04  -4.305165E-03  -1.940748E-03   4.110186E+00
          2010      G      4.509850E-03  -4.090596E-03   2.403681E-04  -8.554124E-04   2.326926E-04   2.131238E+00
          2011      G      1.358006E-02  -3.471597E-03   8.182630E-01  -3.149229E+01   4.313857E+01   1.054210E-01
          2012      G      1.650388E-02   6.959781E-04   3.450804E-02   9.737245E-01   4.600459E+00  -4.665242E+00
          2013      G      1.962172E-02   1.387567E-04   1.492431E+00  -6.823350E-02   8.194637E+01   2.269301E-03
          2014      G      2.652977E-02   1.938492E-04   5.055816E-02  -1.210979E-02   6.704350E+00  -3.012719E-03
          2015      G      1.226913E-02   3.555826E-04  -6.458780E-04   5.897034E-03   9.675726E-04   6.017706E+00
          2016      G      1.092486E-02  -3.501044E-04  -6.347576E-04   1.091367E-03  -1.266138E-04   5.349636E+00
          2017      G      1.047843E-02   2.355929E-03  -9.004151E-01   3.264853E+01  -2.788955E+01  -7.275044E-02
          2018      G      1.127665E-02   2.929404E-03  -1.420058E+00   5.945454E+01  -4.033409E+00  -2.726910E-03
          2019      G      4.977238E-03  -2.084974E-05  -1.502038E+00  -6.771254E-04  -8.978940E+01   1.045968E-03
          2020      G      1.225405E-02  -3.378551E-05  -2.707618E+00   3.904938E-03   2.484391E+00   8.982268E-04
          2021      G      8.545912E-03   3.794236E-03  -6.127360E-04   4.362092E-03  -1.962577E-03   4.240089E+00
          2022      G      4.862740E-03   4.315823E-03  -2.340684E-04   9.614274E-04   1.848770E-04   2.274277E+00
          2023      G      1.328876E-02   3.498496E-03  -8.176791E-01   3.136059E+01   4.329001E+01   8.818353E-02
          2024      G      1.645445E-02  -2.744054E-05  -3.331594E-02  -1.490112E+00   4.411234E+00  -6.192165E+00
          2025      G      1.830423E-02  -5.323788E-05  -1.497511E+00   3.817789E-03   8.239456E+01   8.735425E-04
          2026      G      2.468537E-02  -7.251588E-05  -4.926196E-02  -1.191699E-03   6.560707E+00  -3.977036E-02
          2027      G      1.203891E-02   2.013703E-05  -4.065131E-06  -1.494629E-02   1.063451E+00  -2.708814E+00
1                                                       **STUDENT EDITION*    APRIL  18, 2026  MSC Nastran  3/ 3/26   PAGE   109
     DEFAULT                                                                                                                        
0                                                                                                            SUBCASE 1              
      EIGENVALUE =  7.547117E+06
          CYCLES =  4.372307E+02         R E A L   E I G E N V E C T O R   N O .         10
 
      POINT ID.   TYPE          T1             T2             T3             R1             R2             R3
          2028      G      1.245946E-02   3.689896E-04   6.620632E-04   5.888551E-03   9.255801E-04  -6.120439E+00
          2029      G      1.111760E-02  -2.757588E-04   6.425540E-04   1.044683E-03  -1.172133E-04  -5.453477E+00
          2030      G      1.258947E-02   7.036462E-05   2.470512E-02   8.801992E-01  -3.481844E+01   1.556544E-01
          2031      G      1.078961E-02   2.563478E-03   9.323410E-01   3.356639E+01  -2.676443E+01   7.119311E-02
          2032      G      1.162834E-02   3.120098E-03   1.425271E+00   5.922462E+01  -3.467966E+00  -3.772271E-03
          2033      G      8.603019E-03   3.787885E-03   6.224059E-04   4.304242E-03  -1.968141E-03  -4.291773E+00
          2034      G      4.917874E-03   4.432731E-03   2.442346E-04   9.527158E-04   1.973166E-04  -2.318451E+00
          2035      G      1.377205E-02   3.708861E-03   8.195311E-01   3.124121E+01   4.312629E+01  -9.939641E-02
          2036      G      1.674007E-02  -2.002953E-04   3.483861E-02  -1.486278E+00   4.672040E+00   6.549026E+00
          2037      G      1.244944E-02  -3.580611E-04  -6.456424E-04  -5.876362E-03   9.764686E-04  -6.108430E+00
          2038      G      1.109258E-02   3.325898E-04  -6.342848E-04  -1.060517E-03  -1.170077E-04  -5.434082E+00
          2039      G      1.059945E-02  -2.379855E-03  -9.004602E-01  -3.268790E+01  -2.788786E+01   7.434767E-02
          2040      G      1.137485E-02  -2.987610E-03  -1.420174E+00  -5.948078E+01  -4.038301E+00   4.453373E-03
          2041      G      8.709257E-03  -3.884294E-03  -6.119394E-04  -4.359867E-03  -1.958987E-03  -4.319524E+00
          2042      G      5.022469E-03  -4.468605E-03  -2.332862E-04  -9.636033E-04   1.901469E-04  -2.351716E+00
          2043      G      1.337205E-02  -3.596168E-03  -8.178258E-01  -3.137544E+01   4.329156E+01  -8.634117E-02
          2044      G      1.653291E-02  -1.182594E-04  -3.334775E-02   1.488432E+00   4.419326E+00   6.115168E+00
          3000      G      1.413594E-03   2.619354E-05   2.127977E-05   2.012721E-03  -2.379744E-02   8.581620E-01
          3001      G      1.392400E-03  -7.112562E-05   5.686431E-05   3.042047E-02  -6.898599E-03   8.548327E-01
          3002      G      1.357438E-03  -1.081996E-05   5.349674E-04   1.615332E-02  -4.418114E-03   7.521795E-01
          3003      G      1.488388E-03   3.167991E-05  -2.363681E-04   1.127403E-02   2.456856E-01   2.062261E-03
          3004      G      1.535225E-03   3.188596E-05  -7.736626E-03   2.773891E-01   2.455025E-01   1.394629E-03
          3005      G      1.589400E-03   2.126263E-05  -9.484164E-03   4.823386E-01  -1.525078E-01   1.622679E-03
          3006      G      1.754189E-03   3.488498E-05  -4.904465E-04  -5.652718E-04   1.198377E-01   3.592211E-04
          3007      G      1.636377E-03   4.251278E-05  -1.272881E-02   8.487096E-04   5.720070E-01   3.678853E-04
          3008      G      1.558909E-03   5.232040E-05  -2.048785E-02  -9.624674E-04   5.609922E-02   4.071534E-04
          3009      G      1.315376E-03   1.287346E-04   1.397151E-03  -5.637991E-02  -3.132365E-02   7.987238E-01
          3010      G      1.264725E-03   2.895382E-04   3.361166E-03  -1.002820E-01   4.509890E-03   7.539046E-01
          3011      G      1.598455E-03   7.297879E-05   2.629929E-03   1.070077E-01  -6.418015E-01   4.699863E-03
          3012      G      1.636908E-03   2.783149E-04   1.272255E-02  -2.183656E-01   1.003003E-01   1.339573E+00
          3013      G      1.678715E-03   6.012603E-05  -1.261352E-03   2.053158E-03  -1.256027E+00   5.604246E-04
          3014      G      1.713342E-03   8.142500E-05   1.745140E-02  -1.889328E-02   6.514733E-02   7.983344E-02
          3015      G      1.395816E-03   1.336744E-04  -1.229983E-05  -2.968897E-02  -6.296751E-03   8.638927E-01
          3016      G      1.364767E-03   8.787926E-05  -4.976398E-04  -1.947524E-02  -1.110770E-03   7.325147E-01
          3017      G      1.534489E-03   3.411546E-05   7.654274E-03  -2.715111E-01   2.688632E-01   1.370094E-03
          3018      G      1.590492E-03   4.329555E-05   9.901903E-03  -4.936332E-01  -1.413421E-01   1.585631E-03
          3019      G      1.637617E-03   2.460126E-05   1.253063E-02  -1.368405E-03   6.243733E-01   3.541465E-04
          3020      G      1.562824E-03   1.654749E-05   2.113107E-02   2.939980E-04   5.586713E-02   3.368720E-04
          3021      G      1.326961E-03  -7.114714E-05  -1.341966E-03   5.180942E-02  -2.365358E-02   7.669703E-01
          3022      G      1.283546E-03  -2.250727E-04  -3.284106E-03   7.390093E-02   2.589430E-02   7.046417E-01
          3023      G      1.601833E-03  -5.276185E-06  -2.071265E-03  -1.203701E-01  -6.388622E-01   4.617126E-03
          3024      G      1.634124E-03  -2.149289E-04  -1.235003E-02   2.308355E-01   9.321761E-02   1.439009E+00
          3025      G      1.674925E-03   7.353929E-06   1.995837E-03   2.278499E-04  -1.255229E+00   3.311873E-04
          3026      G      1.709148E-03  -7.139583E-07  -1.685320E-02   2.590974E-04   6.454479E-02  -2.651041E-03
          3027      G      1.473216E-03   4.081541E-05   2.686349E-05  -1.590298E-03  -2.994343E-02  -9.020928E-01
          3028      G      1.457499E-03   1.620587E-04   4.107275E-05  -3.280454E-02  -2.650451E-03  -8.663608E-01
          3029      G      1.427627E-03   1.295636E-04   5.177783E-04  -1.992994E-02  -4.179480E-04  -7.514835E-01
          3030      G      1.520228E-03   3.599025E-05  -2.906925E-04  -1.188274E-02   2.489382E-01  -1.337162E-03
          3031      G      1.569284E-03   5.639573E-05  -7.874071E-03  -2.779674E-01   2.467165E-01  -6.451173E-04
          3032      G      1.629353E-03   8.391418E-05  -9.628483E-03  -4.810519E-01  -1.499310E-01  -7.991434E-04
1                                                       **STUDENT EDITION*    APRIL  18, 2026  MSC Nastran  3/ 3/26   PAGE   110
     DEFAULT                                                                                                                        
0                                                                                                            SUBCASE 1              
      EIGENVALUE =  7.547117E+06
          CYCLES =  4.372307E+02         R E A L   E I G E N V E C T O R   N O .         10
 
      POINT ID.   TYPE          T1             T2             T3             R1             R2             R3
          3033      G      1.389040E-03  -1.070947E-05   1.389044E-03   5.594114E-02  -2.552244E-02  -7.955467E-01
          3034      G      1.334681E-03  -1.428604E-04   3.362493E-03   7.536150E-02   3.061796E-02  -6.920849E-01
          3035      G      1.645059E-03   5.679699E-05   2.467047E-03  -1.115982E-01  -6.402055E-01  -3.941350E-03
          3036      G      1.691352E-03  -1.411860E-04   1.271540E-02   2.456810E-01   9.859146E-02  -1.499226E+00
          3037      G      1.452477E-03  -8.408697E-05  -1.308378E-05   3.011581E-02  -4.599276E-03  -8.744736E-01
          3038      G      1.419031E-03  -5.473409E-05  -4.927312E-04   2.015587E-02  -1.087662E-03  -7.486691E-01
          3039      G      1.564854E-03   1.568904E-05   7.643856E-03   2.721351E-01   2.678835E-01  -6.882352E-04
          3040      G      1.619318E-03  -1.141951E-05   9.878470E-03   4.925717E-01  -1.409966E-01  -9.253105E-04
          3041      G      1.379614E-03   8.689662E-05  -1.342721E-03  -5.237068E-02  -2.338097E-02  -7.818250E-01
          3042      G      1.335710E-03   2.224837E-04  -3.284001E-03  -7.459462E-02   2.674202E-02  -7.165883E-01
          3043      G      1.629275E-03   2.051352E-05  -2.090202E-03   1.202728E-01  -6.385291E-01  -3.976591E-03
          3044      G      1.660223E-03   2.137609E-04  -1.235168E-02  -2.308104E-01   9.456032E-02  -1.446376E+00
          4000      G     -1.811076E-03   4.009712E-05   2.531900E-05  -2.063728E-04  -3.358596E-02  -2.481463E-01
          4001      G     -1.840353E-03  -9.762453E-05  -5.797935E-05   6.892933E-02  -3.397697E-02  -2.302367E-01
          4002      G     -1.844166E-03   4.985118E-06   5.780162E-04   2.795435E-02  -4.464914E-02  -1.848665E-01
          4003      G     -1.889710E-03   4.079105E-05  -1.277463E-04   7.525032E-03   7.052769E-01   2.421038E-03
          4004      G     -1.824223E-03   6.224204E-05  -1.786778E-02   6.088075E-01   4.569121E-01   1.104756E-03
          4005      G     -1.808826E-03   7.488604E-05  -2.538135E-02   1.121545E+00  -2.658964E-02   8.027279E-04
          4006      G     -1.480215E-03   4.088874E-05  -2.920907E-04  -2.847630E-04  -6.475739E-02   2.083812E-04
          4007      G     -1.711945E-03   4.670285E-05  -2.860358E-02  -7.651169E-08   1.699179E+00   2.042249E-04
          4008      G     -1.863359E-03   5.204766E-05  -4.913886E-02  -2.303228E-04  -1.989123E-01   2.026388E-04
          4009      G     -1.803544E-03   1.440016E-04   1.480308E-03   8.316509E-02   3.594606E-03  -3.107739E-01
          4010      G     -1.694759E-03   3.348837E-04   3.601719E-03  -8.693645E-03  -1.271301E-01   4.371337E-01
          4011      G     -1.844651E-03   1.590829E-04  -9.400763E-03   4.511319E-01  -1.044532E+00  -2.536087E-04
          4012      G     -1.925763E-03   1.506898E-04   1.054276E-02  -1.770556E-01  -2.049541E-01   1.146912E+00
          4013      G     -1.964468E-03   5.766303E-05  -1.931583E-02  -2.474453E-04  -1.861614E+00   1.884962E-04
          4014      G     -2.109946E-03   6.171991E-05   1.395578E-02   1.214143E-03  -2.682311E-01  -1.045515E-02
          4015      G     -1.840270E-03   1.782156E-04   1.013925E-04  -6.905270E-02  -3.452435E-02  -2.284915E-01
          4016      G     -1.843938E-03   7.822168E-05  -5.359915E-04  -2.922135E-02  -4.520403E-02  -1.828450E-01
          4017      G     -1.824342E-03   1.981750E-05   1.774261E-02  -6.009326E-01   4.647546E-01   1.103355E-03
          4018      G     -1.809285E-03   7.596709E-06   2.548951E-02  -1.120978E+00  -1.889623E-02   8.230108E-04
          4019      G     -1.710712E-03   3.521947E-05   2.831624E-02  -1.412296E-04   1.720319E+00   2.093407E-04
          4020      G     -1.859624E-03   2.926845E-05   4.922844E-02  -3.682055E-04  -1.971382E-01   2.081807E-04
          4021      G     -1.803626E-03  -5.924492E-05  -1.429868E-03  -8.522460E-02   5.303015E-03  -3.176130E-01
          4022      G     -1.694461E-03  -2.522204E-04  -3.516480E-03   9.001496E-03  -1.281818E-01   4.382960E-01
          4023      G     -1.844210E-03  -7.690019E-05   9.676840E-03  -4.546687E-01  -1.040231E+00  -2.519596E-04
          4024      G     -1.925574E-03  -6.677457E-05  -1.018650E-02   1.695923E-01  -2.042778E-01   1.114932E+00
          4025      G     -1.962023E-03   2.382667E-05   1.965197E-02  -3.909677E-04  -1.848669E+00   2.048742E-04
          4026      G     -2.106857E-03   1.834513E-05  -1.344311E-02  -1.906758E-04  -2.665637E-01   2.118751E-03
          4027      G     -1.777847E-03   4.191138E-05   2.290381E-05  -4.755788E-04  -3.331336E-02   2.464030E-01
          4028      G     -1.807429E-03   1.908024E-04  -6.352171E-05  -6.946436E-02  -3.376541E-02   2.294394E-01
          4029      G     -1.811716E-03   9.924884E-05   5.711440E-04  -2.858884E-02  -4.494587E-02   1.812868E-01
          4030      G     -1.872990E-03   4.122607E-05  -1.447142E-04  -7.056572E-03   7.055627E-01  -2.003310E-03
          4031      G     -1.807624E-03   3.105808E-05  -1.789184E-02  -6.085137E-01   4.571041E-01  -6.935711E-04
          4032      G     -1.792417E-03   2.952898E-05  -2.540869E-02  -1.120781E+00  -2.647404E-02  -4.055500E-04
          4033      G     -1.770977E-03  -2.928976E-05   1.478257E-03  -8.340211E-02   4.474085E-03   3.110058E-01
          4034      G     -1.661422E-03  -2.110535E-04   3.602266E-03   1.187321E-02  -1.299505E-01  -4.509641E-01
          4035      G     -1.828788E-03  -4.486873E-05  -9.422550E-03  -4.504213E-01  -1.044874E+00   6.572964E-04
          4036      G     -1.910994E-03  -2.505812E-05   1.052070E-02   1.748684E-01  -2.050877E-01  -1.136257E+00
          4037      G     -1.806890E-03  -1.078090E-04   9.919469E-05   6.835886E-02  -3.453580E-02   2.259752E-01
1                                                       **STUDENT EDITION*    APRIL  18, 2026  MSC Nastran  3/ 3/26   PAGE   111
     DEFAULT                                                                                                                        
0                                                                                                            SUBCASE 1              
      EIGENVALUE =  7.547117E+06
          CYCLES =  4.372307E+02         R E A L   E I G E N V E C T O R   N O .         10
 
      POINT ID.   TYPE          T1             T2             T3             R1             R2             R3
          4038      G     -1.810581E-03  -1.948668E-05  -5.387477E-04   2.839054E-02  -4.506838E-02   1.812839E-01
          4039      G     -1.807610E-03   5.058586E-05   1.772900E-02   6.011666E-01   4.649099E-01  -6.812070E-04
          4040      G     -1.792638E-03   5.115023E-05   2.548132E-02   1.121435E+00  -1.867995E-02  -3.989774E-04
          4041      G     -1.770663E-03   1.064668E-04  -1.430978E-03   8.414575E-02   5.398592E-03   3.163257E-01
          4042      G     -1.662214E-03   2.873474E-04  -3.513843E-03  -9.605145E-03  -1.274973E-01  -4.364094E-01
          4043      G     -1.827628E-03   1.241472E-04   9.673786E-03   4.551467E-01  -1.039934E+00   6.679108E-04
          4044      G     -1.908746E-03   1.032839E-04  -1.018343E-02  -1.697366E-01  -2.040239E-01  -1.109913E+00
1                                                       **STUDENT EDITION*    APRIL  18, 2026  MSC Nastran  3/ 3/26   PAGE   112
     DEFAULT                                                                                                                        
0                                                                                                            SUBCASE 1              
      EIGENVALUE =  1.537789E+06
                               F O R C E S   O F   S I N G L E - P O I N T   C O N S T R A I N T
 
      POINT ID.   TYPE          T1             T2             T3             R1             R2             R3
             1      G      6.837693E+03   8.140232E+04   1.447094E+05  -6.011304E+01   7.877002E+02  -7.765127E-01
             2      G      5.576780E+03  -8.031205E+04   1.440297E+05   3.863670E+01   7.394736E+02   7.652730E-01
             3      G      3.546903E+04  -4.912442E+03   1.210037E+05   9.955590E+02   1.153810E+03  -1.007073E-01
             4      G      3.358075E+04   4.823791E+03   1.197703E+05  -9.860444E+02   1.085571E+03   8.012936E-02
             5      G     -3.481107E+04  -5.030172E+03   1.209571E+05   9.984731E+02  -1.136729E+03   9.195438E-02
             6      G     -3.382915E+04   4.852206E+03   1.238066E+05  -1.015386E+03  -1.058406E+03  -1.150455E-01
             7      G     -6.496298E+03   7.858917E+04   1.438723E+05   9.574455E+00  -7.707306E+02   7.615264E-01
             8      G     -6.322101E+03  -7.920506E+04   1.432055E+05  -2.112697E+01  -8.000694E+02  -7.618670E-01
1                                                       **STUDENT EDITION*    APRIL  18, 2026  MSC Nastran  3/ 3/26   PAGE   113
     DEFAULT                                                                                                                        
0                                                                                                            SUBCASE 1              
      EIGENVALUE =  2.128632E+06
                               F O R C E S   O F   S I N G L E - P O I N T   C O N S T R A I N T
 
      POINT ID.   TYPE          T1             T2             T3             R1             R2             R3
             1      G     -6.815071E+03  -8.210611E+04  -2.215787E+05  -1.081761E+03  -1.069920E+03   6.920057E-01
             2      G     -6.256170E+03   8.212098E+04  -2.215460E+05   1.081010E+03  -1.052015E+03  -6.886569E-01
             3      G     -3.049159E+04   1.936486E+03  -1.801476E+05  -1.520750E+03  -1.211998E+03   5.603310E-02
             4      G     -2.971193E+04  -1.849578E+03  -1.799073E+05   1.516313E+03  -1.181516E+03  -5.084128E-02
             5      G      3.047286E+04   1.924151E+03  -1.800899E+05  -1.515375E+03   1.212771E+03  -5.833755E-02
             6      G      3.009388E+04  -1.857088E+03  -1.807380E+05   1.522624E+03   1.204258E+03   5.441227E-02
             7      G      6.938664E+03  -8.048032E+04  -2.214377E+05  -1.128619E+03   1.066284E+03  -6.865641E-01
             8      G      5.755743E+03   8.029481E+04  -2.215492E+05   1.171507E+03   1.017572E+03   6.742300E-01
1                                                       **STUDENT EDITION*    APRIL  18, 2026  MSC Nastran  3/ 3/26   PAGE   114
     DEFAULT                                                                                                                        
0                                                                                                            SUBCASE 1              
      EIGENVALUE =  2.319757E+06
                               F O R C E S   O F   S I N G L E - P O I N T   C O N S T R A I N T
 
      POINT ID.   TYPE          T1             T2             T3             R1             R2             R3
             1      G     -4.371567E+04  -9.612245E+04  -1.446726E+05  -2.072497E+03  -5.368767E+01   2.117019E+00
             2      G     -4.389972E+04   9.632975E+04  -1.449290E+05   2.068640E+03  -5.976962E+01  -2.119105E+00
             3      G     -1.972529E+05  -1.030446E+05  -2.666197E+05  -5.033993E+03  -1.616418E+03  -3.091366E+00
             4      G     -1.976251E+05   1.031827E+05  -2.666098E+05   5.028086E+03  -1.626469E+03   3.090018E+00
             5      G      1.980342E+05  -1.023540E+05  -2.664142E+05  -5.039978E+03   1.639189E+03   3.084777E+00
             6      G      1.963732E+05   1.038428E+05  -2.662484E+05   5.010864E+03   1.606556E+03  -3.078919E+00
             7      G      4.377305E+04  -9.452249E+04  -1.443177E+05  -2.110880E+03   4.392535E+01  -2.128205E+00
             8      G      4.428808E+04   9.272684E+04  -1.455118E+05   2.263394E+03   4.487089E+01   2.033740E+00
1                                                       **STUDENT EDITION*    APRIL  18, 2026  MSC Nastran  3/ 3/26   PAGE   115
     DEFAULT                                                                                                                        
0                                                                                                            SUBCASE 1              
      EIGENVALUE =  2.545686E+06
                               F O R C E S   O F   S I N G L E - P O I N T   C O N S T R A I N T
 
      POINT ID.   TYPE          T1             T2             T3             R1             R2             R3
             1      G     -2.917569E+04  -1.359656E+05  -1.414518E+05   5.794734E+02  -3.810342E+03   1.416311E+00
             2      G     -2.946228E+04   1.370012E+05  -1.412072E+05  -6.020565E+02  -3.793766E+03  -1.376587E+00
             3      G     -1.844787E+05  -9.470700E+04  -2.604997E+05  -3.106838E+03  -5.938114E+03  -3.241833E+00
             4      G     -1.822654E+05   9.904270E+04  -2.604264E+05   2.915508E+03  -5.879198E+03   3.189262E+00
             5      G      1.853703E+05  -9.846034E+04  -2.552460E+05  -2.632253E+03   5.986603E+03   2.881282E+00
             6      G      1.912723E+05   8.650875E+04  -2.559205E+05   3.158809E+03   6.096667E+03  -3.040112E+00
             7      G      2.799092E+04  -1.288779E+05  -1.421679E+05  -7.343300E+01   3.462694E+03  -1.617567E+00
             8      G      2.029789E+04   1.353274E+05  -1.431347E+05  -1.067443E+02   3.223502E+03   1.998727E+00
1                                                       **STUDENT EDITION*    APRIL  18, 2026  MSC Nastran  3/ 3/26   PAGE   116
     DEFAULT                                                                                                                        
0                                                                                                            SUBCASE 1              
      EIGENVALUE =  4.529556E+06
                               F O R C E S   O F   S I N G L E - P O I N T   C O N S T R A I N T
 
      POINT ID.   TYPE          T1             T2             T3             R1             R2             R3
             1      G     -8.099367E+03   1.772769E+05   3.271693E+05   7.776550E+01   5.304250E+02  -1.021768E+00
             2      G     -7.301613E+03  -1.765278E+05   3.276905E+05  -1.033007E+02   5.564149E+02   1.023143E+00
             3      G     -3.482247E+03   3.853175E+02   1.374878E+05   1.020152E+03   5.206871E+02   2.748619E-01
             4      G     -2.569589E+03  -1.547862E+02   1.374559E+05  -1.029007E+03   5.660727E+02  -2.702986E-01
             5      G     -3.417024E+03  -6.911896E+02  -1.376038E+05  -1.010019E+03   5.195200E+02   2.745138E-01
             6      G     -5.881734E+03   7.636354E+02  -1.416195E+05   1.026561E+03   4.042099E+02  -2.581005E-01
             7      G     -7.617602E+03  -1.757507E+05  -3.274784E+05  -1.173823E+02   5.424037E+02  -1.011966E+00
             8      G     -8.729172E+03   1.745707E+05  -3.242107E+05   1.795791E+02   4.900569E+02   1.044754E+00
1                                                       **STUDENT EDITION*    APRIL  18, 2026  MSC Nastran  3/ 3/26   PAGE   117
     DEFAULT                                                                                                                        
0                                                                                                            SUBCASE 1              
      EIGENVALUE =  4.573630E+06
                               F O R C E S   O F   S I N G L E - P O I N T   C O N S T R A I N T
 
      POINT ID.   TYPE          T1             T2             T3             R1             R2             R3
             1      G     -1.110878E+04  -2.459215E+04  -5.148063E+04  -1.575380E+02  -3.642781E+02   2.639319E-01
             2      G     -1.075537E+04   2.452693E+04  -5.145068E+04   1.588388E+02  -3.529116E+02  -2.618302E-01
             3      G     -1.447246E+04   3.068636E+03  -1.005541E+05  -7.739126E+02  -5.705888E+02   1.256941E-01
             4      G     -1.395553E+04  -3.052925E+03  -1.003934E+05   7.726252E+02  -5.510843E+02  -1.216036E-01
             5      G      1.443018E+04   3.083958E+03  -1.005592E+05  -7.747203E+02   5.695938E+02  -1.241472E-01
             6      G      1.427542E+04  -3.006092E+03  -1.009078E+05   7.757632E+02   5.666955E+02   1.235325E-01
             7      G      1.112976E+04  -2.405081E+04  -5.139605E+04  -1.704234E+02   3.641230E+02  -2.607548E-01
             8      G      1.044010E+04   2.398056E+04  -5.135513E+04   1.823628E+02   3.360268E+02   2.523434E-01
1                                                       **STUDENT EDITION*    APRIL  18, 2026  MSC Nastran  3/ 3/26   PAGE   118
     DEFAULT                                                                                                                        
0                                                                                                            SUBCASE 1              
      EIGENVALUE =  6.283854E+06
                               F O R C E S   O F   S I N G L E - P O I N T   C O N S T R A I N T
 
      POINT ID.   TYPE          T1             T2             T3             R1             R2             R3
             1      G      2.572636E+04  -1.862164E+05  -4.807658E+05  -2.410116E+03  -1.434953E+03   1.257554E+00
             2      G      2.500841E+04   1.868826E+05  -4.809455E+05   2.394330E+03  -1.462733E+03  -1.264351E+00
             3      G      8.597959E+03   1.117294E+03  -1.849631E+05  -1.635219E+03  -1.254457E+03  -3.581912E-01
             4      G      7.386928E+03  -1.141309E+03  -1.854116E+05   1.637829E+03  -1.298883E+03   3.471152E-01
             5      G      8.259612E+03  -1.040594E+03   1.851615E+05   1.628149E+03  -1.271082E+03  -3.558084E-01
             6      G      8.262126E+03   7.519343E+02   1.852153E+05  -1.628037E+03  -1.276735E+03   3.522423E-01
             7      G      2.469690E+04   1.838205E+05   4.806356E+05   2.474786E+03  -1.468696E+03   1.252188E+00
             8      G      2.580271E+04  -1.837887E+05   4.822295E+05  -2.571160E+03  -1.423266E+03  -1.228876E+00
1                                                       **STUDENT EDITION*    APRIL  18, 2026  MSC Nastran  3/ 3/26   PAGE   119
     DEFAULT                                                                                                                        
0                                                                                                            SUBCASE 1              
      EIGENVALUE =  6.858484E+06
                               F O R C E S   O F   S I N G L E - P O I N T   C O N S T R A I N T
 
      POINT ID.   TYPE          T1             T2             T3             R1             R2             R3
             1      G     -2.020632E+05  -1.744995E+05   4.679687E+05   1.104593E+04  -2.096896E+03  -2.057002E+00
             2      G     -2.022315E+05   1.745934E+05   4.678397E+05  -1.104778E+04  -2.100603E+03   2.056272E+00
             3      G      1.864942E+05   2.563579E+04   4.134744E+05   7.436165E+03   2.126769E+03   2.873901E+00
             4      G      1.861775E+05  -2.542275E+04   4.135046E+05  -7.445474E+03   2.119778E+03  -2.875154E+00
             5      G      1.865556E+05  -2.485002E+04  -4.139884E+05  -7.452014E+03   2.121339E+03   2.871823E+00
             6      G      1.849999E+05   2.635286E+04  -4.135316E+05   7.429345E+03   2.097057E+03  -2.867454E+00
             7      G     -2.023475E+05   1.732008E+05  -4.678536E+05  -1.100003E+04  -2.098596E+03  -2.088056E+00
             8      G     -2.018916E+05  -1.750134E+05  -4.700147E+05   1.119449E+04  -2.102028E+03   1.976777E+00
1                                                       **STUDENT EDITION*    APRIL  18, 2026  MSC Nastran  3/ 3/26   PAGE   120
     DEFAULT                                                                                                                        
0                                                                                                            SUBCASE 1              
      EIGENVALUE =  7.165203E+06
                               F O R C E S   O F   S I N G L E - P O I N T   C O N S T R A I N T
 
      POINT ID.   TYPE          T1             T2             T3             R1             R2             R3
             1      G     -2.013534E+04  -1.909052E+03  -8.323268E+04  -1.236524E+03   3.367515E+01   1.588088E-01
             2      G      2.032263E+04  -1.630504E+03   8.311323E+04  -1.239505E+03  -1.782471E+01   1.586769E-01
             3      G     -1.706826E+04  -4.235638E+03  -2.160506E+05  -1.275311E+03  -3.663014E+02   3.157577E-01
             4      G      1.729967E+04  -4.059367E+03   2.160892E+05  -1.278432E+03   3.728275E+02   3.208502E-01
             5      G      1.788587E+04  -4.137909E+03  -2.155498E+05  -1.278478E+03   4.039560E+02  -3.212149E-01
             6      G     -1.883060E+04  -3.964607E+03   2.155595E+05  -1.283766E+03  -4.451521E+02  -3.060569E-01
             7      G      2.130149E+04   2.958004E+01  -8.292769E+04  -1.308385E+03   2.416854E+01  -1.508436E-01
             8      G     -2.004404E+04  -6.924679E+03   8.228670E+04  -9.770533E+02  -3.719360E+01  -2.050088E-01
1                                                       **STUDENT EDITION*    APRIL  18, 2026  MSC Nastran  3/ 3/26   PAGE   121
     DEFAULT                                                                                                                        
0                                                                                                            SUBCASE 1              
      EIGENVALUE =  7.547117E+06
                               F O R C E S   O F   S I N G L E - P O I N T   C O N S T R A I N T
 
      POINT ID.   TYPE          T1             T2             T3             R1             R2             R3
             1      G     -1.559446E+05   2.168400E+04   4.330588E+05   1.517716E+04  -5.798762E+03  -1.545955E+00
             2      G     -1.559210E+05  -2.108996E+04   4.339399E+05  -1.519335E+04  -5.770307E+03   1.589998E+00
             3      G      1.425669E+05   1.603697E+04   4.227025E+05   8.214122E+03   4.686966E+03   3.750392E+00
             4      G      1.453479E+05  -1.187082E+04   4.228210E+05  -8.398885E+03   4.763197E+03  -3.799890E+00
             5      G      1.383668E+05  -2.205594E+04  -4.333551E+05  -7.915960E+03   4.522907E+03   3.554344E+00
             6      G      1.458539E+05   8.783794E+03  -4.338653E+05   8.455127E+03   4.658979E+03  -3.713936E+00
             7      G     -1.492241E+05  -3.902393E+04  -4.451824E+05  -1.509865E+04  -5.434738E+03  -1.970016E+00
             8      G     -1.571698E+05   4.678760E+04  -4.455945E+05   1.481641E+04  -5.725751E+03   2.447504E+00
 *** USER INFORMATION MESSAGE 3 (crdb::nastran::Processor::writeOutput)
 *** USER INFORMATION MESSAGE  (WRITE DATA BLOCK I4 OUG1, TRAILER[101, 0, 36560, 0, 0, 0, 1])
 *** USER INFORMATION MESSAGE 3 (crdb::nastran::Processor::writeOutput)
 *** USER INFORMATION MESSAGE  (WRITE DATA BLOCK I4 OQG1, TRAILER[102, 0, 36560, 0, 0, 0, 1])
1                                                       **STUDENT EDITION*    APRIL  18, 2026  MSC Nastran  3/ 3/26   PAGE   122
                                                                                                                                    
0                                                                                                            SUBCASE 1              
 * * * *  D B D I C T   P R I N T  * * * *      SUBDMAP = PRTSUM  ,  DMAP STATEMENT NO.     75



0                                   * * * *  A N A L Y S I S  S U M M A R Y  T A B L E  * * * *
0 SEID  PEID PROJ VERS APRCH      SEMG SEMR SEKR SELG SELR MODES DYNRED SOLLIN SOLNL LOOPID DESIGN CYCLE SENSITIVITY
 -------------------------------------------------------------------------------------------------------------------
     0     0    1    1 '        '    T    T    T    T    T     T      F      T     F     -1            0           F
0SEID = SUPERELEMENT ID.
 PEID = PRIMARY SUPERELEMENT ID OF IMAGE SUPERELEMENT.
 PROJ = PROJECT ID NUMBER.
 VERS = VERSION ID.
 APRCH = BLANK FOR STRUCTURAL ANALYSIS.  HEAT FOR HEAT TRANSFER ANALYSIS.
 SEMG = STIFFNESS AND MASS MATRIX GENERATION STEP.
 SEMR = MASS MATRIX REDUCTION STEP (INCLUDES EIGENVALUE SOLUTION FOR MODES).
 SEKR = STIFFNESS MATRIX REDUCTION STEP.
 SELG = LOAD MATRIX GENERATION STEP.
 SELR = LOAD MATRIX REDUCTION STEP. 
 MODES = T (TRUE) IF NORMAL MODES OR BUCKLING MODES CALCULATED.
 DYNRED = T (TRUE) MEANS GENERALIZED DYNAMIC AND/OR COMPONENT MODE REDUCTION PERFORMED.
 SOLLIN = T (TRUE) IF LINEAR SOLUTION EXISTS IN DATABASE.
 LOOPID = THE LAST LOOPID VALUE USED IN THE NONLINEAR ANALYSIS.  USEFUL FOR RESTARTS.
 SOLNL = T (TRUE) IF NONLINEAR SOLUTION EXISTS IN DATABASE.
 DESIGN CYCLE = THE LAST DESIGN CYCLE (ONLY VALID IN OPTIMIZATION).
 SENSITIVITY = SENSITIVITY MATRIX GENERATION FLAG.
 
 No PARAM values were set in the Control File.
 
1                                        * * * END OF JOB * * *
 
 
 No Symbolic Replacement variables or values were specified.

