1
 
 
 
 
                      Warning: This computer program is protected by copyright law and international treaties.       
                  Unauthorized use, reproduction or distribution of this computer program, or any portion of it, may 
                                          result in severe civil and criminal penalties.                             
                         Copyright (C) 2026 Hexagon AB and/or its subsidiaries. All rights reserved.                 
 
 
                                              * * * * * * * * * * * * * * * * * * * *
                                              * * * * * * * * * * * * * * * * * * * *
                                              * *                                 * *
                                              * *           Hexagon AB            * *
                                              * *                                 * *
                                              * *                                 * *
                                              * *      M S C   N a s t r a n      * *
                                              * *                                 * *
                                              * *  S T U D E N T   E D I T I O N  * *
                                              * *                                 * *
                                              * *     Version 2025.2-bad99147     * *
                                              * *                                 * *
                                              * *                                 * *
                                              * *                                 * *
                                              * *          MAR  3, 2026           * *
                                              * *                                 * *
                                              * *              Intel              * *
                                              * *MODEL Intel(R) Core(TM) i7-8550U * *
                                              * *      Windows 11 10.0 26200      * *
                                              * *        Compiled for 8664        * *
                                              * *                                 * *
                                              * * * * * * * * * * * * * * * * * * * *
                                              * * * * * * * * * * * * * * * * * * * *

 
 
                                                 This Student Edition version is  
                                                    valid until NOV 15, 2027.     
 
 
                  This program is being distributed as part of the Hexagon AB Student Edition. Use of this program   
                     or its results at a commercial installation, for commercial purposes, or for production work    
                                             I S   S T R I C T L Y  P R O H I B I T E D.                             
                  ==================================== FOR EDUCATIONAL USE ONLY =====================================
 
 
1News file
  
               Welcome to MSC Nastran 2025.2
  
   MSC Nastran brings powerful new features and enhancements for engineering
   solutions in several releases through the year. Key enhancements in
   Version 2025.2 are summarized below. Additional details can be found in
   the MSC Nastran Version 2025.2 Release Guide.
  
     MSC Nastran 2025.2 Features and Enhancements
  
     Aeroelasticity
     - Mach1+ New Supersonic Panel Method now available in all aeroelasticity
       solutions
  
     SOL 400 Nonlinear (NLPERF) New Features and Enhancements
     - GPFORCE and ESE output for Nonlinear Statics and Nonlinear Transient
       analysis
     - Nonlinear transient analysis support
     - Enforced motion (SPCD/SPCR) with the Arc-Length Method
     - Contact support with the Arc-Length Method
     - Arbitrary DOF combination for all rigid elements
     - MSC Nastran (NLSTATIC) -Adams Co-simulation enabled
     - Improved contact output control
     - Element formulation summary output
     - Expanded total energy report
     - CGAP contact result output
  
     SOL 400 Nonlinear (CNLS)
     - MSC Nastran-scFlow Co-Simulation supports multiple interface group
       definitions
  
     High Performance Computing (HPC)
     - MUMPS linear solver added for frequency and transient response
     - UMFPack unsymmetric solver retired
  
     SOL 200 NEO Topology Optimization Enhancements
     - Dynamic response optimization with displacement (FRDISP) constraints
     - Enhanced optimizer for natural frequency/eigenvalue constraints
     - Maximum displacement constraint for design and non-design regions
  
     Linear
     - Linear Gap element introduced in SOL 101 (Statics)
     - Angled double-sided PBARL/PBEAML stiffener definition
  
     Frequency Analysis
     - MONPNT3 monitor point supported added in SOL 111 Random Response analysis
     - Frequency-dependent scaling for PBUSH via PBUSHT tables
     - Option to export structural damping matrix to AVL EXB file.
  
1    Rotor Dynamics
     - DMIG rotor matrices input at unit speed allowing frequency dependent
       and speed scaling entry for all rotor dynamic analysis. Supported in
       complex eigenvalue analysis and unbalance response in linear and
       nonlinear frequency and time domains
     - Bush element supports 6x6 frequency-dependent stiffness and damping
  
     Documentation
     - The complete documentation set is provided in a separate installer and
       when installed is available at: MSC_DOC_DIR/doc/pdf_nastran directory,
       where MSC_DOC_DIR is the directory where documentation was installed.
       This help set includes cross references between documents, and links to
       how-to videos, and example files
  
     Individual MSC Nastran documents are available for download from the
       Simcompanion Website at:
       http://simcompanion.hexagon.com/
  
     The documentation set includes the following:
  
         1.  MSC Nastran 2025.2 Installation and Operations Guide
         2.  MSC Nastran 2025.2 Quick Reference Guide
         3.  MSC Nastran 2025.2 Release Guide
         4.  MSC Nastran 2025.2 Linear Statics Analysis User's Guide
         5.  MSC Nastran 2025.2 Dynamic Analysis User's Guide
         6.  MSC Nastran 2025.2 Superelements User's Guide
         7.  MSC Nastran 2025.2 Rotor Dynamics User's Guide
         8.  MSC Nastran 2025.2 Demonstration Problems Manual
         9.  MSC Nastran 2025.2 MSC Nastran Embedded Fatigue User's Guide
        10.  MSC Nastran 2025.2 Design Sensitivity and Optimization
        11.  MSC Nastran 2025.2 Nonlinear User's Guide SOL 400
        12.  MSC Nastran 2025.2 DMAP Programmer's Guide
        13.  MSC Nastran 2025.2 High Performance Computing User's Guide
        14.  MSC Nastran 2025.2 New Verification Manual
        15.  MSC Nastran 2025.2 DEMATD Guide
        16.  MSC Nastran 2025.2 Explicit Nonlinear (SOL 700) User's Guide
        17.  MSC Nastran 2025.2 ACMS User's Guide
  
   Please refer to  MSC_DOC_DIR/doc/pdf_nastran/nastran_library.pdf
   for the complete document set:
  
   Additional information about the release can be found at the MSC Nastran
   Product Support page: http://simcompanion.hexagon.com
  
   The support page provides links to these valuable information:
      * A searchable Knowledge Base containing examples and answers to thousands
        of frequently asked questions written by MSC Software subject-matter
        experts.
      * Peer-to-peer Discussion Forums enabling you to post questions for your
        MSC Software products and receive answers from other users worldwide.
1     * A list of known issues with the product and any workarounds.
      * Instructions on how to contact technical support
      * A mechanism for sending us product feedback or enhancement requests.
      * Hardware and software requirements.
      * Examples and Tutorials
      * and much more.
  
   For information on training, please visit our Training web site
  
      https://hexagon.com/support-success/manufacturing-intelligence/
      design-engineering-support/training-materials
  
1                                                       **STUDENT EDITION*    APRIL  18, 2026  MSC Nastran  3/ 3/26   PAGE     1
                                                                                                                                    
0        N A S T R A N    F I L E    A N D    S Y S T E M    P A R A M E T E R    E C H O                                           
0                                                                                                                                   
                                                                                                                                    
                                                                                                                                    
     NASTRAN BUFFSIZE=8193 $(C:/PROGRAM FILES/MSC.SOFTWARE/NAPA_SE/20252/NASTRAN/CONF
     $ MSC.NASTRAN INPUT FILE CREATED ON APRIL     17, 2026 AT 18:13:48 BY           
     $ PATRAN 2025.2  (STUDENT EDITION)                                              
     $ DIRECT TEXT INPUT FOR NASTRAN SYSTEM CELL SECTION                             
     $ NORMAL MODES ANALYSIS, DATABASE                                               
1                                                       **STUDENT EDITION*    APRIL  18, 2026  MSC Nastran  3/ 3/26   PAGE     2
                                                                                                                                    
0        N A S T R A N    E X E C U T I V E    C O N T R O L    E C H O                                                             
0                                                                                                                                   
                                                                                                                                    
                                                                                                                                    
     SOL 103                                                                                 
     CEND                                                                                    
1                                                       **STUDENT EDITION*    APRIL  18, 2026  MSC Nastran  3/ 3/26   PAGE     3
                                                                                                                                    
0                                                                                                                                   
0                                        C A S E    C O N T R O L    E C H O                                                        
                 COMMAND                                                                                                            
                 COUNT                                                                                                              
                  1      ECHO = NONE                                                                             
                  2      $ USING NASTRAN DEFAULT VALUES FOR RESVEC                                               
                  3      SUBCASE 1                                                                               
                  4      $ SUBCASE NAME : DEFAULT                                                                
                  5         SUBTITLE=DEFAULT                                                                     
                  6         METHOD = 1                                                                           
                  7         SPC = 2                                                                              
                  8         VECTOR(SORT1,REAL)=ALL                                                               
                  9         SPCFORCES(SORT1,REAL)=ALL                                                            
                 10      BEGIN BULK                                                                              
1                                                       **STUDENT EDITION*    APRIL  18, 2026  MSC Nastran  3/ 3/26   PAGE     4
                                                                                                                                    
0                                                                                                                                   
                                              I N P U T   B U L K   D A T A   E C H O                                               
                 ENTRY                                                                                                              
                 COUNT        .   1  ..   2  ..   3  ..   4  ..   5  ..   6  ..   7  ..   8  ..   9  ..  10  .                      
 *** USER INFORMATION MESSAGE 9991 (SDLWIF)
     Messages are being generated at include level 0.
     File: c:/users/pablo castillo/desktop/muse/segundo cuatrimestre/estructuras/eue-trabajo-1/06_codigo/runs/021_al0.500_psu1.586_mod1.430_proc1.701_fpga1.102_bfpga3.063_efpga0.900/sfem_mass_fit.bdf
 *** USER WARNING MESSAGE 9994 (BULFUN)
     MAT1 with MID=5 near line 1886
     User information:  Material has unreasonable or inconsistent values of E, G or NU.
1                                                       **STUDENT EDITION*    APRIL  18, 2026  MSC Nastran  3/ 3/26   PAGE     5
                                                                                                                                    
0                                                                                                                                   
                                        M O D E L   S U M M A R Y          BULK = 0
                                   ENTRY NAME        NUMBER OF ENTRIES
                                   ----------        -----------------
                                         CBAR                      452
                                        CBUSH                      116
                                       CORD2R                        1
                                       CQUAD4                      416
                                        EIGRL                        1
                                         GRID                      457
                                      HDF5OUT                        1
                                         MAT1                        6
                                        PARAM                        1
                                        PBARL                       18
                                        PBUSH                        2
                                       PSHELL                        9
                                         RBE2                        8
                                         SPC1                        1
                                       SPCADD                        1

 ^^^     
 ^^^ >>> IFP OPERATIONS COMPLETE <<< 
 ^^^     
 *** USER INFORMATION MESSAGE 3 (crdb::nastran::Processor::writeInput)
 *** USER INFORMATION MESSAGE  (WRITE DATA BLOCK I4 PVT, TRAILER[101, 5, 0, 0, 0, 0, 0])
 *** USER INFORMATION MESSAGE 3 (crdb::nastran::Processor::writeInput)
 *** USER INFORMATION MESSAGE  (WRITE DATA BLOCK I4 CASECC, TRAILER[102, 1, 0, 1000, 0, 0, 0])
 *** USER INFORMATION MESSAGE 3 (crdb::nastran::Processor::writeInput)
 *** USER INFORMATION MESSAGE  (WRITE DATA BLOCK I4 CSTM, TRAILER[104, 457, 1, 1, 1, 12, 0])
 *** USER INFORMATION MESSAGE 3 (crdb::nastran::Processor::writeInput)
 *** USER INFORMATION MESSAGE  (WRITE DATA BLOCK I4 GEOM1Q, TRAILER[101, 0, 2048, 8, 0, 0, 0])
 *** USER INFORMATION MESSAGE 3 (crdb::nastran::Processor::writeInput)
 *** USER INFORMATION MESSAGE  (WRITE DATA BLOCK I4 EPT, TRAILER[101, 4, 4608, 0, 0, 0, 32])
 *** USER INFORMATION MESSAGE 3 (crdb::nastran::Processor::writeInput)
 *** USER INFORMATION MESSAGE  (WRITE DATA BLOCK I4 MPT, TRAILER[102, 32768, 0, 0, 0, 0, 0])
 *** USER INFORMATION MESSAGE 3 (crdb::nastran::Processor::writeInput)
 *** USER INFORMATION MESSAGE  (WRITE DATA BLOCK I4 GEOM2, TRAILER[103, 0, 320, 0, 8192, 0, 0])
 *** USER INFORMATION MESSAGE 3 (crdb::nastran::Processor::writeInput)
 *** USER INFORMATION MESSAGE  (WRITE DATA BLOCK I4 GEOM4S, TRAILER[105, 0, 0, 0, 96, 2048, 0])
 *** USER INFORMATION MESSAGE 3 (crdb::nastran::Processor::writeInput)
 *** USER INFORMATION MESSAGE  (DATA BLOCK GEOM4S IS NOT SUPPORTED)
 *** USER INFORMATION MESSAGE 3 (crdb::nastran::Processor::writeInput)
 *** USER INFORMATION MESSAGE  (WRITE DATA BLOCK I4 GEOM1, TRAILER[101, 0, 2048, 8, 0, 0, 0])
 *** USER INFORMATION MESSAGE 3 (crdb::nastran::Processor::writeInput)
 *** USER INFORMATION MESSAGE  (WRITE DATA BLOCK I4 DYNAMIC, TRAILER[102, 256, 0, 0, 0, 0, 0])
 *** USER INFORMATION MESSAGE 3 (crdb::nastran::Processor::writeInput)
 *** USER INFORMATION MESSAGE  (WRITE DATA BLOCK I4 EDT, TRAILER[103, 0, 0, 524288, 0, 0, 0])
 *** USER INFORMATION MESSAGE 3 (crdb::nastran::Processor::writeInput)
 *** USER INFORMATION MESSAGE  (WRITE DATA BLOCK I4 GEOM4, TRAILER[102, 0, 0, 0, 96, 2048, 0])
1                                                       **STUDENT EDITION*    APRIL  18, 2026  MSC Nastran  3/ 3/26   PAGE     6
                                                                                                                                    
0                                                                                                                                   
 *** USER INFORMATION MESSAGE 7310 (VECPRN)
     ORIGIN OF SUPERELEMENT OR MODULE BASIC COORDINATE SYSTEM WILL BE USED AS REFERENCE LOCATION.
     RESULTANTS ABOUT ORIGIN OF SUPERELEMENT OR MODULE BASIC COORDINATE SYSTEM IN SUPERELEMENT OR MODULE
     BASIC SYSTEM COORDINATES.
0                                                  OLOAD    RESULTANT       
  SUBCASE/    LOAD
  DAREA ID    TYPE       T1            T2            T3            R1            R2            R3
0        1     FX    0.000000E+00     ----          ----          ----       0.000000E+00  0.000000E+00                             
               FY       ----       0.000000E+00     ----       0.000000E+00     ----       0.000000E+00                             
               FZ       ----          ----       0.000000E+00  0.000000E+00  0.000000E+00     ----                                  
               MX       ----          ----          ----       0.000000E+00     ----          ----                                  
               MY       ----          ----          ----          ----       0.000000E+00     ----                                  
               MZ       ----          ----          ----          ----          ----       0.000000E+00                             
             TOTALS  0.000000E+00  0.000000E+00  0.000000E+00  0.000000E+00  0.000000E+00  0.000000E+00
 *** USER INFORMATION MESSAGE 5010 (LNCILS)
     STURM SEQUENCE DATA FOR EIGENVALUE EXTRACTION.
     TRIAL EIGENVALUE = 3.025860D+04, CYCLES = 2.768500D+01 THE STURM COUNT = 0
 *** USER INFORMATION MESSAGE 5010 (LNCILS)
     STURM SEQUENCE DATA FOR EIGENVALUE EXTRACTION.
     TRIAL EIGENVALUE = 7.794010D+06, CYCLES = 4.443249D+02 THE STURM COUNT = 10

 TABLE OF SHIFTS:  (LNNRIGL)
 SHIFT #        SHIFT VALUE         FREQUENCY, CYCLES     # EIGENVALUES BELOW    # NEW EIGENVALUES FOUND
     1.        3.0258600E+04          2.7685001E+01                 0                       12
     2.        7.7940103E+06          4.4432487E+02                10                        0

1                                                       **STUDENT EDITION*    APRIL  18, 2026  MSC Nastran  3/ 3/26   PAGE     7
                                                                                                                                    
0                                                                                                            SUBCASE 1              
0


                          E I G E N V A L U E  A N A L Y S I S   S U M M A R Y   (READ MODULE) 



                                     BLOCK SIZE USED ......................     7

                                     NUMBER OF DECOMPOSITIONS .............     2

                                     NUMBER OF ROOTS FOUND ................    10

                                     NUMBER OF SOLVES REQUIRED ............    11

1                                                       **STUDENT EDITION*    APRIL  18, 2026  MSC Nastran  3/ 3/26   PAGE     8
                                                                                                                                    
0                                                                                                            SUBCASE 1              
 
                                              R E A L   E I G E N V A L U E S
   MODE    EXTRACTION      EIGENVALUE            RADIANS             CYCLES            GENERALIZED         GENERALIZED
    NO.       ORDER                                                                       MASS              STIFFNESS
        1         1        1.433962E+06        1.197482E+03        1.905851E+02        1.000000E+00        1.433962E+06
        2         2        2.101231E+06        1.449562E+03        2.307050E+02        1.000000E+00        2.101231E+06
        3         3        2.291139E+06        1.513651E+03        2.409050E+02        1.000000E+00        2.291139E+06
        4         4        2.515681E+06        1.586090E+03        2.524340E+02        1.000000E+00        2.515681E+06
        5         5        4.232361E+06        2.057270E+03        3.274247E+02        1.000000E+00        4.232361E+06
        6         6        4.364458E+06        2.089128E+03        3.324951E+02        1.000000E+00        4.364458E+06
        7         7        6.202769E+06        2.490536E+03        3.963811E+02        1.000000E+00        6.202769E+06
        8         8        6.774480E+06        2.602783E+03        4.142458E+02        1.000000E+00        6.774480E+06
        9         9        7.062586E+06        2.657553E+03        4.229626E+02        1.000000E+00        7.062586E+06
       10        10        7.458288E+06        2.730987E+03        4.346500E+02        1.000000E+00        7.458288E+06
1                                                       **STUDENT EDITION*    APRIL  18, 2026  MSC Nastran  3/ 3/26   PAGE     9
                                                                                                                                    
0                                                                                                            SUBCASE 1              
 *** USER INFORMATION MESSAGE 7310 (VECPRN)
     ORIGIN OF SUPERELEMENT OR MODULE BASIC COORDINATE SYSTEM WILL BE USED AS REFERENCE LOCATION.
     RESULTANTS ABOUT ORIGIN OF SUPERELEMENT OR MODULE BASIC COORDINATE SYSTEM IN SUPERELEMENT OR MODULE
     BASIC SYSTEM COORDINATES.
0                                                  SPCFORCE RESULTANT       
  SUBCASE/    LOAD
  DAREA ID    TYPE       T1            T2            T3            R1            R2            R3
0        1     FX    4.089364E+00     ----          ----          ----      -4.089364E-03  1.789699E+02                             
               FY       ----       1.935367E+02     ----       1.935367E-01     ----      -1.703854E+02                             
               FZ       ----          ----       9.872063E+05  2.180047E+01  2.921475E+01     ----                                  
               MX       ----          ----          ----      -3.613141E+01     ----          ----                                  
               MY       ----          ----          ----          ----       3.904564E-01     ----                                  
               MZ       ----          ----          ----          ----          ----      -5.399729E-02                             
             TOTALS  4.089364E+00  1.935367E+02  9.872063E+05 -1.413740E+01  2.960111E+01  8.530494E+00
0        2     FX   -1.323548E+01     ----          ----          ----       1.323548E-02  1.884491E+01                             
               FY       ----      -1.836919E+01     ----      -1.836919E-02     ----      -1.915189E+01                             
               FZ       ----          ----      -1.590182E+06 -4.421373E+01  1.232497E+01     ----                                  
               MX       ----          ----          ----       4.388904E+01     ----          ----                                  
               MY       ----          ----          ----          ----      -1.394582E+01     ----                                  
               MZ       ----          ----          ----          ----          ----      -6.880802E-03                             
             TOTALS -1.323548E+01 -1.836919E+01 -1.590182E+06 -3.430614E-01 -1.607613E+00 -3.138615E-01
0        3     FX    2.308336E+01     ----          ----          ----      -2.308336E-02 -1.553188E+02                             
               FY       ----      -3.794582E+01     ----      -3.794582E-02     ----       1.537724E+02                             
               FZ       ----          ----       1.625852E+06  1.162254E+02 -3.797270E+00     ----                                  
               MX       ----          ----          ----      -1.110035E+02     ----          ----                                  
               MY       ----          ----          ----          ----       2.099560E+01     ----                                  
               MZ       ----          ----          ----          ----          ----       9.087838E-02                             
             TOTALS  2.308336E+01 -3.794582E+01  1.625852E+06  5.183959E+00  1.717525E+01 -1.455501E+00
0        4     FX    4.036080E+02     ----          ----          ----      -4.036080E-01  3.770823E-01                             
               FY       ----       1.293888E+02     ----       1.293888E-01     ----       2.468531E+01                             
               FZ       ----          ----       1.580064E+06  1.261198E+02  6.014426E+01     ----                                  
               MX       ----          ----          ----      -1.351247E+02     ----          ----                                  
               MY       ----          ----          ----          ----       6.194844E+02     ----                                  
               MZ       ----          ----          ----          ----          ----      -2.078929E-01                             
             TOTALS  4.036080E+02  1.293888E+02  1.580064E+06 -8.875525E+00  6.792250E+02  2.485450E+01
0        5     FX    4.277136E+04     ----          ----          ----      -4.277136E+01 -1.391930E+02                             
               FY       ----       1.373223E+02     ----       1.373223E-01     ----       1.635806E+02                             
               FZ       ----          ----       9.947583E+02  1.876720E+01 -1.417474E+05     ----                                  
               MX       ----          ----          ----      -3.913964E+01     ----          ----                                  
               MY       ----          ----          ----          ----      -3.750492E+03     ----                                  
               MZ       ----          ----          ----          ----          ----      -5.743592E-02                             
             TOTALS  4.277136E+04  1.373223E+02  9.947583E+02 -2.023511E+01 -1.455407E+05  2.433008E+01
0        6     FX    1.796496E+01     ----          ----          ----      -1.796496E-02  2.953255E+00                             
               FY       ----       4.050510E+01     ----       4.050510E-02     ----      -2.186397E+00                             
               FZ       ----          ----       5.788783E+05  1.012179E+01 -4.139742E+00     ----                                  
               MX       ----          ----          ----      -1.213450E+01     ----          ----                                  
               MY       ----          ----          ----          ----       1.994573E+00     ----                                  
               MZ       ----          ----          ----          ----          ----       2.434507E-03                             
             TOTALS  1.796496E+01  4.050510E+01  5.788783E+05 -1.972199E+00 -2.163134E+00  7.692932E-01
0        7     FX    1.350230E+05     ----          ----          ----      -1.350230E+02  7.474395E+01                             
               FY       ----       4.001142E+02     ----       4.001142E-01     ----      -7.132768E+01                             
               FZ       ----          ----       1.151724E+03  9.208910E+01 -2.195126E+05     ----                                  
               MX       ----          ----          ----      -1.073761E+02     ----          ----                                  
               MY       ----          ----          ----          ----      -1.050686E+04     ----                                  
               MZ       ----          ----          ----          ----          ----       7.505425E-04                             
             TOTALS  1.350230E+05  4.001142E+02  1.151724E+03 -1.488684E+01 -2.301545E+05  3.417021E+00
0        8     FX    6.212776E+04     ----          ----          ----      -6.212776E+01 -1.466422E+02                             
               FY       ----       5.846960E+00     ----       5.846960E-03     ----       1.487733E+02                             
               FZ       ----          ----       2.555399E+03  1.656047E+02 -2.456520E+05     ----                                  
               MX       ----          ----          ----      -1.584597E+02     ----          ----                                  
               MY       ----          ----          ----          ----       2.570466E+02     ----                                  
               MZ       ----          ----          ----          ----          ----       1.082310E-01                             
             TOTALS  6.212776E+04  5.846960E+00  2.555399E+03  7.150842E+00 -2.454571E+05  2.239402E+00
0        9     FX   -7.923893E+02     ----          ----          ----       7.923893E-01 -3.089950E+02                             
               FY       ----       2.755460E+04     ----       2.755460E+01     ----       3.428436E+02                             
               FZ       ----          ----       8.107935E+02 -1.124766E+05 -5.217690E+01     ----                                  
               MX       ----          ----          ----       1.000493E+04     ----          ----                                  
               MY       ----          ----          ----          ----       2.941088E+01     ----                                  
               MZ       ----          ----          ----          ----          ----       3.008749E-02                             
             TOTALS -7.923893E+02  2.755460E+04  8.107935E+02 -1.024441E+05 -2.197363E+01  3.387871E+01
0       10     FX   -4.519366E+04     ----          ----          ----       4.519366E+01 -2.089557E+02                             
               FY       ----      -7.607352E+02     ----      -7.607352E-01     ----       1.156831E+02                             
               FZ       ----          ----      -4.324859E+04  5.465297E+00  2.354154E+05     ----                                  
               MX       ----          ----          ----       5.883445E+01     ----          ----                                  
               MY       ----          ----          ----          ----      -4.337905E+03     ----                                  
               MZ       ----          ----          ----          ----          ----       3.127961E-01                             
             TOTALS -4.519366E+04 -7.607352E+02 -4.324859E+04  6.353902E+01  2.311227E+05 -9.295980E+01
1                                                       **STUDENT EDITION*    APRIL  18, 2026  MSC Nastran  3/ 3/26   PAGE    10
                                                                                                                                    
0                                                                                                            SUBCASE 1              
0                                                  MAXIMUM  SPCFORCES       
  SUBCASE/
  DAREA ID        T1             T2             T3             R1             R2             R3
0        1   3.3406258E+04  7.6680871E+04  1.3497139E+05  9.4831558E+02  1.0859136E+03  7.4055619E-01
0        2   3.0426464E+04  8.1549480E+04  2.1898164E+05  1.5160681E+03  1.1988568E+03  6.9912386E-01
0        3   1.9257100E+05  1.0017045E+05  2.6385487E+05  5.0506495E+03  1.5677771E+03  2.9788111E+00
0        4   1.8586186E+05  1.3406171E+05  2.5753296E+05  3.2013665E+03  5.9634536E+03  3.1208953E+00
0        5   7.1772967E+03  1.6638119E+05  3.0565170E+05  9.5520506E+02  5.2338110E+02  9.9692639E-01
0        6   1.3902154E+04  2.3605738E+04  9.6357587E+04  7.4140795E+02  5.4549802E+02  2.5605666E-01
0        7   2.5825987E+04  1.8558072E+05  4.7791318E+05  2.5519974E+03  1.4207037E+03  1.2787767E+00
0        8   2.0284454E+05  1.7853998E+05  4.6571446E+05  1.1111185E+04  2.0702840E+03  2.6557105E+00
0        9   2.2031657E+04  7.1503932E+03  2.1834825E+05  1.3315962E+03  4.6096443E+02  3.3489303E-01
0       10   1.5720901E+05  4.1000525E+04  4.4052765E+05  1.5337169E+04  5.9283329E+03  3.5868076E+00
1                                                       **STUDENT EDITION*    APRIL  18, 2026  MSC Nastran  3/ 3/26   PAGE    11
                                                                                                                                    
0                                                                                                            SUBCASE 1              
0                                                  MAXIMUM  DISPLACEMENTS   
  SUBCASE/
  DAREA ID        T1             T2             T3             R1             R2             R3
0        1   1.9206932E-02  1.3857633E-02  2.4599729E+00  4.9613665E+01  5.3939905E+01  7.3399366E+00
0        2   2.4783944E-02  1.6739691E-02  2.3251202E+00  4.6575825E+01  4.8976609E+01  7.7458877E+00
0        3   2.9840824E-02  8.7735383E-03  2.4068882E+00  4.8598998E+01  5.0638603E+01  1.0138953E+01
0        4   2.9052594E-02  9.4763653E-03  2.5267015E+00  5.1106022E+01  5.4797829E+01  8.8293277E+00
0        5   3.2008266E-02  1.0232803E-02  2.6167030E+00  5.7305916E+01  8.6042536E+01  1.5104738E+01
0        6   1.9524316E-02  1.8059049E-02  1.2759932E+01  1.9543368E+02  1.5028668E+02  5.8825637E-01
0        7   3.7354682E-02  1.7941165E-02  2.4642481E+00  5.3532352E+01  8.2053082E+01  2.2092975E+01
0        8   3.9524090E-02  5.3224676E-03  2.5643217E+00  5.6232550E+01  8.4763598E+01  7.5456980E+00
0        9   3.0497019E-03  2.1308068E-02  4.1551385E+00  7.5113309E+01  6.8419840E+01  2.0367121E+01
0       10   3.5290187E-02  5.1155542E-03  2.7089852E+00  5.9492724E+01  8.9800345E+01  6.5861141E+00
 *** USER INFORMATION MESSAGE 3 (crdb::nastran::Processor::writeOutput)
 *** USER INFORMATION MESSAGE  (WRITE DATA BLOCK I4 OLAMA, TRAILER[101, 10, 0, 0, 0, 0, 0])
1                                                       **STUDENT EDITION*    APRIL  18, 2026  MSC Nastran  3/ 3/26   PAGE    12
     DEFAULT                                                                                                                        
0                                                                                                            SUBCASE 1              
      EIGENVALUE =  1.433962E+06
          CYCLES =  1.905851E+02         R E A L   E I G E N V E C T O R   N O .          1
 
      POINT ID.   TYPE          T1             T2             T3             R1             R2             R3
             1      G      0.0            0.0            0.0            0.0            0.0            0.0
             2      G      0.0            0.0            0.0            0.0            0.0            0.0
             3      G      0.0            0.0            0.0            0.0            0.0            0.0
             4      G      0.0            0.0            0.0            0.0            0.0            0.0
             5      G      0.0            0.0            0.0            0.0            0.0            0.0
             6      G      0.0            0.0            0.0            0.0            0.0            0.0
             7      G      0.0            0.0            0.0            0.0            0.0            0.0
             8      G      0.0            0.0            0.0            0.0            0.0            0.0
            10      G     -6.554309E-06  -7.668269E-05  -1.349714E-04   3.642733E-06  -7.312154E-05   7.405562E-03
            11      G     -5.381090E-06   7.564192E-05  -1.343232E-04  -1.642594E-06  -6.867595E-05  -7.298233E-03
            12      G     -3.345972E-05   4.905081E-06  -1.121867E-04  -9.279487E-05  -1.069210E-04   1.021436E-03
            13      G     -3.169170E-05  -4.828030E-06  -1.110548E-04   9.194887E-05  -1.006339E-04  -8.253916E-04
            14      G      3.282734E-05   5.009605E-06  -1.121438E-04  -9.305851E-05   1.053074E-04  -9.366973E-04
            15      G      3.192472E-05  -4.845562E-06  -1.147654E-04   9.459164E-05   9.812585E-05   1.153858E-03
            16      G      6.223420E-06  -7.406552E-05  -1.341844E-04  -2.665521E-06   7.154324E-05  -7.262278E-03
            17      G      6.107224E-06   7.466986E-05  -1.335767E-04   3.581715E-06   7.433712E-05   7.281716E-03
           100      G      5.797773E-05   2.307851E-06  -4.465904E-03   9.716771E-02  -1.560290E-02   6.509168E-04
           101      G      1.031733E-04   5.548202E-07  -7.542464E-03  -1.333038E-05  -1.140206E-02   5.623421E-05
           102      G      3.068738E-05  -1.348741E-05  -4.847276E-03   1.094305E-01  -7.700171E-03  -1.301735E-04
           103      G      5.236154E-05   2.410235E-07  -8.271839E-03  -5.643939E-05  -2.323223E-02   1.957654E-06
           104      G      1.549334E-08   2.353811E-05  -5.185578E-03   1.072865E-01  -3.846753E-05  -4.050813E-05
           105      G     -3.859346E-07  -4.161491E-08  -8.849470E-03   1.980468E-06  -8.692258E-05   7.965909E-06
           106      G      4.057866E-05   1.684120E-05  -1.173191E-04   9.459164E-05   9.812585E-05   1.153858E-03
           107      G      4.057866E-05  -1.395239E-05  -1.147003E-04   9.459164E-05   9.812585E-05   1.153858E-03
           108      G      1.618240E-06  -4.653737E-05  -4.550830E-04  -5.305908E-03  -1.339160E-04   2.805944E-05
           109      G      6.072010E-05   1.292827E-04  -1.341611E-04   3.581715E-06   7.433712E-05   7.281716E-03
           110      G      1.042216E-04   4.718247E-04  -3.085186E-03   7.825439E-02  -8.472820E-03  -5.316624E-02
           111      G      6.072010E-05  -7.415023E-05  -1.320843E-04   3.581715E-06   7.433712E-05   7.281716E-03
           112      G      7.437676E-05   2.903908E-05  -3.748492E-03   8.902164E-02  -2.859240E-02   4.900820E-03
           113      G      1.165577E-04   1.156983E-07  -4.288021E-03  -6.437501E-04  -1.201504E-02   1.062594E-03
           114      G      1.806550E-04   8.193583E-07  -5.936663E-03  -2.638819E-05  -8.639401E-02  -2.496491E-04
           115      G     -5.797151E-05   1.276693E-06  -4.468302E-03   9.774328E-02   1.544187E-02  -8.053115E-04
           116      G     -1.043230E-04  -6.295103E-07  -7.546661E-03   2.546884E-05   1.122614E-02   6.938563E-06
           117      G     -3.007118E-05  -1.468069E-05  -4.846664E-03   1.097153E-01   7.604003E-03   1.181553E-04
           118      G     -5.338276E-05  -3.262303E-07  -8.273546E-03   6.508975E-06   2.316670E-02   1.309234E-05
           119      G     -3.788214E-05   1.068520E-05  -1.136358E-04   9.194887E-05  -1.006339E-04  -8.253916E-04
           120      G     -3.788214E-05  -1.134244E-05  -1.109502E-04   9.194887E-05  -1.006339E-04  -8.253916E-04
           121      G     -6.011784E-05   1.303787E-04  -1.348260E-04  -1.642594E-06  -6.867595E-05  -7.298233E-03
           122      G     -1.041765E-04   4.709267E-04  -3.090991E-03   7.793497E-02   8.055017E-03   5.453852E-02
           123      G     -6.011784E-05  -7.351573E-05  -1.329073E-04  -1.642594E-06  -6.867595E-05  -7.298233E-03
           124      G     -7.467433E-05   2.757681E-05  -3.753280E-03   8.917548E-02   2.875922E-02  -4.913885E-03
           125      G     -1.178021E-04  -1.945448E-06  -4.295090E-03  -3.600870E-05   1.177628E-02  -9.065793E-05
           126      G     -1.820890E-04  -1.022951E-06  -5.942101E-03   1.055300E-04   8.644743E-02   5.143502E-05
           127      G      5.746982E-05  -1.287126E-06  -4.464580E-03  -9.752891E-02  -1.536789E-02  -7.378807E-04
           128      G      2.978629E-05   1.429875E-05  -4.844494E-03  -1.096332E-01  -7.790884E-03   1.371412E-04
           129      G     -5.474921E-07  -2.371315E-05  -5.187093E-03  -1.073277E-01  -4.402672E-05   8.581197E-07
           130      G      3.985257E-05  -1.259562E-05  -1.148210E-04  -9.305851E-05   1.053074E-04  -9.366973E-04
           131      G      3.985257E-05   1.240249E-05  -1.120106E-04  -9.305851E-05   1.053074E-04  -9.366973E-04
           132      G     -4.888978E-07   4.692438E-05  -4.599931E-04   5.396493E-03  -4.996278E-06  -1.406190E-05
           133      G      6.069051E-05  -1.285326E-04  -1.347409E-04  -2.665521E-06   7.154324E-05  -7.262278E-03
1                                                       **STUDENT EDITION*    APRIL  18, 2026  MSC Nastran  3/ 3/26   PAGE    13
     DEFAULT                                                                                                                        
0                                                                                                            SUBCASE 1              
      EIGENVALUE =  1.433962E+06
          CYCLES =  1.905851E+02         R E A L   E I G E N V E C T O R   N O .          1
 
      POINT ID.   TYPE          T1             T2             T3             R1             R2             R3
           134      G      1.037386E-04  -4.682750E-04  -3.073716E-03  -7.755146E-02  -8.286244E-03   5.477598E-02
           135      G      6.069051E-05   7.435729E-05  -1.327422E-04  -2.665521E-06   7.154324E-05  -7.262278E-03
           136      G      7.406898E-05  -2.765239E-05  -3.745756E-03  -8.910164E-02  -2.914459E-02  -4.878363E-03
           137      G     -5.875085E-05  -2.069742E-06  -4.470124E-03  -9.745201E-02   1.535828E-02   7.054302E-04
           138      G     -3.094250E-05   1.374100E-05  -4.847558E-03  -1.096129E-01   7.609419E-03  -1.312484E-04
           139      G     -4.112049E-05  -1.429280E-05  -1.148923E-04  -9.279487E-05  -1.069210E-04   1.021436E-03
           140      G     -4.112049E-05   1.296677E-05  -1.120388E-04  -9.279487E-05  -1.069210E-04   1.021436E-03
           141      G     -6.209603E-05  -1.322244E-04  -1.354925E-04   3.642733E-06  -7.312154E-05   7.405562E-03
           142      G     -1.055917E-04  -4.736987E-04  -3.091735E-03  -7.788613E-02   8.284305E-03  -5.460486E-02
           143      G     -6.209603E-05   7.466849E-05  -1.334496E-04   3.642733E-06  -7.312154E-05   7.405562E-03
           144      G     -7.560247E-05  -2.954702E-05  -3.756640E-03  -8.913328E-02   2.872084E-02   4.920060E-03
           200      G      6.306172E-05   1.291699E-04  -1.341611E-04   3.581715E-06   7.433712E-05   7.281716E-03
           201      G      6.306172E-05  -7.426305E-05  -1.320843E-04   3.581715E-06   7.433712E-05   7.281716E-03
           202      G      4.366963E-05   1.386157E-05  -1.173191E-04   9.459164E-05   9.812585E-05   1.153858E-03
           203      G      4.366963E-05  -1.693203E-05  -1.147003E-04   9.459164E-05   9.812585E-05   1.153858E-03
           204      G     -7.378182E-06   7.525752E-05  -6.647201E-04   3.037698E-02   8.162954E-04   3.084312E-04
           205      G      3.818144E-04   2.000896E-04  -3.255828E-03   6.903306E-02  -3.560891E-02  -3.686708E-02
           206      G      4.234748E-04   1.283712E-05  -4.495955E-03   4.214602E-03  -4.511351E-02   8.571140E-03
           207      G     -6.228113E-05   1.304304E-04  -1.348260E-04  -1.642594E-06  -6.867595E-05  -7.298233E-03
           208      G     -6.228113E-05  -7.346399E-05  -1.329073E-04  -1.642594E-06  -6.867595E-05  -7.298233E-03
           209      G     -4.105211E-05   7.788815E-06  -1.136358E-04   9.194887E-05  -1.006339E-04  -8.253916E-04
           210      G     -4.105211E-05  -1.423883E-05  -1.109502E-04   9.194887E-05  -1.006339E-04  -8.253916E-04
           211      G     -3.911078E-04   2.045228E-04  -3.264006E-03   7.952833E-02   3.496756E-02   4.829515E-02
           212      G     -4.530854E-04  -5.294626E-06  -4.506690E-03  -1.272114E-05   4.721104E-02  -1.160604E-04
           213      G      6.294412E-05  -1.284486E-04  -1.347409E-04  -2.665521E-06   7.154324E-05  -7.262278E-03
           214      G      6.294412E-05   7.444126E-05  -1.327422E-04  -2.665521E-06   7.154324E-05  -7.262278E-03
           215      G      4.316975E-05  -9.664276E-06  -1.148210E-04  -9.305851E-05   1.053074E-04  -9.366973E-04
           216      G      4.316975E-05   1.533383E-05  -1.120106E-04  -9.305851E-05   1.053074E-04  -9.366973E-04
           217      G     -1.425215E-06  -6.899323E-05  -6.727155E-04  -3.028716E-02  -2.656762E-05   1.667823E-04
           218      G      3.889622E-04  -1.937029E-04  -3.245477E-03  -8.049993E-02  -3.535083E-02   4.998143E-02
           219      G     -6.439935E-05  -1.323392E-04  -1.354925E-04   3.642733E-06  -7.312154E-05   7.405562E-03
           220      G     -6.439935E-05   7.455374E-05  -1.334496E-04   3.642733E-06  -7.312154E-05   7.405562E-03
           221      G     -4.448850E-05  -1.136977E-05  -1.148923E-04  -9.279487E-05  -1.069210E-04   1.021436E-03
           222      G     -4.448850E-05   1.588980E-05  -1.120388E-04  -9.279487E-05  -1.069210E-04   1.021436E-03
           223      G     -3.905603E-04  -2.138042E-04  -3.263505E-03  -7.960508E-02   3.511130E-02  -4.884686E-02
           224      G      1.535752E-04  -8.400804E-06  -5.086417E-03   1.058030E-01  -1.564131E-02   2.229392E-03
           225      G      2.188976E-04   1.393873E-06  -8.561036E-03  -5.697705E-05  -2.158358E-02   2.755899E-04
           226      G      6.479351E-05  -4.690794E-06  -5.592424E-03   1.210794E-01  -2.194757E-02  -1.425014E-06
           227      G      1.085117E-04   3.979032E-07  -9.391598E-03  -4.482331E-04  -2.244601E-02  -4.283247E-05
           228      G     -4.553852E-07   3.211218E-05  -6.267780E-03   9.342490E-02   1.564800E-04   2.242775E-05
           229      G     -1.366480E-07   6.699419E-07  -9.929088E-03   3.758879E-05  -4.557545E-04   1.284024E-05
           230      G      2.516004E-04   1.591924E-06  -4.286224E-03   9.306682E-02  -2.984499E-02   3.584094E-03
           231      G      3.577687E-04   5.757679E-07  -6.725959E-03   3.457513E-03  -8.720900E-02  -1.825261E-03
           232      G     -1.620471E-04  -1.038323E-05  -5.096659E-03   1.092242E-01   1.460252E-02  -2.366663E-03
           233      G     -2.156609E-04  -9.619226E-07  -8.618680E-03   1.889447E-05   2.015398E-02   3.925608E-05
           234      G     -7.045309E-05  -7.815951E-06  -5.591721E-03   1.224961E-01   2.219045E-02   9.623377E-06
           235      G     -1.076730E-04   4.923307E-08  -9.417915E-03  -2.398571E-05   2.168986E-02   3.197131E-05
           236      G     -2.619690E-04  -6.994507E-06  -4.309095E-03   1.005444E-01   3.169771E-02  -3.706907E-03
           237      G     -3.682047E-04  -2.544875E-06  -6.781797E-03   1.098545E-04   9.158101E-02   1.275454E-04
           238      G      1.569223E-04   9.439526E-06  -5.044922E-03  -1.083656E-01  -1.410011E-02  -2.405928E-03
1                                                       **STUDENT EDITION*    APRIL  18, 2026  MSC Nastran  3/ 3/26   PAGE    14
     DEFAULT                                                                                                                        
0                                                                                                            SUBCASE 1              
      EIGENVALUE =  1.433962E+06
          CYCLES =  1.905851E+02         R E A L   E I G E N V E C T O R   N O .          1
 
      POINT ID.   TYPE          T1             T2             T3             R1             R2             R3
           239      G      6.727620E-05   8.176966E-06  -5.553053E-03  -1.224761E-01  -2.340446E-02  -3.855881E-06
           240      G     -5.951865E-07  -3.082087E-05  -6.254511E-03  -9.458670E-02  -3.241602E-04  -5.578916E-05
           241      G      2.577238E-04   4.636412E-06  -4.280983E-03  -1.008243E-01  -2.967381E-02  -3.536923E-03
           242      G     -1.610369E-04   9.032693E-06  -5.091607E-03  -1.093045E-01   1.439080E-02   2.252397E-03
           243      G     -6.948068E-05   7.189264E-06  -5.581139E-03  -1.230746E-01   2.199016E-02  -4.912615E-06
           244      G     -2.609669E-04   3.143011E-06  -4.308631E-03  -1.007261E-01   3.156556E-02   3.765525E-03
           300      G      3.578308E-04   2.053175E-03  -1.212550E-03   8.348561E-01   6.283136E-02  -2.270507E-01
           301      G      8.009554E-04   1.055471E-02  -1.489524E-03   1.980524E+00   9.043052E-02   8.612080E-02
           302      G      1.668137E-04   1.175363E-03  -1.920476E-03   1.059456E+00  -4.436076E-02   5.621691E-02
           303      G      3.038496E-04   2.782633E-04  -1.959448E-04   3.968160E-03  -1.045970E-01   2.308666E-02
           304      G      1.136959E-03   4.023811E-04  -4.705604E-04   2.548741E-01   3.789970E-01   6.838762E-02
           305      G      9.054319E-03   9.757547E-04  -4.514847E-03  -8.569135E-01  -2.079064E+00   1.452954E-02
           306      G      8.162316E-03   6.066755E-05  -6.636630E-03   1.032528E-02  -3.001882E+00   2.995419E-02
           307      G     -4.999567E-04   1.937644E-03  -1.225292E-03   7.938459E-01  -4.455029E-02   2.125346E-01
           308      G     -7.993814E-04   1.129148E-02  -1.466477E-03   2.101163E+00  -1.449494E-01  -8.536111E-02
           309      G     -1.101801E-04   2.225296E-04  -1.797819E-04  -2.926364E-03   6.877859E-02  -1.119258E-02
           310      G     -1.205701E-03   3.211966E-04  -4.072253E-04   3.148148E-01  -6.030957E-01  -6.018316E-02
           311      G     -9.285561E-03   1.084447E-03  -4.542129E-03  -1.364897E+00   2.125828E+00  -5.540063E-02
           312      G     -8.286723E-03  -1.371067E-05  -6.676966E-03   1.691569E-03   3.018259E+00  -2.434446E-04
           313      G      5.356032E-04  -2.024992E-03  -1.208314E-03  -7.635152E-01   4.205813E-02   2.152957E-01
           314      G      8.517219E-04  -1.141171E-02  -1.457609E-03  -2.072973E+00   1.543446E-01  -8.257952E-02
           315      G     -1.223855E-05  -1.136267E-03  -1.928441E-03  -1.000453E+00  -7.410778E-05   6.393123E-04
           316      G      1.550236E-04  -2.321920E-04  -1.823112E-04   1.254376E-02  -5.988223E-02  -8.098593E-03
           317      G      1.242711E-03  -3.749446E-04  -4.026911E-04  -2.853513E-01   5.995751E-01  -5.835805E-02
           318      G      9.260365E-03  -1.071539E-03  -4.530940E-03   1.368445E+00  -2.127017E+00  -4.782348E-02
           319      G     -5.533450E-04  -2.006674E-03  -1.217481E-03  -7.795412E-01  -4.306982E-02  -2.143103E-01
           320      G     -8.736615E-04  -1.140171E-02  -1.456711E-03  -2.081828E+00  -1.555910E-01   8.322868E-02
           321      G     -1.619504E-04  -2.598681E-04  -1.817428E-04   8.865982E-03   6.263152E-02   1.014607E-02
           322      G     -1.255850E-03  -3.813251E-04  -4.032667E-04  -3.012851E-01  -6.037816E-01   5.932637E-02
           323      G     -9.319842E-03  -1.113523E-03  -4.537421E-03   1.366868E+00   2.119088E+00   5.511417E-02
           324      G      3.696483E-03   6.067429E-03  -1.091333E+00   2.363279E+01  -1.013498E+01   1.468310E-01
           325      G      7.926544E-03  -5.397435E-05  -1.712164E+00   2.698925E-02  -2.850972E+00  -1.331095E-03
           326      G      1.007264E-03   1.233501E-03  -1.413098E+00   3.065167E+01  -7.643609E+00  -2.826302E-02
           327      G      8.114018E-03  -8.167174E-05  -2.176798E+00  -4.070543E-02  -1.532950E+01  -3.278325E-04
           328      G     -1.109089E-04   1.363651E-02  -1.550033E+00   3.334769E+01  -4.815032E-02  -1.606225E-02
           329      G     -3.595407E-05  -7.281980E-05  -2.459928E+00   1.210142E-02   8.033239E-04   3.266947E-03
           330      G      3.604768E-03   5.601623E-04  -5.318697E-01   1.233518E+01  -2.234127E+01   5.905849E-02
           331      G      1.907967E-02  -8.031759E-05  -8.845161E-01   3.706075E-02  -3.418557E+01  -3.107338E-03
           332      G     -3.679705E-03   6.151277E-03  -1.093060E+00   2.360013E+01   1.010613E+01  -1.426048E-01
           333      G     -8.023771E-03  -3.867569E-05  -1.715177E+00   6.251425E-03   2.858844E+00  -6.928106E-04
           334      G     -1.064746E-03   1.337288E-03  -1.414500E+00   3.054555E+01   7.628270E+00   2.707728E-02
           335      G     -8.181092E-03  -8.054263E-05  -2.178292E+00  -6.086548E-04   1.526206E+01  -1.664162E-03
           336      G     -3.688570E-03   4.767079E-04  -5.336706E-01   1.206395E+01   2.230317E+01  -5.962201E-02
           337      G     -1.920693E-02  -2.938886E-05  -8.862141E-01   3.741262E-03   3.423232E+01  -5.539137E-04
           338      G      3.644441E-03  -6.255336E-03  -1.091426E+00  -2.356157E+01  -1.009155E+01  -1.409888E-01
           339      G      1.012835E-03  -1.418596E-03  -1.413021E+00  -3.050178E+01  -7.638516E+00   2.887021E-02
           340      G     -2.741538E-05  -1.385763E-02  -1.549781E+00  -3.338169E+01  -2.451660E-02  -6.042487E-04
           341      G      3.665279E-03  -5.293126E-04  -5.328948E-01  -1.205269E+01  -2.227150E+01  -5.761750E-02
           342      G     -3.707436E-03  -6.239786E-03  -1.093039E+00  -2.360580E+01   1.010421E+01   1.424457E-01
           343      G     -1.073787E-03  -1.406973E-03  -1.414302E+00  -3.054709E+01   7.615116E+00  -2.875271E-02
1                                                       **STUDENT EDITION*    APRIL  18, 2026  MSC Nastran  3/ 3/26   PAGE    15
     DEFAULT                                                                                                                        
0                                                                                                            SUBCASE 1              
      EIGENVALUE =  1.433962E+06
          CYCLES =  1.905851E+02         R E A L   E I G E N V E C T O R   N O .          1
 
      POINT ID.   TYPE          T1             T2             T3             R1             R2             R3
           344      G     -3.720361E-03  -5.311566E-04  -5.336297E-01  -1.206753E+01   2.230557E+01   5.879777E-02
           400      G      1.945452E-04   4.406726E-05  -7.979974E-04   1.548622E-02  -2.330901E-02   1.962076E-02
           401      G      4.539183E-05   3.041964E-05  -1.447524E-03   5.162052E-03  -8.723209E-03  -9.672537E-03
           402      G      1.385833E-06   7.474192E-05  -1.380677E-03   2.130569E-02  -5.282753E-04   1.220135E-03
           403      G      2.805297E-04  -2.134410E-04  -6.246232E-04   2.344188E-02  -3.923326E-03   7.073799E-03
           404      G      1.333277E-04  -5.201262E-05  -6.542393E-04   1.518701E-02   7.043613E-03  -2.234085E-02
           405      G      8.205397E-05  -2.488326E-04  -3.395389E-03   6.123889E-02  -3.063310E-02   1.458122E-02
           406      G     -5.832584E-05  -2.509957E-05  -4.898054E-03   2.490303E-03  -1.877263E-02   1.705399E-03
           407      G     -1.819849E-04   5.298885E-05  -8.161970E-04   1.596075E-02   2.598714E-02  -2.094982E-02
           408      G     -2.317016E-05   1.948903E-05  -1.503682E-03   2.753038E-03   7.710104E-03   1.398628E-02
           409      G     -2.937734E-04  -1.971116E-04  -5.932135E-04   2.321087E-02   5.944035E-03  -8.474241E-03
           410      G     -1.230282E-04  -6.072564E-05  -5.929472E-04   1.165073E-02  -6.272680E-03   2.434837E-02
           411      G     -7.743313E-05  -2.503622E-04  -3.401497E-03   7.143874E-02   3.006851E-02  -1.903493E-02
           412      G      5.149608E-05  -1.479269E-05  -4.940092E-03   2.169375E-05   1.931796E-02  -9.361463E-05
           413      G      2.023540E-04  -1.043467E-04  -8.173130E-04  -1.523527E-02  -2.573267E-02  -2.078374E-02
           414      G      4.089770E-05  -7.153763E-05  -1.492728E-03  -1.857126E-03  -8.808965E-03   1.138203E-02
           415      G     -6.083596E-06  -1.330264E-04  -1.421588E-03  -2.112859E-02  -1.099405E-05   2.976269E-05
           416      G      3.197628E-04   1.730066E-04  -5.945327E-04  -2.335214E-02  -6.111666E-03  -7.782663E-03
           417      G      1.471549E-04   1.982834E-05  -5.901043E-04  -1.147257E-02   6.089053E-03   2.472325E-02
           418      G      7.836086E-05   2.261988E-04  -3.391224E-03  -7.093656E-02  -3.058036E-02  -1.847280E-02
           419      G     -2.129705E-04  -1.003123E-04  -8.131953E-04  -1.524033E-02   2.573906E-02   2.097489E-02
           420      G     -5.304004E-05  -6.948583E-05  -1.492642E-03  -1.850141E-03   8.922026E-03  -1.116444E-02
           421      G     -3.264909E-04   1.647343E-04  -5.900979E-04  -2.399481E-02   6.496564E-03   8.047846E-03
           422      G     -1.551312E-04   2.048199E-05  -5.890669E-04  -1.185369E-02  -6.111765E-03  -2.462248E-02
           423      G     -9.119772E-05   2.193851E-04  -3.403055E-03  -7.108123E-02   3.109786E-02   1.868448E-02
           424      G      1.027506E-05   3.367881E-05  -6.837372E-03   1.436311E-01  -3.373918E-02  -7.459626E-03
           425      G     -1.908215E-06  -2.751587E-05  -1.139947E-02   4.767153E-04  -1.547007E-02   1.717575E-04
           426      G      2.117604E-05   3.833522E-05  -7.962891E-03   1.582592E-01  -3.207227E-02  -5.559408E-04
           427      G      7.161656E-06  -2.841384E-05  -1.295014E-02   1.102076E-03  -5.246665E-02   4.582849E-06
           428      G      4.074862E-06   6.922913E-05  -8.575952E-03   1.594108E-01   2.951854E-04  -3.378396E-04
           429      G     -2.553600E-06  -2.906041E-05  -1.407558E-02   1.362171E-04  -3.720306E-05  -4.849190E-05
           430      G      5.565650E-05  -3.512584E-05  -5.111062E-03   1.087437E-01  -5.403567E-02  -3.395430E-03
           431      G     -1.542523E-05  -2.044191E-05  -8.223175E-03   2.858791E-03  -1.210128E-01  -4.160647E-04
           432      G     -8.504345E-06   3.473933E-05  -6.841518E-03   1.439419E-01   3.461615E-02   7.396627E-03
           433      G     -3.713780E-06  -2.446513E-05  -1.139794E-02   2.643345E-04   1.555319E-02  -1.143013E-04
           434      G     -2.063710E-05   3.852938E-05  -7.971516E-03   1.589575E-01   3.133165E-02   3.919059E-04
           435      G     -1.136819E-05  -2.676625E-05  -1.295343E-02   5.362282E-04   5.207418E-02  -8.480130E-05
           436      G     -5.612414E-05  -2.609351E-05  -5.077094E-03   1.172380E-01   5.458828E-02   3.328241E-03
           437      G      1.022673E-05  -1.992754E-05  -8.242172E-03   2.616478E-04   1.199330E-01  -2.107203E-04
           438      G      1.038686E-05  -8.469450E-05  -6.837001E-03  -1.436001E-01  -3.416364E-02   7.728016E-03
           439      G      1.915681E-05  -9.626315E-05  -7.966306E-03  -1.595448E-01  -3.239812E-02   5.772393E-04
           440      G     -4.297728E-06  -1.253158E-04  -8.589976E-03  -1.580178E-01   1.065371E-04  -5.503762E-05
           441      G      5.731817E-05  -1.607503E-05  -5.080496E-03  -1.176339E-01  -5.452310E-02   3.730031E-03
           442      G     -2.010734E-05  -8.209355E-05  -6.835742E-03  -1.439560E-01   3.443735E-02  -7.872232E-03
           443      G     -2.815132E-05  -9.426156E-05  -7.965899E-03  -1.595422E-01   3.207297E-02  -6.478772E-04
           444      G     -6.963764E-05  -1.377258E-05  -5.080382E-03  -1.171391E-01   5.407314E-02  -3.661981E-03
           445      G      1.590231E-04  -9.199758E-04  -7.691825E-04   3.990987E-02   1.100678E-03   2.090020E-02
           446      G      8.533387E-05  -3.135068E-04  -6.838393E-04   3.588173E-02   1.161439E-03  -6.051337E-03
           447      G     -2.522582E-05  -9.789930E-05  -9.299551E-04   4.638987E-02  -1.305023E-02  -1.643331E-02
           448      G     -2.101351E-05   9.754398E-07  -1.284809E-03   4.659782E-02  -1.245323E-02  -5.740963E-03
1                                                       **STUDENT EDITION*    APRIL  18, 2026  MSC Nastran  3/ 3/26   PAGE    16
     DEFAULT                                                                                                                        
0                                                                                                            SUBCASE 1              
      EIGENVALUE =  1.433962E+06
          CYCLES =  1.905851E+02         R E A L   E I G E N V E C T O R   N O .          1
 
      POINT ID.   TYPE          T1             T2             T3             R1             R2             R3
           449      G      4.171344E-06   1.697145E-05  -1.454573E-03   4.126303E-02  -6.475374E-04  -2.802088E-04
           450      G     -7.987317E-05  -7.117418E-04  -3.261570E-03   6.076746E-02   2.380696E-02   4.138635E-02
           451      G     -1.115888E-04  -1.254427E-05  -4.539870E-03  -2.676440E-04   5.299677E-02  -2.181595E-04
           452      G     -1.442124E-04  -9.306415E-04  -7.342590E-04   4.117201E-02  -1.052787E-03  -2.171252E-02
           453      G     -6.697467E-05  -3.170295E-04  -6.570092E-04   3.645243E-02  -1.437746E-04   5.997006E-03
           454      G      5.025827E-05  -9.975762E-05  -9.414250E-04   4.566419E-02   1.442690E-02   1.841709E-02
           455      G      3.223521E-05   4.025282E-08  -1.313560E-03   4.694245E-02   1.197994E-02   5.019017E-03
           456      G      9.368842E-05  -7.180652E-04  -3.270464E-03   6.130159E-02  -2.334913E-02  -4.202773E-02
           457      G      1.201252E-04  -1.375550E-05  -4.574454E-03   5.116202E-05  -5.344635E-02  -1.648897E-04
           458      G      1.567261E-04   8.993708E-04  -7.343904E-04  -4.081580E-02   8.963079E-04  -2.179437E-02
           459      G      7.884812E-05   2.860891E-04  -6.576695E-04  -3.606777E-02   3.009880E-04   5.741771E-03
           460      G     -4.059400E-05   6.913338E-05  -9.394415E-04  -4.497773E-02  -1.459430E-02   1.782384E-02
           461      G     -3.058655E-05  -2.999240E-05  -1.326128E-03  -4.614856E-02  -1.292624E-02   5.627305E-03
           462      G     -2.941462E-06  -4.672924E-05  -1.489140E-03  -4.011843E-02   3.999536E-05   3.617697E-05
           463      G     -8.489554E-05   6.842652E-04  -3.254674E-03  -6.060785E-02   2.409305E-02  -4.125703E-02
           464      G     -1.619384E-04   9.052635E-04  -7.294733E-04  -4.114504E-02  -8.413854E-04   2.164550E-02
           465      G     -8.447082E-05   2.887005E-04  -6.540722E-04  -3.629459E-02  -2.751976E-04  -5.794030E-03
           466      G      3.496007E-05   6.996298E-05  -9.363224E-04  -4.518789E-02   1.464719E-02  -1.784691E-02
           467      G      2.508065E-05  -2.990271E-05  -1.324557E-03  -4.626084E-02   1.300036E-02  -5.670238E-03
           468      G      8.723266E-05   6.913390E-04  -3.271553E-03  -6.140827E-02  -2.322124E-02   4.171857E-02
           469      G     -1.047238E-05  -6.790290E-04  -1.901446E-03   6.104052E-02   1.240875E-02  -2.304670E-02
           470      G     -3.587874E-05  -3.158331E-04  -2.003660E-03   8.225687E-02  -1.562272E-02  -5.672018E-03
           471      G     -3.638958E-05  -7.343371E-05  -2.475138E-03   7.478607E-02  -1.896636E-02  -1.783957E-03
           472      G     -2.530571E-05  -1.078574E-05  -2.963773E-03   8.514327E-02  -1.582222E-02  -4.576568E-04
           473      G      6.689784E-06   6.185874E-06  -3.125929E-03   8.312331E-02  -8.590581E-04   1.090873E-04
           474      G     -1.133996E-04  -1.988596E-04  -3.444460E-03   4.345155E-02  -3.100647E-02  -1.224432E-02
           475      G     -9.566005E-05  -6.981160E-05  -4.332996E-03   7.953372E-02  -3.413660E-02  -2.187108E-03
           476      G     -4.549713E-05  -8.532856E-06  -5.006929E-03   8.033977E-02  -1.700745E-02  -1.237237E-03
           477      G      6.732540E-06  -3.607716E-08  -5.196702E-03   8.504035E-02  -3.976024E-04  -2.428004E-05
           478      G     -8.529686E-05  -2.871421E-04  -4.223169E-03   3.366013E-02   3.645836E-02  -9.751265E-03
           479      G     -1.770344E-04  -1.432126E-04  -4.415240E-03   4.470889E-02  -4.855054E-02  -1.156399E-03
           480      G     -1.289447E-04  -3.806542E-05  -5.695181E-03   4.321763E-02  -4.252246E-02  -1.822431E-03
           481      G     -6.644530E-05  -1.305297E-05  -6.494537E-03   4.980830E-02  -1.981025E-02  -7.016113E-04
           482      G     -1.730809E-04  -1.388692E-05  -4.770085E-03  -1.148912E-04  -5.218061E-02   2.836022E-05
           483      G     -1.487998E-04  -1.417698E-05  -6.166124E-03  -6.242086E-05  -5.135059E-02  -2.067848E-05
           484      G     -7.567136E-05  -1.449038E-05  -7.051127E-03   4.690371E-05  -1.633852E-02  -2.120247E-05
           485      G      5.702377E-06  -4.613462E-06  -6.725590E-03   4.770578E-02  -4.035086E-04  -1.951570E-05
           486      G      4.496667E-06  -1.481726E-05  -7.253948E-03   2.031292E-06  -3.562682E-04  -3.301714E-05
           487      G      2.629178E-05  -6.849914E-04  -1.892336E-03   6.204075E-02  -1.218106E-02   2.332420E-02
           488      G      5.246786E-05  -3.188720E-04  -2.000169E-03   8.333767E-02   1.642626E-02   5.650953E-03
           489      G      5.098056E-05  -7.585088E-05  -2.488902E-03   7.544415E-02   1.915755E-02   1.355197E-03
           490      G      4.021412E-05  -1.316037E-05  -2.991134E-03   8.522950E-02   1.602873E-02   6.231103E-04
           491      G      1.269727E-04  -2.011861E-04  -3.459966E-03   4.406978E-02   3.132358E-02   1.227860E-02
           492      G      1.092100E-04  -7.185599E-05  -4.358855E-03   8.001712E-02   3.437470E-02   2.192861E-03
           493      G      5.861104E-05  -1.003862E-05  -5.031958E-03   8.016801E-02   1.635969E-02   1.196823E-03
           494      G      9.618868E-05  -2.894749E-04  -4.246047E-03   3.443915E-02  -3.644909E-02   9.838002E-03
           495      G      1.886949E-04  -1.451228E-04  -4.442552E-03   4.530584E-02   4.892487E-02   1.070316E-03
           496      G      1.404024E-04  -3.933194E-05  -5.726487E-03   4.331031E-02   4.233772E-02   1.768190E-03
           497      G      7.793767E-05  -1.402911E-05  -6.517049E-03   4.971750E-02   1.923429E-02   6.561656E-04
           498      G      1.821572E-04  -1.417484E-05  -4.802749E-03  -8.453161E-05   5.235142E-02  -2.222549E-05
1                                                       **STUDENT EDITION*    APRIL  18, 2026  MSC Nastran  3/ 3/26   PAGE    17
     DEFAULT                                                                                                                        
0                                                                                                            SUBCASE 1              
      EIGENVALUE =  1.433962E+06
          CYCLES =  1.905851E+02         R E A L   E I G E N V E C T O R   N O .          1
 
      POINT ID.   TYPE          T1             T2             T3             R1             R2             R3
           499      G      1.579413E-04  -1.491349E-05  -6.197786E-03  -1.122934E-04   5.113582E-02  -3.908899E-05
           500      G      8.464027E-05  -1.504968E-05  -7.071554E-03  -9.592882E-05   1.573440E-02  -3.036555E-05
           501      G     -1.615506E-05   6.536553E-04  -1.886436E-03  -6.183072E-02   1.244403E-02   2.328091E-02
           502      G     -4.325139E-05   2.878098E-04  -1.986058E-03  -8.237524E-02  -1.609497E-02   5.736316E-03
           503      G     -4.312520E-05   4.476635E-05  -2.472352E-03  -7.464148E-02  -1.948555E-02   1.448025E-03
           504      G     -3.311161E-05  -1.755846E-05  -2.986908E-03  -8.437635E-02  -1.656034E-02   4.352749E-04
           505      G     -7.087517E-07  -3.550646E-05  -3.142866E-03  -8.262358E-02  -5.175677E-05  -8.932030E-05
           506      G     -1.181465E-04   1.713072E-04  -3.431540E-03  -4.373083E-02  -3.109787E-02   1.215794E-02
           507      G     -1.005018E-04   4.133733E-05  -4.329076E-03  -7.955975E-02  -3.456967E-02   2.178668E-03
           508      G     -5.036173E-05  -2.023764E-05  -5.015851E-03  -7.983343E-02  -1.711457E-02   1.177248E-03
           509      G      1.277843E-06  -2.947420E-05  -5.202325E-03  -8.456451E-02  -1.951054E-04  -5.334437E-05
           510      G     -8.793220E-05   2.602823E-04  -4.216131E-03  -3.377954E-02   3.659939E-02   9.737342E-03
           511      G     -1.793214E-04   1.157288E-04  -4.408236E-03  -4.506564E-02  -4.865628E-02   1.093446E-03
           512      G     -1.313696E-04   9.652762E-06  -5.692396E-03  -4.329526E-02  -4.265918E-02   1.764743E-03
           513      G     -6.900408E-05  -1.587907E-05  -6.496576E-03  -4.959243E-02  -1.984615E-02   6.464331E-04
           514      G      2.993451E-06  -2.499604E-05  -6.725825E-03  -4.757909E-02  -3.040878E-04  -3.990235E-05
           515      G      1.475029E-05   6.593739E-04  -1.889717E-03  -6.223737E-02  -1.202308E-02  -2.347417E-02
           516      G      4.163117E-05   2.904110E-04  -1.995207E-03  -8.327787E-02   1.611491E-02  -5.877881E-03
           517      G      4.169699E-05   4.537790E-05  -2.479080E-03  -7.519761E-02   1.941734E-02  -1.583551E-03
           518      G      3.164055E-05  -1.744585E-05  -2.990724E-03  -8.469718E-02   1.642883E-02  -5.381529E-04
           519      G      1.206489E-04   1.727105E-04  -3.457321E-03  -4.419810E-02   3.107445E-02  -1.238126E-02
           520      G      1.031281E-04   4.169360E-05  -4.349254E-03  -8.012580E-02   3.431964E-02  -2.277706E-03
           521      G      5.293770E-05  -2.029904E-05  -5.027137E-03  -8.013965E-02   1.674255E-02  -1.276505E-03
           522      G      9.312407E-05   2.630444E-04  -4.247631E-03  -3.441420E-02  -3.640026E-02  -9.901555E-03
           523      G      1.857099E-04   1.165077E-04  -4.441273E-03  -4.528933E-02   4.878668E-02  -1.196611E-03
           524      G      1.374445E-04   9.475705E-06  -5.721458E-03  -4.358701E-02   4.231474E-02  -1.864056E-03
           525      G      7.503750E-05  -1.614562E-05  -6.513482E-03  -4.982818E-02   1.932406E-02  -7.317301E-04
          1000      G     -1.888728E-06  -3.609476E-06  -4.335777E-04  -5.298802E-03  -1.338548E-04  -1.232835E-03
          1001      G      7.784002E-06  -1.422955E-05  -1.156869E-04   1.037819E-04   9.450853E-05  -1.789710E-02
          1002      G      1.514509E-05   1.440371E-05  -1.179567E-04   1.078836E-04   9.823873E-05  -1.423529E-02
          1003      G     -1.744408E-06  -4.355774E-06  -5.157480E-03   1.653325E-01  -2.196025E-05   1.537994E-05
          1004      G      8.868598E-06   4.396400E-07  -4.858701E-03   1.585694E-01  -9.194940E-03  -4.711559E-05
          1005      G      1.808971E-05  -7.715534E-06  -4.440943E-03   1.436751E-01  -2.178946E-02   1.941704E-04
          1006      G     -1.095064E-06  -5.693080E-08  -8.849695E-03   1.978657E-06  -8.691812E-05   1.304490E-05
          1007      G      5.226466E-06   3.081237E-07  -8.302851E-03  -4.993977E-07  -3.610812E-02   1.083109E-05
          1008      G      1.195309E-05   6.643984E-07  -7.542554E-03  -1.333613E-05  -1.140486E-02   1.014302E-05
          1009      G      1.965123E-05  -4.757644E-05  -1.320754E-04  -1.030958E-05   8.469508E-05  -2.921688E-02
          1010      G      6.734921E-05   1.119938E-04  -1.340144E-04   3.007017E-05   5.224953E-05  -1.462864E-03
          1011      G      3.850354E-05   2.293067E-05  -3.732283E-03   1.113407E-01  -2.890746E-02  -2.137774E-05
          1012      G      3.460272E-05  -5.316514E-06  -3.118905E-03   7.825031E-02  -8.478076E-03  -2.707478E-02
          1013      G      1.237516E-05   8.752345E-07  -5.976407E-03  -3.428501E-04  -9.853727E-02   1.466072E-05
          1014      G      1.772862E-05   1.478274E-06  -4.336993E-03  -6.437004E-04  -1.202589E-02   8.770695E-04
          1015      G     -1.176665E-05  -1.190458E-05  -1.119350E-04   1.023830E-04  -9.701386E-05   1.424884E-02
          1016      G     -1.912736E-05   8.644654E-06  -1.142642E-04   1.037462E-04  -1.008756E-04   1.058730E-02
          1017      G     -1.174475E-05  -6.839815E-07  -4.858251E-03   1.586687E-01   9.060662E-03   6.977039E-05
          1018      G     -2.107777E-05  -9.113401E-06  -4.442601E-03   1.438033E-01   2.176488E-02  -1.679953E-04
          1019      G     -7.646046E-06  -4.129712E-07  -8.304419E-03   1.645177E-05   3.607757E-02   1.132960E-05
          1020      G     -1.454187E-05  -8.389092E-07  -7.546751E-03   2.547631E-05   1.122895E-02   8.477858E-06
          1021      G     -2.339765E-05  -4.917428E-05  -1.328845E-04  -1.531066E-05  -7.902058E-05   2.702499E-02
          1022      G     -7.087956E-05   1.089880E-04  -1.346845E-04   2.488222E-05  -4.667139E-05  -5.999464E-04
1                                                       **STUDENT EDITION*    APRIL  18, 2026  MSC Nastran  3/ 3/26   PAGE    18
     DEFAULT                                                                                                                        
0                                                                                                            SUBCASE 1              
      EIGENVALUE =  1.433962E+06
          CYCLES =  1.905851E+02         R E A L   E I G E N V E C T O R   N O .          1
 
      POINT ID.   TYPE          T1             T2             T3             R1             R2             R3
          1023      G     -4.204166E-05   1.994917E-05  -3.734054E-03   1.111571E-01   2.904632E-02   3.467135E-05
          1024      G     -3.796909E-05  -7.458040E-06  -3.123035E-03   7.793102E-02   8.060295E-03   2.378769E-02
          1025      G     -1.512001E-05  -9.859316E-07  -5.981516E-03   7.968746E-05   9.865207E-02   8.067267E-06
          1026      G     -2.088129E-05  -1.410142E-06  -4.343112E-03  -3.600202E-05   1.178731E-02   2.110692E-04
          1027      G     -4.079441E-07   3.281046E-06  -4.381160E-04   5.389312E-03  -4.997963E-06  -4.666024E-05
          1028      G      9.560066E-06   1.285691E-05  -1.130007E-04  -1.030284E-04   1.016137E-04   1.646181E-02
          1029      G      1.705876E-05  -1.041610E-05  -1.154532E-04  -1.053635E-04   1.054833E-04   1.273156E-02
          1030      G     -6.971126E-07   4.228234E-06  -5.159162E-03  -1.652693E-01  -4.756043E-05   9.053072E-06
          1031      G      9.546920E-06   2.865705E-07  -4.857200E-03  -1.586363E-01  -9.180599E-03   6.964191E-05
          1032      G      1.888296E-05   8.833077E-06  -4.438727E-03  -1.437302E-01  -2.186445E-02  -1.665505E-04
          1033      G      2.157571E-05   4.884481E-05  -1.327315E-04   1.101980E-05   8.184663E-05   2.819507E-02
          1034      G      6.918932E-05  -1.093617E-04  -1.346028E-04  -2.919117E-05   4.947453E-05   4.986368E-04
          1035      G      3.963845E-05  -2.052936E-05  -3.724523E-03  -1.109840E-01  -2.933864E-02   4.275330E-05
          1036      G      3.564223E-05   7.430584E-06  -3.106689E-03  -7.754750E-02  -8.291553E-03   2.332820E-02
          1037      G     -1.031927E-05   1.333435E-05  -1.130271E-04  -1.024258E-04  -1.032239E-04  -1.680652E-02
          1038      G     -1.762872E-05  -1.205589E-05  -1.155248E-04  -1.053532E-04  -1.070978E-04  -1.317068E-02
          1039      G     -1.107802E-05  -2.312205E-07  -4.859779E-03  -1.586571E-01   9.052994E-03  -5.194582E-05
          1040      G     -2.057419E-05   8.028086E-06  -4.444873E-03  -1.437951E-01   2.171759E-02   1.942127E-04
          1041      G     -2.188291E-05   4.839420E-05  -1.334098E-04   1.780537E-05  -8.366095E-05  -2.892336E-02
          1042      G     -4.161517E-05  -2.265903E-05  -3.737569E-03  -1.112244E-01   2.897929E-02  -1.311914E-05
          1043      G     -3.751295E-05   5.097874E-06  -3.124694E-03  -7.788218E-02   8.289573E-03  -2.331761E-02
          1044      G     -7.018381E-05  -1.133850E-04  -1.353272E-04  -2.323480E-05  -5.075642E-05  -8.177103E-04
          2000      G     -6.400131E-06  -1.557310E-04  -7.851978E-04   3.033599E-02   8.159825E-04  -3.055722E-03
          2001      G      2.290749E-06  -1.956505E-05  -1.160949E-04   1.174632E-04   9.105009E-05  -2.215724E-02
          2002      G      2.133379E-05   1.021176E-05  -1.179306E-04   1.112887E-04   9.776589E-05  -1.267903E-02
          2003      G     -5.824247E-06  -3.194280E-05  -6.241560E-03   1.603640E-01   9.921495E-05   2.979989E-05
          2004      G      3.189672E-05  -3.199318E-05  -5.538666E-03   1.784506E-01  -2.245227E-02   2.958112E-04
          2005      G      4.334602E-05  -1.185090E-05  -5.030735E-03   1.599430E-01  -1.840920E-02   6.740931E-04
          2006      G     -3.765505E-06   3.579493E-07  -9.929310E-03   3.755453E-05  -4.557729E-04   3.443877E-05
          2007      G      1.988282E-05   8.405760E-07  -9.390961E-03  -1.012691E-04  -2.929238E-02   4.037822E-05
          2008      G      4.888466E-05   1.816983E-06  -8.561171E-03  -5.709734E-05  -2.158634E-02   4.429500E-05
          2009      G      3.276267E-05  -5.358473E-05  -1.321493E-04  -5.667629E-06   8.291079E-05  -2.373472E-02
          2010      G      6.623909E-05   1.165678E-04  -1.341307E-04   2.881885E-05   5.444582E-05  -3.492554E-03
          2011      G      7.487854E-05   2.121957E-05  -4.323651E-03   1.203662E-01  -3.086076E-02   2.212167E-04
          2012      G      9.467450E-05  -4.297724E-06  -3.397979E-03   6.903027E-02  -3.562463E-02  -1.349974E-01
          2013      G      5.702832E-05   2.540491E-06  -6.822233E-03   7.193371E-04  -1.055532E-01   5.147858E-05
          2014      G      6.222225E-05   3.532050E-06  -4.677245E-03   4.214348E-03  -4.513021E-02  -2.061741E-02
          2015      G     -1.551583E-05  -1.723625E-05  -1.123244E-04   1.164192E-04  -9.392553E-05   1.393956E-02
          2016      G     -3.496290E-05   4.324874E-06  -1.142454E-04   1.081655E-04  -1.005178E-04   4.259374E-03
          2017      G     -4.296985E-05  -3.345415E-05  -5.543049E-03   1.801759E-01   2.238459E-02  -2.317951E-04
          2018      G     -5.458297E-05  -1.514809E-05  -5.039481E-03   1.637551E-01   1.823842E-02  -5.893348E-04
          2019      G     -2.769129E-05  -3.879479E-07  -9.417356E-03  -6.136851E-05   2.841805E-02   2.875472E-05
          2020      G     -5.713998E-05  -1.118270E-06  -8.618801E-03   1.889466E-05   2.015658E-02   2.801474E-05
          2021      G     -4.596240E-05  -5.981418E-05  -1.329640E-04  -1.043084E-05  -7.740462E-05   1.674182E-02
          2022      G     -7.713973E-05   1.065170E-04  -1.347130E-04   2.128469E-05  -4.966280E-05  -2.258483E-03
          2023      G     -8.713837E-05   1.429705E-05  -4.328844E-03   1.265409E-01   3.132899E-02  -1.547363E-04
          2024      G     -1.087747E-04  -1.249093E-05  -3.403630E-03   7.952234E-02   3.498457E-02   1.589076E-01
          2025      G     -6.707413E-05  -1.959570E-06  -6.880711E-03   6.484620E-05   1.065017E-01   2.786102E-05
          2026      G     -7.475106E-05  -2.839681E-06  -4.696442E-03  -1.274066E-05   4.722929E-02   1.289651E-03
          2027      G     -1.122980E-06   1.609172E-04  -7.928157E-04  -3.024469E-02  -2.654722E-05  -4.223599E-04
1                                                       **STUDENT EDITION*    APRIL  18, 2026  MSC Nastran  3/ 3/26   PAGE    19
     DEFAULT                                                                                                                        
0                                                                                                            SUBCASE 1              
      EIGENVALUE =  1.433962E+06
          CYCLES =  1.905851E+02         R E A L   E I G E N V E C T O R   N O .          1
 
      POINT ID.   TYPE          T1             T2             T3             R1             R2             R3
          2028      G      8.455340E-06   1.829811E-05  -1.134034E-04  -1.173963E-04   9.830326E-05   1.864562E-02
          2029      G      2.918761E-05  -6.050549E-06  -1.154286E-04  -1.096481E-04   1.051297E-04   8.325244E-03
          2030      G     -2.006257E-06   3.283646E-05  -6.229108E-03  -1.611532E-01  -3.686400E-04   2.246965E-05
          2031      G      3.634412E-05   3.421918E-05  -5.512222E-03  -1.799029E-01  -2.295070E-02  -2.417180E-04
          2032      G      4.803397E-05   1.449412E-05  -4.989276E-03  -1.624527E-01  -1.915638E-02  -5.931430E-04
          2033      G      4.220253E-05   5.877001E-05  -1.328196E-04   5.302374E-06   7.985572E-05   1.889102E-02
          2034      G      7.400539E-05  -1.080589E-04  -1.346271E-04  -2.575135E-05   5.194782E-05  -4.514734E-04
          2035      G      8.069749E-05  -1.552932E-05  -4.285392E-03  -1.252868E-01  -2.966624E-02  -9.481031E-05
          2036      G      1.034155E-04   1.406550E-05  -3.386656E-03  -8.049408E-02  -3.536817E-02   1.656894E-01
          2037      G     -1.037178E-05   1.875264E-05  -1.134319E-04  -1.167766E-04  -9.992172E-05  -1.843835E-02
          2038      G     -3.003905E-05  -7.749752E-06  -1.155057E-04  -1.095962E-04  -1.067030E-04  -8.648990E-03
          2039      G     -4.048461E-05   3.354586E-05  -5.533142E-03  -1.806213E-01   2.216879E-02   2.892103E-04
          2040      G     -5.240635E-05   1.327126E-05  -5.035123E-03  -1.640580E-01   1.805666E-02   6.627668E-04
          2041      G     -4.124912E-05   5.730486E-05  -1.334896E-04   1.290601E-05  -8.200922E-05  -2.030511E-02
          2042      G     -7.336069E-05  -1.141558E-04  -1.353583E-04  -1.975159E-05  -5.365732E-05  -7.585766E-04
          2043      G     -8.526201E-05  -1.876443E-05  -4.328392E-03  -1.267785E-01   3.117761E-02   2.170203E-04
          2044      G     -1.070481E-04   7.142973E-06  -3.403700E-03  -7.959917E-02   3.512843E-02  -1.566999E-01
          3000      G      7.150614E-05  -6.966945E-03  -6.191437E-03   1.059080E+00  -4.435059E-02   7.236144E-02
          3001      G     -6.674467E-04  -5.005929E-03  -9.462163E-03   1.981351E+00   9.051252E-02  -1.178567E+00
          3002      G     -1.465755E-03  -4.393819E-03  -4.581475E-03   8.348728E-01   6.283701E-02  -9.333936E-01
          3003      G      6.586431E-05  -1.737651E-03  -1.322131E+00   4.961367E+01  -7.479914E-02  -1.091308E-03
          3004      G     -1.729805E-03  -1.319219E-03  -1.206013E+00   4.236632E+01  -6.847820E+00  -1.769718E-02
          3005      G     -2.202552E-03  -5.268859E-04  -9.123464E-01   3.415163E+01  -1.403077E+01  -7.202190E-02
          3006      G     -2.868390E-05  -1.683543E-04  -2.459973E+00   1.210204E-02   8.050024E-04  -1.652424E-03
          3007      G     -5.415363E-03  -2.043082E-04  -2.148797E+00  -5.843579E-02  -2.367896E+01  -1.664472E-03
          3008      G     -1.396783E-02  -2.670026E-04  -1.712170E+00   2.699156E-02  -2.851051E+00  -1.620496E-03
          3009      G      2.153947E-04   2.996623E-04  -7.334224E-04   2.547320E-01   3.793898E-01  -2.025661E+00
          3010      G      1.924466E-03  -2.320423E-03  -5.830237E-04   3.916355E-03  -1.044409E-01   1.231243E+00
          3011      G     -5.383775E-03  -8.515971E-04  -4.151874E-01   1.660288E+01  -2.161435E+01  -1.080498E-01
          3012      G     -7.343153E-03  -3.343727E-03  -1.288804E-02  -8.575281E-01  -2.079958E+00   5.546130E+00
          3013      G     -1.301169E-02  -3.126204E-04  -8.635202E-01   5.061721E-02  -5.388012E+01  -1.794406E-03
          3014      G     -1.535804E-02  -3.568679E-04  -1.874229E-02   1.029399E-02  -3.002107E+00   1.376698E-01
          3015      G      8.382980E-04  -5.216409E-03  -9.921592E-03   2.101936E+00  -1.450160E-01   1.478776E+00
          3016      G      1.661458E-03  -4.184895E-03  -4.429580E-03   7.938721E-01  -4.453583E-02   1.043981E+00
          3017      G      1.810208E-03  -1.268137E-03  -1.207589E+00   4.223185E+01   6.851439E+00   1.490079E-02
          3018      G      2.248893E-03  -3.658330E-04  -9.138964E-01   3.408408E+01   1.397947E+01   6.844018E-02
          3019      G      5.375676E-03  -1.163043E-04  -2.150353E+00  -5.287640E-03   2.355613E+01  -1.380256E-03
          3020      G      1.393388E-02  -8.846307E-05  -1.715184E+00   6.251418E-03   2.858923E+00  -1.144039E-03
          3021      G     -7.087058E-05   7.323588E-04  -4.613868E-04   3.146815E-01  -6.034335E-01   3.012508E+00
          3022      G     -1.746223E-03  -2.048307E-03  -3.992466E-04  -2.944282E-03   6.863622E-02  -1.107558E+00
          3023      G      5.494246E-03  -5.713746E-04  -4.169898E-01   1.633326E+01   2.158349E+01   1.039524E-01
          3024      G      7.481733E-03  -2.870257E-03  -1.310230E-02  -1.365418E+00   2.126714E+00  -7.339867E+00
          3025      G      1.297863E-02  -5.390004E-05  -8.652379E-01   5.773687E-03   5.393990E+01  -1.153019E-03
          3026      G      1.536134E-02  -2.409891E-05  -1.884657E-02   1.692868E-03   3.018474E+00   1.772600E-03
          3027      G     -1.223149E-04   6.541431E-03  -5.963325E-03  -1.000096E+00  -7.459026E-05   5.403899E-02
          3028      G     -8.796855E-04   4.872407E-03  -9.799630E-03  -2.073746E+00   1.544117E-01   1.560112E+00
          3029      G     -1.704236E-03   3.855949E-03  -4.291271E-03  -7.635385E-01   4.204264E-02   1.070495E+00
          3030      G     -7.200454E-05   1.445707E-03  -1.321744E+00  -4.958707E+01  -4.133638E-02  -1.318885E-03
          3031      G     -1.853079E-03   9.171457E-04  -1.205819E+00  -4.213515E+01  -6.856411E+00   1.447659E-02
          3032      G     -2.299503E-03   2.971536E-05  -9.123557E-01  -3.401981E+01  -1.395798E+01   6.858549E-02
1                                                       **STUDENT EDITION*    APRIL  18, 2026  MSC Nastran  3/ 3/26   PAGE    20
     DEFAULT                                                                                                                        
0                                                                                                            SUBCASE 1              
      EIGENVALUE =  1.433962E+06
          CYCLES =  1.905851E+02         R E A L   E I G E N V E C T O R   N O .          1
 
      POINT ID.   TYPE          T1             T2             T3             R1             R2             R3
          3033      G      1.034944E-05  -1.055503E-03  -3.459525E-04  -2.852163E-01   5.999120E-01   3.045499E+00
          3034      G      1.662572E-03   1.760268E-03  -3.277946E-04   1.256708E-02  -5.973610E-02  -1.010397E+00
          3035      G     -5.538330E-03   2.413594E-04  -4.163573E-01  -1.631889E+01  -2.155092E+01   1.037528E-01
          3036      G     -7.516837E-03   2.530850E-03  -1.309579E-02   1.368969E+00  -2.127904E+00  -7.185577E+00
          3037      G      6.383472E-04   4.952794E-03  -9.834190E-03  -2.082602E+00  -1.556595E-01  -1.456143E+00
          3038      G      1.465369E-03   4.001941E-03  -4.364584E-03  -7.795661E-01  -4.305582E-02  -9.650648E-01
          3039      G      1.705001E-03   9.968046E-04  -1.207219E+00  -4.219216E+01   6.836192E+00  -1.721618E-02
          3040      G      2.155557E-03   1.905076E-04  -9.138037E-01  -3.407070E+01   1.397288E+01  -7.123513E-02
          3041      G     -2.522700E-04  -8.374679E-04  -4.019009E-04  -3.011512E-01  -6.041203E-01  -2.948876E+00
          3042      G     -1.914510E-03   2.029917E-03  -3.528315E-04   8.887657E-03   6.248663E-02   1.142050E+00
          3043      G      5.405559E-03   4.679823E-04  -4.169357E-01  -1.633050E+01   2.158630E+01  -1.063162E-01
          3044      G      7.393562E-03   2.825066E-03  -1.307062E-02   1.367392E+00   2.119972E+00   7.339937E+00
          4000      G      1.618022E-06  -8.722259E-05  -1.466409E-03   2.128377E-02  -5.284873E-04   9.934336E-04
          4001      G     -1.935743E-05  -1.072890E-05  -1.468551E-03   5.180090E-03  -8.722542E-03   1.194035E-02
          4002      G     -3.127857E-05  -7.386339E-05  -8.604258E-04   1.547406E-02  -2.330969E-02  -3.977949E-02
          4003      G     -1.338677E-06  -2.094460E-05  -8.576257E-03   2.405856E-01   2.092781E-04  -6.061406E-05
          4004      G     -3.620581E-05  -3.535163E-05  -8.076586E-03   2.251999E-01  -3.232122E-02  -3.026451E-04
          4005      G     -7.357921E-05  -2.760790E-05  -6.814888E-03   2.004626E-01  -5.563027E-02  -7.022321E-04
          4006      G     -2.843803E-06  -3.017112E-05  -1.407601E-02   1.361436E-04  -3.725978E-05  -4.442089E-05
          4007      G     -5.863430E-05  -3.149820E-05  -1.306083E-02   1.472799E-03  -8.208531E-02  -2.887482E-05
          4008      G     -1.206530E-04  -3.138857E-05  -1.139971E-02   4.765342E-04  -1.547556E-02  -1.605042E-05
          4009      G     -3.119984E-05  -6.084126E-05  -7.010837E-04   1.518685E-02   7.047673E-03  -8.808352E-02
          4010      G     -1.358386E-05  -1.350769E-04  -7.338039E-04   2.343667E-02  -3.918563E-03  -1.389010E-01
          4011      G     -1.104911E-04  -5.172873E-05  -5.068339E-03   1.366944E-01  -7.025774E-02  -1.568829E-03
          4012      G     -1.528490E-04  -1.063984E-04  -3.518169E-03   6.122822E-02  -3.060589E-02  -3.283701E-01
          4013      G     -1.635374E-04  -3.144738E-05  -8.269869E-03   2.196350E-03  -2.034444E-01  -3.092744E-05
          4014      G     -1.967718E-04  -3.277283E-05  -4.974107E-03   2.490641E-03  -1.874535E-02  -7.748396E-03
          4015      G      2.234220E-05  -2.906031E-06  -1.515062E-03   2.772863E-03   7.709198E-03  -2.181981E-02
          4016      G      3.309859E-05  -6.855453E-05  -8.804750E-04   1.594760E-02   2.598797E-02   2.512958E-02
          4017      G      3.417371E-05  -3.179423E-05  -8.087078E-03   2.267465E-01   3.161490E-02   1.821932E-04
          4018      G      7.200869E-05  -2.036042E-05  -6.818779E-03   2.019352E-01   5.714035E-02   6.083305E-04
          4019      G      5.302552E-05  -2.879967E-05  -1.306372E-02   4.589187E-04   8.232852E-02  -5.768768E-05
          4020      G      1.157246E-04  -2.657866E-05  -1.139817E-02   2.643278E-04   1.555855E-02  -6.682258E-05
          4021      G      3.032429E-05  -5.035996E-05  -6.273336E-04   1.165275E-02  -6.276728E-03   7.739360E-02
          4022      G      1.053781E-05  -1.231693E-04  -7.094045E-04   2.320466E-02   5.938930E-03   1.372705E-01
          4023      G      1.093584E-04  -4.263236E-05  -5.022130E-03   1.455215E-01   7.052966E-02   1.553359E-03
          4024      G      1.528848E-04  -9.921935E-05  -3.522029E-03   7.142450E-02   3.004055E-02   3.775901E-01
          4025      G      1.600247E-04  -2.463123E-05  -8.286629E-03   2.948273E-04   2.019456E-01  -6.830496E-05
          4026      G      1.941151E-04  -2.258188E-05  -5.018372E-03   2.173467E-05   1.929011E-02  -3.705233E-03
          4027      G     -6.083196E-06   2.748409E-05  -1.506570E-03  -2.110634E-02  -1.100136E-05  -7.358883E-05
          4028      G     -2.491933E-05  -5.624605E-05  -1.500577E-03  -1.877219E-03  -8.808238E-03  -1.345297E-02
          4029      G     -3.460890E-05   1.144912E-05  -8.786695E-04  -1.522233E-02  -2.573353E-02   3.688501E-02
          4030      G     -4.525876E-06  -4.041723E-05  -8.590142E-03  -2.402948E-01   3.283003E-04  -3.965100E-05
          4031      G     -3.911466E-05  -2.751736E-05  -8.083187E-03  -2.284701E-01  -3.241300E-02   2.384339E-04
          4032      G     -7.632692E-05  -3.697710E-05  -6.812733E-03  -2.025001E-01  -5.703464E-02   6.716614E-04
          4033      G     -3.178650E-05  -4.055277E-06  -6.241593E-04  -1.147431E-02   6.093097E-03   8.906724E-02
          4034      G     -1.309764E-05   7.268146E-05  -7.119422E-04  -2.334529E-02  -6.105829E-03   1.502516E-01
          4035      G     -1.134191E-04  -1.221399E-05  -5.022122E-03  -1.461245E-01  -7.033637E-02   1.602710E-03
          4036      G     -1.560758E-04   4.570080E-05  -3.513815E-03  -7.092218E-02  -3.055267E-02   3.896784E-01
          4037      G      1.269475E-05  -5.424825E-05  -1.500463E-03  -1.870287E-03   8.921333E-03   1.372508E-02
1                                                       **STUDENT EDITION*    APRIL  18, 2026  MSC Nastran  3/ 3/26   PAGE    21
     DEFAULT                                                                                                                        
0                                                                                                            SUBCASE 1              
      EIGENVALUE =  1.433962E+06
          CYCLES =  1.905851E+02         R E A L   E I G E N V E C T O R   N O .          1
 
      POINT ID.   TYPE          T1             T2             T3             R1             R2             R3
          4038      G      2.220252E-05   1.552744E-05  -8.745758E-04  -1.522731E-02   2.573988E-02  -3.615796E-02
          4039      G      3.017185E-05  -2.539964E-05  -8.077855E-03  -2.281789E-01   3.223957E-02  -3.170681E-04
          4040      G      6.747280E-05  -3.290238E-05  -6.812072E-03  -2.027467E-01   5.691533E-02  -7.547291E-04
          4041      G      1.905393E-05   1.941193E-06  -6.245991E-04  -1.185565E-02  -6.115826E-03  -8.687988E-02
          4042      G     -3.460947E-07   7.948395E-05  -7.116190E-04  -2.398828E-02   6.491100E-03  -1.455844E-01
          4043      G      1.043996E-04  -6.167198E-06  -5.027197E-03  -1.458256E-01   6.994134E-02  -1.703826E-03
          4044      G      1.473424E-04   5.441583E-05  -3.527705E-03  -7.106687E-02   3.106994E-02  -3.827188E-01
1                                                       **STUDENT EDITION*    APRIL  18, 2026  MSC Nastran  3/ 3/26   PAGE    22
     DEFAULT                                                                                                                        
0                                                                                                            SUBCASE 1              
      EIGENVALUE =  2.101231E+06
          CYCLES =  2.307050E+02         R E A L   E I G E N V E C T O R   N O .          2
 
      POINT ID.   TYPE          T1             T2             T3             R1             R2             R3
             1      G      0.0            0.0            0.0            0.0            0.0            0.0
             2      G      0.0            0.0            0.0            0.0            0.0            0.0
             3      G      0.0            0.0            0.0            0.0            0.0            0.0
             4      G      0.0            0.0            0.0            0.0            0.0            0.0
             5      G      0.0            0.0            0.0            0.0            0.0            0.0
             6      G      0.0            0.0            0.0            0.0            0.0            0.0
             7      G      0.0            0.0            0.0            0.0            0.0            0.0
             8      G      0.0            0.0            0.0            0.0            0.0            0.0
            10      G      6.756762E-06   8.148474E-05   2.189816E-04   1.109084E-04   1.047240E-04  -6.991239E-03
            11      G      6.211247E-06  -8.149406E-05   2.189443E-04  -1.108459E-04   1.029946E-04   6.957093E-03
            12      G      3.048562E-05  -2.031076E-06   1.785455E-04   1.512967E-04   1.183096E-04  -5.895034E-04
            13      G      2.971317E-05   1.940207E-06   1.783115E-04  -1.508449E-04   1.153542E-04   5.380105E-04
            14      G     -3.046208E-05  -2.006883E-06   1.784879E-04   1.507241E-04  -1.183655E-04   6.135410E-04
            15      G     -3.010942E-05   1.962083E-06   1.791195E-04  -1.515125E-04  -1.175864E-04  -5.727719E-04
            16      G     -6.874577E-06   7.991530E-05   2.188390E-04   1.153238E-04  -1.043575E-04   6.937306E-03
            17      G     -5.706791E-06  -7.974975E-05   2.189530E-04  -1.194377E-04  -9.967914E-05  -6.823629E-03
           100      G     -2.757281E-04  -8.309508E-05   2.712535E-02  -6.513526E-01   2.043930E-01  -7.317741E-03
           101      G     -5.576454E-04  -1.801696E-07   4.889121E-02  -3.509868E-05   1.024419E-01  -3.988223E-05
           102      G     -1.330231E-04   8.351781E-05   3.337461E-02  -8.169979E-01   1.685198E-01  -5.800124E-04
           103      G     -3.662473E-04   5.522055E-08   5.949318E-02   5.154711E-06   3.811731E-01   1.198138E-06
           104      G      2.540420E-07  -2.277335E-04   3.756119E-02  -8.846533E-01   5.410206E-05  -2.931244E-06
           105      G      3.649655E-07   1.633822E-07   6.797715E-02   5.610065E-06   7.712616E-05  -1.856526E-06
           106      G     -3.440521E-05  -8.803165E-06   1.824658E-04  -1.515125E-04  -1.175864E-04  -5.727719E-04
           107      G     -3.440521E-05   6.482687E-06   1.793278E-04  -1.515125E-04  -1.175864E-04  -5.727719E-04
           108      G     -1.083793E-07   1.730953E-04   1.016553E-03   1.639820E-02   4.425075E-07   5.403208E-05
           109      G     -5.688401E-05  -1.309270E-04   2.205964E-04  -1.194377E-04  -9.967914E-05  -6.823629E-03
           110      G     -5.653221E-04  -7.127273E-04   4.755998E-03  -7.367227E-02   8.906338E-02   9.062106E-02
           111      G     -5.688401E-05   5.970816E-05   2.178116E-04  -1.194377E-04  -9.967914E-05  -6.823629E-03
           112      G     -3.499524E-04  -2.589929E-05   1.558867E-02  -3.770382E-01   4.312780E-01  -1.074445E-02
           113      G     -6.592080E-04  -2.039509E-06   6.704213E-03   1.069632E-04   1.173745E-01  -6.638083E-04
           114      G     -9.332778E-04  -1.014900E-06   2.800031E-02  -1.585088E-04   8.724594E-01   1.081897E-04
           115      G      2.766162E-04  -8.287974E-05   2.713056E-02  -6.514806E-01  -2.042075E-01   7.360803E-03
           116      G      5.584635E-04   1.414322E-07   4.889415E-02  -6.635458E-06  -1.022805E-01   8.085599E-08
           117      G      1.336457E-04   8.374839E-05   3.337662E-02  -8.170569E-01  -1.684247E-01   5.865193E-04
           118      G      3.670522E-04   1.397788E-07   5.949456E-02   2.205463E-07  -3.811281E-01   6.707690E-07
           119      G      3.374825E-05  -8.171700E-06   1.816109E-04  -1.508449E-04   1.153542E-04   5.380105E-04
           120      G      3.374825E-05   6.186457E-06   1.785324E-04  -1.508449E-04   1.153542E-04   5.380105E-04
           121      G      5.838945E-05  -1.336723E-04   2.205481E-04  -1.108459E-04   1.029946E-04   6.957093E-03
           122      G      5.657880E-04  -7.118101E-04   4.768734E-03  -7.380345E-02  -8.877551E-02  -9.119798E-02
           123      G      5.838945E-05   6.069154E-05   2.176707E-04  -1.108459E-04   1.029946E-04   6.957093E-03
           124      G      3.507372E-04  -2.587431E-05   1.559795E-02  -3.772333E-01  -4.312192E-01   1.073453E-02
           125      G      6.597789E-04   2.151415E-08   6.709625E-03   1.463115E-05  -1.171807E-01   3.798385E-06
           126      G      9.341599E-04   4.433093E-08   2.800427E-02  -1.729160E-05  -8.724917E-01   2.807968E-06
           127      G     -2.764552E-04   8.263014E-05   2.712894E-02   6.512255E-01   2.041872E-01   7.314759E-03
           128      G     -1.334065E-04  -8.331689E-05   3.337586E-02   8.168954E-01   1.685227E-01   5.701088E-04
           129      G      1.572932E-07   2.279159E-04   3.756196E-02   8.845907E-01   2.898828E-05  -4.615967E-06
           130      G     -3.506363E-05   9.524619E-06   1.818430E-04   1.507241E-04  -1.183655E-04   6.135410E-04
           131      G     -3.506363E-05  -6.849257E-06   1.786842E-04   1.507241E-04  -1.183655E-04   6.135410E-04
           132      G     -4.356045E-08  -1.730086E-04   1.016070E-03  -1.639764E-02   1.443933E-05  -1.302963E-05
           133      G     -5.890437E-05   1.319451E-04   2.204867E-04   1.153238E-04  -1.043575E-04   6.937306E-03
1                                                       **STUDENT EDITION*    APRIL  18, 2026  MSC Nastran  3/ 3/26   PAGE    23
     DEFAULT                                                                                                                        
0                                                                                                            SUBCASE 1              
      EIGENVALUE =  2.101231E+06
          CYCLES =  2.307050E+02         R E A L   E I G E N V E C T O R   N O .          2
 
      POINT ID.   TYPE          T1             T2             T3             R1             R2             R3
           134      G     -5.656354E-04   7.080043E-04   4.761301E-03   7.352317E-02   8.897234E-02  -9.131469E-02
           135      G     -5.890437E-05  -6.186589E-05   2.175712E-04   1.153238E-04  -1.043575E-04   6.937306E-03
           136      G     -3.506620E-04   2.497044E-05   1.559533E-02   3.770919E-01   4.313534E-01   1.069456E-02
           137      G      2.768457E-04   8.293696E-05   2.713122E-02   6.513567E-01  -2.042056E-01  -7.330316E-03
           138      G      1.337001E-04  -8.332947E-05   3.337731E-02   8.169636E-01  -1.684239E-01  -5.785906E-04
           139      G      3.490689E-05   9.048639E-06   1.819038E-04   1.512967E-04   1.183096E-04  -5.895034E-04
           140      G      3.490689E-05  -6.683733E-06   1.787464E-04   1.512967E-04   1.183096E-04  -5.895034E-04
           141      G      5.919105E-05   1.339190E-04   2.205989E-04   1.109084E-04   1.047240E-04  -6.991239E-03
           142      G      5.662692E-04   7.117002E-04   4.768164E-03   7.376467E-02  -8.884130E-02   9.116925E-02
           143      G      5.919105E-05  -6.139871E-05   2.176732E-04   1.109084E-04   1.047240E-04  -6.991239E-03
           144      G      3.511234E-04   2.602506E-05   1.559839E-02   3.771828E-01  -4.312277E-01  -1.072836E-02
           200      G     -6.002390E-05  -1.271647E-04   2.205964E-04  -1.194377E-04  -9.967914E-05  -6.823629E-03
           201      G     -6.002390E-05   6.347045E-05   2.178116E-04  -1.194377E-04  -9.967914E-05  -6.823629E-03
           202      G     -3.810918E-05  -4.030521E-06   1.824658E-04  -1.515125E-04  -1.175864E-04  -5.727719E-04
           203      G     -3.810918E-05   1.125533E-05   1.793278E-04  -1.515125E-04  -1.175864E-04  -5.727719E-04
           204      G     -9.374446E-07   3.363160E-05   1.379688E-03  -1.101612E-03  -1.175116E-04   2.941973E-04
           205      G     -2.186417E-04  -1.068426E-04   4.939876E-03  -8.046444E-02   3.294267E-02   1.761055E-02
           206      G     -2.013855E-04  -1.506160E-05   6.831793E-03  -3.427014E-03   4.050596E-02  -5.337960E-03
           207      G      6.163378E-05  -1.301806E-04   2.205481E-04  -1.108459E-04   1.029946E-04   6.957093E-03
           208      G      6.163378E-05   6.418319E-05   2.176707E-04  -1.108459E-04   1.029946E-04   6.957093E-03
           209      G      3.738190E-05  -3.420087E-06   1.816109E-04  -1.508449E-04   1.153542E-04   5.380105E-04
           210      G      3.738190E-05   1.093807E-05   1.785324E-04  -1.508449E-04   1.153542E-04   5.380105E-04
           211      G      2.111100E-04  -1.140589E-04   4.956955E-03  -6.747830E-02  -3.070308E-02  -2.410690E-02
           212      G      2.022806E-04  -2.497435E-07   6.835798E-03  -6.784123E-05  -3.830593E-02  -1.724074E-05
           213      G     -6.219163E-05   1.283124E-04   2.204867E-04   1.153238E-04  -1.043575E-04   6.937306E-03
           214      G     -6.219163E-05  -6.549859E-05   2.175712E-04   1.153238E-04  -1.043575E-04   6.937306E-03
           215      G     -3.879215E-05   4.776809E-06   1.818430E-04   1.507241E-04  -1.183655E-04   6.135410E-04
           216      G     -3.879215E-05  -1.159707E-05   1.786842E-04   1.507241E-04  -1.183655E-04   6.135410E-04
           217      G     -1.277059E-07  -3.375408E-05   1.379215E-03   9.625139E-04   5.466383E-05  -3.819446E-06
           218      G     -2.191988E-04   1.041958E-04   4.951203E-03   6.823587E-02   3.273827E-02  -2.533966E-02
           219      G      6.248986E-05   1.304254E-04   2.205989E-04   1.109084E-04   1.047240E-04  -6.991239E-03
           220      G      6.248986E-05  -6.489232E-05   2.176732E-04   1.109084E-04   1.047240E-04  -6.991239E-03
           221      G      3.863365E-05   4.282794E-06   1.819038E-04   1.512967E-04   1.183096E-04  -5.895034E-04
           222      G      3.863365E-05  -1.144958E-05   1.787464E-04   1.512967E-04   1.183096E-04  -5.895034E-04
           223      G      2.116808E-04   1.137226E-04   4.956269E-03   6.737950E-02  -3.062888E-02   2.407036E-02
           224      G     -1.057261E-04  -4.961570E-05   1.458263E-02  -3.349372E-01   8.496201E-02  -2.140063E-03
           225      G     -2.051685E-04  -1.532254E-06   2.553522E-02  -4.458100E-04   4.055761E-02  -1.366643E-04
           226      G     -4.635381E-05   1.975064E-05   1.736403E-02  -4.107713E-01   8.175399E-02   7.639023E-05
           227      G     -1.466260E-04  -3.844024E-07   3.026902E-02  -3.952219E-05   1.713575E-01   4.113442E-06
           228      G     -2.331100E-06  -1.253165E-04   1.970675E-02  -4.200671E-01   1.373259E-03  -9.051923E-05
           229      G     -3.881817E-06  -1.120439E-07   3.422717E-02  -6.671732E-05   1.497221E-03  -6.914409E-06
           230      G     -1.380494E-04  -2.618639E-05   9.596887E-03  -2.146561E-01   1.823145E-01  -2.082878E-03
           231      G     -3.294134E-04  -1.301695E-06   1.626684E-02  -3.363341E-03   3.795855E-01   9.713620E-04
           232      G      9.861481E-05  -5.364625E-05   1.484716E-02  -3.419872E-01  -8.630188E-02   2.194897E-03
           233      G      2.019684E-04   3.827906E-09   2.610013E-02   1.419452E-05  -3.799094E-02  -1.880221E-06
           234      G      4.144050E-05   2.042826E-05   1.751466E-02  -4.145120E-01  -7.556522E-02  -8.404283E-05
           235      G      1.381110E-04   2.418219E-09   3.055924E-02   2.862331E-07  -1.599484E-01   1.019078E-06
           236      G      1.402975E-04  -2.347476E-05   9.728846E-03  -2.129465E-01  -1.986934E-01   1.870961E-03
           237      G      2.897907E-04  -5.088875E-08   1.654414E-02  -1.693788E-05  -4.267636E-01   8.779328E-06
           238      G     -1.077421E-04   4.750619E-05   1.457206E-02   3.307711E-01   8.349384E-02   2.175769E-03
1                                                       **STUDENT EDITION*    APRIL  18, 2026  MSC Nastran  3/ 3/26   PAGE    24
     DEFAULT                                                                                                                        
0                                                                                                            SUBCASE 1              
      EIGENVALUE =  2.101231E+06
          CYCLES =  2.307050E+02         R E A L   E I G E N V E C T O R   N O .          2
 
      POINT ID.   TYPE          T1             T2             T3             R1             R2             R3
           239      G     -4.757652E-05  -2.026056E-05   1.734813E-02   4.081609E-01   8.251766E-02  -9.583657E-05
           240      G     -3.042758E-06   1.248578E-04   1.969855E-02   4.190330E-01   1.344955E-03   4.131510E-05
           241      G     -1.411332E-04   2.012125E-05   9.617488E-03   2.086166E-01   1.823520E-01   2.065429E-03
           242      G      9.878643E-05   5.347729E-05   1.484346E-02   3.415175E-01  -8.628097E-02  -2.162143E-03
           243      G      4.131916E-05  -2.034478E-05   1.750868E-02   4.137587E-01  -7.538487E-02   8.862714E-05
           244      G      1.407283E-04   2.343645E-05   9.726368E-03   2.126834E-01  -1.986313E-01  -1.864472E-03
           300      G     -5.514832E-04  -2.758743E-05   1.121155E-03  -2.090912E-02   3.097393E-02  -4.817890E-02
           301      G     -2.271402E-04   2.406218E-04   2.042097E-03   6.465059E-02   2.042381E-02   8.695372E-03
           302      G     -4.408360E-05   3.676522E-05   2.045317E-03  -1.631797E-02  -3.851906E-03   1.274711E-02
           303      G     -5.571770E-04  -5.198772E-04   1.013553E-03  -3.936240E-02   4.993289E-02   6.026035E-03
           304      G     -5.223547E-04  -1.517300E-04   9.059470E-04  -6.207201E-02  -1.264335E-02  -1.211141E-03
           305      G     -5.000999E-04  -3.433455E-04   5.368196E-03  -1.212395E-01   4.641144E-03   3.233081E-02
           306      G     -4.485032E-04  -3.874284E-05   7.580610E-03  -1.073947E-02  -4.838107E-03  -1.304835E-02
           307      G      5.770473E-04  -5.821178E-05   1.123246E-03  -2.545468E-02  -3.121762E-02   5.731070E-02
           308      G      1.858548E-04   2.445534E-04   2.063762E-03   6.978128E-02  -1.773101E-02  -7.060168E-03
           309      G      5.975210E-04  -6.095189E-04   1.016958E-03  -2.840297E-02  -7.474101E-02  -9.226922E-03
           310      G      5.453502E-04  -1.637525E-04   9.041988E-04  -6.893146E-02   1.937582E-02  -9.461501E-04
           311      G      5.263597E-04  -3.648745E-04   5.394266E-03  -1.405037E-01  -5.376958E-03  -4.337050E-02
           312      G      4.635054E-04  -8.288790E-07   7.593258E-03  -4.464391E-05   4.481390E-03   9.862288E-05
           313      G     -6.010535E-04   6.228018E-05   1.121053E-03   2.415286E-02   3.115270E-02   5.603036E-02
           314      G     -2.193375E-04  -2.355377E-04   2.065027E-03  -7.096433E-02   1.938210E-02  -9.240075E-03
           315      G      3.718860E-07  -5.102646E-06   2.044525E-03   1.887238E-02   1.442932E-05  -8.965058E-05
           316      G     -6.155221E-04   5.902544E-04   1.017166E-03   2.788585E-02   7.457281E-02  -1.041305E-02
           317      G     -5.649508E-04   1.558037E-04   9.037485E-04   6.802240E-02  -1.920463E-02  -1.874251E-03
           318      G     -5.344285E-04   3.393435E-04   5.392227E-03   1.420602E-01   6.991682E-03  -4.674891E-02
           319      G      6.000699E-04   6.574603E-05   1.121004E-03   2.442006E-02  -3.115228E-02  -5.622954E-02
           320      G      2.195811E-04  -2.351923E-04   2.064912E-03  -7.099064E-02  -1.931255E-02   9.053781E-03
           321      G      6.135896E-04   6.085553E-04   1.016138E-03   2.832072E-02  -7.460670E-02   9.661457E-03
           322      G      5.627857E-04   1.669860E-04   9.029733E-04   6.819555E-02   1.915515E-02   1.675739E-03
           323      G      5.353526E-04   3.635454E-04   5.394086E-03   1.403517E-01  -6.172461E-03   4.360070E-02
           324      G     -2.773245E-04   4.503497E-05  -6.764355E-03   1.729088E-01  -1.607742E-01   1.563960E-02
           325      G     -2.266654E-04   1.686138E-05  -1.142515E-02   9.002580E-04  -1.567490E-02  -3.549139E-04
           326      G     -1.789456E-04   4.871676E-06  -1.127719E-02   2.551752E-01  -8.961403E-02  -1.087935E-04
           327      G     -3.556504E-05   1.642266E-05  -1.763833E-02  -8.715194E-04  -2.245502E-01   4.634708E-05
           328      G      1.078399E-05   1.758944E-04  -1.297894E-02   3.482442E-01   2.439725E-04  -2.059680E-03
           329      G      1.063426E-05   1.547790E-05  -2.206561E-02   5.315937E-04  -5.210291E-04   2.672370E-04
           330      G     -4.575629E-04  -9.658718E-05   1.974475E-05   4.012756E-02  -2.222686E-01  -1.811381E-03
           331      G     -2.369672E-04   1.010746E-05  -1.897420E-03  -3.806966E-03  -3.703495E-01   1.904757E-03
           332      G      2.915297E-04   2.697575E-05  -6.739156E-03   1.738738E-01   1.702103E-01  -1.773954E-02
           333      G      2.473906E-04   4.943878E-06  -1.146821E-02  -4.993853E-04   1.466696E-02   1.607226E-04
           334      G      1.962837E-04  -1.803655E-05  -1.130737E-02   2.517149E-01   8.559966E-02   6.393274E-04
           335      G      5.625304E-05   9.993056E-06  -1.765329E-02  -2.380525E-04   2.239322E-01   1.610184E-04
           336      G      4.892163E-04  -1.192891E-04   8.227967E-05   3.775448E-02   2.158248E-01   1.805538E-03
           337      G      2.536358E-04   1.441754E-06  -1.940599E-03  -4.612502E-04   3.716721E-01   1.031725E-04
           338      G     -2.928700E-04  -1.752045E-05  -6.778112E-03  -1.747135E-01  -1.695439E-01  -1.807389E-02
           339      G     -1.896577E-04   3.665966E-05  -1.133370E-02  -2.516733E-01  -8.499013E-02   1.782128E-04
           340      G      6.039526E-06  -1.509336E-04  -1.298610E-02  -3.507656E-01  -2.561443E-04  -2.084946E-04
           341      G     -4.961142E-04   1.123590E-04   7.469152E-05  -3.707330E-02  -2.184453E-01   1.280979E-03
           342      G      3.011784E-04  -1.933433E-05  -6.748727E-03  -1.737867E-01   1.702048E-01   1.781078E-02
           343      G      2.010523E-04   3.421359E-05  -1.132802E-02  -2.516683E-01   8.594224E-02  -2.804307E-04
1                                                       **STUDENT EDITION*    APRIL  18, 2026  MSC Nastran  3/ 3/26   PAGE    25
     DEFAULT                                                                                                                        
0                                                                                                            SUBCASE 1              
      EIGENVALUE =  2.101231E+06
          CYCLES =  2.307050E+02         R E A L   E I G E N V E C T O R   N O .          2
 
      POINT ID.   TYPE          T1             T2             T3             R1             R2             R3
           344      G      4.992295E-04   1.219556E-04   8.176975E-05  -3.749690E-02   2.164409E-01  -1.623600E-03
           400      G     -1.004170E-03  -4.520738E-03   2.763394E-03  -9.555477E-01   3.982270E-02   2.675405E-01
           401      G     -1.112735E-03  -1.672909E-02   3.917507E-03  -2.714668E+00  -1.972431E-01  -4.730339E-02
           402      G     -3.532326E-06  -4.772974E-03   4.264750E-03  -1.213255E+00   7.542653E-04   6.299905E-04
           403      G     -3.033130E-04  -2.522916E-04   6.527148E-04  -7.092635E-02   1.907047E-02  -4.316931E-02
           404      G     -1.617867E-03   9.695338E-04   1.188534E-03  -2.263068E-01  -6.927596E-01  -9.203809E-03
           405      G     -1.515399E-02  -1.087500E-03   7.564817E-03   1.665011E+00   2.717993E+00  -2.213364E-01
           406      G     -1.634283E-02   1.877073E-06   1.079261E-02   9.164892E-05   3.452910E+00  -1.301614E-03
           407      G      9.951198E-04  -4.525176E-03   2.775838E-03  -9.559979E-01  -4.000691E-02  -2.676906E-01
           408      G      1.103570E-03  -1.673205E-02   3.940701E-03  -2.715021E+00   1.972249E-01   4.784283E-02
           409      G      2.974738E-04  -2.677029E-04   6.535318E-04  -7.471624E-02  -1.671952E-02   4.175978E-02
           410      G      1.616144E-03   9.629450E-04   1.192552E-03  -2.265657E-01   6.917872E-01   1.047407E-02
           411      G      1.515422E-02  -1.098013E-03   7.597930E-03   1.666012E+00  -2.718511E+00   2.199097E-01
           412      G      1.634369E-02  -9.036435E-07   1.081130E-02   1.527804E-05  -3.453253E+00   7.248305E-05
           413      G     -1.007040E-03   4.530635E-03   2.774312E-03   9.561982E-01   4.010911E-02  -2.678195E-01
           414      G     -1.113545E-03   1.673969E-02   3.939574E-03   2.715455E+00  -1.971426E-01   4.781984E-02
           415      G     -4.297233E-07   4.782268E-03   4.272970E-03   1.213928E+00  -4.155932E-06  -2.548136E-05
           416      G     -3.105861E-04   2.591042E-04   6.543765E-04   7.455142E-02   1.672359E-02   4.147088E-02
           417      G     -1.628837E-03  -9.641806E-04   1.191028E-03   2.264868E-01  -6.916996E-01   1.021210E-02
           418      G     -1.515827E-02   1.090559E-03   7.594735E-03  -1.666441E+00   2.718753E+00   2.196792E-01
           419      G      1.005604E-03   4.529733E-03   2.773476E-03   9.562524E-01  -4.012401E-02   2.677367E-01
           420      G      1.112508E-03   1.673927E-02   3.939186E-03   2.715508E+00   1.971280E-01  -4.786375E-02
           421      G      3.079899E-04   2.653036E-04   6.512105E-04   7.489613E-02  -1.698046E-02  -4.160610E-02
           422      G      1.626857E-03  -9.618479E-04   1.189866E-03   2.269407E-01   6.917762E-01  -1.033126E-02
           423      G      1.515824E-02   1.096081E-03   7.597513E-03  -1.666010E+00  -2.718780E+00  -2.197426E-01
           424      G     -4.952703E-03  -6.509943E-03   8.673716E-01  -2.150922E+01   8.239814E+00  -2.553016E-01
           425      G     -1.474714E-02   4.872974E-06   1.580219E+00   2.731614E-04   3.205110E+00  -5.231939E-05
           426      G     -1.941932E-03  -2.220661E-03   1.122964E+00  -2.719808E+01   6.605796E+00   2.172670E-02
           427      G     -1.087664E-02   5.437873E-06   1.988639E+00   3.048972E-04   1.499363E+01   3.151560E-06
           428      G     -9.737779E-07  -1.490679E-02   1.273026E+00  -3.176317E+01   4.348542E-04  -1.041318E-04
           429      G      2.842049E-07   4.991232E-06   2.325023E+00   3.538118E-04  -1.304935E-04   3.380090E-05
           430      G     -7.472797E-03  -6.239742E-04   4.166223E-01  -1.047800E+01   1.602934E+01  -8.654633E-02
           431      G     -2.478232E-02   3.926210E-06   7.983605E-01  -1.089607E-03   3.120141E+01   2.348815E-04
           432      G      4.952183E-03  -6.513989E-03   8.673932E-01  -2.150969E+01  -8.240471E+00   2.554984E-01
           433      G      1.474808E-02   2.584471E-06   1.580251E+00   1.588878E-04  -3.205419E+00   4.702712E-05
           434      G      1.940735E-03  -2.222156E-03   1.122987E+00  -2.719791E+01  -6.605340E+00  -2.163298E-02
           435      G      1.087705E-02   4.027743E-06   1.988656E+00   2.858797E-04  -1.499291E+01   4.179267E-05
           436      G      7.471549E-03  -6.302650E-04   4.166501E-01  -1.047937E+01  -1.602838E+01   8.662369E-02
           437      G      2.478394E-02   8.407275E-07   7.983889E-01   6.204725E-05  -3.120194E+01   5.979573E-05
           438      G     -4.954457E-03   6.519931E-03   8.673767E-01   2.150912E+01   8.240048E+00   2.553438E-01
           439      G     -1.941987E-03   2.231353E-03   1.122975E+00   2.719767E+01   6.605777E+00  -2.173109E-02
           440      G      2.957119E-07   1.491675E-02   1.273029E+00   3.176318E+01   2.491938E-05  -1.129431E-05
           441      G     -7.474724E-03   6.318302E-04   4.166467E-01   1.047949E+01   1.602796E+01   8.642036E-02
           442      G      4.955288E-03   6.518851E-03   8.673906E-01   2.150984E+01  -8.240394E+00  -2.553576E-01
           443      G      1.942681E-03   2.230420E-03   1.122984E+00   2.719802E+01  -6.605429E+00   2.173278E-02
           444      G      7.475372E-03   6.316627E-04   4.166506E-01   1.047939E+01  -1.602829E+01  -8.650044E-02
           445      G     -3.610137E-04   1.738134E-03   9.056910E-04  -9.110981E-02   7.310681E-02  -4.836844E-02
           446      G      9.638004E-05   4.832456E-04   1.329814E-03  -1.955012E-01  -6.742677E-03   7.546078E-02
           447      G     -3.253854E-07   1.355752E-04   2.403626E-03  -3.156805E-01   7.029002E-02  -1.604897E-02
           448      G      1.499596E-04  -8.822674E-05   3.898265E-03  -1.520318E-01   2.328093E-02   3.528908E-02
1                                                       **STUDENT EDITION*    APRIL  18, 2026  MSC Nastran  3/ 3/26   PAGE    26
     DEFAULT                                                                                                                        
0                                                                                                            SUBCASE 1              
      EIGENVALUE =  2.101231E+06
          CYCLES =  2.307050E+02         R E A L   E I G E N V E C T O R   N O .          2
 
      POINT ID.   TYPE          T1             T2             T3             R1             R2             R3
           449      G     -9.673624E-07  -2.713218E-05   4.062147E-03  -4.362141E-01   2.716648E-04   2.773101E-04
           450      G      7.353160E-04   1.439065E-03   6.335128E-03  -1.678398E-01   5.211224E-01  -8.906017E-02
           451      G      1.023056E-03   4.505037E-06   9.356466E-03  -5.690984E-04   6.603472E-01  -4.615723E-04
           452      G      3.548627E-04   1.740293E-03   9.077479E-04  -9.080041E-02  -7.352434E-02   4.865932E-02
           453      G     -1.047162E-04   4.822063E-04   1.335901E-03  -1.958529E-01   6.592696E-03  -7.586145E-02
           454      G     -6.671905E-06   1.348693E-04   2.418060E-03  -3.162473E-01  -7.051832E-02   1.591134E-02
           455      G     -1.542299E-04  -8.850463E-05   3.911664E-03  -1.523355E-01  -2.297872E-02  -3.515968E-02
           456      G     -7.416482E-04   1.437010E-03   6.364488E-03  -1.683617E-01  -5.209228E-01   8.886921E-02
           457      G     -1.028273E-03  -1.323820E-06   9.377390E-03   1.808521E-07  -6.607961E-01   3.553514E-05
           458      G     -3.634133E-04  -1.740422E-03   9.085897E-04   9.059970E-02   7.351722E-02   4.876513E-02
           459      G      9.670033E-05  -4.805799E-04   1.335217E-03   1.958736E-01  -6.712513E-03  -7.576112E-02
           460      G      2.225727E-07  -1.328786E-04   2.416838E-03   3.165104E-01   7.055899E-02   1.601094E-02
           461      G      1.503101E-04   9.055332E-05   3.914568E-03   1.528373E-01   2.320973E-02  -3.526033E-02
           462      G     -1.117894E-06   2.889885E-05   4.072855E-03   4.370684E-01  -1.256802E-05   6.470991E-06
           463      G      7.361594E-04  -1.435191E-03   6.358882E-03   1.681607E-01   5.204615E-01   8.869799E-02
           464      G      3.604814E-04  -1.743535E-03   9.049157E-04   9.079936E-02  -7.355097E-02  -4.864358E-02
           465      G     -9.935663E-05  -4.833819E-04   1.333393E-03   1.959677E-01   6.638029E-03   7.579547E-02
           466      G     -2.601448E-06  -1.345715E-04   2.415933E-03   3.165682E-01  -7.057500E-02  -1.599473E-02
           467      G     -1.525803E-04   8.977686E-05   3.914040E-03   1.528640E-01  -2.322738E-02   3.527503E-02
           468      G     -7.398891E-04  -1.439901E-03   6.363807E-03   1.684087E-01  -5.209454E-01  -8.880276E-02
           469      G      2.822331E-04   1.255739E-03   3.184919E-03  -8.253507E-02   2.919908E-01   5.499137E-02
           470      G      2.346645E-04   5.237657E-04   9.529919E-03  -4.413961E-01   1.811711E-01   1.329134E-03
           471      G      2.340614E-04   8.547009E-05   1.391542E-02  -5.569844E-01   1.267729E-01   1.422233E-02
           472      G      1.075494E-04  -1.055255E-05   1.630645E-02  -7.027331E-01   8.233246E-02  -4.271053E-03
           473      G     -2.699434E-06  -1.991448E-05   1.801148E-02  -6.499460E-01   3.539538E-04  -8.983992E-05
           474      G      5.412694E-04   3.081503E-04   1.903232E-02  -3.288471E-01   3.860515E-01   2.978548E-02
           475      G      3.819356E-04   8.684470E-05   2.827406E-02  -5.875093E-01   2.717190E-01   2.856220E-03
           476      G      1.915135E-04  -6.680756E-06   3.340555E-02  -6.709868E-01   1.233475E-01   3.509107E-03
           477      G     -2.935669E-06  -5.321617E-06   3.516076E-02  -7.100847E-01   4.208688E-04   1.076690E-05
           478      G      6.133255E-04   5.482658E-04   8.707678E-03  -5.585287E-02   5.865355E-01   2.157207E-02
           479      G      7.725935E-04   2.330348E-04   2.542114E-02  -2.359667E-01   5.979372E-01   3.328545E-03
           480      G      4.968646E-04   3.248406E-05   3.886879E-02  -3.346043E-01   3.610100E-01   4.389601E-03
           481      G      2.495585E-04   2.285597E-06   4.597773E-02  -4.155091E-01   1.774626E-01   1.053762E-03
           482      G      7.756498E-04   1.520713E-06   2.785671E-02  -2.057789E-04   6.043344E-01   1.216047E-04
           483      G      5.624780E-04   1.419504E-06   4.257036E-02  -3.737539E-04   4.336998E-01  -5.254207E-06
           484      G      2.717955E-04   1.224136E-06   5.074367E-02  -3.131237E-04   1.869371E-01   1.174979E-05
           485      G     -2.865256E-06  -5.719450E-06   4.838318E-02  -4.284998E-01   3.854729E-04   5.706678E-06
           486      G     -2.626277E-06   1.081676E-06   5.329455E-02  -2.520233E-04   3.291909E-04   1.153118E-05
           487      G     -2.890144E-04   1.255585E-03   3.196185E-03  -8.342394E-02  -2.921518E-01  -5.510665E-02
           488      G     -2.415127E-04   5.227518E-04   9.547782E-03  -4.419830E-01  -1.815709E-01  -1.245327E-03
           489      G     -2.402956E-04   8.502102E-05   1.394157E-02  -5.574689E-01  -1.268040E-01  -1.418816E-02
           490      G     -1.130766E-04  -1.043260E-05   1.632558E-02  -7.030143E-01  -8.176487E-02   4.245988E-03
           491      G     -5.477513E-04   3.068654E-04   1.906274E-02  -3.293145E-01  -3.862907E-01  -2.975058E-02
           492      G     -3.881254E-04   8.620148E-05   2.830699E-02  -5.876482E-01  -2.715458E-01  -2.846900E-03
           493      G     -1.974716E-04  -6.792302E-06   3.342754E-02  -6.710066E-01  -1.227164E-01  -3.506566E-03
           494      G     -6.190157E-04   5.452010E-04   8.738488E-03  -5.550786E-02  -5.866552E-01  -2.144168E-02
           495      G     -7.787080E-04   2.310460E-04   2.545529E-02  -2.358213E-01  -5.980772E-01  -3.320451E-03
           496      G     -5.027372E-04   3.166322E-05   3.890216E-02  -3.345283E-01  -3.607443E-01  -4.359640E-03
           497      G     -2.553210E-04   1.974130E-06   4.599861E-02  -4.153984E-01  -1.768408E-01  -1.036721E-03
           498      G     -7.809343E-04  -5.164806E-07   2.788648E-02  -2.266479E-06  -6.044749E-01   2.279154E-05
1                                                       **STUDENT EDITION*    APRIL  18, 2026  MSC Nastran  3/ 3/26   PAGE    27
     DEFAULT                                                                                                                        
0                                                                                                            SUBCASE 1              
      EIGENVALUE =  2.101231E+06
          CYCLES =  2.307050E+02         R E A L   E I G E N V E C T O R   N O .          2
 
      POINT ID.   TYPE          T1             T2             T3             R1             R2             R3
           499      G     -5.677503E-04   2.593036E-07   4.259898E-02  -4.258825E-05  -4.334640E-01   2.070234E-05
           500      G     -2.770476E-04   7.794449E-07   5.076134E-02  -1.307774E-04  -1.864342E-01   1.530779E-05
           501      G      2.824042E-04  -1.254791E-03   3.193856E-03   8.334460E-02   2.919366E-01  -5.516638E-02
           502      G      2.354671E-04  -5.210161E-04   9.543369E-03   4.416720E-01   1.816008E-01  -1.309551E-03
           503      G      2.347888E-04  -8.271252E-05   1.394032E-02   5.572208E-01   1.269735E-01  -1.422393E-02
           504      G      1.082826E-04   1.287105E-05   1.633301E-02   7.029257E-01   8.219230E-02   4.273787E-03
           505      G     -1.552456E-06   2.195747E-05   1.803190E-02   6.500817E-01   3.638093E-05   2.086989E-05
           506      G      5.423533E-04  -3.052033E-04   1.905068E-02   3.289807E-01   3.862528E-01  -2.974469E-02
           507      G      3.828906E-04  -8.401837E-05   2.829778E-02   5.871910E-01   2.717982E-01  -2.854832E-03
           508      G      1.923685E-04   9.119187E-06   3.342965E-02   6.706608E-01   1.232197E-01  -3.502098E-03
           509      G     -1.954085E-06   7.488544E-06   3.517932E-02   7.098600E-01   1.307906E-04   1.678957E-05
           510      G      6.136357E-04  -5.436261E-04   8.727142E-03   5.513778E-02   5.862094E-01  -2.137077E-02
           511      G      7.735850E-04  -2.293112E-04   2.543444E-02   2.352442E-01   5.979548E-01  -3.345666E-03
           512      G      4.974893E-04  -2.981505E-05   3.888323E-02   3.340907E-01   3.609914E-01  -4.358816E-03
           513      G      2.501013E-04   2.113591E-07   4.599147E-02   4.149196E-01   1.773839E-01  -1.038606E-03
           514      G     -2.311823E-06   7.881037E-06   4.839390E-02   4.280590E-01   2.302630E-04   1.450943E-05
           515      G     -2.856518E-04  -1.258602E-03   3.194171E-03   8.348722E-02  -2.921778E-01   5.519171E-02
           516      G     -2.384775E-04  -5.238328E-04   9.547128E-03   4.420352E-01  -1.815970E-01   1.337637E-03
           517      G     -2.378981E-04  -8.439951E-05   1.394379E-02   5.575240E-01  -1.269675E-01   1.426075E-02
           518      G     -1.113836E-04   1.209108E-05   1.633525E-02   7.031243E-01  -8.213317E-02  -4.237682E-03
           519      G     -5.460841E-04  -3.078736E-04   1.906292E-02   3.293240E-01  -3.863161E-01   2.980502E-02
           520      G     -3.866781E-04  -8.559959E-05   2.830989E-02   5.876391E-01  -2.717133E-01   2.887593E-03
           521      G     -1.962583E-04   8.420180E-06   3.343709E-02   6.709125E-01  -1.230106E-01   3.535002E-03
           522      G     -6.182129E-04  -5.479633E-04   8.738383E-03   5.552045E-02  -5.866645E-01   2.149486E-02
           523      G     -7.779606E-04  -2.320600E-04   2.545556E-02   2.358195E-01  -5.981017E-01   3.368434E-03
           524      G     -5.020407E-04  -3.112230E-05   3.890412E-02   3.344677E-01  -3.608393E-01   4.400492E-03
           525      G     -2.547029E-04  -3.907391E-07   4.600435E-02   4.151765E-01  -1.770080E-01   1.067244E-03
          1000      G      1.202357E-06   3.247496E-05   9.516716E-04   1.638362E-02   4.478494E-07   5.979872E-04
          1001      G      1.125252E-05   4.521240E-06   1.838988E-04  -2.362140E-04  -1.149784E-04   2.381396E-02
          1002      G      2.310327E-05  -1.012507E-05   1.849344E-04  -1.879863E-04  -1.214567E-04   2.974009E-02
          1003      G      1.196025E-06  -1.756291E-05   3.703781E-02  -1.349205E+00   3.238653E-05  -2.300868E-06
          1004      G      3.798830E-05  -2.367054E-05   3.371824E-02  -1.187753E+00   1.745432E-01   5.716102E-04
          1005      G      5.684054E-05  -1.652557E-05   2.664853E-02  -9.580969E-01   3.357114E-01   1.312935E-03
          1006      G      9.954088E-07   1.172781E-07   6.797975E-02   5.608929E-06   7.712439E-05  -2.699141E-06
          1007      G      1.031220E-04   1.787317E-08   6.011116E-02  -1.601533E-05   5.849853E-01  -2.903178E-06
          1008      G      2.488456E-04   1.065926E-07   4.889224E-02  -3.510018E-05   1.024878E-01  -4.100074E-06
          1009      G      6.351545E-07   2.570737E-05   2.183567E-04  -9.802201E-05  -1.352706E-04   3.711832E-02
          1010      G     -8.699708E-05  -8.426372E-05   2.186594E-04  -1.463505E-04  -8.543656E-05  -1.190310E-02
          1011      G      9.881561E-05  -3.080025E-05   1.500257E-02  -5.192700E-01   5.074118E-01   2.162200E-03
          1012      G      1.535216E-04   4.977431E-05   5.114791E-03  -7.364670E-02   8.910355E-02  -1.712630E-01
          1013      G      2.496731E-04  -7.616985E-08   2.821640E-02   1.605879E-05   1.302948E+00  -9.124179E-06
          1014      G      2.850551E-04  -2.610158E-07   7.179483E-03   1.069056E-04   1.174106E-01  -6.595082E-04
          1015      G     -8.789667E-06   4.261455E-06   1.831019E-04  -2.357202E-04   1.127727E-04  -2.221439E-02
          1016      G     -2.060741E-05  -9.526479E-06   1.840775E-04  -1.872193E-04   1.192681E-04  -2.812406E-02
          1017      G     -3.565902E-05  -2.356004E-05   3.372043E-02  -1.187818E+00  -1.744168E-01  -5.772846E-04
          1018      G     -5.444408E-05  -1.618337E-05   2.665358E-02  -9.582168E-01  -3.356206E-01  -1.315530E-03
          1019      G     -1.010628E-04   8.964718E-08   6.011253E-02   1.063224E-06  -5.850129E-01  -1.851340E-06
          1020      G     -2.467067E-04   1.959470E-07   4.889518E-02  -6.638404E-06  -1.023265E-01  -1.959887E-06
          1021      G      1.798667E-06   2.696987E-05   2.181734E-04  -8.910273E-05   1.387708E-04  -3.682200E-02
          1022      G      9.005293E-05  -8.540236E-05   2.185678E-04  -1.381412E-04   8.844712E-05   1.256919E-02
1                                                       **STUDENT EDITION*    APRIL  18, 2026  MSC Nastran  3/ 3/26   PAGE    28
     DEFAULT                                                                                                                        
0                                                                                                            SUBCASE 1              
      EIGENVALUE =  2.101231E+06
          CYCLES =  2.307050E+02         R E A L   E I G E N V E C T O R   N O .          2
 
      POINT ID.   TYPE          T1             T2             T3             R1             R2             R3
          1023      G     -9.600541E-05  -3.064638E-05   1.500999E-02  -5.193808E-01  -5.073342E-01  -2.166453E-03
          1024      G     -1.507217E-04   5.034640E-05   5.126370E-03  -7.377785E-02  -8.881574E-02   1.711331E-01
          1025      G     -2.475724E-04   1.979074E-07   2.822001E-02  -1.643433E-05  -1.303028E+00  -1.186976E-06
          1026      G     -2.829044E-04   2.805910E-07   7.184126E-03   1.463380E-05  -1.172168E-01   1.848804E-04
          1027      G      7.565592E-07  -3.239334E-05   9.511912E-04  -1.638306E-02   1.444352E-05  -3.273448E-04
          1028      G      1.067044E-05  -4.854767E-06   1.832519E-04   2.353216E-04  -1.157551E-04  -2.389585E-02
          1029      G      2.236377E-05   1.078306E-05   1.843094E-04   1.874807E-04  -1.222385E-04  -2.974352E-02
          1030      G      8.585585E-07   1.753200E-05   3.703886E-02   1.349200E+00   1.222294E-05  -8.516996E-07
          1031      G      3.752158E-05   2.387436E-05   3.372031E-02   1.187771E+00   1.744897E-01  -5.766073E-04
          1032      G      5.628043E-05   1.634126E-05   2.665200E-02   9.581286E-01   3.356629E-01  -1.317364E-03
          1033      G     -1.433238E-07  -2.706411E-05   2.180891E-04   9.348754E-05  -1.401467E-04  -3.789590E-02
          1034      G     -8.849749E-05   8.569620E-05   2.185187E-04   1.426493E-04  -8.975458E-05   1.155490E-02
          1035      G      9.788636E-05   3.101394E-05   1.500665E-02   5.192354E-01   5.074212E-01  -2.171413E-03
          1036      G      1.524926E-04  -5.042046E-05   5.119726E-03   7.349760E-02   8.901262E-02   1.705275E-01
          1037      G     -9.177552E-06  -4.709596E-06   1.833169E-04   2.359583E-04   1.157156E-04   2.304899E-02
          1038      G     -2.095860E-05   1.034895E-05   1.843724E-04   1.878751E-04   1.222022E-04   2.894038E-02
          1039      G     -3.584457E-05   2.380934E-05   3.372138E-02   1.187803E+00  -1.744184E-01   5.729124E-04
          1040      G     -5.457293E-05   1.636593E-05   2.665441E-02   9.582053E-01  -3.356264E-01   1.310038E-03
          1041      G      1.430737E-06  -2.703160E-05   2.181726E-04   8.898710E-05   1.405706E-04   3.745747E-02
          1042      G     -9.606721E-05   3.124757E-05   1.501057E-02   5.193823E-01  -5.073397E-01   2.161836E-03
          1043      G     -1.507785E-04  -4.991823E-05   5.126063E-03   7.373908E-02  -8.888153E-02  -1.709937E-01
          1044      G      8.994777E-05   8.651268E-05   2.186123E-04   1.383135E-04   9.006022E-05  -1.208913E-02
          2000      G      3.556642E-06   3.801255E-05   1.383011E-03  -1.100185E-03  -1.174716E-04   2.413704E-03
          2001      G     -7.975346E-07   1.118362E-05   1.825451E-04  -1.964843E-04  -1.072402E-04   1.962425E-02
          2002      G     -6.141346E-06  -3.363854E-06   1.839796E-04  -1.718583E-04  -1.191865E-04   1.698549E-02
          2003      G      4.827874E-06  -1.500565E-06   1.936636E-02  -6.426833E-01   2.620915E-03   2.597964E-05
          2004      G      1.095115E-05  -4.841577E-06   1.735748E-02  -5.895418E-01   8.317933E-02   2.899116E-04
          2005      G      1.256876E-05  -1.079185E-06   1.426584E-02  -4.866136E-01   1.422359E-01   5.322310E-04
          2006      G      7.781627E-06   3.959439E-07   3.422832E-02  -6.676793E-05   1.497549E-03   1.620929E-05
          2007      G      4.595762E-05   6.638449E-07   3.047678E-02  -3.174575E-04   2.598311E-01   2.486706E-05
          2008      G      1.040034E-04   1.952015E-06   2.553572E-02  -4.459193E-04   4.057792E-02   2.964252E-05
          2009      G     -2.748432E-05   4.300324E-05   2.183254E-04  -1.075500E-04  -1.189274E-04   2.441167E-02
          2010      G     -9.173442E-05  -8.187729E-05   2.202189E-04  -1.517348E-04  -8.082287E-05  -1.196999E-02
          2011      G      1.812964E-05  -1.972722E-05   9.275921E-03  -2.862747E-01   2.173555E-01   1.315174E-03
          2012      G      4.092327E-05   5.109000E-05   5.072384E-03  -8.045278E-02   3.296273E-02   2.226852E-01
          2013      G      1.053334E-04   3.027072E-06   1.634592E-02  -2.325479E-03   5.857069E-01   9.815602E-06
          2014      G      1.159911E-04   3.220283E-06   6.996591E-03  -3.424266E-03   4.052813E-02   9.788487E-03
          2015      G      7.340268E-06   1.088413E-05   1.817668E-04  -1.966198E-04   1.048264E-04  -1.595461E-02
          2016      G      1.118374E-05  -2.855275E-06   1.831494E-04  -1.706953E-04   1.169720E-04  -1.406434E-02
          2017      G     -1.128531E-06  -4.856388E-06   1.750802E-02  -5.940086E-01  -7.781094E-02  -2.381546E-04
          2018      G     -3.123079E-06  -1.220796E-06   1.451961E-02  -4.946898E-01  -1.415499E-01  -4.454495E-04
          2019      G     -3.116950E-05  -3.228331E-08   3.077007E-02  -4.486043E-05  -2.435844E-01   1.347759E-05
          2020      G     -8.735465E-05  -1.163594E-07   2.610049E-02   1.417160E-05  -3.801467E-02   1.129493E-05
          2021      G      2.868357E-05   4.297848E-05   2.181356E-04  -9.720555E-05   1.236444E-04  -2.485337E-02
          2022      G      9.165485E-05  -8.701265E-05   2.201942E-04  -1.446512E-04   8.498639E-05   1.089326E-02
          2023      G     -7.570291E-06  -2.140441E-05   9.405081E-03  -2.850405E-01  -2.257518E-01  -1.133219E-03
          2024      G     -3.059969E-05   4.182106E-05   5.080551E-03  -6.747206E-02  -3.072426E-02  -1.657506E-01
          2025      G     -8.876827E-05  -4.388641E-07   1.663008E-02  -2.697009E-05  -6.058724E-01   1.203741E-05
          2026      G     -9.792010E-05  -6.512225E-07   6.991821E-03  -6.791874E-05  -3.833111E-02  -4.521192E-04
          2027      G      5.937598E-06  -3.705920E-05   1.381982E-03   9.611927E-04   5.468490E-05  -2.804294E-03
1                                                       **STUDENT EDITION*    APRIL  18, 2026  MSC Nastran  3/ 3/26   PAGE    29
     DEFAULT                                                                                                                        
0                                                                                                            SUBCASE 1              
      EIGENVALUE =  2.101231E+06
          CYCLES =  2.307050E+02         R E A L   E I G E N V E C T O R   N O .          2
 
      POINT ID.   TYPE          T1             T2             T3             R1             R2             R3
          2028      G      1.971471E-06  -1.139263E-05   1.818893E-04   1.949435E-04  -1.080161E-04  -2.138952E-02
          2029      G     -2.500074E-06   4.236035E-06   1.833515E-04   1.705830E-04  -1.198836E-04  -1.918559E-02
          2030      G      6.440777E-06   1.774629E-06   1.935409E-02   6.407061E-01   2.598546E-03  -3.079739E-06
          2031      G      1.266452E-05   6.022617E-06   1.734309E-02   5.863169E-01   8.356502E-02  -2.565194E-04
          2032      G      1.375443E-05   3.109970E-06   1.424998E-02   4.811720E-01   1.417398E-01  -4.780794E-04
          2033      G     -2.208905E-05  -4.090955E-05   2.180478E-04   1.020442E-04  -1.239501E-04  -2.837445E-02
          2034      G     -8.593357E-05   9.098695E-05   2.201713E-04   1.497316E-04  -8.523208E-05   7.873434E-03
          2035      G      1.772858E-05   2.426372E-05   9.278810E-03   2.789590E-01   2.167569E-01  -1.214797E-03
          2036      G      3.898456E-05  -4.206864E-05   5.082930E-03   6.822989E-02   3.275941E-02  -1.723210E-01
          2037      G      9.469352E-06  -1.134027E-05   1.819808E-04   1.967411E-04   1.077767E-04   1.558017E-02
          2038      G      1.319451E-05   3.620884E-06   1.834441E-04   1.715033E-04   1.199411E-04   1.374894E-02
          2039      G      3.164734E-07   5.147403E-06   1.749964E-02   5.927811E-01  -7.756024E-02   2.577834E-04
          2040      G     -1.874017E-06   7.895738E-07   1.451403E-02   4.939330E-01  -1.415378E-01   4.661353E-04
          2041      G      3.058526E-05  -4.415509E-05   2.181341E-04   9.708997E-05   1.254542E-04   2.438236E-02
          2042      G      9.368135E-05   8.607122E-05   2.202362E-04   1.447232E-04   8.666965E-05  -1.144441E-02
          2043      G     -6.424394E-06   2.081263E-05   9.401590E-03   2.846673E-01  -2.256224E-01   1.154565E-03
          2044      G     -2.944294E-05  -4.326019E-05   5.079567E-03   6.737315E-02  -3.065007E-02   1.648451E-01
          3000      G      3.862637E-06   1.616546E-04   2.110101E-03  -1.628911E-02  -3.851197E-03   2.650567E-02
          3001      G     -8.620405E-05  -2.599235E-04   1.783187E-03   6.461035E-02   2.042476E-02  -1.939168E-02
          3002      G     -1.738109E-04   1.363501E-04   1.204531E-03  -2.089299E-02   3.097556E-02   1.137648E-01
          3003      G      1.065544E-05  -5.997930E-05  -1.036747E-02   5.123916E-01  -1.498630E-03   6.614345E-05
          3004      G     -9.250377E-05   4.394525E-05  -9.137477E-03   3.630371E-01  -7.960046E-02   4.537435E-04
          3005      G     -1.567149E-04   1.717044E-05  -4.911708E-03   2.641246E-01  -2.110294E-01  -1.204696E-03
          3006      G      6.492880E-06   1.128003E-05  -2.206621E-02   5.316131E-04  -5.210295E-04  -3.292401E-05
          3007      G     -1.301807E-04   1.147577E-05  -1.737990E-02  -2.396590E-03  -3.493168E-01  -3.613388E-05
          3008      G     -3.416056E-04   9.702640E-06  -1.142518E-02   9.002815E-04  -1.567549E-02  -5.269186E-05
          3009      G     -1.838470E-04   1.203407E-04   1.129363E-03  -6.207221E-02  -1.264214E-02   2.208952E-01
          3010      G     -1.805116E-04  -1.808869E-04   1.371056E-03  -3.937690E-02   4.994391E-02  -1.761028E-02
          3011      G     -3.292530E-04   2.516529E-05   1.201584E-03   7.510905E-02  -2.254077E-01  -1.458167E-03
          3012      G     -4.533202E-04  -7.691874E-06   5.386232E-03  -1.212432E-01   4.663239E-03   2.814513E-01
          3013      G     -3.830766E-04   7.122340E-06  -1.763224E-03   1.375014E-03  -6.166635E-01  -1.089057E-04
          3014      G     -4.759602E-04   4.107528E-06   7.560559E-03  -1.073909E-02  -4.811356E-03   3.427159E-02
          3015      G      9.941756E-05  -2.954265E-04   1.784311E-03   6.973560E-02  -1.773159E-02   3.428402E-02
          3016      G      1.925419E-04   1.415498E-04   1.224772E-03  -2.543731E-02  -3.121998E-02  -1.253304E-01
          3017      G      1.075860E-04   3.860174E-05  -9.176422E-03   3.587478E-01   7.818931E-02  -4.127378E-04
          3018      G      1.680436E-04   1.306259E-05  -4.891657E-03   2.651772E-01   2.169752E-01   1.092543E-03
          3019      G      1.438070E-04   1.156588E-05  -1.739732E-02  -7.879315E-04   3.485933E-01   1.504216E-05
          3020      G      3.543551E-04   8.927902E-06  -1.146824E-02  -4.994028E-04   1.466745E-02   3.452950E-05
          3021      G      2.008642E-04   1.327035E-04   1.141730E-03  -6.893029E-02   1.937575E-02  -2.485437E-01
          3022      G      1.961408E-04  -1.849085E-04   1.429706E-03  -2.841741E-02  -7.475028E-02   1.070988E-01
          3023      G      3.460652E-04   2.777533E-05   1.211893E-03   7.494973E-02   2.206161E-01   1.297292E-03
          3024      G      4.735719E-04   1.314966E-06   5.415254E-03  -1.405057E-01  -5.399826E-03  -3.316582E-01
          3025      G      3.944582E-04   8.343940E-06  -1.813279E-03  -4.277743E-04   6.186931E-01   2.690471E-05
          3026      G      4.880709E-04   7.149977E-06   7.574687E-03  -4.467491E-05   4.454532E-03   3.709002E-03
          3027      G      4.172730E-06  -1.498174E-04   2.119513E-03   1.884150E-02   1.443332E-05  -1.751397E-03
          3028      G     -9.313788E-05   3.138808E-04   1.780868E-03  -7.091869E-02   1.938286E-02   2.315902E-02
          3029      G     -1.874497E-04  -1.271068E-04   1.217362E-03   2.413529E-02   3.115504E-02  -1.388421E-01
          3030      G      5.314014E-06   8.730031E-05  -1.036682E-02  -5.139573E-01  -3.818328E-04  -1.582395E-05
          3031      G     -9.605986E-05  -2.027795E-05  -9.171876E-03  -3.565306E-01  -7.798364E-02  -5.575869E-04
          3032      G     -1.585815E-04   3.592423E-06  -4.926434E-03  -2.649210E-01  -2.137197E-01   9.978066E-04
1                                                       **STUDENT EDITION*    APRIL  18, 2026  MSC Nastran  3/ 3/26   PAGE    30
     DEFAULT                                                                                                                        
0                                                                                                            SUBCASE 1              
      EIGENVALUE =  2.101231E+06
          CYCLES =  2.307050E+02         R E A L   E I G E N V E C T O R   N O .          2
 
      POINT ID.   TYPE          T1             T2             T3             R1             R2             R3
          3033      G     -1.962494E-04  -1.219389E-04   1.137998E-03   6.802139E-02  -1.920455E-02  -2.590454E-01
          3034      G     -1.903783E-04   1.949050E-04   1.427166E-03   2.789994E-02   7.458200E-02   9.572570E-02
          3035      G     -3.384069E-04  -1.449335E-05   1.180693E-03  -7.613900E-02  -2.242609E-01   1.189732E-03
          3036      G     -4.686740E-04   8.474668E-06   5.419693E-03   1.420624E-01   7.014730E-03  -3.521042E-01
          3037      G      1.013049E-04   3.144434E-04   1.780649E-03  -7.094503E-02  -1.931327E-02  -2.665394E-02
          3038      G      1.951954E-04  -1.257509E-04   1.218387E-03   2.440256E-02  -3.115461E-02   1.346830E-01
          3039      G      1.064218E-04  -2.010358E-05  -9.182400E-03  -3.571452E-01   7.792720E-02   5.096781E-04
          3040      G      1.686766E-04   5.142313E-06  -4.897844E-03  -2.641200E-01   2.167944E-01  -1.049643E-03
          3041      G      2.040024E-04  -1.173396E-04   1.138003E-03   6.819438E-02   1.915508E-02   2.540823E-01
          3042      G      1.988633E-04   1.990360E-04   1.428021E-03   2.833512E-02  -7.461592E-02  -1.003224E-01
          3043      G      3.476916E-04  -1.208428E-05   1.213443E-03  -7.427943E-02   2.212749E-01  -1.241955E-03
          3044      G      4.761876E-04   1.314019E-05   5.418252E-03   1.403536E-01  -6.195479E-03   3.387078E-01
          4000      G     -2.182362E-06   4.484890E-03   9.194060E-03  -1.213354E+00   7.542148E-04  -2.945596E-03
          4001      G      6.861779E-04   4.476591E-03   1.487648E-02  -2.716274E+00  -1.973699E-01   1.726583E+00
          4002      G      1.445646E-03   2.789702E-03   6.644046E-03  -9.560458E-01   3.989056E-02   7.967922E-01
          4003      G     -1.779198E-06   1.498158E-03   1.262007E+00  -4.657582E+01   4.640933E-04   1.273458E-05
          4004      G      1.317430E-03   9.310054E-04   1.149736E+00  -3.894147E+01   6.866896E+00   7.249720E-03
          4005      G      1.681404E-03   3.206010E-04   8.550972E-01  -3.092967E+01   1.376506E+01   4.378322E-02
          4006      G     -7.785932E-07   2.160144E-06   2.325120E+00   3.537831E-04  -1.304635E-04   1.528185E-05
          4007      G      3.675072E-03   2.372340E-06   2.016945E+00   2.984100E-04   2.337776E+01   1.321973E-05
          4008      G      9.594914E-03   2.686570E-06   1.580256E+00   2.731314E-04   3.206875E+00   1.928824E-05
          4009      G      2.822833E-04  -8.530120E-04   7.129871E-04  -2.260272E-01  -6.933084E-01   3.689908E+00
          4010      G     -1.106476E-03   1.434865E-03   9.294783E-04  -7.080321E-02   1.874126E-02  -4.757603E-01
          4011      G      4.229995E-03   2.932937E-04   3.924185E-01  -1.482623E+01   1.942987E+01   6.611976E-02
          4012      G      6.170025E-03   1.629210E-03   1.855234E-02   1.665869E+00   2.719617E+00  -7.737172E+00
          4013      G      9.030630E-03   2.930853E-06   8.024929E-01  -1.152839E-03   4.897644E+01   1.501087E-05
          4014      G      1.057229E-02   3.354353E-06   2.478708E-02   9.168158E-05   3.453934E+00   1.982349E-04
          4015      G     -6.909219E-04   4.476403E-03   1.490108E-02  -2.716627E+00   1.973516E-01  -1.724844E+00
          4016      G     -1.450736E-03   2.788798E-03   6.658304E-03  -9.564958E-01  -4.007468E-02  -7.939369E-01
          4017      G     -1.320860E-03   9.305625E-04   1.149758E+00  -3.894118E+01  -6.866379E+00  -7.219079E-03
          4018      G     -1.684807E-03   3.193401E-04   8.551203E-01  -3.093000E+01  -1.376543E+01  -4.374448E-02
          4019      G     -3.676738E-03   1.715046E-06   2.016963E+00   1.705544E-04  -2.337647E+01   1.755867E-05
          4020      G     -9.596474E-03   1.316019E-06   1.580288E+00   1.588677E-04  -3.207184E+00   1.323478E-05
          4021      G     -2.875285E-04  -8.554553E-04   7.199686E-04  -2.262863E-01   6.923360E-01  -3.689080E+00
          4022      G      1.101530E-03   1.431781E-03   9.360557E-04  -7.459272E-02  -1.639065E-02   4.682755E-01
          4023      G     -4.233508E-03   2.910462E-04   3.924500E-01  -1.482760E+01  -1.942893E+01  -6.607312E-02
          4024      G     -6.173871E-03   1.625366E-03   1.858754E-02   1.666869E+00  -2.720135E+00   7.745888E+00
          4025      G     -9.032320E-03   7.460409E-07   8.025230E-01   7.589044E-05  -4.897661E+01   2.204577E-05
          4026      G     -1.057413E-02   1.662867E-07   2.480715E-02   1.528457E-05  -3.454276E+00   5.218300E-04
          4027      G      2.655214E-07  -4.480941E-03   9.204979E-03   1.214027E+00  -4.155403E-06  -3.376620E-04
          4028      G      6.884098E-04  -4.472223E-03   1.490169E-02   2.717061E+00  -1.972692E-01  -1.728217E+00
          4029      G      1.447765E-03  -2.784930E-03   6.657581E-03   9.566962E-01   4.017692E-02  -7.978664E-01
          4030      G     -2.599505E-07  -1.494049E-03   1.262014E+00   4.657519E+01   1.925069E-04   1.295055E-05
          4031      G      1.318810E-03  -9.263716E-04   1.149750E+00   3.894054E+01   6.866836E+00  -7.225218E-03
          4032      G      1.682683E-03  -3.153337E-04   8.551071E-01   3.092912E+01   1.376520E+01  -4.375944E-02
          4033      G      2.841841E-04   8.591367E-04   7.183015E-04   2.262073E-01  -6.922482E-01  -3.693128E+00
          4034      G     -1.104904E-03  -1.429346E-03   9.362607E-04   7.442800E-02   1.639466E-02   4.637099E-01
          4035      G      4.231423E-03  -2.875210E-04   3.924470E-01   1.482760E+01   1.942858E+01  -6.609370E-02
          4036      G      6.171744E-03  -1.622445E-03   1.858530E-02  -1.667298E+00   2.720377E+00   7.742643E+00
          4037      G     -6.879038E-04  -4.473061E-03   1.490152E-02   2.717114E+00   1.972547E-01   1.727434E+00
1                                                       **STUDENT EDITION*    APRIL  18, 2026  MSC Nastran  3/ 3/26   PAGE    31
     DEFAULT                                                                                                                        
0                                                                                                            SUBCASE 1              
      EIGENVALUE =  2.101231E+06
          CYCLES =  2.307050E+02         R E A L   E I G E N V E C T O R   N O .          2
 
      POINT ID.   TYPE          T1             T2             T3             R1             R2             R3
          4038      G     -1.447256E-03  -2.786270E-03   6.656961E-03   9.567504E-01  -4.019180E-02   7.969197E-01
          4039      G     -1.319253E-03  -9.270724E-04   1.149761E+00   3.894100E+01  -6.866541E+00   7.251990E-03
          4040      G     -1.683087E-03  -3.167740E-04   8.551199E-01   3.092993E+01  -1.376545E+01   4.378403E-02
          4041      G     -2.836936E-04   8.569492E-04   7.188063E-04   2.266613E-01   6.923249E-01   3.692322E+00
          4042      G      1.105562E-03  -1.431243E-03   9.354942E-04   7.477268E-02  -1.665162E-02  -4.662362E-01
          4043      G     -4.231682E-03  -2.894780E-04   3.924516E-01   1.482750E+01  -1.942884E+01   6.611872E-02
          4044      G     -6.171997E-03  -1.625098E-03   1.858819E-02  -1.666867E+00  -2.720403E+00  -7.744948E+00
1                                                       **STUDENT EDITION*    APRIL  18, 2026  MSC Nastran  3/ 3/26   PAGE    32
     DEFAULT                                                                                                                        
0                                                                                                            SUBCASE 1              
      EIGENVALUE =  2.291139E+06
          CYCLES =  2.409050E+02         R E A L   E I G E N V E C T O R   N O .          3
 
      POINT ID.   TYPE          T1             T2             T3             R1             R2             R3
             1      G      0.0            0.0            0.0            0.0            0.0            0.0
             2      G      0.0            0.0            0.0            0.0            0.0            0.0
             3      G      0.0            0.0            0.0            0.0            0.0            0.0
             4      G      0.0            0.0            0.0            0.0            0.0            0.0
             5      G      0.0            0.0            0.0            0.0            0.0            0.0
             6      G      0.0            0.0            0.0            0.0            0.0            0.0
             7      G      0.0            0.0            0.0            0.0            0.0            0.0
             8      G      0.0            0.0            0.0            0.0            0.0            0.0
            10      G     -4.231015E-05  -9.369547E-05  -1.425696E-04  -2.050472E-04  -7.855188E-06   2.152615E-02
            11      G     -4.248686E-05   9.390300E-05  -1.428186E-04   2.046676E-04  -8.426904E-06  -2.154621E-02
            12      G     -1.918850E-04  -9.914180E-05  -2.638549E-04  -5.095222E-04  -1.449830E-04  -2.978811E-02
            13      G     -1.922391E-04   9.928434E-05  -2.638439E-04   5.089127E-04  -1.459204E-04   2.977408E-02
            14      G      1.926446E-04  -9.848551E-05  -2.636561E-04  -5.100020E-04   1.471492E-04   2.972225E-02
            15      G      1.910431E-04   9.991678E-05  -2.634985E-04   5.073491E-04   1.440727E-04  -2.966705E-02
            16      G      4.237249E-05  -9.216444E-05  -1.422222E-04  -2.085810E-04   6.946858E-06  -2.163604E-02
            17      G      4.283690E-05   9.041550E-05  -1.433882E-04   2.233252E-04   6.918338E-06   2.070615E-02
           100      G      8.857636E-03   3.134839E-03  -8.971290E-01   2.201160E+01  -7.993045E+00   2.644820E-01
           101      G      1.824467E-02   2.333320E-06  -1.648997E+00   1.168276E-04  -3.730452E+00  -4.264177E-05
           102      G      3.963428E-03  -2.498159E-03  -1.148659E+00   2.857958E+01  -6.957628E+00   2.278465E-02
           103      G      1.293500E-02   1.201441E-06  -2.070663E+00   1.519145E-04  -1.536588E+01   5.337703E-05
           104      G     -1.598819E-06   8.773538E-03  -1.307021E+00   3.188339E+01  -1.642414E-04   6.499710E-06
           105      G     -1.049264E-06   4.985660E-07  -2.406788E+00   2.458505E-05  -2.883199E-05   1.635830E-05
           106      G     -3.145978E-05  -4.576753E-04  -2.700115E-04   5.073491E-04   1.440727E-04  -2.966705E-02
           107      G     -3.145978E-05   3.340640E-04  -2.661665E-04   5.073491E-04   1.440727E-04  -2.966705E-02
           108      G     -5.688456E-07  -3.470779E-03  -2.107533E-03  -1.527195E-01  -3.590868E-05  -7.170847E-05
           109      G      1.981330E-04   2.457116E-04  -1.451150E-04   2.233252E-04   6.918338E-06   2.070615E-02
           110      G      1.946252E-02   1.690990E-03  -9.193093E-03  -1.917261E+00  -3.402853E+00  -5.947463E-01
           111      G      1.981330E-04  -3.327664E-04  -1.449217E-04   2.233252E-04   6.918338E-06   2.070615E-02
           112      G      1.159448E-02  -3.654097E-04  -4.387955E-01   1.059380E+01  -1.693901E+01   1.599004E-01
           113      G      2.171738E-02   2.080265E-05  -1.501552E-02   1.482093E-03  -4.304052E+00  -1.355533E-03
           114      G      2.983696E-02   5.103783E-06  -8.386135E-01   7.980697E-05  -3.265400E+01   7.618229E-04
           115      G     -8.862166E-03   3.131503E-03  -8.971511E-01   2.201200E+01   7.993085E+00  -2.645340E-01
           116      G     -1.824767E-02   1.109773E-07  -1.649035E+00   7.752233E-05   3.730461E+00   4.343683E-06
           117      G     -3.967031E-03  -2.499468E-03  -1.148672E+00   2.857985E+01   6.957153E+00  -2.276327E-02
           118      G     -1.293709E-02   1.821774E-07  -2.070683E+00   3.806169E-05   1.536500E+01   7.336220E-06
           119      G      3.106644E-05  -4.603194E-04  -2.704033E-04   5.089127E-04  -1.459204E-04   2.977408E-02
           120      G      3.106644E-05   3.342763E-04  -2.665091E-04   5.089127E-04  -1.459204E-04   2.977408E-02
           121      G     -2.040835E-04   2.554996E-04  -1.444168E-04   2.046676E-04  -8.426904E-06  -2.154621E-02
           122      G     -1.946877E-02   1.689755E-03  -9.235383E-03  -1.915748E+00   3.402597E+00   5.956471E-01
           123      G     -2.040835E-04  -3.464478E-04  -1.441814E-04   2.046676E-04  -8.426904E-06  -2.154621E-02
           124      G     -1.160118E-02  -3.699244E-04  -4.388233E-01   1.059447E+01   1.693856E+01  -1.599070E-01
           125      G     -2.172148E-02   9.481268E-08  -1.505998E-02   5.870649E-06   4.304373E+00   6.439611E-07
           126      G     -2.984082E-02   9.927049E-08  -8.386569E-01   6.836206E-05   3.265400E+01  -2.484877E-06
           127      G      8.862288E-03  -3.129259E-03  -8.971320E-01  -2.201103E+01  -7.993576E+00  -2.644444E-01
           128      G      3.966330E-03   2.500512E-03  -1.148664E+00  -2.857934E+01  -6.957314E+00  -2.273556E-02
           129      G      1.345762E-07  -8.772460E-03  -1.307022E+00  -3.188329E+01  -1.516430E-04   2.066146E-05
           130      G     -3.027235E-05   4.601442E-04  -2.702468E-04  -5.100020E-04   1.471492E-04   2.972225E-02
           131      G     -3.027235E-05  -3.330685E-04  -2.663198E-04  -5.100020E-04   1.471492E-04   2.972225E-02
           132      G      5.217726E-07   3.472335E-03  -2.108759E-03   1.528087E-01   1.144164E-05   1.494763E-05
           133      G      2.046428E-04  -2.544347E-04  -1.438387E-04  -2.085810E-04   6.946858E-06  -2.163604E-02
1                                                       **STUDENT EDITION*    APRIL  18, 2026  MSC Nastran  3/ 3/26   PAGE    33
     DEFAULT                                                                                                                        
0                                                                                                            SUBCASE 1              
      EIGENVALUE =  2.291139E+06
          CYCLES =  2.409050E+02         R E A L   E I G E N V E C T O R   N O .          3
 
      POINT ID.   TYPE          T1             T2             T3             R1             R2             R3
           134      G      1.946945E-02  -1.677384E-03  -9.221616E-03   1.916578E+00  -3.402855E+00   5.953755E-01
           135      G      2.046428E-04   3.500221E-04  -1.436446E-04  -2.085810E-04   6.946858E-06  -2.163604E-02
           136      G      1.160258E-02   3.755374E-04  -4.388020E-01  -1.059323E+01  -1.693792E+01  -1.597906E-01
           137      G     -8.861455E-03  -3.131338E-03  -8.971529E-01  -2.201201E+01   7.993090E+00   2.645438E-01
           138      G     -3.965924E-03   2.500058E-03  -1.148673E+00  -2.857979E+01   6.957113E+00   2.277450E-02
           139      G      3.152583E-05   4.607257E-04  -2.704012E-04  -5.095222E-04  -1.449830E-04  -2.978811E-02
           140      G      3.152583E-05  -3.342445E-04  -2.665320E-04  -5.095222E-04  -1.449830E-04  -2.978811E-02
           141      G     -2.037563E-04  -2.551416E-04  -1.441663E-04  -2.050472E-04  -7.855188E-06   2.152615E-02
           142      G     -1.946813E-02  -1.689480E-03  -9.234787E-03   1.915827E+00   3.402737E+00  -5.956761E-01
           143      G     -2.037563E-04   3.462452E-04  -1.439469E-04  -2.050472E-04  -7.855188E-06   2.152615E-02
           144      G     -1.160059E-02   3.701330E-04  -4.388246E-01  -1.059447E+01   1.693857E+01   1.599079E-01
           200      G      1.983509E-04   2.386769E-04  -1.451150E-04   2.233252E-04   6.918338E-06   2.070615E-02
           201      G      1.983509E-04  -3.398012E-04  -1.449217E-04   2.233252E-04   6.918338E-06   2.070615E-02
           202      G     -2.692149E-05  -4.736568E-04  -2.700115E-04   5.073491E-04   1.440727E-04  -2.966705E-02
           203      G     -2.692149E-05   3.180825E-04  -2.661665E-04   5.073491E-04   1.440727E-04  -2.966705E-02
           204      G      7.350903E-07  -2.165494E-04  -1.217498E-03  -3.446333E-02   2.484900E-05   2.162473E-04
           205      G      8.991386E-04  -2.594181E-04  -6.912882E-03   1.172543E-01  -1.633033E-01   3.976852E-02
           206      G      6.825384E-04   2.903780E-05  -9.918447E-03   6.974835E-03  -1.779067E-01  -7.874368E-03
           207      G     -2.043489E-04   2.490526E-04  -1.444168E-04   2.046676E-04  -8.426904E-06  -2.154621E-02
           208      G     -2.043489E-04  -3.528948E-04  -1.441814E-04   2.046676E-04  -8.426904E-06  -2.154621E-02
           209      G      2.646995E-05  -4.763502E-04  -2.704033E-04   5.089127E-04  -1.459204E-04   2.977408E-02
           210      G      2.646995E-05   3.182456E-04  -2.665091E-04   5.089127E-04  -1.459204E-04   2.977408E-02
           211      G     -8.736337E-04  -3.572420E-04  -6.968358E-03   9.517216E-02   1.586357E-01  -2.598847E-02
           212      G     -6.492291E-04   7.091240E-07  -9.942487E-03   1.200072E-04   1.684942E-01   3.345914E-05
           213      G      2.048616E-04  -2.478644E-04  -1.438387E-04  -2.085810E-04   6.946858E-06  -2.163604E-02
           214      G      2.048616E-04   3.565924E-04  -1.436446E-04  -2.085810E-04   6.946858E-06  -2.163604E-02
           215      G     -2.563715E-05   4.762093E-04  -2.702468E-04  -5.100020E-04   1.471492E-04   2.972225E-02
           216      G     -2.563715E-05  -3.170034E-04  -2.663198E-04  -5.100020E-04   1.471492E-04   2.972225E-02
           217      G      1.626936E-06   2.196278E-04  -1.219120E-03   3.474527E-02  -5.184037E-05  -1.678733E-04
           218      G      9.086284E-04   3.538462E-04  -6.958980E-03  -9.749260E-02  -1.647296E-01  -2.346587E-02
           219      G     -2.040037E-04  -2.486826E-04  -1.441663E-04  -2.050472E-04  -7.855188E-06   2.152615E-02
           220      G     -2.040037E-04   3.527042E-04  -1.439469E-04  -2.050472E-04  -7.855188E-06   2.152615E-02
           221      G      2.695886E-05   4.767756E-04  -2.704012E-04  -5.095222E-04  -1.449830E-04  -2.978811E-02
           222      G      2.695886E-05  -3.181946E-04  -2.665320E-04  -5.095222E-04  -1.449830E-04  -2.978811E-02
           223      G     -8.728470E-04   3.584980E-04  -6.967621E-03  -9.497033E-02   1.584796E-01   2.607625E-02
           224      G      3.369825E-04   1.115357E-04  -4.175459E-02   1.049305E+00  -3.246193E-01   1.633056E-02
           225      G      6.767920E-04   6.641824E-06  -7.485623E-02   9.408624E-04  -1.582523E-01   1.793470E-05
           226      G      1.315955E-04  -1.591600E-04  -5.159641E-02   1.299364E+00  -2.600481E-01  -2.540221E-04
           227      G      4.918948E-04   3.354355E-06  -9.156757E-02   8.632763E-04  -6.029299E-01   1.078768E-04
           228      G      1.355407E-05   4.615891E-04  -5.795958E-02   1.416139E+00  -4.578393E-03   2.371192E-04
           229      G      2.344864E-05   1.324773E-06  -1.048815E-01   1.213375E-04  -5.337917E-03   4.653177E-05
           230      G      5.333999E-04  -4.515673E-05  -2.383884E-02   6.059112E-01  -6.420362E-01   1.643663E-03
           231      G      1.049535E-03   2.396063E-05  -4.270706E-02   2.478874E-03  -1.290167E+00   2.212643E-03
           232      G     -3.017932E-04   1.235578E-04  -4.269054E-02   1.079972E+00   3.329189E-01  -1.596231E-02
           233      G     -6.409699E-04   3.747974E-07  -7.683717E-02  -5.558338E-06   1.487212E-01   9.531327E-06
           234      G     -1.039708E-04  -1.617713E-04  -5.214446E-02   1.315601E+00   2.362980E-01   4.372043E-04
           235      G     -4.416163E-04   5.595418E-07  -9.258334E-02   4.909548E-05   5.636626E-01   9.825847E-06
           236      G     -5.344913E-04  -5.595560E-05  -2.426441E-02   6.099127E-01   6.958574E-01   4.077741E-04
           237      G     -8.722905E-04   3.799777E-07  -4.367013E-02   2.032590E-05   1.453391E+00  -1.483465E-05
           238      G      3.472771E-04  -9.654673E-05  -4.174373E-02  -1.041240E+00  -3.259221E-01  -1.630740E-02
1                                                       **STUDENT EDITION*    APRIL  18, 2026  MSC Nastran  3/ 3/26   PAGE    34
     DEFAULT                                                                                                                        
0                                                                                                            SUBCASE 1              
      EIGENVALUE =  2.291139E+06
          CYCLES =  2.409050E+02         R E A L   E I G E N V E C T O R   N O .          3
 
      POINT ID.   TYPE          T1             T2             T3             R1             R2             R3
           239      G      1.383328E-04   1.645532E-04  -5.159594E-02  -1.295051E+00  -2.595708E-01   3.724345E-04
           240      G      1.761961E-05  -4.584412E-04  -5.795109E-02  -1.414190E+00  -4.574385E-03  -2.490751E-04
           241      G      5.454351E-04   6.663808E-05  -2.384519E-02  -5.920329E-01  -6.389801E-01  -8.948351E-04
           242      G     -3.005009E-04  -1.228910E-04  -4.268626E-02  -1.079312E+00   3.329287E-01   1.597149E-02
           243      G     -1.017310E-04   1.632479E-04  -5.213847E-02  -1.314347E+00   2.361153E-01  -4.111118E-04
           244      G     -5.336572E-04   5.659019E-05  -2.426098E-02  -6.094909E-01   6.958021E-01  -4.110342E-04
           300      G     -1.789715E-05  -1.172439E-05  -3.826622E-04  -8.192125E-04  -6.797018E-04  -1.668929E-03
           301      G     -4.702838E-05  -2.089259E-05  -4.722155E-04  -6.143981E-03  -9.064573E-03  -7.637965E-03
           302      G     -2.363836E-06   1.067849E-05  -6.607068E-04  -1.103154E-02  -1.914247E-03   1.554492E-03
           303      G      1.074391E-04  -3.671028E-04  -1.256368E-03   3.445296E-02   3.142430E-02   1.401418E-02
           304      G     -1.879580E-05  -1.200322E-04  -5.544933E-04   4.945492E-03   1.211844E-02  -1.524834E-02
           305      G     -1.984699E-04  -3.595603E-04  -5.981127E-03   1.010569E-01   3.199909E-02   2.639611E-02
           306      G     -2.372670E-04  -5.621592E-06  -8.184735E-03   6.674700E-03   4.662188E-02  -1.250938E-02
           307      G      1.722421E-05  -2.040301E-05  -3.853767E-04  -2.648590E-03   5.955928E-04   3.123430E-03
           308      G      5.005712E-05  -2.807840E-05  -4.731767E-04  -7.333677E-03   1.044446E-02   9.351246E-03
           309      G     -1.450530E-04  -4.506391E-04  -1.267299E-03   2.437567E-02  -3.014136E-02  -1.771583E-02
           310      G      8.363329E-06  -1.452774E-04  -5.610448E-04   1.605096E-04  -1.172459E-02   1.775163E-02
           311      G      2.237246E-04  -4.095592E-04  -6.023096E-03   9.862679E-02  -3.558728E-02  -2.744825E-02
           312      G      2.540297E-04   2.454031E-06  -8.199801E-03   6.414403E-05  -4.926283E-02   5.753645E-05
           313      G     -1.883869E-05   3.459371E-05  -3.836138E-04   4.215387E-03  -8.216471E-04   2.913729E-03
           314      G     -5.111271E-05   4.532108E-05  -4.724786E-04   9.316092E-03  -1.003300E-02   9.183455E-03
           315      G      2.227578E-06   1.080779E-05  -6.607208E-04   1.358434E-02  -3.253483E-05   3.743338E-06
           316      G      1.427427E-04   4.530010E-04  -1.262038E-03  -2.411650E-02   2.987030E-02  -1.794310E-02
           317      G     -1.038000E-05   1.524978E-04  -5.593015E-04   4.335636E-04   1.171795E-02   1.757003E-02
           318      G     -2.234344E-04   4.104771E-04  -6.013111E-03  -1.002771E-01   3.500716E-02  -2.858300E-02
           319      G      2.226556E-05   3.222111E-05  -3.847855E-04   3.565105E-03   7.235741E-04  -2.935091E-03
           320      G      5.541967E-05   4.319824E-05  -4.729488E-04   8.875396E-03   9.933105E-03  -9.218658E-03
           321      G     -1.403893E-04   4.549468E-04  -1.265709E-03  -2.421284E-02  -3.029536E-02   1.781421E-02
           322      G      1.312931E-05   1.532554E-04  -5.605091E-04   5.279792E-04  -1.176005E-02  -1.758888E-02
           323      G      2.254685E-04   4.141899E-04  -6.022547E-03  -9.853790E-02  -3.584556E-02   2.752256E-02
           324      G     -1.151617E-04  -1.311285E-05   3.966992E-03  -9.452822E-02   9.943691E-02  -1.965138E-03
           325      G     -1.871066E-04   1.515764E-05   6.381413E-03   2.230714E-03   3.672836E-02  -1.979548E-04
           326      G     -3.882176E-05   2.366969E-05   7.270288E-03  -1.749791E-01   8.804919E-02  -1.147367E-04
           327      G     -1.378624E-04   1.299405E-05   1.120643E-02   2.149438E-03   1.630019E-01   1.279991E-04
           328      G      6.350793E-06  -5.740417E-05   8.862059E-03  -2.122096E-01  -2.208463E-04  -1.996066E-04
           329      G      7.294222E-06   1.081418E-05   1.426463E-02   1.317769E-03  -1.177845E-03   4.274337E-05
           330      G     -1.313632E-04  -6.223678E-05  -1.249937E-03   1.854634E-02   2.114985E-01  -4.979996E-03
           331      G     -3.411823E-04   2.213034E-05  -9.841003E-04  -1.902043E-04   3.060381E-01   2.236272E-03
           332      G      1.286109E-04  -2.320291E-05   3.957910E-03  -9.717756E-02  -9.870035E-02   1.917278E-03
           333      G      2.039897E-04   6.364457E-06   6.407790E-03   5.299924E-04  -3.932756E-02   5.736431E-05
           334      G      4.980005E-05   1.879792E-05   7.267583E-03  -1.759659E-01  -8.958456E-02   2.756639E-04
           335      G      1.522799E-04   8.677617E-06   1.122443E-02   9.433586E-04  -1.620590E-01   7.663098E-05
           336      G      1.516435E-04  -8.076978E-05  -1.237942E-03   1.362106E-02  -2.118054E-01   5.503959E-03
           337      G      3.593622E-04   4.224959E-06  -9.759817E-04   2.786291E-04  -3.073368E-01   6.329541E-05
           338      G     -1.203625E-04   4.118025E-05   3.954272E-03   9.691382E-02   9.649570E-02   1.749080E-03
           339      G     -3.938371E-05   1.381807E-06   7.248617E-03   1.758325E-01   8.950927E-02   1.550352E-04
           340      G      5.465156E-06   7.862743E-05   8.854376E-03   2.129780E-01  -2.626923E-04  -7.553060E-05
           341      G     -1.479027E-04   9.184431E-05  -1.210181E-03  -1.229425E-02   2.116448E-01   5.233537E-03
           342      G      1.301506E-04   3.536214E-05   3.953154E-03   9.763589E-02  -9.866947E-02  -1.898075E-03
           343      G      5.032328E-05  -1.943691E-06   7.257664E-03   1.765411E-01  -8.930607E-02  -1.594865E-04
1                                                       **STUDENT EDITION*    APRIL  18, 2026  MSC Nastran  3/ 3/26   PAGE    35
     DEFAULT                                                                                                                        
0                                                                                                            SUBCASE 1              
      EIGENVALUE =  2.291139E+06
          CYCLES =  2.409050E+02         R E A L   E I G E N V E C T O R   N O .          3
 
      POINT ID.   TYPE          T1             T2             T3             R1             R2             R3
           344      G      1.534676E-04   8.911543E-05  -1.238619E-03  -1.344158E-02  -2.115556E-01  -5.408799E-03
           400      G      3.570632E-05  -1.095424E-04  -4.518171E-04  -2.424925E-02   4.314221E-03   2.234779E-03
           401      G     -1.112125E-05  -4.731341E-04  -4.162904E-04  -8.020274E-02  -9.955893E-03  -3.868125E-03
           402      G     -5.438284E-06  -9.030897E-05  -4.618149E-04  -3.252780E-02   6.978298E-06   2.532960E-04
           403      G      2.290053E-04  -4.756570E-04  -1.781649E-03   1.278486E-02   3.352983E-02   1.623176E-02
           404      G      9.409367E-05  -7.887395E-05  -8.621782E-04   3.630255E-03  -1.662725E-04  -6.758552E-03
           405      G     -6.193141E-04  -4.035832E-04  -5.477135E-03   1.250167E-01   1.080580E-01   1.510267E-02
           406      G     -7.073677E-04   1.807723E-05  -7.222025E-03  -7.962941E-05   1.374154E-01  -7.443811E-04
           407      G     -4.882751E-05  -1.173018E-04  -4.584127E-04  -2.418171E-02  -4.598563E-03  -1.841599E-03
           408      G     -1.056918E-06  -4.766573E-04  -4.177667E-04  -8.013171E-02   9.803806E-03   4.151409E-03
           409      G     -2.450561E-04  -4.987641E-04  -1.800427E-03   1.302342E-02  -3.417541E-02  -1.668787E-02
           410      G     -1.096891E-04  -9.272896E-05  -8.753629E-04   3.571973E-03   4.283817E-05   6.671106E-03
           411      G      6.147243E-04  -4.251876E-04  -5.501015E-03   1.247596E-01  -1.087615E-01  -1.624962E-02
           412      G      7.067364E-04   3.397174E-06  -7.235925E-03  -2.370777E-05  -1.377615E-01   5.451265E-05
           413      G      4.458489E-05   1.383853E-04  -4.572694E-04   2.394437E-02   4.569317E-03  -1.937458E-03
           414      G     -2.817809E-06   4.984313E-04  -4.167152E-04   7.996712E-02  -9.829491E-03   4.080561E-03
           415      G      2.079538E-06   1.123047E-04  -4.621073E-04   3.241112E-02   2.324932E-06   2.804996E-05
           416      G      2.394416E-04   5.123854E-04  -1.793205E-03  -1.347315E-02   3.386433E-02  -1.667455E-02
           417      G      1.048587E-04   1.111866E-04  -8.719953E-04  -3.991596E-03  -1.218789E-04   6.546156E-03
           418      G     -6.164877E-04   4.400337E-04  -5.490701E-03  -1.246366E-01   1.085731E-01  -1.635346E-02
           419      G     -4.080965E-05   1.319427E-04  -4.582955E-04   2.410106E-02  -4.553834E-03   1.960905E-03
           420      G      6.835607E-06   4.949685E-04  -4.174153E-04   8.002399E-02   9.861574E-03  -4.012268E-03
           421      G     -2.368090E-04   5.057488E-04  -1.798506E-03  -1.322276E-02  -3.395583E-02   1.680266E-02
           422      G     -1.016031E-04   1.035633E-04  -8.745291E-04  -3.830394E-03   8.479047E-05  -6.548353E-03
           423      G      6.187777E-04   4.319823E-04  -5.500645E-03  -1.247612E-01  -1.085651E-01   1.635088E-02
           424      G     -2.352431E-04  -1.674869E-04   2.490332E-02  -6.437253E-01   2.907687E-01  -1.019234E-02
           425      G     -6.257280E-04   1.443572E-05   4.649743E-02  -1.477761E-04   1.241846E-01   4.212667E-05
           426      G     -9.767161E-05  -1.046549E-05   3.396774E-02  -8.483630E-01   2.383267E-01  -1.109310E-04
           427      G     -4.375852E-04   1.263384E-05   6.101586E-02  -7.534212E-05   5.308789E-01   7.420398E-05
           428      G     -3.064127E-06  -4.210969E-04   3.931525E-02  -1.011519E+00  -1.751049E-05   1.009003E-05
           429      G     -4.180307E-07   1.088767E-05   7.285758E-02  -7.930432E-05  -1.476405E-04   6.418951E-05
           430      G     -3.535718E-04  -8.332989E-05   9.085723E-03  -2.692694E-01   5.785345E-01  -8.564425E-03
           431      G     -1.012377E-03   1.656569E-05   1.972529E-02  -3.441863E-04   1.079315E+00   2.525945E-04
           432      G      2.296455E-04  -1.748208E-04   2.489550E-02  -6.437581E-01  -2.908595E-01   1.029447E-02
           433      G      6.254062E-04   7.356564E-06   4.649113E-02  -3.032405E-05  -1.245473E-01   6.254134E-05
           434      G      9.189363E-05  -1.379408E-05   3.396414E-02  -8.483493E-01  -2.385999E-01   2.458893E-04
           435      G      4.367700E-04   9.112736E-06   6.101313E-02  -5.529017E-05  -5.308978E-01   6.859245E-05
           436      G      3.487401E-04  -9.602918E-05   9.073517E-03  -2.694134E-01  -5.789167E-01   8.782923E-03
           437      G      1.012353E-03   5.388512E-06   1.971461E-02  -2.730440E-05  -1.079641E+00   7.645425E-05
           438      G     -2.311151E-04   1.962223E-04   2.490010E-02   6.437978E-01   2.906799E-01   1.026114E-02
           439      G     -9.357893E-05   3.564441E-05   3.396614E-02   8.482968E-01   2.385107E-01   2.241509E-04
           440      G      1.053094E-06   4.429145E-04   3.931539E-02   1.011445E+00  -4.121311E-05   2.440899E-05
           441      G     -3.501252E-04   1.158188E-04   9.081915E-03   2.696851E-01   5.787331E-01   8.696233E-03
           442      G      2.335972E-04   1.894914E-04   2.489549E-02   6.437075E-01  -2.908786E-01  -1.021239E-02
           443      G      9.583283E-05   3.213124E-05   3.396439E-02   8.482914E-01  -2.385678E-01  -1.329173E-04
           444      G      3.527612E-04   1.068435E-04   9.072431E-03   2.694556E-01  -5.789444E-01  -8.665296E-03
           445      G      6.405930E-04  -1.289778E-03  -1.920640E-03   5.460448E-02   2.710920E-02   3.308688E-02
           446      G      4.912248E-04  -4.058543E-04  -1.018542E-03   3.217119E-02   2.963861E-02  -6.817375E-03
           447      G      3.000658E-04  -8.998172E-05  -5.544445E-04   2.894147E-02   8.639633E-03  -8.603638E-03
           448      G      1.277274E-04   4.468118E-05  -4.432057E-04   2.875285E-02  -1.326581E-03  -6.760819E-03
1                                                       **STUDENT EDITION*    APRIL  18, 2026  MSC Nastran  3/ 3/26   PAGE    36
     DEFAULT                                                                                                                        
0                                                                                                            SUBCASE 1              
      EIGENVALUE =  2.291139E+06
          CYCLES =  2.409050E+02         R E A L   E I G E N V E C T O R   N O .          3
 
      POINT ID.   TYPE          T1             T2             T3             R1             R2             R3
           449      G     -9.023687E-06   8.617858E-05  -4.652275E-04   1.108076E-02  -5.199288E-05   1.086390E-04
           450      G      4.164511E-05  -9.558569E-04  -5.290270E-03   7.733455E-02   7.534595E-02   5.122391E-02
           451      G     -7.018547E-05   1.555042E-05  -6.837381E-03   2.307662E-04   1.079299E-01   8.031973E-05
           452      G     -6.611891E-04  -1.306862E-03  -1.940346E-03   5.442910E-02  -2.725107E-02  -3.325376E-02
           453      G     -5.109675E-04  -4.162939E-04  -1.032022E-03   3.214601E-02  -2.991939E-02   6.979239E-03
           454      G     -3.194401E-04  -9.641146E-05  -5.617137E-04   2.903433E-02  -8.832273E-03   8.685687E-03
           455      G     -1.460413E-04   4.161882E-05  -4.461287E-04   2.878117E-02   1.214046E-03   6.981763E-03
           456      G     -5.467335E-05  -9.707888E-04  -5.311586E-03   7.732178E-02  -7.600170E-02  -5.129084E-02
           457      G      6.267195E-05   3.666257E-06  -6.850611E-03   4.537077E-08  -1.083970E-01   5.064326E-05
           458      G      6.529110E-04   1.323747E-03  -1.932692E-03  -5.435399E-02   2.716088E-02  -3.317771E-02
           459      G      5.030017E-04   4.348416E-04  -1.028000E-03  -3.205115E-02   2.979053E-02   6.968475E-03
           460      G      3.119297E-04   1.153901E-04  -5.598671E-04  -2.891561E-02   8.783040E-03   8.628330E-03
           461      G      1.386368E-04  -2.256112E-05  -4.452646E-04  -2.869861E-02  -1.222938E-03   6.896327E-03
           462      G      1.111359E-06  -6.716445E-05  -4.653112E-04  -1.102798E-02  -1.194807E-05   4.190281E-05
           463      G      4.716030E-05   9.884362E-04  -5.302267E-03  -7.727470E-02   7.562585E-02  -5.121674E-02
           464      G     -6.518246E-04   1.314444E-03  -1.938462E-03  -5.439592E-02  -2.724866E-02   3.337102E-02
           465      G     -5.015683E-04   4.266680E-04  -1.031043E-03  -3.208294E-02  -2.988448E-02  -6.873098E-03
           466      G     -3.100597E-04   1.096757E-04  -5.613250E-04  -2.898604E-02  -8.822993E-03  -8.550157E-03
           467      G     -1.364632E-04  -2.552075E-05  -4.459188E-04  -2.873238E-02   1.208088E-03  -6.825907E-03
           468      G     -4.994763E-05   9.782657E-04  -5.310975E-03  -7.736126E-02  -7.600365E-02   5.140480E-02
           469      G      2.296680E-04  -9.379809E-04  -3.483895E-03   8.547539E-02   5.068069E-02  -3.560151E-02
           470      G      1.741355E-04  -4.046749E-04  -2.520190E-03   1.005133E-01   2.419019E-02  -1.204408E-02
           471      G      1.097008E-04  -4.497410E-05  -2.023086E-03   7.529772E-02   8.514144E-03  -8.202396E-03
           472      G      4.993536E-05   6.047868E-05  -1.897239E-03   7.316254E-02   2.695111E-03  -2.418927E-03
           473      G     -7.802892E-06   8.658021E-05  -1.782933E-03   6.938127E-02  -4.933072E-05   5.088397E-05
           474      G     -3.356405E-05  -2.396500E-04  -4.267736E-03   5.021610E-02   5.794189E-03  -1.854358E-02
           475      G     -4.386106E-05  -4.045244E-05  -4.097017E-03   9.001618E-02   2.273909E-04  -4.401576E-03
           476      G     -2.372174E-05   5.680226E-05  -3.974926E-03   8.335903E-02   4.717646E-03  -2.641690E-03
           477      G     -6.372703E-06   7.367476E-05  -3.835337E-03   8.457415E-02  -7.327204E-05   6.410149E-05
           478      G     -3.300628E-05  -3.721787E-04  -6.471760E-03   3.963384E-02   8.934095E-02  -1.383442E-02
           479      G     -1.644643E-04  -1.601813E-04  -5.446968E-03   5.544186E-02  -1.423461E-02  -2.664232E-03
           480      G     -1.246253E-04  -7.076683E-06  -5.701975E-03   5.054129E-02  -9.205854E-03  -3.194462E-03
           481      G     -6.912563E-05   3.419993E-05  -5.652751E-03   5.605914E-02   3.962295E-03  -1.277500E-03
           482      G     -1.728212E-04   1.438072E-05  -5.891726E-03   1.046327E-04  -2.032341E-02   5.139885E-05
           483      G     -1.585424E-04   1.264555E-05  -6.279365E-03   4.456783E-05  -1.975991E-02   6.347095E-05
           484      G     -8.431315E-05   1.101639E-05  -6.312159E-03  -5.574974E-06   8.949910E-03   6.048207E-05
           485      G     -5.003259E-06   4.739156E-05  -5.512616E-03   5.203196E-02  -7.920652E-05   6.039699E-05
           486      G     -3.704350E-06   9.465931E-06  -6.124090E-03  -3.164328E-05  -7.247324E-05   5.866503E-05
           487      G     -2.459944E-04  -9.532018E-04  -3.503576E-03   8.561922E-02  -5.105876E-02   3.586552E-02
           488      G     -1.901934E-04  -4.151764E-04  -2.533030E-03   1.005554E-01  -2.438373E-02   1.219023E-02
           489      G     -1.255153E-04  -5.119417E-05  -2.031032E-03   7.527145E-02  -8.672060E-03   8.359359E-03
           490      G     -6.564724E-05   5.751793E-05  -1.900703E-03   7.316762E-02  -2.851925E-03   2.528484E-03
           491      G      2.088031E-05  -2.495946E-04  -4.279309E-03   5.008802E-02  -5.948308E-03   1.871867E-02
           492      G      3.120226E-05  -4.667642E-05  -4.104580E-03   9.000929E-02  -3.632111E-04   4.530193E-03
           493      G      1.101109E-05   5.382341E-05  -3.978674E-03   8.336896E-02  -4.857560E-03   2.769553E-03
           494      G      2.278979E-05  -3.853016E-04  -6.490197E-03   3.939513E-02  -8.989102E-02   1.397781E-02
           495      G      1.546888E-04  -1.698464E-04  -5.456613E-03   5.536823E-02   1.409909E-02   2.788324E-03
           496      G      1.147599E-04  -1.320872E-05  -5.708892E-03   5.049269E-02   9.115457E-03   3.321197E-03
           497      G      5.916527E-05   3.119085E-05  -5.656596E-03   5.605761E-02  -4.099366E-03   1.399796E-03
           498      G      1.655489E-04   5.157515E-06  -5.898829E-03  -8.140350E-06   2.023650E-02   5.509723E-05
1                                                       **STUDENT EDITION*    APRIL  18, 2026  MSC Nastran  3/ 3/26   PAGE    37
     DEFAULT                                                                                                                        
0                                                                                                            SUBCASE 1              
      EIGENVALUE =  2.291139E+06
          CYCLES =  2.409050E+02         R E A L   E I G E N V E C T O R   N O .          3
 
      POINT ID.   TYPE          T1             T2             T3             R1             R2             R3
           499      G      1.512847E-04   6.600410E-06  -6.284924E-03  -2.102404E-05   1.971403E-02   5.411845E-05
           500      G      7.694852E-05   8.003248E-06  -6.315611E-03  -3.237022E-05  -9.067457E-03   5.604627E-05
           501      G      2.382693E-04   9.708266E-04  -3.494915E-03  -8.556701E-02   5.083190E-02   3.580318E-02
           502      G      1.825947E-04   4.337432E-04  -2.528267E-03  -1.005063E-01   2.430505E-02   1.217482E-02
           503      G      1.179256E-04   7.026373E-05  -2.027667E-03  -7.522608E-02   8.643483E-03   8.360708E-03
           504      G      5.794598E-05  -3.850832E-05  -1.898197E-03  -7.308539E-02   2.825270E-03   2.542035E-03
           505      G     -1.357933E-07  -6.766793E-05  -1.781835E-03  -6.931598E-02  -1.910510E-05   5.747992E-05
           506      G     -2.827632E-05   2.684614E-04  -4.274804E-03  -5.010046E-02   5.901834E-03   1.869263E-02
           507      G     -3.863886E-05   6.573937E-05  -4.100339E-03  -8.994315E-02   3.683698E-04   4.526167E-03
           508      G     -1.857898E-05  -3.481519E-05  -3.974929E-03  -8.332558E-02   4.817102E-03   2.765725E-03
           509      G     -1.337971E-06  -5.477054E-05  -3.833575E-03  -8.455724E-02  -3.696190E-05   5.465389E-05
           510      G     -3.029644E-05   4.039594E-04  -6.479844E-03  -3.931251E-02   8.948106E-02   1.395301E-02
           511      G     -1.619509E-04   1.889038E-04  -5.451331E-03  -5.525010E-02  -1.414201E-02   2.786185E-03
           512      G     -1.220617E-04   3.237071E-05  -5.703810E-03  -5.045726E-02  -9.119726E-03   3.318376E-03
           513      G     -6.657564E-05  -1.218180E-05  -5.652561E-03  -5.605915E-02   4.023681E-03   1.398892E-03
           514      G     -2.489311E-06  -2.846833E-05  -5.511339E-03  -5.207564E-02  -5.762195E-05   5.652301E-05
           515      G     -2.389149E-04   9.607012E-04  -3.501931E-03  -8.565948E-02  -5.105800E-02  -3.576700E-02
           516      G     -1.830802E-04   4.255508E-04  -2.531694E-03  -1.005701E-01  -2.438123E-02  -1.208550E-02
           517      G     -1.183066E-04   6.444046E-05  -2.029808E-03  -7.524590E-02  -8.681631E-03  -8.259690E-03
           518      G     -5.825444E-05  -4.149292E-05  -1.899378E-03  -7.311475E-02  -2.860330E-03  -2.428209E-03
           519      G      2.561966E-05   2.599284E-04  -4.278469E-03  -5.010578E-02  -5.971461E-03  -1.861287E-02
           520      G      3.600750E-05   5.989297E-05  -4.103198E-03  -9.001279E-02  -3.895798E-04  -4.421470E-03
           521      G      1.591707E-05  -3.782074E-05  -3.976786E-03  -8.336211E-02  -4.873772E-03  -2.657711E-03
           522      G      2.516334E-05   3.926917E-04  -6.490094E-03  -3.940653E-02  -8.989318E-02  -1.386897E-02
           523      G      1.570921E-04   1.801645E-04  -5.456221E-03  -5.538569E-02   1.408155E-02  -2.678227E-03
           524      G      1.171852E-04   2.641225E-05  -5.707994E-03  -5.052328E-02   9.092384E-03  -3.210359E-03
           525      G      6.163358E-05  -1.518734E-05  -5.655267E-03  -5.610170E-02  -4.109315E-03  -1.286462E-03
          1000      G     -3.614983E-06  -1.867394E-03  -1.564975E-03  -1.526429E-01  -3.592126E-05  -1.301627E-03
          1001      G     -8.796562E-04   4.316308E-04  -3.930564E-04   3.637972E-03   3.909800E-04  -3.945017E-01
          1002      G     -1.740305E-03  -2.817159E-04  -3.356383E-04   1.386344E-03   2.979002E-04  -8.236112E-01
          1003      G     -2.775498E-06   8.540685E-04  -1.285647E+00   4.859900E+01  -2.776232E-04   2.424669E-05
          1004      G     -1.973898E-03   8.430516E-04  -1.163091E+00   4.175996E+01  -7.140211E+00  -2.233363E-02
          1005      G     -3.215665E-03   9.055487E-04  -8.776959E-01   3.253574E+01  -1.338221E+01  -6.114439E-02
          1006      G     -1.267469E-06   3.000810E-07  -2.406888E+00   2.458719E-05  -2.884495E-05   3.039201E-05
          1007      G     -4.610052E-03   1.223947E-06  -2.096393E+00   1.470811E-05  -2.360434E+01   2.864879E-05
          1008      G     -1.101682E-02   1.379948E-06  -1.649036E+00   1.168441E-04  -3.732300E+00   3.195530E-05
          1009      G     -1.131661E-03   3.954244E-04  -1.469687E-04  -4.236450E-04   1.155520E-03  -6.987154E-01
          1010      G      7.912516E-04  -6.152981E-04  -5.342633E-05   2.698488E-04   2.458851E-04   3.417719E-01
          1011      G     -5.740684E-03   3.791412E-04  -4.137347E-01   1.541749E+01  -2.019117E+01  -8.715892E-02
          1012      G     -7.941724E-03  -1.820782E-03  -2.292215E-02  -1.918070E+00  -3.404298E+00   1.013895E+01
          1013      G     -1.108572E-02   3.044273E-06  -8.447778E-01   7.532292E-04  -5.063860E+01   7.032477E-05
          1014      G     -1.279547E-02   4.627759E-06  -3.242145E-02   1.481980E-03  -4.305031E+00   3.394963E-03
          1015      G      8.721057E-04   4.316603E-04  -3.934082E-04   3.640247E-03  -3.928951E-04   3.908333E-01
          1016      G      1.732684E-03  -2.844354E-04  -3.360375E-04   1.388197E-03  -2.998073E-04   8.199078E-01
          1017      G      1.968595E-03   8.419960E-04  -1.163102E+00   4.176031E+01   7.139937E+00   2.240152E-02
          1018      G      3.210377E-03   9.015421E-04  -8.777183E-01   3.253645E+01   1.338173E+01   6.119064E-02
          1019      G      4.607465E-03  -1.552197E-07  -2.096413E+00   3.256738E-05   2.360308E+01   2.299537E-05
          1020      G      1.101391E-02  -5.215866E-07  -1.649074E+00   7.752103E-05   3.732309E+00   2.668724E-05
          1021      G      1.125168E-03   3.825406E-04  -1.461480E-04  -4.451282E-04  -1.158454E-03   6.994706E-01
          1022      G     -8.018190E-04  -6.109578E-04  -5.265754E-05   2.532353E-04  -2.453918E-04  -3.434820E-01
1                                                       **STUDENT EDITION*    APRIL  18, 2026  MSC Nastran  3/ 3/26   PAGE    38
     DEFAULT                                                                                                                        
0                                                                                                            SUBCASE 1              
      EIGENVALUE =  2.291139E+06
          CYCLES =  2.409050E+02         R E A L   E I G E N V E C T O R   N O .          3
 
      POINT ID.   TYPE          T1             T2             T3             R1             R2             R3
          1023      G      5.732758E-03   3.762540E-04  -4.137675E-01   1.541862E+01   2.019082E+01   8.721914E-02
          1024      G      7.933440E-03  -1.828307E-03  -2.296342E-02  -1.916557E+00   3.404042E+00  -1.013684E+01
          1025      G      1.108353E-02  -9.531871E-07  -8.448222E-01   8.126845E-05   5.063817E+01   1.921025E-05
          1026      G      1.279386E-02  -1.371145E-06  -3.246720E-02   5.878158E-06   4.305352E+00  -7.077102E-04
          1027      G      9.157046E-07   1.868226E-03  -1.565844E-03   1.527320E-01   1.144345E-05  -1.648076E-04
          1028      G     -8.740294E-04  -4.304593E-04  -3.932224E-04  -3.641231E-03   3.940905E-04   3.922454E-01
          1029      G     -1.734088E-03   2.844036E-04  -3.358847E-04  -1.389798E-03   3.010216E-04   8.210609E-01
          1030      G      1.337449E-07  -8.534696E-04  -1.285648E+00  -4.859889E+01  -2.613953E-04   1.841536E-05
          1031      G     -1.970813E-03  -8.414768E-04  -1.163092E+00  -4.175973E+01  -7.140173E+00   2.241266E-02
          1032      G     -3.212171E-03  -9.001866E-04  -8.777000E-01  -3.253547E+01  -1.338201E+01   6.120896E-02
          1033      G     -1.126295E-03  -3.798721E-04  -1.456284E-04   4.415646E-04   1.157094E-03   7.004159E-01
          1034      G      8.015130E-04   6.113917E-04  -5.210507E-05  -2.575533E-04   2.435221E-04  -3.430135E-01
          1035      G     -5.734187E-03  -3.747726E-04  -4.137511E-01  -1.541770E+01  -2.019038E+01   8.723712E-02
          1036      G     -7.934898E-03   1.830852E-03  -2.295069E-02   1.917387E+00  -3.404300E+00  -1.013504E+01
          1037      G      8.760219E-04  -4.316181E-04  -3.934338E-04  -3.640876E-03  -3.919169E-04  -3.925393E-01
          1038      G      1.736307E-03   2.847472E-04  -3.360369E-04  -1.388407E-03  -2.988347E-04  -8.214678E-01
          1039      G      1.971143E-03  -8.420173E-04  -1.163103E+00  -4.176023E+01   7.139896E+00  -2.236369E-02
          1040      G      3.212506E-03  -9.024248E-04  -8.777202E-01  -3.253644E+01   1.338171E+01  -6.115291E-02
          1041      G      1.128670E-03  -3.843121E-04  -1.459167E-04   4.447139E-04  -1.157830E-03  -7.010301E-01
          1042      G      5.734593E-03  -3.779132E-04  -4.137693E-01  -1.541863E+01   2.019083E+01  -8.717895E-02
          1043      G      7.935224E-03   1.825478E-03  -2.296338E-02   1.916636E+00   3.404182E+00   1.013564E+01
          1044      G     -7.983544E-04   6.081926E-04  -5.241103E-05  -2.536204E-04  -2.447986E-04   3.419383E-01
          2000      G     -8.269564E-06   6.625301E-05  -1.081366E-03  -3.443013E-02   2.485103E-05  -4.805045E-03
          2001      G      1.496600E-05   2.957843E-04  -2.741005E-04   7.270223E-04   1.456760E-04   4.988855E-02
          2002      G     -1.407787E-05  -4.335267E-04  -2.743841E-04   4.048421E-04   1.502278E-04   3.539532E-02
          2003      G     -1.050508E-05   1.788663E-04  -5.679256E-02   2.093869E+00  -9.156834E-03  -4.979378E-05
          2004      G     -1.643594E-04   3.974039E-05  -5.177111E-02   1.826174E+00  -2.650637E-01  -3.274033E-03
          2005      G     -2.098228E-04   2.530486E-06  -4.079021E-02   1.468939E+00  -5.280312E-01  -3.901865E-03
          2006      G     -1.814814E-05   4.009522E-07  -1.048853E-01   1.214189E-04  -5.339114E-03  -5.986929E-06
          2007      G     -2.502596E-04   8.265892E-07  -9.242164E-02   5.200209E-04  -9.242520E-01  -2.331525E-05
          2008      G     -5.362909E-04  -7.504212E-07  -7.485772E-02   9.411119E-04  -1.583198E-01  -2.597111E-05
          2009      G      9.070082E-07  -2.231828E-04  -1.463201E-04   1.596716E-04   7.340298E-05  -1.231872E-01
          2010      G      2.520348E-04   1.376214E-04  -1.429992E-04   3.011573E-04  -5.445098E-05   1.749324E-02
          2011      G     -2.167956E-04  -3.476817E-05  -2.282720E-02   7.982059E-01  -7.660169E-01  -6.255052E-03
          2012      G     -3.762273E-04  -2.495016E-04  -7.569710E-03   1.171956E-01  -1.633145E-01  -5.094227E-01
          2013      G     -6.246164E-04  -6.007679E-07  -4.298302E-02   5.136355E-03  -2.009002E+00  -4.999691E-06
          2014      G     -6.958138E-04  -1.507000E-06  -1.063879E-02   6.970373E-03  -1.778977E-01  -4.557573E-03
          2015      G     -3.006359E-05   2.958159E-04  -2.745331E-04   7.318421E-04  -1.466870E-04  -5.729399E-02
          2016      G      2.217889E-06  -4.361023E-04  -2.748817E-04   4.056007E-04  -1.521237E-04  -4.118440E-02
          2017      G      1.430058E-04   3.860610E-05  -5.231137E-02   1.845200E+00   2.450456E-01   3.197342E-03
          2018      G      1.910825E-04  -1.028860E-06  -4.170187E-02   1.505280E+00   5.263535E-01   3.731706E-03
          2019      G      2.171716E-04   5.133014E-07  -9.344918E-02   1.075834E-04   8.676823E-01  -6.840901E-06
          2020      G      4.982619E-04   4.325329E-07  -7.683816E-02  -5.524759E-06   1.488007E-01  -4.433113E-06
          2021      G     -4.173521E-06  -2.331064E-04  -1.455002E-04   1.356731E-04  -7.982815E-05   1.257269E-01
          2022      G     -2.594653E-04   1.465965E-04  -1.422969E-04   2.864926E-04   5.233665E-05  -1.739130E-02
          2023      G      1.966073E-04  -3.483902E-05  -2.330155E-02   8.074997E-01   7.941910E-01   5.941948E-03
          2024      G      3.634968E-04  -2.408509E-04  -7.606634E-03   9.512114E-02   1.586466E-01   4.612405E-01
          2025      G      5.893992E-04   5.378621E-07  -4.397415E-02   4.280499E-05   2.080830E+00  -5.183693E-06
          2026      G      6.551526E-04   6.492007E-07  -1.062544E-02   1.201381E-04   1.684953E-01   4.127834E-04
          2027      G     -9.873170E-06  -6.542748E-05  -1.081858E-03   3.471214E-02  -5.186843E-05   5.697219E-03
1                                                       **STUDENT EDITION*    APRIL  18, 2026  MSC Nastran  3/ 3/26   PAGE    39
     DEFAULT                                                                                                                        
0                                                                                                            SUBCASE 1              
      EIGENVALUE =  2.291139E+06
          CYCLES =  2.409050E+02         R E A L   E I G E N V E C T O R   N O .          3
 
      POINT ID.   TYPE          T1             T2             T3             R1             R2             R3
          2028      G      1.289003E-05  -2.946515E-04  -2.742543E-04  -7.293640E-04   1.487388E-04  -4.825557E-02
          2029      G     -1.782638E-05   4.359530E-04  -2.746260E-04  -4.069297E-04   1.531797E-04  -3.292826E-02
          2030      G     -1.198982E-05  -1.778286E-04  -5.677616E-02  -2.090429E+00  -9.047615E-03   4.356569E-05
          2031      G     -1.664457E-04  -3.861433E-05  -5.175242E-02  -1.820554E+00  -2.656005E-01   3.275297E-03
          2032      G     -2.118488E-04  -2.359358E-09  -4.077659E-02  -1.459700E+00  -5.267175E-01   3.843864E-03
          2033      G     -5.856267E-06   2.319964E-04  -1.449656E-04  -1.404143E-04   7.504560E-05   1.309817E-01
          2034      G      2.513153E-04  -1.528986E-04  -1.418409E-04  -2.922257E-04  -5.709919E-05  -1.326247E-02
          2035      G     -2.164138E-04   3.220263E-05  -2.286815E-02  -7.868043E-01  -7.636993E-01   6.153781E-03
          2036      G     -3.778180E-04   2.458146E-04  -7.621563E-03  -9.744262E-02  -1.647398E-01   4.637585E-01
          2037      G     -3.132779E-05  -2.957064E-04  -2.745563E-04  -7.324932E-04  -1.457473E-04   5.818601E-02
          2038      G      1.034401E-06   4.365562E-04  -2.748813E-04  -4.062856E-04  -1.512195E-04   4.203611E-02
          2039      G      1.419161E-04  -3.786219E-05  -5.229988E-02  -1.843111E+00   2.446844E-01  -3.202033E-03
          2040      G      1.903437E-04   1.741949E-06  -4.169386E-02  -1.503988E+00   5.263677E-01  -3.741767E-03
          2041      G     -5.366829E-06   2.337272E-04  -1.452677E-04  -1.361228E-04  -7.921126E-05  -1.249295E-01
          2042      G     -2.604909E-04  -1.448884E-04  -1.420458E-04  -2.867110E-04   5.281189E-05   1.808860E-02
          2043      G      1.960919E-04   3.588006E-05  -2.329619E-02  -8.068307E-01   7.940148E-01  -5.954549E-03
          2044      G      3.630364E-04   2.421142E-04  -7.605271E-03  -9.491911E-02   1.584905E-01  -4.605239E-01
          3000      G     -1.403657E-06   9.470049E-05  -6.163506E-04  -1.102038E-02  -1.913973E-03   6.526575E-03
          3001      G      3.588579E-06   2.682907E-05  -4.472740E-04  -6.150681E-03  -9.065185E-03   6.889821E-02
          3002      G      4.572396E-06  -6.453263E-06  -3.792164E-04  -8.180685E-04  -6.799744E-04   1.558659E-02
          3003      G     -2.410051E-06   1.614740E-05   7.002953E-03  -3.198220E-01   3.657920E-04  -3.087662E-05
          3004      G     -5.750928E-06   6.980775E-06   5.650321E-03  -2.457347E-01   8.100074E-02  -2.715567E-04
          3005      G     -1.351973E-05  -3.000815E-05   2.705147E-03  -1.524244E-01   1.257819E-01  -1.201313E-04
          3006      G     -2.118222E-06   3.181873E-07   1.426501E-02   1.317768E-03  -1.177892E-03  -2.883396E-05
          3007      G      2.988163E-05  -1.458204E-06   1.098341E-02   1.508098E-03   2.455445E-01  -2.672119E-05
          3008      G      9.767755E-05  -2.599848E-06   6.381371E-03   2.230695E-03   3.673018E-02  -1.188753E-05
          3009      G     -3.515070E-05  -1.013055E-04  -5.503223E-04   4.948027E-03   1.211668E-02  -4.140178E-02
          3010      G     -1.019966E-04  -1.747720E-04  -1.268899E-03   3.444360E-02   3.143446E-02  -2.453186E-01
          3011      G      1.126298E-05  -6.559751E-05  -1.896133E-03  -6.924115E-03   2.077864E-01   4.950905E-04
          3012      G      5.451402E-05  -6.176376E-05  -5.852638E-03   1.010593E-01   3.200639E-02  -5.763381E-01
          3013      G      9.584016E-05  -3.356036E-06  -9.441061E-04   2.197036E-03   4.430988E-01  -2.026227E-05
          3014      G      1.297216E-04  -4.996770E-06  -7.997735E-03   6.673747E-03   4.661735E-02  -1.431641E-02
          3015      G     -6.142589E-06   2.912568E-05  -4.434957E-04  -7.340467E-03   1.044503E-02  -7.887636E-02
          3016      G     -8.594184E-06  -5.764435E-07  -3.746064E-04  -2.647485E-03   5.957611E-04  -1.837792E-02
          3017      G      5.660261E-07   9.810311E-06   5.658451E-03  -2.469879E-01  -8.230954E-02   1.986405E-04
          3018      G      7.613633E-06  -2.355222E-05   2.699335E-03  -1.552298E-01  -1.253105E-01   6.403012E-05
          3019      G     -3.446942E-05   1.231794E-06   1.100248E-02   8.271728E-04  -2.427182E-01  -2.097952E-05
          3020      G     -1.015436E-04   2.144397E-06   6.407749E-03   5.299746E-04  -3.932941E-02  -1.580832E-05
          3021      G      2.702620E-05  -8.914685E-05  -5.385255E-04   1.636794E-04  -1.172259E-02   3.844463E-02
          3022      G      9.025104E-05  -1.628392E-04  -1.244702E-03   2.436806E-02  -3.015088E-02   2.567740E-01
          3023      G     -1.631315E-05  -5.676305E-05  -1.888460E-03  -1.076895E-02  -2.074054E-01  -4.762913E-04
          3024      G     -5.780584E-05  -5.464573E-05  -5.880234E-03   9.863047E-02  -3.559451E-02   5.962687E-01
          3025      G     -9.984760E-05   2.524455E-06  -9.294165E-04   3.179315E-04  -4.422432E-01  -8.438848E-06
          3026      G     -1.339486E-04   2.776386E-06  -8.002231E-03   6.419665E-05  -4.925824E-02   3.582913E-04
          3027      G     -3.568892E-06  -9.353363E-05  -6.061566E-04   1.357325E-02  -3.257871E-05   2.761854E-03
          3028      G      1.089312E-06  -2.767403E-05  -4.348615E-04   9.322901E-03  -1.003355E-02  -7.507854E-02
          3029      G      3.297286E-06   2.256426E-06  -3.665780E-04   4.214550E-03  -8.218122E-04  -1.722690E-02
          3030      G     -3.015377E-06  -1.558094E-05   7.010964E-03   3.197491E-01   1.607285E-04  -2.670291E-05
          3031      G     -5.648687E-06  -8.997464E-06   5.659560E-03   2.464054E-01   8.159465E-02   1.951592E-04
          3032      G     -1.251062E-05   2.405096E-05   2.705492E-03   1.541894E-01   1.252848E-01   4.444695E-05
1                                                       **STUDENT EDITION*    APRIL  18, 2026  MSC Nastran  3/ 3/26   PAGE    40
     DEFAULT                                                                                                                        
0                                                                                                            SUBCASE 1              
      EIGENVALUE =  2.291139E+06
          CYCLES =  2.409050E+02         R E A L   E I G E N V E C T O R   N O .          3
 
      POINT ID.   TYPE          T1             T2             T3             R1             R2             R3
          3033      G     -3.251955E-05   8.990276E-05  -5.344219E-04   4.302989E-04   1.171599E-02   4.034255E-02
          3034      G     -9.574824E-05   1.621092E-04  -1.239478E-03  -2.410862E-02   2.987981E-02   2.575166E-01
          3035      G      1.173594E-05   5.643586E-05  -1.879774E-03   1.060090E-02   2.072231E-01  -4.928125E-04
          3036      G      5.348315E-05   5.437330E-05  -5.872587E-03  -1.002808E-01   3.501450E-02   6.045491E-01
          3037      G     -8.234665E-06  -2.627953E-05  -4.370919E-04   8.882210E-03   9.933579E-03   8.043639E-02
          3038      G     -1.017893E-05   5.086938E-06  -3.703509E-04   3.564091E-03   7.237137E-04   2.200710E-02
          3039      G     -7.870626E-08  -7.094079E-06   5.661339E-03   2.470927E-01  -8.204740E-02  -2.452368E-04
          3040      G      7.040749E-06   2.772690E-05   2.702488E-03   1.553297E-01  -1.255164E-01  -9.901875E-05
          3041      G      2.605311E-05   9.436376E-05  -5.351634E-04   5.248314E-04  -1.175810E-02  -3.588445E-02
          3042      G      8.983730E-05   1.696420E-04  -1.241842E-03  -2.420506E-02  -3.030500E-02  -2.549622E-01
          3043      G     -1.670400E-05   6.214169E-05  -1.885882E-03   1.072882E-02  -2.072612E-01   4.567094E-04
          3044      G     -5.813141E-05   6.023454E-05  -5.878651E-03  -9.854148E-02  -3.585285E-02  -5.955112E-01
          4000      G     -7.577810E-06   1.553875E-04  -3.292277E-04  -3.252743E-02   6.945947E-06  -1.347073E-03
          4001      G      2.697474E-05   1.520987E-04  -9.218915E-05  -8.025477E-02  -9.960701E-03   6.233816E-02
          4002      G      6.396728E-05   7.474587E-05  -3.530124E-04  -2.426578E-02   4.315570E-03  -5.248470E-03
          4003      G     -4.639025E-06   5.961051E-05   3.890772E-02  -1.493461E+00  -5.600941E-05   7.463248E-05
          4004      G      3.926069E-05   3.808825E-05   3.486723E-02  -1.226410E+00   2.479774E-01   9.685745E-05
          4005      G      5.189258E-05   8.965043E-06   2.447426E-02  -9.405719E-01   4.800371E-01   1.124183E-03
          4006      G     -1.596038E-06   1.152074E-05   7.286090E-02  -7.929874E-05  -1.476410E-04   7.304635E-05
          4007      G      1.203803E-04   1.357126E-05   6.198201E-02  -5.963436E-05   8.226166E-01   7.406405E-05
          4008      G      3.222281E-04   1.561651E-05   4.649854E-02  -1.477641E-04   1.242465E-01   7.411590E-05
          4009      G      2.895891E-05  -7.196809E-05  -8.773291E-04   3.643700E-03  -1.857199E-04  -2.584716E-02
          4010      G     -3.479155E-05  -3.644598E-05  -1.701799E-03   1.278751E-02   3.352678E-02  -2.838538E-01
          4011      G      1.438066E-04  -9.840735E-06   8.247095E-03  -4.038291E-01   6.867536E-01   1.672913E-03
          4012      G      2.289098E-04   7.058911E-06  -5.040813E-03   1.250461E-01   1.081102E-01  -7.155922E-01
          4013      G      3.054841E-04   1.754822E-05   1.983777E-02  -1.201196E-04   1.659592E+00   7.659669E-05
          4014      G      3.660687E-04   1.968612E-05  -6.666497E-03  -7.958154E-05   1.374424E-01   2.559192E-04
          4015      G     -4.220849E-05   1.480106E-04  -9.394928E-05  -8.018374E-02   9.808595E-03  -6.354117E-02
          4016      G     -7.926985E-05   6.644356E-05  -3.598797E-04  -2.419821E-02  -4.599918E-03   4.896160E-03
          4017      G     -4.851132E-05   3.402676E-05   3.486315E-02  -1.226402E+00  -2.481779E-01   5.376655E-05
          4018      G     -6.113137E-05   7.357437E-07   2.446649E-02  -9.406672E-01  -4.801469E-01  -9.695498E-04
          4019      G     -1.235912E-04   9.553053E-06   6.197914E-02  -7.917215E-05  -8.225519E-01   7.171209E-05
          4020      G     -3.254429E-04   7.599394E-06   4.649224E-02  -3.031858E-05  -1.246092E-01   6.985533E-05
          4021      G     -4.406739E-05  -8.461917E-05  -8.900288E-04   3.585367E-03   6.231560E-05   2.666860E-02
          4022      G      2.059400E-05  -5.427822E-05  -1.718953E-03   1.302573E-02  -3.417263E-02   2.878467E-01
          4023      G     -1.531592E-04  -2.239611E-05   8.234887E-03  -4.039012E-01  -6.869723E-01  -1.523276E-03
          4024      G     -2.390176E-04  -9.239840E-06  -5.061879E-03   1.247890E-01  -1.088134E-01   7.183634E-01
          4025      G     -3.088436E-04   5.794821E-06   1.982760E-02  -2.467813E-05  -1.659548E+00   6.850364E-05
          4026      G     -3.694455E-04   4.005811E-06  -6.679015E-03  -2.370869E-05  -1.377884E-01   1.553363E-04
          4027      G      3.987153E-06  -1.324459E-04  -3.299861E-04   3.241068E-02   2.332193E-06  -9.699174E-04
          4028      G      3.875541E-05  -1.249263E-04  -9.355725E-05   8.001917E-02  -9.834277E-03  -6.378262E-02
          4029      G      7.589552E-05  -4.346336E-05  -3.596848E-04   2.396084E-02   4.570686E-03   4.442794E-03
          4030      G      1.256059E-06  -3.654435E-05   3.890774E-02   1.493489E+00   1.063832E-05   7.115201E-05
          4031      G      4.520424E-05  -1.098797E-05   3.486564E-02   1.226456E+00   2.480402E-01   5.232928E-05
          4032      G      5.790535E-05   2.233514E-05   2.447086E-02   9.408179E-01   4.801225E-01  -9.709065E-04
          4033      G      4.073787E-05   1.074849E-04  -8.884986E-04  -4.004990E-03  -1.413342E-04   2.572934E-02
          4034      G     -2.370224E-05   7.651897E-05  -1.714770E-03  -1.347552E-02   3.386147E-02   2.853290E-01
          4035      G      1.500292E-04   4.539482E-05   8.241212E-03   4.041222E-01   6.868163E-01  -1.525395E-03
          4036      G      2.357537E-04   3.207187E-05  -5.052322E-03  -1.246660E-01   1.086250E-01   7.139965E-01
          4037      G     -3.082101E-05  -1.288411E-04  -9.402976E-05   8.007603E-02   9.866381E-03   6.188883E-02
1                                                       **STUDENT EDITION*    APRIL  18, 2026  MSC Nastran  3/ 3/26   PAGE    41
     DEFAULT                                                                                                                        
0                                                                                                            SUBCASE 1              
      EIGENVALUE =  2.291139E+06
          CYCLES =  2.409050E+02         R E A L   E I G E N V E C T O R   N O .          3
 
      POINT ID.   TYPE          T1             T2             T3             R1             R2             R3
          4038      G     -6.804920E-05  -5.115918E-05  -3.600850E-04   2.411755E-02  -4.555187E-03  -6.434793E-03
          4039      G     -4.268731E-05  -1.493815E-05   3.486387E-02   1.226429E+00  -2.481796E-01   8.905803E-05
          4040      G     -5.540940E-05   1.451884E-05   2.446629E-02   9.406434E-01  -4.801863E-01   1.110008E-03
          4041      G     -3.302030E-05   9.620378E-05  -8.903139E-04  -3.843795E-03   1.042670E-04  -2.810008E-02
          4042      G      3.147874E-05   6.199664E-05  -1.718705E-03  -1.322512E-02  -3.395301E-02  -2.883968E-01
          4043      G     -1.475202E-04   3.392458E-05   8.233220E-03   4.039558E-01  -6.869967E-01   1.660655E-03
          4044      G     -2.333947E-04   1.725131E-05  -5.062295E-03  -1.247906E-01  -1.086169E-01  -7.178634E-01
1                                                       **STUDENT EDITION*    APRIL  18, 2026  MSC Nastran  3/ 3/26   PAGE    42
     DEFAULT                                                                                                                        
0                                                                                                            SUBCASE 1              
      EIGENVALUE =  2.515681E+06
          CYCLES =  2.524340E+02         R E A L   E I G E N V E C T O R   N O .          4
 
      POINT ID.   TYPE          T1             T2             T3             R1             R2             R3
             1      G      0.0            0.0            0.0            0.0            0.0            0.0
             2      G      0.0            0.0            0.0            0.0            0.0            0.0
             3      G      0.0            0.0            0.0            0.0            0.0            0.0
             4      G      0.0            0.0            0.0            0.0            0.0            0.0
             5      G      0.0            0.0            0.0            0.0            0.0            0.0
             6      G      0.0            0.0            0.0            0.0            0.0            0.0
             7      G      0.0            0.0            0.0            0.0            0.0            0.0
             8      G      0.0            0.0            0.0            0.0            0.0            0.0
            10      G     -2.798999E-05  -1.330211E-04  -1.393138E-04   4.371137E-05  -3.683975E-04   1.463044E-02
            11      G     -2.829334E-05   1.340847E-04  -1.390875E-04  -4.597463E-05  -3.667763E-04  -1.422058E-02
            12      G     -1.796538E-04  -9.078082E-05  -2.575330E-04  -3.185459E-04  -5.723962E-04  -3.120895E-02
            13      G     -1.774443E-04   9.522014E-05  -2.574577E-04   2.993230E-04  -5.666271E-04   3.066150E-02
            14      G      1.803522E-04  -9.482685E-05  -2.525172E-04  -2.719158E-04   5.765046E-04   2.769994E-02
            15      G      1.861554E-04   8.276259E-05  -2.531900E-04   3.242829E-04   5.870523E-04  -2.932952E-02
            16      G      2.707381E-05  -1.265171E-04  -1.399919E-04  -1.657341E-05   3.363182E-04  -1.653283E-02
            17      G      1.936551E-05   1.329423E-04  -1.409732E-04  -8.014084E-07   3.123937E-04   2.037893E-02
           100      G     -1.430911E-04  -2.447810E-04   3.759485E-02  -8.954291E-01   3.804102E-01   2.013557E-03
           101      G     -3.975703E-04  -6.862634E-06   7.096994E-02   3.656454E-04   1.419153E-01   3.399733E-04
           102      G     -5.850152E-05  -2.608329E-05   5.036602E-02  -1.234619E+00   3.693180E-01  -1.041510E-03
           103      G     -4.181081E-04  -6.224209E-06   9.211003E-02  -1.738262E-04   7.953296E-01  -1.782250E-04
           104      G      1.854359E-05  -3.728020E-04   5.829782E-02  -1.433761E+00  -7.083371E-05   2.472769E-04
           105      G      2.458455E-05  -3.066430E-06   1.093110E-01  -3.527806E-05  -2.024131E-03  -5.315392E-05
           106      G     -3.381600E-05  -4.684856E-04  -2.666557E-04   3.242829E-04   5.870523E-04  -2.932952E-02
           107      G     -3.381600E-05   3.142459E-04  -2.509888E-04   3.242829E-04   5.870523E-04  -2.932952E-02
           108      G      9.307292E-06   5.998331E-05  -1.124625E-03  -6.136100E-03  -2.414596E-04  -4.253598E-05
           109      G      1.722075E-04   2.857842E-04  -1.433102E-04  -8.014084E-07   3.123937E-04   2.037893E-02
           110      G     -2.412940E-04   1.172833E-03  -6.164406E-03   3.049932E-01   1.152570E-01  -1.296866E-01
           111      G      1.722075E-04  -2.835521E-04  -1.345827E-04  -8.014084E-07   3.123937E-04   2.037893E-02
           112      G     -6.569115E-05  -5.977735E-05   1.485106E-02  -3.186051E-01   8.423984E-01   8.043049E-03
           113      G     -9.377760E-05  -1.465239E-05  -7.473212E-03  -1.237970E-03   1.333922E-01   5.204665E-03
           114      G     -6.239904E-04   1.138280E-07   3.178379E-02   1.072405E-03   1.527128E+00  -1.423079E-03
           115      G      1.857709E-04  -2.214824E-04   3.762218E-02  -8.885499E-01  -3.819472E-01  -1.863705E-03
           116      G      4.524506E-04   1.507339E-06   7.102689E-02  -4.390071E-04  -1.462532E-01  -3.196966E-05
           117      G      1.003527E-04  -2.262420E-05   5.038792E-02  -1.231818E+00  -3.687041E-01   9.813351E-04
           118      G      4.639195E-04  -9.922965E-08   9.214262E-02  -1.889256E-04  -7.917981E-01  -1.152981E-04
           119      G      5.251696E-05  -4.810627E-04  -2.703523E-04   2.993230E-04  -5.666271E-04   3.066150E-02
           120      G      5.251696E-05   3.372161E-04  -2.552305E-04   2.993230E-04  -5.666271E-04   3.066150E-02
           121      G     -1.349477E-04   2.407390E-04  -1.414935E-04  -4.597463E-05  -3.667763E-04  -1.422058E-02
           122      G      3.238518E-04   1.145875E-03  -6.164423E-03   3.176588E-01  -1.202831E-01   1.204996E-01
           123      G     -1.349477E-04  -1.565484E-04  -1.312467E-04  -4.597463E-05  -3.667763E-04  -1.422058E-02
           124      G      1.256396E-04  -5.258707E-05   1.487718E-02  -3.091927E-01  -8.420428E-01  -7.442825E-03
           125      G      1.610093E-04   2.068418E-06  -7.527161E-03  -1.427367E-04  -1.397864E-01   2.012105E-04
           126      G      6.870618E-04   1.829415E-06   3.180557E-02  -6.093395E-04  -1.530036E+00  -4.562203E-05
           127      G     -1.457002E-04   2.238938E-04   3.759843E-02   8.938069E-01   3.820011E-01  -1.707817E-03
           128      G     -5.707009E-05   1.104488E-05   5.038024E-02   1.234024E+00   3.687243E-01   9.283500E-04
           129      G      1.937798E-05   3.679899E-04   5.830331E-02   1.433478E+00  -2.641615E-04  -2.719777E-04
           130      G     -2.739736E-05   4.257935E-04  -2.653920E-04  -2.719158E-04   5.765046E-04   2.769994E-02
           131      G     -2.739736E-05  -3.134487E-04  -2.500065E-04  -2.719158E-04   5.765046E-04   2.769994E-02
           132      G      1.160992E-05  -6.471769E-05  -1.125496E-03   6.131474E-03  -6.614047E-04   3.832212E-04
           133      G      1.510700E-04  -2.505133E-04  -1.426386E-04  -1.657341E-05   3.363182E-04  -1.653283E-02
1                                                       **STUDENT EDITION*    APRIL  18, 2026  MSC Nastran  3/ 3/26   PAGE    43
     DEFAULT                                                                                                                        
0                                                                                                            SUBCASE 1              
      EIGENVALUE =  2.515681E+06
          CYCLES =  2.524340E+02         R E A L   E I G E N V E C T O R   N O .          4
 
      POINT ID.   TYPE          T1             T2             T3             R1             R2             R3
           134      G     -2.652368E-04  -1.148362E-03  -6.119816E-03  -3.145189E-01   1.157799E-01   1.255837E-01
           135      G      1.510700E-04   2.113727E-04  -1.332427E-04  -1.657341E-05   3.363182E-04  -1.653283E-02
           136      G     -8.128958E-05   4.649400E-05   1.485639E-02   3.121246E-01   8.401199E-01  -7.760410E-03
           137      G      1.852435E-04   2.262273E-04   3.763235E-02   8.877590E-01  -3.818020E-01   2.029455E-03
           138      G      1.014545E-04   2.381261E-05   5.039464E-02   1.231282E+00  -3.686015E-01  -1.059804E-03
           139      G      5.441333E-05   4.957914E-04  -2.706802E-04  -3.185459E-04  -5.723962E-04  -3.120895E-02
           140      G      5.441333E-05  -3.370976E-04  -2.554044E-04  -3.185459E-04  -5.723962E-04  -3.120895E-02
           141      G     -1.377183E-04  -2.427494E-04  -1.417489E-04   4.371137E-05  -3.683975E-04   1.463044E-02
           142      G      3.209945E-04  -1.142651E-03  -6.166089E-03  -3.181387E-01  -1.213967E-01  -1.196852E-01
           143      G     -1.377183E-04   1.659885E-04  -1.314568E-04   4.371137E-05  -3.683975E-04   1.463044E-02
           144      G      1.233700E-04   5.724802E-05   1.488957E-02   3.089205E-01  -8.420121E-01   7.440274E-03
           200      G      1.820479E-04   2.858094E-04  -1.433102E-04  -8.014084E-07   3.123937E-04   2.037893E-02
           201      G      1.820479E-04  -2.835268E-04  -1.345827E-04  -8.014084E-07   3.123937E-04   2.037893E-02
           202      G     -1.532386E-05  -4.787006E-04  -2.666557E-04   3.242829E-04   5.870523E-04  -2.932952E-02
           203      G     -1.532386E-05   3.040310E-04  -2.509888E-04   3.242829E-04   5.870523E-04  -2.932952E-02
           204      G      2.145803E-05  -2.948558E-03  -1.554612E-03  -4.011275E-02   1.825069E-03   1.702139E-03
           205      G      1.743939E-02   1.193207E-03  -7.767095E-03  -1.264860E+00  -3.176887E+00   1.354060E-01
           206      G      1.950540E-02   7.676996E-05  -1.147317E-02   1.435118E-02  -4.104433E+00   4.840148E-02
           207      G     -1.465011E-04   2.421872E-04  -1.414935E-04  -4.597463E-05  -3.667763E-04  -1.422058E-02
           208      G     -1.465011E-04  -1.551002E-04  -1.312467E-04  -4.597463E-05  -3.667763E-04  -1.422058E-02
           209      G      3.466821E-05  -4.904914E-04  -2.703523E-04   2.993230E-04  -5.666271E-04   3.066150E-02
           210      G      3.466821E-05   3.277874E-04  -2.552305E-04   2.993230E-04  -5.666271E-04   3.066150E-02
           211      G     -1.697600E-02   1.123747E-03  -7.765766E-03  -1.909876E+00   3.101469E+00  -2.605874E-01
           212      G     -1.946163E-02   3.267509E-06  -1.136656E-02   1.542008E-03   3.950204E+00   6.236223E-04
           213      G      1.616641E-04  -2.499913E-04  -1.426386E-04  -1.657341E-05   3.363182E-04  -1.653283E-02
           214      G      1.616641E-04   2.118947E-04  -1.332427E-04  -1.657341E-05   3.363182E-04  -1.653283E-02
           215      G     -9.237470E-06   4.343589E-04  -2.653920E-04  -2.719158E-04   5.765046E-04   2.769994E-02
           216      G     -9.237470E-06  -3.048834E-04  -2.500065E-04  -2.719158E-04   5.765046E-04   2.769994E-02
           217      G      2.035798E-05   2.947483E-03  -1.554497E-03   4.182939E-02  -1.574045E-03  -8.149169E-04
           218      G      1.776548E-02  -1.339259E-03  -7.773964E-03   1.876595E+00  -3.247999E+00  -2.068203E-01
           219      G     -1.493228E-04  -2.441263E-04  -1.417489E-04   4.371137E-05  -3.683975E-04   1.463044E-02
           220      G     -1.493228E-04   1.646116E-04  -1.314568E-04   4.371137E-05  -3.683975E-04   1.463044E-02
           221      G      3.638285E-05   5.058256E-04  -2.706802E-04  -3.185459E-04  -5.723962E-04  -3.120895E-02
           222      G      3.638285E-05  -3.270634E-04  -2.554044E-04  -3.185459E-04  -5.723962E-04  -3.120895E-02
           223      G     -1.698937E-02  -1.118311E-03  -7.764722E-03   1.912446E+00   3.093109E+00   2.623227E-01
           224      G      8.289130E-03   3.477033E-03  -9.367914E-01   2.302357E+01  -8.452412E+00   2.616270E-01
           225      G      1.815829E-02  -2.502899E-06  -1.710830E+00   1.044809E-02  -3.897394E+00  -4.418316E-05
           226      G      3.778120E-03  -2.301458E-03  -1.208173E+00   3.001907E+01  -7.595318E+00   2.231088E-02
           227      G      1.344927E-02  -5.729450E-06  -2.164976E+00   4.978692E-03  -1.654805E+01  -3.748775E-04
           228      G      3.034537E-04   9.476365E-03  -1.380499E+00   3.350743E+01  -1.299681E-01   5.453828E-03
           229      G      4.908111E-04   1.520373E-06  -2.526600E+00   4.019458E-04  -1.277338E-01   4.227440E-05
           230      G      1.037344E-02  -1.045813E-04  -4.549261E-01   1.133669E+01  -1.782988E+01   1.479040E-01
           231      G      2.905259E-02  -6.013829E-05  -8.660408E-01   5.842461E-02  -3.393915E+01  -9.029960E-03
           232      G     -7.494065E-03   3.977786E-03  -9.631641E-01   2.390388E+01   8.644137E+00  -2.568024E-01
           233      G     -1.754132E-02   4.366353E-06  -1.766101E+00  -3.731654E-03   3.684685E+00  -1.439187E-05
           234      G     -3.177795E-03  -2.322778E-03  -1.223437E+00   3.048042E+01   6.955273E+00  -2.080139E-02
           235      G     -1.236656E-02   3.020800E-06  -2.193410E+00  -1.051598E-03   1.543816E+01  -1.935991E-04
           236      G     -1.051594E-02  -1.674598E-04  -4.670696E-01   1.149599E+01   1.934700E+01  -1.198402E-01
           237      G     -2.507922E-02   1.987613E-06  -8.930145E-01  -3.176238E-03   3.831722E+01   2.444294E-05
           238      G      8.367864E-03  -3.478057E-03  -9.370762E-01  -2.285773E+01  -8.427017E+00  -2.609471E-01
1                                                       **STUDENT EDITION*    APRIL  18, 2026  MSC Nastran  3/ 3/26   PAGE    44
     DEFAULT                                                                                                                        
0                                                                                                            SUBCASE 1              
      EIGENVALUE =  2.515681E+06
          CYCLES =  2.524340E+02         R E A L   E I G E N V E C T O R   N O .          4
 
      POINT ID.   TYPE          T1             T2             T3             R1             R2             R3
           239      G      3.821408E-03   2.291041E-03  -1.208251E+00  -2.992385E+01  -7.599401E+00  -2.241316E-02
           240      G      3.256228E-04  -9.462683E-03  -1.380524E+00  -3.346722E+01  -1.267601E-01  -5.706431E-03
           241      G      1.054370E-02   1.057462E-04  -4.559071E-01  -1.102623E+01  -1.781911E+01  -1.493206E-01
           242      G     -7.491253E-03  -3.966611E-03  -9.630870E-01  -2.389053E+01   8.646082E+00   2.569681E-01
           243      G     -3.167069E-03   2.329528E-03  -1.223413E+00  -3.045594E+01   6.956024E+00   2.083489E-02
           244      G     -1.052090E-02   1.739355E-04  -4.669710E-01  -1.148674E+01   1.934733E+01   1.198751E-01
           300      G      1.206155E-05  -5.299218E-05  -3.917457E-04  -1.766524E-02  -4.603889E-03  -2.381202E-04
           301      G     -3.614777E-05  -6.394921E-05  -5.803915E-04  -2.756875E-02  -1.355539E-02  -1.040879E-02
           302      G      1.527386E-05  -8.741549E-05  -8.195805E-04  -4.191987E-02  -2.673077E-03   1.972212E-03
           303      G      1.037298E-04  -3.011117E-04  -1.253056E-03   2.903109E-02   3.264038E-03  -3.615091E-03
           304      G      1.986658E-05  -1.630542E-04  -5.683299E-04   1.515080E-03   1.643338E-02  -1.330987E-02
           305      G     -7.363318E-05  -4.311377E-04  -5.692005E-03   1.236727E-01  -4.104183E-02   3.231904E-02
           306      G     -1.314331E-04  -6.077529E-05  -8.256119E-03   1.208496E-02  -4.019069E-02  -1.110198E-02
           307      G      2.135688E-05  -4.228513E-05  -3.939924E-04  -1.846137E-02   5.276073E-03   1.636027E-03
           308      G      7.642492E-05  -5.905901E-05  -5.857054E-04  -2.775730E-02   1.504211E-02   1.363974E-02
           309      G     -1.107576E-04  -3.123258E-04  -1.257587E-03   1.618061E-02   5.206942E-03   2.679703E-03
           310      G      3.460498E-06  -1.606373E-04  -5.656113E-04  -9.427383E-04  -1.770806E-02   1.647076E-02
           311      G      1.163635E-04  -4.553258E-04  -5.700954E-03   1.503500E-01   3.490616E-02  -4.130674E-02
           312      G      1.478890E-04  -8.007777E-07  -8.220665E-03   8.980188E-05   3.644338E-02   9.125527E-05
           313      G     -5.626751E-06   7.917860E-06  -3.879763E-04   1.893163E-02  -5.707887E-03   1.317726E-03
           314      G     -5.854430E-05   3.018617E-05  -5.794756E-04   2.868813E-02  -1.477247E-02   1.312458E-02
           315      G      3.446167E-06   6.557115E-05  -8.194048E-04   4.387039E-02  -2.317901E-04  -1.716137E-04
           316      G      1.163561E-04   2.508591E-04  -1.245140E-03  -1.592743E-02  -8.632322E-03   6.708861E-03
           317      G      1.200207E-05   1.225446E-04  -5.617192E-04  -4.998550E-04   1.806704E-02   1.575819E-02
           318      G     -1.000694E-04   4.191829E-04  -5.681923E-03  -1.546520E-01  -4.013946E-02  -4.059315E-02
           319      G      1.136482E-05   2.836931E-05  -3.944461E-04   1.924682E-02   5.270769E-03  -1.794955E-03
           320      G      6.640648E-05   3.836766E-05  -5.845667E-04   2.865226E-02   1.433683E-02  -1.385596E-02
           321      G     -1.212969E-04   3.088071E-04  -1.259893E-03  -1.583255E-02   4.582727E-03  -2.763089E-03
           322      G     -6.459369E-06   1.517813E-04  -5.667740E-04   1.923148E-03  -1.774095E-02  -1.667217E-02
           323      G      1.089677E-04   4.528061E-04  -5.704132E-03  -1.504234E-01   3.470407E-02   4.136427E-02
           324      G     -6.133748E-05  -4.690600E-05   4.188153E-03  -7.634583E-02   9.799850E-02  -2.598210E-03
           325      G     -1.382125E-04  -2.059144E-05   5.959198E-03   6.232202E-04  -1.781360E-03  -1.866777E-04
           326      G      2.376843E-06  -2.629511E-05   7.837428E-03  -1.642542E-01   1.017913E-01  -4.671193E-05
           327      G     -1.278036E-04  -1.598773E-05   1.114369E-02   2.504108E-04   1.871821E-01  -1.605757E-04
           328      G      1.574817E-05  -9.897047E-05   9.812602E-03  -2.118414E-01   3.378150E-04  -5.148159E-04
           329      G      1.044540E-05  -1.247036E-05   1.485566E-02   6.448225E-04  -1.804298E-03  -7.556194E-05
           330      G     -4.149658E-05  -9.699777E-05  -1.384766E-03   4.239325E-02   2.201267E-01  -5.240231E-03
           331      G     -2.891639E-04  -1.516999E-05  -1.570649E-03  -5.233670E-04   3.068458E-01   1.230252E-03
           332      G      9.251035E-05  -3.598252E-05   4.314829E-03  -7.650510E-02  -9.816597E-02   2.070410E-03
           333      G      1.606624E-04  -6.963033E-06   6.183420E-03   3.616097E-04  -2.333447E-03  -8.234575E-05
           334      G      2.711099E-05  -2.047699E-05   7.917806E-03  -1.651456E-01  -1.004178E-01  -1.798812E-04
           335      G      1.467692E-04  -9.515876E-06   1.127085E-02   4.224002E-04  -1.821649E-01  -1.216624E-04
           336      G      7.668182E-05  -7.827018E-05  -1.265597E-03   4.886166E-02  -2.214740E-01   5.556515E-03
           337      G      3.128487E-04  -4.268473E-06  -1.423285E-03   3.004710E-04  -3.118836E-01  -1.692433E-04
           338      G     -7.248219E-05   6.553894E-06   4.255045E-03   7.327370E-02   9.578818E-02   2.109869E-03
           339      G     -4.837720E-06  -6.100312E-06   7.888038E-03   1.628531E-01   1.018273E-01  -2.280461E-04
           340      G      7.298311E-06   7.400809E-05   9.849100E-03   2.106585E-01  -1.867629E-04  -3.452587E-05
           341      G     -6.139012E-05   3.760847E-05  -1.283424E-03  -4.885084E-02   2.209035E-01   5.448488E-03
           342      G      8.586356E-05   2.157989E-05   4.327204E-03   7.622021E-02  -9.842354E-02  -2.171632E-03
           343      G      1.956138E-05   1.751000E-06   7.937206E-03   1.647107E-01  -1.007148E-01   2.254424E-05
1                                                       **STUDENT EDITION*    APRIL  18, 2026  MSC Nastran  3/ 3/26   PAGE    45
     DEFAULT                                                                                                                        
0                                                                                                            SUBCASE 1              
      EIGENVALUE =  2.515681E+06
          CYCLES =  2.524340E+02         R E A L   E I G E N V E C T O R   N O .          4
 
      POINT ID.   TYPE          T1             T2             T3             R1             R2             R3
           344      G      6.984727E-05   6.984472E-05  -1.260673E-03  -4.932646E-02  -2.218861E-01  -5.720691E-03
           400      G      6.493778E-05  -6.516650E-05  -5.220630E-04  -8.292939E-03   2.705402E-03  -2.265291E-03
           401      G      2.132198E-05  -2.251342E-04  -5.476902E-04  -3.540176E-02  -8.506030E-03  -3.502701E-03
           402      G      1.464901E-05  -4.027285E-05  -6.379269E-04  -1.344600E-02   2.270277E-05   1.443637E-04
           403      G      2.372096E-04  -4.867154E-04  -1.729276E-03   1.500057E-02   3.372736E-02   1.351512E-02
           404      G      1.317058E-04  -1.268666E-04  -8.643587E-04   6.357184E-03   9.501588E-03  -6.419228E-03
           405      G     -3.432703E-04  -4.167610E-04  -5.326184E-03   9.468890E-02   6.048453E-02   1.891952E-02
           406      G     -4.338340E-04  -2.169586E-05  -7.177751E-03  -8.322887E-04   8.073904E-02  -1.547904E-03
           407      G     -3.712251E-05  -5.489402E-05  -5.270604E-04  -8.191093E-03  -2.890394E-03   2.458878E-03
           408      G      6.685680E-06  -2.197932E-04  -5.501384E-04  -3.533751E-02   8.433878E-03   3.487249E-03
           409      G     -2.117316E-04  -4.703225E-04  -1.737314E-03   1.651368E-02  -3.483598E-02  -1.413073E-02
           410      G     -1.064643E-04  -1.122478E-04  -8.713901E-04   6.490414E-03  -9.170104E-03   5.975987E-03
           411      G      3.653186E-04  -3.962418E-04  -5.321967E-03   9.306947E-02  -6.063390E-02  -1.991818E-02
           412      G      4.484629E-04  -2.574225E-06  -7.155879E-03   4.933170E-05  -8.075419E-02  -7.107806E-05
           413      G      5.022784E-05   2.735899E-05  -5.210062E-04   8.022865E-03   2.868874E-03   2.277077E-03
           414      G      6.739848E-06   1.928486E-04  -5.454368E-04   3.524616E-02  -8.533047E-03   3.417986E-03
           415      G     -3.642124E-07   1.371315E-05  -6.368150E-04   1.342127E-02  -8.183840E-05  -1.345888E-04
           416      G      2.222964E-04   4.363937E-04  -1.723341E-03  -1.722779E-02   3.506267E-02  -1.366054E-02
           417      G      1.177655E-04   8.249027E-05  -8.618416E-04  -6.617531E-03   8.914053E-03   6.050107E-03
           418      G     -3.499932E-04   3.626562E-04  -5.312740E-03  -9.324872E-02   6.043098E-02  -1.943342E-02
           419      G     -5.115299E-05   3.886593E-05  -5.276274E-04   8.241351E-03  -2.956902E-03  -2.671525E-03
           420      G     -7.649401E-06   1.984368E-04  -5.494538E-04   3.533403E-02   8.414852E-03  -3.661667E-03
           421      G     -2.258474E-04   4.650011E-04  -1.740438E-03  -1.644056E-02  -3.496455E-02   1.395581E-02
           422      G     -1.204480E-04   1.014356E-04  -8.728977E-04  -6.383743E-03  -9.215490E-03  -6.175630E-03
           423      G      3.584362E-04   3.911731E-04  -5.324638E-03  -9.304177E-02  -6.070814E-02   1.979790E-02
           424      G     -1.368384E-04  -9.207462E-05   1.054890E-02  -2.865324E-01   1.509179E-01  -5.906010E-03
           425      G     -3.693139E-04  -1.904715E-05   2.024752E-02  -1.513271E-04   7.026738E-02  -1.723044E-04
           426      G     -4.985266E-05  -4.348793E-06   1.532159E-02  -3.971236E-01   1.279328E-01  -5.467262E-04
           427      G     -2.469507E-04  -1.623937E-05   2.796352E-02   1.470397E-05   2.812958E-01  -8.992209E-05
           428      G      1.069033E-05  -2.006975E-04   1.816023E-02  -4.848115E-01   1.189141E-04  -1.338976E-04
           429      G      7.526484E-06  -1.342385E-05   3.421174E-02  -4.490605E-05  -3.805237E-05  -9.323771E-05
           430      G     -2.116700E-04  -1.042840E-04   2.331881E-03  -9.590622E-02   3.083342E-01  -7.106879E-03
           431      G     -5.888375E-04  -2.229286E-05   6.574834E-03  -5.847517E-04   5.551024E-01   3.395729E-04
           432      G      1.583243E-04  -8.132107E-05   1.055603E-02  -2.868170E-01  -1.504742E-01   5.712661E-03
           433      G      3.846646E-04  -8.049162E-06   2.026132E-02   1.457671E-05  -7.038696E-02  -9.529929E-05
           434      G      7.154844E-05   1.217424E-06   1.532359E-02  -3.972332E-01  -1.280574E-01   3.698458E-04
           435      G      2.618996E-04  -1.072625E-05   2.797058E-02  -1.498678E-06  -2.809337E-01  -1.018761E-04
           436      G      2.336044E-04  -8.940327E-05   2.341647E-03  -9.653250E-02  -3.087501E-01   6.961221E-03
           437      G      6.040857E-04  -5.284821E-06   6.591347E-03   3.219938E-05  -5.550678E-01  -1.037026E-04
           438      G     -1.434645E-04   5.392251E-05   1.055721E-02   2.864705E-01   1.501932E-01   5.735784E-03
           439      G     -5.674356E-05  -2.804168E-05   1.532420E-02   3.969279E-01   1.281399E-01   3.553225E-04
           440      G      3.821929E-06   1.739011E-04   1.816370E-02   4.847163E-01  -1.824623E-05  -8.249763E-05
           441      G     -2.180803E-04   6.123926E-05   2.348755E-03   9.619606E-02   3.086309E-01   6.882842E-03
           442      G      1.513024E-04   6.521148E-05   1.055645E-02   2.867767E-01  -1.504944E-01  -5.861101E-03
           443      G      6.452925E-05  -2.249086E-05   1.532508E-02   3.971565E-01  -1.281088E-01  -5.535429E-04
           444      G      2.266394E-04   7.873915E-05   2.341002E-03   9.649662E-02  -3.088291E-01  -7.141559E-03
           445      G      6.240644E-04  -1.297283E-03  -1.860906E-03   5.266631E-02   2.387844E-02   3.189016E-02
           446      G      4.736651E-04  -4.314599E-04  -1.021047E-03   3.431287E-02   2.797823E-02  -8.054504E-03
           447      G      2.917162E-04  -1.193115E-04  -6.185316E-04   3.368283E-02   5.984008E-03  -8.781590E-03
           448      G      1.281742E-04   1.721529E-05  -5.732036E-04   3.056429E-02  -3.340050E-03  -8.145128E-03
1                                                       **STUDENT EDITION*    APRIL  18, 2026  MSC Nastran  3/ 3/26   PAGE    46
     DEFAULT                                                                                                                        
0                                                                                                            SUBCASE 1              
      EIGENVALUE =  2.515681E+06
          CYCLES =  2.524340E+02         R E A L   E I G E N V E C T O R   N O .          4
 
      POINT ID.   TYPE          T1             T2             T3             R1             R2             R3
           449      G      1.230378E-05   6.195844E-05  -6.210866E-04   1.633811E-02  -6.040615E-05  -1.008110E-04
           450      G      3.603589E-05  -9.821217E-04  -5.152908E-03   7.817616E-02   6.086615E-02   5.137864E-02
           451      G     -7.499473E-05  -2.322423E-05  -6.750681E-03  -8.947447E-05   9.561134E-02  -2.246546E-04
           452      G     -5.992701E-04  -1.273625E-03  -1.868480E-03   5.188025E-02  -2.373702E-02  -3.215661E-02
           453      G     -4.487335E-04  -4.149312E-04  -1.028429E-03   3.407742E-02  -2.809716E-02   7.870543E-03
           454      G     -2.671542E-04  -1.088899E-04  -6.237239E-04   3.365336E-02  -6.072375E-03   8.530209E-03
           455      G     -1.033360E-04   2.231637E-05  -5.759983E-04   3.054303E-02   3.245240E-03   8.007368E-03
           456      G     -2.032189E-05  -9.588335E-04  -5.147012E-03   7.790704E-02  -6.108849E-02  -5.145190E-02
           457      G      8.295751E-05  -3.318573E-06  -6.734008E-03   3.712240E-05  -9.527312E-02  -9.934207E-05
           458      G      6.074755E-04   1.247915E-03  -1.853759E-03  -5.189391E-02   2.351228E-02  -3.197886E-02
           459      G      4.573201E-04   3.890864E-04  -1.018238E-03  -3.412983E-02   2.795870E-02   7.915590E-03
           460      G      2.760338E-04   8.240665E-05  -6.168358E-04  -3.357492E-02   5.955515E-03   8.542004E-03
           461      G      1.125332E-04  -4.909952E-05  -5.717122E-04  -3.047528E-02  -3.333715E-03   7.962898E-03
           462      G     -3.267703E-06  -8.889273E-05  -6.197126E-04  -1.626920E-02  -7.046170E-05  -9.196153E-05
           463      G      2.836443E-05   9.353651E-04  -5.142668E-03  -7.852733E-02   6.037452E-02  -5.178972E-02
           464      G     -6.150454E-04   1.267363E-03  -1.871705E-03  -5.187422E-02  -2.377740E-02   3.199072E-02
           465      G     -4.644355E-04   4.032223E-04  -1.030139E-03  -3.405282E-02  -2.814881E-02  -8.063390E-03
           466      G     -2.828279E-04   9.192463E-05  -6.241506E-04  -3.359439E-02  -6.112754E-03  -8.718715E-03
           467      G     -1.190000E-04  -4.426229E-05  -5.753399E-04  -3.047990E-02   3.208188E-03  -8.184876E-03
           468      G     -2.792719E-05   9.523703E-04  -5.149480E-03  -7.786668E-02  -6.114302E-02   5.127316E-02
           469      G      2.218816E-04  -9.561623E-04  -3.370159E-03   8.218703E-02   4.182353E-02  -3.500026E-02
           470      G      1.708446E-04  -4.313056E-04  -2.661046E-03   1.074536E-01   1.628641E-02  -1.148990E-02
           471      G      1.102803E-04  -7.649896E-05  -2.385693E-03   9.149767E-02   1.835755E-03  -7.966767E-03
           472      G      5.858894E-05   2.863362E-05  -2.400388E-03   9.597281E-02  -1.188020E-03  -2.118368E-03
           473      G      1.009478E-05   5.647382E-05  -2.347262E-03   9.283512E-02   6.899137E-06  -1.001072E-04
           474      G     -3.264956E-05  -2.696575E-04  -4.602644E-03   5.787384E-02  -9.810476E-03  -1.842424E-02
           475      G     -3.880955E-05  -7.254076E-05  -4.887046E-03   1.072525E-01  -1.362481E-02  -4.300224E-03
           476      G     -1.438500E-05   2.483142E-05  -5.069649E-03   1.075587E-01  -2.849375E-03  -2.687764E-03
           477      G      7.829907E-06   4.388798E-05  -5.034152E-03   1.112823E-01   6.252651E-05  -9.988273E-05
           478      G     -3.278326E-05  -4.054609E-04  -6.367574E-03   4.144986E-02   7.544283E-02  -1.386155E-02
           479      G     -1.631376E-04  -1.929683E-04  -5.921921E-03   5.969522E-02  -3.582343E-02  -2.670814E-03
           480      G     -1.198890E-04  -3.882001E-05  -6.810181E-03   6.070155E-02  -2.845117E-02  -3.253003E-03
           481      G     -6.133039E-05   4.302192E-06  -7.200068E-03   7.097036E-02  -7.371094E-03  -1.342969E-03
           482      G     -1.741895E-04  -2.107326E-05  -6.410633E-03  -3.068753E-06  -4.358360E-02  -6.652108E-05
           483      G     -1.565665E-04  -1.843912E-05  -7.498151E-03  -4.859679E-05  -4.111175E-02  -9.593288E-05
           484      G     -7.908291E-05  -1.595753E-05  -8.028463E-03  -3.018128E-05  -4.521660E-03  -9.158474E-05
           485      G      5.797481E-06   2.049889E-05  -7.217565E-03   6.903530E-02   1.277166E-04  -9.511248E-05
           486      G      3.848505E-06  -1.345787E-05  -8.025072E-03  -2.741170E-05   1.451461E-04  -9.226068E-05
           487      G     -2.016893E-04  -9.330391E-04  -3.368221E-03   8.201306E-02  -4.183837E-02   3.477004E-02
           488      G     -1.507021E-04  -4.148177E-04  -2.660295E-03   1.069903E-01  -1.624064E-02   1.126514E-02
           489      G     -9.012081E-05  -6.611867E-05  -2.386516E-03   9.120524E-02  -1.821379E-03   7.768843E-03
           490      G     -3.848183E-05   3.375192E-05  -2.400794E-03   9.581845E-02   1.138976E-03   1.907721E-03
           491      G      4.826444E-05  -2.536599E-04  -4.594288E-03   5.763238E-02   9.805078E-03   1.819230E-02
           492      G      5.438775E-05  -6.223476E-05  -4.880690E-03   1.069449E-01   1.369644E-02   4.099683E-03
           493      G      3.004187E-05   2.991485E-05  -5.066129E-03   1.073917E-01   2.975197E-03   2.491967E-03
           494      G      4.460348E-05  -3.838303E-04  -6.354230E-03   4.106292E-02  -7.538617E-02   1.364076E-02
           495      G      1.744992E-04  -1.772893E-04  -5.909218E-03   5.955999E-02   3.575809E-02   2.475425E-03
           496      G      1.313740E-04  -2.868592E-05  -6.798855E-03   6.055585E-02   2.855911E-02   3.059853E-03
           497      G      7.288091E-05   9.345141E-06  -7.193508E-03   7.086960E-02   7.585293E-03   1.151473E-03
           498      G      1.817381E-04  -5.860267E-06  -6.397048E-03   1.246672E-05   4.350558E-02  -9.064921E-05
1                                                       **STUDENT EDITION*    APRIL  18, 2026  MSC Nastran  3/ 3/26   PAGE    47
     DEFAULT                                                                                                                        
0                                                                                                            SUBCASE 1              
      EIGENVALUE =  2.515681E+06
          CYCLES =  2.524340E+02         R E A L   E I G E N V E C T O R   N O .          4
 
      POINT ID.   TYPE          T1             T2             T3             R1             R2             R3
           499      G      1.641231E-04  -8.473722E-06  -7.485712E-03  -4.790432E-06   4.119826E-02  -9.301878E-05
           500      G      8.675524E-05  -1.096749E-05  -8.020933E-03  -1.907532E-05   4.764753E-03  -9.238389E-05
           501      G      2.098566E-04   9.080642E-04  -3.355284E-03  -8.216999E-02   4.139360E-02   3.480721E-02
           502      G      1.592464E-04   3.890016E-04  -2.655360E-03  -1.074298E-01   1.611764E-02   1.127408E-02
           503      G      9.858235E-05   3.963775E-05  -2.382711E-03  -9.148358E-02   1.784122E-03   7.788593E-03
           504      G      4.696514E-05  -6.051512E-05  -2.397907E-03  -9.596031E-02  -1.187019E-03   1.932825E-03
           505      G     -1.532660E-06  -8.339607E-05  -2.345073E-03  -9.282071E-02  -1.482563E-05  -8.000712E-05
           506      G     -4.020907E-05   2.273646E-04  -4.598889E-03  -5.793359E-02  -9.876201E-03   1.827200E-02
           507      G     -4.634884E-05   3.566695E-05  -4.884696E-03  -1.072921E-01  -1.365050E-02   4.107896E-03
           508      G     -2.197901E-05  -5.672150E-05  -5.067521E-03  -1.075827E-01  -2.858706E-03   2.503818E-03
           509      G      2.365854E-07  -7.080302E-05  -5.032217E-03  -1.113049E-01   5.209513E-05  -8.466629E-05
           510      G     -3.663469E-05   3.581943E-04  -6.363316E-03  -4.173844E-02   7.520850E-02   1.373548E-02
           511      G     -1.668990E-04   1.509885E-04  -5.920383E-03  -5.988519E-02  -3.584211E-02   2.471549E-03
           512      G     -1.236519E-04   1.885723E-06  -6.808802E-03  -6.074746E-02  -2.845063E-02   3.073471E-03
           513      G     -6.511194E-05  -3.619733E-05  -7.198788E-03  -7.102578E-02  -7.380421E-03   1.157518E-03
           514      G      2.001839E-06  -4.741633E-05  -7.216438E-03  -6.908195E-02   1.192880E-04  -8.902206E-05
           515      G     -2.133376E-04   9.266236E-04  -3.371256E-03  -8.199960E-02  -4.188606E-02  -3.496306E-02
           516      G     -1.623334E-04   4.031187E-04  -2.661656E-03  -1.069778E-01  -1.629805E-02  -1.144979E-02
           517      G     -1.017514E-04   4.915936E-05  -2.386221E-03  -9.118860E-02  -1.876235E-03  -7.953792E-03
           518      G     -5.009626E-05  -5.570425E-05  -2.399321E-03  -9.579768E-02   1.110099E-03  -2.093507E-03
           519      G      4.067803E-05   2.419410E-04  -4.595282E-03  -5.761080E-02   9.761135E-03  -1.837816E-02
           520      G      4.680061E-05   4.528164E-05  -4.880324E-03  -1.069465E-01   1.365252E-02  -4.284378E-03
           521      G      2.244637E-05  -5.185748E-05  -5.064732E-03  -1.074079E-01   2.945272E-03  -2.676062E-03
           522      G      4.080170E-05   3.772862E-04  -6.355640E-03  -4.099751E-02  -7.541352E-02  -1.382322E-02
           523      G      1.707195E-04   1.655596E-04  -5.909770E-03  -5.953171E-02   3.573305E-02  -2.659587E-03
           524      G      1.275822E-04   1.173854E-05  -6.798644E-03  -6.056441E-02   2.853375E-02  -3.243775E-03
           525      G      6.908590E-05  -3.128165E-05  -7.192706E-03  -7.090360E-02   7.568493E-03  -1.335829E-03
          1000      G      1.710524E-05   9.254247E-05  -1.095447E-03  -6.133129E-03  -2.413867E-04   4.911910E-03
          1001      G      1.539587E-04   2.747304E-04  -2.473524E-04   3.075101E-04   5.652789E-04   1.205442E-01
          1002      G      2.270025E-04  -4.471351E-04  -2.647149E-04   1.574389E-04   5.794782E-04   1.569508E-01
          1003      G      1.072080E-05   7.448207E-05   5.709450E-02  -2.228005E+00   7.660672E-04  -1.213211E-04
          1004      G      1.172134E-04  -9.007233E-05   5.107019E-02  -1.862029E+00   3.729960E-01  -1.013510E-03
          1005      G      2.464794E-04  -1.202868E-04   3.650077E-02  -1.391186E+00   6.684329E-01   2.696573E-03
          1006      G      7.969073E-06  -2.800255E-06   1.093160E-01  -3.530772E-05  -2.023976E-03  -1.733137E-04
          1007      G      2.865610E-04  -8.267760E-06   9.345874E-02   1.056333E-04   1.220081E+00  -1.287470E-04
          1008      G      6.996652E-04  -9.897629E-06   7.097189E-02   3.654772E-04   1.420113E-01  -1.443795E-04
          1009      G      1.665228E-04  -2.672417E-04  -1.345337E-04   4.768644E-07   2.743867E-04  -2.679419E-02
          1010      G      1.804251E-04   2.632928E-04  -1.471167E-04   6.133850E-05   2.377530E-04  -1.330520E-02
          1011      G      5.453122E-04  -1.105238E-04   1.331854E-02  -5.422271E-01   1.014524E+00   5.049024E-03
          1012      G      6.735727E-04   3.483802E-05  -5.696527E-03   3.050140E-01   1.153057E-01  -5.428033E-01
          1013      G      7.475763E-04  -1.584682E-05   3.185328E-02  -1.402366E-03   2.479895E+00  -2.581878E-04
          1014      G      9.495960E-04  -2.138301E-05  -6.932656E-03  -1.236539E-03   1.333736E-01   3.193590E-03
          1015      G     -1.211355E-04   2.970424E-04  -2.515007E-04   2.859708E-04  -5.448111E-04  -1.149129E-01
          1016      G     -1.990990E-04  -4.563560E-04  -2.682873E-04   1.200974E-04  -5.589996E-04  -1.537751E-01
          1017      G     -9.258517E-05  -8.308635E-05   5.108950E-02  -1.860925E+00  -3.734871E-01   5.733188E-04
          1018      G     -2.249780E-04  -8.670788E-05   3.653204E-02  -1.388133E+00  -6.674880E-01  -2.830957E-03
          1019      G     -2.742790E-04   1.919656E-06   9.349234E-02  -2.716384E-04  -1.214771E+00  -1.457874E-04
          1020      G     -6.803775E-04   5.087827E-06   7.102886E-02  -4.390177E-04  -1.463490E-01  -1.333123E-04
          1021      G     -1.577068E-04  -1.626293E-04  -1.309751E-04  -1.664070E-05  -3.152832E-04   4.929724E-03
          1022      G     -1.448765E-04   2.236712E-04  -1.447488E-04   1.709741E-06  -3.051109E-04   8.097262E-03
1                                                       **STUDENT EDITION*    APRIL  18, 2026  MSC Nastran  3/ 3/26   PAGE    48
     DEFAULT                                                                                                                        
0                                                                                                            SUBCASE 1              
      EIGENVALUE =  2.515681E+06
          CYCLES =  2.524340E+02         R E A L   E I G E N V E C T O R   N O .          4
 
      POINT ID.   TYPE          T1             T2             T3             R1             R2             R3
          1023      G     -5.071529E-04  -9.494018E-05   1.337751E-02  -5.360824E-01  -1.013710E+00  -5.048686E-03
          1024      G     -6.321097E-04   7.371321E-05  -5.676464E-03   3.176737E-01  -1.203316E-01   6.362672E-01
          1025      G     -7.303586E-04   8.480305E-06   3.189003E-02  -6.036477E-04  -2.478827E+00  -1.433728E-04
          1026      G     -9.347424E-04   1.202628E-05  -6.961138E-03  -1.427794E-04  -1.397686E-01   4.184749E-03
          1027      G     -6.225568E-06  -9.724646E-05  -1.096335E-03   6.128537E-03  -6.614028E-04   5.824665E-03
          1028      G      1.279848E-04  -2.758852E-04  -2.461503E-04  -2.492566E-04   5.543669E-04  -1.028092E-01
          1029      G      2.024636E-04   4.053674E-04  -2.632524E-04  -1.104276E-04   5.685948E-04  -1.399313E-01
          1030      G     -2.246848E-06  -7.791523E-05   5.709989E-02   2.226571E+00   6.066932E-04  -1.976126E-04
          1031      G      1.068467E-04   7.467595E-05   5.107360E-02   1.859479E+00   3.733357E-01   6.027662E-04
          1032      G      2.343756E-04   8.996530E-05   3.650769E-02   1.386803E+00   6.675618E-01  -2.968266E-03
          1033      G      1.486036E-04   2.006492E-04  -1.332532E-04  -3.089616E-05   2.921780E-04   2.066383E-02
          1034      G      1.400021E-04  -2.524556E-04  -1.462906E-04  -6.667230E-05   2.719438E-04   2.046756E-02
          1035      G      5.207553E-04   8.232818E-05   1.335794E-02   5.370753E-01   1.013283E+00  -5.256514E-03
          1036      G      6.534907E-04  -7.531591E-05  -5.649861E-03  -3.145349E-01   1.158270E-01   6.179951E-01
          1037      G     -1.435019E-04  -2.964880E-04  -2.517599E-04  -3.063624E-04  -5.507857E-04   1.275345E-01
          1038      G     -2.208399E-04   4.708519E-04  -2.686881E-04  -1.377482E-04  -5.650206E-04   1.660852E-01
          1039      G     -1.045559E-04   8.650334E-05   5.109777E-02   1.860213E+00  -3.733299E-01  -8.432850E-04
          1040      G     -2.367417E-04   9.749049E-05   3.654340E-02   1.387847E+00  -6.674060E-01   2.569737E-03
          1041      G     -1.788302E-04   1.810603E-04  -1.311885E-04   1.496622E-05  -3.173874E-04   3.772695E-03
          1042      G     -5.198898E-04   1.118552E-04   1.339194E-02   5.360623E-01  -1.013573E+00   4.799462E-03
          1043      G     -6.440851E-04  -5.047762E-05  -5.673675E-03  -3.181537E-01  -1.214453E-01  -6.290511E-01
          1044      G     -1.678323E-04  -2.050355E-04  -1.450105E-04  -4.953540E-06  -3.058713E-04   1.686420E-03
          2000      G     -1.266419E-04  -2.244745E-03  -1.465330E-03  -4.005420E-02   1.826610E-03  -8.280019E-02
          2001      G     -8.545970E-04   3.932435E-04  -3.821394E-04   3.664635E-03   8.580832E-04  -3.921611E-01
          2002      G     -1.556041E-03  -3.166549E-04  -3.342743E-04   1.355669E-03   7.540836E-04  -7.418640E-01
          2003      G     -2.238642E-04   8.222950E-04  -1.348043E+00   5.110602E+01  -2.657470E-01  -2.364451E-03
          2004      G     -2.062568E-03   7.904317E-04  -1.212411E+00   4.378183E+01  -7.693328E+00  -2.574516E-02
          2005      G     -3.134008E-03   8.205310E-04  -9.093375E-01   3.403681E+01  -1.409009E+01  -6.753225E-02
          2006      G     -5.000852E-04  -6.852701E-07  -2.526701E+00   4.041977E-04  -1.277682E-01  -1.331081E-03
          2007      G     -5.061229E-03  -2.430552E-05  -2.188749E+00   9.458902E-03  -2.540480E+01  -1.801029E-03
          2008      G     -1.158898E-02  -8.286430E-05  -1.710868E+00   1.045430E-02  -3.899331E+00  -2.258428E-03
          2009      G     -7.351667E-04   2.197807E-04  -1.343476E-04  -6.105307E-04   1.485885E-03  -4.894518E-01
          2010      G      1.107701E-03  -9.105623E-04  -3.965755E-05  -8.373366E-05   5.960565E-04   5.089092E-01
          2011      G     -5.588994E-03   1.411319E-04  -4.237603E-01   1.632724E+01  -2.104924E+01  -9.449608E-02
          2012      G     -7.537801E-03  -2.330106E-03  -2.059752E-02  -1.266052E+00  -3.178714E+00   6.639180E+00
          2013      G     -1.122018E-02  -1.477968E-04  -8.704007E-01   7.339120E-02  -5.284617E+01  -2.271559E-03
          2014      G     -1.261737E-02  -1.998856E-04  -2.809738E-02   1.426816E-02  -4.105843E+00   3.295369E-02
          2015      G      6.532325E-04   4.175871E-04  -3.886569E-04   3.717140E-03  -8.125269E-04   2.806225E-01
          2016      G      1.453478E-03  -3.198797E-04  -3.406753E-04   1.292190E-03  -7.315921E-04   6.796379E-01
          2017      G      1.598651E-03   7.990137E-04  -1.227698E+00   4.432558E+01   7.144473E+00   2.099863E-02
          2018      G      2.735833E-03   8.693117E-04  -9.350056E-01   3.507010E+01   1.403222E+01   6.101129E-02
          2019      G      4.158520E-03   2.160846E-05  -2.217556E+00   1.413284E-03   2.378569E+01  -1.077204E-03
          2020      G      1.056591E-02   3.441967E-05  -1.766126E+00  -3.730679E-03   3.686932E+00  -9.121259E-04
          2021      G      8.543042E-04   4.056889E-04  -1.309137E-04  -7.086019E-04  -1.628623E-03   5.283331E-01
          2022      G     -9.360760E-04  -7.828440E-04  -3.898371E-05  -9.852235E-05  -7.416660E-04  -4.381199E-01
          2023      G      5.226386E-03   2.434850E-04  -4.369172E-01   1.660300E+01   2.187850E+01   8.267810E-02
          2024      G      7.371647E-03  -1.753645E-03  -2.029747E-02  -1.910855E+00   3.103291E+00  -8.749217E+00
          2025      G      1.023866E-02   5.456138E-05  -8.983021E-01  -3.252495E-03   5.479783E+01  -8.975614E-04
          2026      G      1.146349E-02   7.432625E-05  -2.738044E-02   1.544085E-03   3.951904E+00   4.093086E-02
          2027      G     -3.426778E-04   2.230116E-03  -1.458337E-03   4.177073E-02  -1.574216E-03   1.756245E-01
1                                                       **STUDENT EDITION*    APRIL  18, 2026  MSC Nastran  3/ 3/26   PAGE    49
     DEFAULT                                                                                                                        
0                                                                                                            SUBCASE 1              
      EIGENVALUE =  2.515681E+06
          CYCLES =  2.524340E+02         R E A L   E I G E N V E C T O R   N O .          4
 
      POINT ID.   TYPE          T1             T2             T3             R1             R2             R3
          2028      G     -1.122739E-03  -3.998874E-04  -3.806346E-04  -3.580628E-03   8.457049E-04   5.304987E-01
          2029      G     -1.896886E-03   2.629210E-04  -3.327215E-04  -1.269505E-03   7.375504E-04   9.164501E-01
          2030      G     -3.738575E-04  -8.161931E-04  -1.348010E+00  -5.102509E+01  -2.573904E-01   4.774890E-04
          2031      G     -2.234267E-03  -8.260699E-04  -1.212457E+00  -4.365292E+01  -7.703077E+00   2.286230E-02
          2032      G     -3.313584E-03  -9.471032E-04  -9.096279E-01  -3.381604E+01  -1.405160E+01   6.342097E-02
          2033      G     -1.157425E-03  -4.967879E-04  -1.325497E-04   6.322450E-04   1.510771E-03   6.870969E-01
          2034      G      6.788770E-04   5.332919E-04  -4.362431E-05  -2.104790E-05   6.237689E-04  -3.073292E-01
          2035      G     -5.779415E-03  -3.900705E-04  -4.249696E-01  -1.601998E+01  -2.103536E+01   8.803753E-02
          2036      G     -7.770263E-03   1.801406E-03  -2.088876E-02   1.877551E+00  -3.249801E+00  -8.802125E+00
          2037      G      4.678955E-04  -4.151636E-04  -3.888644E-04  -3.738406E-03  -8.197538E-04  -1.868195E-01
          2038      G      1.281497E-03   3.386858E-04  -3.410910E-04  -1.324222E-03  -7.395760E-04  -5.924956E-01
          2039      G      1.474048E-03  -7.742697E-04  -1.227630E+00  -4.427885E+01   7.141450E+00  -2.263552E-02
          2040      G      2.635002E-03  -8.094790E-04  -9.348830E-01  -3.503926E+01   1.403687E+01  -6.278117E-02
          2041      G      6.872451E-04  -3.135727E-04  -1.310940E-04   7.057389E-04  -1.631003E-03  -4.467057E-01
          2042      G     -1.098979E-03   9.400082E-04  -3.909008E-05   1.006789E-04  -7.460635E-04   5.174490E-01
          2043      G      5.140982E-03  -1.431712E-04  -4.367706E-01  -1.658604E+01   2.187702E+01  -8.456024E-02
          2044      G      7.291276E-03   1.902741E-03  -2.026301E-02   1.913429E+00   3.094929E+00   8.829328E+00
          3000      G      4.180797E-06   2.412575E-04  -6.517293E-04  -4.190302E-02  -2.672792E-03   3.102427E-03
          3001      G     -5.175535E-05   1.540035E-04  -4.696838E-04  -2.757657E-02  -1.355621E-02   5.642140E-02
          3002      G     -8.910845E-05   8.708053E-05  -3.209291E-04  -1.766640E-02  -4.604581E-03  -3.201239E-02
          3003      G     -1.029071E-06   9.163845E-05   7.642189E-03  -3.157551E-01   1.609220E-03  -1.229251E-04
          3004      G     -1.075289E-04   7.922977E-05   5.977631E-03  -2.307862E-01   9.321879E-02  -7.458895E-04
          3005      G     -2.202269E-04   4.131965E-05   2.703970E-03  -1.282899E-01   1.354443E-01  -1.426707E-03
          3006      G     -4.042840E-06  -1.763012E-05   1.485611E-02   6.448107E-04  -1.804348E-03  -1.349319E-04
          3007      G     -9.663920E-05  -2.193475E-05   1.091328E-02  -4.041970E-04   2.931648E-01  -1.324347E-04
          3008      G     -1.614771E-04  -2.560673E-05   5.959128E-03   6.231784E-04  -1.778788E-03  -1.075618E-04
          3009      G     -1.229388E-04  -3.688843E-05  -5.420259E-04   1.520668E-03   1.643081E-02  -1.236067E-01
          3010      G     -1.234781E-04  -2.731214E-04  -1.356329E-03   2.902171E-02   3.273789E-03  -1.243387E-01
          3011      G     -3.021336E-04  -2.434500E-05  -2.298778E-03   2.118612E-02   2.205072E-01  -3.109294E-03
          3012      G     -3.905155E-04  -1.486632E-04  -5.855571E-03   1.236716E-01  -4.098826E-02  -6.643964E-01
          3013      G     -3.319140E-04  -2.705409E-05  -1.671528E-03  -3.446112E-04   4.827421E-01  -1.810869E-04
          3014      G     -4.399261E-04  -3.658720E-05  -8.416272E-03   1.208475E-02  -4.013469E-02  -4.897256E-02
          3015      G      6.032770E-05   1.604206E-04  -4.742639E-04  -2.776537E-02   1.504269E-02  -8.138537E-02
          3016      G      9.629012E-05   1.040202E-04  -3.199755E-04  -1.846199E-02   5.276526E-03   1.484401E-02
          3017      G      1.051272E-04   8.698278E-05   6.056438E-03  -2.318038E-01  -9.241621E-02   4.997091E-04
          3018      G      2.169475E-04   5.561340E-05   2.815980E-03  -1.279413E-01  -1.342296E-01   1.171929E-03
          3019      G      8.685360E-05  -1.384661E-05   1.104080E-02   2.565288E-04  -2.827843E-01  -1.298380E-04
          3020      G      1.510461E-04  -9.851254E-06   6.183357E-03   3.615839E-04  -2.336046E-03  -1.250785E-04
          3021      G      1.265613E-04  -1.967224E-05  -5.269677E-04  -9.372700E-04  -1.770598E-02   1.156770E-01
          3022      G      1.254148E-04  -2.408456E-04  -1.343258E-03   1.617100E-02   5.196978E-03   9.601910E-02
          3023      G      2.982604E-04  -1.114495E-06  -2.172826E-03   2.756869E-02  -2.209094E-01   2.966281E-03
          3024      G      3.846077E-04  -1.299003E-04  -5.839970E-03   1.503453E-01   3.485336E-02   8.007386E-01
          3025      G      3.191970E-04  -6.546204E-06  -1.514944E-03   4.616379E-04  -4.855906E-01  -1.157780E-04
          3026      G      4.267129E-04  -3.435867E-06  -8.365908E-03   8.982250E-05   3.638772E-02  -1.050701E-03
          3027      G     -1.596287E-05  -2.785528E-04  -6.437565E-04   4.385332E-02  -2.318728E-04   8.944069E-03
          3028      G     -7.242629E-05  -1.967205E-04  -4.643083E-04   2.869601E-02  -1.477314E-02  -6.482817E-02
          3029      G     -1.087461E-04  -1.421827E-04  -3.120766E-04   1.893272E-02  -5.708399E-03   2.752425E-02
          3030      G     -1.088053E-05  -1.273320E-04   7.680238E-03   3.128395E-01   7.396687E-04  -1.546352E-04
          3031      G     -1.171383E-04  -1.236319E-04   6.034295E-03   2.283124E-01   9.328028E-02   4.693699E-04
          3032      G     -2.300542E-04  -9.303548E-05   2.765226E-03   1.228626E-01   1.340038E-01   1.122992E-03
1                                                       **STUDENT EDITION*    APRIL  18, 2026  MSC Nastran  3/ 3/26   PAGE    50
     DEFAULT                                                                                                                        
0                                                                                                            SUBCASE 1              
      EIGENVALUE =  2.515681E+06
          CYCLES =  2.524340E+02         R E A L   E I G E N V E C T O R   N O .          4
 
      POINT ID.   TYPE          T1             T2             T3             R1             R2             R3
          3033      G     -1.370023E-04  -2.131731E-05  -5.281579E-04  -5.059453E-04   1.806498E-02   1.307526E-01
          3034      G     -1.284419E-04   1.964548E-04  -1.343469E-03  -1.591824E-02  -8.623055E-03   8.256980E-02
          3035      G     -3.146633E-04  -3.938180E-05  -2.209735E-03  -2.853702E-02   2.207603E-01   2.983057E-03
          3036      G     -4.094073E-04   9.277437E-05  -5.841903E-03  -1.546475E-01  -4.008425E-02   8.175981E-01
          3037      G      4.030550E-05  -1.882364E-04  -4.695331E-04   2.866031E-02   1.433731E-02   8.379666E-02
          3038      G      7.695785E-05  -1.241836E-04  -3.172896E-04   1.924746E-02   5.271223E-03  -1.004186E-02
          3039      G      9.564175E-05  -1.149073E-04   6.076444E-03   2.305107E-01  -9.242745E-02  -7.697520E-04
          3040      G      2.076883E-04  -7.555244E-05   2.827653E-03   1.270003E-01  -1.348431E-01  -1.435597E-03
          3041      G      1.082429E-04   7.056402E-06  -5.241411E-04   1.917718E-03  -1.773893E-02  -1.114180E-01
          3042      G      1.080786E-04   2.362812E-04  -1.341682E-03  -1.582281E-02   4.572603E-03  -9.504714E-02
          3043      G      2.892786E-04  -1.150376E-05  -2.170579E-03  -2.849290E-02  -2.211583E-01  -3.206846E-03
          3044      G      3.755841E-04   1.232958E-04  -5.842335E-03  -1.504187E-01   3.465116E-02  -8.031278E-01
          4000      G      1.444913E-05   5.997086E-05  -5.829171E-04  -1.344347E-02   2.266605E-05  -3.338476E-04
          4001      G      3.545865E-05   5.019876E-05  -4.044764E-04  -3.542696E-02  -8.508686E-03   4.427206E-02
          4002      G      5.814460E-05  -2.959827E-06  -4.880544E-04  -8.301466E-03   2.705648E-03  -1.185974E-02
          4003      G      1.088379E-05   1.098386E-05   1.793724E-02  -7.206017E-01   1.027589E-04  -8.930746E-05
          4004      G      3.136677E-05  -5.270327E-06   1.577152E-02  -5.799808E-01   1.335373E-01  -1.791516E-04
          4005      G      3.672201E-05  -2.866423E-05   1.032151E-02  -4.267756E-01   2.478408E-01   2.479893E-04
          4006      G      7.216346E-06  -1.306705E-05   3.421343E-02  -4.490660E-05  -3.804721E-05  -9.073570E-05
          4007      G      6.689300E-05  -1.548694E-05   2.845861E-02  -5.583920E-05   4.336967E-01  -9.030671E-05
          4008      G      1.689840E-04  -1.784331E-05   2.024802E-02  -1.513268E-04   7.029998E-02  -9.152700E-05
          4009      G      4.163191E-05  -9.203256E-05  -8.711592E-04   6.366070E-03   9.491377E-03  -7.673798E-02
          4010      G      4.250786E-06  -9.755539E-05  -1.656073E-03   1.500065E-02   3.372894E-02  -2.657261E-01
          4011      G      8.432654E-05  -5.051966E-05   1.889636E-03  -1.583314E-01   3.598314E-01   4.393441E-04
          4012      G      1.320801E-04  -5.889237E-05  -5.082183E-03   9.470405E-02   6.051179E-02  -5.728095E-01
          4013      G      1.611012E-04  -2.032684E-05   6.614967E-03   5.925835E-05   8.387057E-01  -8.697777E-05
          4014      G      1.978356E-04  -2.219314E-05  -6.851947E-03  -8.322124E-04   8.074792E-02   5.091315E-03
          4015      G     -6.631640E-06   5.502610E-05  -4.071787E-04  -3.536273E-02   8.436534E-03  -4.356241E-02
          4016      G     -2.937993E-05   6.498977E-06  -4.934634E-04  -8.199621E-03  -2.890663E-03   1.287323E-02
          4017      G     -9.578359E-06  -4.590787E-07   1.577429E-02  -5.801741E-01  -1.334930E-01   1.098102E-06
          4018      G     -1.496096E-05  -1.908024E-05   1.032856E-02  -4.272052E-01  -2.476085E-01  -4.219235E-04
          4019      G     -5.249874E-05  -1.063047E-05   2.846562E-02  -3.559642E-05  -4.331423E-01  -9.087979E-05
          4020      G     -1.545941E-04  -8.166063E-06   2.026181E-02   1.457438E-05  -7.041954E-02  -9.072992E-05
          4021      G     -1.272380E-05  -7.797057E-05  -8.793736E-04   6.499274E-03  -9.159844E-03   7.769190E-02
          4022      G      2.533500E-05  -8.013168E-05  -1.665732E-03   1.651338E-02  -3.483767E-02   2.728323E-01
          4023      G     -6.269430E-05  -3.665531E-05   1.895710E-03  -1.587388E-01  -3.600309E-01  -6.199982E-04
          4024      G     -1.111409E-04  -3.984747E-05  -5.077372E-03   9.308471E-02  -6.066084E-02   5.666491E-01
          4025      G     -1.468206E-04  -5.800674E-06   6.631538E-03   4.814931E-05  -8.383801E-01  -9.005527E-05
          4026      G     -1.833461E-04  -3.449050E-06  -6.830017E-03   4.933541E-05  -8.076311E-02  -1.700289E-04
          4027      G     -3.620337E-07  -8.631808E-05  -5.819038E-04   1.341868E-02  -8.183673E-05  -1.915470E-04
          4028      G      2.066228E-05  -8.124414E-05  -4.028439E-04   3.527137E-02  -8.535697E-03  -4.418827E-02
          4029      G      4.332318E-05  -3.269801E-05  -4.880822E-04   8.031389E-03   2.869152E-03   1.255134E-02
          4030      G      3.350840E-06  -3.716732E-05   1.794199E-02   7.205609E-01   4.481448E-05  -9.194721E-05
          4031      G      2.378014E-05  -2.571136E-05   1.577743E-02   5.799452E-01   1.334808E-01  -1.264566E-06
          4032      G      2.912029E-05  -7.118033E-06   1.033019E-02   4.268569E-01   2.476903E-01  -4.247426E-04
          4033      G      2.648901E-05   5.147293E-05  -8.708417E-04  -6.626397E-03   8.903813E-03   7.537274E-02
          4034      G     -1.137705E-05   5.349196E-05  -1.653708E-03  -1.722745E-02   3.506428E-02   2.715620E-01
          4035      G      7.682526E-05   1.047569E-05   1.898274E-03   1.580855E-01   3.598572E-01  -6.269368E-04
          4036      G      1.248911E-04   1.325638E-05  -5.068964E-03  -9.326398E-02   6.045804E-02   5.633880E-01
          4037      G     -2.141468E-05  -7.635294E-05  -4.065090E-04   3.535924E-02   8.417513E-03   4.388389E-02
1                                                       **STUDENT EDITION*    APRIL  18, 2026  MSC Nastran  3/ 3/26   PAGE    51
     DEFAULT                                                                                                                        
0                                                                                                            SUBCASE 1              
      EIGENVALUE =  2.515681E+06
          CYCLES =  2.524340E+02         R E A L   E I G E N V E C T O R   N O .          4
 
      POINT ID.   TYPE          T1             T2             T3             R1             R2             R3
          4038      G     -4.411548E-05  -2.292159E-05  -4.938287E-04   8.249862E-03  -2.957169E-03  -1.257364E-02
          4039      G     -1.706585E-05  -2.084396E-05   1.577745E-02   5.801627E-01  -1.335872E-01  -1.836198E-04
          4040      G     -2.240847E-05   2.729040E-06   1.032963E-02   4.271759E-01  -2.476689E-01   2.390119E-04
          4041      G     -2.735510E-05   6.644549E-05  -8.803639E-04  -6.392591E-03  -9.205231E-03  -7.735155E-02
          4042      G      1.085129E-05   7.353969E-05  -1.668051E-03  -1.644022E-02  -3.496629E-02  -2.729933E-01
          4043      G     -7.011873E-05   2.511799E-05   1.895220E-03   1.586921E-01  -3.601171E-01   4.389775E-04
          4044      G     -1.186132E-04   3.299279E-05  -5.079744E-03  -9.305701E-02  -6.073508E-02  -5.673105E-01
1                                                       **STUDENT EDITION*    APRIL  18, 2026  MSC Nastran  3/ 3/26   PAGE    52
     DEFAULT                                                                                                                        
0                                                                                                            SUBCASE 1              
      EIGENVALUE =  4.232361E+06
          CYCLES =  3.274247E+02         R E A L   E I G E N V E C T O R   N O .          5
 
      POINT ID.   TYPE          T1             T2             T3             R1             R2             R3
             1      G      0.0            0.0            0.0            0.0            0.0            0.0
             2      G      0.0            0.0            0.0            0.0            0.0            0.0
             3      G      0.0            0.0            0.0            0.0            0.0            0.0
             4      G      0.0            0.0            0.0            0.0            0.0            0.0
             5      G      0.0            0.0            0.0            0.0            0.0            0.0
             6      G      0.0            0.0            0.0            0.0            0.0            0.0
             7      G      0.0            0.0            0.0            0.0            0.0            0.0
             8      G      0.0            0.0            0.0            0.0            0.0            0.0
            10      G     -6.717368E-06   1.663747E-04   3.051335E-04   1.297562E-05   5.025958E-05  -9.706810E-03
            11      G     -6.003249E-06  -1.657874E-04   3.056517E-04  -1.505600E-05   5.263959E-05   9.724513E-03
            12      G     -3.818359E-06   1.370095E-07   1.273788E-04   9.474572E-05   4.535578E-05   2.576895E-03
            13      G     -2.957307E-06   6.796701E-08   1.273404E-04  -9.551950E-05   4.955710E-05  -2.532482E-03
            14      G     -3.747707E-06  -4.330453E-07  -1.274814E-04  -9.377549E-05   4.529730E-05   2.570879E-03
            15      G     -5.925415E-06   4.681121E-07  -1.311831E-04   9.533973E-05   3.531648E-05  -2.413416E-03
            16      G     -6.259736E-06  -1.649926E-04  -3.054277E-04  -1.645921E-05   5.142394E-05  -9.614484E-03
            17      G     -7.153628E-06   1.640259E-04  -3.024071E-04   2.165622E-05   4.733796E-05   9.969264E-03
           100      G      1.733465E-04   1.783842E-05  -8.545710E-03   2.525557E-01   5.145067E-02   5.662873E-03
           101      G      2.807507E-04   4.203546E-07  -1.484671E-02   8.210384E-05   9.285912E-03   5.901804E-05
           102      G      1.653487E-04  -2.987007E-05  -4.648308E-03   1.323447E-01   1.504795E-01   8.438969E-04
           103      G      9.141789E-05  -1.768932E-07  -7.755043E-03  -5.445225E-05   3.157671E-01  -3.253184E-07
           104      G      1.285174E-04  -3.896175E-07  -3.558752E-06   2.465765E-05   1.103888E-01   5.382716E-04
           105      G      1.289541E-04  -1.581905E-07  -1.227913E-05  -8.495552E-06   3.392654E-02   8.687117E-07
           106      G     -2.402604E-05  -4.489204E-05  -1.325619E-04   9.533973E-05   3.531648E-05  -2.413416E-03
           107      G     -2.402604E-05   1.951601E-05  -1.316194E-04   9.533973E-05   3.531648E-05  -2.413416E-03
           108      G      1.807550E-05  -5.947201E-07  -7.141174E-06  -9.601675E-05   5.700831E-04   7.057060E-03
           109      G      6.761585E-05   2.387954E-04  -3.029245E-04   2.165622E-05   4.733796E-05   9.969264E-03
           110      G      2.297574E-04   1.054488E-03  -6.929482E-03   1.883358E-01   1.340692E-02  -1.168323E-01
           111      G      6.761585E-05  -3.972093E-05  -3.016020E-04   2.165622E-05   4.733796E-05   9.969264E-03
           112      G      1.814226E-04   5.417815E-05  -8.080054E-03   2.256199E-01  -6.872163E-02   1.161841E-02
           113      G      3.669677E-04   4.350224E-06  -9.550359E-03   2.924811E-04  -5.902453E-03   1.619295E-03
           114      G      4.692527E-04   6.437032E-07  -1.257253E-02   5.742318E-04  -1.507411E-01  -2.853917E-04
           115      G      1.740150E-04  -1.783181E-05   8.555943E-03  -2.527264E-01   5.191888E-02   5.675410E-03
           116      G      2.811217E-04   3.040579E-08   1.483479E-02   5.785813E-06   9.304258E-03  -3.788891E-06
           117      G      1.652912E-04   2.986893E-05   4.648854E-03  -1.322741E-01   1.506856E-01   8.252434E-04
           118      G      9.155643E-05  -1.690883E-07   7.736855E-03  -6.078853E-06   3.159968E-01  -4.065124E-06
           119      G     -2.195092E-05   4.766596E-05   1.289883E-04  -9.551950E-05   4.955710E-05  -2.532482E-03
           120      G     -2.195092E-05  -1.991965E-05   1.276657E-04  -9.551950E-05   4.955710E-05  -2.532482E-03
           121      G      6.693060E-05  -2.387212E-04   3.061594E-04  -1.505600E-05   5.263959E-05   9.724513E-03
           122      G      2.280175E-04  -1.053793E-03   6.969214E-03  -1.880521E-01   1.369191E-02  -1.196707E-01
           123      G      6.693060E-05   3.295736E-05   3.046888E-04  -1.505600E-05   5.263959E-05   9.724513E-03
           124      G      1.821149E-04  -5.262047E-05   8.108626E-03  -2.256906E-01  -6.816671E-02   1.162070E-02
           125      G      3.688306E-04   1.312326E-06   9.545895E-03   5.943590E-05  -6.032715E-03   6.064302E-05
           126      G      4.700162E-04   4.683152E-07   1.256586E-02   1.226502E-05  -1.504817E-01  -4.479752E-05
           127      G      1.736943E-04  -1.811084E-05  -8.555867E-03  -2.529864E-01   5.201758E-02  -5.707594E-03
           128      G      1.652837E-04   3.011625E-05  -4.651286E-03  -1.325176E-01   1.504908E-01  -8.348016E-04
           129      G      1.284900E-04  -2.333035E-07  -4.359151E-06  -1.735710E-04   1.103921E-01  -5.360204E-04
           130      G     -2.302930E-05   4.788662E-05  -1.290361E-04  -9.377549E-05   4.529730E-05   2.570879E-03
           131      G     -2.302930E-05  -2.072371E-05  -1.278272E-04  -9.377549E-05   4.529730E-05   2.570879E-03
           132      G      1.842147E-05  -1.494085E-07   4.997358E-08   9.215162E-06   3.931939E-04  -7.056201E-03
           133      G      6.584890E-05  -2.371012E-04  -3.059368E-04  -1.645921E-05   5.142394E-05  -9.614484E-03
1                                                       **STUDENT EDITION*    APRIL  18, 2026  MSC Nastran  3/ 3/26   PAGE    53
     DEFAULT                                                                                                                        
0                                                                                                            SUBCASE 1              
      EIGENVALUE =  4.232361E+06
          CYCLES =  3.274247E+02         R E A L   E I G E N V E C T O R   N O .          5
 
      POINT ID.   TYPE          T1             T2             T3             R1             R2             R3
           134      G      2.274113E-04  -1.053122E-03  -6.960453E-03  -1.882590E-01   1.368766E-02   1.207954E-01
           135      G      6.584890E-05   3.150347E-05  -3.045001E-04  -1.645921E-05   5.142394E-05  -9.614484E-03
           136      G      1.815540E-04  -5.198634E-05  -8.106367E-03  -2.260806E-01  -6.847132E-02  -1.161405E-02
           137      G      1.736298E-04   1.807814E-05   8.554336E-03   2.528355E-01   5.194844E-02  -5.703799E-03
           138      G      1.652271E-04  -3.036040E-05   4.646673E-03   1.323145E-01   1.506945E-01  -8.403491E-04
           139      G     -2.314507E-05  -4.829573E-05   1.289418E-04   9.474572E-05   4.535578E-05   2.576895E-03
           140      G     -2.314507E-05   2.047516E-05   1.277314E-04   9.474572E-05   4.535578E-05   2.576895E-03
           141      G      6.608371E-05   2.391758E-04   3.056078E-04   1.297562E-05   5.025958E-05  -9.706810E-03
           142      G      2.275390E-04   1.055505E-03   6.967670E-03   1.880883E-01   1.372377E-02   1.197423E-01
           143      G      6.608371E-05  -3.200823E-05   3.042037E-04   1.297562E-05   5.025958E-05  -9.706810E-03
           144      G      1.815237E-04   5.338092E-05   8.107167E-03   2.257798E-01  -6.818718E-02  -1.163875E-02
           200      G      6.910700E-05   2.381132E-04  -3.029245E-04   2.165622E-05   4.733796E-05   9.969264E-03
           201      G      6.910700E-05  -4.040310E-05  -3.016020E-04   2.165622E-05   4.733796E-05   9.969264E-03
           202      G     -2.291357E-05  -4.789525E-05  -1.325619E-04   9.533973E-05   3.531648E-05  -2.413416E-03
           203      G     -2.291357E-05   1.651280E-05  -1.316194E-04   9.533973E-05   3.531648E-05  -2.413416E-03
           204      G     -3.297606E-04  -1.552068E-06  -7.148805E-06  -1.552801E-03   1.482168E-02  -5.972941E-02
           205      G      8.399803E-04   2.896187E-04  -7.333193E-03   1.487157E-01  -4.844240E-02  -5.534987E-02
           206      G      1.046559E-03   4.951106E-06  -9.928614E-03   5.972843E-03  -7.278742E-02   1.721167E-02
           207      G      6.858875E-05  -2.382470E-04   3.061594E-04  -1.505600E-05   5.263959E-05   9.724513E-03
           208      G      6.858875E-05   3.343163E-05   3.046888E-04  -1.505600E-05   5.263959E-05   9.724513E-03
           209      G     -2.038987E-05   5.067482E-05   1.289883E-04  -9.551950E-05   4.955710E-05  -2.532482E-03
           210      G     -2.038987E-05  -1.691079E-05   1.276657E-04  -9.551950E-05   4.955710E-05  -2.532482E-03
           211      G      8.478987E-04  -2.970989E-04   7.384704E-03  -1.547765E-01  -4.899930E-02  -7.539069E-02
           212      G      1.095759E-03   2.531669E-06   9.922695E-03   6.887655E-05  -7.736677E-02   7.817062E-05
           213      G      6.746875E-05  -2.365827E-04  -3.059368E-04  -1.645921E-05   5.142394E-05  -9.614484E-03
           214      G      6.746875E-05   3.202194E-05  -3.045001E-04  -1.645921E-05   5.142394E-05  -9.614484E-03
           215      G     -2.160244E-05   5.084055E-05  -1.290361E-04  -9.377549E-05   4.529730E-05   2.570879E-03
           216      G     -2.160244E-05  -1.776979E-05  -1.278272E-04  -9.377549E-05   4.529730E-05   2.570879E-03
           217      G     -3.302725E-04  -9.739272E-07  -2.271266E-07  -2.357900E-04   1.671643E-02   6.086088E-02
           218      G      8.493019E-04  -2.880581E-04  -7.373080E-03  -1.558645E-01  -4.918727E-02   7.811609E-02
           219      G      6.766689E-05   2.387671E-04   3.056078E-04   1.297562E-05   5.025958E-05  -9.706810E-03
           220      G      6.766689E-05  -3.241696E-05   3.042037E-04   1.297562E-05   5.025958E-05  -9.706810E-03
           221      G     -2.171636E-05  -5.128022E-05   1.289418E-04   9.474572E-05   4.535578E-05   2.576895E-03
           222      G     -2.171636E-05   1.749067E-05   1.277314E-04   9.474572E-05   4.535578E-05   2.576895E-03
           223      G      8.482844E-04   3.021886E-04   7.382235E-03   1.547876E-01  -4.901001E-02   7.583138E-02
           224      G      4.813413E-04   8.704086E-06  -8.904940E-03   2.459247E-01   4.267678E-02   1.116003E-02
           225      G      6.628918E-04  -4.656954E-07  -1.521497E-02  -8.868244E-05  -2.196223E-02   5.484536E-04
           226      G      3.926570E-04   5.157189E-06  -4.810985E-03   1.303755E-01   1.622949E-01   2.826061E-03
           227      G      4.466757E-04  -1.122156E-06  -7.986476E-03  -8.214757E-04   3.213377E-01  -1.328536E-04
           228      G      4.212816E-04  -6.824508E-07  -3.643445E-05   1.055940E-03   9.644498E-02   2.626082E-02
           229      G      4.593854E-04  -7.210239E-07  -7.558881E-05  -2.332086E-04   8.852788E-03   5.289403E-05
           230      G      6.250955E-04   5.880868E-07  -8.727179E-03   2.098937E-01  -3.931144E-02   7.279114E-03
           231      G      8.863622E-04  -3.477051E-06  -1.324623E-02   7.269531E-03  -1.060834E-01  -4.054716E-03
           232      G      4.900684E-04  -8.068334E-06   8.874824E-03  -2.469396E-01   4.642006E-02   1.107731E-02
           233      G      6.510107E-04   1.435523E-07   1.518121E-02  -8.228856E-05  -2.000264E-02  -2.174695E-05
           234      G      3.949397E-04  -7.542068E-06   4.735344E-03  -1.299363E-01   1.614727E-01   2.764992E-03
           235      G      4.419402E-04  -3.318315E-07   7.880309E-03   2.144876E-04   3.229800E-01  -2.637994E-05
           236      G      6.361648E-04   7.801127E-06   8.797716E-03  -2.166806E-01  -3.990570E-02   7.423378E-03
           237      G      8.981299E-04   1.349106E-06   1.329512E-02   2.167894E-05  -1.092001E-01  -7.005000E-05
           238      G      4.838118E-04  -1.093651E-05  -8.871097E-03  -2.469339E-01   4.697127E-02  -1.142018E-02
1                                                       **STUDENT EDITION*    APRIL  18, 2026  MSC Nastran  3/ 3/26   PAGE    54
     DEFAULT                                                                                                                        
0                                                                                                            SUBCASE 1              
      EIGENVALUE =  4.232361E+06
          CYCLES =  3.274247E+02         R E A L   E I G E N V E C T O R   N O .          5
 
      POINT ID.   TYPE          T1             T2             T3             R1             R2             R3
           239      G      3.932789E-04  -6.225516E-06  -4.762805E-03  -1.305023E-01   1.597656E-01  -2.828771E-03
           240      G      4.215919E-04  -4.445298E-07  -3.006352E-05  -7.936772E-04   9.641430E-02  -2.652428E-02
           241      G      6.310277E-04   2.873569E-07  -8.794517E-03  -2.177550E-01  -3.854095E-02  -7.254725E-03
           242      G      4.895821E-04   8.581217E-06   8.882256E-03   2.469362E-01   4.620294E-02  -1.110050E-02
           243      G      3.948855E-04   6.614281E-06   4.739715E-03   1.293564E-01   1.619938E-01  -2.788088E-03
           244      G      6.357006E-04  -6.219242E-06   8.798986E-03   2.166623E-01  -4.013065E-02  -7.469709E-03
           300      G     -5.978768E-04   1.897750E-03  -1.882075E-03   1.260123E+00  -2.837425E-01  -3.199341E-02
           301      G     -1.373986E-03   9.462548E-03  -1.868024E-03   2.213231E+00  -4.045382E-01  -1.358229E-01
           302      G      1.459582E-04   2.021355E-04  -7.453304E-05   5.271892E-02  -4.950742E-01   5.696577E-01
           303      G     -1.589313E-03  -4.511121E-04  -6.035829E-04   9.740119E-02  -4.646895E-01  -2.459855E-02
           304      G      1.923782E-04   3.196760E-03  -2.050567E-03   2.169488E+00   1.207557E+00   4.859059E-02
           305      G      8.470204E-03   1.027930E-03  -9.551176E-03  -7.302677E-01  -3.395911E+00  -5.182691E-02
           306      G      9.521710E-03   8.864918E-09  -1.368892E-02   7.742610E-03  -5.299719E+00   3.787705E-02
           307      G     -3.834452E-04  -1.696989E-03   1.919887E-03  -1.213114E+00  -4.977904E-01   1.378881E-02
           308      G     -1.383622E-03  -1.005834E-02   1.877963E-03  -2.330054E+00  -7.609744E-01  -1.316154E-01
           309      G     -1.796146E-03   6.990090E-04   6.361927E-04  -2.954161E-02  -5.463594E-01  -7.514664E-03
           310      G      3.821043E-04  -3.508023E-03   1.868585E-03  -2.656860E+00   2.034299E+00  -3.505828E-02
           311      G      8.687893E-03  -1.299181E-03   9.577442E-03   1.123552E+00  -3.442325E+00  -5.353570E-02
           312      G      9.687894E-03   8.640575E-06   1.373723E-02   1.756075E-04  -5.338948E+00   1.472340E-04
           313      G     -4.135239E-04  -1.763608E-03  -1.925101E-03  -1.212951E+00  -5.036159E-01  -1.348590E-02
           314      G     -1.430483E-03  -1.023280E-02  -1.855481E-03  -2.361563E+00  -7.299598E-01   1.393719E-01
           315      G      7.049100E-05  -1.710104E-05  -3.125829E-06  -4.821767E-03  -5.964138E-01  -5.860986E-01
           316      G     -1.814531E-03   6.852169E-04  -6.366489E-04  -2.621692E-02  -5.500805E-01   9.247986E-03
           317      G      3.632081E-04  -3.578001E-03  -1.870597E-03  -2.665921E+00   2.034813E+00   3.575922E-02
           318      G      8.632434E-03  -1.306386E-03  -9.569730E-03   1.119526E+00  -3.441997E+00   6.003696E-02
           319      G     -4.161485E-04   1.737718E-03   1.926352E-03   1.208798E+00  -5.039795E-01  -1.520572E-02
           320      G     -1.434991E-03   1.011829E-02   1.848122E-03   2.333868E+00  -7.356368E-01   1.390194E-01
           321      G     -1.819252E-03  -6.832193E-04   6.310195E-04   2.817015E-02  -5.464464E-01   7.406520E-03
           322      G      3.547805E-04   3.537567E-03   1.867336E-03   2.653152E+00   2.034829E+00   3.566190E-02
           323      G      8.658652E-03   1.315332E-03   9.578630E-03  -1.124163E+00  -3.449264E+00   5.368558E-02
           324      G      4.853337E-04   7.751468E-03  -1.744419E+00   4.542653E+01   4.017371E+00   1.013318E-02
           325      G      2.242775E-03  -1.013783E-05  -2.615080E+00   4.262740E-03  -2.435609E+00  -3.579070E-04
           326      G      3.482936E-03  -2.179512E-04  -1.089962E+00   2.638370E+01   3.177376E+01  -5.661244E-02
           327      G     -2.360261E-02  -5.170783E-05  -1.505266E+00  -1.114812E-01   5.512253E+01  -2.322298E-04
           328      G     -9.609913E-04  -4.130744E-05  -3.226281E-03   1.353639E-02   2.780742E+01  -3.280460E-01
           329      G     -1.066477E-02  -2.040549E-05  -3.606734E-03  -4.301826E-03   2.274260E+00   1.614925E-03
           330      G      4.818938E-04  -2.457599E-04  -1.036746E+00   2.606018E+01  -4.459039E+01   7.214399E-02
           331      G      2.288378E-02  -1.132601E-04  -1.509324E+00  -8.538948E-02  -5.142349E+01  -8.360245E-03
           332      G      4.994808E-04  -7.874375E-03   1.745147E+00  -4.543036E+01   4.226836E+00   1.111107E-04
           333      G      2.298187E-03   1.286288E-05   2.616626E+00  -4.133390E-03  -2.447280E+00  -3.064759E-04
           334      G      3.556696E-03   2.345821E-04   1.085952E+00  -2.620003E+01   3.173650E+01  -5.642701E-02
           335      G     -2.364518E-02  -1.934268E-05   1.501771E+00  -1.567334E-02   5.529112E+01  -1.191274E-03
           336      G      5.457352E-04   3.376269E-04   1.040649E+00  -2.558164E+01  -4.447452E+01   7.300714E-02
           337      G      2.299388E-02   1.021873E-05   1.510497E+00  -4.563902E-03  -5.141555E+01   2.540475E-04
           338      G      4.488549E-04  -7.962831E-03  -1.745138E+00  -4.540070E+01   4.190066E+00   3.954933E-05
           339      G      3.532748E-03   1.436617E-04  -1.088880E+00  -2.619345E+01   3.161196E+01   5.516738E-02
           340      G     -8.839396E-04  -5.096237E-05  -2.441167E-03  -6.520205E-02   2.778894E+01   3.282971E-01
           341      G      4.854525E-04   2.762479E-04  -1.039962E+00  -2.551311E+01  -4.447142E+01  -7.174827E-02
           342      G      4.796398E-04   7.901168E-03   1.745338E+00   4.542376E+01   4.225819E+00  -2.947839E-04
           343      G      3.559451E-03  -1.927152E-04   1.086507E+00   2.619403E+01   3.171518E+01   5.501214E-02
1                                                       **STUDENT EDITION*    APRIL  18, 2026  MSC Nastran  3/ 3/26   PAGE    55
     DEFAULT                                                                                                                        
0                                                                                                            SUBCASE 1              
      EIGENVALUE =  4.232361E+06
          CYCLES =  3.274247E+02         R E A L   E I G E N V E C T O R   N O .          5
 
      POINT ID.   TYPE          T1             T2             T3             R1             R2             R3
           344      G      5.220042E-04  -3.118036E-04   1.040800E+00   2.558138E+01  -4.447808E+01  -7.307123E-02
           400      G     -7.143488E-04  -1.378966E-05  -1.356124E-03   2.188735E-02   6.464473E-03  -6.526985E-03
           401      G     -5.487820E-04  -1.539913E-04  -1.052602E-03  -1.314141E-02  -2.465266E-03   2.648394E-02
           402      G     -6.784661E-04  -4.292375E-05  -6.782949E-06   9.042856E-04   4.632954E-02  -3.129623E-02
           403      G     -7.125277E-04  -8.307685E-04  -1.789895E-03   4.947780E-02   2.668465E-02   5.815384E-03
           404      G     -8.886456E-04  -5.216955E-04  -1.521656E-03  -1.209310E-02  -5.799761E-03  -4.253226E-02
           405      G     -1.296861E-03  -7.916123E-04  -7.447803E-03   1.114920E-01  -5.810483E-02   3.688043E-02
           406      G     -1.586388E-03  -6.748601E-05  -1.033657E-02   3.725094E-04  -4.117850E-02   5.854791E-03
           407      G     -7.110470E-04  -7.299519E-05   1.377431E-03  -2.033732E-02   1.182515E-02  -8.925874E-03
           408      G     -5.206367E-04   9.558762E-05   1.057840E-03   1.964699E-02  -3.245794E-03   3.233007E-02
           409      G     -6.781749E-04   7.442526E-04   1.757257E-03  -6.044180E-02   3.930001E-02   5.931013E-03
           410      G     -8.868577E-04   5.454527E-04   1.420790E-03   3.741629E-02  -1.706214E-02  -4.519557E-02
           411      G     -1.288090E-03   7.614831E-04   7.442019E-03  -1.145805E-01  -5.858446E-02   4.473907E-02
           412      G     -1.579400E-03   2.456774E-07   1.038534E-02   4.486883E-04  -4.244640E-02  -2.397353E-04
           413      G     -7.469757E-04  -1.044406E-04  -1.383134E-03  -2.045991E-02   1.192724E-02   8.396181E-03
           414      G     -5.615008E-04   8.693489E-05  -1.075890E-03   2.084542E-02  -4.517387E-03  -3.230867E-02
           415      G     -7.155653E-04  -3.869080E-05  -6.603789E-07   1.512603E-03   5.034917E-02   3.259957E-02
           416      G     -7.106095E-04   7.051482E-04  -1.758797E-03  -6.034172E-02   4.044664E-02  -6.260080E-03
           417      G     -9.212660E-04   5.143230E-04  -1.425224E-03   3.967709E-02  -1.786818E-02   4.490258E-02
           418      G     -1.308713E-03   7.186315E-04  -7.427020E-03  -1.129624E-01  -5.882250E-02  -4.506823E-02
           419      G     -7.515010E-04   3.097314E-05   1.383397E-03   2.367150E-02   1.193576E-02   8.159376E-03
           420      G     -5.632129E-04  -1.557795E-04   1.071295E-03  -1.621989E-02  -4.483546E-03  -3.253160E-02
           421      G     -7.209405E-04  -7.465907E-04   1.751232E-03   6.237280E-02   3.745200E-02  -6.601195E-03
           422      G     -9.280493E-04  -5.688091E-04   1.422608E-03  -3.369580E-02  -1.716369E-02   4.447153E-02
           423      G     -1.308444E-03  -7.616421E-04   7.439202E-03   1.150417E-01  -5.876962E-02  -4.531522E-02
           424      G     -1.311780E-03  -1.180513E-04  -1.108142E-02   2.618661E-01   2.849804E-02  -1.395610E-02
           425      G     -1.620310E-03  -4.794113E-05  -1.882249E-02   2.595708E-03  -1.338719E-02   5.171980E-05
           426      G     -1.276676E-03  -6.187829E-05  -5.991958E-03   1.447174E-01   2.060650E-01  -7.771325E-03
           427      G     -1.753800E-03  -3.967369E-05  -9.812866E-03   5.201932E-03   3.792625E-01  -2.746468E-04
           428      G     -1.259436E-03  -3.852415E-05   2.739859E-06   1.012259E-03   1.095705E-01  -1.054498E-02
           429      G     -1.685965E-03  -3.756101E-05   2.630698E-05   1.866638E-03   1.160162E-02  -1.748894E-04
           430      G     -1.305776E-03  -2.565181E-04  -9.614735E-03   2.231049E-01  -6.757601E-02  -1.009158E-02
           431      G     -1.585655E-03  -4.404301E-05  -1.520998E-02   1.299448E-02  -1.564179E-01  -1.793478E-03
           432      G     -1.310535E-03   6.486164E-05   1.104048E-02  -2.571850E-01   2.070997E-02  -1.343178E-02
           433      G     -1.618881E-03  -2.183151E-05   1.880234E-02   1.601694E-03  -1.336783E-02  -3.234793E-04
           434      G     -1.281119E-03  -1.378169E-05   6.009891E-03  -1.459857E-01   2.084790E-01  -8.152400E-03
           435      G     -1.752678E-03  -3.001611E-05   9.838686E-03   2.194800E-03   3.776803E-01  -3.217030E-04
           436      G     -1.295542E-03   1.912555E-04   9.452666E-03  -2.453669E-01  -6.307086E-02  -1.029472E-02
           437      G     -1.583315E-03  -1.095420E-05   1.523609E-02   1.342678E-03  -1.546515E-01  -4.751716E-04
           438      G     -1.330697E-03   4.029240E-05  -1.108049E-02  -2.567232E-01   2.273219E-02   1.302697E-02
           439      G     -1.297952E-03  -2.646962E-05  -6.019963E-03  -1.467823E-01   2.093374E-01   7.674131E-03
           440      G     -1.276490E-03  -3.677603E-05   2.849273E-06   1.376531E-03   1.090274E-01   9.756787E-03
           441      G     -1.318471E-03   1.515222E-04  -9.514971E-03  -2.505251E-01  -6.518949E-02   9.944133E-03
           442      G     -1.329829E-03  -1.076479E-04   1.104418E-02   2.574621E-01   2.070169E-02   1.306431E-02
           443      G     -1.298027E-03  -4.702633E-05   6.005876E-03   1.462019E-01   2.091510E-01   7.599562E-03
           444      G     -1.315863E-03  -2.135679E-04   9.454221E-03   2.447208E-01  -6.339439E-02   9.673086E-03
           445      G     -2.928045E-05  -2.032256E-03  -2.150460E-03   7.037002E-02   1.956732E-02   3.922066E-02
           446      G     -1.780401E-04  -7.510177E-04  -1.532813E-03   3.997982E-02   1.564868E-02  -3.245920E-02
           447      G     -1.913198E-04  -2.970572E-04  -1.277769E-03   1.453103E-02   7.144707E-03  -1.989948E-02
           448      G     -1.423579E-04  -9.810976E-05  -8.491336E-04   1.517783E-02   2.421459E-02  -1.021778E-02
1                                                       **STUDENT EDITION*    APRIL  18, 2026  MSC Nastran  3/ 3/26   PAGE    56
     DEFAULT                                                                                                                        
0                                                                                                            SUBCASE 1              
      EIGENVALUE =  4.232361E+06
          CYCLES =  3.274247E+02         R E A L   E I G E N V E C T O R   N O .          5
 
      POINT ID.   TYPE          T1             T2             T3             R1             R2             R3
           449      G     -3.825156E-05  -2.451407E-05   1.678867E-06   4.949505E-05   3.300788E-02   1.573451E-02
           450      G     -7.095329E-04  -1.564716E-03  -7.087110E-03   1.233789E-01   8.606059E-02   8.327353E-02
           451      G     -9.068908E-04  -4.102170E-05  -9.577846E-03  -4.107098E-04   1.405666E-01  -7.454800E-04
           452      G     -1.778051E-05   2.002940E-03   2.110381E-03  -6.883360E-02   1.742610E-02   4.063755E-02
           453      G     -1.745900E-04   7.053267E-04   1.492137E-03  -4.147619E-02   1.558904E-02  -3.302974E-02
           454      G     -1.944922E-04   2.474423E-04   1.263545E-03  -8.407833E-03   5.367724E-03  -2.076244E-02
           455      G     -1.429284E-04   4.862246E-05   8.556846E-04  -1.289672E-02   2.452604E-02  -1.018164E-02
           456      G     -7.117475E-04   1.523673E-03   7.089187E-03  -1.247541E-01   8.538815E-02   8.302991E-02
           457      G     -9.094783E-04  -1.477050E-06   9.612483E-03   6.325826E-06   1.423543E-01  -2.184361E-04
           458      G     -5.518476E-05   1.952339E-03  -2.112388E-03  -6.843355E-02   1.718470E-02  -4.102821E-02
           459      G     -2.114029E-04   6.710006E-04  -1.496780E-03  -4.233578E-02   1.559667E-02   3.249086E-02
           460      G     -2.318054E-04   2.266025E-04  -1.273179E-03  -9.552186E-03   5.144530E-03   2.064188E-02
           461      G     -1.775390E-04   3.864418E-05  -8.679920E-04  -1.422341E-02   2.465608E-02   9.862866E-03
           462      G     -6.866222E-05  -2.477926E-05  -2.852554E-06  -6.508173E-04   3.365761E-02  -1.713928E-02
           463      G     -7.280008E-04   1.471403E-03  -7.066482E-03  -1.239562E-01   8.605132E-02  -8.239576E-02
           464      G     -5.936323E-05  -2.005802E-03   2.105037E-03   6.831124E-02   1.765448E-02  -4.108804E-02
           465      G     -2.159178E-04  -7.213233E-04   1.492232E-03   4.108848E-02   1.532543E-02   3.273979E-02
           466      G     -2.342110E-04  -2.760220E-04   1.268935E-03   8.596532E-03   5.138402E-03   2.061183E-02
           467      G     -1.787862E-04  -8.755263E-05   8.648577E-04   1.263213E-02   2.466937E-02   9.860710E-03
           468      G     -7.305618E-04  -1.526774E-03   7.085751E-03   1.249402E-01   8.538556E-02  -8.351436E-02
           469      G     -4.638453E-04  -1.524968E-03  -4.333762E-03   1.242896E-01   5.198159E-02  -5.006242E-02
           470      G     -4.935683E-04  -7.663901E-04  -3.770238E-03   1.641464E-01   1.566996E-02  -1.206606E-02
           471      G     -4.970005E-04  -2.686196E-04  -3.148032E-03   1.225228E-01   2.593501E-02  -1.259866E-02
           472      G     -4.655386E-04  -1.183286E-04  -2.048064E-03   7.918935E-02   5.936646E-02  -8.690308E-03
           473      G     -4.628062E-04  -2.508818E-05  -4.710120E-05   3.070790E-03   7.519484E-02  -1.871418E-02
           474      G     -7.989311E-04  -4.987632E-04  -6.645670E-03   8.952613E-02  -7.661723E-03  -2.899167E-02
           475      G     -7.920810E-04  -2.322655E-04  -6.201910E-03   1.370120E-01   4.457676E-02  -8.082600E-03
           476      G     -7.540047E-04  -8.998464E-05  -3.962188E-03   7.949403E-02   1.166983E-01  -8.108545E-03
           477      G     -7.382347E-04  -2.511802E-05  -1.319966E-04   3.568599E-03   1.450968E-01  -7.302666E-03
           478      G     -8.082785E-04  -6.511312E-04  -8.992738E-03   6.462933E-02   1.091087E-01  -2.140580E-02
           479      G     -1.022625E-03  -3.462262E-04  -8.585134E-03   9.011517E-02  -3.019762E-02  -4.460291E-03
           480      G     -9.750544E-04  -1.260587E-04  -8.424653E-03   6.829008E-02   5.571588E-02  -6.174883E-03
           481      G     -9.319923E-04  -6.472198E-05  -5.419137E-03   5.153281E-02   1.559515E-01  -3.902218E-03
           482      G     -1.055302E-03  -3.966749E-05  -9.258961E-03  -2.942529E-04  -3.069320E-02  -5.361514E-05
           483      G     -1.054677E-03  -3.448108E-05  -9.097667E-03  -4.785577E-04   5.126580E-02  -2.094179E-04
           484      G     -9.909347E-04  -2.962759E-05  -5.966065E-03  -2.632011E-04   1.666467E-01  -1.927545E-04
           485      G     -9.090577E-04  -2.496702E-05  -1.972744E-04   2.114375E-03   2.019115E-01  -4.039443E-03
           486      G     -9.711880E-04  -2.472387E-05  -2.203865E-04  -1.052199E-04   2.252705E-01  -2.023545E-04
           487      G     -4.623700E-04   1.487372E-03   4.298830E-03  -1.258417E-01   5.050814E-02  -5.074636E-02
           488      G     -4.934350E-04   7.203390E-04   3.719294E-03  -1.628461E-01   1.672389E-02  -1.215494E-02
           489      G     -4.964752E-04   2.195989E-04   3.036638E-03  -1.195435E-01   2.736183E-02  -1.250461E-02
           490      G     -4.659304E-04   6.869851E-05   1.940265E-03  -7.326143E-02   5.842911E-02  -8.693045E-03
           491      G     -7.999942E-04   4.529843E-04   6.576416E-03  -8.908046E-02  -4.214696E-03  -2.908077E-02
           492      G     -7.926410E-04   1.833378E-04   6.015519E-03  -1.340683E-01   4.774553E-02  -8.156365E-03
           493      G     -7.542237E-04   4.015538E-05   3.712820E-03  -7.393137E-02   1.180908E-01  -8.134492E-03
           494      G     -8.105214E-04   6.084749E-04   9.015394E-03  -6.557890E-02   1.099190E-01  -2.157674E-02
           495      G     -1.024276E-03   2.999635E-04   8.503325E-03  -8.995084E-02  -2.575142E-02  -4.494109E-03
           496      G     -9.761869E-04   7.727775E-05   8.185775E-03  -6.688145E-02   6.052031E-02  -6.219270E-03
           497      G     -9.324868E-04   1.507651E-05   5.066682E-03  -4.827601E-02   1.590217E-01  -3.930799E-03
           498      G     -1.057381E-03  -7.999138E-06   9.175908E-03  -2.582869E-05  -2.610357E-02  -2.274738E-04
1                                                       **STUDENT EDITION*    APRIL  18, 2026  MSC Nastran  3/ 3/26   PAGE    57
     DEFAULT                                                                                                                        
0                                                                                                            SUBCASE 1              
      EIGENVALUE =  4.232361E+06
          CYCLES =  3.274247E+02         R E A L   E I G E N V E C T O R   N O .          5
 
      POINT ID.   TYPE          T1             T2             T3             R1             R2             R3
           499      G     -1.056123E-03  -1.419329E-05   8.847765E-03  -5.651318E-05   5.655692E-02  -2.155328E-04
           500      G     -9.916899E-04  -1.966017E-05   5.580434E-03  -7.079821E-05   1.706369E-01  -2.060884E-04
           501      G     -4.886347E-04   1.437994E-03  -4.290973E-03  -1.253667E-01   5.060834E-02   5.005954E-02
           502      G     -5.203398E-04   6.858364E-04  -3.740472E-03  -1.630895E-01   1.527956E-02   1.169891E-02
           503      G     -5.227106E-04   1.992761E-04  -3.107250E-03  -1.228247E-01   2.601149E-02   1.198359E-02
           504      G     -4.919093E-04   5.969604E-05  -2.040207E-03  -7.832467E-02   5.808381E-02   8.270457E-03
           505      G     -4.895013E-04  -2.433802E-05  -5.289724E-05  -2.852252E-03   7.530635E-02   1.860310E-02
           506      G     -8.163260E-04   4.203041E-04  -6.615602E-03  -9.031417E-02  -7.478611E-03   2.842242E-02
           507      G     -8.091277E-04   1.630333E-04  -6.168175E-03  -1.373945E-01   4.432078E-02   7.735962E-03
           508      G     -7.712976E-04   3.094471E-05  -3.946834E-03  -7.952993E-02   1.161646E-01   7.728397E-03
           509      G     -7.559198E-04  -2.433191E-05  -1.295409E-04  -3.251349E-03   1.448239E-01   6.845814E-03
           510      G     -8.180406E-04   5.633455E-04  -8.981007E-03  -6.502436E-02   1.091763E-01   2.100707E-02
           511      G     -1.030494E-03   2.675568E-04  -8.568879E-03  -9.090771E-02  -2.983818E-02   4.070770E-03
           512      G     -9.836621E-04   5.703582E-05  -8.404112E-03  -6.914752E-02   5.549393E-02   5.788986E-03
           513      G     -9.406883E-04   5.494064E-06  -5.408363E-03  -5.187929E-02   1.557159E-01   3.505849E-03
           514      G     -9.179441E-04  -2.447469E-05  -1.930302E-04  -2.204181E-03   2.017277E-01   3.648346E-03
           515      G     -4.920328E-04  -1.490392E-03   4.290579E-03   1.259514E-01   5.060170E-02   5.026810E-02
           516      G     -5.227147E-04  -7.364252E-04   3.717131E-03   1.629036E-01   1.636411E-02   1.163839E-02
           517      G     -5.247713E-04  -2.482947E-04   3.043184E-03   1.195130E-01   2.711881E-02   1.200602E-02
           518      G     -4.928760E-04  -1.085517E-04   1.945706E-03   7.328617E-02   5.887298E-02   8.271739E-03
           519      G     -8.186499E-04  -4.690622E-04   6.576692E-03   8.916158E-02  -4.404412E-03   2.862401E-02
           520      G     -8.109238E-04  -2.119558E-04   6.020254E-03   1.339672E-01   4.767663E-02   7.723337E-03
           521      G     -7.722193E-04  -7.970338E-05   3.717233E-03   7.382838E-02   1.182142E-01   7.736124E-03
           522      G     -8.197663E-04  -6.115295E-04   9.014592E-03   6.565611E-02   1.099128E-01   2.111306E-02
           523      G     -1.033507E-03  -3.159812E-04   8.504136E-03   8.993145E-02  -2.582507E-02   4.045178E-03
           524      G     -9.853077E-04  -1.057247E-04   8.188117E-03   6.675485E-02   6.051479E-02   5.785405E-03
           525      G     -9.414998E-04  -5.446213E-05   5.069397E-03   4.818221E-02   1.589805E-01   3.511546E-03
          1000      G      2.859368E-04   1.809300E-07  -6.749660E-06  -9.600443E-05   5.705404E-04   1.242309E-01
          1001      G      2.826012E-04   1.606927E-05  -1.327890E-04   1.277189E-04   3.463244E-05   1.551844E-01
          1002      G      2.771866E-04  -4.337361E-05  -1.338397E-04   9.575455E-05   3.826910E-05   1.524800E-01
          1003      G      3.037849E-04  -1.392151E-07  -1.517127E-06   1.863283E-04   2.012910E-01   5.884967E-04
          1004      G      3.071985E-04  -2.683925E-06  -5.001381E-03   1.676576E-01   1.447155E-01   1.842891E-04
          1005      G      3.000145E-04  -2.630516E-05  -8.545670E-03   3.156973E-01   8.820592E-02   3.660685E-04
          1006      G      3.907856E-04  -8.761297E-08  -1.227978E-05  -8.493131E-06   3.394680E-02  -2.839397E-06
          1007      G      3.528087E-04  -4.002031E-07  -8.020112E-03   3.167528E-05   4.739945E-01  -1.681223E-06
          1008      G      3.530964E-04  -2.430090E-07  -1.484754E-02   8.210198E-05   9.286017E-03  -1.856506E-07
          1009      G      2.429098E-04  -1.164865E-04  -3.024654E-04   1.156807E-05   7.564395E-05   7.512733E-02
          1010      G      2.539030E-04   4.969379E-05  -3.027353E-04   3.513823E-05   4.415275E-05   8.367721E-02
          1011      G      3.284085E-04  -1.302110E-05  -8.331877E-03   2.619748E-01  -9.096104E-02   5.845248E-04
          1012      G      3.388104E-04  -2.149046E-05  -6.876039E-03   1.883291E-01   1.339748E-02  -1.123466E-01
          1013      G      3.308917E-04  -6.667937E-07  -1.286532E-02   2.315837E-04  -1.672254E-01  -2.562470E-06
          1014      G      3.203391E-04  -3.965352E-07  -9.576950E-03   2.925519E-04  -5.929084E-03  -4.367717E-04
          1015      G      2.830183E-04  -1.644696E-05   1.288273E-04  -1.279568E-04   4.895825E-05   1.544182E-01
          1016      G      2.780005E-04   4.587696E-05   1.302710E-04  -9.487322E-05   5.256706E-05   1.519118E-01
          1017      G      3.074433E-04   2.950367E-06   5.005531E-03  -1.673025E-01   1.449476E-01   1.909793E-04
          1018      G      3.009438E-04   2.528237E-05   8.558334E-03  -3.154654E-01   8.859650E-02   3.677548E-04
          1019      G      3.531795E-04  -7.667645E-08   8.001856E-03  -6.096322E-06   4.743604E-01  -1.305047E-06
          1020      G      3.536029E-04  -1.620823E-08   1.483562E-02   5.792637E-06   9.304386E-03  -2.337286E-06
          1021      G      2.448813E-04   1.114675E-04   3.055153E-04  -6.583249E-06   8.025067E-05   7.677370E-02
          1022      G      2.548584E-04  -4.827249E-05   3.059336E-04  -2.839769E-05   4.983057E-05   8.467063E-02
1                                                       **STUDENT EDITION*    APRIL  18, 2026  MSC Nastran  3/ 3/26   PAGE    58
     DEFAULT                                                                                                                        
0                                                                                                            SUBCASE 1              
      EIGENVALUE =  4.232361E+06
          CYCLES =  3.274247E+02         R E A L   E I G E N V E C T O R   N O .          5
 
      POINT ID.   TYPE          T1             T2             T3             R1             R2             R3
          1023      G      3.290082E-04   1.291220E-05   8.359333E-03  -2.617322E-01  -9.043693E-02   5.834294E-04
          1024      G      3.393479E-04   1.976944E-05   6.914614E-03  -1.880455E-01   1.368234E-02  -1.095671E-01
          1025      G      3.315838E-04   8.037772E-08   1.285927E-02   3.558457E-05  -1.669476E-01  -2.210137E-06
          1026      G      3.211285E-04   1.082279E-07   9.573017E-03   5.942079E-05  -6.059404E-03  -4.194374E-04
          1027      G      2.858301E-04  -2.254807E-07   8.582446E-08   9.209698E-06   3.936790E-04  -1.247249E-01
          1028      G      2.826704E-04  -1.722998E-05  -1.289865E-04  -1.263911E-04   4.466896E-05  -1.548382E-01
          1029      G      2.775676E-04   4.602837E-05  -1.303118E-04  -9.292311E-05   4.831789E-05  -1.522894E-01
          1030      G      3.038034E-04  -2.114387E-07  -3.992005E-06  -2.387531E-04   2.013480E-01  -5.880242E-04
          1031      G      3.071609E-04   2.689552E-06  -5.007749E-03  -1.676913E-01   1.448108E-01  -1.953625E-04
          1032      G      3.004022E-04   2.472725E-05  -8.557036E-03  -3.157313E-01   8.849415E-02  -3.652136E-04
          1033      G      2.443579E-04   1.103941E-04  -3.053345E-04  -8.242543E-06   7.891733E-05  -7.718397E-02
          1034      G      2.535768E-04  -4.700126E-05  -3.057161E-04  -2.939123E-05   4.896767E-05  -8.464314E-02
          1035      G      3.282282E-04   1.287148E-05  -8.353827E-03  -2.619389E-01  -9.062360E-02  -5.818746E-04
          1036      G      3.387083E-04   1.926858E-05  -6.905876E-03  -1.882525E-01   1.367806E-02   1.098712E-01
          1037      G      2.828041E-04   1.695056E-05   1.288942E-04   1.274284E-04   4.471567E-05  -1.549683E-01
          1038      G      2.777871E-04  -4.644158E-05   1.302205E-04   9.385626E-05   4.837175E-05  -1.524623E-01
          1039      G      3.073374E-04  -3.064838E-06   5.002366E-03   1.673536E-01   1.449579E-01  -1.967270E-04
          1040      G      3.008000E-04  -2.515928E-05   8.555928E-03   3.155075E-01   8.863311E-02  -3.701954E-04
          1041      G      2.447144E-04  -1.108992E-04   3.050272E-04   4.660532E-06   7.779667E-05  -7.714997E-02
          1042      G      3.288399E-04  -1.290718E-05   8.357228E-03   2.617671E-01  -9.043556E-02  -5.866301E-04
          1043      G      3.391333E-04  -1.942016E-05   6.912941E-03   1.880818E-01   1.371423E-02   1.089633E-01
          1044      G      2.545704E-04   4.819167E-05   3.053832E-04   2.627183E-05   4.750330E-05  -8.497076E-02
          2000      G      3.726024E-04   1.010296E-05  -9.503397E-07  -1.549920E-03   1.482156E-02   3.510922E-01
          2001      G      3.743296E-04   1.321272E-05  -1.329053E-04   1.269177E-04   3.315252E-05   2.003824E-01
          2002      G      3.683306E-04  -4.711475E-05  -1.337301E-04   9.617151E-05   3.852082E-05   1.973843E-01
          2003      G      4.078608E-04   2.113111E-06  -3.118861E-05   2.070971E-03   2.157906E-01   7.707598E-04
          2004      G      4.097233E-04  -2.023561E-06  -5.182866E-03   1.644179E-01   1.462324E-01   2.200320E-04
          2005      G      3.989916E-04  -3.785323E-05  -8.902208E-03   3.069384E-01   9.635723E-02   3.897980E-04
          2006      G      5.130447E-04   1.132081E-06  -7.559567E-05  -2.332316E-04   8.872403E-03  -1.925776E-06
          2007      G      4.715179E-04   4.617230E-07  -8.223166E-03  -6.327497E-05   5.098116E-01  -3.121841E-07
          2008      G      4.821658E-04   2.438913E-07  -1.521588E-02  -8.874966E-05  -2.195816E-02  -5.844532E-06
          2009      G      3.189267E-04  -1.525868E-04  -3.025987E-04   1.283144E-05   7.455136E-05   1.119537E-01
          2010      G      3.071738E-04   2.270063E-06  -3.032803E-04   3.300187E-05   5.121964E-05   1.082913E-01
          2011      G      4.322624E-04  -3.427699E-05  -9.164012E-03   2.484697E-01  -6.424086E-02   8.461889E-04
          2012      G      4.539653E-04  -4.170556E-05  -7.526648E-03   1.487199E-01  -4.844314E-02  -3.691982E-01
          2013      G      4.633491E-04  -9.736513E-07  -1.365000E-02   2.237109E-03  -1.242370E-01  -1.979304E-05
          2014      G      4.664276E-04  -2.418221E-06  -1.022193E-02   5.971466E-03  -7.281948E-02  -3.716981E-02
          2015      G      3.736981E-04  -1.320299E-05   1.289507E-04  -1.285862E-04   4.736312E-05   1.988717E-01
          2016      G      3.685465E-04   4.983218E-05   1.301635E-04  -9.618485E-05   5.276573E-05   1.962959E-01
          2017      G      4.126944E-04   7.393294E-06   5.120549E-03  -1.632727E-01   1.463921E-01   2.736324E-04
          2018      G      4.024474E-04   3.794713E-05   8.873981E-03  -3.073917E-01   9.857321E-02   4.582457E-04
          2019      G      4.733209E-04   9.032454E-07   8.114153E-03   4.738429E-04   5.129529E-01  -9.273910E-07
          2020      G      4.859958E-04   7.978794E-07   1.518211E-02  -8.228124E-05  -1.999788E-02   5.650864E-06
          2021      G      3.205406E-04   1.471412E-04   3.056547E-04  -8.136423E-06   7.904117E-05   1.133472E-01
          2022      G      3.074992E-04  -1.915152E-06   3.064430E-04  -2.536816E-05   5.702188E-05   1.088718E-01
          2023      G      4.355910E-04   3.476910E-05   9.195041E-03  -2.519626E-01  -6.235641E-02   9.153752E-04
          2024      G      4.572532E-04   3.809483E-05   7.580394E-03  -1.547797E-01  -4.900060E-02  -3.713066E-01
          2025      G      4.704368E-04   2.929396E-07   1.368137E-02  -6.857731E-06  -1.215960E-01   8.208522E-06
          2026      G      4.783941E-04   1.218211E-07   1.023436E-02   6.891288E-05  -7.740170E-02  -1.006611E-03
          2027      G      3.732804E-04   8.221912E-07  -1.170691E-06  -2.355353E-04   1.671548E-02  -3.453035E-01
1                                                       **STUDENT EDITION*    APRIL  18, 2026  MSC Nastran  3/ 3/26   PAGE    59
     DEFAULT                                                                                                                        
0                                                                                                            SUBCASE 1              
      EIGENVALUE =  4.232361E+06
          CYCLES =  3.274247E+02         R E A L   E I G E N V E C T O R   N O .          5
 
      POINT ID.   TYPE          T1             T2             T3             R1             R2             R3
          2028      G      3.741872E-04  -1.422268E-05  -1.291334E-04  -1.263897E-04   4.282424E-05  -1.997758E-01
          2029      G      3.687549E-04   4.980072E-05  -1.302012E-04  -9.367881E-05   4.861981E-05  -1.970594E-01
          2030      G      4.082136E-04   3.075846E-07  -3.061498E-05  -1.104785E-03   2.155106E-01  -7.666667E-04
          2031      G      4.110567E-04   4.972020E-06  -5.159491E-03  -1.646496E-01   1.456262E-01  -2.556318E-04
          2032      G      4.002836E-04   3.656665E-05  -8.869434E-03  -3.072080E-01   9.631822E-02  -4.229821E-04
          2033      G      3.210535E-04   1.466495E-04  -3.054778E-04  -1.002000E-05   7.767648E-05  -1.142935E-01
          2034      G      3.065302E-04  -2.419410E-07  -3.062130E-04  -2.603368E-05   5.612570E-05  -1.090218E-01
          2035      G      4.332391E-04   3.345969E-05  -9.169470E-03  -2.511514E-01  -6.136173E-02  -8.419901E-04
          2036      G      4.570141E-04   3.950506E-05  -7.569561E-03  -1.558679E-01  -4.918905E-02   3.767082E-01
          2037      G      3.749125E-04   1.392737E-05   1.290334E-04   1.272831E-04   4.289225E-05  -2.002001E-01
          2038      G      3.694618E-04  -5.027903E-05   1.301125E-04   9.480089E-05   4.859264E-05  -1.974748E-01
          2039      G      4.120187E-04  -4.439122E-06   5.118234E-03   1.627299E-01   1.469957E-01  -2.501231E-04
          2040      G      4.024172E-04  -3.724313E-05   8.879480E-03   3.074641E-01   9.854678E-02  -4.265539E-04
          2041      G      3.209403E-04  -1.467816E-04   3.051664E-04   6.070413E-06   7.667405E-05  -1.140340E-01
          2042      G      3.075641E-04   1.522612E-06   3.058893E-04   2.309026E-05   5.479883E-05  -1.093729E-01
          2043      G      4.358728E-04  -3.456130E-05   9.196410E-03   2.520055E-01  -6.261571E-02  -9.098340E-04
          2044      G      4.575627E-04  -3.771211E-05   7.577972E-03   1.547908E-01  -4.901130E-02   3.685634E-01
          3000      G     -1.389083E-02  -2.079747E-04  -2.831104E-04   5.267589E-02  -4.954329E-01  -5.613162E+00
          3001      G     -1.531694E-02  -7.849340E-03  -1.081018E-02   2.214360E+00  -4.050613E-01  -5.220610E+00
          3002      G     -1.498661E-02  -7.763648E-03  -7.000758E-03   1.259522E+00  -2.839162E-01  -6.027204E+00
          3003      G     -1.929934E-02   5.164907E-05  -2.602722E-03   9.358554E-02   3.455454E+01   1.207365E-01
          3004      G     -1.564815E-02   1.317142E-04  -8.961697E-01   3.090363E+01   2.585576E+01   3.283447E-02
          3005      G     -1.513156E-02  -7.242708E-04  -1.381028E+00   5.730592E+01   3.884520E+00  -2.231126E-03
          3006      G      5.388595E-03   1.417030E-05  -3.606956E-03  -4.301565E-03   2.274255E+00  -1.242494E-03
          3007      G     -8.760096E-03   1.934357E-05  -1.461539E+00  -1.533843E-01   8.580160E+01  -1.450777E-03
          3008      G     -1.703168E-02  -4.032548E-05  -2.615157E+00   4.268956E-03  -2.436399E+00  -1.386116E-03
          3009      G     -1.348458E-02  -2.312036E-03  -8.369516E-03   2.170055E+00   1.208717E+00  -1.169882E+01
          3010      G     -9.969301E-03   3.188678E-03  -2.761557E-03   9.721478E-02  -4.646049E-01  -2.249627E+00
          3011      G     -1.622635E-02   1.213282E-03  -7.892258E-01   2.946954E+01  -4.244727E+01  -7.985137E-02
          3012      G     -1.831171E-02  -2.638980E-03  -2.325943E-02  -7.307181E-01  -3.397181E+00   4.783269E+00
          3013      G     -2.352289E-02  -2.337388E-05  -1.425782E+00  -1.161815E-01  -8.014642E+01  -1.927608E-03
          3014      G     -3.186697E-02  -9.207054E-05  -3.507326E-02   7.716617E-03  -5.300710E+00  -2.253928E-02
          3015      G     -1.541251E-02   8.168907E-03   1.128699E-02  -2.331102E+00  -7.614125E-01  -3.852705E+00
          3016      G     -1.508452E-02   7.598144E-03   6.845262E-03  -1.212554E+00  -4.979608E-01  -5.379060E+00
          3017      G     -1.570414E-02  -1.692725E-04   8.931746E-01  -3.057918E+01   2.580018E+01   3.356571E-02
          3018      G     -1.522546E-02   7.990108E-04   1.382237E+00  -5.721455E+01   4.113760E+00  -2.848715E-03
          3019      G     -8.779842E-03   4.706290E-05   1.458177E+00  -4.537233E-03   8.604254E+01  -9.836861E-04
          3020      G     -1.707264E-02   4.581312E-05   2.616703E+00  -4.132970E-03  -2.448071E+00  -8.364360E-04
          3021      G     -1.353398E-02   2.467263E-03   8.482260E-03  -2.657373E+00   2.035329E+00  -1.501825E+01
          3022      G     -1.016252E-02  -2.830509E-03   2.855193E-03  -2.937729E-02  -5.463004E-01  -1.938635E+00
          3023      G     -1.640898E-02  -1.149186E-03   7.930702E-01  -2.894149E+01  -4.235227E+01  -7.960317E-02
          3024      G     -1.845971E-02   2.672082E-03   2.347127E-02   1.123918E+00  -3.443584E+00   6.498328E+00
          3025      G     -2.359733E-02   7.346229E-05   1.426946E+00  -5.937078E-03  -8.009520E+01  -1.030271E-03
          3026      G     -3.200827E-02   9.532950E-05   3.527704E-02   1.759980E-04  -5.339910E+00   4.384364E-02
          3027      G     -1.411492E-02   2.161938E-05  -2.245338E-05  -4.817653E-03  -5.967320E-01   5.301534E+00
          3028      G     -1.560588E-02   8.242269E-03  -1.139050E-02  -2.362615E+00  -7.303944E-01   4.041274E+00
          3029      G     -1.527399E-02   7.531757E-03  -6.849487E-03  -1.212386E+00  -5.037877E-01   5.435229E+00
          3030      G     -1.946706E-02   3.820690E-05  -1.788281E-03  -8.403724E-02   3.450344E+01  -1.225025E-01
          3031      G     -1.580471E-02  -1.492602E-04  -8.947471E-01  -3.059458E+01   2.569169E+01  -3.510777E-02
          3032      G     -1.529471E-02   7.601039E-04  -1.381639E+00  -5.720259E+01   4.078371E+00   2.222317E-04
1                                                       **STUDENT EDITION*    APRIL  18, 2026  MSC Nastran  3/ 3/26   PAGE    60
     DEFAULT                                                                                                                        
0                                                                                                            SUBCASE 1              
      EIGENVALUE =  4.232361E+06
          CYCLES =  3.274247E+02         R E A L   E I G E N V E C T O R   N O .          5
 
      POINT ID.   TYPE          T1             T2             T3             R1             R2             R3
          3033      G     -1.372300E-02   2.381373E-03  -8.519517E-03  -2.666439E+00   2.035840E+00   1.510474E+01
          3034      G     -1.035002E-02  -3.010506E-03  -2.857389E-03  -2.604955E-02  -5.500249E-01   2.006701E+00
          3035      G     -1.646426E-02  -1.257268E-03  -7.921053E-01  -2.886578E+01  -4.233899E+01   7.670060E-02
          3036      G     -1.851362E-02   2.499208E-03  -2.346216E-02   1.119890E+00  -3.443255E+00  -6.406094E+00
          3037      G     -1.560629E-02  -8.138174E-03   1.127202E-02   2.334912E+00  -7.360752E-01   4.017029E+00
          3038      G     -1.527179E-02  -7.522841E-03   6.834594E-03   1.208237E+00  -5.041514E-01   5.433090E+00
          3039      G     -1.581857E-02   1.939346E-04   8.933946E-01   3.060181E+01   2.578700E+01  -3.483860E-02
          3040      G     -1.532279E-02  -6.997952E-04   1.382320E+00   5.723100E+01   4.120668E+00   6.226325E-04
          3041      G     -1.371245E-02  -2.330478E-03   8.465110E-03   2.653666E+00   2.035858E+00   1.509527E+01
          3042      G     -1.034458E-02   3.015804E-03   2.844912E-03   2.800565E-02  -5.463871E-01   2.017936E+00
          3043      G     -1.650106E-02   1.287593E-03   7.932156E-01   2.895317E+01  -4.235502E+01   7.762351E-02
          3044      G     -1.854448E-02  -2.480726E-03   2.350021E-02  -1.124529E+00  -3.450525E+00  -6.413402E+00
          4000      G     -1.576311E-03  -5.030938E-05  -1.040312E-05   9.054804E-04   4.631870E-02  -6.002213E-01
          4001      G     -1.580836E-03  -5.055561E-05  -1.001332E-03  -1.310472E-02  -2.476498E-03  -5.313264E-01
          4002      G     -1.570049E-03  -1.773812E-04  -1.444129E-03   2.184681E-02   6.457938E-03  -4.458794E-01
          4003      G     -1.684579E-03  -5.385288E-05  -1.012200E-05  -1.749793E-03   2.337296E-01  -4.468684E-04
          4004      G     -1.684376E-03  -6.357253E-05  -6.552912E-03   1.951650E-01   2.091969E-01  -7.514451E-04
          4005      G     -1.699272E-03  -6.805931E-05  -1.120181E-02   3.522417E-01   7.272508E-02  -1.354993E-03
          4006      G     -1.615589E-03  -5.249118E-05   2.631029E-05   1.866398E-03   1.163456E-02  -2.874565E-04
          4007      G     -1.681938E-03  -6.282172E-05  -1.018893E-02   5.693547E-03   6.141140E-01  -2.576940E-04
          4008      G     -1.732459E-03  -6.888639E-05  -1.882394E-02   2.595041E-03  -1.338074E-02  -2.268109E-04
          4009      G     -1.544874E-03  -1.217901E-04  -1.486783E-03  -1.204658E-02  -5.796959E-03  -2.617912E-01
          4010      G     -1.502681E-03  -2.243602E-04  -1.880453E-03   4.947418E-02   2.667980E-02  -5.060071E-01
          4011      G     -1.714061E-03  -1.016375E-04  -1.014323E-02   2.764062E-01  -1.164758E-01  -3.218763E-03
          4012      G     -1.749973E-03  -2.240340E-04  -7.681223E-03   1.114836E-01  -5.806998E-02  -7.619035E-01
          4013      G     -1.825341E-03  -7.743123E-05  -1.568031E-02   1.371165E-02  -2.492656E-01  -2.262373E-04
          4014      G     -1.895673E-03  -8.290797E-05  -1.050354E-02   3.724411E-04  -4.115600E-02   3.740890E-04
          4015      G     -1.576398E-03  -5.922300E-05   9.805623E-04   1.960710E-02  -3.257635E-03  -5.458850E-01
          4016      G     -1.560778E-03   7.751677E-05   1.459101E-03  -2.029175E-02   1.181672E-02  -4.617604E-01
          4017      G     -1.681311E-03  -4.151448E-05   6.548859E-03  -2.024910E-01   2.118230E-01  -7.433234E-04
          4018      G     -1.692892E-03  -4.254608E-05   1.114222E-02  -3.543217E-01   6.412599E-02  -1.368215E-03
          4019      G     -1.680613E-03  -4.426632E-05   1.021692E-02   1.766805E-03   6.113793E-01  -2.891193E-04
          4020      G     -1.730994E-03  -3.463108E-05   1.880379E-02   1.601533E-03  -1.336097E-02  -2.890539E-04
          4021      G     -1.527228E-03  -1.340915E-06   1.307462E-03   3.735909E-02  -1.706113E-02  -2.062011E-01
          4022      G     -1.479106E-03   1.149844E-04   1.840986E-03  -6.043630E-02   3.929356E-02  -5.613584E-01
          4023      G     -1.707458E-03  -7.082712E-06   9.953025E-03  -3.030915E-01  -1.107364E-01  -3.391323E-03
          4024      G     -1.745207E-03   1.198102E-04   7.677379E-03  -1.145678E-01  -5.854827E-02  -8.189329E-01
          4025      G     -1.825852E-03  -2.699251E-05   1.570010E-02   1.522808E-03  -2.469706E-01  -2.747102E-04
          4026      G     -1.898417E-03  -1.923753E-05   1.055739E-02   4.488246E-04  -4.242323E-02  -7.698808E-03
          4027      G     -1.617521E-03  -5.085472E-05   5.382831E-06   1.512736E-03   5.033737E-02   6.169048E-01
          4028      G     -1.619251E-03  -7.729931E-05  -9.938339E-04   2.080588E-02  -4.529288E-03   5.418126E-01
          4029      G     -1.603756E-03   4.681517E-05  -1.465318E-03  -2.041470E-02   1.191869E-02   4.662074E-01
          4030      G     -1.703520E-03  -5.300598E-05   4.494799E-06   5.897315E-05   2.333677E-01  -1.325830E-04
          4031      G     -1.701710E-03  -5.833775E-05  -6.568842E-03  -2.033388E-01   2.128295E-01   1.660165E-04
          4032      G     -1.713925E-03  -7.621228E-05  -1.118951E-02  -3.542810E-01   6.605745E-02   8.243300E-04
          4033      G     -1.569955E-03  -5.120973E-05  -1.304447E-03   3.962051E-02  -1.786727E-02   2.074073E-01
          4034      G     -1.522053E-03   5.529343E-05  -1.837537E-03  -6.033643E-02   4.044074E-02   5.715363E-01
          4035      G     -1.729227E-03  -5.442673E-05  -1.001664E-02  -3.091913E-01  -1.131494E-01   2.844298E-03
          4036      G     -1.767663E-03   5.682686E-05  -7.663354E-03  -1.129493E-01  -5.878724E-02   8.228836E-01
          4037      G     -1.619952E-03  -2.822392E-05   1.007747E-03  -1.618037E-02  -4.495465E-03   5.416648E-01
1                                                       **STUDENT EDITION*    APRIL  18, 2026  MSC Nastran  3/ 3/26   PAGE    61
     DEFAULT                                                                                                                        
0                                                                                                            SUBCASE 1              
      EIGENVALUE =  4.232361E+06
          CYCLES =  3.274247E+02         R E A L   E I G E N V E C T O R   N O .          5
 
      POINT ID.   TYPE          T1             T2             T3             R1             R2             R3
          4038      G     -1.604644E-03  -1.461332E-04   1.478396E-03   2.362627E-02   1.192732E-02   4.646636E-01
          4039      G     -1.701593E-03  -4.544565E-05   6.565232E-03   2.001978E-01   2.125288E-01   1.314351E-04
          4040      G     -1.713700E-03  -2.743065E-05   1.115712E-02   3.524660E-01   6.350046E-02   7.733820E-04
          4041      G     -1.570303E-03  -5.115957E-05   1.324377E-03  -3.363861E-02  -1.716272E-02   2.074385E-01
          4042      G     -1.520387E-03  -1.493077E-04   1.850050E-03   6.236792E-02   3.744505E-02   5.538303E-01
          4043      G     -1.728493E-03  -4.550914E-05   9.957021E-03   3.012504E-01  -1.111884E-01   2.819302E-03
          4044      G     -1.767026E-03  -1.577731E-04   7.675321E-03   1.150292E-01  -5.873354E-02   8.024813E-01
1                                                       **STUDENT EDITION*    APRIL  18, 2026  MSC Nastran  3/ 3/26   PAGE    62
     DEFAULT                                                                                                                        
0                                                                                                            SUBCASE 1              
      EIGENVALUE =  4.364458E+06
          CYCLES =  3.324951E+02         R E A L   E I G E N V E C T O R   N O .          6
 
      POINT ID.   TYPE          T1             T2             T3             R1             R2             R3
             1      G      0.0            0.0            0.0            0.0            0.0            0.0
             2      G      0.0            0.0            0.0            0.0            0.0            0.0
             3      G      0.0            0.0            0.0            0.0            0.0            0.0
             4      G      0.0            0.0            0.0            0.0            0.0            0.0
             5      G      0.0            0.0            0.0            0.0            0.0            0.0
             6      G      0.0            0.0            0.0            0.0            0.0            0.0
             7      G      0.0            0.0            0.0            0.0            0.0            0.0
             8      G      0.0            0.0            0.0            0.0            0.0            0.0
            10      G     -1.056189E-05  -2.359789E-05  -4.869632E-05  -1.570404E-05  -3.406593E-05   2.560567E-03
            11      G     -1.022975E-05   2.353376E-05  -4.866686E-05   1.582956E-05  -3.301227E-05  -2.540346E-03
            12      G     -1.392908E-05   3.008657E-06  -9.602025E-05  -7.381248E-05  -5.385469E-05   1.230356E-03
            13      G     -1.343828E-05  -2.993927E-06  -9.587028E-05   7.369378E-05  -5.203975E-05  -1.190905E-03
            14      G      1.388663E-05   3.021508E-06  -9.603312E-05  -7.388895E-05   5.375876E-05  -1.215384E-03
            15      G      1.374746E-05  -2.951170E-06  -9.635759E-05   7.399509E-05   5.350447E-05   1.209491E-03
            16      G      1.057947E-05  -2.310205E-05  -4.863518E-05  -1.687613E-05   3.405019E-05  -2.530650E-03
            17      G      9.927380E-06   2.303999E-05  -4.859869E-05   1.797459E-05   3.146067E-05   2.452527E-03
           100      G      2.746217E-06  -5.826174E-06   4.277137E-04  -1.622141E-02   1.525543E-02  -6.966407E-04
           101      G     -6.683943E-06   5.117959E-08   1.089791E-03   6.917208E-06   4.920429E-03   1.351154E-05
           102      G      5.803726E-06  -1.990973E-06   1.007910E-03  -2.994302E-02   1.808543E-02  -7.838407E-05
           103      G     -1.470002E-05  -2.665402E-08   2.040844E-03  -2.980326E-06   3.643544E-02   2.730205E-07
           104      G     -1.235871E-07  -2.081213E-05   1.226426E-03  -4.354211E-02  -1.682356E-05   1.370386E-06
           105      G     -2.391824E-07  -8.366600E-08   2.759765E-03  -3.136277E-06  -1.751899E-05   2.652500E-07
           106      G      2.281865E-05   1.978122E-05  -9.791817E-05   7.399509E-05   5.350447E-05   1.209491E-03
           107      G      2.281865E-05  -1.249708E-05  -9.649027E-05   7.399509E-05   5.350447E-05   1.209491E-03
           108      G      4.965127E-08  -3.917965E-05  -5.474078E-04  -7.488404E-03   1.311214E-05  -2.938406E-05
           109      G      2.832133E-05   4.143395E-05  -4.896946E-05   1.797459E-05   3.146067E-05   2.452527E-03
           110      G     -7.687710E-06   1.851130E-04  -1.219566E-03   3.767550E-02   4.656589E-03  -1.959472E-02
           111      G      2.832133E-05  -2.708353E-05  -4.809053E-05   1.797459E-05   3.146067E-05   2.452527E-03
           112      G     -5.592656E-08   1.292140E-05  -4.280428E-04   1.087076E-02   3.010163E-02   1.518903E-03
           113      G     -9.642783E-06   5.135921E-07  -1.740800E-03  -6.877086E-05   5.513192E-03   2.329246E-04
           114      G     -4.216715E-06   2.674919E-07  -3.336252E-04   4.445317E-05   4.805930E-02  -4.209614E-05
           115      G     -3.236801E-06  -6.034860E-06   4.259635E-04  -1.618890E-02  -1.530908E-02   6.727951E-04
           116      G      6.145377E-06  -1.176827E-07   1.088342E-03   5.771331E-06  -4.957672E-03   4.653704E-07
           117      G     -6.153355E-06  -2.149492E-06   1.007191E-03  -2.992341E-02  -1.811531E-02   7.488352E-05
           118      G      1.421299E-05  -8.976733E-08   2.040116E-03   1.363781E-07  -3.647135E-02   9.858339E-07
           119      G     -2.237007E-05   1.938913E-05  -9.740107E-05   7.369378E-05  -5.203975E-05  -1.190905E-03
           120      G     -2.237007E-05  -1.239315E-05  -9.601226E-05   7.369378E-05  -5.203975E-05  -1.190905E-03
           121      G     -2.928235E-05   4.258636E-05  -4.903317E-05   1.582956E-05  -3.301227E-05  -2.540346E-03
           122      G      7.042407E-06   1.847678E-04  -1.222760E-03   3.760480E-02  -4.732329E-03   1.980301E-02
           123      G     -2.928235E-05  -2.838457E-05  -4.811089E-05   1.582956E-05  -3.301227E-05  -2.540346E-03
           124      G     -4.709688E-07   1.288696E-05  -4.307742E-04   1.087706E-02  -3.009499E-02  -1.515614E-03
           125      G      9.139449E-06  -1.417946E-07  -1.741375E-03  -1.011865E-05  -5.552692E-03  -8.625464E-06
           126      G      3.610108E-06  -9.317291E-08  -3.346851E-04   1.628313E-05  -4.800841E-02   2.047097E-06
           127      G      3.036823E-06   6.050649E-06   4.265867E-04   1.627547E-02   1.532643E-02   6.952780E-04
           128      G      5.897479E-06   1.939803E-06   1.007517E-03   2.998270E-02   1.807959E-02   8.244526E-05
           129      G     -1.654777E-07   2.071721E-05   1.225987E-03   4.357662E-02  -7.681190E-06   2.880681E-06
           130      G      2.300201E-05  -1.982163E-05  -9.759769E-05  -7.388895E-05   5.375876E-05  -1.215384E-03
           131      G      2.300201E-05   1.261393E-05  -9.616300E-05  -7.388895E-05   5.375876E-05  -1.215384E-03
           132      G     -7.210521E-08   3.916245E-05  -5.477249E-04   7.495923E-03   7.451829E-08   8.864023E-07
           133      G      2.955934E-05  -4.208193E-05  -4.901713E-05  -1.687613E-05   3.405019E-05  -2.530650E-03
1                                                       **STUDENT EDITION*    APRIL  18, 2026  MSC Nastran  3/ 3/26   PAGE    63
     DEFAULT                                                                                                                        
0                                                                                                            SUBCASE 1              
      EIGENVALUE =  4.364458E+06
          CYCLES =  3.324951E+02         R E A L   E I G E N V E C T O R   N O .          6
 
      POINT ID.   TYPE          T1             T2             T3             R1             R2             R3
           134      G     -7.277040E-06  -1.837402E-04  -1.220748E-03  -3.753576E-02   4.676187E-03   1.984602E-02
           135      G      2.955934E-05   2.861811E-05  -4.806585E-05  -1.687613E-05   3.405019E-05  -2.530650E-03
           136      G      3.017327E-07  -1.270164E-05  -4.301225E-04  -1.084984E-02   3.006157E-02  -1.501408E-03
           137      G     -3.400866E-06   5.929549E-06   4.255795E-04   1.627048E-02  -1.531630E-02  -6.947236E-04
           138      G     -6.254688E-06   1.859177E-06   1.006898E-03   2.997737E-02  -1.811852E-02  -7.937329E-05
           139      G     -2.315675E-05  -2.011588E-05  -9.758605E-05  -7.381248E-05  -5.385469E-05   1.230356E-03
           140      G     -2.315675E-05   1.271924E-05  -9.614880E-05  -7.381248E-05  -5.385469E-05   1.230356E-03
           141      G     -2.976614E-05  -4.280214E-05  -4.906959E-05  -1.570404E-05  -3.406593E-05   2.560567E-03
           142      G      6.730746E-06  -1.848948E-04  -1.222433E-03  -3.758120E-02  -4.683324E-03  -1.979676E-02
           143      G     -2.976614E-05   2.873370E-05  -4.811787E-05  -1.570404E-05  -3.406593E-05   2.560567E-03
           144      G     -7.114991E-07  -1.310402E-05  -4.311571E-04  -1.084867E-02  -3.009222E-02   1.512987E-03
           200      G      2.931234E-05   4.086775E-05  -4.896946E-05   1.797459E-05   3.146067E-05   2.452527E-03
           201      G      2.931234E-05  -2.764973E-05  -4.809053E-05   1.797459E-05   3.146067E-05   2.452527E-03
           202      G      2.450404E-05   1.745037E-05  -9.791817E-05   7.399509E-05   5.350447E-05   1.209491E-03
           203      G      2.450404E-05  -1.482793E-05  -9.649027E-05   7.399509E-05   5.350447E-05   1.209491E-03
           204      G      1.091464E-06   2.084829E-05  -7.763267E-04   3.494923E-03   3.886790E-06  -4.819747E-06
           205      G     -2.416229E-05   4.083306E-05  -1.277535E-03   2.833521E-02   7.118043E-03  -7.891948E-03
           206      G     -3.810922E-05   4.439586E-06  -1.816236E-03   1.184611E-03   9.172638E-03   1.940395E-03
           207      G     -3.032224E-05   4.208773E-05  -4.903317E-05   1.582956E-05  -3.301227E-05  -2.540346E-03
           208      G     -3.032224E-05  -2.888320E-05  -4.811089E-05   1.582956E-05  -3.301227E-05  -2.540346E-03
           209      G     -2.400932E-05   1.706778E-05  -9.740107E-05   7.369378E-05  -5.203975E-05  -1.190905E-03
           210      G     -2.400932E-05  -1.471450E-05  -9.601226E-05   7.369378E-05  -5.203975E-05  -1.190905E-03
           211      G      2.403832E-05   4.397356E-05  -1.282064E-03   2.818750E-02  -7.435787E-03   1.047002E-02
           212      G      3.774357E-05  -1.855087E-07  -1.817219E-03   1.143211E-05  -9.132460E-03  -2.089152E-06
           213      G      3.063192E-05  -4.155033E-05  -4.901713E-05  -1.687613E-05   3.405019E-05  -2.530650E-03
           214      G      3.063192E-05   2.914971E-05  -4.806585E-05  -1.687613E-05   3.405019E-05  -2.530650E-03
           215      G      2.469541E-05  -1.749413E-05  -9.759769E-05  -7.388895E-05   5.375876E-05  -1.215384E-03
           216      G      2.469541E-05   1.494143E-05  -9.616300E-05  -7.388895E-05   5.375876E-05  -1.215384E-03
           217      G     -1.268263E-07  -2.103403E-05  -7.770092E-04  -3.494685E-03  -1.872038E-05   9.872300E-06
           218      G     -2.509161E-05  -3.983235E-05  -1.280270E-03  -2.827286E-02   7.471461E-03   1.068713E-02
           219      G     -3.083921E-05  -4.230746E-05  -4.906959E-05  -1.570404E-05  -3.406593E-05   2.560567E-03
           220      G     -3.083921E-05   2.922838E-05  -4.811787E-05  -1.570404E-05  -3.406593E-05   2.560567E-03
           221      G     -2.485317E-05  -1.779078E-05  -9.758605E-05  -7.381248E-05  -5.385469E-05   1.230356E-03
           222      G     -2.485317E-05   1.504434E-05  -9.614880E-05  -7.381248E-05  -5.385469E-05   1.230356E-03
           223      G      2.378332E-05  -4.436920E-05  -1.281621E-03  -2.817630E-02  -7.403223E-03  -1.049783E-02
           224      G     -9.261865E-06  -4.686725E-06   5.899493E-04  -2.280163E-02   2.057443E-02  -1.122097E-03
           225      G     -3.261360E-05   3.368476E-07   1.406853E-03   6.391168E-05   8.670291E-03   5.674577E-05
           226      G     -5.418347E-06   1.179968E-05   1.208558E-03  -3.752118E-02   1.366577E-02  -2.215299E-04
           227      G     -2.720811E-05   2.968092E-08   2.469744E-03  -5.960794E-05   3.953660E-02  -4.364912E-06
           228      G     -9.282234E-07  -1.322658E-05   1.257947E-03  -6.127714E-02   4.608394E-04  -4.108984E-05
           229      G     -1.561344E-06  -9.273736E-08   3.213304E-03   4.604679E-06   2.453065E-04   6.943785E-06
           230      G     -1.096632E-05   1.039124E-05  -3.862240E-04   3.356201E-03   3.519621E-02  -4.775510E-05
           231      G     -4.873593E-05   4.173963E-07  -2.157298E-04   9.546359E-04   6.213905E-02  -3.768409E-04
           232      G      7.295141E-06  -6.171215E-06   6.760120E-04  -2.606951E-02  -2.121263E-02   1.069384E-03
           233      G      3.052165E-05  -9.875892E-08   1.576020E-03   1.315378E-05  -8.389694E-03   8.926296E-07
           234      G      4.091180E-06   1.192629E-05   1.259626E-03  -3.926438E-02  -1.165365E-02   2.116015E-04
           235      G      2.361519E-05  -1.032945E-07   2.557939E-03   1.350750E-05  -3.608948E-02  -1.396806E-06
           236      G      1.108840E-05   9.862324E-06  -3.483674E-04   1.822672E-03  -3.890360E-02  -3.854611E-05
           237      G      4.002327E-05  -1.306164E-07  -1.314283E-04   2.708686E-05  -7.207370E-02   2.400366E-06
           238      G     -8.963820E-06   5.150729E-06   5.973279E-04   2.314258E-02   2.101621E-02   1.101822E-03
1                                                       **STUDENT EDITION*    APRIL  18, 2026  MSC Nastran  3/ 3/26   PAGE    64
     DEFAULT                                                                                                                        
0                                                                                                            SUBCASE 1              
      EIGENVALUE =  4.364458E+06
          CYCLES =  3.324951E+02         R E A L   E I G E N V E C T O R   N O .          6
 
      POINT ID.   TYPE          T1             T2             T3             R1             R2             R3
           239      G     -5.388037E-06  -1.189706E-05   1.216725E-03   3.781442E-02   1.336509E-02   2.279088E-04
           240      G     -8.076354E-07   1.312876E-05   1.261301E-03   6.141157E-02   4.050993E-04   1.671752E-05
           241      G     -1.059633E-05  -8.652065E-06  -3.879548E-04  -3.510758E-03   3.517030E-02   6.025214E-05
           242      G      7.094928E-06   6.067660E-06   6.772354E-04   2.616998E-02  -2.124277E-02  -1.092476E-03
           243      G      3.890185E-06  -1.211746E-05   1.261856E-03   3.936095E-02  -1.170046E-02  -2.164682E-04
           244      G      1.085817E-05  -1.010150E-05  -3.479087E-04  -1.788683E-03  -3.893322E-02   3.814537E-05
           300      G      3.327831E-04   2.491449E-04  -6.519952E-04   5.858656E-02  -1.648507E-02   3.012638E-02
           301      G      7.931067E-05   1.420641E-04  -1.300718E-03   4.699143E-02  -1.083712E-02  -1.700748E-02
           302      G      2.584115E-05   3.081053E-04  -1.139172E-03   7.583100E-02   3.854772E-03  -6.080879E-03
           303      G      3.560791E-04   1.308858E-04  -3.868551E-05   2.184914E-02  -1.075357E-02   5.899080E-03
           304      G      2.445351E-04   1.551894E-04  -3.292274E-04   3.675781E-02  -7.691840E-03  -1.727033E-02
           305      G      1.708241E-05   1.632834E-04  -1.437172E-03   2.800526E-02   1.667935E-02  -2.440375E-02
           306      G     -1.539948E-05   1.199824E-05  -2.082659E-03   3.285608E-03   2.254472E-02   5.671277E-03
           307      G     -3.520664E-04   2.702438E-04  -6.525355E-04   6.081827E-02   1.545115E-02  -3.299598E-02
           308      G     -4.886214E-05   1.506224E-04  -1.315354E-03   4.589430E-02   9.099162E-03   1.713920E-02
           309      G     -3.875834E-04   1.474624E-04  -3.803125E-05   1.997091E-02   1.448453E-02  -5.019217E-03
           310      G     -2.575605E-04   1.555825E-04  -3.340775E-04   3.561472E-02   7.066698E-03   1.959735E-02
           311      G     -2.205238E-05   1.732472E-04  -1.443436E-03   2.857747E-02  -1.765100E-02   2.874050E-02
           312      G      7.757039E-06  -3.594555E-07  -2.086316E-03   6.571698E-05  -2.308208E-02  -6.295324E-05
           313      G      3.648760E-04  -2.797034E-04  -6.507484E-04  -5.931598E-02  -1.538401E-02  -3.225706E-02
           314      G      6.697246E-05  -1.619851E-04  -1.316668E-03  -4.425418E-02  -1.039230E-02   1.818261E-02
           315      G     -7.902606E-07  -3.305536E-04  -1.137050E-03  -7.615850E-02  -2.613145E-05   4.638586E-05
           316      G      3.976140E-04  -1.423141E-04  -3.790318E-05  -1.963623E-02  -1.426877E-02  -4.476527E-03
           317      G      2.680355E-04  -1.576251E-04  -3.335887E-04  -3.434007E-02  -7.372417E-03   2.013235E-02
           318      G      2.538852E-05  -1.657284E-04  -1.443325E-03  -2.877091E-02   1.621131E-02   2.998541E-02
           319      G     -3.656488E-04  -2.788087E-04  -6.509262E-04  -5.984906E-02   1.530365E-02   3.235708E-02
           320      G     -6.828836E-05  -1.614372E-04  -1.316647E-03  -4.460525E-02   1.033789E-02  -1.810542E-02
           321      G     -3.977213E-04  -1.489777E-04  -3.751722E-05  -1.968608E-02   1.415940E-02   4.748324E-03
           322      G     -2.682656E-04  -1.607055E-04  -3.332977E-04  -3.469024E-02   7.196569E-03  -2.001024E-02
           323      G     -2.790113E-05  -1.741918E-04  -1.443065E-03  -2.847495E-02  -1.748112E-02  -2.887268E-02
           324      G      1.264165E-05   8.845245E-05  -1.872994E-04  -3.953986E-02   3.085261E-02  -1.176505E-02
           325      G     -9.228866E-06  -1.196501E-05   1.428093E-03   5.600395E-04   1.833304E-02   1.308354E-04
           326      G      3.986437E-05   1.523975E-04   6.139045E-04  -7.350983E-02   1.793320E-02  -5.123706E-04
           327      G     -3.150873E-05  -1.219268E-05   3.053731E-03   1.273360E-03   5.957822E-02  -1.136994E-05
           328      G     -4.705965E-06   7.416860E-05   1.014086E-03  -9.331881E-02  -5.260646E-04   8.751593E-04
           329      G     -4.426965E-06  -1.187317E-05   4.118302E-03   1.470099E-04  -3.593998E-04  -1.385592E-04
           330      G      5.681626E-05   9.248105E-05  -9.333537E-04  -2.845256E-03   8.855691E-03  -9.364534E-04
           331      G     -3.090782E-05  -7.742498E-06  -4.224041E-04   3.647670E-03   7.045350E-02  -7.682172E-04
           332      G     -1.253030E-05   1.008846E-04  -2.652945E-04  -3.971377E-02  -3.344221E-02   1.257062E-02
           333      G      6.155886E-07  -4.847237E-06   1.351636E-03   4.684141E-04  -1.891588E-02  -1.075719E-04
           334      G     -4.719419E-05   1.679579E-04   5.619244E-04  -7.202077E-02  -1.826430E-02   1.717565E-04
           335      G      2.351487E-05  -8.320532E-06   3.000147E-03   3.114171E-04  -6.120970E-02  -1.261930E-04
           336      G     -6.575386E-05   1.011514E-04  -9.828412E-04  -1.155907E-03  -5.407077E-03   9.896841E-04
           337      G      2.322331E-05  -2.337002E-06  -4.656614E-04   3.338221E-04  -6.945509E-02  -8.840301E-05
           338      G      1.410781E-05  -1.119643E-04  -1.958617E-04   4.156837E-02   3.329732E-02   1.272371E-02
           339      G      4.515394E-05  -1.840698E-04   6.115734E-04   7.297490E-02   1.676297E-02   4.148806E-04
           340      G     -2.947212E-06  -9.495330E-05   1.014781E-03   9.468915E-02  -3.182491E-04   8.919139E-05
           341      G      6.914569E-05  -1.040592E-04  -9.587004E-04   9.628418E-04   7.581178E-03   1.262000E-03
           342      G     -1.878026E-05  -1.095764E-04  -2.618122E-04   3.975395E-02  -3.328025E-02  -1.260944E-02
           343      G     -5.096346E-05  -1.819698E-04   5.723064E-04   7.221924E-02  -1.862198E-02  -3.983109E-04
1                                                       **STUDENT EDITION*    APRIL  18, 2026  MSC Nastran  3/ 3/26   PAGE    65
     DEFAULT                                                                                                                        
0                                                                                                            SUBCASE 1              
      EIGENVALUE =  4.364458E+06
          CYCLES =  3.324951E+02         R E A L   E I G E N V E C T O R   N O .          6
 
      POINT ID.   TYPE          T1             T2             T3             R1             R2             R3
           344      G     -7.212670E-05  -1.057818E-04  -9.804306E-04   9.887939E-04  -5.685022E-03  -1.121431E-03
           400      G      2.898539E-05   1.677123E-03   3.746321E-04   2.780880E-01  -1.539781E-01  -1.881103E-02
           401      G      2.783436E-04   4.119532E-04  -5.811883E-03   1.171732E-02   4.137997E-02   3.295501E-02
           402      G      1.644777E-06   2.314080E-03   6.530454E-04   3.465981E-01  -4.973416E-04  -1.982460E-04
           403      G      2.764514E-05   4.880179E-04   5.747453E-04  -3.459290E-03  -1.392973E-01  -2.138905E-02
           404      G      2.686746E-04   3.414257E-04  -1.890655E-03   1.068266E-01   6.211271E-02  -9.809954E-04
           405      G      8.177933E-04   3.351622E-04  -1.990933E-03   8.488039E-02  -1.121861E-01  -4.054629E-02
           406      G      9.563905E-04  -5.135759E-07  -2.582259E-03   1.030363E-06  -9.065646E-02   6.360027E-04
           407      G     -2.531994E-05   1.679048E-03   3.652205E-04   2.784237E-01   1.542201E-01   1.918108E-02
           408      G     -2.749929E-04   4.131148E-04  -5.827034E-03   1.191281E-02  -4.143579E-02  -3.322706E-02
           409      G     -2.785605E-05   4.915210E-04   5.756358E-04  -2.822884E-03   1.392725E-01   2.189009E-02
           410      G     -2.710302E-04   3.432232E-04  -1.895498E-03   1.071954E-01  -6.192065E-02   2.874192E-04
           411      G     -8.183661E-04   3.365483E-04  -1.999081E-03   8.485320E-02   1.123485E-01   4.096963E-02
           412      G     -9.570870E-04  -1.442615E-07  -2.588071E-03  -1.912657E-05   9.081942E-02  -3.729868E-05
           413      G      3.108645E-05  -1.682512E-03   3.660474E-04  -2.786121E-01  -1.542763E-01   1.924174E-02
           414      G      2.798504E-04  -4.177247E-04  -5.825980E-03  -1.222757E-02   4.141664E-02  -3.326283E-02
           415      G     -1.317376E-07  -2.319777E-03   6.485815E-04  -3.470703E-01   1.131958E-05   1.253991E-05
           416      G      3.417260E-05  -4.887331E-04   5.760006E-04   2.808051E-03  -1.393676E-01   2.201982E-02
           417      G      2.772153E-04  -3.438143E-04  -1.894363E-03  -1.073318E-01   6.187277E-02   3.988524E-04
           418      G      8.198397E-04  -3.343293E-04  -1.998052E-03  -8.475667E-02  -1.124320E-01   4.114791E-02
           419      G     -3.112306E-05  -1.682540E-03   3.664739E-04  -2.786014E-01   1.543033E-01  -1.921038E-02
           420      G     -2.800502E-04  -4.178339E-04  -5.825860E-03  -1.224204E-02  -4.139440E-02   3.328467E-02
           421      G     -3.372974E-05  -4.915537E-04   5.772188E-04   2.654756E-03   1.394813E-01  -2.197576E-02
           422      G     -2.770250E-04  -3.449915E-04  -1.893911E-03  -1.074867E-01  -6.190757E-02  -3.607379E-04
           423      G     -8.205663E-04  -3.368284E-04  -1.998859E-03  -8.484009E-02   1.125702E-01  -4.106265E-02
           424      G      2.689168E-04   2.968884E-04   1.916814E-03  -2.950769E-01   9.008878E-02   9.084201E-03
           425      G      2.285992E-04  -2.443326E-06   9.401746E-03  -1.925111E-04  -1.539068E-02   5.562863E-05
           426      G      3.222076E-05   7.628511E-04   3.257864E-03  -3.562950E-01   4.936248E-02  -2.815952E-03
           427      G      5.471921E-05  -3.091513E-06   1.306895E-02  -2.210647E-04   1.956066E-01   3.106000E-06
           428      G      7.314692E-08   4.582965E-04   6.621669E-03  -4.957907E-01  -3.153252E-04   2.545966E-05
           429      G     -2.774101E-07  -2.990368E-06   1.905178E-02  -2.336993E-04   5.399912E-05  -8.692920E-06
           430      G      3.714775E-04   3.475622E-04  -2.063786E-03  -1.150120E-01   2.311126E-02   1.884402E-03
           431      G      5.331122E-04  -1.433331E-06   2.192756E-03   1.719354E-04   2.257664E-01  -1.122413E-04
           432      G     -2.694909E-04   2.984550E-04   1.893757E-03  -2.947242E-01  -8.997955E-02  -9.246589E-03
           433      G     -2.293135E-04  -1.903452E-06   9.371511E-03  -1.013559E-04   1.553672E-02  -2.348484E-05
           434      G     -3.225858E-05   7.634443E-04   3.240360E-03  -3.563512E-01  -4.975049E-02   2.779155E-03
           435      G     -5.516238E-05  -2.620294E-06   1.305294E-02  -1.754671E-04  -1.962332E-01  -1.866357E-05
           436      G     -3.710753E-04   3.494804E-04  -2.081288E-03  -1.146738E-01  -2.280484E-02  -1.875354E-03
           437      G     -5.341933E-04  -1.040125E-06   2.173907E-03  -4.132854E-05  -2.251886E-01  -2.981206E-05
           438      G      2.704030E-04  -3.020891E-04   1.910110E-03   2.952359E-01   9.010246E-02  -9.174557E-03
           439      G      3.244145E-05  -7.689315E-04   3.250433E-03   3.565753E-01   4.939737E-02   2.832393E-03
           440      G     -3.602015E-07  -4.643144E-04   6.619241E-03   4.957794E-01  -7.366609E-05   4.463973E-07
           441      G      3.723884E-04  -3.509901E-04  -2.074220E-03   1.148724E-01   2.320143E-02  -1.780610E-03
           442      G     -2.711692E-04  -3.020892E-04   1.894879E-03   2.946262E-01  -9.002695E-02   9.168856E-03
           443      G     -3.318976E-05  -7.687466E-04   3.241448E-03   3.562642E-01  -4.966868E-02  -2.830973E-03
           444      G     -3.731643E-04  -3.514055E-04  -2.082189E-03   1.146765E-01  -2.286154E-02   1.810386E-03
           445      G     -4.686138E-03  -3.990405E-03   1.605552E-03   7.966411E-01  -1.357511E-01  -6.338245E-05
           446      G     -4.068485E-03  -7.384193E-03  -1.136894E-03   8.476272E+00   6.984445E-01  -2.074008E-01
           447      G     -3.239026E-03  -1.632258E-03  -9.601295E-03   1.452993E+01   9.496798E-01  -3.883690E-01
           448      G     -2.156307E-03   2.407501E-03  -3.147067E-03   2.506145E+01   3.472048E-01  -4.597105E-01
1                                                       **STUDENT EDITION*    APRIL  18, 2026  MSC Nastran  3/ 3/26   PAGE    66
     DEFAULT                                                                                                                        
0                                                                                                            SUBCASE 1              
      EIGENVALUE =  4.364458E+06
          CYCLES =  3.324951E+02         R E A L   E I G E N V E C T O R   N O .          6
 
      POINT ID.   TYPE          T1             T2             T3             R1             R2             R3
           449      G     -7.632375E-07   1.789147E-02  -1.689546E-02   2.469566E+01  -1.893992E-04  -1.847586E-04
           450      G      1.941900E-03  -2.475681E-03  -5.110145E-03  -4.498300E-01  -6.905374E+00   3.037066E-01
           451      G      1.952432E-02  -3.831305E-07  -8.537263E-03   1.222001E-04  -1.195668E+01   1.292102E-04
           452      G      4.688731E-03  -3.991833E-03   1.605875E-03   7.966952E-01   1.359064E-01  -1.867695E-05
           453      G      4.071911E-03  -7.384786E-03  -1.142172E-03   8.476455E+00  -6.982047E-01   2.076417E-01
           454      G      3.240880E-03  -1.632847E-03  -9.612103E-03   1.453030E+01  -9.495944E-01   3.884052E-01
           455      G      2.156556E-03   2.407133E-03  -3.156361E-03   2.506166E+01  -3.474205E-01   4.596817E-01
           456      G     -1.940188E-03  -2.476016E-03  -5.117423E-03  -4.497084E-01   6.905388E+00  -3.036672E-01
           457      G     -1.952299E-02   2.274554E-07  -8.543320E-03   1.840611E-06   1.195680E+01  -2.240142E-05
           458      G     -4.685459E-03   3.992552E-03   1.606424E-03  -7.966387E-01  -1.359140E-01  -4.873607E-05
           459      G     -4.068851E-03   7.384827E-03  -1.141438E-03  -8.476505E+00   6.982480E-01   2.075822E-01
           460      G     -3.238602E-03   1.632675E-03  -9.611254E-03  -1.453049E+01   9.495804E-01   3.883306E-01
           461      G     -2.155754E-03  -2.407321E-03  -3.157700E-03  -2.506204E+01   3.472927E-01   4.597143E-01
           462      G      2.422193E-07  -1.789147E-02  -1.690185E-02  -2.469630E+01   5.122623E-06   3.882499E-06
           463      G      1.941827E-03   2.476031E-03  -5.115489E-03   4.497673E-01  -6.905234E+00  -3.035723E-01
           464      G      4.686156E-03   3.992711E-03   1.607798E-03  -7.966898E-01   1.359254E-01   1.925104E-05
           465      G      4.069467E-03   7.384963E-03  -1.140694E-03  -8.476529E+00  -6.982241E-01  -2.075880E-01
           466      G      3.239132E-03   1.632657E-03  -9.610863E-03  -1.453052E+01  -9.495735E-01  -3.883272E-01
           467      G      2.156257E-03  -2.407373E-03  -3.157478E-03  -2.506205E+01  -3.472843E-01  -4.597102E-01
           468      G     -1.940871E-03   2.476646E-03  -5.117007E-03   4.496749E-01   6.905406E+00   3.036282E-01
           469      G     -4.431865E-03  -3.932467E-03  -1.238762E-02  -5.574643E-01  -4.739624E+00   4.226650E-01
           470      G     -7.572751E-03  -9.440906E-03  -7.098694E-01   3.708193E+01  -2.878597E+01   1.921043E-01
           471      G     -8.648006E-03  -1.134302E-02  -1.780728E+00   1.036821E+02  -3.345532E+01   9.793077E-02
           472      G     -6.697806E-03  -9.206521E-03  -2.603741E+00   1.514596E+02  -1.994715E+01   1.233675E-01
           473      G      5.271846E-07  -1.280805E-02  -2.872902E+00   1.661942E+02  -2.216082E-04   6.706965E-05
           474      G     -8.334210E-03  -9.601943E-03  -1.753027E+00   4.212120E+01  -8.230966E+01   3.786204E-01
           475      G     -1.038523E-02  -1.184057E-02  -4.581722E+00   1.137274E+02  -9.069269E+01   2.514884E-01
           476      G     -6.450308E-03  -1.380042E-02  -6.744985E+00   1.720905E+02  -5.382240E+01   1.858590E-01
           477      G      7.291057E-07  -1.805905E-02  -7.493562E+00   1.954337E+02  -2.683868E-04  -2.384414E-06
           478      G      7.207067E-03  -2.275401E-03  -2.156669E-02  -2.708030E-01  -1.488230E+01   5.845340E-01
           479      G     -6.054565E-03  -6.521463E-03  -2.580956E+00   2.648363E+01  -1.191965E+02   1.080856E-01
           480      G     -1.171971E-02  -6.773221E-03  -6.729578E+00   6.922080E+01  -1.364126E+02   6.932707E-02
           481      G     -7.985127E-03  -9.156574E-03  -1.003021E+01   1.081239E+02  -8.680437E+01   2.698914E-01
           482      G     -1.159001E-02   2.377245E-07  -2.870420E+00   1.120736E-04  -1.355373E+02  -2.901366E-05
           483      G     -1.469148E-02   1.316613E-07  -7.514797E+00   2.394438E-04  -1.502867E+02   4.792252E-06
           484      G     -7.201468E-03   5.584166E-09  -1.127368E+01   2.697353E-04  -1.056744E+02   8.613892E-07
           485      G      7.647817E-07  -1.171200E-02  -1.127310E+01   1.271639E+02  -2.156344E-04   3.236398E-06
           486      G      7.056218E-07  -1.488084E-07  -1.275993E+01   2.297906E-04  -1.668230E-04  -5.760499E-07
           487      G      4.434097E-03  -3.933211E-03  -1.239081E-02  -5.572474E-01   4.739737E+00  -4.226404E-01
           488      G      7.574783E-03  -9.441570E-03  -7.098794E-01   3.708217E+01   2.878625E+01  -1.921632E-01
           489      G      8.649679E-03  -1.134379E-02  -1.780745E+00   1.036824E+02   3.345542E+01  -9.793459E-02
           490      G      6.698887E-03  -9.207150E-03  -2.603754E+00   1.514598E+02   1.994674E+01  -1.233466E-01
           491      G      8.335971E-03  -9.602483E-03  -1.753041E+00   4.212131E+01   8.230994E+01  -3.786280E-01
           492      G      1.038684E-02  -1.184120E-02  -4.581741E+00   1.137274E+02   9.069268E+01  -2.514884E-01
           493      G      6.451835E-03  -1.380089E-02  -6.744999E+00   1.720904E+02   5.382204E+01  -1.858469E-01
           494      G     -7.205603E-03  -2.275472E-03  -2.157466E-02  -2.708570E-01   1.488238E+01  -5.845643E-01
           495      G      6.056157E-03  -6.521756E-03  -2.580970E+00   2.648355E+01   1.191966E+02  -1.080874E-01
           496      G      1.172127E-02  -6.773686E-03  -6.729595E+00   6.922068E+01   1.364126E+02  -6.933078E-02
           497      G      7.986653E-03  -9.156901E-03  -1.003022E+01   1.081238E+02   8.680405E+01  -2.698905E-01
           498      G      1.159141E-02   4.411311E-08  -2.870432E+00   4.887964E-06   1.355374E+02  -4.322958E-06
1                                                       **STUDENT EDITION*    APRIL  18, 2026  MSC Nastran  3/ 3/26   PAGE    67
     DEFAULT                                                                                                                        
0                                                                                                            SUBCASE 1              
      EIGENVALUE =  4.364458E+06
          CYCLES =  3.324951E+02         R E A L   E I G E N V E C T O R   N O .          6
 
      POINT ID.   TYPE          T1             T2             T3             R1             R2             R3
           499      G      1.469288E-02  -1.588881E-07  -7.514811E+00   4.096466E-05   1.502866E+02  -4.815888E-06
           500      G      7.202872E-03  -2.204699E-07  -1.127369E+01   1.295463E-04   1.056741E+02  -1.774083E-06
           501      G     -4.431832E-03   3.933654E-03  -1.238960E-02   5.572515E-01  -4.739672E+00  -4.226155E-01
           502      G     -7.572789E-03   9.441544E-03  -7.098778E-01  -3.708205E+01  -2.878628E+01  -1.921271E-01
           503      G     -8.648028E-03   1.134345E-02  -1.780746E+00  -1.036823E+02  -3.345554E+01  -9.791081E-02
           504      G     -6.697679E-03   9.206702E-03  -2.603760E+00  -1.514598E+02  -1.994703E+01  -1.233576E-01
           505      G      3.844606E-07   1.280787E-02  -2.872917E+00  -1.661943E+02  -1.092102E-05  -5.727574E-06
           506      G     -8.334380E-03   9.602509E-03  -1.753036E+00  -4.212118E+01  -8.230994E+01  -3.786290E-01
           507      G     -1.038536E-02   1.184090E-02  -4.581738E+00  -1.137272E+02  -9.069285E+01  -2.514830E-01
           508      G     -6.450457E-03   1.380051E-02  -6.745004E+00  -1.720903E+02  -5.382236E+01  -1.858496E-01
           509      G      5.132439E-07   1.805877E-02  -7.493577E+00  -1.954336E+02  -5.165468E-05  -3.243383E-06
           510      G      7.207066E-03   2.275714E-03  -2.157099E-02   2.709653E-01  -1.488224E+01  -5.845836E-01
           511      G     -6.054738E-03   6.521773E-03  -2.580962E+00  -2.648333E+01  -1.191966E+02  -1.080741E-01
           512      G     -1.171983E-02   6.773549E-03  -6.729588E+00  -6.922042E+01  -1.364127E+02  -6.932804E-02
           513      G     -7.985240E-03   9.156589E-03  -1.003022E+01  -1.081234E+02  -8.680435E+01  -2.698886E-01
           514      G      6.200094E-07   1.171171E-02  -1.127311E+01  -1.271635E+02  -1.032667E-04  -1.593458E-06
           515      G      4.432641E-03   3.933981E-03  -1.238943E-02   5.572019E-01   4.739757E+00   4.226070E-01
           516      G      7.573526E-03   9.441686E-03  -7.098793E-01  -3.708221E+01   2.878628E+01   1.921208E-01
           517      G      8.648798E-03   1.134342E-02  -1.780747E+00  -1.036824E+02   3.345554E+01   9.790222E-02
           518      G      6.698445E-03   9.206653E-03  -2.603761E+00  -1.514599E+02   1.994700E+01   1.233509E-01
           519      G      8.335341E-03   9.602562E-03  -1.753041E+00  -4.212133E+01   8.230998E+01   3.786105E-01
           520      G      1.038634E-02   1.184083E-02  -4.581744E+00  -1.137274E+02   9.069282E+01   2.514773E-01
           521      G      6.451473E-03   1.380042E-02  -6.745007E+00  -1.720904E+02   5.382226E+01   1.858441E-01
           522      G     -7.205905E-03   2.276069E-03  -2.157464E-02   2.708486E-01   1.488239E+01   5.845508E-01
           523      G      6.055897E-03   6.521817E-03  -2.580970E+00  -2.648353E+01   1.191967E+02   1.080705E-01
           524      G      1.172104E-02   6.773359E-03  -6.729597E+00  -6.922061E+01   1.364127E+02   6.931961E-02
           525      G      7.986469E-03   9.156449E-03  -1.003023E+01  -1.081236E+02   8.680418E+01   2.698850E-01
          1000      G     -5.388692E-07   1.955884E-05  -5.167013E-04  -7.481591E-03   1.310605E-05  -3.174785E-04
          1001      G      5.183927E-06  -1.235445E-05  -9.693425E-05   6.654941E-05   4.782665E-05  -1.020700E-02
          1002      G      9.943779E-06   1.731224E-05  -9.813263E-05   8.010941E-05   5.218237E-05  -7.842320E-03
          1003      G     -4.992287E-07  -3.678760E-06   1.167507E-03  -6.670926E-02  -1.195747E-05   2.022762E-06
          1004      G      7.394069E-06   2.253883E-06   1.038036E-03  -4.612381E-02   1.839425E-02   4.711250E-05
          1005      G      1.373012E-05  -3.926151E-06   3.744082E-04  -2.433355E-02   2.798531E-02   2.038482E-04
          1006      G     -3.818841E-07  -5.769716E-08   2.759972E-03  -3.135210E-06  -1.751967E-05   2.472311E-06
          1007      G      1.326573E-05   3.369681E-08   2.114448E-03   5.274548E-06   5.676461E-02   2.103822E-06
          1008      G      3.088200E-05  -5.025257E-09   1.089836E-03   6.919492E-06   4.924737E-03   2.733597E-06
          1009      G      1.081434E-05  -1.644314E-05  -4.825599E-05   1.570352E-05   3.169443E-05  -1.168952E-02
          1010      G      2.384127E-05   4.257238E-05  -4.916284E-05   2.715755E-05   2.295034E-05  -3.955331E-03
          1011      G      2.567340E-05   1.023036E-05  -5.095425E-04   7.974566E-03   3.731710E-02   1.732981E-04
          1012      G      2.936029E-05   2.142323E-06  -1.200681E-03   3.767580E-02   4.658410E-03  -4.234056E-02
          1013      G      2.958520E-05   1.171150E-07  -3.528156E-04  -1.360785E-05   8.975951E-02   5.662562E-06
          1014      G      3.375421E-05   2.245144E-07  -1.718719E-03  -6.875838E-05   5.511332E-03   1.913482E-04
          1015      G     -6.289073E-06  -1.227229E-05  -9.645542E-05   6.634862E-05  -4.637706E-05   9.407683E-03
          1016      G     -1.104088E-05   1.692952E-05  -9.761487E-05   7.978367E-05  -5.074038E-05   7.047027E-03
          1017      G     -8.360280E-06   2.140449E-06   1.037244E-03  -4.610105E-02  -1.843230E-02  -4.163494E-05
          1018      G     -1.470673E-05  -4.294715E-06   3.727163E-04  -2.430388E-02  -2.801258E-02  -2.011982E-04
          1019      G     -1.403979E-05  -7.680636E-08   2.113699E-03   1.192599E-06  -5.678293E-02   1.892263E-06
          1020      G     -3.172574E-05  -1.649753E-07   1.088386E-03   5.773556E-06  -4.961978E-03   1.719225E-06
          1021      G     -1.177971E-05  -1.763015E-05  -4.826349E-05   1.325773E-05  -3.340212E-05   1.179973E-02
          1022      G     -2.524199E-05   4.321137E-05  -4.921399E-05   2.525410E-05  -2.429423E-05   3.803769E-03
1                                                       **STUDENT EDITION*    APRIL  18, 2026  MSC Nastran  3/ 3/26   PAGE    68
     DEFAULT                                                                                                                        
0                                                                                                            SUBCASE 1              
      EIGENVALUE =  4.364458E+06
          CYCLES =  3.324951E+02         R E A L   E I G E N V E C T O R   N O .          6
 
      POINT ID.   TYPE          T1             T2             T3             R1             R2             R3
          1023      G     -2.693621E-05   1.000111E-05  -5.117299E-04   7.955974E-03  -3.731546E-02  -1.708209E-04
          1024      G     -3.061947E-05   1.613350E-06  -1.203571E-03   3.760513E-02  -4.734131E-03   4.175388E-02
          1025      G     -3.039833E-05  -1.841815E-07  -3.538346E-04   1.386338E-05  -8.969423E-02   1.481654E-06
          1026      G     -3.457872E-05  -2.603003E-07  -1.719138E-03  -1.011958E-05  -5.550818E-03  -9.161999E-05
          1027      G     -1.951597E-07  -1.963416E-05  -5.169877E-04   7.489097E-03   7.314436E-08   6.078499E-05
          1028      G      5.604972E-06   1.246961E-05  -9.660696E-05  -6.644072E-05   4.807781E-05   1.009537E-02
          1029      G      1.042141E-05  -1.733481E-05  -9.781218E-05  -8.008079E-05   5.244189E-05   7.702504E-03
          1030      G     -2.599371E-07   3.695550E-06   1.166884E-03   6.672612E-02  -6.474845E-06   1.718880E-06
          1031      G      7.662209E-06  -2.281954E-06   1.037289E-03   4.612650E-02   1.840712E-02  -4.232015E-05
          1032      G      1.405097E-05   4.179621E-06   3.732664E-04   2.434389E-02   2.800284E-02  -2.003311E-04
          1033      G      1.126237E-05   1.747571E-05  -4.822070E-05  -1.431356E-05   3.442022E-05   1.218965E-02
          1034      G      2.480525E-05  -4.340360E-05  -4.919804E-05  -2.632940E-05   2.529572E-05   4.150695E-03
          1035      G      2.624786E-05  -1.019572E-05  -5.107906E-04  -7.921841E-03   3.729781E-02  -1.682254E-04
          1036      G      2.992481E-05  -1.646862E-06  -1.201784E-03  -3.753610E-02   4.677982E-03   4.195962E-02
          1037      G     -5.967740E-06   1.256067E-05  -9.659245E-05  -6.631215E-05  -4.817509E-05  -1.000694E-02
          1038      G     -1.073242E-05  -1.761595E-05  -9.780050E-05  -8.006106E-05  -5.254035E-05  -7.639891E-03
          1039      G     -8.212538E-06  -2.343531E-06   1.036738E-03   4.611108E-02  -1.843564E-02   4.562862E-05
          1040      G     -1.458801E-05   4.094979E-06   3.721823E-04   2.431052E-02  -2.801248E-02   2.060256E-04
          1041      G     -1.146089E-05   1.753888E-05  -4.826784E-05  -1.302123E-05  -3.449897E-05  -1.223141E-02
          1042      G     -2.684250E-05  -1.051371E-05  -5.122086E-04  -7.960638E-03  -3.731561E-02   1.749313E-04
          1043      G     -3.053056E-05  -2.037228E-06  -1.203439E-03  -3.758153E-02  -4.685124E-03  -4.181226E-02
          1044      G     -2.508138E-05  -4.404739E-05  -4.924595E-05  -2.519378E-05  -2.527853E-05  -4.141815E-03
          2000      G     -5.272244E-07  -7.257258E-06  -7.890494E-04   3.490382E-03   3.854529E-06  -8.178026E-04
          2001      G      3.959846E-06  -1.487932E-05  -9.716908E-05   6.845842E-05   4.517117E-05  -1.164695E-02
          2002      G      1.001504E-05   1.501521E-05  -9.809606E-05   7.869145E-05   5.200088E-05  -8.641609E-03
          2003      G     -4.370281E-07  -8.935447E-06   1.171202E-03  -8.942203E-02   9.333101E-04   6.205488E-06
          2004      G      1.056137E-05  -3.708454E-06   1.233447E-03  -5.726961E-02   1.409815E-02   1.059692E-04
          2005      G      1.577037E-05  -4.674229E-06   5.357364E-04  -3.447616E-02   3.379689E-02   2.741348E-04
          2006      G      3.017122E-07  -1.286904E-07   3.213517E-03   4.604876E-06   2.454373E-04   2.481301E-06
          2007      G      1.475927E-05  -6.458695E-08   2.550858E-03   2.082167E-05   6.289109E-02   2.034028E-06
          2008      G      3.372549E-05  -1.689156E-07   1.406889E-03   6.390567E-05   8.674431E-03   3.035465E-06
          2009      G      1.254052E-05  -1.744297E-05  -4.825143E-05   1.602509E-05   3.148367E-05  -1.130619E-02
          2010      G      2.555836E-05   4.130414E-05  -4.926839E-05   2.886858E-05   2.291113E-05  -3.597697E-03
          2011      G      2.750121E-05   9.881135E-06  -4.656595E-04  -7.621473E-04   4.091112E-02   1.493567E-04
          2012      G      3.153142E-05  -8.517881E-07  -1.248756E-03   2.833822E-02   7.120491E-03  -8.369116E-02
          2013      G      3.093650E-05  -1.242825E-07  -2.263204E-04   3.915171E-04   9.983862E-02   8.454599E-06
          2014      G      3.352860E-05  -1.599558E-08  -1.779343E-03   1.184179E-03   9.172361E-03  -4.409091E-03
          2015      G     -5.163082E-06  -1.479027E-05  -9.668005E-05   6.796688E-05  -4.380903E-05   1.077603E-02
          2016      G     -1.127003E-05   1.463177E-05  -9.756795E-05   7.836978E-05  -5.056851E-05   7.744730E-03
          2017      G     -1.132817E-05  -3.829672E-06   1.285613E-03  -5.935483E-02  -1.232776E-02  -9.470061E-05
          2018      G     -1.678567E-05  -5.015640E-06   6.207926E-04  -3.847230E-02  -3.362364E-02  -2.659055E-04
          2019      G     -1.464299E-05  -1.260552E-07   2.641408E-03   8.069544E-06  -5.766875E-02   1.828534E-06
          2020      G     -3.368652E-05  -2.036665E-07   1.576033E-03   1.315500E-05  -8.394467E-03   1.585359E-06
          2021      G     -1.376205E-05  -1.868511E-05  -4.825408E-05   1.354208E-05  -3.297230E-05   1.130874E-02
          2022      G     -2.678109E-05   4.224118E-05  -4.933189E-05   2.702492E-05  -2.417685E-05   3.560396E-03
          2023      G     -2.911439E-05   9.726742E-06  -4.202946E-04  -2.973639E-03  -4.356371E-02  -1.433897E-04
          2024      G     -3.404363E-05  -1.220931E-06  -1.252009E-03   2.819093E-02  -7.437979E-03   7.878448E-02
          2025      G     -3.122614E-05  -2.189101E-07  -1.383732E-04   2.897676E-05  -1.054920E-01   1.091227E-06
          2026      G     -3.359392E-05  -2.803827E-07  -1.780454E-03   1.144552E-05  -9.132812E-03   1.243277E-07
          2027      G     -1.244348E-07   7.074529E-06  -7.897292E-04  -3.490148E-03  -1.873291E-05  -8.528911E-05
1                                                       **STUDENT EDITION*    APRIL  18, 2026  MSC Nastran  3/ 3/26   PAGE    69
     DEFAULT                                                                                                                        
0                                                                                                            SUBCASE 1              
      EIGENVALUE =  4.364458E+06
          CYCLES =  3.324951E+02         R E A L   E I G E N V E C T O R   N O .          6
 
      POINT ID.   TYPE          T1             T2             T3             R1             R2             R3
          2028      G      4.537279E-06   1.498291E-05  -9.684122E-05  -6.829594E-05   4.542035E-05   1.146130E-02
          2029      G      1.072409E-05  -1.504669E-05  -9.777470E-05  -7.861636E-05   5.226622E-05   8.390360E-03
          2030      G     -1.198362E-07   8.845798E-06   1.175800E-03   8.961887E-02   8.634882E-04  -2.813483E-06
          2031      G      1.096278E-05   3.525084E-06   1.240569E-03   5.754627E-02   1.399618E-02  -1.008267E-04
          2032      G      1.636780E-05   4.756537E-06   5.450651E-04   3.490649E-02   3.374049E-02  -2.697746E-04
          2033      G      1.317704E-05   1.849130E-05  -4.821632E-05  -1.464595E-05   3.420698E-05   1.175342E-02
          2034      G      2.633547E-05  -4.246586E-05  -4.930363E-05  -2.796877E-05   2.530995E-05   3.933951E-03
          2035      G      2.866352E-05  -1.006203E-05  -4.586977E-04   1.174718E-03   4.114658E-02  -1.448037E-04
          2036      G      3.331085E-05   1.002562E-06  -1.250091E-03  -2.827626E-02   7.473507E-03   8.108057E-02
          2037      G     -4.818229E-06   1.507678E-05  -9.681720E-05  -6.790480E-05  -4.560152E-05  -1.141534E-02
          2038      G     -1.095517E-05  -1.531830E-05  -9.775335E-05  -7.862319E-05  -5.236886E-05  -8.369120E-03
          2039      G     -1.114066E-05   3.547189E-06   1.288768E-03   5.946262E-02  -1.238615E-02   9.829178E-05
          2040      G     -1.666630E-05   4.767791E-06   6.225607E-04   3.853263E-02  -3.366921E-02   2.704285E-04
          2041      G     -1.343645E-05   1.856948E-05  -4.825840E-05  -1.330600E-05  -3.406833E-05  -1.176036E-02
          2042      G     -2.659312E-05  -4.314245E-05  -4.936408E-05  -2.696491E-05  -2.516398E-05  -3.928842E-03
          2043      G     -2.905582E-05  -1.028260E-05  -4.196896E-04   2.985966E-03  -4.361235E-02   1.476058E-04
          2044      G     -3.403217E-05   7.422780E-07  -1.251695E-03  -2.817973E-02  -7.405393E-03  -7.875376E-02
          3000      G     -1.409341E-06  -2.895036E-04  -1.442532E-03   7.580721E-02   3.854019E-03  -2.283936E-02
          3001      G      1.183125E-05  -2.282905E-04  -1.488490E-03   4.697589E-02  -1.083766E-02   2.631728E-02
          3002      G      3.115155E-05  -2.122672E-04  -8.863637E-04   5.856760E-02  -1.648806E-02  -1.152736E-01
          3003      G     -6.927476E-06  -1.431283E-04   4.014208E-04  -1.441689E-01  -2.290973E-05  -9.113651E-05
          3004      G      5.196612E-05  -1.450306E-04   9.525155E-05  -1.062135E-01   1.578794E-02   7.651632E-04
          3005      G      1.018307E-04  -9.700555E-05  -4.977043E-04  -6.780859E-02   2.970689E-02   1.729085E-03
          3006      G     -7.260346E-06  -1.305631E-05   4.118403E-03   1.470127E-04  -3.594461E-04  -4.312773E-05
          3007      G      6.629308E-05  -1.542143E-05   2.918309E-03   2.083540E-03   8.267209E-02  -3.708149E-05
          3008      G      1.349998E-04  -1.642536E-05   1.428085E-03   5.599977E-04   1.833321E-02  -1.911395E-05
          3009      G      4.972362E-05  -6.941285E-05  -4.917194E-04   3.675610E-02  -7.692034E-03  -4.966823E-02
          3010      G      1.010274E-04   1.212387E-04  -1.692430E-04   2.186061E-02  -1.076532E-02  -8.927611E-02
          3011      G      1.494162E-04  -2.989463E-05  -1.011422E-03  -1.533465E-02   9.365768E-03   1.585182E-03
          3012      G      1.486822E-04   4.013933E-06  -1.370543E-03   2.800811E-02   1.667620E-02  -7.278595E-03
          3013      G      1.497040E-04  -1.722769E-05  -3.468806E-04   2.074945E-03   1.027598E-01   2.033048E-05
          3014      G      1.631410E-04  -1.607935E-05  -1.992318E-03   3.285200E-03   2.254322E-02  -4.686422E-03
          3015      G     -1.765822E-05  -2.114915E-04  -1.498698E-03   4.588076E-02   9.099430E-03  -3.766481E-02
          3016      G     -4.073718E-05  -2.086690E-04  -8.958322E-04   6.079828E-02   1.545463E-02   1.270874E-01
          3017      G     -6.364962E-05  -1.391219E-04   4.855862E-05  -1.041701E-01  -1.666328E-02  -9.162478E-04
          3018      G     -1.130204E-04  -8.646957E-05  -5.578237E-04  -6.803929E-02  -3.037221E-02  -1.802974E-03
          3019      G     -8.068531E-05  -1.142201E-05   2.864540E-03   2.951893E-04  -8.432524E-02  -5.988467E-05
          3020      G     -1.482902E-04  -8.582029E-06   1.351627E-03   4.684167E-04  -1.891603E-02  -6.289339E-05
          3021      G     -6.149668E-05  -5.690528E-05  -4.907825E-04   3.561339E-02   7.066911E-03   5.043493E-02
          3022      G     -1.154526E-04   1.398332E-04  -1.759815E-04   1.998307E-02   1.449657E-02   8.202461E-02
          3023      G     -1.624201E-04  -1.859404E-05  -1.026047E-03  -1.426351E-02  -6.666342E-03  -1.605407E-03
          3024      G     -1.613315E-04   1.631685E-05  -1.372930E-03   2.858052E-02  -1.764755E-02   6.387364E-03
          3025      G     -1.619993E-04  -7.094872E-06  -3.828508E-04   3.575332E-04  -1.000615E-01  -5.473023E-05
          3026      G     -1.750927E-04  -5.363059E-06  -1.993834E-03   6.575512E-05  -2.308054E-02  -2.175079E-03
          3027      G     -9.017192E-06   2.694121E-04  -1.441722E-03  -7.613372E-02  -2.615168E-05   3.958523E-03
          3028      G      7.955906E-06   1.870920E-04  -1.493467E-03  -4.424059E-02  -1.039268E-02  -2.995127E-02
          3029      G      3.180336E-05   1.872240E-04  -8.880305E-04  -5.929586E-02  -1.538750E-02   1.374752E-01
          3030      G     -7.870251E-06   1.152503E-04   4.032332E-04   1.451364E-01   6.636647E-05  -4.159598E-05
          3031      G      5.104681E-05   1.152176E-04   8.456827E-05   1.042543E-01   1.551609E-02  -8.477093E-04
          3032      G      1.015028E-04   6.284601E-05  -5.010039E-04   6.945416E-02   2.980618E-02  -1.755042E-03
1                                                       **STUDENT EDITION*    APRIL  18, 2026  MSC Nastran  3/ 3/26   PAGE    70
     DEFAULT                                                                                                                        
0                                                                                                            SUBCASE 1              
      EIGENVALUE =  4.364458E+06
          CYCLES =  3.324951E+02         R E A L   E I G E N V E C T O R   N O .          6
 
      POINT ID.   TYPE          T1             T2             T3             R1             R2             R3
          3033      G      5.270349E-05   3.629550E-05  -4.858070E-04  -3.433873E-02  -7.372697E-03   5.831457E-02
          3034      G      1.055110E-04  -1.591061E-04  -1.736525E-04  -1.964821E-02  -1.428070E-02   9.234102E-02
          3035      G      1.522461E-04  -3.069875E-06  -1.004932E-03   1.443296E-02   9.343762E-03  -1.552533E-03
          3036      G      1.531233E-04  -3.667695E-05  -1.378579E-03  -2.877397E-02   1.620764E-02   1.983546E-02
          3037      G     -2.574010E-05   1.904153E-04  -1.494856E-03  -4.459172E-02   1.033824E-02   3.788259E-02
          3038      G     -4.898339E-05   1.923727E-04  -8.903411E-04  -5.982896E-02   1.530709E-02  -1.297001E-01
          3039      G     -6.664187E-05   1.185109E-04   6.154850E-05   1.038724E-01  -1.698920E-02   7.697198E-04
          3040      G     -1.166442E-04   6.895675E-05  -5.527394E-04   6.754806E-02  -3.028274E-02   1.684009E-03
          3041      G     -6.947322E-05   4.356581E-05  -4.865640E-04  -3.468889E-02   7.196757E-03  -5.087360E-02
          3042      G     -1.226410E-04  -1.492234E-04  -1.730283E-04  -1.969809E-02   1.417132E-02  -8.453924E-02
          3043      G     -1.663669E-04   5.195736E-06  -1.023635E-03   1.382116E-02  -6.979828E-03   1.491170E-03
          3044      G     -1.658124E-04  -2.703914E-05  -1.373236E-03  -2.847794E-02  -1.747763E-02  -1.073153E-02
          4000      G      1.930516E-07  -4.077029E-04  -7.392763E-04   3.464359E-01  -4.973014E-04   1.445533E-03
          4001      G     -3.197652E-06   2.859687E-04  -5.851990E-03   1.182213E-02   4.137724E-02  -3.373393E-01
          4002      G     -5.880006E-05  -4.973128E-04  -7.418543E-04   2.779188E-01  -1.539754E-01   5.854801E-01
          4003      G      3.615140E-07   3.693095E-05   5.694229E-03  -5.388628E-01  -4.333174E-04   2.352521E-06
          4004      G     -2.665881E-05  -1.433449E-04   3.151335E-03  -3.680404E-01   5.033906E-02  -7.697140E-04
          4005      G     -5.562550E-05  -5.885679E-05   1.146037E-03  -3.045845E-01   1.719420E-01   4.582590E-04
          4006      G      1.720623E-07  -1.118878E-06   1.905277E-02  -2.336756E-04   5.397385E-05   5.401963E-07
          4007      G      1.766413E-05  -9.612528E-07   1.321342E-02  -1.389760E-04   3.190344E-01   2.001601E-06
          4008      G      9.291774E-05  -8.986670E-07   9.401851E-03  -1.924791E-04  -1.537639E-02   3.221734E-06
          4009      G     -1.258709E-04  -6.768067E-05  -2.191226E-03   1.068521E-01   6.210433E-02  -4.415052E-01
          4010      G     -2.309954E-04  -3.065569E-04   2.955380E-05  -3.502822E-03  -1.392648E-01   4.388363E-01
          4011      G     -2.879278E-05  -1.927781E-04  -2.835315E-03  -1.061396E-01   4.912340E-02   1.823121E-03
          4012      G     -6.605851E-05  -2.027222E-05  -2.438516E-03   8.489538E-02  -1.121179E-01  -1.188473E-01
          4013      G      1.114040E-04  -7.020647E-07   1.887122E-03   6.120537E-05   4.433567E-01   2.963511E-06
          4014      G      2.244110E-04  -6.685167E-07  -2.943569E-03   1.017074E-06  -9.068100E-02  -5.611384E-04
          4015      G      3.770117E-06   2.855904E-04  -5.867921E-03   1.201757E-02  -4.143307E-02   3.364465E-01
          4016      G      5.956234E-05  -4.980176E-04  -7.526147E-04   2.782543E-01   1.542173E-01  -5.882564E-01
          4017      G      2.731694E-05  -1.436098E-04   3.131922E-03  -3.680940E-01  -5.076167E-02   7.721176E-04
          4018      G      5.622913E-05  -5.919596E-05   1.121918E-03  -3.042773E-01  -1.719143E-01  -4.595558E-04
          4019      G     -1.721815E-05  -1.093122E-06   1.319651E-02  -1.181101E-04  -3.201418E-01  -1.458001E-06
          4020      G     -9.246192E-05  -1.093746E-06   9.371614E-03  -1.013414E-04   1.552244E-02  -3.064658E-06
          4021      G      1.266304E-04  -6.801467E-05  -2.197927E-03   1.072209E-01  -6.191227E-02   4.429911E-01
          4022      G      2.317762E-04  -3.069107E-04   2.799944E-05  -2.866508E-03   1.392400E-01  -4.387396E-01
          4023      G      2.942646E-05  -1.931038E-04  -2.853820E-03  -1.058584E-01  -4.871436E-02  -1.826367E-03
          4024      G      6.676085E-05  -2.043426E-05  -2.447319E-03   8.486817E-02   1.122803E-01   1.175451E-01
          4025      G     -1.108962E-04  -9.692369E-07   1.867283E-03  -4.517873E-05  -4.427044E-01  -4.814129E-06
          4026      G     -2.238279E-04  -8.362480E-07  -2.950036E-03  -1.913267E-05   9.084397E-02  -3.837540E-04
          4027      G      2.401807E-07   4.057554E-04  -7.456331E-04  -3.469082E-01   1.132433E-05  -1.531077E-04
          4028      G     -2.909029E-06  -2.876911E-04  -5.868123E-03  -1.233227E-02   4.141389E-02   3.383993E-01
          4029      G     -5.840239E-05   4.960578E-04  -7.525405E-04  -2.784428E-01  -1.542735E-01  -5.862422E-01
          4030      G      2.457934E-07  -3.902231E-05   5.688184E-03   5.392800E-01  -1.914253E-04   1.254542E-06
          4031      G     -2.666901E-05   1.414881E-04   3.139152E-03   3.685902E-01   5.041179E-02   7.758878E-04
          4032      G     -5.551157E-05   5.723603E-05   1.135978E-03   3.050614E-01   1.718415E-01  -4.512028E-04
          4033      G     -1.252672E-04   6.630123E-05  -2.197432E-03  -1.073572E-01   6.186435E-02   4.450932E-01
          4034      G     -2.303743E-04   3.056595E-04   2.792365E-05   2.851646E-03  -1.393351E-01  -4.367916E-01
          4035      G     -2.866870E-05   1.914080E-04  -2.846326E-03   1.062492E-01   4.917606E-02  -1.815205E-03
          4036      G     -6.595762E-05   1.908965E-05  -2.446621E-03  -8.477165E-02  -1.123638E-01   1.187619E-01
          4037      G      3.399577E-06  -2.876917E-04  -5.868063E-03  -1.234676E-02  -4.139164E-02  -3.386771E-01
1                                                       **STUDENT EDITION*    APRIL  18, 2026  MSC Nastran  3/ 3/26   PAGE    71
     DEFAULT                                                                                                                        
0                                                                                                            SUBCASE 1              
      EIGENVALUE =  4.364458E+06
          CYCLES =  3.324951E+02         R E A L   E I G E N V E C T O R   N O .          6
 
      POINT ID.   TYPE          T1             T2             T3             R1             R2             R3
          4038      G      5.887075E-05   4.959405E-04  -7.520728E-04  -2.784321E-01   1.543005E-01   5.860662E-01
          4039      G      2.711338E-05   1.413986E-04   3.129645E-03   3.682128E-01  -5.065436E-02  -7.740216E-04
          4040      G      5.592717E-05   5.706592E-05   1.121245E-03   3.043219E-01  -1.719039E-01   4.531292E-04
          4041      G      1.256943E-04   6.609557E-05  -2.197532E-03  -1.075121E-01  -6.189918E-02  -4.453881E-01
          4042      G      2.307065E-04   3.051002E-04   2.807772E-05   2.698348E-03   1.394488E-01   4.372616E-01
          4043      G      2.903813E-05   1.911239E-04  -2.855745E-03   1.059302E-01  -4.875609E-02   1.815848E-03
          4044      G      6.633092E-05   1.880152E-05  -2.447984E-03  -8.485506E-02   1.125020E-01  -1.180750E-01
1                                                       **STUDENT EDITION*    APRIL  18, 2026  MSC Nastran  3/ 3/26   PAGE    72
     DEFAULT                                                                                                                        
0                                                                                                            SUBCASE 1              
      EIGENVALUE =  6.202769E+06
          CYCLES =  3.963811E+02         R E A L   E I G E N V E C T O R   N O .          7
 
      POINT ID.   TYPE          T1             T2             T3             R1             R2             R3
             1      G      0.0            0.0            0.0            0.0            0.0            0.0
             2      G      0.0            0.0            0.0            0.0            0.0            0.0
             3      G      0.0            0.0            0.0            0.0            0.0            0.0
             4      G      0.0            0.0            0.0            0.0            0.0            0.0
             5      G      0.0            0.0            0.0            0.0            0.0            0.0
             6      G      0.0            0.0            0.0            0.0            0.0            0.0
             7      G      0.0            0.0            0.0            0.0            0.0            0.0
             8      G      0.0            0.0            0.0            0.0            0.0            0.0
            10      G     -2.565048E-05   1.848053E-04   4.764720E-04   2.489473E-04   1.400570E-04  -1.271987E-02
            11      G     -2.495717E-05  -1.854570E-04   4.766571E-04  -2.474431E-04   1.427196E-04   1.278777E-02
            12      G     -8.834910E-06  -1.013735E-06   1.836635E-04   1.630581E-04   1.211020E-04   3.613077E-03
            13      G     -7.645145E-06   1.044963E-06   1.840963E-04  -1.633420E-04   1.253822E-04  -3.504295E-03
            14      G     -8.515810E-06   9.178373E-07  -1.838591E-04  -1.622916E-04   1.226818E-04   3.586885E-03
            15      G     -8.486734E-06  -6.769997E-07  -1.839099E-04   1.624432E-04   1.232619E-04  -3.555512E-03
            16      G     -2.464748E-05  -1.825180E-04  -4.763585E-04  -2.549852E-04   1.433063E-04  -1.266916E-02
            17      G     -2.575652E-05   1.824921E-04  -4.779132E-04   2.643309E-04   1.389264E-04   1.245360E-02
           100      G      5.407989E-04   1.654987E-04  -5.898280E-02   1.881577E+00   1.404620E-01   1.297724E-02
           101      G      8.379369E-04   9.898809E-07  -1.090842E-01   9.048177E-05  -1.145477E-01   8.196445E-05
           102      G      5.461076E-04  -1.518739E-04  -3.313288E-02   1.013997E+00   1.062129E+00  -1.295635E-03
           103      G     -5.229437E-04   3.388294E-07  -5.785551E-02   8.783656E-06   2.308988E+00   3.671618E-06
           104      G      3.145110E-04   1.829120E-07   1.132535E-06   1.837623E-04   7.090078E-01  -7.506389E-03
           105      G     -2.402940E-04   4.793782E-08  -8.839052E-06   2.632105E-05   1.140170E-01   7.117883E-06
           106      G     -3.515307E-05  -6.750284E-05  -1.874449E-04   1.624432E-04   1.232619E-04  -3.555512E-03
           107      G     -3.515307E-05   2.738488E-05  -1.841554E-04   1.624432E-04   1.232619E-04  -3.555512E-03
           108      G      8.834448E-05   4.027774E-07   2.803844E-06   5.393306E-05  -4.874374E-02   1.117056E-02
           109      G      6.764549E-05   2.758941E-04  -4.809376E-04   2.643309E-04   1.389264E-04   1.245360E-02
           110      G      1.125970E-03   1.669345E-03  -1.094214E-02   2.424061E-01  -1.710356E-01  -1.964103E-01
           111      G      6.764549E-05  -7.202837E-05  -4.770564E-04   2.643309E-04   1.389264E-04   1.245360E-02
           112      G      6.712335E-04  -1.527187E-05  -3.771321E-02   1.131429E+00  -1.159129E+00   2.462784E-02
           113      G      1.629735E-03   5.496403E-06  -1.536372E-02  -1.089273E-04  -2.806099E-01   1.371975E-03
           114      G      1.983410E-03   2.659651E-06  -6.539224E-02   3.662722E-04  -1.930641E+00  -2.087928E-04
           115      G      5.418365E-04  -1.646402E-04   5.899472E-02  -1.881318E+00   1.408130E-01   1.296797E-02
           116      G      8.382225E-04  -3.779167E-07   1.090777E-01   3.073867E-05  -1.144819E-01   5.366199E-06
           117      G      5.466214E-04   1.520565E-04   3.313703E-02  -1.013678E+00   1.062320E+00  -1.306901E-03
           118      G     -5.228587E-04  -1.588860E-07   5.784262E-02   1.734930E-05   2.309215E+00   8.803678E-06
           119      G     -3.392736E-05   6.690817E-05   1.876779E-04  -1.633420E-04   1.253822E-04  -3.504295E-03
           120      G     -3.392736E-05  -2.661269E-05   1.843318E-04  -1.633420E-04   1.253822E-04  -3.504295E-03
           121      G      7.095109E-05  -2.813653E-04   4.795833E-04  -2.474431E-04   1.427196E-04   1.278777E-02
           122      G      1.126414E-03  -1.666784E-03   1.096919E-02  -2.423475E-01  -1.708700E-01  -1.977401E-01
           123      G      7.095109E-05   7.589302E-05   4.755961E-04  -2.474431E-04   1.427196E-04   1.278777E-02
           124      G      6.724656E-04   1.552774E-05   3.773481E-02  -1.131515E+00  -1.158884E+00   2.459554E-02
           125      G      1.629927E-03  -1.346819E-06   1.536714E-02  -7.152401E-05  -2.805091E-01  -6.022510E-05
           126      G      1.983788E-03  -6.511613E-07   6.539063E-02   5.460739E-05  -1.930526E+00   3.488212E-05
           127      G      5.418361E-04  -1.636812E-04  -5.899410E-02  -1.881444E+00   1.408918E-01  -1.302339E-02
           128      G      5.465915E-04   1.526064E-04  -3.313879E-02  -1.013876E+00   1.062157E+00   1.309474E-03
           129      G      3.145730E-04  -7.360711E-09  -4.640366E-06  -9.566076E-05   7.090824E-01   7.510794E-03
           130      G     -3.541745E-05   6.833334E-05  -1.873821E-04  -1.622916E-04   1.226818E-04   3.586885E-03
           131      G     -3.541745E-05  -2.739166E-05  -1.841080E-04  -1.622916E-04   1.226818E-04   3.586885E-03
           132      G      8.767187E-05   1.763920E-07  -1.810221E-06   4.530703E-05  -4.872133E-02  -1.124789E-02
           133      G      7.037121E-05  -2.775367E-04  -4.793457E-04  -2.549852E-04   1.433063E-04  -1.266916E-02
1                                                       **STUDENT EDITION*    APRIL  18, 2026  MSC Nastran  3/ 3/26   PAGE    73
     DEFAULT                                                                                                                        
0                                                                                                            SUBCASE 1              
      EIGENVALUE =  6.202769E+06
          CYCLES =  3.963811E+02         R E A L   E I G E N V E C T O R   N O .          7
 
      POINT ID.   TYPE          T1             T2             T3             R1             R2             R3
           134      G      1.125788E-03  -1.658699E-03  -1.095937E-02  -2.420467E-01  -1.707184E-01   1.980905E-01
           135      G      7.037121E-05   7.640793E-05  -4.753421E-04  -2.549852E-04   1.433063E-04  -1.266916E-02
           136      G      6.722549E-04   1.852682E-05  -3.773088E-02  -1.131580E+00  -1.159239E+00  -2.453294E-02
           137      G      5.415640E-04   1.641897E-04   5.899173E-02   1.881502E+00   1.407955E-01  -1.302703E-02
           138      G      5.464302E-04  -1.525717E-04   3.313374E-02   1.013791E+00   1.062348E+00   1.301071E-03
           139      G     -3.593299E-05  -6.892151E-05   1.871625E-04   1.630581E-04   1.211020E-04   3.613077E-03
           140      G     -3.593299E-05   2.750248E-05   1.839306E-04   1.630581E-04   1.211020E-04   3.613077E-03
           141      G      6.974856E-05   2.802044E-04   4.793895E-04   2.489473E-04   1.400570E-04  -1.271987E-02
           142      G      1.125588E-03   1.665062E-03   1.096969E-02   2.424110E-01  -1.707036E-01   1.976991E-01
           143      G      6.974856E-05  -7.515706E-05   4.754767E-04   2.489473E-04   1.400570E-04  -1.271987E-02
           144      G      6.719993E-04  -1.675703E-05   3.773225E-02   1.131553E+00  -1.158839E+00  -2.459117E-02
           200      G      7.202167E-05   2.675677E-04  -4.809376E-04   2.643309E-04   1.389264E-04   1.245360E-02
           201      G      7.202167E-05  -8.035480E-05  -4.770564E-04   2.643309E-04   1.389264E-04   1.245360E-02
           202      G     -3.127032E-05  -7.261980E-05  -1.874449E-04   1.624432E-04   1.232619E-04  -3.555512E-03
           203      G     -3.127032E-05   2.226792E-05  -1.841554E-04   1.624432E-04   1.232619E-04  -3.555512E-03
           204      G     -1.407018E-04  -8.451700E-07   4.407417E-06  -7.086164E-05  -8.917668E-03  -1.713294E-02
           205      G      3.195199E-04   2.027990E-04  -1.133217E-02   2.045750E-01  -2.971926E-02  -3.725744E-02
           206      G      3.595694E-04   3.301905E-05  -1.553446E-02   6.760286E-03  -5.973462E-02   1.119543E-02
           207      G      7.544676E-05  -2.735708E-04   4.795833E-04  -2.474431E-04   1.427196E-04   1.278777E-02
           208      G      7.544676E-05   8.368748E-05   4.755961E-04  -2.474431E-04   1.427196E-04   1.278777E-02
           209      G     -2.997782E-05   7.205345E-05   1.876779E-04  -1.633420E-04   1.253822E-04  -3.504295E-03
           210      G     -2.997782E-05  -2.146742E-05   1.843318E-04  -1.633420E-04   1.253822E-04  -3.504295E-03
           211      G      2.798764E-04  -2.162983E-04   1.136741E-02  -1.856971E-01  -2.278505E-02  -5.252531E-02
           212      G      3.776725E-04  -3.042082E-06   1.553564E-02   1.285766E-04  -5.769180E-02  -5.108298E-05
           213      G      7.488536E-05  -2.695047E-04  -4.793457E-04  -2.549852E-04   1.433063E-04  -1.266916E-02
           214      G      7.488536E-05   8.443996E-05  -4.753421E-04  -2.549852E-04   1.433063E-04  -1.266916E-02
           215      G     -3.155297E-05   7.344552E-05  -1.873821E-04  -1.622916E-04   1.226818E-04   3.586885E-03
           216      G     -3.155297E-05  -2.227947E-05  -1.841080E-04  -1.622916E-04   1.226818E-04   3.586885E-03
           217      G     -1.437899E-04   3.220343E-06  -1.958337E-06   5.887498E-04  -9.281617E-03   1.744912E-02
           218      G      3.105393E-04  -1.947607E-04  -1.136271E-02  -1.867101E-01  -2.716685E-02   5.551266E-02
           219      G      7.416035E-05   2.723625E-04   4.793895E-04   2.489473E-04   1.400570E-04  -1.271987E-02
           220      G      7.416035E-05  -8.299890E-05   4.754767E-04   2.489473E-04   1.400570E-04  -1.271987E-02
           221      G     -3.211827E-05  -7.405784E-05   1.871625E-04   1.630581E-04   1.211020E-04   3.613077E-03
           222      G     -3.211827E-05   2.236615E-05   1.839306E-04   1.630581E-04   1.211020E-04   3.613077E-03
           223      G      2.796060E-04   2.106612E-04   1.136893E-02   1.858413E-01  -2.283781E-02   5.216967E-02
           224      G      5.374887E-05   9.625490E-05  -3.079160E-02   9.329619E-01   1.139206E-01   2.111581E-03
           225      G      5.494835E-05   4.073557E-06  -5.527503E-02   8.353301E-04   1.141455E-02   3.079565E-04
           226      G      3.729200E-05  -5.181314E-05  -1.733192E-02   5.073272E-01   5.494823E-01  -2.072557E-03
           227      G     -5.370430E-04   1.596172E-06  -2.957963E-02  -8.861908E-05   1.134270E+00  -7.462277E-06
           228      G     -2.761628E-05   2.682844E-06  -4.064279E-04   1.122129E-02   3.786471E-01   1.960615E-04
           229      G     -4.197678E-04   7.727694E-07  -6.880294E-04   1.996285E-04   1.173680E-01   4.503753E-05
           230      G      1.299802E-04   1.508169E-05  -2.246486E-02   6.055214E-01  -4.814925E-01   3.487364E-03
           231      G      5.065965E-04   4.509594E-06  -3.707426E-02   6.171402E-03  -8.099753E-01  -2.019426E-03
           232      G      3.850508E-05  -1.015915E-04   3.061879E-02  -9.294827E-01   1.166938E-01   1.816784E-03
           233      G      2.905358E-05  -2.990570E-07   5.516781E-02   3.412810E-05   1.778031E-02   2.261056E-05
           234      G      3.110209E-05   4.928382E-05   1.680395E-02  -4.928394E-01   5.641997E-01  -2.093406E-03
           235      G     -5.565201E-04   2.114712E-07   2.877711E-02   6.007413E-05   1.159716E+00   9.264050E-06
           236      G      1.281547E-04  -4.744958E-06   2.242848E-02  -5.986711E-01  -5.024783E-01   2.947821E-03
           237      G      4.049630E-04  -1.466519E-06   3.711687E-02   1.017835E-04  -8.833843E-01   7.905503E-05
           238      G      5.540625E-05  -9.086570E-05  -3.076927E-02  -9.265815E-01   1.169617E-01  -2.254682E-03
1                                                       **STUDENT EDITION*    APRIL  18, 2026  MSC Nastran  3/ 3/26   PAGE    74
     DEFAULT                                                                                                                        
0                                                                                                            SUBCASE 1              
      EIGENVALUE =  6.202769E+06
          CYCLES =  3.963811E+02         R E A L   E I G E N V E C T O R   N O .          7
 
      POINT ID.   TYPE          T1             T2             T3             R1             R2             R3
           239      G      3.855609E-05   5.443251E-05  -1.729578E-02  -5.031259E-01   5.480410E-01   2.104878E-03
           240      G     -2.654591E-05  -9.198342E-07  -3.904019E-04  -9.765883E-03   3.784260E-01  -3.441238E-04
           241      G      1.314101E-04  -4.980640E-07  -2.249635E-02  -5.969068E-01  -4.822254E-01  -3.446961E-03
           242      G      3.877032E-05   1.011772E-04   3.062596E-02   9.301632E-01   1.166066E-01  -1.884410E-03
           243      G      3.115587E-05  -4.875226E-05   1.681573E-02   4.939259E-01   5.638994E-01   2.101323E-03
           244      G      1.283741E-04   2.630418E-06   2.243244E-02   5.990180E-01  -5.026099E-01  -2.908586E-03
           300      G     -1.017758E-04   1.116398E-04  -1.801605E-03   3.356365E-02   4.163019E-02   1.924410E-02
           301      G     -3.437995E-04  -2.657406E-04  -1.680374E-03  -9.326907E-02   2.638307E-02   1.375956E-02
           302      G     -7.566778E-04  -2.043001E-05  -2.862492E-06   7.201547E-03   1.111586E-01  -9.971504E-02
           303      G      4.811761E-04   1.122401E-03  -2.237595E-03   5.130917E-02   6.001119E-02   2.594119E-02
           304      G      3.010292E-05   3.516212E-04  -2.224033E-03  -1.314834E-01  -4.037727E-02  -3.072470E-03
           305      G      1.380081E-03   6.764563E-04  -1.231221E-02   2.406911E-01   1.137647E-01  -4.164519E-02
           306      G      1.793287E-03   8.669678E-05  -1.692575E-02   1.938639E-02   1.175158E-01   3.065130E-02
           307      G     -7.413711E-05  -2.043075E-04   1.786856E-03  -2.560274E-02   6.359126E-02   1.796414E-02
           308      G     -3.437722E-04   2.196711E-04   1.706549E-03   1.163283E-01   3.224012E-02   1.465396E-02
           309      G      6.309269E-04  -1.297696E-03   2.223002E-03  -4.022376E-02   6.224009E-02   1.846243E-02
           310      G      7.763756E-05  -3.610744E-04   2.264583E-03   1.802059E-01  -7.200680E-02  -4.472596E-03
           311      G      1.415110E-03  -7.054346E-04   1.237006E-02  -2.497817E-01   1.163158E-01  -6.550088E-02
           312      G      1.812054E-03  -8.426836E-06   1.694075E-02   7.902227E-04   1.168497E-01  -2.031946E-04
           313      G     -8.871695E-05  -2.083757E-04  -1.787819E-03  -2.092690E-02   6.430776E-02  -1.839116E-02
           314      G     -3.765621E-04   2.122456E-04  -1.712159E-03   1.195926E-01   2.961389E-02  -1.653787E-02
           315      G     -8.283913E-04  -3.912699E-05   2.059604E-06   7.112160E-03   1.210125E-01   1.056817E-01
           316      G      6.310611E-04  -1.258925E-03  -2.226591E-03  -3.756336E-02   6.516220E-02  -1.679033E-02
           317      G      7.388617E-05  -3.396832E-04  -2.267563E-03   1.877094E-01  -7.254357E-02   4.301068E-03
           318      G      1.417354E-03  -6.480870E-04  -1.237256E-02  -2.514020E-01   1.139484E-01   7.246699E-02
           319      G     -1.044025E-04   1.557438E-04   1.794096E-03   3.625351E-02   6.428541E-02  -1.918762E-02
           320      G     -3.840494E-04  -2.818601E-04   1.708188E-03  -1.035234E-01   2.990802E-02  -1.705132E-02
           321      G      6.017407E-04   1.275235E-03   2.223649E-03   4.381935E-02   5.879009E-02  -1.919107E-02
           322      G      5.025493E-05   3.220087E-04   2.266988E-03  -1.703504E-01  -7.185941E-02   3.585210E-03
           323      G      1.402014E-03   6.877606E-04   1.237203E-02   2.506483E-01   1.158682E-01   6.512976E-02
           324      G      1.059297E-03  -3.285235E-05   1.780448E-02  -5.447323E-01   4.723288E-02   2.298980E-02
           325      G      1.486265E-03  -4.009149E-05   2.763345E-02   1.105767E-02   1.258459E-01   9.816916E-04
           326      G      8.720020E-04   5.865620E-05   1.279862E-02  -3.021294E-01  -2.732590E-01   1.202574E-02
           327      G      1.720424E-03  -4.065086E-05   1.685790E-02   1.319000E-02  -5.815393E-01  -4.261514E-04
           328      G      9.406194E-04  -3.172710E-05   1.133451E-04  -1.208919E-03  -3.719987E-01   6.111664E-02
           329      G      1.525315E-03  -3.657768E-05   1.163145E-04   7.743433E-03   7.576131E-02   9.300535E-05
           330      G      1.316299E-03   3.117203E-04   4.411874E-03  -9.361678E-02   7.270610E-01   1.406329E-02
           331      G      1.353393E-03  -1.837815E-05   6.125290E-03   3.043101E-02   8.844936E-01  -4.120482E-03
           332      G      1.097126E-03  -2.855548E-05  -1.780253E-02   5.523927E-01   4.094600E-02   2.306539E-02
           333      G      1.504389E-03  -2.331954E-05  -2.781825E-02   5.814186E-03   1.257449E-01  -3.202330E-04
           334      G      8.963697E-04  -1.257243E-04  -1.262285E-02   2.955418E-01  -2.704611E-01   1.207538E-02
           335      G      1.732251E-03  -3.166803E-05  -1.678854E-02   7.885511E-03  -5.895432E-01  -3.606728E-04
           336      G      1.381536E-03  -3.795895E-04  -4.552567E-03   6.726616E-02   7.236035E-01   1.359249E-02
           337      G      1.369954E-03  -1.646779E-05  -6.236132E-03   3.783958E-03   8.877403E-01  -3.973718E-04
           338      G      1.086369E-03  -3.772444E-05   1.777919E-02   5.489726E-01   4.571481E-02  -2.302020E-02
           339      G      8.836990E-04  -1.445167E-04   1.276664E-02   2.949280E-01  -2.651730E-01  -1.220607E-02
           340      G      9.413722E-04  -3.999294E-05   8.602738E-05   2.437995E-03  -3.748484E-01  -6.354402E-02
           341      G      1.379688E-03  -3.582394E-04   4.432745E-03   5.505619E-02   7.236886E-01  -1.292257E-02
           342      G      1.080670E-03  -2.139492E-05  -1.784401E-02  -5.530631E-01   4.199435E-02  -2.314555E-02
           343      G      8.820690E-04   7.237858E-05  -1.269821E-02  -2.968990E-01  -2.691599E-01  -1.251416E-02
1                                                       **STUDENT EDITION*    APRIL  18, 2026  MSC Nastran  3/ 3/26   PAGE    75
     DEFAULT                                                                                                                        
0                                                                                                            SUBCASE 1              
      EIGENVALUE =  6.202769E+06
          CYCLES =  3.963811E+02         R E A L   E I G E N V E C T O R   N O .          7
 
      POINT ID.   TYPE          T1             T2             T3             R1             R2             R3
           344      G      1.366069E-03   3.455728E-04  -4.564393E-03  -6.925483E-02   7.244324E-01  -1.404098E-02
           400      G     -5.655417E-04   5.513027E-03  -4.130622E-03   1.313563E+00  -9.305838E-01  -4.060852E-02
           401      G     -1.587756E-03   1.792510E-02  -4.316662E-03   3.174029E+00  -9.537370E-01  -1.158890E-01
           402      G     -2.459837E-04  -7.713696E-06   8.553231E-06  -8.757106E-04  -8.142258E-01   6.962089E-01
           403      G     -3.109823E-03  -1.611028E-03  -1.738194E-03   3.910681E-01  -1.210099E+00  -7.401016E-03
           404      G     -8.091533E-06   5.620064E-03  -4.392700E-03   3.810836E+00   2.760355E+00  -2.692724E-01
           405      G      1.449552E-02   1.352689E-03  -1.680976E-02  -1.286162E+00  -5.431729E+00   6.447247E-02
           406      G      2.057101E-02   1.789651E-06  -2.353653E-02   3.972190E-04  -7.432935E+00   2.774157E-03
           407      G     -5.510503E-04  -5.528140E-03   4.148527E-03  -1.315511E+00  -9.310850E-01  -4.070435E-02
           408      G     -1.580314E-03  -1.794090E-02   4.330798E-03  -3.175985E+00  -9.537192E-01  -1.159517E-01
           409      G     -3.095198E-03   1.588851E-03   1.736170E-03  -3.953771E-01  -1.211373E+00  -1.016808E-02
           410      G      1.610378E-05  -5.641950E-03   4.418079E-03  -3.815431E+00   2.760306E+00  -2.680248E-01
           411      G      1.450466E-02  -1.369844E-03   1.687474E-02   1.286299E+00  -5.432937E+00   6.078901E-02
           412      G      2.057430E-02  -6.634954E-06   2.356492E-02  -1.904963E-04  -7.433319E+00  -3.517217E-05
           413      G     -5.558379E-04  -5.524876E-03  -4.157786E-03  -1.315732E+00  -9.310961E-01   4.086827E-02
           414      G     -1.588132E-03  -1.794116E-02  -4.340859E-03  -3.176369E+00  -9.533233E-01   1.167182E-01
           415      G     -2.497800E-04  -8.236842E-06  -4.824684E-06  -9.289248E-04  -8.137127E-01  -6.963346E-01
           416      G     -3.094579E-03   1.609850E-03  -1.745390E-03  -3.946181E-01  -1.210788E+00   1.052677E-02
           417      G      1.472190E-05  -5.631613E-03  -4.425025E-03  -3.814840E+00   2.760342E+00   2.681193E-01
           418      G      1.450169E-02  -1.348038E-03  -1.687697E-02   1.286763E+00  -5.432490E+00  -6.028122E-02
           419      G     -5.635475E-04   5.512847E-03   4.149508E-03   1.314340E+00  -9.310293E-01   4.067720E-02
           420      G     -1.592038E-03   1.792577E-02   4.336752E-03   3.174520E+00  -9.533108E-01   1.166277E-01
           421      G     -3.107664E-03  -1.602287E-03   1.740129E-03   3.941912E-01  -1.210288E+00   1.001265E-02
           422      G      3.048091E-06   5.627747E-03   4.421386E-03   3.813627E+00   2.760351E+00   2.679704E-01
           423      G      1.449980E-02   1.356135E-03   1.687493E-02  -1.286267E+00  -5.432189E+00  -6.090660E-02
           424      G      2.752918E-03   8.947134E-03  -1.322395E+00   4.280254E+01   2.022065E+00   6.119594E-02
           425      G      6.271697E-03  -5.789895E-06  -2.464032E+00  -1.050133E-03  -4.208667E+00   1.708274E-04
           426      G      6.254989E-03   2.667864E-05  -7.617588E-01   2.171635E+01   2.260910E+01  -4.077591E-02
           427      G     -2.296822E-02  -8.379427E-06  -1.304574E+00  -1.274468E-03   5.178262E+01   3.832178E-05
           428      G      3.786385E-03  -8.263192E-06  -1.547491E-05   3.330287E-04   1.712557E+01  -4.597032E-01
           429      G     -1.639631E-02  -8.658680E-06  -3.472975E-05  -1.013627E-03   1.015090E+00   8.464282E-06
           430      G      4.478813E-03  -5.464747E-04  -7.420663E-01   2.065472E+01  -2.981256E+01   9.555987E-02
           431      G      2.803559E-02  -3.273599E-06  -1.303443E+00   4.502685E-04  -4.812072E+01  -5.105153E-04
           432      G      2.760342E-03  -8.963686E-03   1.322409E+00  -4.280293E+01   2.023396E+00   6.106253E-02
           433      G      6.274172E-03  -7.963074E-06   2.464030E+00  -6.278932E-04  -4.208920E+00  -1.988825E-05
           434      G      6.259034E-03  -4.386195E-05   7.617423E-01  -2.171600E+01   2.260955E+01  -4.081361E-02
           435      G     -2.296729E-02  -8.564844E-06   1.304538E+00  -7.945408E-04   5.178395E+01  -6.028514E-06
           436      G      4.486190E-03   5.320585E-04   7.421344E-01  -2.065407E+01  -2.981148E+01   9.544731E-02
           437      G      2.803955E-02  -7.394891E-06   1.303460E+00  -4.331257E-04  -4.812065E+01  -1.107843E-05
           438      G      2.757094E-03  -8.961179E-03  -1.322421E+00  -4.280237E+01   2.023451E+00  -6.117455E-02
           439      G      6.257515E-03  -4.306972E-05  -7.617705E-01  -2.171572E+01   2.260892E+01   4.079886E-02
           440      G      3.785753E-03  -8.465722E-06  -2.138216E-05  -4.493493E-04   1.712606E+01   4.596750E-01
           441      G      4.482397E-03   5.397050E-04  -7.421400E-01  -2.065408E+01  -2.981144E+01  -9.525954E-02
           442      G      2.756531E-03   8.948303E-03   1.322412E+00   4.280274E+01   2.023210E+00  -6.125295E-02
           443      G      6.257192E-03   2.663884E-05   7.617476E-01   2.171562E+01   2.260977E+01   4.073264E-02
           444      G      4.481571E-03  -5.465523E-04   7.421311E-01   2.065435E+01  -2.981165E+01  -9.553842E-02
           445      G     -1.244923E-03  -4.387533E-03  -2.652942E-03   6.601888E-02   5.803745E-02   5.750586E-02
           446      G     -1.824528E-03  -1.653405E-03  -2.934865E-03  -5.125888E-01  -4.866371E-02  -1.686397E-01
           447      G     -1.133506E-03  -6.128971E-04  -4.077308E-03   3.457441E-01   4.485523E-02  -3.511519E-02
           448      G     -4.239492E-04  -1.730907E-04  -2.965563E-03  -2.230674E-01   3.772097E-02   7.012318E-02
1                                                       **STUDENT EDITION*    APRIL  18, 2026  MSC Nastran  3/ 3/26   PAGE    76
     DEFAULT                                                                                                                        
0                                                                                                            SUBCASE 1              
      EIGENVALUE =  6.202769E+06
          CYCLES =  3.963811E+02         R E A L   E I G E N V E C T O R   N O .          7
 
      POINT ID.   TYPE          T1             T2             T3             R1             R2             R3
           449      G     -4.121274E-04  -3.831396E-06   8.631325E-06  -3.627415E-04   2.035035E-01  -8.565802E-03
           450      G     -4.019098E-03  -3.687168E-03  -1.384354E-02   3.234132E-01  -7.344677E-01   1.875661E-01
           451      G     -5.155051E-03  -5.655151E-06  -2.012257E-02   1.151996E-03  -1.035654E+00   1.034869E-03
           452      G     -1.240431E-03   4.392408E-03   2.655722E-03  -6.619867E-02   5.783287E-02   5.770076E-02
           453      G     -1.821729E-03   1.649484E-03   2.950658E-03   5.122561E-01  -4.903665E-02  -1.691416E-01
           454      G     -1.127797E-03   6.065449E-04   4.098361E-03  -3.469945E-01   4.490662E-02  -3.463734E-02
           455      G     -4.210984E-04   1.655482E-04   2.984480E-03   2.222797E-01   3.780016E-02   7.017858E-02
           456      G     -4.018801E-03   3.684169E-03   1.389847E-02  -3.241115E-01  -7.335892E-01   1.871362E-01
           457      G     -5.156183E-03  -5.676245E-06   2.015570E-02   2.731545E-05  -1.036154E+00  -5.040750E-05
           458      G     -1.239190E-03   4.398522E-03  -2.666311E-03  -6.600442E-02   5.782626E-02  -5.786915E-02
           459      G     -1.821128E-03   1.653305E-03  -2.959884E-03   5.122057E-01  -4.900229E-02   1.692797E-01
           460      G     -1.126992E-03   6.096106E-04  -4.108403E-03  -3.472225E-01   4.492694E-02   3.489574E-02
           461      G     -4.179740E-04   1.674010E-04  -2.990394E-03   2.221133E-01   3.809829E-02  -7.021631E-02
           462      G     -4.079461E-04  -3.922718E-06  -3.824322E-06  -2.616504E-04   2.039177E-01   8.519851E-03
           463      G     -4.018037E-03   3.686973E-03  -1.389711E-02  -3.236447E-01  -7.329492E-01  -1.868886E-01
           464      G     -1.244334E-03  -4.402393E-03   2.660641E-03   6.642421E-02   5.782363E-02  -5.765470E-02
           465      G     -1.825286E-03  -1.660065E-03   2.953452E-03  -5.120697E-01  -4.904761E-02   1.692712E-01
           466      G     -1.130252E-03  -6.168441E-04   4.101499E-03   3.469357E-01   4.495297E-02   3.497013E-02
           467      G     -4.196054E-04  -1.749322E-04   2.981797E-03  -2.225965E-01   3.808904E-02  -7.021575E-02
           468      G     -4.019267E-03  -3.694952E-03   1.389920E-02   3.239746E-01  -7.335086E-01  -1.872197E-01
           469      G     -2.635540E-03  -3.426242E-03  -6.738190E-03   2.115939E-01  -3.053433E-01  -1.240242E-01
           470      G     -2.521446E-03  -1.741695E-03  -1.250077E-02   9.151265E-01  -1.652841E-01  -1.991763E-02
           471      G     -2.362211E-03  -6.353697E-04  -1.787375E-02   7.226670E-01   1.692133E-02  -4.152570E-02
           472      G     -2.105037E-03  -2.932318E-04  -1.047200E-02   6.109987E-01   3.791366E-01  -5.456473E-02
           473      G     -1.964525E-03  -4.343893E-06  -5.538403E-06   1.164441E-03   3.851041E-01  -5.824015E-02
           474      G     -3.679962E-03  -1.088725E-03  -3.219953E-02   6.871467E-01  -4.252467E-01  -7.937608E-02
           475      G     -3.444722E-03  -5.321801E-04  -3.868822E-02   9.212546E-01   1.388787E-01  -2.758249E-02
           476      G     -3.197239E-03  -2.051954E-04  -2.516915E-02   5.850149E-01   7.393283E-01  -2.448096E-02
           477      G     -3.119289E-03  -4.397314E-06  -4.086084E-05   1.600727E-03   9.650116E-01  -3.790577E-02
           478      G     -4.092365E-03  -1.483614E-03  -1.867609E-02   1.218180E-01  -8.801965E-01  -5.459475E-02
           479      G     -4.564573E-03  -7.199849E-04  -4.543523E-02   4.939985E-01  -7.628860E-01  -1.667752E-02
           480      G     -4.119873E-03  -2.404891E-04  -5.492195E-02   5.017917E-01   2.385488E-01  -1.889886E-02
           481      G     -3.855148E-03  -1.147307E-04  -3.607465E-02   3.737772E-01   1.025045E+00  -1.367502E-02
           482      G     -4.731511E-03  -6.135028E-07  -5.037255E-02   5.011328E-04  -7.124936E-01  -2.178665E-04
           483      G     -4.409561E-03  -1.816765E-06  -6.010188E-02   8.268403E-04   1.966097E-01   5.748864E-05
           484      G     -4.034129E-03  -2.889145E-06  -4.027203E-02   5.644684E-04   1.104240E+00   2.058739E-05
           485      G     -3.730109E-03  -4.226577E-06  -7.485867E-05   1.269831E-03   1.389302E+00  -1.330240E-02
           486      G     -3.932183E-03  -4.057369E-06  -9.369588E-05   3.176795E-04   1.570043E+00   1.829778E-05
           487      G     -2.633643E-03   3.427071E-03   6.764373E-03  -2.131804E-01  -3.050625E-01  -1.242795E-01
           488      G     -2.520048E-03   1.737856E-03   1.252432E-02  -9.155726E-01  -1.652665E-01  -1.995080E-02
           489      G     -2.361078E-03   6.287087E-04   1.789057E-02  -7.216806E-01   1.729235E-02  -4.172063E-02
           490      G     -2.103965E-03   2.849655E-04   1.047015E-02  -6.090401E-01   3.798322E-01  -5.462530E-02
           491      G     -3.680249E-03   1.083861E-03   3.222484E-02  -6.870225E-01  -4.242095E-01  -7.941476E-02
           492      G     -3.444849E-03   5.252578E-04   3.866863E-02  -9.194638E-01   1.405124E-01  -2.762705E-02
           493      G     -3.197222E-03   1.969967E-04   2.510513E-02  -5.821733E-01   7.405155E-01  -2.451465E-02
           494      G     -4.092670E-03   1.478274E-03   1.872963E-02  -1.210304E-01  -8.799188E-01  -5.443590E-02
           495      G     -4.565709E-03   7.137278E-04   4.544888E-02  -4.930372E-01  -7.611017E-01  -1.674838E-02
           496      G     -4.120396E-03   2.336346E-04   5.486412E-02  -5.003351E-01   2.410715E-01  -1.891090E-02
           497      G     -3.855369E-03   1.066977E-04   3.595105E-02  -3.715604E-01   1.026791E+00  -1.369712E-02
           498      G     -4.732166E-03  -5.400469E-06   5.036989E-02  -3.181962E-05  -7.103858E-01   1.181037E-05
1                                                       **STUDENT EDITION*    APRIL  18, 2026  MSC Nastran  3/ 3/26   PAGE    77
     DEFAULT                                                                                                                        
0                                                                                                            SUBCASE 1              
      EIGENVALUE =  6.202769E+06
          CYCLES =  3.963811E+02         R E A L   E I G E N V E C T O R   N O .          7
 
      POINT ID.   TYPE          T1             T2             T3             R1             R2             R3
           499      G     -4.410002E-03  -5.304491E-06   6.001811E-02  -2.623809E-05   1.993206E-01   6.051433E-06
           500      G     -4.034394E-03  -4.867248E-06   4.011509E-02   7.259871E-05   1.106325E+00   1.410889E-05
           501      G     -2.632781E-03   3.431568E-03  -6.770648E-03  -2.129851E-01  -3.048016E-01   1.243115E-01
           502      G     -2.519536E-03   1.741725E-03  -1.253970E-02  -9.157479E-01  -1.659190E-01   1.994425E-02
           503      G     -2.359933E-03   6.321443E-04  -1.792658E-02  -7.231107E-01   1.686458E-02   4.170228E-02
           504      G     -2.102492E-03   2.872813E-04  -1.051389E-02  -6.113268E-01   3.798885E-01   5.469158E-02
           505      G     -1.962640E-03  -3.835428E-06  -2.761022E-05  -1.277349E-03   3.858000E-01   5.834305E-02
           506      G     -3.679698E-03   1.087890E-03  -3.224519E-02  -6.871518E-01  -4.256587E-01   7.937777E-02
           507      G     -3.444248E-03   5.287095E-04  -3.873949E-02  -9.206223E-01   1.390036E-01   2.765326E-02
           508      G     -3.196415E-03   1.993108E-04  -2.520984E-02  -5.845861E-01   7.399572E-01   2.454722E-02
           509      G     -3.118560E-03  -3.856926E-06  -6.271518E-05  -1.409109E-03   9.657122E-01   3.795289E-02
           510      G     -4.091536E-03   1.481505E-03  -1.871615E-02  -1.202542E-01  -8.794729E-01   5.426579E-02
           511      G     -4.565341E-03   7.173913E-04  -4.546595E-02  -4.923040E-01  -7.629996E-01   1.678559E-02
           512      G     -4.119903E-03   2.372386E-04  -5.495382E-02  -5.006535E-01   2.387076E-01   1.891437E-02
           513      G     -3.854970E-03   1.088308E-04  -3.609931E-02  -3.727787E-01   1.025405E+00   1.372705E-02
           514      G     -3.729863E-03  -3.911173E-06  -8.851013E-05  -7.633655E-04   1.389723E+00   1.334283E-02
           515      G     -2.635438E-03  -3.437334E-03   6.769188E-03   2.130254E-01  -3.050242E-01   1.242309E-01
           516      G     -2.521410E-03  -1.748538E-03   1.252804E-02   9.155439E-01  -1.653133E-01   1.988641E-02
           517      G     -2.361445E-03  -6.394256E-04   1.789266E-02   7.217403E-01   1.748898E-02   4.165050E-02
           518      G     -2.103323E-03  -2.949348E-04   1.046332E-02   6.090993E-01   3.802299E-01   5.467393E-02
           519      G     -3.680595E-03  -1.094655E-03   3.222625E-02   6.869395E-01  -4.243104E-01   7.940758E-02
           520      G     -3.444863E-03  -5.359757E-04   3.867040E-02   9.194571E-01   1.406255E-01   2.763510E-02
           521      G     -3.196817E-03  -2.068950E-04   2.509902E-02   5.822492E-01   7.409547E-01   2.453914E-02
           522      G     -4.092789E-03  -1.489105E-03   1.872903E-02   1.210174E-01  -8.798881E-01   5.444855E-02
           523      G     -4.565732E-03  -7.246240E-04   4.544931E-02   4.930363E-01  -7.611591E-01   1.674133E-02
           524      G     -4.120340E-03  -2.442536E-04   5.486501E-02   5.002665E-01   2.411285E-01   1.891895E-02
           525      G     -3.855197E-03  -1.164934E-04   3.594726E-02   3.716883E-01   1.027071E+00   1.372219E-02
          1000      G     -1.456786E-04  -2.397159E-08   2.584295E-06   5.387619E-05  -4.876891E-02   7.032006E-02
          1001      G     -1.618268E-04   2.665459E-05  -1.928160E-04   3.656392E-04   7.668472E-05  -6.003266E-02
          1002      G     -1.191531E-04  -5.289345E-05  -1.955476E-04   1.692054E-04   1.134810E-04  -3.882867E-02
          1003      G     -1.440389E-04   7.962110E-08   3.842786E-06   2.193027E-04   1.425890E+00   5.807620E-03
          1004      G     -7.789267E-05   7.928977E-05  -3.690996E-02   1.313700E+00   1.081696E+00   2.656133E-03
          1005      G     -1.161771E-04   7.761382E-05  -5.856939E-02   2.378126E+00   2.676718E-01   5.486456E-04
          1006      G      5.607825E-04  -1.627462E-07  -8.839617E-06   2.633251E-05   1.142215E-01   1.214444E-05
          1007      G      1.536983E-04   2.052749E-07  -6.088812E-02   9.543515E-05   3.586564E+00   1.077428E-05
          1008      G     -9.643843E-05   2.561832E-07  -1.090929E-01   9.049526E-05  -1.145875E-01   1.324818E-05
          1009      G     -6.686991E-05   3.009188E-06  -4.842840E-04   3.609964E-04   2.515173E-04  -8.224527E-02
          1010      G      8.548313E-05   2.309023E-04  -4.743332E-04   2.697139E-04   1.375838E-04   2.426641E-03
          1011      G     -1.531815E-04   1.224094E-04  -3.931380E-02   1.408172E+00  -1.512346E+00  -2.777941E-03
          1012      G     -2.504036E-04  -3.106955E-05  -1.163605E-02   2.423741E-01  -1.711185E-01   5.870950E-02
          1013      G     -3.497898E-04   7.663686E-07  -6.788596E-02   3.177836E-05  -2.833985E+00   2.366931E-05
          1014      G     -6.087593E-04   1.361780E-06  -1.650431E-02  -1.088345E-04  -2.807549E-01   1.136138E-03
          1015      G     -1.613556E-04  -2.591103E-05   1.930004E-04  -3.663987E-04   7.872849E-05  -6.046845E-02
          1016      G     -1.183296E-04   5.236921E-05   1.957843E-04  -1.703783E-04   1.155710E-04  -3.908897E-02
          1017      G     -7.739322E-05  -7.942158E-05   3.691943E-02  -1.313468E+00   1.081917E+00   2.653656E-03
          1018      G     -1.151954E-04  -7.724562E-05   5.858485E-02  -2.378021E+00   2.678762E-01   5.570904E-04
          1019      G      1.540846E-04  -3.088221E-07   6.087497E-02   3.884155E-05   3.586907E+00   9.144940E-06
          1020      G     -9.562850E-05  -6.282335E-07   1.090864E-01   3.074836E-05  -1.145218E-01   7.978477E-06
          1021      G     -6.588856E-05  -7.342993E-07   4.827504E-04  -3.432659E-04   2.556942E-04  -8.380862E-02
          1022      G      8.870273E-05  -2.361100E-04   4.729078E-04  -2.540137E-04   1.403230E-04   2.163601E-03
1                                                       **STUDENT EDITION*    APRIL  18, 2026  MSC Nastran  3/ 3/26   PAGE    78
     DEFAULT                                                                                                                        
0                                                                                                            SUBCASE 1              
      EIGENVALUE =  6.202769E+06
          CYCLES =  3.963811E+02         R E A L   E I G E N V E C T O R   N O .          7
 
      POINT ID.   TYPE          T1             T2             T3             R1             R2             R3
          1023      G     -1.511605E-04  -1.234387E-04   3.933465E-02  -1.408181E+00  -1.512106E+00  -2.777852E-03
          1024      G     -2.486278E-04   3.128196E-05   1.166242E-02  -2.423156E-01  -1.709530E-01   5.910269E-02
          1025      G     -3.490393E-04  -7.534832E-07   6.788455E-02   3.038650E-05  -2.833733E+00   7.097713E-06
          1026      G     -6.077815E-04  -1.054587E-06   1.650734E-02  -7.152695E-05  -2.806542E-01  -8.488935E-05
          1027      G     -1.440832E-04  -1.939763E-07  -1.627004E-06   4.529953E-05  -4.874649E-02  -7.128292E-02
          1028      G     -1.598782E-04  -2.661485E-05  -1.927733E-04  -3.656954E-04   7.607423E-05   5.889536E-02
          1029      G     -1.169213E-04   5.374833E-05  -1.954841E-04  -1.691885E-04   1.129049E-04   3.755022E-02
          1030      G     -1.429352E-04  -1.065375E-07  -4.589344E-06  -1.463837E-04   1.425985E+00  -5.790215E-03
          1031      G     -7.675214E-05  -7.914494E-05  -3.692008E-02  -1.313722E+00   1.081816E+00  -2.632639E-03
          1032      G     -1.148595E-04  -7.640505E-05  -5.858212E-02  -2.378103E+00   2.677623E-01  -5.252105E-04
          1033      G     -6.469659E-05   7.746648E-07  -4.825238E-04  -3.509183E-04   2.562343E-04   8.279879E-02
          1034      G      8.885589E-05  -2.317057E-04  -4.726959E-04  -2.611381E-04   1.413494E-04  -2.592518E-03
          1035      G     -1.510148E-04  -1.212347E-04  -3.932694E-02  -1.408071E+00  -1.512384E+00   2.806070E-03
          1036      G     -2.480480E-04   3.381762E-05  -1.165200E-02  -2.420148E-01  -1.708016E-01  -5.790668E-02
          1037      G     -1.598916E-04   2.668691E-05   1.925954E-04   3.665708E-04   7.453216E-05   5.861246E-02
          1038      G     -1.169047E-04  -5.429412E-05   1.952670E-04   1.697354E-04   1.113351E-04   3.725231E-02
          1039      G     -7.659660E-05   7.875013E-05   3.691362E-02   1.313465E+00   1.081946E+00  -2.637277E-03
          1040      G     -1.145710E-04   7.642611E-05   5.858024E-02   2.378016E+00   2.679279E-01  -5.366339E-04
          1041      G     -6.445348E-05   3.190443E-08   4.826423E-04   3.450882E-04   2.529092E-04   8.239472E-02
          1042      G     -1.506630E-04   1.215315E-04   3.933153E-02   1.408153E+00  -1.512049E+00   2.796732E-03
          1043      G     -2.480982E-04  -3.314967E-05   1.166225E-02   2.423792E-01  -1.707866E-01  -5.887602E-02
          1044      G      8.959307E-05   2.329379E-04   4.727305E-04   2.553083E-04   1.378955E-04  -3.259156E-03
          2000      G      1.096556E-04  -8.379080E-08   4.633130E-06  -7.090131E-05  -8.928056E-03   1.773243E-01
          2001      G      1.055774E-04   1.960777E-05  -1.886354E-04   2.655420E-04   1.036282E-04   7.134422E-02
          2002      G      1.267053E-04  -6.494077E-05  -1.917432E-04   1.634303E-04   1.220335E-04   8.184474E-02
          2003      G      1.160191E-04   9.751407E-07  -4.235365E-04   1.779712E-02   7.195053E-01   2.638867E-03
          2004      G      1.423265E-04   3.014647E-05  -1.890451E-02   6.519479E-01   5.494138E-01   1.008658E-03
          2005      G      1.216566E-04   1.030320E-05  -3.036728E-02   1.174334E+00   1.800812E-01   1.304748E-04
          2006      G      4.516368E-04  -7.888641E-07  -6.880892E-04   1.996752E-04   1.174616E-01  -6.000381E-06
          2007      G      2.562060E-04  -9.547420E-07  -3.087113E-02   4.672252E-04   1.747138E+00  -1.699416E-05
          2008      G      1.445737E-04  -2.485863E-06  -5.527908E-02   8.354350E-04   1.139914E-02  -1.999366E-05
          2009      G      1.389151E-04  -1.040934E-04  -4.810589E-04   2.963678E-04   2.045208E-04   1.802646E-02
          2010      G      2.202911E-04   1.034425E-04  -4.793452E-04   2.978026E-04   1.321095E-04   6.477811E-02
          2011      G      1.256996E-04   3.237492E-05  -2.299453E-02   7.411715E-01  -6.470340E-01  -1.689100E-03
          2012      G      9.094093E-05  -8.904467E-05  -1.145488E-02   2.045695E-01  -2.975882E-02  -6.284046E-01
          2013      G      1.930929E-05  -3.845516E-06  -3.806338E-02   3.537246E-03  -1.251001E+00   3.138393E-05
          2014      G     -9.343903E-05  -2.533579E-06  -1.578241E-02   6.755742E-03  -5.981160E-02  -2.022944E-02
          2015      G      1.059639E-04  -1.858961E-05   1.887154E-04  -2.648281E-04   1.047494E-04   7.083501E-02
          2016      G      1.268161E-04   6.461737E-05   1.919852E-04  -1.639900E-04   1.238161E-04   8.119685E-02
          2017      G      1.464263E-04  -2.827123E-05   1.829688E-02  -6.281434E-01   5.648078E-01   1.072707E-03
          2018      G      1.285801E-04  -9.277138E-06   3.015908E-02  -1.164539E+00   1.906545E-01   3.134029E-04
          2019      G      2.656489E-04  -4.474642E-07   3.003372E-02  -2.557709E-06   1.785677E+00  -4.481963E-06
          2020      G      1.672254E-04  -5.640607E-07   5.517153E-02   3.414619E-05   1.776007E-02  -3.034599E-06
          2021      G      1.346083E-04   1.029956E-04   4.795086E-04  -2.776699E-04   2.092679E-04   1.373746E-02
          2022      G      2.150451E-04  -1.182705E-04   4.780959E-04  -2.848727E-04   1.356658E-04   6.009553E-02
          2023      G      1.388449E-04  -3.524262E-05   2.291509E-02  -7.290813E-01  -6.464103E-01  -1.343516E-03
          2024      G      1.058813E-04   7.277660E-05   1.146234E-02  -1.857003E-01  -2.282702E-02  -5.397234E-01
          2025      G      4.425154E-05  -4.297631E-07   3.803534E-02   1.252472E-04  -1.249965E+00  -3.977858E-06
          2026      G     -6.077904E-05  -5.085242E-07   1.577539E-02   1.287105E-04  -5.777586E-02   1.824477E-03
          2027      G      1.090278E-04  -1.604755E-06   3.494363E-07   5.886811E-04  -9.291855E-03  -1.803093E-01
1                                                       **STUDENT EDITION*    APRIL  18, 2026  MSC Nastran  3/ 3/26   PAGE    79
     DEFAULT                                                                                                                        
0                                                                                                            SUBCASE 1              
      EIGENVALUE =  6.202769E+06
          CYCLES =  3.963811E+02         R E A L   E I G E N V E C T O R   N O .          7
 
      POINT ID.   TYPE          T1             T2             T3             R1             R2             R3
          2028      G      1.051859E-04  -1.971688E-05  -1.885759E-04  -2.646121E-04   1.030479E-04  -7.132348E-02
          2029      G      1.258394E-04   6.558804E-05  -1.916705E-04  -1.624313E-04   1.213667E-04  -8.158766E-02
          2030      G      1.157552E-04  -1.842520E-06  -3.934068E-04  -1.474631E-02   7.194066E-01  -2.647207E-03
          2031      G      1.421438E-04  -3.176225E-05  -1.886737E-02  -6.467712E-01   5.488164E-01  -1.020756E-03
          2032      G      1.228986E-04  -1.220639E-05  -3.032662E-02  -1.165833E+00   1.806734E-01  -1.584605E-04
          2033      G      1.354813E-04   1.045075E-04  -4.792821E-04  -2.849584E-04   2.094691E-04  -1.456672E-02
          2034      G      2.146071E-04  -1.140141E-04  -4.778454E-04  -2.914952E-04   1.362649E-04  -6.027710E-02
          2035      G      1.310017E-04  -3.637880E-05  -2.297655E-02  -7.295088E-01  -6.462622E-01   1.591429E-03
          2036      G      1.014429E-04   7.918711E-05  -1.147528E-02  -1.867135E-01  -2.720989E-02   5.483059E-01
          2037      G      1.053908E-04   1.933630E-05   1.883112E-04   2.652987E-04   1.005893E-04  -7.174187E-02
          2038      G      1.263695E-04  -6.652174E-05   1.914702E-04   1.633755E-04   1.195465E-04  -8.216703E-02
          2039      G      1.460307E-04   2.713588E-05   1.832040E-02   6.301800E-01   5.642899E-01  -1.079163E-03
          2040      G      1.281001E-04   8.724714E-06   3.017321E-02   1.165697E+00   1.904280E-01  -3.155037E-04
          2041      G      1.343606E-04  -1.029534E-04   4.794019E-04   2.795427E-04   2.064588E-04  -1.435492E-02
          2042      G      2.144622E-04   1.164073E-04   4.779199E-04   2.862646E-04   1.331584E-04  -6.050498E-02
          2043      G      1.382717E-04   3.404084E-05   2.292190E-02   7.296055E-01  -6.467353E-01   1.344500E-03
          2044      G      1.052102E-04  -7.358822E-05   1.146408E-02   1.858447E-01  -2.287973E-02   5.430568E-01
          3000      G      2.109489E-03  -7.839992E-05  -3.171238E-05   7.204802E-03   1.111714E-01   1.089672E+00
          3001      G      2.156937E-03   4.550854E-04  -1.306294E-03  -9.321406E-02   2.639621E-02   1.130401E+00
          3002      G      2.182757E-03  -1.511702E-04  -1.934591E-03   3.353041E-02   4.163622E-02   9.564350E-01
          3003      G      2.475725E-03  -1.046150E-04   1.347121E-05  -6.012155E-03  -4.288776E-01   7.994911E-04
          3004      G      2.334361E-03  -6.809372E-05   9.653702E-03  -3.561659E-01  -1.897774E-01   2.316089E-03
          3005      G      2.278293E-03   3.710827E-06   1.236866E-02  -7.066259E-01   4.686401E-02   8.109541E-04
          3006      G      2.153421E-03  -9.834856E-05   1.163220E-04   7.743255E-03   7.576142E-02  -2.989021E-04
          3007      G      2.369704E-03  -1.193443E-04   1.607021E-02   1.544251E-02  -9.821663E-01  -2.437818E-04
          3008      G      2.480117E-03  -1.283562E-04   2.763447E-02   1.105708E-02   1.258602E-01  -4.572470E-05
          3009      G      2.151971E-03   1.650535E-04  -1.779308E-03  -1.314338E-01  -4.040297E-02   1.225488E+00
          3010      G      1.997198E-03  -3.089311E-04  -2.204324E-03   5.129411E-02   6.003068E-02   4.895046E-01
          3011      G      2.280733E-03  -1.741595E-04   1.508972E-03  -1.429216E-01   7.054499E-01   2.499742E-03
          3012      G      2.281940E-03   1.476501E-05  -1.185561E-02   2.406990E-01   1.137925E-01  -5.835939E-01
          3013      G      2.543258E-03  -1.379960E-04   5.722151E-03   2.502268E-02   1.341144E+00   2.271780E-04
          3014      G      2.712539E-03  -1.298903E-04  -1.645450E-02   1.938492E-02   1.174999E-01   5.840933E-04
          3015      G      2.180039E-03  -6.830695E-04   1.240184E-03   1.162659E-01   3.225085E-02   1.117782E+00
          3016      G      2.231101E-03  -6.762305E-06   1.888115E-03  -2.556054E-02   6.359492E-02   8.808636E-01
          3017      G      2.354181E-03  -1.247558E-04  -9.651361E-03   3.411770E-01  -1.845812E-01   2.321136E-03
          3018      G      2.320190E-03  -2.213459E-04  -1.248413E-02   7.069957E-01   3.829436E-02   9.201661E-04
          3019      G      2.380758E-03  -8.729154E-05  -1.600226E-02   4.919442E-03  -9.941607E-01  -3.178476E-04
          3020      G      2.497580E-03  -6.966358E-05  -2.781928E-02   5.813978E-03   1.257594E-01  -3.137713E-04
          3021      G      2.234715E-03  -4.165614E-04   1.688409E-03   1.801469E-01  -7.203148E-02   1.370474E+00
          3022      G      2.123384E-03   9.094822E-06   2.136343E-03  -4.021756E-02   6.225182E-02   4.775616E-01
          3023      G      2.342395E-03  -5.006301E-05  -1.756044E-03   1.140699E-01   7.078128E-01   1.987475E-03
          3024      G      2.336452E-03  -2.225106E-04   1.190323E-02  -2.497881E-01   1.163414E-01  -6.851389E-01
          3025      G      2.557831E-03  -6.153380E-05  -5.829770E-03   4.547588E-03   1.345941E+00  -2.381271E-04
          3026      G      2.726054E-03  -5.293877E-05   1.647218E-02   7.906245E-04   1.168338E-01  -1.888910E-02
          3027      G      2.081706E-03  -9.587044E-05   3.050903E-05   7.112687E-03   1.210236E-01  -1.078452E+00
          3028      G      2.146411E-03  -7.163146E-04  -1.232763E-03   1.195303E-01   2.962408E-02  -1.125910E+00
          3029      G      2.196494E-03  -4.826331E-05  -1.870392E-03  -2.088450E-02   6.431126E-02  -8.675910E-01
          3030      G      2.476003E-03  -1.016188E-04   1.094711E-04  -3.795791E-04  -4.289896E-01  -1.527697E-03
          3031      G      2.340575E-03  -1.560610E-04   9.691649E-03   3.379619E-01  -1.787650E-01  -2.944657E-03
          3032      G      2.300185E-03  -2.701716E-04   1.244116E-02   7.017889E-01   3.810136E-02  -1.269897E-03
1                                                       **STUDENT EDITION*    APRIL  18, 2026  MSC Nastran  3/ 3/26   PAGE    80
     DEFAULT                                                                                                                        
0                                                                                                            SUBCASE 1              
      EIGENVALUE =  6.202769E+06
          CYCLES =  3.963811E+02         R E A L   E I G E N V E C T O R   N O .          7
 
      POINT ID.   TYPE          T1             T2             T3             R1             R2             R3
          3033      G      2.197012E-03  -4.698161E-04  -1.662452E-03   1.876510E-01  -7.256820E-02  -1.355444E+00
          3034      G      2.077998E-03  -4.284370E-05  -2.117599E-03  -3.755569E-02   6.517543E-02  -4.446654E-01
          3035      G      2.321021E-03  -1.071420E-04   1.685962E-03   1.036394E-01   7.092545E-01  -2.299766E-03
          3036      G      2.319797E-03  -2.890594E-04  -1.191525E-02  -2.514086E-01   1.139734E-01   7.464912E-01
          3037      G      2.144610E-03   5.188995E-04   1.293088E-03  -1.034608E-01   2.991841E-02  -1.127069E+00
          3038      G      2.195993E-03  -1.267362E-04   1.937949E-03   3.621243E-02   6.428902E-02  -8.744682E-01
          3039      G      2.346000E-03  -3.980267E-05  -9.562630E-03  -3.456456E-01  -1.836680E-01  -3.143816E-03
          3040      G      2.308677E-03   7.980141E-05  -1.243252E-02  -7.127801E-01   3.553282E-02  -1.596545E-03
          3041      G      2.204574E-03   3.008842E-04   1.729956E-03  -1.702912E-01  -7.188445E-02  -1.367670E+00
          3042      G      2.102254E-03  -9.657262E-05   2.165162E-03   4.381494E-02   5.880029E-02  -4.948069E-01
          3043      G      2.329587E-03  -6.590635E-05  -1.740255E-03  -1.192684E-01   7.073118E-01  -2.528112E-03
          3044      G      2.319833E-03   1.179310E-04   1.190702E-02   2.506553E-01   1.158937E-01   6.455481E-01
          4000      G     -2.344257E-02  -7.219258E-07   1.205611E-05  -8.759058E-04  -8.147766E-01  -9.034064E+00
          4001      G     -2.455358E-02  -6.752447E-03  -1.719452E-02   3.176350E+00  -9.544460E-01  -7.555183E+00
          4002      G     -2.426139E-02  -4.462962E-03  -9.534762E-03   1.313650E+00  -9.309678E-01  -8.086858E+00
          4003      G     -2.820069E-02  -2.847152E-07  -6.886847E-06   1.371366E-03   3.455975E+01   7.589520E-02
          4004      G     -2.549660E-02   1.139484E-04  -8.689340E-01   2.838583E+01   2.347152E+01   1.452457E-02
          4005      G     -2.518482E-02  -6.231446E-04  -1.321322E+00   5.353235E+01   4.220572E+00  -8.581255E-03
          4006      G     -1.138348E-02  -5.503086E-07  -3.473380E-05  -1.013519E-03   1.019844E+00   5.261187E-05
          4007      G     -2.122483E-02   1.383614E-06  -1.385583E+00  -8.516909E-04   8.205080E+01   3.528901E-05
          4008      G     -2.704118E-02   2.641130E-06  -2.464248E+00  -1.049948E-03  -4.209919E+00   2.630013E-05
          4009      G     -2.276647E-02  -2.136041E-03  -1.423520E-02   3.811957E+00   2.762064E+00  -2.207937E+01
          4010      G     -1.977686E-02   1.830407E-03  -7.971527E-03   3.905893E-01  -1.209960E+00  -3.389456E+00
          4011      G     -2.630885E-02   1.000136E-03  -7.835986E-01   2.666266E+01  -3.939046E+01  -7.057465E-02
          4012      G     -2.826089E-02  -2.320817E-03  -3.880353E-02  -1.286739E+00  -5.434267E+00   6.867977E+00
          4013      G     -3.163007E-02   4.060203E-06  -1.362914E+00  -1.066285E-04  -7.303947E+01   1.396330E-05
          4014      G     -3.735468E-02   4.277004E-06  -5.363351E-02   3.971749E-04  -7.436228E+00  -5.582396E-03
          4015      G     -2.455331E-02   6.752185E-03   1.721648E-02  -3.178305E+00  -9.544283E-01  -7.558768E+00
          4016      G     -2.426127E-02   4.463342E-03   9.560481E-03  -1.315598E+00  -9.314687E-01  -8.091943E+00
          4017      G     -2.549699E-02  -1.144215E-04   8.689337E-01  -2.838406E+01   2.347208E+01   1.451224E-02
          4018      G     -2.518562E-02   6.237703E-04   1.321350E+00  -5.353129E+01   4.222028E+00  -8.598895E-03
          4019      G     -2.122475E-02  -1.650507E-06   1.385545E+00  -6.150719E-04   8.205308E+01   3.071109E-05
          4020      G     -2.704080E-02  -2.945980E-06   2.464246E+00  -6.278168E-04  -4.210171E+00   2.455536E-05
          4021      G     -2.276740E-02   2.138207E-03   1.427903E-02  -3.816550E+00   2.762015E+00  -2.209297E+01
          4022      G     -1.977952E-02  -1.825874E-03   7.991830E-03  -3.948973E-01  -1.211233E+00  -3.390363E+00
          4023      G     -2.630979E-02  -9.985810E-04   7.836756E-01  -2.666105E+01  -3.938945E+01  -7.056642E-02
          4024      G     -2.826133E-02   2.321411E-03   3.887337E-02   1.286876E+00  -5.435475E+00   6.881044E+00
          4025      G     -3.162970E-02  -3.516684E-06   1.362935E+00  -4.623627E-04  -7.303824E+01   1.747787E-05
          4026      G     -3.735443E-02  -4.067376E-06   5.366344E-02  -1.905476E-04  -7.436612E+00   5.600114E-04
          4027      G     -2.343852E-02  -8.123157E-07  -8.537365E-06  -9.290541E-04  -8.142634E-01   9.032309E+00
          4028      G     -2.454947E-02   6.754960E-03  -1.722808E-02  -3.178689E+00  -9.540323E-01   7.553757E+00
          4029      G     -2.425784E-02   4.468373E-03  -9.570625E-03  -1.315819E+00  -9.314798E-01   8.087636E+00
          4030      G     -2.819944E-02  -4.213702E-07  -2.965838E-05   1.450613E-05   3.456054E+01  -7.581455E-02
          4031      G     -2.549570E-02  -1.116944E-04  -8.689703E-01  -2.838414E+01   2.347145E+01  -1.443661E-02
          4032      G     -2.518454E-02   6.291425E-04  -1.321364E+00  -5.353057E+01   4.221396E+00   8.670097E-03
          4033      G     -2.276458E-02   2.145772E-03  -1.428354E-02  -3.815960E+00   2.762051E+00   2.209093E+01
          4034      G     -1.977760E-02  -1.814520E-03  -7.995685E-03  -3.941380E-01  -1.210647E+00   3.391744E+00
          4035      G     -2.630915E-02  -9.908184E-04  -7.836758E-01  -2.666069E+01  -3.938958E+01   7.062209E-02
          4036      G     -2.826070E-02   2.330532E-03  -3.887380E-02   1.287340E+00  -5.435028E+00  -6.877065E+00
          4037      G     -2.454987E-02  -6.755658E-03   1.721656E-02   3.176840E+00  -9.540198E-01   7.552150E+00
1                                                       **STUDENT EDITION*    APRIL  18, 2026  MSC Nastran  3/ 3/26   PAGE    81
     DEFAULT                                                                                                                        
0                                                                                                            SUBCASE 1              
      EIGENVALUE =  6.202769E+06
          CYCLES =  3.963811E+02         R E A L   E I G E N V E C T O R   N O .          7
 
      POINT ID.   TYPE          T1             T2             T3             R1             R2             R3
          4038      G     -2.425854E-02  -4.469285E-03   9.556785E-03   1.314427E+00  -9.314130E-01   8.084598E+00
          4039      G     -2.549561E-02   1.107121E-04   8.689251E-01   2.838449E+01   2.347231E+01  -1.444519E-02
          4040      G     -2.518434E-02  -6.293867E-04   1.321344E+00   5.353174E+01   4.222111E+00   8.650440E-03
          4041      G     -2.276538E-02  -2.145383E-03   1.427502E-02   3.814746E+00   2.762060E+00   2.208569E+01
          4042      G     -1.977810E-02   1.816751E-03   7.986727E-03   3.937114E-01  -1.210148E+00   3.387926E+00
          4043      G     -2.630867E-02   9.912029E-04   7.836678E-01   2.666167E+01  -3.938948E+01   7.060307E-02
          4044      G     -2.826022E-02  -2.329546E-03   3.887055E-02  -1.286843E+00  -5.434727E+00  -6.878019E+00
1                                                       **STUDENT EDITION*    APRIL  18, 2026  MSC Nastran  3/ 3/26   PAGE    82
     DEFAULT                                                                                                                        
0                                                                                                            SUBCASE 1              
      EIGENVALUE =  6.774480E+06
          CYCLES =  4.142458E+02         R E A L   E I G E N V E C T O R   N O .          8
 
      POINT ID.   TYPE          T1             T2             T3             R1             R2             R3
             1      G      0.0            0.0            0.0            0.0            0.0            0.0
             2      G      0.0            0.0            0.0            0.0            0.0            0.0
             3      G      0.0            0.0            0.0            0.0            0.0            0.0
             4      G      0.0            0.0            0.0            0.0            0.0            0.0
             5      G      0.0            0.0            0.0            0.0            0.0            0.0
             6      G      0.0            0.0            0.0            0.0            0.0            0.0
             7      G      0.0            0.0            0.0            0.0            0.0            0.0
             8      G      0.0            0.0            0.0            0.0            0.0            0.0
            10      G     -2.026748E-04  -1.785768E-04   4.637058E-04   1.087618E-03  -1.962490E-04  -2.096198E-02
            11      G     -2.028353E-04   1.786797E-04   4.635803E-04  -1.087823E-03  -1.965885E-04   2.095562E-02
            12      G      1.876529E-04   2.869715E-05   4.100852E-04   7.460661E-04   1.919302E-04   2.654333E-02
            13      G      1.873548E-04  -2.847457E-05   4.101176E-04  -7.470336E-04   1.912961E-04  -2.655711E-02
            14      G      1.876823E-04  -2.795657E-05  -4.105888E-04  -7.474579E-04   1.913067E-04   2.652070E-02
            15      G      1.861731E-04   2.940150E-05  -4.101491E-04   7.454663E-04   1.889984E-04  -2.648138E-02
            16      G     -2.029427E-04   1.773069E-04  -4.635919E-04  -1.083181E-03  -1.963864E-04  -2.126940E-02
            17      G     -2.025494E-04  -1.790911E-04  -4.657145E-04   1.102192E-03  -1.969059E-04   2.016789E-02
           100      G      9.565755E-03   4.099625E-03  -1.364489E+00   4.440425E+01   1.846432E+00   1.708907E-01
           101      G      1.405784E-02   2.861178E-06  -2.564099E+00   1.676165E-04  -3.650119E+00  -1.836044E-04
           102      G      1.000213E-02  -3.397306E-03  -7.741778E-01   2.410615E+01   2.475437E+01  -6.591762E-02
           103      G     -1.790258E-02   1.255599E-06  -1.366238E+00   2.873738E-04   5.420174E+01   9.877823E-05
           104      G      4.580245E-03   6.286339E-07  -1.483443E-05   5.616547E-04   1.609677E+01  -2.531063E-01
           105      G     -1.134184E-02   5.095180E-07  -3.376545E-05   3.019619E-05   2.030925E+00   1.346071E-05
           106      G     -1.243723E-05  -4.683160E-04  -4.192923E-04   7.454663E-04   1.889984E-04  -2.648138E-02
           107      G     -1.243723E-05   2.384058E-04  -4.142484E-04   7.454663E-04   1.889984E-04  -2.648138E-02
           108      G      2.815587E-03   6.277499E-07  -1.288742E-06   2.954329E-05  -1.574764E+00   1.062498E-01
           109      G     -5.129016E-05  -2.783188E-05  -4.725041E-04   1.102192E-03  -1.969059E-04   2.016789E-02
           110      G      2.442242E-02   3.769477E-03  -1.950733E-02  -1.210496E+00  -5.409993E+00  -7.430480E-01
           111      G     -5.129016E-05  -5.912724E-04  -4.780052E-04   1.102192E-03  -1.969059E-04   2.016789E-02
           112      G      1.311937E-02  -2.334422E-03  -7.551777E-01   2.336331E+01  -3.114964E+01   2.277966E-01
           113      G      3.325585E-02   3.286716E-05  -3.108353E-02   3.523332E-03  -7.780102E+00  -3.871325E-03
           114      G      3.952267E-02   5.444300E-06  -1.371723E+00   1.720415E-04  -5.039998E+01   1.613929E-03
           115      G      9.568567E-03  -4.095484E-03   1.364502E+00  -4.440409E+01   1.846333E+00   1.708528E-01
           116      G      1.405826E-02   9.693426E-08   2.564102E+00   9.210756E-05  -3.650139E+00   4.845537E-06
           117      G      1.000345E-02   3.399048E-03   7.741707E-01  -2.410554E+01   2.475549E+01  -6.595086E-02
           118      G     -1.790304E-02   1.479154E-07   1.366204E+00   5.643399E-05   5.420326E+01   8.825258E-06
           119      G     -1.182354E-05   4.706662E-04   4.193157E-04  -7.470336E-04   1.912961E-04  -2.655711E-02
           120      G     -1.182354E-05  -2.380766E-04   4.142105E-04  -7.470336E-04   1.912961E-04  -2.655711E-02
           121      G     -4.566809E-05   2.151247E-05   4.702646E-04  -1.087823E-03  -1.965885E-04   2.095562E-02
           122      G      2.442660E-02  -3.769552E-03   1.958561E-02   1.207659E+00  -5.410034E+00  -7.441706E-01
           123      G     -4.566809E-05   6.069603E-04   4.757568E-04  -1.087823E-03  -1.965885E-04   2.095562E-02
           124      G      1.312511E-02   2.342323E-03   7.552164E-01  -2.336399E+01  -3.114779E+01   2.278099E-01
           125      G      3.325902E-02  -1.036850E-07   3.113788E-02  -2.684224E-05  -7.780715E+00  -3.596238E-07
           126      G      3.952409E-02   7.573033E-09   1.371756E+00   7.079961E-05  -5.039891E+01   1.155749E-06
           127      G      9.572436E-03  -4.093298E-03  -1.364501E+00  -4.440359E+01   1.845259E+00  -1.707781E-01
           128      G      1.000623E-02   3.399901E-03  -7.741928E-01  -2.410596E+01   2.475511E+01   6.597303E-02
           129      G      4.582585E-03   5.393237E-07  -2.047708E-05  -4.358841E-04   1.609680E+01   2.531431E-01
           130      G     -1.122295E-05   4.705000E-04  -4.197904E-04  -7.474579E-04   1.913067E-04   2.652070E-02
           131      G     -1.122295E-05  -2.372713E-04  -4.146849E-04  -7.474579E-04   1.913067E-04   2.652070E-02
           132      G      2.816759E-03   1.129841E-06  -2.947916E-06   7.150716E-05  -1.574708E+00  -1.063307E-01
           133      G     -4.342227E-05   1.778648E-05  -4.702428E-04  -1.083181E-03  -1.963864E-04  -2.126940E-02
1                                                       **STUDENT EDITION*    APRIL  18, 2026  MSC Nastran  3/ 3/26   PAGE    83
     DEFAULT                                                                                                                        
0                                                                                                            SUBCASE 1              
      EIGENVALUE =  6.774480E+06
          CYCLES =  4.142458E+02         R E A L   E I G E N V E C T O R   N O .          8
 
      POINT ID.   TYPE          T1             T2             T3             R1             R2             R3
           134      G      2.443275E-02  -3.760934E-03  -1.958952E-02   1.207883E+00  -5.410271E+00   7.438525E-01
           135      G     -4.342227E-05   6.120002E-04  -4.757294E-04  -1.083181E-03  -1.963864E-04  -2.126940E-02
           136      G      1.313139E-02   2.348972E-03  -7.552049E-01  -2.336274E+01  -3.114666E+01  -2.277309E-01
           137      G      9.569431E-03   4.095647E-03   1.364497E+00   4.440408E+01   1.846363E+00  -1.708438E-01
           138      G      1.000488E-02  -3.398423E-03   7.741658E-01   2.410561E+01   2.475550E+01   6.596262E-02
           139      G     -1.142211E-05  -4.701847E-04   4.192880E-04   7.460661E-04   1.919302E-04   2.654333E-02
           140      G     -1.142211E-05   2.381904E-04   4.141659E-04   7.460661E-04   1.919302E-04   2.654333E-02
           141      G     -4.545989E-05  -2.136192E-05   4.703911E-04   1.087618E-03  -1.962490E-04  -2.096198E-02
           142      G      2.442718E-02   3.769552E-03   1.958570E-02  -1.207553E+00  -5.409856E+00   7.441261E-01
           143      G     -4.545989E-05  -6.069873E-04   4.758738E-04   1.087618E-03  -1.962490E-04  -2.096198E-02
           144      G      1.312575E-02  -2.342234E-03   7.552133E-01   2.336399E+01  -3.114773E+01  -2.278072E-01
           200      G     -5.749269E-05  -6.255091E-05  -4.725041E-04   1.102192E-03  -1.969059E-04   2.016789E-02
           201      G     -5.749269E-05  -6.259915E-04  -4.780052E-04   1.102192E-03  -1.969059E-04   2.016789E-02
           202      G     -6.483780E-06  -4.917981E-04  -4.192923E-04   7.454663E-04   1.889984E-04  -2.648138E-02
           203      G     -6.483780E-06   2.149236E-04  -4.142484E-04   7.454663E-04   1.889984E-04  -2.648138E-02
           204      G     -1.315383E-04  -4.946455E-06  -8.718659E-07  -6.112807E-04   3.561410E-03  -1.126022E-02
           205      G      6.009283E-04  -8.645175E-04  -1.521311E-02   2.723419E-01  -2.902146E-01   9.197251E-02
           206      G      2.275281E-04  -2.087554E-06  -2.141484E-02   1.109400E-02  -3.382958E-01  -2.740576E-02
           207      G     -5.186062E-05   5.577890E-05   4.702646E-04  -1.087823E-03  -1.965885E-04   2.095562E-02
           208      G     -5.186062E-05   6.412267E-04   4.757568E-04  -1.087823E-03  -1.965885E-04   2.095562E-02
           209      G     -5.797711E-06   4.941977E-04   4.193157E-04  -7.470336E-04   1.912961E-04  -2.655711E-02
           210      G     -5.797711E-06  -2.145450E-04   4.142105E-04  -7.470336E-04   1.912961E-04  -2.655711E-02
           211      G      5.039642E-04   1.036403E-03   1.530578E-02  -2.365870E-01  -2.772253E-01   7.873382E-02
           212      G      2.154005E-04   1.174178E-07   2.143227E-02   2.285822E-04  -3.256832E-01   4.051518E-05
           213      G     -4.960844E-05   5.190669E-05  -4.702428E-04  -1.083181E-03  -1.963864E-04  -2.126940E-02
           214      G     -4.960844E-05   6.461205E-04  -4.757294E-04  -1.083181E-03  -1.963864E-04  -2.126940E-02
           215      G     -5.196793E-06   4.940450E-04  -4.197904E-04  -7.474579E-04   1.913067E-04   2.652070E-02
           216      G     -5.196793E-06  -2.137264E-04  -4.146849E-04  -7.474579E-04   1.913067E-04   2.652070E-02
           217      G     -1.309494E-04   9.070823E-06  -2.802551E-06   1.089754E-03   3.434500E-03   1.133261E-02
           218      G      5.920331E-04   9.974534E-04  -1.531448E-02  -2.391047E-01  -2.897527E-01  -7.566324E-02
           219      G     -5.164173E-05  -5.562188E-05   4.703911E-04   1.087618E-03  -1.962490E-04  -2.096198E-02
           220      G     -5.164173E-05  -6.412473E-04   4.758738E-04   1.087618E-03  -1.962490E-04  -2.096198E-02
           221      G     -5.376310E-06  -4.936858E-04   4.192880E-04   7.460661E-04   1.919302E-04   2.654333E-02
           222      G     -5.376310E-06   2.146894E-04   4.141659E-04   7.460661E-04   1.919302E-04   2.654333E-02
           223      G      5.047372E-04  -1.036198E-03   1.530622E-02   2.368659E-01  -2.775433E-01  -7.868754E-02
           224      G     -3.516508E-04   1.441301E-04  -8.186840E-02   2.577393E+00   1.874323E-01  -5.186616E-03
           225      G     -5.358806E-04   8.009512E-06  -1.496087E-01   1.290199E-03  -1.218012E-01  -4.290945E-04
           226      G     -3.265572E-04  -2.151313E-04  -4.666901E-02   1.406004E+00   1.462599E+00  -1.158538E-02
           227      G     -2.215153E-03   5.585051E-06  -8.049836E-02   1.865663E-03   3.083810E+00   2.170104E-04
           228      G     -5.072239E-04   6.085866E-06  -1.146836E-03   3.053542E-02   9.949957E-01  -2.690164E-02
           229      G     -1.886100E-03   2.255378E-06  -1.947230E-03   2.382166E-04   1.913990E-01   3.438232E-05
           230      G     -2.753665E-05  -2.751448E-04  -5.264551E-02   1.535369E+00  -1.541072E+00  -4.985265E-03
           231      G      6.354888E-04   3.470589E-05  -9.010264E-02   3.283189E-05  -2.545338E+00   5.817015E-03
           232      G     -4.070040E-04  -1.638881E-04   8.154722E-02  -2.579976E+00   1.858844E-01  -6.457540E-03
           233      G     -6.264678E-04   6.043436E-07   1.496289E-01  -3.729356E-05  -1.022828E-01   1.850182E-05
           234      G     -3.502997E-04   2.053982E-04   4.531179E-02  -1.373126E+00   1.511877E+00  -1.166885E-02
           235      G     -2.280079E-03   1.213250E-06   7.837892E-02   7.383967E-05   3.161960E+00   2.548031E-05
           236      G     -3.540444E-05   2.940486E-04   5.253411E-02  -1.522508E+00  -1.602386E+00  -8.872762E-03
           237      G      2.685260E-04   2.384131E-07   9.034023E-02   1.319750E-05  -2.778808E+00   6.175730E-06
           238      G     -3.468746E-04  -1.235977E-04  -8.185439E-02  -2.563999E+00   1.825355E-01   5.403968E-03
1                                                       **STUDENT EDITION*    APRIL  18, 2026  MSC Nastran  3/ 3/26   PAGE    84
     DEFAULT                                                                                                                        
0                                                                                                            SUBCASE 1              
      EIGENVALUE =  6.774480E+06
          CYCLES =  4.142458E+02         R E A L   E I G E N V E C T O R   N O .          8
 
      POINT ID.   TYPE          T1             T2             T3             R1             R2             R3
           239      G     -3.223296E-04   2.222505E-04  -4.668915E-02  -1.399343E+00   1.464466E+00   1.173831E-02
           240      G     -5.040610E-04  -1.077698E-06  -1.138473E-03  -2.730165E-02   9.951084E-01   2.688304E-02
           241      G     -2.996331E-05   2.897180E-04  -5.261245E-02  -1.508620E+00  -1.535340E+00   6.037085E-03
           242      G     -4.057302E-04   1.649784E-04   8.155332E-02   2.581111E+00   1.859455E-01   6.461892E-03
           243      G     -3.484455E-04  -2.030239E-04   4.531867E-02   1.375246E+00   1.511681E+00   1.170801E-02
           244      G     -3.448548E-05  -2.936064E-04   5.253955E-02   1.523223E+00  -1.602462E+00   8.881961E-03
           300      G      4.851852E-04  -1.093509E-04  -5.757437E-04  -8.698306E-03   1.143671E-02  -1.202842E-02
           301      G      5.249131E-04  -1.016398E-04  -2.595525E-04  -1.473010E-02   1.502782E-02  -3.320222E-03
           302      G      5.576859E-04  -1.621779E-07  -7.522390E-07   1.606287E-03   1.667832E-02   4.140985E-04
           303      G      7.197779E-04  -9.891458E-04  -3.120689E-03   6.990357E-02   8.719169E-02   2.564371E-02
           304      G      4.782259E-04  -4.195411E-04  -1.178427E-03  -2.662908E-03   3.121635E-02  -3.223176E-02
           305      G     -2.131620E-04  -9.488455E-04  -1.307057E-02   2.128783E-01   1.058030E-01   6.366172E-02
           306      G     -4.480720E-04  -5.483051E-05  -1.768906E-02   1.293068E-02   1.518795E-01  -3.367432E-02
           307      G      4.739253E-04   1.225543E-04   5.775065E-04   1.489179E-02   1.181181E-02  -1.508655E-02
           308      G      5.192127E-04   1.156806E-04   2.587029E-04   2.081312E-02   1.916841E-02  -4.846236E-03
           309      G      7.770994E-04   1.164083E-03   3.134707E-03  -4.628208E-02   8.590327E-02   3.344058E-02
           310      G      4.847755E-04   4.628315E-04   1.185410E-03   1.677445E-02   2.652632E-02  -3.636157E-02
           311      G     -2.702436E-04   1.043752E-03   1.312948E-02  -2.048820E-01   1.130766E-01   6.978993E-02
           312      G     -4.739568E-04   4.915917E-07   1.768802E-02  -1.081478E-04   1.556020E-01   1.733544E-05
           313      G      4.716464E-04   1.212979E-04  -5.761488E-04   1.680598E-02   1.168314E-02   1.487315E-02
           314      G      5.201588E-04   1.227767E-04  -2.602663E-04   2.292331E-02   1.845460E-02   4.734105E-03
           315      G      5.620741E-04   7.150398E-06  -1.518598E-07   2.630766E-03   1.821830E-02   3.376569E-04
           316      G      7.723430E-04   1.134878E-03  -3.130850E-03  -4.609051E-02   8.503501E-02  -3.441206E-02
           317      G      4.802790E-04   4.447241E-04  -1.184999E-03   1.687760E-02   2.650305E-02   3.609436E-02
           318      G     -2.816095E-04   1.006099E-03  -1.312642E-02  -2.093252E-01   1.133062E-01  -7.373345E-02
           319      G      4.767208E-04  -1.194704E-04   5.784211E-04  -1.284988E-02   1.185778E-02   1.522403E-02
           320      G      5.226747E-04  -1.104919E-04   2.583896E-04  -1.739441E-02   1.867955E-02   4.965320E-03
           321      G      7.787202E-04  -1.164616E-03   3.135577E-03   4.719038E-02   8.516186E-02  -3.338699E-02
           322      G      4.869255E-04  -4.612777E-04   1.185762E-03  -1.459282E-02   2.644233E-02   3.650384E-02
           323      G     -2.706356E-04  -1.043132E-03   1.312991E-02   2.052356E-01   1.122356E-01  -6.968672E-02
           324      G     -6.740947E-05  -1.178420E-04   1.443746E-02  -3.972408E-01   1.097700E-01  -9.803114E-03
           325      G     -3.753988E-04   1.409591E-05   2.074298E-02   5.278826E-03   1.182400E-01  -5.565820E-04
           326      G     -6.307101E-05  -6.822356E-06   1.066432E-02  -2.595115E-01  -2.883944E-01  -4.490841E-03
           327      G     -4.649464E-05   1.173492E-05   1.330004E-02   1.150052E-02  -4.557469E-01   2.359834E-04
           328      G     -2.020313E-05   5.882809E-06   3.834796E-04   2.555278E-03  -2.452530E-01  -1.046365E-02
           329      G     -1.364637E-04   8.440417E-06   1.549482E-05   3.248520E-03   4.653276E-02  -5.652801E-05
           330      G     -7.744699E-05  -2.299236E-04   1.179521E-03  -6.447216E-02   6.586962E-01  -1.434675E-02
           331      G     -7.069265E-04   2.671062E-05   2.065489E-03  -3.677280E-03   7.826910E-01   5.799318E-03
           332      G     -9.095145E-05   1.366362E-04  -1.395061E-02   4.066185E-01   9.582611E-02  -9.308063E-03
           333      G     -3.951570E-04   3.143430E-06  -2.086255E-02   1.364223E-03   1.207954E-01  -4.635029E-05
           334      G     -7.539031E-05   1.860508E-05  -9.898520E-03   2.599208E-01  -2.895518E-01  -4.571250E-03
           335      G     -5.469327E-05   5.474047E-06  -1.334675E-02   6.762408E-03  -4.589053E-01   1.157004E-04
           336      G     -1.231042E-04   2.586850E-04  -1.057522E-03   7.906700E-02   6.467637E-01  -1.523095E-02
           337      G     -7.352084E-04   1.265839E-06  -2.140960E-03  -5.811464E-05   7.869339E-01   3.736794E-05
           338      G     -8.759153E-05   1.427075E-04   1.405058E-02   4.032544E-01   9.169285E-02   9.145044E-03
           339      G     -7.393383E-05   2.657525E-05   1.004281E-02   2.558191E-01  -2.849173E-01   4.568430E-03
           340      G     -2.680186E-05   7.740766E-06  -1.522378E-04   9.318491E-04  -2.441724E-01   1.040551E-02
           341      G     -1.280312E-04   2.472416E-04   1.178467E-03   8.106477E-02   6.504454E-01   1.464855E-02
           342      G     -9.110991E-05  -1.319168E-04  -1.432685E-02  -4.049428E-01   1.042384E-01   9.361973E-03
           343      G     -7.732459E-05  -1.039398E-05  -1.045086E-02  -2.619539E-01  -2.880280E-01   4.674848E-03
1                                                       **STUDENT EDITION*    APRIL  18, 2026  MSC Nastran  3/ 3/26   PAGE    85
     DEFAULT                                                                                                                        
0                                                                                                            SUBCASE 1              
      EIGENVALUE =  6.774480E+06
          CYCLES =  4.142458E+02         R E A L   E I G E N V E C T O R   N O .          8
 
      POINT ID.   TYPE          T1             T2             T3             R1             R2             R3
           344      G     -1.229742E-04  -2.564508E-04  -1.206503E-03  -7.786419E-02   6.558610E-01   1.528017E-02
           400      G      1.630999E-03  -3.111299E-04  -6.376253E-04  -6.341542E-02   7.168784E-02  -1.333724E-02
           401      G      1.643698E-03  -8.751073E-04  -1.382301E-04  -1.551242E-01   6.210160E-02  -6.745530E-04
           402      G      1.568225E-03   6.541244E-06  -2.476901E-07  -2.138927E-04   5.869644E-02  -3.955588E-02
           403      G      2.095182E-03  -9.815382E-04  -4.349445E-03   3.011690E-03   1.655393E-01   3.794470E-02
           404      G      1.734312E-03  -5.770879E-04  -1.818448E-03  -1.833102E-01  -7.233963E-02  -3.289947E-03
           405      G      4.075510E-04  -9.200801E-04  -1.190720E-02   2.212415E-01   3.615265E-01   4.697529E-02
           406      G     -3.819624E-05   1.268455E-05  -1.552182E-02  -3.669117E-04   4.758524E-01  -2.351486E-03
           407      G      1.635057E-03   3.261960E-04   6.459640E-04   6.310578E-02   7.206993E-02  -1.369219E-02
           408      G      1.644824E-03   8.880009E-04   1.376499E-04   1.545890E-01   6.223079E-02  -9.956602E-04
           409      G      2.104521E-03   1.013437E-03   4.376706E-03  -3.708193E-03   1.662553E-01   3.935704E-02
           410      G      1.742518E-03   5.966463E-04   1.837554E-03   1.828270E-01  -7.214281E-02  -2.926311E-03
           411      G      4.030075E-04   9.476553E-04   1.192754E-02  -2.204069E-01   3.624027E-01   5.006614E-02
           412      G     -4.157947E-05   8.153562E-07   1.551919E-02  -1.523311E-05   4.762607E-01   4.879472E-05
           413      G      1.637993E-03   3.311426E-04  -6.455749E-04   6.273344E-02   7.213670E-02   1.361641E-02
           414      G      1.649203E-03   8.918291E-04  -1.373465E-04   1.545421E-01   6.227578E-02   1.000914E-03
           415      G      1.573591E-03   7.820529E-06  -1.185453E-06  -7.720844E-05   5.867184E-02   3.973738E-02
           416      G      2.104251E-03   1.006624E-03  -4.370646E-03  -4.575297E-03   1.660506E-01  -3.935276E-02
           417      G      1.743843E-03   5.981529E-04  -1.834955E-03   1.822227E-01  -7.215511E-02   2.741140E-03
           418      G      4.075601E-04   9.439256E-04  -1.192389E-02  -2.204538E-01   3.626197E-01  -5.051009E-02
           419      G      1.640996E-03  -3.180860E-04   6.454642E-04  -6.320652E-02   7.213471E-02   1.377393E-02
           420      G      1.650752E-03  -8.768402E-04   1.377305E-04  -1.548119E-01   6.232403E-02   1.060160E-03
           421      G      2.110489E-03  -1.011863E-03   4.377839E-03   3.397166E-03   1.665451E-01  -3.927285E-02
           422      G      1.748367E-03  -5.918744E-04   1.837922E-03  -1.831987E-01  -7.209581E-02   3.027372E-03
           423      G      4.061042E-04  -9.461339E-04   1.192729E-02   2.204437E-01   3.627320E-01  -4.997998E-02
           424      G      1.046815E-03  -4.401897E-04   6.037577E-02  -2.030687E+00  -1.187698E-03  -9.279345E-03
           425      G      6.287103E-04   9.812679E-06   1.144157E-01  -3.695441E-04   3.206845E-01  -2.691335E-05
           426      G      9.023035E-04   1.656620E-05   3.533092E-02  -1.033169E+00  -1.031201E+00  -1.296635E-03
           427      G      2.138995E-03   8.411415E-06   6.098326E-02  -1.691275E-04  -2.427285E+00   7.665954E-05
           428      G      1.030796E-03   6.522515E-06   3.056676E-06  -2.050119E-04  -7.693398E-01   1.658388E-02
           429      G      1.853765E-03   7.014865E-06   3.550665E-06  -1.753143E-04   4.588871E-02   4.711643E-05
           430      G      9.185568E-04  -1.775677E-04   2.780161E-02  -8.722036E-01   1.640514E+00  -1.740522E-02
           431      G     -5.142157E-04   1.161683E-05   5.209593E-02  -1.158947E-03   2.577789E+00   6.154164E-04
           432      G      1.044844E-03   4.541255E-04  -6.037028E-02   2.030622E+00  -1.234853E-03  -9.340279E-03
           433      G      6.253284E-04   4.102617E-06  -1.144160E-01  -3.625093E-05   3.210598E-01   5.218072E-05
           434      G      9.015444E-04  -3.602132E-06  -3.532561E-02   1.032961E+00  -1.031095E+00  -1.321087E-03
           435      G      2.137359E-03   5.563914E-06  -6.098229E-02  -1.189023E-04  -2.427437E+00   6.036701E-05
           436      G      9.148686E-04   1.951005E-04  -2.779491E-02   8.729812E-01   1.640996E+00  -1.760205E-02
           437      G     -5.188342E-04   2.440107E-06  -5.209686E-02  -1.615053E-05   2.578266E+00   6.297885E-05
           438      G      1.049702E-03   4.595284E-04   6.037478E-02   2.030709E+00  -1.583954E-03   9.354283E-03
           439      G      9.053927E-04   1.780485E-07   3.532965E-02   1.032978E+00  -1.030908E+00   1.377077E-03
           440      G      1.033792E-03   7.655672E-06   4.222818E-06   7.975241E-05  -7.693535E-01  -1.655552E-02
           441      G      9.202361E-04   1.997455E-04   2.780540E-02   8.734083E-01   1.640794E+00   1.750112E-02
           442      G      1.047714E-03  -4.460381E-04  -6.036994E-02  -2.030743E+00  -1.266071E-03   9.400512E-03
           443      G      9.043544E-04   1.484060E-05  -3.532437E-02  -1.033057E+00  -1.031075E+00   1.412708E-03
           444      G      9.178578E-04  -1.902312E-04  -2.779689E-02  -8.729425E-01   1.640902E+00   1.769491E-02
           445      G      3.693786E-03  -2.683451E-03  -4.643746E-03   1.208017E-01   6.851066E-02   6.847647E-02
           446      G      3.386459E-03  -8.829615E-04  -2.243017E-03   1.077528E-01   8.151865E-02  -1.910586E-02
           447      G      3.028964E-03  -2.696563E-04  -8.042464E-04   5.328386E-02   2.723337E-02  -2.486056E-02
           448      G      2.755355E-03  -3.498464E-05  -2.426272E-04   5.170012E-02   7.436091E-03  -3.263548E-02
1                                                       **STUDENT EDITION*    APRIL  18, 2026  MSC Nastran  3/ 3/26   PAGE    86
     DEFAULT                                                                                                                        
0                                                                                                            SUBCASE 1              
      EIGENVALUE =  6.774480E+06
          CYCLES =  4.142458E+02         R E A L   E I G E N V E C T O R   N O .          8
 
      POINT ID.   TYPE          T1             T2             T3             R1             R2             R3
           449      G      2.683628E-03   3.682526E-06  -3.203428E-07  -5.278621E-05  -1.247404E-03  -2.528046E-02
           450      G      2.508238E-03  -1.991660E-03  -1.158550E-02   1.595181E-01   1.797110E-01   1.059930E-01
           451      G      2.266312E-03   8.330845E-06  -1.477963E-02   3.095105E-04   2.505626E-01  -7.191207E-05
           452      G      3.703563E-03   2.698182E-03   4.671419E-03  -1.200742E-01   6.864378E-02   6.893007E-02
           453      G      3.395052E-03   8.929142E-04   2.262530E-03  -1.074488E-01   8.199319E-02  -1.902930E-02
           454      G      3.035994E-03   2.781899E-04   8.136767E-04  -5.342299E-02   2.755507E-02  -2.468284E-02
           455      G      2.759094E-03   4.267057E-05   2.452769E-04  -5.180513E-02   7.654111E-03  -3.258980E-02
           456      G      2.510950E-03   2.003338E-03   1.160180E-02  -1.592223E-01   1.805277E-01   1.062108E-01
           457      G      2.266960E-03   5.990416E-07   1.477702E-02   1.021064E-05   2.509825E-01   4.476434E-05
           458      G      3.706362E-03   2.702696E-03  -4.664902E-03  -1.201371E-01   6.862608E-02  -6.874847E-02
           459      G      3.398293E-03   8.979295E-04  -2.258990E-03  -1.073878E-01   8.183351E-02   1.917634E-02
           460      G      3.040624E-03   2.819442E-04  -8.121304E-04  -5.318883E-02   2.749810E-02   2.479261E-02
           461      G      2.765303E-03   4.482874E-05  -2.450306E-04  -5.151015E-02   7.581899E-03   3.273008E-02
           462      G      2.691981E-03   4.052623E-06  -1.969931E-07   2.780322E-04  -1.221038E-03   2.545283E-02
           463      G      2.513677E-03   2.009841E-03  -1.160138E-02  -1.594299E-01   1.799565E-01  -1.062475E-01
           464      G      3.710552E-03  -2.696611E-03   4.672486E-03   1.201615E-01   6.862931E-02  -6.883042E-02
           465      G      3.402178E-03  -8.900453E-04   2.262881E-03   1.075843E-01   8.202215E-02   1.909278E-02
           466      G      3.043208E-03  -2.737773E-04   8.135634E-04   5.354410E-02   2.756483E-02   2.478323E-02
           467      G      2.766690E-03  -3.667900E-05   2.449977E-04   5.197027E-02   7.634268E-03   3.271180E-02
           468      G      2.514739E-03  -2.001928E-03   1.160189E-02   1.591791E-01   1.805191E-01  -1.061075E-01
           469      G      2.871778E-03  -1.957177E-03  -7.925544E-03   1.751836E-01   1.198273E-01  -7.198082E-02
           470      G      2.769388E-03  -8.883199E-04  -6.434456E-03   2.601856E-01   5.479374E-02  -2.309413E-02
           471      G      2.670433E-03  -1.915597E-04  -4.892914E-03   2.389966E-01   5.845667E-02  -1.557705E-02
           472      G      2.613767E-03  -2.432497E-05  -2.996070E-03   1.556453E-01   7.924150E-02  -3.088768E-03
           473      G      2.592455E-03   3.428517E-06   2.641542E-06  -9.940978E-05   1.060732E-01  -4.500650E-03
           474      G      2.333157E-03  -5.490416E-04  -1.127875E-02   1.582779E-01  -2.637387E-02  -3.792715E-02
           475      G      2.322192E-03  -1.733012E-04  -1.102580E-02   2.651503E-01   7.117560E-02  -9.667487E-03
           476      G      2.367147E-03  -1.342313E-05  -7.060829E-03   1.709655E-01   2.068288E-01  -7.942533E-03
           477      G      2.384703E-03   3.451094E-06   7.310718E-06  -2.052404E-04   2.588433E-01  -8.427682E-03
           478      G      2.330324E-03  -7.933850E-04  -1.406526E-02   8.237603E-02   2.011856E-01  -2.794014E-02
           479      G      2.045317E-03  -3.722139E-04  -1.463210E-02   1.440991E-01  -8.218994E-02  -6.006057E-03
           480      G      2.109047E-03  -7.280438E-05  -1.552342E-02   1.409244E-01   7.254776E-02  -7.456284E-03
           481      G      2.184897E-03  -1.098768E-05  -1.024829E-02   1.107083E-01   2.921599E-01  -3.700703E-03
           482      G      1.998996E-03   7.310670E-06  -1.578101E-02   1.872248E-04  -1.029616E-01   6.585487E-05
           483      G      2.018131E-03   6.012612E-06  -1.698421E-02   3.368148E-05   6.847117E-02   4.910436E-05
           484      G      2.130080E-03   4.807564E-06  -1.145127E-02  -4.827908E-05   3.103955E-01   4.896832E-05
           485      G      2.225567E-03   3.596039E-06   1.270130E-05  -2.148510E-04   3.909445E-01  -3.601582E-03
           486      G      2.168763E-03   3.783167E-06   1.656024E-05  -1.002382E-04   4.490693E-01   4.553240E-05
           487      G      2.877047E-03   1.969395E-03   7.945289E-03  -1.751149E-01   1.202662E-01  -7.222090E-02
           488      G      2.773915E-03   8.982975E-04   6.449072E-03  -2.600428E-01   5.496512E-02  -2.321382E-02
           489      G      2.673849E-03   1.995821E-04   4.904521E-03  -2.389530E-01   5.865957E-02  -1.570405E-02
           490      G      2.615660E-03   3.144940E-05   3.003661E-03  -1.557940E-01   7.941517E-02  -3.143100E-03
           491      G      2.335206E-03   5.583525E-04   1.128810E-02  -1.579342E-01  -2.636062E-02  -3.803391E-02
           492      G      2.323675E-03   1.813009E-04   1.103830E-02  -2.651731E-01   7.112914E-02  -9.711900E-03
           493      G      2.367957E-03   2.056698E-05   7.075316E-03  -1.712505E-01   2.068253E-01  -7.970574E-03
           494      G      2.331628E-03   8.031179E-04   1.407231E-02  -8.183149E-02   2.017790E-01  -2.800508E-02
           495      G      2.046086E-03   3.813104E-04   1.463634E-02  -1.439141E-01  -8.230720E-02  -6.033376E-03
           496      G      2.109573E-03   8.082400E-05   1.553702E-02  -1.409320E-01   7.223075E-02  -7.488284E-03
           497      G      2.185169E-03   1.839580E-05   1.027049E-02  -1.110085E-01   2.919473E-01  -3.715436E-03
           498      G      1.999298E-03   1.381516E-06   1.578098E-02  -7.295005E-06  -1.032480E-01   3.349873E-05
1                                                       **STUDENT EDITION*    APRIL  18, 2026  MSC Nastran  3/ 3/26   PAGE    87
     DEFAULT                                                                                                                        
0                                                                                                            SUBCASE 1              
      EIGENVALUE =  6.774480E+06
          CYCLES =  4.142458E+02         R E A L   E I G E N V E C T O R   N O .          8
 
      POINT ID.   TYPE          T1             T2             T3             R1             R2             R3
           499      G      2.018248E-03   2.143828E-06   1.699841E-02  -5.550463E-05   6.797767E-02   3.527210E-05
           500      G      2.130139E-03   2.908526E-06   1.147885E-02  -8.921703E-05   3.100136E-01   3.915713E-05
           501      G      2.880247E-03   1.975051E-03  -7.940961E-03  -1.752039E-01   1.199895E-01   7.220863E-02
           502      G      2.777713E-03   9.034328E-04  -6.446496E-03  -2.601546E-01   5.499703E-02   2.321394E-02
           503      G      2.678230E-03   2.035835E-04  -4.898467E-03  -2.388331E-01   5.870532E-02   1.573469E-02
           504      G      2.621041E-03   3.387937E-05  -2.995120E-03  -1.554723E-01   7.944869E-02   3.191852E-03
           505      G      2.599096E-03   4.134203E-06   6.860670E-06   2.639073E-04   1.061069E-01   4.568312E-03
           506      G      2.338229E-03   5.637235E-04  -1.128905E-02  -1.580505E-01  -2.617993E-02   3.809376E-02
           507      G      2.327087E-03   1.853211E-04  -1.102933E-02  -2.650597E-01   7.143720E-02   9.770302E-03
           508      G      2.371811E-03   2.298125E-05  -7.058057E-03  -1.709224E-01   2.070107E-01   8.043590E-03
           509      G      2.389104E-03   4.087123E-06   1.317611E-05   2.324319E-04   2.588861E-01   8.523421E-03
           510      G      2.332890E-03   8.101087E-04  -1.407596E-02  -8.197541E-02   2.013124E-01   2.809165E-02
           511      G      2.047701E-03   3.869653E-04  -1.463840E-02  -1.438963E-01  -8.203418E-02   6.096451E-03
           512      G      2.111430E-03   8.478425E-05  -1.552517E-02  -1.408154E-01   7.270661E-02   7.565781E-03
           513      G      2.187206E-03   2.059643E-05  -1.024618E-02  -1.107777E-01   2.922748E-01   3.799157E-03
           514      G      2.227775E-03   3.956851E-06   1.683322E-05   7.416349E-05   3.909750E-01   3.690809E-03
           515      G      2.882545E-03  -1.968045E-03   7.946587E-03   1.750754E-01   1.202546E-01   7.226696E-02
           516      G      2.779474E-03  -8.954212E-04   6.450628E-03   2.600375E-01   5.493293E-02   2.328154E-02
           517      G      2.679603E-03  -1.952265E-04   4.906889E-03   2.390428E-01   5.861283E-02   1.576474E-02
           518      G      2.621747E-03  -2.556674E-05   3.007140E-03   1.559440E-01   7.935083E-02   3.207384E-03
           519      G      2.339013E-03  -5.555625E-04   1.128931E-02   1.579314E-01  -2.643753E-02   3.809963E-02
           520      G      2.327603E-03  -1.769863E-04   1.104162E-02   2.651758E-01   7.103845E-02   9.786083E-03
           521      G      2.372094E-03  -1.474615E-05   7.080551E-03   1.712714E-01   2.067615E-01   8.049328E-03
           522      G      2.333548E-03  -8.019442E-04   1.407204E-02   8.183694E-02   2.017716E-01   2.807103E-02
           523      G      2.048048E-03  -3.785127E-04   1.463701E-02   1.438783E-01  -8.236189E-02   6.112701E-03
           524      G      2.111583E-03  -7.654044E-05   1.553933E-02   1.408613E-01   7.216254E-02   7.566426E-03
           525      G      2.187268E-03  -1.257818E-05   1.027424E-02   1.108855E-01   2.919055E-01   3.798807E-03
          1000      G     -1.425534E-02   3.905696E-07  -1.406038E-06   2.950448E-05  -1.575458E+00  -2.217428E+00
          1001      G     -1.456103E-02   3.309725E-04  -6.195905E-04   5.486736E-03  -1.109680E-03  -7.227271E+00
          1002      G     -1.312042E-02  -8.500735E-05  -6.022895E-04   8.347668E-04  -1.853271E-04  -6.510904E+00
          1003      G     -1.484939E-02   2.442327E-07  -1.256237E-05   7.524888E-04   3.318745E+01   1.445569E-01
          1004      G     -1.310266E-02   2.386380E-03  -8.707461E-01   3.140710E+01   2.559810E+01   6.881652E-02
          1005      G     -1.386594E-02   3.207305E-03  -1.351415E+00   5.623254E+01   3.819125E+00   1.034114E-03
          1006      G      2.071074E-03   2.693986E-07  -3.376874E-05   3.021322E-05   2.036101E+00   5.258179E-05
          1007      G     -8.221509E-03   1.387014E-06  -1.445298E+00  -2.092493E-05   8.476134E+01   3.348889E-05
          1008      G     -1.554215E-02   1.503556E-06  -2.564319E+00   1.676723E-04  -3.651363E+00   4.452243E-05
          1009      G     -1.029283E-02   4.394905E-03  -6.285503E-04   4.083885E-03   2.009559E-03  -5.110998E+00
          1010      G     -6.099873E-03   5.316125E-03  -2.763443E-04   8.462368E-04  -2.280197E-04  -2.868152E+00
          1011      G     -1.592156E-02   4.054084E-03  -7.885881E-01   2.985836E+01  -4.055158E+01  -1.017690E-01
          1012      G     -1.916126E-02  -7.332785E-06  -4.141342E-02  -1.211117E+00  -5.412075E+00   7.545698E+00
          1013      G     -2.186612E-02   3.594374E-06  -1.429810E+00   1.942879E-03  -7.646785E+01   8.252089E-05
          1014      G     -2.882338E-02   5.357180E-06  -6.259605E-02   3.523139E-03  -7.783265E+00   3.260665E-03
          1015      G     -1.455988E-02  -3.305038E-04   6.195523E-04  -5.488650E-03  -1.107384E-03  -7.226940E+00
          1016      G     -1.311880E-02   8.740561E-05   6.023208E-04  -8.365813E-04  -1.830649E-04  -6.510336E+00
          1017      G     -1.310253E-02  -2.385467E-03   8.707365E-01  -3.140623E+01   2.559890E+01   6.878212E-02
          1018      G     -1.386552E-02  -3.203954E-03   1.351434E+00  -5.623254E+01   3.820342E+00   1.020102E-03
          1019      G     -8.221606E-03  -2.038157E-07   1.445262E+00   8.782025E-05   8.476360E+01   2.644132E-05
          1020      G     -1.554197E-02  -6.523016E-07   2.564322E+00   9.211532E-05  -3.651383E+00   2.265553E-05
          1021      G     -1.029224E-02  -4.382806E-03   6.262487E-04  -4.066689E-03   2.011244E-03  -5.114490E+00
          1022      G     -6.095148E-03  -5.322468E-03   2.740573E-04  -8.338800E-04  -2.297350E-04  -2.869141E+00
1                                                       **STUDENT EDITION*    APRIL  18, 2026  MSC Nastran  3/ 3/26   PAGE    88
     DEFAULT                                                                                                                        
0                                                                                                            SUBCASE 1              
      EIGENVALUE =  6.774480E+06
          CYCLES =  4.142458E+02         R E A L   E I G E N V E C T O R   N O .          8
 
      POINT ID.   TYPE          T1             T2             T3             R1             R2             R3
          1023      G     -1.591825E-02  -4.052625E-03   7.886440E-01  -2.985999E+01  -4.055008E+01  -1.018002E-01
          1024      G     -1.915747E-02   1.304564E-05   4.149186E-02   1.208280E+00  -5.412116E+00   7.538174E+00
          1025      G     -2.186690E-02  -1.128152E-06   1.429846E+00   7.522050E-05  -7.646575E+01   2.172666E-05
          1026      G     -2.882503E-02  -1.619350E-06   6.265286E-02  -2.684618E-05  -7.783877E+00  -8.647703E-04
          1027      G     -1.425010E-02   5.410672E-07  -2.660461E-06   7.152386E-05  -1.575402E+00   2.215703E+00
          1028      G     -1.455448E-02  -3.296482E-04  -6.200379E-04  -5.489404E-03  -1.107320E-03   7.224582E+00
          1029      G     -1.311313E-02   8.748928E-05  -6.027987E-04  -8.380058E-04  -1.829712E-04   6.507844E+00
          1030      G     -1.484597E-02   4.064917E-07  -2.180727E-05  -6.022236E-04   3.318753E+01  -1.445090E-01
          1031      G     -1.309901E-02  -2.384759E-03  -8.707570E-01  -3.140676E+01   2.559814E+01  -6.872442E-02
          1032      G     -1.386187E-02  -3.201096E-03  -1.351436E+00  -5.623218E+01   3.819859E+00  -9.576278E-04
          1033      G     -1.028653E-02  -4.376339E-03  -6.262000E-04  -4.061204E-03   2.011893E-03   5.113126E+00
          1034      G     -6.087774E-03  -5.320703E-03  -2.740210E-04  -8.300793E-04  -2.303219E-04   2.866792E+00
          1035      G     -1.591401E-02  -4.049106E-03  -7.886447E-01  -2.985961E+01  -4.054954E+01   1.018645E-01
          1036      G     -1.915330E-02   1.945192E-05  -4.149672E-02   1.208504E+00  -5.412353E+00  -7.537665E+00
          1037      G     -1.455535E-02   3.306237E-04   6.195028E-04   5.487685E-03  -1.106698E-03   7.224895E+00
          1038      G     -1.311460E-02  -8.703495E-05   6.022895E-04   8.360694E-04  -1.823906E-04   6.508455E+00
          1039      G     -1.309956E-02   2.385397E-03   8.707284E-01   3.140628E+01   2.559892E+01  -6.873872E-02
          1040      G     -1.386307E-02   3.202932E-03   1.351427E+00   5.623255E+01   3.820428E+00  -9.758961E-04
          1041      G     -1.028816E-02   4.380845E-03   6.263637E-04   4.066500E-03   2.011618E-03   5.112565E+00
          1042      G     -1.591619E-02   4.050609E-03   7.886397E-01   2.985999E+01  -4.054998E+01   1.018474E-01
          1043      G     -1.915543E-02  -1.637657E-05   4.149124E-02  -1.208174E+00  -5.411938E+00  -7.539361E+00
          1044      G     -6.091231E-03   5.318947E-03   2.741824E-04   8.336390E-04  -2.293227E-04   2.867304E+00
          2000      G     -1.291431E-03   4.455545E-07   1.418375E-06  -6.113138E-04   3.494921E-03  -5.812075E-01
          2001      G     -1.290492E-03   1.936779E-04  -4.290021E-04   1.089664E-03   1.076569E-04  -6.145422E-01
          2002      G     -1.199450E-03  -4.423152E-04  -4.317780E-04   6.211593E-04   1.633281E-04  -5.692701E-01
          2003      G     -1.409966E-03   3.867141E-06  -1.184429E-03   4.779000E-02   1.951591E+00   5.936756E-03
          2004      G     -1.366000E-03   7.707244E-05  -5.138046E-02   1.809212E+00   1.487699E+00   2.045716E-03
          2005      G     -1.411085E-03   9.897674E-05  -8.067483E-02   3.237660E+00   3.365046E-01  -1.137561E-03
          2006      G     -5.432206E-04   4.198797E-07  -1.947411E-03   2.383135E-04   1.916759E-01  -2.408197E-05
          2007      G     -1.101689E-03   6.311100E-07  -8.435186E-02   6.462096E-04   4.832973E+00  -5.314531E-05
          2008      G     -1.502704E-03  -2.107072E-06  -1.496205E-01   1.290635E-03  -1.218517E-01  -6.140778E-05
          2009      G     -1.051297E-03  -1.218581E-04  -4.919375E-04   1.224261E-03  -5.042173E-05  -5.189256E-01
          2010      G     -6.212790E-04   4.140272E-04  -4.689665E-04   1.197802E-03  -2.809050E-04  -2.818952E-01
          2011      G     -1.418786E-03   1.525539E-04  -5.427283E-02   1.894372E+00  -2.028433E+00  -9.424318E-03
          2012      G     -1.666350E-03  -2.952379E-04  -1.638667E-02   2.722879E-01  -2.902594E-01  -1.455403E+00
          2013      G     -1.970930E-03  -2.703447E-06  -9.305695E-02   7.653893E-03  -3.919585E+00  -4.191269E-05
          2014      G     -2.371453E-03  -5.129790E-06  -2.279179E-02   1.108668E-02  -3.384099E-01  -1.511820E-02
          2015      G     -1.292338E-03  -1.924487E-04   4.286782E-04  -1.088192E-03   1.070457E-04  -6.157323E-01
          2016      G     -1.203913E-03   4.451814E-04   4.318543E-04  -6.210870E-04   1.647542E-04  -5.717695E-01
          2017      G     -1.359144E-03  -6.816593E-05   4.977647E-02  -1.751084E+00   1.536591E+00   2.203951E-03
          2018      G     -1.402362E-03  -9.159086E-05   8.028491E-02  -3.225571E+00   3.655340E-01  -6.631098E-04
          2019      G     -1.078197E-03   8.464772E-07   8.212834E-02   1.028853E-04   4.951449E+00  -2.273681E-05
          2020      G     -1.444491E-03   9.189420E-07   1.496396E-01  -3.725622E-05  -1.023490E-01  -1.822129E-05
          2021      G     -1.066741E-03   1.251955E-04   4.896248E-04  -1.205941E-03  -4.703235E-05  -5.304790E-01
          2022      G     -6.308432E-04  -4.358303E-04   4.670486E-04  -1.192181E-03  -2.814689E-04  -2.902141E-01
          2023      G     -1.400912E-03  -1.532369E-04   5.418547E-02  -1.875440E+00  -2.028811E+00  -8.658572E-03
          2024      G     -1.659053E-03   2.711182E-04   1.642722E-02  -2.365470E-01  -2.772668E-01  -1.398212E+00
          2025      G     -1.910824E-03   1.311532E-06   9.310714E-02   6.295527E-05  -3.931469E+00  -1.865218E-05
          2026      G     -2.287833E-03   1.691726E-06   2.275889E-02   2.288037E-04  -3.258183E-01   1.651360E-03
          2027      G     -1.296348E-03  -1.100147E-07   1.406227E-06   1.089843E-03   3.367949E-03   5.833779E-01
1                                                       **STUDENT EDITION*    APRIL  18, 2026  MSC Nastran  3/ 3/26   PAGE    89
     DEFAULT                                                                                                                        
0                                                                                                            SUBCASE 1              
      EIGENVALUE =  6.774480E+06
          CYCLES =  4.142458E+02         R E A L   E I G E N V E C T O R   N O .          8
 
      POINT ID.   TYPE          T1             T2             T3             R1             R2             R3
          2028      G     -1.296634E-03  -1.924999E-04  -4.294263E-04  -1.090762E-03   1.099398E-04   6.182169E-01
          2029      G     -1.208588E-03   4.442882E-04  -4.322747E-04  -6.219859E-04   1.653791E-04   5.744389E-01
          2030      G     -1.413803E-03  -2.664901E-06  -1.152629E-03  -4.219597E-02   1.951760E+00  -5.970431E-03
          2031      G     -1.370908E-03  -7.639749E-05  -5.134370E-02  -1.799742E+00   1.486768E+00  -2.081737E-03
          2032      G     -1.416035E-03  -9.760982E-05  -8.064967E-02  -3.222157E+00   3.389347E-01   1.011370E-03
          2033      G     -1.065145E-03   1.293777E-04  -4.895567E-04  -1.199045E-03  -4.781888E-05   5.311863E-01
          2034      G     -6.278559E-04  -4.378054E-04  -4.669252E-04  -1.187514E-03  -2.836324E-04   2.898589E-01
          2035      G     -1.420913E-03  -1.592780E-04  -5.433247E-02  -1.874675E+00  -2.025329E+00   9.219660E-03
          2036      G     -1.671197E-03   2.841588E-04  -1.648627E-02  -2.390654E-01  -2.897963E-01   1.379207E+00
          2037      G     -1.296442E-03   1.926684E-04   4.286353E-04   1.087247E-03   1.076535E-04   6.180053E-01
          2038      G     -1.207718E-03  -4.445812E-04   4.318249E-04   6.198721E-04   1.653189E-04   5.738937E-01
          2039      G     -1.362152E-03   6.922532E-05   4.980116E-02   1.754589E+00   1.536048E+00  -2.232646E-03
          2040      G     -1.404664E-03   9.317687E-05   8.030267E-02   3.227712E+00   3.654482E-01   6.267824E-04
          2041      G     -1.070466E-03  -1.232046E-04   4.897424E-04   1.205691E-03  -4.667005E-05   5.324618E-01
          2042      G     -6.343651E-04   4.396869E-04   4.671786E-04   1.192174E-03  -2.812463E-04   2.920797E-01
          2043      G     -1.402778E-03   1.556699E-04   5.419626E-02   1.876537E+00  -2.029207E+00   8.618444E-03
          2044      G     -1.660817E-03  -2.677326E-04   1.642893E-02   2.368262E-01  -2.775849E-01   1.400859E+00
          3000      G      5.461671E-04  -1.307572E-05  -7.200714E-06   1.606919E-03   1.668201E-02  -7.239268E-02
          3001      G      5.576701E-04   1.290288E-05  -1.995248E-04  -1.474588E-02   1.503349E-02  -4.000296E-02
          3002      G      5.442199E-04  -4.396639E-05  -5.400128E-04  -8.690328E-03   1.143591E-02  -3.913045E-03
          3003      G      5.361170E-04  -1.675533E-05   6.390515E-05   1.767511E-03  -2.736343E-01  -2.566886E-03
          3004      G      4.952035E-04  -5.904007E-05   7.492733E-03  -2.876726E-01  -2.073267E-01  -1.706523E-03
          3005      G      4.776078E-04  -1.082787E-04   9.735909E-03  -5.015930E-01   9.935304E-02  -1.185227E-03
          3006      G      2.554136E-04  -1.734151E-05   1.549401E-05   3.248219E-03   4.653013E-02  -1.485629E-04
          3007      G      4.188322E-04  -2.283298E-05   1.252298E-02   5.225979E-03  -7.381785E-01  -1.359522E-04
          3008      G      5.587069E-04  -2.789992E-05   2.074357E-02   5.278601E-03   1.182520E-01  -1.136161E-04
          3009      G      4.701853E-04  -2.669853E-04  -1.105714E-03  -2.667897E-03   3.120670E-02  -9.642631E-02
          3010      G      3.268848E-04  -4.445245E-04  -3.052768E-03   6.988935E-02   8.721198E-02  -5.720943E-01
          3011      G      5.179280E-04  -1.931102E-04  -1.103087E-03  -1.063788E-01   6.297845E-01   7.908402E-05
          3012      G      6.235932E-04  -2.046470E-04  -1.264649E-02   2.128812E-01   1.058130E-01  -1.280487E+00
          3013      G      6.349821E-04  -3.184776E-05   2.005418E-03   4.445932E-03   1.125703E+00  -1.222817E-04
          3014      G      7.495292E-04  -3.706303E-05  -1.708078E-02   1.292872E-02   1.518760E-01  -2.657419E-02
          3015      G      5.587579E-04  -4.721820E-05   1.743560E-04   2.082852E-02   1.917331E-02  -5.152668E-02
          3016      G      5.470733E-04   7.860574E-06   5.170347E-04   1.488422E-02   1.181100E-02   4.701052E-03
          3017      G      4.979499E-04   2.514051E-05  -7.416945E-03   2.919658E-01  -2.082294E-01  -1.659471E-03
          3018      G      4.824174E-04   6.959424E-05  -9.711118E-03   5.106157E-01   9.786373E-02  -1.133413E-03
          3019      G      4.196887E-04  -1.187852E-05  -1.257969E-02   2.258168E-03  -7.434256E-01  -1.412222E-04
          3020      G      5.593825E-04  -7.669591E-06  -2.086314E-02   1.364014E-03   1.208074E-01  -1.226953E-04
          3021      G      4.793118E-04   2.184579E-04   1.065630E-03   1.677797E-02   2.651681E-02  -7.230078E-02
          3022      G      3.416287E-04   3.998005E-04   2.977545E-03  -4.627108E-02   8.592264E-02  -5.959381E-01
          3023      G      5.216540E-04   1.523554E-04   1.071225E-03   1.164886E-01   6.267726E-01   2.876860E-05
          3024      G      6.243385E-04   1.665844E-04   1.267625E-02  -2.048876E-01   1.130865E-01  -1.321274E+00
          3025      G      6.368622E-04  -4.070727E-06  -2.088207E-03   6.339561E-04   1.126774E+00  -1.071299E-04
          3026      G      7.530960E-04  -1.245912E-06   1.706482E-02  -1.080095E-04   1.555980E-01  -1.314278E-03
          3027      G      5.278194E-04  -1.387017E-05   1.037275E-05   2.631084E-03   1.822130E-02   8.910918E-02
          3028      G      5.395543E-04  -5.690104E-05  -1.674848E-04   2.293875E-02   1.845930E-02   5.886704E-02
          3029      G      5.280360E-04  -8.714296E-06  -5.080237E-04   1.679875E-02   1.168233E-02   3.370564E-03
          3030      G      5.285111E-04  -1.627127E-05   3.667933E-05  -1.112006E-03  -2.731817E-01   2.257753E-03
          3031      G      4.890354E-04   1.552231E-05   7.467700E-03   2.870102E-01  -2.056648E-01   1.366153E-03
          3032      G      4.729404E-04   5.074546E-05   9.723245E-03   5.052260E-01   9.732300E-02   8.508919E-04
1                                                       **STUDENT EDITION*    APRIL  18, 2026  MSC Nastran  3/ 3/26   PAGE    90
     DEFAULT                                                                                                                        
0                                                                                                            SUBCASE 1              
      EIGENVALUE =  6.774480E+06
          CYCLES =  4.142458E+02         R E A L   E I G E N V E C T O R   N O .          8
 
      POINT ID.   TYPE          T1             T2             T3             R1             R2             R3
          3033      G      4.613352E-04   1.928756E-04  -1.064859E-03   1.688093E-02   2.649358E-02   7.921077E-02
          3034      G      3.252255E-04   3.644820E-04  -2.976382E-03  -4.607954E-02   8.505412E-02   5.992419E-01
          3035      G      5.122731E-04   1.248218E-04  -1.053491E-03   1.142016E-01   6.267536E-01  -2.508671E-04
          3036      G      6.148237E-04   1.349071E-04  -1.267231E-02  -2.093309E-01   1.133162E-01   1.339870E+00
          3037      G      5.409253E-04   2.517198E-05   1.877228E-04  -1.740972E-02   1.868429E-02   6.010116E-02
          3038      G      5.304372E-04  -2.108821E-05   5.261168E-04  -1.284201E-02   1.185689E-02   5.048464E-03
          3039      G      4.895216E-04  -4.763766E-05  -7.436072E-03  -2.919086E-01  -2.077800E-01   1.378476E-03
          3040      G      4.743291E-04  -8.426762E-05  -9.722396E-03  -5.103801E-01   9.813416E-02   8.867790E-04
          3041      G      4.644013E-04  -2.261037E-04   1.074880E-03  -1.459625E-02   2.643271E-02   8.033694E-02
          3042      G      3.283245E-04  -3.987250E-04   2.985016E-03   4.717984E-02   8.518088E-02   6.003484E-01
          3043      G      5.141255E-04  -1.596035E-04   1.074539E-03  -1.166813E-01   6.274236E-01  -2.367665E-04
          3044      G      6.172015E-04  -1.691396E-04   1.268005E-02   2.052415E-01   1.122452E-01   1.320989E+00
          4000      G      2.994030E-03   8.260338E-06   6.069445E-07  -2.139556E-04   5.872506E-02   5.177717E-01
          4001      G      3.052381E-03   3.303738E-04   4.914199E-04  -1.552391E-01   6.213817E-02   4.569169E-01
          4002      G      3.047657E-03   1.710498E-04  -3.765288E-04  -6.342058E-02   7.170400E-02   4.355600E-01
          4003      G      3.210259E-03   8.377220E-06   3.906911E-06  -1.669523E-05  -1.618112E+00  -4.161480E-03
          4004      G      3.073452E-03  -9.944215E-06   4.076272E-02  -1.357668E+00  -1.079111E+00  -1.232718E-03
          4005      G      3.050193E-03   1.959179E-06   6.024896E-02  -2.542340E+00  -7.972445E-02  -3.353905E-04
          4006      G      2.369896E-03   8.412996E-06   3.551269E-06  -1.753053E-04   4.564999E-02   7.616063E-05
          4007      G      2.860662E-03   1.059603E-05   6.515685E-02  -1.947535E-04  -3.888574E+00   7.938400E-05
          4008      G      3.165945E-03   1.276401E-05   1.144263E-01  -3.695151E-04   3.207584E-01   8.008341E-05
          4009      G      2.964781E-03  -2.769256E-05  -1.225318E-03  -1.833561E-01  -7.242624E-02   9.054567E-01
          4010      G      2.767499E-03  -3.233172E-04  -3.709071E-03   3.029964E-03   1.655529E-01  -3.692162E-01
          4011      G      3.117473E-03  -1.213862E-04   2.970196E-02  -1.152016E+00   2.106761E+00   2.417897E-03
          4012      G      3.258685E-03  -1.746750E-05  -1.044811E-02   2.212766E-01   3.616519E-01  -1.374264E+00
          4013      G      3.390722E-03   1.483024E-05   5.493469E-02  -5.154720E-04   3.823520E+00   8.851467E-05
          4014      G      3.686090E-03   1.748440E-05  -1.360190E-02  -3.667994E-04   4.760021E-01   1.406431E-03
          4015      G      3.053078E-03  -3.132253E-04  -4.898563E-04   1.547039E-01   6.226736E-02   4.565107E-01
          4016      G      3.048967E-03  -1.534841E-04   3.861100E-04   6.311076E-02   7.208609E-02   4.330285E-01
          4017      G      3.073536E-03   2.679344E-05  -4.075618E-02   1.357812E+00  -1.079146E+00  -1.246078E-03
          4018      G      3.050422E-03   1.562184E-05  -6.024230E-02   2.542601E+00  -7.964509E-02  -3.646920E-04
          4019      G      2.860440E-03   6.397669E-06  -6.515513E-02  -1.635187E-04  -3.888961E+00   7.438731E-05
          4020      G      3.165570E-03   4.393313E-06  -1.144265E-01  -3.624247E-05   3.211337E-01   7.211188E-05
          4021      G      2.966079E-03   4.686032E-05   1.245956E-03   1.828730E-01  -7.222948E-02   9.008669E-01
          4022      G      2.767233E-03   3.451572E-04   3.736254E-03  -3.725824E-03   1.662693E-01  -3.783459E-01
          4023      G      3.118092E-03   1.402345E-04  -2.969204E-02   1.152654E+00   2.106803E+00   2.392328E-03
          4024      G      3.260930E-03   3.678829E-05   1.046495E-02  -2.204419E-01   3.625273E-01  -1.378154E+00
          4025      G      3.390581E-03   2.572162E-06  -5.493624E-02   9.003618E-06   3.823137E+00   6.983687E-05
          4026      G      3.685943E-03   7.637803E-07   1.359764E-02  -1.523463E-05   4.764103E-01  -1.345970E-04
          4027      G      3.006153E-03   8.447311E-06  -1.492585E-06  -7.725719E-05   5.870051E-02  -5.214193E-01
          4028      G      3.064923E-03  -3.090242E-04   4.899730E-04   1.546571E-01   6.231240E-02  -4.600609E-01
          4029      G      3.060597E-03  -1.455597E-04  -3.872081E-04   6.273838E-02   7.215290E-02  -4.370238E-01
          4030      G      3.216529E-03   8.535482E-06   5.602815E-06   8.810600E-05  -1.618025E+00   4.313719E-03
          4031      G      3.079883E-03   3.104489E-05   4.076360E-02   1.357778E+00  -1.079096E+00   1.391857E-03
          4032      G      3.056817E-03   2.375260E-05   6.024828E-02   2.542749E+00  -7.960414E-02   5.042666E-04
          4033      G      2.977529E-03   5.828104E-05  -1.245800E-03   1.822686E-01  -7.224172E-02  -9.057826E-01
          4034      G      2.778970E-03   3.589697E-04  -3.734476E-03  -4.593026E-03   1.660645E-01   3.715046E-01
          4035      G      3.124636E-03   1.519312E-04   2.969922E-02   1.152824E+00   2.106688E+00  -2.257980E-03
          4036      G      3.267204E-03   5.168127E-05  -1.046044E-02  -2.204888E-01   3.627443E-01   1.369495E+00
          4037      G      3.064867E-03   3.261603E-04  -4.906692E-04  -1.549269E-01   6.236064E-02  -4.591278E-01
1                                                       **STUDENT EDITION*    APRIL  18, 2026  MSC Nastran  3/ 3/26   PAGE    91
     DEFAULT                                                                                                                        
0                                                                                                            SUBCASE 1              
      EIGENVALUE =  6.774480E+06
          CYCLES =  4.142458E+02         R E A L   E I G E N V E C T O R   N O .          8
 
      POINT ID.   TYPE          T1             T2             T3             R1             R2             R3
          4038      G      3.060464E-03   1.624002E-04   3.852073E-04  -6.321153E-02   7.215087E-02  -4.356248E-01
          4039      G      3.079652E-03  -1.402920E-05  -4.075366E-02  -1.357744E+00  -1.079165E+00   1.393409E-03
          4040      G      3.056365E-03  -6.739866E-06  -6.024203E-02  -2.542673E+00  -7.975286E-02   5.078365E-04
          4041      G      2.977336E-03  -4.164069E-05   1.244741E-03  -1.832447E-01  -7.218248E-02  -9.034774E-01
          4042      G      2.778322E-03  -3.438847E-04   3.734989E-03   3.414751E-03   1.665592E-01   3.768651E-01
          4043      G      3.123896E-03  -1.351351E-04  -2.969525E-02  -1.152613E+00   2.106720E+00  -2.252926E-03
          4044      G      3.266659E-03  -3.522628E-05   1.046339E-02   2.204786E-01   3.628566E-01   1.378234E+00
1                                                       **STUDENT EDITION*    APRIL  18, 2026  MSC Nastran  3/ 3/26   PAGE    92
     DEFAULT                                                                                                                        
0                                                                                                            SUBCASE 1              
      EIGENVALUE =  7.062586E+06
          CYCLES =  4.229626E+02         R E A L   E I G E N V E C T O R   N O .          9
 
      POINT ID.   TYPE          T1             T2             T3             R1             R2             R3
             1      G      0.0            0.0            0.0            0.0            0.0            0.0
             2      G      0.0            0.0            0.0            0.0            0.0            0.0
             3      G      0.0            0.0            0.0            0.0            0.0            0.0
             4      G      0.0            0.0            0.0            0.0            0.0            0.0
             5      G      0.0            0.0            0.0            0.0            0.0            0.0
             6      G      0.0            0.0            0.0            0.0            0.0            0.0
             7      G      0.0            0.0            0.0            0.0            0.0            0.0
             8      G      0.0            0.0            0.0            0.0            0.0            0.0
            10      G     -2.083643E-05  -1.915013E-06  -8.388156E-05  -1.258257E-04   2.998117E-06   1.649732E-03
            11      G      2.101917E-05  -1.609854E-06   8.371676E-05  -1.261034E-04  -1.418246E-06   1.646497E-03
            12      G     -1.781732E-05  -4.282906E-06  -2.183369E-04  -1.290143E-04  -3.719817E-05   3.292666E-03
            13      G      1.805301E-05  -4.104394E-06   2.183483E-04  -1.292961E-04   3.784518E-05   3.344147E-03
            14      G      1.867852E-05  -4.172777E-06  -2.177704E-04  -1.293301E-04   4.105429E-05  -3.348930E-03
            15      G     -1.963994E-05  -3.987686E-06   2.177953E-04  -1.298958E-04  -4.511557E-05  -3.190467E-03
            16      G      2.203311E-05   1.197340E-07  -8.350835E-05  -1.331570E-04   2.900165E-06  -1.564199E-03
            17      G     -2.069922E-05  -7.100769E-06   8.282614E-05  -9.924792E-05  -4.046464E-06  -2.130321E-03
           100      G     -3.051155E-05   1.480723E-05   6.735882E-04   8.182834E-03  -3.590737E-05   1.696046E-03
           101      G     -2.922629E-06   2.810178E-05   1.895841E-04   7.630473E-03   1.154783E-05  -1.114514E-03
           102      G     -2.155951E-05   9.676860E-06   5.921956E-04   3.212786E-03  -5.092292E-03   1.791117E-04
           103      G     -6.908433E-07   1.038112E-05   1.139609E-04   7.035194E-03  -3.394257E-03   5.081869E-04
           104      G     -1.174645E-06   2.237618E-05   7.591957E-04   9.207875E-03  -7.224760E-04  -1.881828E-05
           105      G     -7.007124E-07   1.805245E-05   2.816341E-05   6.929684E-03  -2.764377E-04   1.919756E-06
           106      G     -4.356844E-05  -6.395250E-05   2.196174E-04  -1.298958E-04  -4.511557E-05  -3.190467E-03
           107      G     -4.356844E-05   2.119308E-05   2.184134E-04  -1.298958E-04  -4.511557E-05  -3.190467E-03
           108      G     -2.561174E-07   7.505296E-05   1.042724E-03   1.643646E-02   1.123508E-05   3.661387E-05
           109      G     -3.667663E-05  -2.307818E-05   8.360085E-05  -9.924792E-05  -4.046464E-06  -2.130321E-03
           110      G     -1.862288E-05   5.273017E-05   1.098180E-03  -7.049423E-03  -4.379458E-04   7.114226E-03
           111      G     -3.667663E-05   3.643767E-05   8.348780E-05  -9.924792E-05  -4.046464E-06  -2.130321E-03
           112      G     -4.083851E-05   5.576495E-05   8.242849E-04   1.506168E-03  -1.587379E-02   5.287335E-04
           113      G      1.712278E-06   2.972273E-04   5.472725E-05   4.491130E-02  -8.981065E-04  -1.792152E-02
           114      G     -4.198142E-06   5.649903E-05   1.184688E-04   2.016088E-02   3.783966E-03   1.034487E-02
           115      G      2.706381E-05   1.605602E-05   5.506473E-04   1.457751E-02   6.270152E-04  -1.819343E-03
           116      G     -2.074928E-06   3.027626E-05  -1.565669E-04   7.915856E-03   8.478089E-05   1.162787E-03
           117      G      1.873973E-05   9.260323E-06   5.183513E-04   6.611820E-03   3.053746E-03  -1.925357E-04
           118      G     -3.943665E-08   1.081848E-05  -6.952123E-05   7.241132E-03  -3.885058E-03  -5.712494E-04
           119      G      4.313412E-05  -6.695764E-05   2.200293E-04  -1.292961E-04   3.784518E-05   3.344147E-03
           120      G      4.313412E-05   2.228930E-05   2.190193E-04  -1.292961E-04   3.784518E-05   3.344147E-03
           121      G      3.336790E-05  -1.395858E-05   8.465189E-05  -1.261034E-04  -1.418246E-06   1.646497E-03
           122      G      5.362165E-06   7.028073E-05   1.232558E-03  -5.554530E-03   1.843046E-03  -6.438025E-03
           123      G      3.336790E-05   3.204043E-05   8.469152E-05  -1.261034E-04  -1.418246E-06   1.646497E-03
           124      G      3.509017E-05   6.189862E-05   8.206485E-04   5.654915E-03   2.225153E-02  -7.016512E-04
           125      G     -3.375854E-06   3.157897E-04  -5.804167E-06   4.617479E-02   3.539002E-04   1.947778E-02
           126      G     -3.748103E-06   6.136469E-05  -8.603410E-05   2.053329E-02   3.021862E-03  -1.110897E-02
           127      G      2.509928E-05   1.491947E-05  -5.572835E-04   1.497989E-02   1.087806E-03   1.832071E-03
           128      G      1.757333E-05   8.401165E-06  -5.191159E-04   7.327696E-03   2.974908E-03   1.891527E-04
           129      G     -1.559252E-06   2.241790E-05  -7.605314E-04   1.008688E-02  -1.037492E-03  -3.067666E-06
           130      G      4.379550E-05  -6.711592E-05  -2.195120E-04  -1.293301E-04   4.105429E-05  -3.348930E-03
           131      G      4.379550E-05   2.225866E-05  -2.184163E-04  -1.293301E-04   4.105429E-05  -3.348930E-03
           132      G      1.383346E-07   7.391969E-05  -1.036154E-03   1.631030E-02   6.765360E-05   7.952861E-05
           133      G      3.376460E-05  -1.161176E-05  -8.452878E-05  -1.331570E-04   2.900165E-06  -1.564199E-03
1                                                       **STUDENT EDITION*    APRIL  18, 2026  MSC Nastran  3/ 3/26   PAGE    93
     DEFAULT                                                                                                                        
0                                                                                                            SUBCASE 1              
      EIGENVALUE =  7.062586E+06
          CYCLES =  4.229626E+02         R E A L   E I G E N V E C T O R   N O .          9
 
      POINT ID.   TYPE          T1             T2             T3             R1             R2             R3
           134      G      1.512321E-06   7.508949E-05  -1.238721E-03  -4.412051E-03   2.352115E-03   4.579372E-03
           135      G      3.376460E-05   3.208806E-05  -8.444776E-05  -1.331570E-04   2.900165E-06  -1.564199E-03
           136      G      3.210775E-05   5.876524E-05  -8.298487E-04   6.066858E-03   2.201604E-02   7.597904E-04
           137      G     -2.985776E-05   1.551911E-05  -7.306884E-04   8.979612E-03  -9.353548E-04  -1.733108E-03
           138      G     -2.169488E-05   9.560003E-06  -6.196417E-04   4.065908E-03  -6.267687E-03  -1.830296E-04
           139      G     -4.251231E-05  -6.616855E-05  -2.200037E-04  -1.290143E-04  -3.719817E-05   3.292666E-03
           140      G     -4.251231E-05   2.170447E-05  -2.190110E-04  -1.290143E-04  -3.719817E-05   3.292666E-03
           141      G     -3.320942E-05  -1.428800E-05  -8.480276E-05  -1.258257E-04   2.998117E-06   1.649732E-03
           142      G     -1.034574E-05   6.851939E-05  -1.242695E-03  -5.649687E-03  -1.458976E-03  -6.625354E-03
           143      G     -3.320942E-05   3.180139E-05  -8.488652E-05  -1.258257E-04   2.998117E-06   1.649732E-03
           144      G     -3.838355E-05   6.216926E-05  -9.228944E-04   2.594993E-03  -1.813248E-02  -6.460608E-04
           200      G     -3.680409E-05  -1.995187E-05   8.360085E-05  -9.924792E-05  -4.046464E-06  -2.130321E-03
           201      G     -3.680409E-05   3.956398E-05   8.348780E-05  -9.924792E-05  -4.046464E-06  -2.130321E-03
           202      G     -4.498958E-05  -5.986078E-05   2.196174E-04  -1.298958E-04  -4.511557E-05  -3.190467E-03
           203      G     -4.498958E-05   2.528480E-05   2.184134E-04  -1.298958E-04  -4.511557E-05  -3.190467E-03
           204      G     -3.156919E-06  -1.435173E-04   1.451355E-03  -1.161528E-03   2.521753E-04   1.133509E-03
           205      G      2.091113E-05  -9.892881E-05   1.314796E-03  -3.290842E-02  -1.072202E-02   2.273866E-02
           206      G     -1.446128E-06  -2.217131E-05   9.755307E-05   1.046328E-01  -2.641368E-04  -2.501311E-02
           207      G      3.332322E-05  -9.986328E-06   8.465189E-05  -1.261034E-04  -1.418246E-06   1.646497E-03
           208      G      3.332322E-05   3.601269E-05   8.469152E-05  -1.261034E-04  -1.418246E-06   1.646497E-03
           209      G      4.432624E-05  -6.288481E-05   2.200293E-04  -1.292961E-04   3.784518E-05   3.344147E-03
           210      G      4.432624E-05   2.636212E-05   2.190193E-04  -1.292961E-04   3.784518E-05   3.344147E-03
           211      G     -5.992101E-05  -8.716300E-05   1.497528E-03  -5.305575E-02   1.613701E-02  -2.632936E-02
           212      G     -7.494701E-06  -1.951008E-05  -6.006149E-06   1.473841E-01   1.233028E-03   3.702694E-02
           213      G      3.385596E-05  -7.417316E-06  -8.452878E-05  -1.331570E-04   2.900165E-06  -1.564199E-03
           214      G      3.385596E-05   3.628250E-05  -8.444776E-05  -1.331570E-04   2.900165E-06  -1.564199E-03
           215      G      4.508871E-05  -6.304202E-05  -2.195120E-04  -1.293301E-04   4.105429E-05  -3.348930E-03
           216      G      4.508871E-05   2.633256E-05  -2.184163E-04  -1.293301E-04   4.105429E-05  -3.348930E-03
           217      G      1.788686E-06  -1.472967E-04  -1.441101E-03  -8.073361E-04   9.214745E-05  -1.594083E-04
           218      G     -6.054477E-05  -6.077279E-05  -1.522268E-03  -3.601062E-02   1.649196E-02   1.903709E-02
           219      G     -3.311498E-05  -1.032450E-05  -8.480276E-05  -1.258257E-04   2.998117E-06   1.649732E-03
           220      G     -3.311498E-05   3.576490E-05  -8.488652E-05  -1.258257E-04   2.998117E-06   1.649732E-03
           221      G     -4.368405E-05  -6.210460E-05  -2.200037E-04  -1.290143E-04  -3.719817E-05   3.292666E-03
           222      G     -4.368405E-05   2.576842E-05  -2.190110E-04  -1.290143E-04  -3.719817E-05   3.292666E-03
           223      G      4.801116E-05  -8.543559E-05  -1.508658E-03  -5.300027E-02  -1.428990E-02  -2.585701E-02
           224      G      1.983483E-06  -1.460563E-05   4.667488E-04   1.089503E-02  -2.040277E-03   1.677756E-03
           225      G     -7.267050E-06  -2.557530E-05   3.041065E-04   3.032969E-03   7.007605E-04  -1.473705E-03
           226      G      4.314050E-06  -6.005752E-05   4.658304E-04   7.193903E-03   3.604322E-03   5.168928E-04
           227      G     -2.714483E-06  -3.446150E-05   1.676512E-04   1.013068E-02  -6.225906E-03   1.049910E-03
           228      G     -4.361457E-06  -4.346984E-05   8.712076E-04   4.285389E-02  -1.942007E-03  -2.564778E-04
           229      G     -2.787503E-06  -5.470605E-05   1.270146E-05   6.440703E-04   6.756309E-05   2.417125E-05
           230      G      7.810320E-06  -2.450716E-05   7.744108E-04  -6.541974E-03  -2.421036E-02  -5.993493E-04
           231      G     -1.018361E-05  -2.841453E-05   2.003864E-04   4.065806E-02   5.951712E-03   3.493690E-03
           232      G     -1.656965E-05  -1.443702E-05   9.192326E-05   2.086977E-02   1.808606E-03  -1.845373E-03
           233      G     -4.584068E-06  -2.592585E-05  -2.681592E-04   2.935621E-03   6.567071E-04   1.402292E-03
           234      G     -1.626184E-05  -6.201130E-05   2.549409E-04   1.276741E-02  -1.135393E-02  -5.383441E-04
           235      G     -1.356873E-06  -3.417138E-05  -1.370787E-04   9.737035E-03  -5.998354E-03  -1.037260E-03
           236      G     -2.980927E-05  -2.242856E-05   6.267902E-04  -8.121956E-03   3.879417E-02   4.170186E-04
           237      G     -6.769136E-06  -2.941666E-05  -1.466475E-04   5.609536E-02   5.511504E-03  -5.094452E-03
           238      G     -1.572311E-05  -1.468228E-05  -2.761360E-04   1.973940E-02   3.822990E-03   1.928495E-03
1                                                       **STUDENT EDITION*    APRIL  18, 2026  MSC Nastran  3/ 3/26   PAGE    94
     DEFAULT                                                                                                                        
0                                                                                                            SUBCASE 1              
      EIGENVALUE =  7.062586E+06
          CYCLES =  4.229626E+02         R E A L   E I G E N V E C T O R   N O .          9
 
      POINT ID.   TYPE          T1             T2             T3             R1             R2             R3
           239      G     -1.487006E-05  -6.256593E-05  -3.625562E-04   1.230892E-02  -7.576803E-03   5.590296E-04
           240      G     -2.612366E-06  -4.460363E-05  -9.021666E-04   4.280099E-02  -5.484271E-04   1.039962E-04
           241      G     -2.894658E-05  -2.060389E-05  -7.584033E-04  -3.260000E-03   3.320132E-02  -1.556538E-04
           242      G      9.700685E-06  -1.550612E-05  -3.999089E-04   1.141928E-02  -1.690095E-03  -1.696953E-03
           243      G      9.102164E-06  -6.199782E-05  -4.449413E-04   7.818926E-03   6.282498E-03  -5.193820E-04
           244      G      2.131964E-05  -2.170362E-05  -8.014688E-04  -1.325365E-02  -3.182291E-02   4.721483E-04
           300      G      2.225715E-04  -7.639952E-03   2.277388E-03  -1.151889E+00  -3.516961E-02   2.012223E-01
           301      G      8.442436E-05  -6.234335E-03   2.065589E-03  -6.898783E-01   6.390090E-02   6.909487E-02
           302      G      3.332541E-05  -1.099883E-02   4.090640E-03  -2.098900E+00  -2.118303E-02   4.740555E-02
           303      G      1.738317E-04  -7.137596E-04  -1.403570E-04   9.907275E-01  -5.985158E-02   2.804698E-03
           304      G      3.863843E-05  -7.706759E-04   5.768051E-04   5.628110E-01  -1.217817E-01   1.022815E-01
           305      G     -1.658507E-03  -6.902123E-04   2.222644E-03   8.016608E-01   2.769582E-01  -1.373527E-01
           306      G      1.421219E-04  -3.954177E-04   3.039061E-04  -3.682607E+00  -9.182330E-03   3.384340E-01
           307      G     -2.419156E-04  -7.973250E-03   2.301225E-03  -1.233164E+00   4.724687E-02  -2.597405E-01
           308      G     -1.019069E-04  -5.799332E-03   2.097987E-03  -6.061818E-01  -1.040151E-01  -6.080537E-02
           309      G     -3.911486E-04  -5.383079E-04  -2.208605E-04   1.174924E+00   4.356840E-02  -7.964707E-03
           310      G     -5.806437E-05  -3.262604E-04   6.236590E-04   6.806206E-01   1.487640E-01  -1.027087E-01
           311      G      1.711651E-03  -6.016270E-04   2.531363E-03   1.134194E+00  -2.038868E-01   2.223360E-01
           312      G      4.828403E-05  -4.806673E-04  -7.818377E-06  -4.895670E+00   1.410787E-02  -4.597667E-01
           313      G     -2.249017E-04  -7.956321E-03  -2.277999E-03  -1.212294E+00   4.657251E-02   2.607335E-01
           314      G     -8.313782E-05  -5.798341E-03  -2.096559E-03  -6.037015E-01  -1.113439E-01   6.579905E-02
           315      G      1.354016E-05  -1.120982E-02  -4.097868E-03  -2.149142E+00   1.832012E-03   1.459574E-03
           316      G     -3.715923E-04  -4.627597E-04   2.432177E-04   1.209252E+00   2.842070E-02   1.299665E-03
           317      G     -4.902776E-05  -3.294160E-04  -6.336600E-04   6.807420E-01   1.524726E-01   1.061142E-01
           318      G      1.616017E-03  -5.433875E-04  -2.666243E-03   8.425808E-01  -1.995155E-01  -1.441427E-01
           319      G      2.569933E-04  -7.999357E-03  -2.303798E-03  -1.240772E+00  -4.428438E-02  -2.609339E-01
           320      G      1.137540E-04  -5.832410E-03  -2.101829E-03  -6.182644E-01   1.106272E-01  -6.546186E-02
           321      G      4.265423E-04  -5.062484E-04   2.218112E-04   1.167234E+00  -2.957940E-02  -8.622013E-03
           322      G      8.423139E-05  -3.268813E-04  -6.300699E-04   6.593077E-01  -1.497936E-01  -1.053671E-01
           323      G     -1.618259E-03  -5.895033E-04  -2.554418E-03   1.136637E+00   2.323892E-01   2.217041E-01
           324      G      1.251126E-03  -1.630436E-04   2.873855E+00   3.596904E+00   6.290024E+01  -4.596515E-01
           325      G      2.948227E-05   6.745692E-03   9.721837E-05   2.890327E+00   2.280214E-02   1.246332E+00
           326      G      9.179568E-04  -7.663777E-04   4.146642E+00  -2.946714E+01   7.379174E+00  -8.115231E-03
           327      G      1.752359E-05   2.720834E-03   5.417046E-04   7.493248E+01   2.425605E-02  -3.087312E-01
           328      G     -2.212707E-05   6.616114E-04   3.874209E+00   5.690057E+00   1.007986E-01  -1.100339E-02
           329      G      2.737759E-05   8.760495E-03   1.298487E-03   3.940855E+00   2.222666E-02   2.624957E-03
           330      G      9.575637E-04  -6.219139E-04   1.199666E+00   6.238123E+00   6.798792E+01  -4.490939E-03
           331      G      7.693111E-05  -1.015267E-03  -1.518228E-04  -9.529757E+00   5.187099E-03  -3.763439E-01
           332      G     -1.247407E-03  -5.978078E-05   2.883736E+00   3.626664E+00  -6.282438E+01   4.776225E-01
           333      G      4.108529E-05   6.821322E-03  -1.000501E-04   2.898131E+00   1.605824E-02  -1.258863E+00
           334      G     -8.883031E-04  -7.574933E-04   4.152737E+00  -2.959992E+01  -7.158381E+00   7.615473E-03
           335      G      4.518258E-05   2.739017E-03   5.735393E-04   7.511331E+01  -3.034511E-02   3.085413E-01
           336      G     -1.002957E-03  -5.612764E-04   1.205670E+00   6.275344E+00  -6.834637E+01   5.483912E-03
           337      G      5.141603E-05  -1.015263E-03  -1.351432E-04  -9.911505E+00  -1.631747E-03   3.795413E-01
           338      G     -1.257345E-03  -5.277025E-05  -2.878153E+00   3.713239E+00  -6.284764E+01  -4.745615E-01
           339      G     -8.987317E-04  -8.127128E-04  -4.149243E+00  -2.943762E+01  -7.335078E+00  -7.655606E-03
           340      G      1.781536E-05   7.018055E-04  -3.876411E+00   5.798160E+00  -1.181767E-01  -1.803878E-03
           341      G     -1.026889E-03  -5.294824E-04  -1.202043E+00   6.276124E+00  -6.815201E+01  -5.121582E-03
           342      G      1.315363E-03  -6.859555E-05  -2.886104E+00   3.632002E+00   6.282946E+01   4.762724E-01
           343      G      9.367011E-04  -8.096162E-04  -4.155139E+00  -2.955476E+01   7.185349E+00   7.616740E-03
1                                                       **STUDENT EDITION*    APRIL  18, 2026  MSC Nastran  3/ 3/26   PAGE    95
     DEFAULT                                                                                                                        
0                                                                                                            SUBCASE 1              
      EIGENVALUE =  7.062586E+06
          CYCLES =  4.229626E+02         R E A L   E I G E N V E C T O R   N O .          9
 
      POINT ID.   TYPE          T1             T2             T3             R1             R2             R3
           344      G      1.080907E-03  -5.594840E-04  -1.207171E+00   6.282323E+00   6.841984E+01   4.849513E-03
           400      G      2.090274E-04  -5.773486E-04   1.405961E-03  -9.258280E-02   2.824364E-02  -1.645222E-03
           401      G      1.570719E-04  -5.838850E-04   2.387590E-03  -1.002911E-01   1.116724E-02   1.155421E-02
           402      G     -9.464905E-06  -4.223267E-04   2.154269E-03  -7.862092E-02   3.641788E-04   2.087188E-03
           403      G      2.270941E-04  -1.112000E-03   3.940243E-04  -1.571802E-01  -6.057108E-03   5.745292E-03
           404      G      2.924570E-04  -8.477388E-04   8.821078E-04  -1.088863E-01   1.497447E-02   6.640570E-03
           405      G      1.437616E-04  -8.528131E-04   1.426808E-03  -1.484534E-02  -1.398398E-02  -4.282562E-02
           406      G      4.551644E-06  -9.737963E-04   1.308772E-04   7.861542E-02  -2.947177E-03   1.487327E-02
           407      G     -2.398743E-04  -5.776670E-04   1.389784E-03  -9.301953E-02  -2.864485E-02   4.865008E-04
           408      G     -1.745114E-04  -5.980278E-04   2.386682E-03  -1.030016E-01  -1.181928E-02  -9.186089E-03
           409      G     -2.568413E-04  -1.161256E-03   3.995967E-04  -1.799161E-01   1.738490E-02  -4.948673E-03
           410      G     -3.416740E-04  -8.857146E-04   8.559358E-04  -1.143471E-01  -1.645829E-02  -9.486792E-03
           411      G     -1.773783E-04  -8.768126E-04   1.571354E-03  -1.906879E-02   1.521748E-02   4.624131E-02
           412      G     -2.130757E-07  -9.839949E-04  -1.319964E-06   1.051575E-01  -1.582362E-03  -1.616387E-02
           413      G     -2.231076E-04  -5.753921E-04  -1.388246E-03  -9.303409E-02  -2.852810E-02   6.478059E-05
           414      G     -1.603508E-04  -6.016036E-04  -2.385375E-03  -1.036576E-01  -1.152604E-02   1.113492E-02
           415      G      1.034632E-05  -4.225748E-04  -2.139661E-03  -7.881660E-02  -4.056233E-04   1.199937E-04
           416      G     -2.402409E-04  -1.137109E-03  -4.091152E-04  -1.857113E-01   2.251517E-02   7.137718E-03
           417      G     -3.240883E-04  -8.745667E-04  -8.502904E-04  -1.134562E-01  -1.791111E-02   9.514576E-03
           418      G     -1.784730E-04  -8.583623E-04  -1.600221E-03  -3.557220E-03   1.628714E-02  -4.671300E-02
           419      G      2.457983E-04  -5.789072E-04  -1.388245E-03  -9.313811E-02   2.826326E-02   3.106609E-04
           420      G      1.805059E-04  -6.023449E-04  -2.391115E-03  -1.035972E-01   1.109649E-02  -1.052110E-02
           421      G      2.640133E-04  -1.153602E-03  -4.052462E-04  -1.776985E-01  -1.993413E-02  -4.847164E-03
           422      G      3.489548E-04  -8.810449E-04  -8.555385E-04  -1.115147E-01   1.659234E-02  -9.537760E-03
           423      G      1.798382E-04  -8.711005E-04  -1.572286E-03  -1.962526E-02  -1.869506E-02   4.652441E-02
           424      G      6.074591E-05  -5.855325E-04   2.046554E-04   1.922917E-02   6.361482E-03  -2.877136E-03
           425      G     -2.740826E-06  -5.745952E-04   2.501089E-05  -9.220720E-02  -1.563166E-03  -3.592564E-03
           426      G      1.861631E-05  -4.772759E-04   7.563736E-04   4.279281E-02   1.471799E-02  -2.483976E-03
           427      G     -2.673672E-06  -4.803424E-04  -4.411883E-06  -8.950741E-02  -1.081998E-03  -2.934179E-03
           428      G     -6.694979E-06  -4.198015E-04   7.301869E-04   9.143262E-03  -1.334565E-04  -4.227640E-04
           429      G     -2.496365E-06  -4.208092E-04  -3.031453E-05  -7.558890E-02  -1.553192E-03   1.231411E-04
           430      G      7.839654E-05  -7.970592E-04   8.100301E-04  -9.942865E-03  -3.909031E-02  -4.111811E-03
           431      G     -2.529068E-06  -7.247763E-04   5.547013E-05   1.083865E-02  -4.236205E-04  -1.731462E-02
           432      G     -7.617685E-05  -5.942456E-04   8.327675E-05   1.709006E-02  -1.003929E-02   3.485082E-03
           433      G     -1.011329E-06  -5.834102E-04   2.418456E-05  -9.359089E-02  -1.567879E-03   3.883953E-03
           434      G     -3.506097E-05  -4.792046E-04   7.191218E-04   4.357145E-02  -1.820139E-02   2.637950E-03
           435      G     -2.357378E-06  -4.835467E-04  -4.357897E-06  -9.096750E-02   1.203903E-03   3.016306E-03
           436      G     -9.290481E-05  -8.148336E-04   7.871456E-04  -1.611777E-02   4.981860E-02   4.517820E-03
           437      G     -5.170893E-07  -7.365714E-04   1.120728E-05   2.201057E-02  -5.735336E-04   1.829850E-02
           438      G     -7.026582E-05  -5.894079E-04  -1.813271E-04   1.612118E-02  -1.179291E-02  -3.367341E-03
           439      G     -2.530493E-05  -4.769480E-04  -8.043592E-04   4.181085E-02  -1.497200E-02  -2.480834E-03
           440      G      4.524903E-06  -4.227248E-04  -7.652967E-04   6.321774E-03   2.671842E-04   1.851420E-04
           441      G     -9.028404E-05  -8.026078E-04  -8.328826E-04  -1.225775E-02   4.901540E-02  -4.281735E-03
           442      G      7.797256E-05  -5.944562E-04  -6.663223E-05   1.786858E-02   1.051215E-02   3.706207E-03
           443      G      3.449820E-05  -4.797063E-04  -7.381463E-04   4.306470E-02   1.795161E-02   2.674983E-03
           444      G      9.560100E-05  -8.131131E-04  -7.567387E-04  -1.695223E-02  -5.034743E-02   4.513305E-03
           445      G      4.167808E-04  -8.323354E-04   5.207140E-04   2.568091E-02   8.841841E-03  -2.047045E-02
           446      G      4.457524E-04  -8.794039E-04   8.751772E-04  -1.155947E-03   1.414179E-02   6.373035E-03
           447      G      4.109577E-04  -7.625252E-04   1.456070E-03  -3.148223E-02   2.213231E-02   1.665961E-02
           448      G      2.145104E-04  -6.923467E-04   2.003371E-03  -2.982151E-02   1.635247E-02   4.463373E-03
1                                                       **STUDENT EDITION*    APRIL  18, 2026  MSC Nastran  3/ 3/26   PAGE    96
     DEFAULT                                                                                                                        
0                                                                                                            SUBCASE 1              
      EIGENVALUE =  7.062586E+06
          CYCLES =  4.229626E+02         R E A L   E I G E N V E C T O R   N O .          9
 
      POINT ID.   TYPE          T1             T2             T3             R1             R2             R3
           449      G     -1.275742E-05  -6.449800E-04   2.201532E-03  -3.678223E-02  -4.229586E-05   3.846814E-04
           450      G      1.609004E-04  -1.059681E-03   1.200547E-03  -6.870856E-03  -2.514322E-02  -1.363877E-03
           451      G     -2.583551E-06  -1.275174E-03   7.505553E-05   5.086542E-02  -5.438206E-03   2.454879E-02
           452      G     -4.318072E-04  -8.317435E-04   5.375108E-04   2.941681E-02  -9.422807E-03   2.301769E-02
           453      G     -4.658460E-04  -8.958645E-04   8.604362E-04   1.434919E-04  -1.256094E-02  -6.281715E-03
           454      G     -4.386355E-04  -7.741263E-04   1.434804E-03  -3.067829E-02  -2.260228E-02  -1.722643E-02
           455      G     -2.424534E-04  -6.982877E-04   1.996099E-03  -2.905639E-02  -1.680594E-02  -4.461399E-03
           456      G     -1.747732E-04  -1.092275E-03   1.298101E-03  -5.411111E-03   2.991710E-02  -5.595938E-04
           457      G     -1.169120E-06  -1.306857E-03  -8.548426E-07   5.217672E-02  -3.697433E-04  -2.568944E-02
           458      G     -4.060557E-04  -8.112324E-04  -5.500771E-04   3.100604E-02  -9.524907E-03  -2.330117E-02
           459      G     -4.426239E-04  -8.820594E-04  -8.599837E-04   1.504088E-04  -1.204151E-02   6.643851E-03
           460      G     -4.169431E-04  -7.644291E-04  -1.432974E-03  -3.090163E-02  -2.262513E-02   1.776797E-02
           461      G     -2.187596E-04  -6.929602E-04  -1.990150E-03  -2.953774E-02  -1.655127E-02   4.570571E-03
           462      G      1.006139E-05  -6.443934E-04  -2.192816E-03  -3.780720E-02  -3.715506E-05   2.316058E-04
           463      G     -1.615477E-04  -1.082461E-03  -1.298966E-03  -3.825470E-03   3.269514E-02   2.811732E-03
           464      G      4.312219E-04  -8.314881E-04  -5.435391E-04   2.894430E-02   9.516563E-03   2.305146E-02
           465      G      4.655484E-04  -8.955035E-04  -8.611159E-04  -6.221439E-04   1.239022E-02  -6.312860E-03
           466      G      4.388683E-04  -7.735261E-04  -1.434836E-03  -3.118620E-02   2.261008E-02  -1.753563E-02
           467      G      2.401883E-04  -6.978206E-04  -1.992183E-03  -2.971813E-02   1.653583E-02  -4.403981E-03
           468      G      1.727213E-04  -1.091692E-03  -1.300312E-03  -5.261589E-03  -3.037732E-02  -4.413660E-04
           469      G      2.801245E-04  -9.615426E-04   6.888517E-04  -2.886452E-02  -5.537641E-03  -7.404470E-05
           470      G      2.872965E-04  -8.718597E-04   1.212843E-03  -1.367025E-02   4.127064E-02  -7.092595E-03
           471      G      2.092509E-04  -7.490963E-04   2.272597E-03  -2.168339E-02   3.229897E-02  -8.174964E-03
           472      G      1.139008E-04  -6.494653E-04   2.967907E-03  -3.269402E-02   2.023443E-02  -3.813835E-03
           473      G     -1.028273E-05  -6.165494E-04   3.202626E-03  -2.913038E-02  -3.259356E-04   8.030244E-05
           474      G      1.638448E-04  -8.814752E-04   1.409893E-03   1.853801E-03   3.408142E-02  -5.398240E-03
           475      G      1.226661E-04  -7.413925E-04   2.390429E-03   1.817514E-02   3.542598E-02  -3.432506E-03
           476      G      5.810917E-05  -6.438330E-04   3.141619E-03   2.193953E-02   1.920581E-02  -2.024763E-03
           477      G     -6.853554E-06  -6.129700E-04   3.386622E-03   1.530769E-02  -3.289525E-04   1.471360E-04
           478      G      6.363671E-05  -1.113539E-03   9.419065E-04   3.097870E-02  -1.404168E-02  -1.100094E-02
           479      G      8.875043E-05  -9.082217E-04   9.715897E-04   4.199676E-02   1.875402E-02  -3.497952E-03
           480      G      5.661874E-05  -7.357096E-04   1.545819E-03   5.450094E-02   1.997133E-02  -3.827234E-03
           481      G      2.785696E-05  -6.458977E-04   2.013060E-03   7.420188E-02   1.388009E-02  -1.639757E-03
           482      G      2.366651E-08  -8.871052E-04   1.222742E-05   3.806048E-02  -2.014207E-04  -1.276212E-02
           483      G      1.101847E-07  -7.416673E-04   9.883613E-06   7.444784E-02   3.498699E-05  -3.002891E-03
           484      G     -3.552736E-07  -6.455294E-04   7.103647E-06   9.431367E-02  -2.208713E-04  -2.249092E-03
           485      G     -3.691557E-06  -6.154271E-04   2.210480E-03   8.129772E-02  -2.369342E-04   1.257790E-04
           486      G     -5.201196E-07  -6.170432E-04  -4.220635E-07   1.050473E-01  -2.092137E-04   1.259051E-04
           487      G     -2.968306E-04  -9.767037E-04   7.337125E-04  -3.307634E-02   7.508124E-03  -3.544021E-04
           488      G     -3.087122E-04  -8.882357E-04   1.202196E-03  -1.373590E-02  -4.086029E-02   7.189850E-03
           489      G     -2.290257E-04  -7.609856E-04   2.251594E-03  -2.157632E-02  -3.180117E-02   8.529837E-03
           490      G     -1.341276E-04  -6.549823E-04   2.951366E-03  -3.246453E-02  -2.071332E-02   4.122944E-03
           491      G     -1.790126E-04  -8.970484E-04   1.416065E-03   1.078337E-03  -3.303482E-02   5.998458E-03
           492      G     -1.371825E-04  -7.526103E-04   2.374621E-03   1.806490E-02  -3.504538E-02   3.622878E-03
           493      G     -7.185507E-05  -6.492874E-04   3.126392E-03   2.185687E-02  -1.939762E-02   2.277808E-03
           494      G     -7.232763E-05  -1.141779E-03   9.518194E-04   3.732267E-02   1.358475E-02   1.201955E-02
           495      G     -9.693584E-05  -9.262480E-04   9.736832E-04   4.318814E-02  -1.850500E-02   3.668943E-03
           496      G     -6.438737E-05  -7.458489E-04   1.534672E-03   5.424915E-02  -1.957645E-02   4.145465E-03
           497      G     -3.532268E-05  -6.511641E-04   2.000514E-03   7.411021E-02  -1.406261E-02   1.892026E-03
           498      G     -8.838217E-07  -9.028578E-04   7.441514E-07   3.844240E-02   6.565026E-05   1.337408E-02
1                                                       **STUDENT EDITION*    APRIL  18, 2026  MSC Nastran  3/ 3/26   PAGE    97
     DEFAULT                                                                                                                        
0                                                                                                            SUBCASE 1              
      EIGENVALUE =  7.062586E+06
          CYCLES =  4.229626E+02         R E A L   E I G E N V E C T O R   N O .          9
 
      POINT ID.   TYPE          T1             T2             T3             R1             R2             R3
           499      G     -7.703762E-07  -7.519751E-04  -3.261829E-06   7.483619E-02   7.917410E-05   3.195289E-03
           500      G     -6.727515E-07  -6.505532E-04  -4.453494E-06   9.430833E-02  -3.366457E-05   2.498399E-03
           501      G     -2.779872E-04  -9.585043E-04  -7.407366E-04  -3.362901E-02   8.705007E-03   4.766397E-04
           502      G     -2.914794E-04  -8.748386E-04  -1.187934E-03  -1.233633E-02  -4.092754E-02  -6.977952E-03
           503      G     -2.110167E-04  -7.508710E-04  -2.245293E-03  -2.126465E-02  -3.182153E-02  -8.403591E-03
           504      G     -1.164005E-04  -6.496021E-04  -2.949607E-03  -3.257950E-02  -2.105645E-02  -3.874678E-03
           505      G      8.125380E-06  -6.161590E-04  -3.204052E-03  -2.928176E-02  -1.403424E-04   7.300187E-05
           506      G     -1.664904E-04  -8.811469E-04  -1.384409E-03   9.907552E-04  -3.323322E-02  -6.116278E-03
           507      G     -1.246099E-04  -7.425651E-04  -2.359087E-03   1.831343E-02  -3.557113E-02  -3.359322E-03
           508      G     -5.948910E-05  -6.439145E-04  -3.123110E-03   2.187416E-02  -1.972578E-02  -2.062404E-03
           509      G      5.377238E-06  -6.126181E-04  -3.387403E-03   1.533277E-02  -2.588592E-04   1.215831E-04
           510      G     -6.717529E-05  -1.120903E-03  -8.999671E-04   4.053779E-02   1.250369E-02  -1.199582E-02
           511      G     -8.851659E-05  -9.107232E-04  -9.448652E-04   4.275146E-02  -1.868307E-02  -3.382548E-03
           512      G     -5.745658E-05  -7.355252E-04  -1.518643E-03   5.399986E-02  -2.013378E-02  -3.903532E-03
           513      G     -2.875448E-05  -6.459529E-04  -1.996501E-03   7.410319E-02  -1.433207E-02  -1.643808E-03
           514      G      2.537476E-06  -6.152266E-04  -2.210645E-03   8.128583E-02  -2.549657E-04   1.185218E-04
           515      G      2.957645E-04  -9.765949E-04  -7.413245E-04  -3.292889E-02  -7.674721E-03  -3.448373E-04
           516      G      3.075674E-04  -8.879318E-04  -1.208710E-03  -1.374643E-02   4.091903E-02   7.217908E-03
           517      G      2.275733E-04  -7.603618E-04  -2.259375E-03  -2.189537E-02   3.171981E-02   8.598826E-03
           518      G      1.326104E-04  -6.542517E-04  -2.958444E-03  -3.292861E-02   2.072930E-02   4.098116E-03
           519      G      1.773601E-04  -8.968285E-04  -1.418440E-03   1.242882E-03   3.324553E-02   5.992825E-03
           520      G      1.356508E-04  -7.521616E-04  -2.384508E-03   1.803866E-02   3.519697E-02   3.622833E-03
           521      G      7.033245E-05  -6.487795E-04  -3.137295E-03   2.179746E-02   1.924710E-02   2.277460E-03
           522      G      7.036186E-05  -1.141617E-03  -9.531262E-04   3.728155E-02  -1.414239E-02   1.200380E-02
           523      G      9.516235E-05  -9.260623E-04  -9.733624E-04   4.324884E-02   1.862521E-02   3.673652E-03
           524      G      6.281998E-05  -7.456392E-04  -1.542667E-03   5.434562E-02   1.977626E-02   4.146408E-03
           525      G      3.395461E-05  -6.509031E-04  -2.010325E-03   7.416994E-02   1.391113E-02   1.889451E-03
          1000      G     -1.828222E-06  -5.595460E-05   9.758767E-04   1.642310E-02   1.129442E-05  -8.663608E-04
          1001      G     -6.230393E-06   1.853614E-05   2.196771E-04  -1.168140E-04  -3.561220E-05   2.196732E-02
          1002      G     -8.410661E-06  -5.924056E-05   2.201874E-04  -1.478472E-04  -4.313497E-05   2.089604E-02
          1003      G     -1.835853E-06  -1.504503E-05   1.086472E-03   1.604079E-02  -1.573335E-03  -2.584619E-06
          1004      G     -5.529638E-06  -3.458807E-05   9.100674E-04   1.359145E-03  -1.234797E-03   4.342429E-05
          1005      G     -9.023997E-06  -1.281432E-05   9.228594E-04   4.403211E-03  -1.878190E-03   9.474762E-05
          1006      G     -2.750271E-06  -3.730634E-05   2.816453E-05   6.933106E-03  -2.767719E-04   4.212110E-06
          1007      G     -2.547113E-06  -2.173483E-05   1.188960E-04   1.308202E-02  -5.220529E-03   8.228388E-05
          1008      G     -2.854400E-06  -3.327544E-05   1.895955E-04   7.633604E-03   1.164939E-05   1.234819E-04
          1009      G     -4.114168E-06   1.729481E-05   8.409178E-05  -8.924056E-05  -7.603082E-06   1.911821E-02
          1010      G     -1.305101E-05  -4.371482E-05   8.411199E-05  -1.061750E-04   4.552753E-07   1.339964E-02
          1011      G     -1.522593E-05  -2.819263E-05   1.018160E-03  -6.835909E-03  -6.914704E-03   7.289004E-05
          1012      G     -2.132872E-05  -5.750420E-06   1.096501E-03  -7.051346E-03  -4.342913E-04   5.072831E-02
          1013      G     -3.328644E-06  -1.757623E-05   1.190053E-04   3.291173E-02   4.803307E-03   3.096132E-04
          1014      G     -5.353358E-06  -1.687708E-05   5.112382E-05   4.490884E-02  -8.965914E-04  -8.013369E-03
          1015      G      2.592232E-06   1.948298E-05   2.202523E-04  -1.149842E-04   2.850246E-05  -2.368911E-02
          1016      G      5.102537E-06  -6.202905E-05   2.205821E-04  -1.480964E-04   3.585928E-05  -2.245293E-02
          1017      G      1.909576E-06  -3.491417E-05   8.261848E-04   5.645799E-03  -1.187493E-03  -3.920349E-05
          1018      G      5.356198E-06  -1.380822E-05   8.085452E-04   1.221643E-02   2.922934E-03  -1.056456E-04
          1019      G     -1.923211E-06  -2.193834E-05  -7.466448E-05   1.325681E-02  -5.960678E-03  -7.753215E-05
          1020      G     -1.385860E-06  -3.339607E-05  -1.565812E-04   7.919085E-03   8.485460E-05  -1.180026E-04
          1021      G      1.528301E-06   1.393348E-05   8.540741E-05  -1.172919E-04   1.114770E-06  -1.816545E-02
          1022      G      6.803087E-06  -3.792223E-05   8.536678E-05  -1.330228E-04  -4.873871E-06  -1.452638E-02
1                                                       **STUDENT EDITION*    APRIL  18, 2026  MSC Nastran  3/ 3/26   PAGE    98
     DEFAULT                                                                                                                        
0                                                                                                            SUBCASE 1              
      EIGENVALUE =  7.062586E+06
          CYCLES =  4.229626E+02         R E A L   E I G E N V E C T O R   N O .          9
 
      POINT ID.   TYPE          T1             T2             T3             R1             R2             R3
          1023      G      1.076650E-05  -2.797178E-05   1.020373E-03  -2.502672E-03   1.376000E-02  -9.309656E-05
          1024      G      1.925577E-05  -5.748198E-06   1.225154E-03  -5.556829E-03   1.839042E-03  -5.407920E-02
          1025      G     -9.912056E-07  -1.785724E-05  -8.963427E-05   3.439484E-02   4.619786E-03  -3.017379E-04
          1026      G     -5.761491E-07  -1.683387E-05  -7.240264E-06   4.617283E-02   3.540943E-04   2.361941E-03
          1027      G     -1.197974E-06  -5.608813E-05  -9.698206E-04   1.629700E-02   6.768603E-05   8.621787E-04
          1028      G      2.963260E-06   1.942786E-05  -2.196451E-04  -1.148964E-04   3.173233E-05   2.385178E-02
          1029      G      5.417218E-06  -6.219651E-05  -2.200645E-04  -1.480409E-04   3.905639E-05   2.264366E-02
          1030      G     -1.451752E-06  -1.509421E-05  -1.101806E-03   1.711680E-02  -2.200792E-03   1.013482E-05
          1031      G      1.883729E-06  -3.507507E-05  -8.368015E-04   6.491390E-03  -1.129811E-03   4.454872E-05
          1032      G      4.945239E-06  -1.393639E-05  -8.189538E-04   1.276539E-02   2.756714E-03   1.181907E-04
          1033      G      2.042330E-06   1.411945E-05  -8.518364E-05  -1.244731E-04   5.383736E-06   1.803448E-02
          1034      G      6.493828E-06  -3.636480E-05  -8.525915E-05  -1.399674E-04  -3.570366E-07   1.484100E-02
          1035      G      1.000889E-05  -2.796021E-05  -1.023083E-03  -1.515356E-03   1.335755E-02   1.214955E-04
          1036      G      1.949222E-05  -4.739399E-06  -1.229267E-03  -4.414321E-03   2.347869E-03   5.318457E-02
          1037      G     -5.242823E-06   1.892665E-05  -2.202656E-04  -1.154574E-04  -2.777637E-05  -2.200299E-02
          1038      G     -7.493985E-06  -6.132681E-05  -2.205809E-04  -1.477304E-04  -3.520875E-05  -2.089616E-02
          1039      G     -4.900776E-06  -3.514346E-05  -9.493581E-04   2.305964E-03  -2.058889E-03  -3.223419E-05
          1040      G     -7.822893E-06  -1.382060E-05  -9.934104E-04   5.241316E-03  -3.419831E-03  -1.088563E-04
          1041      G     -3.408258E-06   1.464319E-05  -8.562294E-05  -1.171108E-04  -1.242081E-08  -1.716083E-02
          1042      G     -1.289409E-05  -2.761833E-05  -1.129436E-03  -6.339197E-03  -8.238598E-03  -9.599833E-05
          1043      G     -2.118885E-05  -5.394513E-06  -1.236874E-03  -5.651900E-03  -1.454686E-03  -5.322413E-02
          1044      G     -8.331682E-06  -3.667441E-05  -8.548961E-05  -1.322012E-04   6.013586E-06  -1.371016E-02
          2000      G     -4.255994E-08  -1.265516E-04   1.454053E-03  -1.189266E-03   2.522240E-04  -5.773601E-04
          2001      G     -1.574027E-05   2.096131E-05   2.200691E-04  -1.113671E-04  -3.041295E-05   1.792120E-02
          2002      G     -2.129509E-05  -5.598686E-05   2.201347E-04  -1.432767E-04  -4.338653E-05   1.517535E-02
          2003      G     -9.667742E-08  -3.591587E-05   1.083352E-03   4.021522E-02  -4.904214E-03  -1.089151E-05
          2004      G     -2.113345E-06  -5.733014E-05   6.851028E-04  -1.397636E-03   5.460847E-03   2.560627E-04
          2005      G     -1.571222E-05  -1.796264E-05   6.065565E-04   6.588848E-03  -1.258371E-03   3.694389E-04
          2006      G     -1.887068E-06  -5.873293E-05   1.269971E-05   6.465675E-04   6.701647E-05   4.223400E-06
          2007      G     -1.371471E-06  -3.953856E-05   1.739558E-04   1.848253E-02  -9.947542E-03   1.126849E-04
          2008      G     -1.658142E-06  -4.903862E-05   3.041237E-04   3.035260E-03   7.007900E-04   3.001282E-04
          2009      G     -1.498588E-05   2.550796E-05   8.410947E-05  -9.013712E-05  -7.738299E-06   1.381022E-02
          2010      G     -1.128758E-05  -4.363424E-05   8.403308E-05  -1.018056E-04  -1.620450E-06   1.462511E-02
          2011      G     -3.372394E-05  -3.108761E-05   8.516148E-04  -1.065671E-02  -1.995011E-02   2.152284E-04
          2012      G     -6.047012E-05  -4.153075E-06   1.272148E-03  -3.291053E-02  -1.070780E-02   6.053581E-02
          2013      G     -1.558527E-06  -2.758025E-05   2.043565E-04   4.474627E-02   6.562885E-03   5.938463E-04
          2014      G     -3.364761E-06  -2.911497E-05   9.642089E-05   1.046167E-01  -2.627559E-04  -3.863933E-01
          2015      G      1.577283E-05   2.191650E-05   2.206249E-04  -1.091098E-04   2.339550E-05  -1.769905E-02
          2016      G      2.172115E-05  -5.877238E-05   2.205029E-04  -1.432098E-04   3.634259E-05  -1.475694E-02
          2017      G      1.751553E-06  -5.737176E-05   4.398852E-04   6.588878E-03  -1.249432E-02  -2.660113E-04
          2018      G      1.518586E-05  -1.809272E-05   2.307914E-04   1.951602E-02   5.234486E-05  -3.789178E-04
          2019      G     -4.218194E-07  -3.957564E-05  -1.453188E-04   1.665342E-02  -9.466326E-03  -1.083938E-04
          2020      G      6.527167E-07  -4.870060E-05  -2.681797E-04   2.937647E-03   6.568445E-04  -2.932811E-04
          2021      G      1.689199E-05   2.527059E-05   8.542944E-05  -1.187431E-04   1.078391E-06  -1.054050E-02
          2022      G      7.861475E-06  -3.426382E-05   8.515718E-05  -1.250376E-04  -2.379083E-06  -1.431700E-02
          2023      G      3.217915E-05  -3.105308E-05   6.831261E-04  -9.613607E-03   3.597692E-02  -2.776504E-04
          2024      G      6.394170E-05   9.132640E-07   1.433309E-03  -5.305529E-02   1.612191E-02  -1.401726E-01
          2025      G      1.447684E-06  -2.711213E-05  -1.527867E-04   5.853766E-02   7.579538E-03  -4.714847E-04
          2026      G      2.155705E-06  -3.879782E-05  -1.096716E-05   1.473578E-01   1.233254E-03   5.377312E-01
          2027      G      9.323402E-07  -1.327243E-04  -1.442411E-03  -8.369594E-04   9.221781E-05   9.515805E-04
1                                                       **STUDENT EDITION*    APRIL  18, 2026  MSC Nastran  3/ 3/26   PAGE    99
     DEFAULT                                                                                                                        
0                                                                                                            SUBCASE 1              
      EIGENVALUE =  7.062586E+06
          CYCLES =  4.229626E+02         R E A L   E I G E N V E C T O R   N O .          9
 
      POINT ID.   TYPE          T1             T2             T3             R1             R2             R3
          2028      G      1.727926E-05   2.178868E-05  -2.200248E-04  -1.090015E-04   2.676422E-05   1.734604E-02
          2029      G      2.336747E-05  -5.888084E-05  -2.200092E-04  -1.439719E-04   3.942794E-05   1.433345E-02
          2030      G      5.490316E-07  -3.712202E-05  -1.133734E-03   3.928390E-02  -1.530502E-03   1.906166E-05
          2031      G      1.528391E-06  -5.896010E-05  -5.823475E-04   4.477448E-03  -9.583703E-03   2.903581E-04
          2032      G      1.533282E-05  -1.830345E-05  -4.342078E-04   1.719945E-02   1.820959E-03   4.359430E-04
          2033      G      1.780137E-05   2.579440E-05  -8.518638E-05  -1.248124E-04   5.650790E-06   1.028187E-02
          2034      G      7.649988E-06  -3.250914E-05  -8.516469E-05  -1.348823E-04   2.177491E-06   1.464974E-02
          2035      G      3.317922E-05  -2.918688E-05  -8.243050E-04  -6.290145E-03   2.896359E-02   3.009029E-04
          2036      G      6.604761E-05   6.303121E-07  -1.456365E-03  -3.601021E-02   1.647579E-02   9.316696E-02
          2037      G     -1.521293E-05   2.125225E-05  -2.206504E-04  -1.096750E-04  -2.261736E-05  -1.760402E-02
          2038      G     -2.118209E-05  -5.816277E-05  -2.205149E-04  -1.426480E-04  -3.563461E-05  -1.465150E-02
          2039      G     -6.484627E-07  -5.915413E-05  -6.640411E-04  -3.500970E-04   7.727385E-03  -2.628340E-04
          2040      G     -1.392111E-05  -1.872168E-05  -5.440078E-04   7.396947E-03  -5.256266E-04  -3.969873E-04
          2041      G     -1.645099E-05   2.490304E-05  -8.565895E-05  -1.190714E-04   1.625720E-09  -1.065639E-02
          2042      G     -8.055370E-06  -3.412787E-05  -8.526537E-05  -1.244036E-04   3.804968E-06  -1.409744E-02
          2043      G     -3.043239E-05  -3.142696E-05  -8.699438E-04  -1.616185E-02  -2.711790E-02  -3.037180E-04
          2044      G     -6.132773E-05   1.431394E-06  -1.451898E-03  -5.299972E-02  -1.427460E-02  -1.410268E-01
          3000      G      3.021524E-04   5.223955E-03   1.249986E-02  -2.097661E+00  -2.117667E-02   1.710019E-01
          3001      G      7.539811E-06  -9.171823E-04   4.843295E-03  -6.894319E-01   6.394331E-02  -3.612730E-01
          3002      G     -6.298040E-04   1.207988E-03   6.891788E-03  -1.151027E+00  -3.515080E-02  -4.871594E-01
          3003      G      3.039866E-04  -4.828657E-03   2.311853E-01  -3.105131E-01   6.691734E-02  -7.054737E-04
          3004      G     -1.426593E-03  -6.624106E-03   2.300249E-01  -3.301875E+00   5.516292E-01  -1.797299E-03
          3005      G     -1.919604E-03  -5.161660E-03   1.651258E-01  -6.058706E-01   3.792210E+00   9.920071E-03
          3006      G      2.046191E-04  -2.130807E-02   1.298637E-03   3.936771E+00   2.222816E-02  -1.063946E-03
          3007      G      2.237136E-04  -6.660613E-03   7.496527E-04   8.062420E+00   1.317286E-02   7.497397E-02
          3008      G      2.111758E-04  -1.543157E-02   9.730513E-05   2.887699E+00   2.280127E-02   3.973311E-02
          3009      G     -5.026803E-04  -5.481175E-03  -1.913081E-03   5.628755E-01  -1.217515E-01   1.153944E-01
          3010      G     -2.170692E-03  -6.692147E-03  -4.352652E-03   9.908542E-01  -5.980482E-02  -9.443591E-01
          3011      G     -2.359616E-03  -6.121382E-03   6.506075E-02  -1.712296E-01   3.775078E+00   2.867571E-03
          3012      G      3.974357E-04  -5.285183E-03   3.351452E-03   8.017370E-01   2.765813E-01  -7.510197E-01
          3013      G      1.608253E-04  -5.235112E-03   2.453793E-06  -6.283312E-01   4.164713E-03   1.440804E-01
          3014      G      7.515594E-05  -3.757867E-03   2.672219E-04  -3.682583E+00  -9.160358E-03   1.596250E+01
          3015      G      6.331545E-04  -1.137971E-03   4.541465E-03  -6.057830E-01  -1.040437E-01   8.409379E-01
          3016      G      1.340982E-03   1.509238E-03   7.240224E-03  -1.232263E+00   4.722796E-02   8.625007E-01
          3017      G      1.997445E-03  -6.612477E-03   2.342955E-01  -3.471738E+00  -3.906642E-01   8.408414E-04
          3018      G      2.530154E-03  -5.203753E-03   1.725405E-01  -6.260039E-01  -3.752672E+00  -1.268742E-02
          3019      G      1.961292E-04  -6.648870E-03   6.795662E-04   8.253292E+00  -6.604277E-02  -7.690832E-02
          3020      G      1.696134E-04  -1.541469E-02  -1.000350E-04   2.895508E+00   1.605898E-02  -4.270566E-02
          3021      G      1.320774E-03  -5.650332E-03  -2.391049E-03   6.806555E-01   1.487143E-01   1.985657E-01
          3022      G      3.049702E-03  -6.745479E-03  -5.103052E-03   1.174990E+00   4.350203E-02   1.564642E+00
          3023      G      3.022993E-03  -6.031171E-03   6.889743E-02  -1.654788E-01  -4.051147E+00  -7.009172E-03
          3024      G      2.355048E-04  -5.209403E-03   3.364421E-03   1.134275E+00  -2.035267E-01   1.980052E+00
          3025      G      1.658753E-04  -5.143794E-03  -1.165157E-04  -1.014347E+00  -1.060553E-02  -1.514630E-01
          3026      G      1.610539E-04  -3.262099E-03  -6.422516E-05  -4.895478E+00   1.411042E-02  -2.036712E+01
          3027      G      7.959457E-05   5.406003E-03  -1.270782E-02  -2.147870E+00   1.832586E-03  -2.717382E-02
          3028      G      4.139845E-04  -1.156688E-03  -4.529966E-03  -6.033008E-01  -1.113758E-01  -7.562039E-01
          3029      G      1.134406E-03   1.362088E-03  -7.133052E-03  -1.211385E+00   4.655327E-02  -7.545059E-01
          3030      G      1.451535E-04  -4.833514E-03  -2.308674E-01  -2.051554E-01  -1.278175E-01  -1.257705E-03
          3031      G      1.890960E-03  -6.611599E-03  -2.294322E-01  -3.284632E+00  -4.987905E-01  -3.040686E-03
          3032      G      2.415156E-03  -5.282336E-03  -1.669317E-01  -5.090482E-01  -3.731693E+00   9.106520E-03
1                                                       **STUDENT EDITION*    APRIL  18, 2026  MSC Nastran  3/ 3/26   PAGE   100
     DEFAULT                                                                                                                        
0                                                                                                            SUBCASE 1              
      EIGENVALUE =  7.062586E+06
          CYCLES =  4.229626E+02         R E A L   E I G E N V E C T O R   N O .          9
 
      POINT ID.   TYPE          T1             T2             T3             R1             R2             R3
          3033      G      1.156735E-03  -5.756690E-03   2.388817E-03   6.807688E-01   1.524217E-01  -1.005850E-01
          3034      G      2.886120E-03  -7.003495E-03   5.202774E-03   1.209333E+00   2.834872E-02  -1.527166E+00
          3035      G      2.895717E-03  -6.247449E-03  -6.568921E-02  -1.432840E-01  -3.863239E+00   5.447516E-03
          3036      G      1.714547E-04  -5.349120E-03  -3.484599E-03   8.426363E-01  -1.991576E-01  -8.014018E-01
          3037      G     -2.548742E-04  -1.075749E-03  -4.593825E-03  -6.178651E-01   1.106577E-01   6.888425E-01
          3038      G     -9.779130E-04   1.543613E-03  -7.273218E-03  -1.239870E+00  -4.426395E-02   7.016620E-01
          3039      G     -1.615864E-03  -6.558969E-03  -2.342548E-01  -3.426525E+00   4.101433E-01   5.177486E-04
          3040      G     -2.173553E-03  -5.183246E-03  -1.729430E-01  -6.237842E-01   3.717912E+00  -1.194361E-02
          3041      G     -9.789506E-04  -5.643110E-03   2.301313E-03   6.593399E-01  -1.497432E-01   3.951164E-02
          3042      G     -2.733794E-03  -6.818313E-03   5.017415E-03   1.167295E+00  -2.950749E-02   1.481490E+00
          3043      G     -2.693015E-03  -6.040601E-03  -6.951863E-02  -1.579526E-01   4.069202E+00  -6.662475E-03
          3044      G      8.567943E-05  -5.218474E-03  -3.501620E-03   1.136718E+00   2.320326E-01   1.979797E+00
          4000      G     -1.576293E-05   2.023371E-04   2.470042E-03  -7.862811E-02   3.640635E-04  -6.666629E-03
          4001      G      3.513945E-05   2.115836E-04   2.787984E-03  -1.002693E-01   1.116494E-02  -1.166073E-01
          4002      G      7.799425E-05   1.597558E-04   1.777147E-03  -9.259336E-02   2.824226E-02  -1.756937E-01
          4003      G     -1.741475E-05   2.227056E-04   1.562233E-03   7.818339E-02  -9.299864E-04  -2.150241E-05
          4004      G      2.007178E-06   1.993760E-04   1.729853E-03   8.735231E-02   1.542655E-02  -6.358359E-04
          4005      G      2.376276E-05   1.879664E-04   8.113048E-04   7.465484E-02   2.518736E-02  -1.026344E-03
          4006      G     -1.492322E-05   1.861218E-04  -3.031964E-05  -7.557452E-02  -1.553139E-03   1.278318E-05
          4007      G     -1.561260E-05   2.148739E-04  -8.246118E-06  -5.873222E-02  -7.291097E-04  -4.223159E-04
          4008      G     -1.525935E-05   1.635554E-04   2.500761E-05  -9.219482E-02  -1.562905E-03  -1.136844E-03
          4009      G      1.191147E-04   1.612574E-04   1.347288E-03  -1.088711E-01   1.496945E-02  -1.519682E-01
          4010      G      1.507273E-04   1.581357E-04   9.977487E-04  -1.571442E-01  -6.071718E-03  -1.794770E-02
          4011      G      3.773727E-05   1.513833E-04   9.968460E-04   1.976205E-02  -2.459444E-02  -1.742021E-03
          4012      G      3.272295E-05   9.221500E-05   1.372410E-03  -1.484296E-02  -1.397944E-02  -3.697460E-01
          4013      G     -1.481072E-05   1.454607E-04   4.817938E-05   4.344254E-03  -1.581440E-03  -1.537338E-03
          4014      G     -1.845647E-05   7.002859E-05   1.190613E-04   7.858136E-02  -2.945807E-03  -8.470204E-01
          4015      G     -6.791988E-05   2.186070E-04   2.797889E-03  -1.029779E-01  -1.181718E-02   1.091800E-01
          4016      G     -1.136198E-04   1.631404E-04   1.762737E-03  -9.303055E-02  -2.864299E-02   1.760558E-01
          4017      G     -3.621917E-05   2.022196E-04   1.670512E-03   8.966213E-02  -1.849913E-02   5.901345E-04
          4018      G     -5.843142E-05   1.945669E-04   6.732988E-04   7.334915E-02  -2.796506E-02   1.030301E-03
          4019      G     -1.453065E-05   2.163679E-04  -5.969132E-06  -6.218327E-02   3.066901E-03   4.547385E-04
          4020      G     -1.357037E-05   1.656992E-04   2.418822E-05  -9.357879E-02  -1.567774E-03   1.197152E-03
          4021      G     -1.605128E-04   1.757502E-04   1.345854E-03  -1.143309E-01  -1.645259E-02   1.644461E-01
          4022      G     -2.011734E-04   1.769852E-04   1.048847E-03  -1.798720E-01   1.740172E-02  -3.865738E-02
          4023      G     -7.126780E-05   1.581852E-04   9.677627E-04   1.502869E-02   3.513435E-02   1.841958E-03
          4024      G     -5.734140E-05   9.687985E-05   1.512220E-03  -1.906427E-02   1.521096E-02   3.638939E-01
          4025      G     -1.329800E-05   1.468350E-04   1.647669E-05   1.387680E-02   3.480995E-04   1.690631E-03
          4026      G     -1.287944E-05   6.283944E-05   5.008886E-06   1.051165E-01  -1.582653E-03   9.550267E-01
          4027      G     -1.050353E-05   2.036278E-04  -2.456257E-03  -7.882401E-02  -4.057108E-04   8.670174E-03
          4028      G     -6.313843E-05   2.201465E-04  -2.799200E-03  -1.036339E-01  -1.152392E-02  -1.052835E-01
          4029      G     -1.089519E-04   1.654648E-04  -1.761278E-03  -9.304492E-02  -2.852625E-02  -1.701087E-01
          4030      G     -1.295598E-05   2.245594E-04  -1.599889E-03   7.515931E-02   2.045714E-03   2.832562E-05
          4031      G     -3.311199E-05   2.024290E-04  -1.788411E-03   8.648190E-02  -1.624587E-02  -5.663349E-04
          4032      G     -5.579150E-05   1.951330E-04  -7.833631E-04   7.172773E-02  -3.039604E-02  -9.576653E-04
          4033      G     -1.574585E-04   1.783518E-04  -1.339517E-03  -1.134400E-01  -1.790548E-02  -1.629914E-01
          4034      G     -2.026938E-04   1.874230E-04  -1.061114E-03  -1.856669E-01   2.253303E-02   6.612388E-02
          4035      G     -6.813851E-05   1.619474E-04  -1.020917E-03   1.773164E-02   3.317999E-02  -1.810770E-03
          4036      G     -5.026970E-05   9.778380E-05  -1.536643E-03  -3.553380E-03   1.627936E-02  -4.161730E-01
          4037      G      4.229521E-05   2.189729E-04  -2.804682E-03  -1.035734E-01   1.109421E-02   1.234146E-01
1                                                       **STUDENT EDITION*    APRIL  18, 2026  MSC Nastran  3/ 3/26   PAGE   101
     DEFAULT                                                                                                                        
0                                                                                                            SUBCASE 1              
      EIGENVALUE =  7.062586E+06
          CYCLES =  4.229626E+02         R E A L   E I G E N V E C T O R   N O .          9
 
      POINT ID.   TYPE          T1             T2             T3             R1             R2             R3
          4038      G      8.862164E-05   1.628008E-04  -1.761676E-03  -9.314896E-02   2.826139E-02   1.901403E-01
          4039      G      7.642326E-06   2.022909E-04  -1.695621E-03   8.912974E-02   1.839763E-02   6.322760E-04
          4040      G      3.097424E-05   1.941659E-04  -6.583214E-04   7.429940E-02   2.986838E-02   1.045806E-03
          4041      G      1.359517E-04   1.743694E-04  -1.334369E-03  -1.114985E-01   1.658675E-02   1.809207E-01
          4042      G      1.771816E-04   1.776872E-04  -1.035473E-03  -1.776546E-01  -1.995092E-02  -3.336864E-02
          4043      G      4.515370E-05   1.580038E-04  -9.234735E-04   1.437323E-02  -3.549296E-02   1.856516E-03
          4044      G      3.202585E-05   9.625978E-05  -1.499228E-03  -1.962086E-02  -1.868876E-02   3.582469E-01
1                                                       **STUDENT EDITION*    APRIL  18, 2026  MSC Nastran  3/ 3/26   PAGE   102
     DEFAULT                                                                                                                        
0                                                                                                            SUBCASE 1              
      EIGENVALUE =  7.458288E+06
          CYCLES =  4.346500E+02         R E A L   E I G E N V E C T O R   N O .         10
 
      POINT ID.   TYPE          T1             T2             T3             R1             R2             R3
             1      G      0.0            0.0            0.0            0.0            0.0            0.0
             2      G      0.0            0.0            0.0            0.0            0.0            0.0
             3      G      0.0            0.0            0.0            0.0            0.0            0.0
             4      G      0.0            0.0            0.0            0.0            0.0            0.0
             5      G      0.0            0.0            0.0            0.0            0.0            0.0
             6      G      0.0            0.0            0.0            0.0            0.0            0.0
             7      G      0.0            0.0            0.0            0.0            0.0            0.0
             8      G      0.0            0.0            0.0            0.0            0.0            0.0
            10      G      1.562011E-04  -1.575160E-05  -4.285280E-04  -1.532894E-03   5.850379E-04   1.600359E-02
            11      G      1.561929E-04   1.514310E-05  -4.293987E-04   1.534512E-03   5.822391E-04  -1.645808E-02
            12      G     -1.432332E-04  -1.823174E-05  -4.178559E-04  -7.900106E-04  -4.697141E-04  -3.535286E-02
            13      G     -1.460161E-04   1.396443E-05  -4.179781E-04   8.085709E-04  -4.772009E-04   3.586808E-02
            14      G     -1.387076E-04   2.448655E-05   4.279267E-04   7.600482E-04  -4.527539E-04  -3.341601E-02
            15      G     -1.460897E-04  -1.110190E-05   4.284442E-04  -8.135710E-04  -4.658305E-04   3.505377E-02
            16      G      1.495633E-04   3.250640E-05   4.401108E-04   1.525375E-03   5.502944E-04   2.010381E-02
            17      G      1.574987E-04  -4.025159E-05   4.405277E-04  -1.497877E-03   5.794590E-04  -2.493027E-02
           100      G     -2.510724E-04   4.485553E-04  -8.027928E-02   2.649375E+00   4.188950E-02  -2.210946E-02
           101      G     -5.459858E-04   8.548347E-06  -1.543460E-01  -3.951586E-04  -1.870769E-01  -4.471380E-04
           102      G     -1.048247E-04  -6.884923E-05  -4.613529E-02   1.458911E+00   1.459296E+00  -9.667037E-03
           103      G     -2.248349E-03   7.264031E-06  -8.286257E-02   3.679341E-04   3.214690E+00   2.368125E-04
           104      G     -4.596666E-04   8.318450E-06  -1.809294E-04   7.943885E-03   9.196918E-01  -2.806375E-02
           105      G     -1.807744E-03   3.417206E-06  -3.758794E-04   2.515892E-05   1.603235E-01   6.445631E-05
           106      G      1.168136E-04   6.477337E-04   4.433012E-04  -8.135710E-04  -4.658305E-04   3.505377E-02
           107      G      1.168136E-04  -2.877639E-04   4.308694E-04  -8.135710E-04  -4.658305E-04   3.505377E-02
           108      G      3.447475E-04   1.083204E-05   4.878260E-05   8.274764E-04  -2.052056E-01  -2.088891E-02
           109      G     -2.947828E-05  -2.272286E-04   4.474158E-04  -1.497877E-03   5.794590E-04  -2.493027E-02
           110      G      1.527958E-04  -2.331694E-03   1.374944E-02  -5.413394E-01  -3.075823E-01   2.820294E-01
           111      G     -2.947828E-05   4.692608E-04   4.636044E-04  -1.497877E-03   5.794590E-04  -2.493027E-02
           112      G     -2.868233E-04   1.838722E-05  -3.663765E-02   1.160639E+00  -2.139162E+00  -2.125401E-02
           113      G     -6.973476E-05   3.094720E-05   1.709058E-02   2.283644E-03  -3.926286E-01  -8.953801E-03
           114      G      5.922508E-04   4.876881E-06  -7.263861E-02  -2.057615E-03  -3.338696E+00   2.651543E-03
           115      G     -2.243798E-04  -4.254311E-04   8.030081E-02  -2.642340E+00   4.462676E-02  -2.208549E-02
           116      G     -5.188609E-04  -1.293613E-06   1.543591E-01   5.349984E-04  -1.877862E-01   3.421593E-05
           117      G     -8.908607E-05   7.880353E-05   4.593327E-02  -1.448216E+00   1.468310E+00  -9.727835E-03
           118      G     -2.242173E-03   2.870582E-07   8.247607E-02   2.230627E-04   3.231822E+00   1.189069E-04
           119      G      1.229944E-04  -6.601760E-04  -4.330114E-04   8.085709E-04  -4.772009E-04   3.586808E-02
           120      G      1.229944E-04   2.970533E-04  -4.202761E-04   8.085709E-04  -4.772009E-04   3.586808E-02
           121      G      3.275730E-05   1.385787E-04  -4.365408E-04   1.534512E-03   5.822391E-04  -1.645808E-02
           122      G      2.318687E-04   2.242611E-03  -1.340534E-02   5.398555E-01  -3.111549E-01   2.706856E-01
           123      G      3.275730E-05  -3.212188E-04  -4.528071E-04   1.534512E-03   5.822391E-04  -1.645808E-02
           124      G     -2.370305E-04  -1.911336E-05   3.685090E-02  -1.158538E+00  -2.133761E+00  -2.034271E-02
           125      G     -2.043161E-05  -1.635253E-06  -1.654381E-02   1.566226E-04  -3.987682E-01  -1.932917E-04
           126      G      6.385719E-04  -1.535859E-06   7.297324E-02   7.055113E-04  -3.332682E+00   3.558519E-05
           127      G     -2.438073E-04  -4.224990E-04  -8.025675E-02  -2.647550E+00   3.873430E-02   2.188510E-02
           128      G     -1.033156E-04   8.574236E-05  -4.613971E-02  -1.458427E+00   1.460056E+00   9.828485E-03
           129      G     -4.587468E-04  -2.547385E-06  -1.776219E-04  -7.668357E-03   9.197387E-01   2.812006E-02
           130      G      1.119125E-04  -6.035674E-04   4.421365E-04   7.600482E-04  -4.527539E-04  -3.341601E-02
           131      G      1.119125E-04   2.882225E-04   4.300537E-04   7.600482E-04  -4.527539E-04  -3.341601E-02
           132      G      3.438461E-04  -4.507558E-06   4.833156E-05  -7.394140E-04  -2.047429E-01   2.050253E-02
           133      G     -1.215259E-06   1.832850E-04   4.474239E-04   1.525375E-03   5.502944E-04   2.010381E-02
1                                                       **STUDENT EDITION*    APRIL  18, 2026  MSC Nastran  3/ 3/26   PAGE   103
     DEFAULT                                                                                                                        
0                                                                                                            SUBCASE 1              
      EIGENVALUE =  7.458288E+06
          CYCLES =  4.346500E+02         R E A L   E I G E N V E C T O R   N O .         10
 
      POINT ID.   TYPE          T1             T2             T3             R1             R2             R3
           134      G      1.852420E-04   2.321554E-03   1.374148E-02   5.486293E-01  -3.084274E-01  -2.842355E-01
           135      G     -1.215259E-06  -3.783653E-04   4.627977E-04   1.525375E-03   5.502944E-04   2.010381E-02
           136      G     -2.631366E-04   3.120902E-06  -3.659309E-02  -1.153712E+00  -2.136412E+00   2.109491E-02
           137      G     -2.230793E-04   4.209467E-04   8.029154E-02   2.643039E+00   4.441676E-02   2.194022E-02
           138      G     -8.903405E-05  -7.934832E-05   4.593101E-02   1.448718E+00   1.468018E+00   9.817601E-03
           139      G      1.219132E-04   6.462251E-04  -4.326092E-04  -7.900106E-04  -4.697141E-04  -3.535286E-02
           140      G      1.219132E-04  -2.972542E-04  -4.200737E-04  -7.900106E-04  -4.697141E-04  -3.535286E-02
           141      G      3.617422E-05  -1.357785E-04  -4.356369E-04  -1.532894E-03   5.850379E-04   1.600359E-02
           142      G      2.356209E-04  -2.244991E-03  -1.340200E-02  -5.393192E-01  -3.098807E-01  -2.715124E-01
           143      G      3.617422E-05   3.113218E-04  -4.519814E-04  -1.532894E-03   5.850379E-04   1.600359E-02
           144      G     -2.340365E-04   1.499683E-05   3.683845E-02   1.158747E+00  -2.133814E+00   2.034380E-02
           200      G     -1.122532E-05  -1.800455E-04   4.474158E-04  -1.497877E-03   5.794590E-04  -2.493027E-02
           201      G     -1.122532E-05   5.164439E-04   4.636044E-04  -1.497877E-03   5.794590E-04  -2.493027E-02
           202      G      1.021399E-04   6.733612E-04   4.433012E-04  -8.135710E-04  -4.658305E-04   3.505377E-02
           203      G      1.021399E-04  -2.621364E-04   4.308694E-04  -8.135710E-04  -4.658305E-04   3.505377E-02
           204      G     -1.116290E-03   1.117135E-04   5.331464E-05   1.353721E-02   1.080696E+00  -3.841570E-01
           205      G     -2.034231E-02  -1.209637E-03   1.635044E-02   9.878333E-01   4.699309E+00  -1.556965E-01
           206      G     -2.672567E-02  -5.196036E-05   2.411062E-02  -1.213031E-02   6.849334E+00  -7.457057E-02
           207      G      5.109784E-05   9.024154E-05  -4.365408E-04   1.534512E-03   5.822391E-04  -1.645808E-02
           208      G      5.109784E-05  -3.695560E-04  -4.528071E-04   1.534512E-03   5.822391E-04  -1.645808E-02
           209      G      1.079626E-04  -6.856460E-04  -4.330114E-04   8.085709E-04  -4.772009E-04   3.586808E-02
           210      G      1.079626E-04   2.715833E-04  -4.202761E-04   8.085709E-04  -4.772009E-04   3.586808E-02
           211      G     -1.889444E-02   1.078528E-03  -1.592321E-02  -1.505999E+00   4.516123E+00  -2.764107E-01
           212      G     -2.761854E-02  -1.247320E-06  -2.339728E-02  -1.194304E-03   6.726509E+00  -5.543799E-04
           213      G      1.611901E-05   1.352357E-04   4.474239E-04   1.525375E-03   5.502944E-04   2.010381E-02
           214      G      1.611901E-05  -4.264146E-04   4.627977E-04   1.525375E-03   5.502944E-04   2.010381E-02
           215      G      9.765075E-05  -6.275089E-04   4.421365E-04   7.600482E-04  -4.527539E-04  -3.341601E-02
           216      G      9.765075E-05   2.642810E-04   4.300537E-04   7.600482E-04  -4.527539E-04  -3.341601E-02
           217      G     -1.114422E-03  -1.066773E-04   5.162323E-05  -1.476092E-02   1.084087E+00   3.835566E-01
           218      G     -2.068576E-02   1.475404E-03   1.639640E-02  -1.501406E+00   4.773627E+00   1.888655E-01
           219      G      5.460291E-05  -8.749238E-05  -4.356369E-04  -1.532894E-03   5.850379E-04   1.600359E-02
           220      G      5.460291E-05   3.596079E-04  -4.519814E-04  -1.532894E-03   5.850379E-04   1.600359E-02
           221      G      1.071172E-04   6.711105E-04  -4.326092E-04  -7.900106E-04  -4.697141E-04  -3.535286E-02
           222      G      1.071172E-04  -2.723689E-04  -4.200737E-04  -7.900106E-04  -4.697141E-04  -3.535286E-02
           223      G     -1.888050E-02  -1.080523E-03  -1.592255E-02   1.504289E+00   4.524299E+00   2.749330E-01
           224      G     -6.100734E-03  -4.495304E-03   1.451250E+00  -4.686051E+01  -1.945770E+00  -1.106596E-01
           225      G     -9.398150E-03   1.242360E-05   2.701232E+00  -8.599452E-03   2.919045E+00  -4.177184E-04
           226      G     -6.488052E-03   3.472083E-03   8.390878E-01  -2.588581E+01  -2.607866E+01   9.456814E-02
           227      G      2.340321E-02   1.290320E-05   1.465454E+00  -2.203107E-03  -5.598839E+01   6.128638E-04
           228      G     -1.398240E-03  -8.673495E-05   2.289625E-02  -5.902914E-01  -1.758292E+01   3.880926E-01
           229      G      1.787148E-02   1.780396E-06   3.855118E-02   1.053253E-04  -3.362431E+00   1.508716E-06
           230      G     -9.281501E-03   2.137259E-03   7.983582E-01  -2.478864E+01   3.345040E+01  -1.763053E-01
           231      G     -3.529019E-02   9.630126E-05   1.442483E+00  -6.166227E-02   5.341959E+01   1.546286E-02
           232      G     -5.198523E-03   5.106662E-03  -1.448258E+00   4.713738E+01  -1.956387E+00  -9.108465E-02
           233      G     -7.833866E-03  -2.630036E-06  -2.708784E+00   3.933014E-03   2.555497E+00   2.687033E-05
           234      G     -6.114998E-03  -3.220305E-03  -8.134592E-01   2.534826E+01  -2.712226E+01   9.436309E-02
           235      G      2.463474E-02  -1.022910E-06  -1.427182E+00   1.456481E-03  -5.768743E+01   2.151747E-04
           236      G     -9.476873E-03  -2.432042E-03  -7.978257E-01   2.480513E+01   3.488965E+01  -1.313987E-01
           237      G     -2.866584E-02  -7.395808E-07  -1.450188E+00   3.481263E-03   5.842584E+01  -4.598520E-05
           238      G     -6.174372E-03   4.521730E-03   1.451551E+00   4.672320E+01  -1.976815E+00   1.102277E-01
1                                                       **STUDENT EDITION*    APRIL  18, 2026  MSC Nastran  3/ 3/26   PAGE   104
     DEFAULT                                                                                                                        
0                                                                                                            SUBCASE 1              
      EIGENVALUE =  7.458288E+06
          CYCLES =  4.346500E+02         R E A L   E I G E N V E C T O R   N O .         10
 
      POINT ID.   TYPE          T1             T2             T3             R1             R2             R3
           239      G     -6.526627E-03  -3.453015E-03   8.391369E-01   2.580543E+01  -2.607261E+01  -9.428766E-02
           240      G     -1.416799E-03   8.042399E-05   2.292607E-02   5.570300E-01  -1.758592E+01  -3.879066E-01
           241      G     -9.453792E-03  -2.113153E-03   7.994573E-01   2.454078E+01   3.343993E+01   1.786065E-01
           242      G     -5.200018E-03  -5.115554E-03  -1.448339E+00  -4.714850E+01  -1.958298E+00   9.093727E-02
           243      G     -6.123651E-03   3.217066E-03  -8.134845E-01  -2.536849E+01  -2.712340E+01  -9.434385E-02
           244      G     -9.471104E-03   2.427584E-03  -7.979257E-01  -2.481303E+01   3.488955E+01   1.313574E-01
           300      G     -1.583571E-04   1.161032E-04   6.020525E-04   1.543802E-02  -3.913483E-03   1.464965E-02
           301      G     -2.501273E-04   1.585435E-04   1.767285E-04   2.925335E-02  -6.693706E-03  -1.491869E-02
           302      G     -1.604247E-04   4.286218E-05   2.841835E-05   2.029739E-03  -2.407126E-02   1.268145E-02
           303      G     -3.002199E-04   1.034053E-03   3.023829E-03  -1.038322E-01   5.745802E-03  -3.391438E-04
           304      G     -1.286968E-04   5.333755E-04   1.256452E-03  -6.143683E-02  -3.423193E-02   3.882469E-02
           305      G      8.221473E-04   1.124945E-03   1.274846E-02  -2.257967E-01   1.131207E-01  -6.755133E-02
           306      G      1.168433E-03   1.561043E-04   1.779074E-02  -1.958795E-02   8.141618E-02   3.152024E-02
           307      G     -1.502830E-04  -6.329820E-05  -5.787590E-04  -1.923823E-02  -2.128971E-04   2.019690E-02
           308      G     -2.644999E-04  -8.747123E-05  -1.300280E-04  -2.850872E-02  -6.143439E-03  -1.762757E-02
           309      G     -3.508759E-04  -1.078070E-03  -2.967706E-03   7.674868E-02   2.813192E-02  -2.088062E-03
           310      G     -1.306929E-04  -4.866028E-04  -1.203721E-03   5.723581E-02  -2.708603E-02   4.605431E-02
           311      G      8.741110E-04  -1.147785E-03  -1.240713E-02   2.389304E-01   1.065409E-01  -7.441630E-02
           312      G      1.170893E-03   6.887409E-06  -1.719571E-02   2.663797E-04   8.064781E-02   2.973593E-05
           313      G     -1.262226E-04  -2.412693E-05   5.999533E-04  -1.968654E-02   5.516165E-04  -1.856974E-02
           314      G     -2.345966E-04  -8.347858E-05   1.702577E-04  -3.179547E-02  -2.277645E-03   1.812776E-02
           315      G     -1.360085E-04   2.945269E-05   3.245515E-05  -1.703050E-03  -3.046773E-02  -1.099391E-02
           316      G     -3.208291E-04  -9.673503E-04   3.020774E-03   7.804298E-02   3.278745E-02  -2.633304E-03
           317      G     -1.075753E-04  -4.190213E-04   1.237254E-03   6.152725E-02  -2.913602E-02  -4.511581E-02
           318      G      8.912733E-04  -1.067613E-03   1.274837E-02   2.539630E-01   1.119637E-01   7.740046E-02
           319      G     -1.267662E-04   1.031688E-04  -5.764726E-04   1.997979E-02  -1.962316E-04  -1.972049E-02
           320      G     -2.396699E-04   1.421036E-04  -1.325459E-04   2.894195E-02  -4.381011E-03   1.862507E-02
           321      G     -3.280437E-04   1.093898E-03  -2.961240E-03  -7.745820E-02   2.900391E-02   2.368280E-03
           322      G     -1.081964E-04   5.132053E-04  -1.201635E-03  -5.778874E-02  -2.680110E-02  -4.556279E-02
           323      G      8.898791E-04   1.162202E-03  -1.240332E-02  -2.389037E-01   1.080172E-01   7.440415E-02
           324      G      6.409656E-04   1.695561E-04  -1.427202E-02   3.605730E-01  -1.170743E-01   1.871253E-02
           325      G      1.086230E-03   4.613794E-05  -1.902914E-02  -1.063716E-03   6.615484E-02   4.467658E-04
           326      G      6.150797E-04   3.584195E-05  -1.151693E-02   2.468097E-01   3.124320E-01   7.432630E-03
           327      G      8.137368E-04   3.696123E-05  -1.302117E-02  -9.372821E-03   3.887685E-01   2.464403E-04
           328      G      5.563871E-04   3.832439E-05  -1.138479E-03   8.714676E-03   2.880988E-01   1.543049E-02
           329      G      8.194006E-04   3.157385E-05  -5.911546E-04  -6.081747E-04   1.281270E-01   2.704561E-04
           330      G      6.521018E-04   3.038811E-04   1.237567E-04   5.252068E-02  -6.625222E-01   1.800706E-02
           331      G      1.493307E-03   3.728110E-05  -5.661078E-04   7.610768E-03  -7.730873E-01  -3.941649E-03
           332      G      6.575857E-04  -1.121737E-04   1.372898E-02  -3.759254E-01  -8.140118E-02   1.733266E-02
           333      G      1.093260E-03   1.964709E-05   1.983085E-02   3.327144E-04   6.614614E-02   3.583320E-04
           334      G      6.318496E-04   3.083662E-05   9.740799E-03  -2.346926E-01   3.471404E-01   7.631001E-03
           335      G      8.024321E-04   2.573261E-05   1.269393E-02  -8.698852E-03   4.304810E-01   2.071625E-04
           336      G      6.868988E-04  -2.421180E-04   1.269098E-04  -7.279542E-02  -6.395304E-01   1.882205E-02
           337      G      1.507966E-03   1.377587E-05   1.460605E-03   1.459559E-03  -7.799496E-01   2.417660E-04
           338      G      6.683062E-04  -8.153052E-05  -1.382622E-02  -3.617842E-01  -9.411733E-02  -1.734769E-02
           339      G      6.386587E-04   4.185660E-05  -1.070453E-02  -2.399411E-01   3.153437E-01  -7.133238E-03
           340      G      5.723699E-04   2.740812E-05  -3.366790E-04  -1.109925E-02   2.889214E-01  -1.562133E-02
           341      G      7.067011E-04  -1.713062E-04   1.121411E-04  -6.349382E-02  -6.503398E-01  -1.815857E-02
           342      G      6.705214E-04   1.515007E-04   1.434178E-02   3.742557E-01  -9.518826E-02  -1.722567E-02
           343      G      6.449958E-04   2.249916E-05   1.063714E-02   2.409504E-01   3.457048E-01  -7.238860E-03
1                                                       **STUDENT EDITION*    APRIL  18, 2026  MSC Nastran  3/ 3/26   PAGE   105
     DEFAULT                                                                                                                        
0                                                                                                            SUBCASE 1              
      EIGENVALUE =  7.458288E+06
          CYCLES =  4.346500E+02         R E A L   E I G E N V E C T O R   N O .         10
 
      POINT ID.   TYPE          T1             T2             T3             R1             R2             R3
           344      G      7.008921E-04   2.692189E-04   3.735945E-04   7.121554E-02  -6.542570E-01  -1.846797E-02
           400      G     -1.190172E-03   2.294412E-04   6.999209E-04   2.923544E-02  -4.669553E-02   1.226243E-02
           401      G     -1.165422E-03   4.646217E-04   2.176705E-04   7.256012E-02  -3.534425E-02   5.080834E-03
           402      G     -1.131095E-03   3.971492E-05   2.376985E-05  -2.262733E-04  -3.469290E-02   2.063502E-02
           403      G     -1.545416E-03   1.122120E-03   4.194618E-03  -8.741053E-03  -1.327478E-01  -3.324673E-02
           404      G     -1.284665E-03   5.204343E-04   1.850348E-03   8.706788E-02   4.921129E-03   1.179151E-02
           405      G     -3.126233E-04   9.760416E-04   1.175230E-02  -1.832594E-01  -2.146905E-01  -4.903063E-02
           406      G      7.123711E-06   5.868797E-05   1.555035E-02   1.228975E-03  -2.803047E-01   3.291485E-03
           407      G     -1.190279E-03  -1.536493E-04  -6.639814E-04  -3.053286E-02  -4.725299E-02   1.245778E-02
           408      G     -1.165009E-03  -3.823825E-04  -1.759955E-04  -7.270295E-02  -3.588207E-02   5.262161E-03
           409      G     -1.539808E-03  -1.037597E-03  -4.113301E-03   9.121727E-03  -1.339133E-01  -3.320364E-02
           410      G     -1.284011E-03  -4.423816E-04  -1.805286E-03  -8.921361E-02   6.676612E-03   1.119933E-02
           411      G     -3.179948E-04  -8.850866E-04  -1.139478E-02   1.757539E-01  -2.140065E-01  -4.921124E-02
           412      G     -3.017486E-06   1.275201E-05  -1.503214E-02  -2.004927E-04  -2.786410E-01   1.758857E-04
           413      G     -1.161272E-03  -1.269020E-04   6.957231E-04  -2.989388E-02  -4.700471E-02  -1.199490E-02
           414      G     -1.134671E-03  -3.727103E-04   2.143270E-04  -7.312439E-02  -3.512806E-02  -4.900851E-03
           415      G     -1.101424E-03   3.953561E-05   2.415859E-05  -4.877634E-04  -3.441424E-02  -2.001755E-02
           416      G     -1.515456E-03  -9.957688E-04   4.193702E-03   1.201192E-02  -1.356633E-01   3.384982E-02
           417      G     -1.256603E-03  -4.032608E-04   1.847270E-03  -8.736893E-02   5.849081E-03  -1.107099E-02
           418      G     -2.964635E-04  -8.402606E-04   1.173014E-02   1.810151E-01  -2.148197E-01   5.034413E-02
           419      G     -1.159282E-03   2.077074E-04  -6.634023E-04   2.966281E-02  -4.711423E-02  -1.200730E-02
           420      G     -1.134726E-03   4.495972E-04  -1.753614E-04   7.197788E-02  -3.589367E-02  -4.782840E-03
           421      G     -1.507431E-03   1.064308E-03  -4.105288E-03  -9.753878E-03  -1.332016E-01   3.363356E-02
           422      G     -1.252496E-03   4.833847E-04  -1.801786E-03   8.809055E-02   6.774117E-03  -1.073675E-02
           423      G     -3.027068E-04   9.107476E-04  -1.139056E-02  -1.759070E-01  -2.137483E-01   4.956225E-02
           424      G     -6.427732E-04   2.740533E-04  -2.622773E-02   9.219432E-01  -4.845408E-02   9.210149E-03
           425      G     -3.000918E-04   5.184148E-05  -5.064212E-02  -2.445776E-04  -2.078402E-01   3.562694E-04
           426      G     -5.979689E-04   3.548860E-05  -1.573133E-02   4.728184E-01   4.447834E-01   2.841080E-03
           427      G     -1.052108E-03   4.597618E-05  -2.736827E-02  -4.317662E-04   1.080326E+00   1.898837E-04
           428      G     -6.620130E-04   4.130059E-05  -1.385913E-04   5.049369E-03   3.292441E-01  -3.606273E-03
           429      G     -9.443630E-04   3.995670E-05  -2.914132E-04  -2.970020E-04  -6.774888E-02   2.261281E-04
           430      G     -5.590971E-04   2.703475E-04  -8.879306E-03   3.397068E-01  -8.577371E-01   1.540437E-02
           431      G      2.798641E-04   5.828044E-05  -1.861770E-02   9.257868E-04  -1.320289E+00  -6.888908E-04
           432      G     -6.456660E-04  -1.956875E-04   2.631959E-02  -9.227353E-01  -4.315218E-02   9.059612E-03
           433      G     -3.099544E-04   2.730972E-05   5.073335E-02  -3.853026E-04  -2.060582E-01   2.264600E-04
           434      G     -5.987392E-04   4.246458E-05   1.560524E-02  -4.679232E-01   4.515890E-01   2.826279E-03
           435      G     -1.061038E-03   3.366710E-05   2.710060E-02  -2.993457E-04   1.094126E+00   2.389491E-04
           436      G     -5.634477E-04  -1.929310E-04   9.134062E-03  -3.438323E-01  -8.535027E-01   1.521296E-02
           437      G      2.670127E-04   2.011697E-05   1.893680E-02  -3.400166E-04  -1.311640E+00   2.916781E-04
           438      G     -6.282597E-04  -1.698476E-04  -2.624665E-02  -9.213402E-01  -4.700741E-02  -8.945853E-03
           439      G     -5.836409E-04   5.613070E-05  -1.573640E-02  -4.723466E-01   4.445487E-01  -2.433511E-03
           440      G     -6.471580E-04   3.853832E-05  -1.443867E-04  -4.954281E-03   3.293987E-01   3.871033E-03
           441      G     -5.444515E-04  -1.566084E-04  -8.914316E-03  -3.400993E-01  -8.584264E-01  -1.495819E-02
           442      G     -6.304456E-04   2.503214E-04   2.631792E-02   9.229040E-01  -4.319233E-02  -8.734221E-03
           443      G     -5.837394E-04   2.475176E-05   1.560210E-02   4.679982E-01   4.517447E-01  -2.413587E-03
           444      G     -5.479989E-04   2.334098E-04   9.133274E-03   3.441092E-01  -8.533131E-01  -1.476993E-02
           445      G     -3.126651E-03   2.767659E-03   4.498512E-03  -1.164136E-01  -6.628210E-02  -6.628558E-02
           446      G     -2.818994E-03   9.571135E-04   2.209036E-03  -9.258277E-02  -7.746208E-02   2.275175E-02
           447      G     -2.490942E-03   3.275308E-04   8.595382E-04  -6.153705E-02  -2.703357E-02   2.481334E-02
           448      G     -2.242454E-03   8.313967E-05   3.008504E-04  -4.601446E-02  -7.329590E-03   2.929588E-02
1                                                       **STUDENT EDITION*    APRIL  18, 2026  MSC Nastran  3/ 3/26   PAGE   106
     DEFAULT                                                                                                                        
0                                                                                                            SUBCASE 1              
      EIGENVALUE =  7.458288E+06
          CYCLES =  4.346500E+02         R E A L   E I G E N V E C T O R   N O .         10
 
      POINT ID.   TYPE          T1             T2             T3             R1             R2             R3
           449      G     -2.164905E-03   3.884639E-05   2.226816E-05   5.089393E-04  -2.241095E-03   2.532667E-02
           450      G     -1.902582E-03   2.095373E-03   1.139412E-02  -1.627605E-01  -1.513784E-01  -1.082441E-01
           451      G     -1.634672E-03   6.200680E-05   1.470074E-02   1.633103E-04  -2.180993E-01   4.723642E-04
           452      G     -3.097834E-03  -2.601874E-03  -4.405741E-03   1.114341E-01  -6.467875E-02  -6.435237E-02
           453      G     -2.799480E-03  -8.497605E-04  -2.156979E-03   9.063505E-02  -7.649023E-02   2.191078E-02
           454      G     -2.479798E-03  -2.404419E-04  -8.214853E-04   6.057859E-02  -2.704720E-02   2.420074E-02
           455      G     -2.238403E-03  -4.528299E-06  -2.592634E-04   4.635891E-02  -7.705563E-03   2.880621E-02
           456      G     -1.905744E-03  -1.950102E-03  -1.104609E-02   1.567074E-01  -1.478570E-01  -1.046249E-01
           457      G     -1.644548E-03   1.527845E-05  -1.421970E-02  -4.444326E-05  -2.109969E-01   1.710020E-04
           458      G     -3.095535E-03  -2.637669E-03   4.494394E-03   1.150179E-01  -6.573751E-02   6.652932E-02
           459      G     -2.788064E-03  -8.416872E-04   2.206415E-03   9.224292E-02  -7.765183E-02  -2.227864E-02
           460      G     -2.459369E-03  -2.240129E-04   8.563374E-04   6.142125E-02  -2.699181E-02  -2.437275E-02
           461      G     -2.210242E-03   8.964952E-06   2.984649E-04   4.579018E-02  -7.260522E-03  -2.885505E-02
           462      G     -2.131855E-03   4.178887E-05   2.211002E-05  -8.060206E-04  -2.173811E-03  -2.494502E-02
           463      G     -1.887416E-03  -1.970457E-03   1.137803E-02   1.632291E-01  -1.505787E-01   1.090621E-01
           464      G     -3.062763E-03   2.632363E-03  -4.397658E-03  -1.113773E-01  -6.466793E-02   6.473609E-02
           465      G     -2.764667E-03   8.935824E-04  -2.152791E-03  -9.056672E-02  -7.633128E-02  -2.151157E-02
           466      G     -2.445863E-03   2.971096E-04  -8.197583E-04  -6.063888E-02  -2.701098E-02  -2.374115E-02
           467      G     -2.205190E-03   7.326029E-05  -2.584373E-04  -4.653055E-02  -7.698035E-03  -2.831107E-02
           468      G     -1.889240E-03   1.980666E-03  -1.104167E-02  -1.568329E-01  -1.478092E-01   1.049800E-01
           469      G     -2.292978E-03   2.047846E-03   7.714717E-03  -1.716271E-01  -1.050220E-01   7.275759E-02
           470      G     -2.198258E-03   9.662221E-04   6.758127E-03  -2.897635E-01  -4.077606E-02   2.310204E-02
           471      G     -2.107318E-03   2.558550E-04   5.610516E-03  -2.776690E-01  -5.600489E-02   1.642867E-02
           472      G     -2.059896E-03   7.736199E-05   3.466875E-03  -1.851728E-01  -9.437449E-02   4.634836E-03
           473      G     -2.043361E-03   3.768973E-05  -6.057877E-05   5.187423E-03  -1.247020E-01   5.955449E-03
           474      G     -1.740031E-03   6.219922E-04   1.232655E-02  -1.859053E-01   6.006218E-02   3.906100E-02
           475      G     -1.738670E-03   2.366840E-04   1.278756E-02  -3.086697E-01  -6.962263E-02   1.025406E-02
           476      G     -1.792758E-03   6.593222E-05   8.261263E-03  -2.002112E-01  -2.436391E-01   8.508929E-03
           477      G     -1.813906E-03   3.786814E-05  -2.036459E-04   6.160276E-03  -3.092172E-01   9.475546E-03
           478      G     -1.724571E-03   8.774107E-04   1.395780E-02  -8.533272E-02  -1.688259E-01   2.877090E-02
           479      G     -1.433365E-03   4.430307E-04   1.619066E-02  -1.606878E-01   1.310181E-01   6.491794E-03
           480      G     -1.510538E-03   1.323623E-04   1.805475E-02  -1.644722E-01  -7.128381E-02   7.966790E-03
           481      G     -1.597803E-03   6.259977E-05   1.198245E-02  -1.284724E-01  -3.448307E-01   4.067959E-03
           482      G     -1.375693E-03   5.750227E-05   1.750214E-02   3.969625E-05   1.535769E-01   1.369913E-04
           483      G     -1.410049E-03   5.177493E-05   1.975289E-02   1.706534E-04  -6.661814E-02   2.056075E-04
           484      G     -1.537939E-03   4.617433E-05   1.337976E-02   1.430114E-04  -3.648714E-01   1.998067E-04
           485      G     -1.645131E-03   3.883843E-05  -3.240522E-04   4.250898E-03  -4.655202E-01   4.037989E-03
           486      G     -1.583316E-03   4.036118E-05  -3.755648E-04   1.162338E-04  -5.355261E-01   2.024251E-04
           487      G     -2.286014E-03  -1.905087E-03  -7.500195E-03   1.655473E-01  -1.023640E-01   7.046804E-02
           488      G     -2.193425E-03  -8.587416E-04  -6.636685E-03   2.845074E-01  -3.734466E-02   2.247124E-02
           489      G     -2.104774E-03  -1.719773E-04  -5.609498E-03   2.805550E-01  -5.269048E-02   1.596648E-02
           490      G     -2.058564E-03   2.610982E-08  -3.553188E-03   1.933741E-01  -9.231109E-02   4.520639E-03
           491      G     -1.746195E-03  -5.258964E-04  -1.214393E-02   1.849375E-01   6.673396E-02   3.781491E-02
           492      G     -1.743860E-03  -1.532482E-04  -1.286970E-02   3.117170E-01  -6.098398E-02   9.989338E-03
           493      G     -1.795215E-03   1.125946E-05  -8.575436E-03   2.099950E-01  -2.376725E-01   8.336067E-03
           494      G     -1.730795E-03  -7.724557E-04  -1.351172E-02   8.170532E-02  -1.632353E-01   2.781215E-02
           495      G     -1.447331E-03  -3.522362E-04  -1.598147E-02   1.587495E-01   1.395088E-01   6.337550E-03
           496      G     -1.519917E-03  -5.107672E-05  -1.820610E-02   1.668531E-01  -5.865336E-02   7.776580E-03
           497      G     -1.602531E-03   1.613970E-05  -1.248211E-02   1.345743E-01  -3.353183E-01   3.968712E-03
           498      G     -1.389073E-03   2.194187E-05  -1.728431E-02  -5.284141E-05   1.632807E-01   2.278703E-04
1                                                       **STUDENT EDITION*    APRIL  18, 2026  MSC Nastran  3/ 3/26   PAGE   107
     DEFAULT                                                                                                                        
0                                                                                                            SUBCASE 1              
      EIGENVALUE =  7.458288E+06
          CYCLES =  4.346500E+02         R E A L   E I G E N V E C T O R   N O .         10
 
      POINT ID.   TYPE          T1             T2             T3             R1             R2             R3
           499      G     -1.420999E-03   2.837356E-05  -1.993438E-02   1.019220E-05  -5.338788E-02   2.155334E-04
           500      G     -1.543521E-03   3.443684E-05  -1.395192E-02   5.809503E-05  -3.529633E-01   2.109682E-04
           501      G     -2.269692E-03  -1.920319E-03   7.694302E-03   1.714311E-01  -1.043616E-01  -7.237298E-02
           502      G     -2.175479E-03  -8.507838E-04   6.748874E-03   2.896101E-01  -4.063781E-02  -2.270923E-02
           503      G     -2.083974E-03  -1.522288E-04   5.603273E-03   2.774978E-01  -5.601834E-02  -1.603942E-02
           504      G     -2.036027E-03   1.489153E-05   3.459701E-03   1.850170E-01  -9.431561E-02  -4.237297E-03
           505      G     -2.019087E-03   4.295997E-05  -6.584006E-05  -5.325264E-03  -1.246316E-01  -5.544902E-03
           506      G     -1.725027E-03  -5.066385E-04   1.231819E-02   1.859382E-01   6.003366E-02  -3.874411E-02
           507      G     -1.723492E-03  -1.330715E-04   1.277920E-02   3.087165E-01  -6.964213E-02  -9.854903E-03
           508      G     -1.777239E-03   2.638500E-05   8.252634E-03   2.002263E-01  -2.436113E-01  -8.108089E-03
           509      G     -1.798070E-03   4.281999E-05  -2.104760E-04  -6.171551E-03  -3.091195E-01  -9.074992E-03
           510      G     -1.716871E-03  -7.516271E-04   1.395042E-02   8.580230E-02  -1.684493E-01  -2.851177E-02
           511      G     -1.425860E-03  -3.283507E-04   1.618622E-02   1.610920E-01   1.309718E-01  -6.083551E-03
           512      G     -1.502948E-03  -2.867898E-05   1.804904E-02   1.646528E-01  -7.132926E-02  -7.588526E-03
           513      G     -1.590061E-03   2.971595E-05   1.197648E-02   1.286888E-01  -3.448063E-01  -3.669249E-03
           514      G     -1.637234E-03   4.188439E-05  -3.288516E-04  -4.087596E-03  -4.654562E-01  -3.630425E-03
           515      G     -2.260506E-03   1.935950E-03  -7.492938E-03  -1.656515E-01  -1.023308E-01  -6.999979E-02
           516      G     -2.168048E-03   9.025588E-04  -6.632197E-03  -2.845261E-01  -3.720905E-02  -2.203115E-02
           517      G     -2.079676E-03   2.287747E-04  -5.608841E-03  -2.806117E-01  -5.255519E-02  -1.554327E-02
           518      G     -2.033821E-03   6.877016E-05  -3.555781E-03  -1.934816E-01  -9.219210E-02  -4.114585E-03
           519      G     -1.729763E-03   5.697973E-04  -1.214108E-02  -1.850518E-01   6.680834E-02  -3.737593E-02
           520      G     -1.727552E-03   2.100100E-04  -1.286980E-02  -3.117266E-01  -6.084494E-02  -9.566824E-03
           521      G     -1.779119E-03   5.760000E-05  -8.579158E-03  -2.100003E-01  -2.375414E-01  -7.917841E-03
           522      G     -1.722602E-03   8.033754E-04  -1.350970E-02  -8.181972E-02  -1.632126E-01  -2.735556E-02
           523      G     -1.439151E-03   3.960263E-04  -1.598010E-02  -1.587791E-01   1.395481E-01  -5.921355E-03
           524      G     -1.511796E-03   1.078565E-04  -1.820632E-02  -1.668653E-01  -5.857547E-02  -7.356325E-03
           525      G     -1.594500E-03   5.272230E-05  -1.248468E-02  -1.344843E-01  -3.352225E-01  -3.556111E-03
          1000      G     -1.737587E-03   4.179926E-06   4.538716E-05   8.273457E-04  -2.052255E-01  -1.835654E-01
          1001      G     -1.762246E-03  -2.373497E-04   4.220079E-04  -6.605056E-04  -5.496142E-04  -9.699950E-01
          1002      G     -1.598371E-03   6.436385E-04   4.347249E-04  -6.689618E-04  -4.942735E-04  -8.884055E-01
          1003      G     -1.792555E-03   4.231205E-06  -1.820650E-04   1.054816E-02   1.937769E+00   1.156402E-02
          1004      G     -1.613290E-03   2.796704E-04  -5.245220E-02   1.928852E+00   1.540731E+00   6.350723E-03
          1005      G     -1.662956E-03   4.570252E-04  -7.909314E-02   3.392595E+00   5.735973E-02   1.708562E-04
          1006      G     -6.940440E-04   3.227062E-06  -3.759213E-04   2.516423E-05   1.606600E-01   2.100185E-04
          1007      G     -1.417409E-03   9.748018E-06  -8.822260E-02  -3.227320E-04   5.038719E+00   1.641689E-04
          1008      G     -2.044866E-03   1.180388E-05  -1.543602E-01  -3.950162E-04  -1.871794E-01   1.901818E-04
          1009      G     -1.147404E-03   9.866499E-04   4.630452E-04  -1.204201E-03   6.521591E-04  -5.244968E-01
          1010      G     -7.948386E-04   4.963656E-04   4.697352E-04  -1.504212E-03   5.567163E-04  -3.452094E-01
          1011      G     -2.006283E-03   5.850711E-04  -3.785062E-02   1.556639E+00  -2.777813E+00  -1.137721E-02
          1012      G     -2.312857E-03   1.533077E-04   1.250033E-02  -5.413535E-01  -3.077142E-01   6.796669E-01
          1013      G     -2.528947E-03   1.979704E-05  -7.569742E-02   1.601482E-03  -5.274146E+00   3.287070E-04
          1014      G     -3.157458E-03   2.671565E-05   1.550011E-02   2.282109E-03  -3.927257E-01   1.762993E-03
          1015      G     -1.756067E-03   2.472466E-04  -4.113973E-04   6.549966E-04  -5.623965E-04  -9.707587E-01
          1016      G     -1.589254E-03  -6.534681E-04  -4.243913E-04   6.537104E-04  -5.059748E-04  -8.877087E-01
          1017      G     -1.606444E-03  -2.734539E-04   5.220612E-02  -1.916042E+00   1.549616E+00   6.199187E-03
          1018      G     -1.653933E-03  -4.321546E-04   7.911896E-02  -3.387913E+00   6.709544E-02   3.728789E-04
          1019      G     -1.410875E-03  -2.058501E-06   8.780850E-02   2.926001E-04   5.064654E+00   1.734945E-04
          1020      G     -2.024486E-03  -5.656590E-06   1.543733E-01   5.350093E-04  -1.878869E-01   1.576618E-04
          1021      G     -1.150617E-03  -8.817227E-04  -4.524138E-04   1.272157E-03   6.697815E-04  -5.676304E-01
          1022      G     -7.563045E-04  -5.984206E-04  -4.588230E-04   1.517863E-03   5.377129E-04  -3.628769E-01
1                                                       **STUDENT EDITION*    APRIL  18, 2026  MSC Nastran  3/ 3/26   PAGE   108
     DEFAULT                                                                                                                        
0                                                                                                            SUBCASE 1              
      EIGENVALUE =  7.458288E+06
          CYCLES =  4.346500E+02         R E A L   E I G E N V E C T O R   N O .         10
 
      POINT ID.   TYPE          T1             T2             T3             R1             R2             R3
          1023      G     -1.967301E-03  -5.928675E-04   3.812613E-02  -1.558144E+00  -2.770126E+00  -1.127438E-02
          1024      G     -2.264212E-03  -1.299605E-04  -1.214194E-02   5.398647E-01  -3.112907E-01   7.410102E-01
          1025      G     -2.517749E-03  -9.591093E-06   7.606285E-02   7.559188E-04  -5.252757E+00   1.671023E-04
          1026      G     -3.157261E-03  -1.363359E-05  -1.492883E-02   1.566850E-04  -3.988608E-01  -5.153730E-03
          1027      G     -1.709026E-03   1.442873E-06   4.528959E-05  -7.393021E-04  -2.047627E-01   1.711387E-01
          1028      G     -1.729917E-03   2.399296E-04   4.209665E-04   6.004595E-04  -5.361443E-04   9.498500E-01
          1029      G     -1.566768E-03  -6.000558E-04   4.333577E-04   6.195504E-04  -4.807989E-04   8.686224E-01
          1030      G     -1.776177E-03  -2.685481E-08  -1.727548E-04  -9.240153E-03   1.937552E+00  -1.119720E-02
          1031      G     -1.599333E-03  -2.625013E-04  -5.243146E-02  -1.926313E+00   1.540166E+00  -5.850770E-03
          1032      G     -1.647164E-03  -4.205582E-04  -7.907074E-02  -3.388571E+00   5.800562E-02   1.774721E-04
          1033      G     -1.123016E-03  -9.028015E-04   4.623342E-04   1.248083E-03   6.308069E-04   5.321258E-01
          1034      G     -7.423090E-04  -5.096606E-04   4.696247E-04   1.517681E-03   5.147650E-04   3.361976E-01
          1035      G     -1.975483E-03  -5.515846E-04  -3.785681E-02  -1.552365E+00  -2.776557E+00   1.168730E-02
          1036      G     -2.286880E-03  -1.001435E-04   1.248897E-02   5.486393E-01  -3.085577E-01  -7.386583E-01
          1037      G     -1.729074E-03  -2.478569E-04  -4.111129E-04  -6.353622E-04  -5.546634E-04   9.562755E-01
          1038      G     -1.563151E-03   6.396167E-04  -4.239181E-04  -6.361807E-04  -4.981894E-04   8.736691E-01
          1039      G     -1.591413E-03   2.701132E-04   5.220561E-02   1.916687E+00   1.549285E+00  -5.884282E-03
          1040      G     -1.639575E-03   4.203669E-04   7.911000E-02   3.388107E+00   6.679939E-02  -6.685228E-05
          1041      G     -1.125228E-03   8.610707E-04  -4.515916E-04  -1.271245E-03   6.731581E-04   5.571783E-01
          1042      G     -1.952279E-03   5.741206E-04   3.811091E-02   1.558044E+00  -2.770295E+00   1.157236E-02
          1043      G     -2.250026E-03   1.033680E-04  -1.214369E-02  -5.393283E-01  -3.100164E-01  -7.500803E-01
          1044      G     -7.289682E-04   5.768306E-04  -4.579212E-04  -1.515234E-03   5.396105E-04   3.512704E-01
          2000      G      1.187744E-02  -6.202783E-06   2.418770E-06   1.353863E-02   1.081591E+00   2.576840E+00
          2001      G      1.223770E-02  -3.485936E-04   6.551142E-04  -5.910649E-03   9.035307E-04   6.016312E+00
          2002      G      1.083738E-02   2.925600E-04   6.370005E-04  -1.076257E-03  -1.406690E-04   5.320200E+00
          2003      G      1.249022E-02  -7.254787E-05   2.361681E-02  -9.138600E-01  -3.474070E+01  -1.516561E-01
          2004      G      1.069113E-02  -2.499190E-03   9.295731E-01  -3.364488E+01  -2.675021E+01  -6.753295E-02
          2005      G      1.150668E-02  -2.976463E-03   1.422837E+00  -5.943101E+01  -3.444580E+00   7.427685E-03
          2006      G     -5.515422E-03   9.602320E-08   3.855505E-02   1.033593E-04  -3.367799E+00   1.283447E-03
          2007      G      5.643745E-03   2.377753E-05   1.543240E+00  -6.740419E-03  -8.721882E+01   1.739177E-03
          2008      G      1.355704E-02   7.830643E-05   2.701455E+00  -8.605242E-03   2.920472E+00   2.161464E-03
          2009      G      8.254805E-03  -3.520067E-03   6.178307E-04  -4.324213E-03  -1.913914E-03   4.137157E+00
          2010      G      4.550210E-03  -4.127688E-03   2.377447E-04  -9.045969E-04   2.678541E-04   2.152486E+00
          2011      G      1.361312E-02  -3.468078E-03   8.176414E-01  -3.148390E+01   4.301083E+01   1.045322E-01
          2012      G      1.653887E-02   6.689771E-04   3.543070E-02   9.887441E-01   4.701964E+00  -4.699534E+00
          2013      G      1.960098E-02   1.394953E-04   1.493348E+00  -6.918282E-02   8.188533E+01   2.300426E-03
          2014      G      2.642195E-02   1.956733E-04   5.192966E-02  -1.205976E-02   6.853254E+00  -1.159083E-03
          2015      G      1.230670E-02   3.433445E-04  -6.385296E-04   5.839687E-03   9.566055E-04   6.046919E+00
          2016      G      1.097311E-02  -3.117389E-04  -6.283566E-04   1.040568E-03  -1.327431E-04   5.384168E+00
          2017      G      1.055474E-02   2.334208E-03  -8.991774E-01   3.265306E+01  -2.781991E+01  -7.170712E-02
          2018      G      1.134072E-02   2.914086E-03  -1.418334E+00   5.946642E+01  -4.027964E+00  -2.535624E-03
          2019      G      5.156963E-03  -2.115390E-05  -1.502737E+00  -7.007948E-04  -8.980035E+01   1.055205E-03
          2020      G      1.236240E-02  -3.420886E-05  -2.708985E+00   3.932260E-03   2.557243E+00   9.067470E-04
          2021      G      8.591399E-03   3.800359E-03  -6.075445E-04   4.378521E-03  -1.936655E-03   4.264902E+00
          2022      G      4.894892E-03   4.345885E-03  -2.318927E-04   1.011100E-03   2.201421E-04   2.291701E+00
          2023      G      1.334256E-02   3.495331E-03  -8.171906E-01   3.134958E+01   4.316381E+01   8.790061E-02
          2024      G      1.650738E-02  -1.763943E-05  -3.426732E-02  -1.506719E+00   4.518708E+00  -6.243056E+00
          2025      G      1.834304E-02  -5.381664E-05  -1.498448E+00   3.864024E-03   8.231330E+01   8.830090E-04
          2026      G      2.465034E-02  -7.333781E-05  -5.072998E-02  -1.195963E-03   6.730893E+00  -4.013511E-02
          2027      G      1.208901E-02   2.082618E-05  -4.174025E-06  -1.476193E-02   1.084983E+00  -2.667373E+00
1                                                       **STUDENT EDITION*    APRIL  18, 2026  MSC Nastran  3/ 3/26   PAGE   109
     DEFAULT                                                                                                                        
0                                                                                                            SUBCASE 1              
      EIGENVALUE =  7.458288E+06
          CYCLES =  4.346500E+02         R E A L   E I G E N V E C T O R   N O .         10
 
      POINT ID.   TYPE          T1             T2             T3             R1             R2             R3
          2028      G      1.249958E-02   3.563591E-04   6.538106E-04   5.827748E-03   9.182598E-04  -6.150729E+00
          2029      G      1.116787E-02  -2.376374E-04   6.355963E-04   9.916733E-04  -1.218961E-04  -5.488828E+00
          2030      G      1.263687E-02   6.682729E-05   2.363613E-02   8.456077E-01  -3.474899E+01   1.535042E-01
          2031      G      1.085872E-02   2.533939E-03   9.296742E-01   3.353555E+01  -2.674155E+01   7.035697E-02
          2032      G      1.168331E-02   3.101224E-03   1.423224E+00   5.924535E+01  -3.484155E+00  -3.464213E-03
          2033      G      8.657235E-03   3.800207E-03   6.167596E-04   4.323052E-03  -1.941638E-03  -4.320121E+00
          2034      G      4.961062E-03   4.471928E-03   2.416123E-04   1.001664E-03   2.320146E-04  -2.340867E+00
          2035      G      1.380780E-02   3.707232E-03   8.189424E-01   3.123327E+01   4.299760E+01  -9.846562E-02
          2036      G      1.677891E-02  -1.701691E-04   3.577396E-02  -1.502119E+00   4.776254E+00   6.586114E+00
          2037      G      1.248875E-02  -3.458079E-04  -6.382849E-04  -5.818563E-03   9.655049E-04  -6.138610E+00
          2038      G      1.114249E-02   2.937191E-04  -6.278761E-04  -1.009330E-03  -1.231140E-04  -5.469542E+00
          2039      G      1.067693E-02  -2.358612E-03  -8.992184E-01  -3.269246E+01  -2.781828E+01   7.331896E-02
          2040      G      1.143990E-02  -2.973011E-03  -1.418448E+00  -5.949272E+01  -4.032953E+00   4.278420E-03
          2041      G      8.756401E-03  -3.891508E-03  -6.067570E-04  -4.376259E-03  -1.933102E-03  -4.345108E+00
          2042      G      5.056268E-03  -4.500145E-03  -2.311216E-04  -1.013242E-03   2.253580E-04  -2.369909E+00
          2043      G      1.342679E-02  -3.594128E-03  -8.173374E-01  -3.136451E+01   4.316529E+01  -8.603975E-02
          2044      G      1.658682E-02  -1.296460E-04  -3.429935E-02   1.505005E+00   4.526885E+00   6.165285E+00
          3000      G      1.480229E-03   2.704129E-05   2.027098E-05   2.028472E-03  -2.406457E-02   9.022682E-01
          3001      G      1.458980E-03  -7.080970E-05   5.873251E-05   2.926641E-02  -6.691691E-03   8.950397E-01
          3002      G      1.421629E-03  -5.135347E-06   5.393438E-04   1.543872E-02  -3.906401E-03   7.899880E-01
          3003      G      1.559910E-03   3.299983E-05  -2.883587E-04   1.364604E-02   2.245677E-01   2.073499E-03
          3004      G      1.606902E-03   3.382295E-05  -7.355756E-03   2.653813E-01   2.351883E-01   1.397858E-03
          3005      G      1.664218E-03   2.143606E-05  -8.712067E-03   4.529525E-01  -1.641697E-01   1.600903E-03
          3006      G      1.821557E-03   3.631491E-05  -5.911641E-04  -6.075279E-04   1.281355E-01   3.815578E-04
          3007      G      1.705241E-03   4.429733E-05  -1.209523E-02   1.453789E-03   5.131766E-01   3.908397E-04
          3008      G      1.625280E-03   5.461349E-05  -1.902942E-02  -1.063346E-03   6.614371E-02   4.361447E-04
          3009      G      1.375864E-03   1.338510E-04   1.434884E-03  -6.144976E-02  -3.421380E-02   8.486692E-01
          3010      G      1.316837E-03   2.897385E-04   3.462770E-03  -1.038391E-01   5.750211E-03   7.854128E-01
          3011      G      1.672826E-03   7.122108E-05   3.453554E-03   8.513506E-02  -6.323521E-01   4.949134E-03
          3012      G      1.716113E-03   2.896049E-04   1.320027E-02  -2.257956E-01   1.130623E-01   1.381186E+00
          3013      G      1.762440E-03   6.291873E-05  -6.975867E-06   1.998158E-03  -1.241462E+00   6.031359E-04
          3014      G      1.809827E-03   8.564610E-05   1.811541E-02  -1.958654E-02   8.135325E-02   8.147403E-02
          3015      G      1.463065E-03   1.360810E-04  -1.505854E-05  -2.852145E-02  -6.142500E-03   9.047806E-01
          3016      G      1.430103E-03   8.761542E-05  -5.008305E-04  -1.923722E-02  -2.072527E-04   7.699564E-01
          3017      G      1.606476E-03   3.533133E-05   7.259752E-03  -2.590364E-01   2.640601E-01   1.372555E-03
          3018      G      1.666388E-03   4.599218E-05   9.218553E-03  -4.675790E-01  -1.519735E-01   1.574266E-03
          3019      G      1.707377E-03   2.540280E-05   1.186591E-02  -1.383911E-03   5.769872E-01   3.761449E-04
          3020      G      1.631294E-03   1.692219E-05   1.983120E-02   3.330901E-04   6.613530E-02   3.577619E-04
          3021      G      1.388926E-03  -7.409658E-05  -1.379642E-03   5.724593E-02  -2.707130E-02   8.206838E-01
          3022      G      1.337591E-03  -2.244403E-04  -3.387751E-03   7.675539E-02   2.813299E-02   7.340395E-01
          3023      G      1.678453E-03  -8.463189E-07  -2.840870E-03  -1.009570E-01  -6.327879E-01   4.871747E-03
          3024      G      1.715985E-03  -2.240351E-04  -1.283252E-02   2.389279E-01   1.064835E-01   1.484341E+00
          3025      G      1.759920E-03   7.127294E-06   8.432302E-04   2.456405E-04  -1.245578E+00   3.514388E-04
          3026      G      1.806420E-03  -1.390797E-06  -1.751725E-02   2.662289E-04   8.058403E-02  -3.106267E-03
          3027      G      1.543858E-03   4.280322E-05   2.560797E-05  -1.702574E-03  -3.045995E-02  -9.489309E-01
          3028      G      1.528596E-03   1.659968E-04   4.215009E-05  -3.180811E-02  -2.275943E-03  -9.077224E-01
          3029      G      1.496814E-03   1.304993E-04   5.202475E-04  -1.968612E-02   5.573261E-04  -7.898464E-01
          3030      G      1.593937E-03   3.737171E-05  -3.621712E-04  -1.420628E-02   2.283522E-01  -1.302040E-03
          3031      G      1.643437E-03   5.849242E-05  -7.525465E-03  -2.665476E-01   2.366051E-01  -6.012174E-04
          3032      G      1.707405E-03   8.852423E-05  -8.876554E-03  -4.514166E-01  -1.623759E-01  -7.270528E-04
1                                                       **STUDENT EDITION*    APRIL  18, 2026  MSC Nastran  3/ 3/26   PAGE   110
     DEFAULT                                                                                                                        
0                                                                                                            SUBCASE 1              
      EIGENVALUE =  7.458288E+06
          CYCLES =  4.346500E+02         R E A L   E I G E N V E C T O R   N O .         10
 
      POINT ID.   TYPE          T1             T2             T3             R1             R2             R3
          3033      G      1.455068E-03  -1.083574E-05   1.426353E-03   6.153874E-02  -2.912170E-02  -8.512838E-01
          3034      G      1.392327E-03  -1.369443E-04   3.464542E-03   7.804986E-02   3.278908E-02  -7.230067E-01
          3035      G      1.723447E-03   6.466831E-05   3.287965E-03  -9.010825E-02  -6.313527E-01  -4.136683E-03
          3036      G      1.775293E-03  -1.456120E-04   1.319556E-02   2.539605E-01   1.119021E-01  -1.546134E+00
          3037      G      1.523383E-03  -8.484170E-05  -1.587348E-05   2.895446E-02  -4.379776E-03  -9.165015E-01
          3038      G      1.487783E-03  -5.365294E-05  -4.955783E-04   1.997873E-02  -1.905699E-04  -7.874277E-01
          3039      G      1.638858E-03   1.617440E-05   7.236082E-03   2.596414E-01   2.630332E-01  -6.487616E-04
          3040      G      1.697068E-03  -1.350355E-05   9.184824E-03   4.664219E-01  -1.513946E-01  -8.735100E-04
          3041      G      1.444858E-03   8.954424E-05  -1.380342E-03  -5.779893E-02  -2.678631E-02  -8.367386E-01
          3042      G      1.393027E-03   2.203401E-04  -3.387598E-03  -7.746491E-02   2.900509E-02  -7.471257E-01
          3043      G      1.707580E-03   1.572836E-05  -2.864907E-03   1.008294E-01  -6.322516E-01  -4.192066E-03
          3044      G      1.743589E-03   2.214992E-04  -1.283464E-02  -2.389012E-01   1.079602E-01  -1.492689E+00
          4000      G     -1.890054E-03   4.159551E-05   2.465816E-05  -2.264909E-04  -3.470706E-02  -2.615174E-01
          4001      G     -1.920001E-03  -9.886314E-05  -7.701751E-05   7.261514E-02  -3.536203E-02  -2.412204E-01
          4002      G     -1.924257E-03   6.854764E-06   5.794461E-04   2.923855E-02  -4.670125E-02  -1.931814E-01
          4003      G     -1.970756E-03   4.225351E-05  -1.273334E-04   7.507936E-03   7.263881E-01   2.454264E-03
          4004      G     -1.904136E-03   6.407035E-05  -1.837834E-02   6.257625E-01   4.690546E-01   1.118349E-03
          4005      G     -1.888577E-03   7.688616E-05  -2.611359E-02   1.155619E+00  -2.740958E-02   8.152809E-04
          4006      G     -1.554912E-03   4.234170E-05  -2.914462E-04  -2.969429E-04  -6.763371E-02   2.143902E-04
          4007      G     -1.790195E-03   4.831794E-05  -2.945205E-02  -1.478772E-05   1.752985E+00   2.101125E-04
          4008      G     -1.943766E-03   5.381216E-05  -5.064701E-02  -2.445040E-04  -2.078824E-01   2.084431E-04
          4009      G     -1.883370E-03   1.477139E-04   1.510466E-03   8.708321E-02   4.963762E-03  -3.302295E-01
          4010      G     -1.773538E-03   3.406652E-04   3.703845E-03  -8.749040E-03  -1.327612E-01   4.525278E-01
          4011      G     -1.925424E-03   1.624356E-04  -9.663883E-03   4.635132E-01  -1.074480E+00  -2.359777E-04
          4012      G     -2.008208E-03   1.554953E-04   1.088770E-02  -1.832795E-01  -2.147518E-01   1.184773E+00
          4013      G     -2.045832E-03   5.957862E-05  -1.987576E-02  -2.900849E-04  -1.917723E+00   1.943262E-04
          4014      G     -2.192982E-03   6.377898E-05   1.442221E-02   1.228754E-03  -2.803674E-01  -1.069351E-02
          4015      G     -1.919947E-03   1.823731E-04   1.192340E-04  -7.275737E-02  -3.590008E-02  -2.394475E-01
          4016      G     -1.924071E-03   7.918265E-05  -5.383155E-04  -3.053583E-02  -4.725883E-02  -1.910191E-01
          4017      G     -1.904253E-03   2.089330E-05   1.825388E-02  -6.179443E-01   4.768777E-01   1.117444E-03
          4018      G     -1.889040E-03   8.467791E-06   2.622217E-02  -1.155089E+00  -1.971047E-02   8.359597E-04
          4019      G     -1.788992E-03   3.651184E-05   2.916652E-02  -1.472703E-04   1.774133E+00   2.154300E-04
          4020      G     -1.940113E-03   3.039141E-05   5.073826E-02  -3.852554E-04  -2.060992E-01   2.143474E-04
          4021      G     -1.883479E-03  -6.013083E-05  -1.460240E-03  -8.922950E-02   6.719331E-03  -3.370177E-01
          4022      G     -1.773275E-03  -2.552380E-04  -3.619383E-03   9.129253E-03  -1.339263E-01   4.544454E-01
          4023      G     -1.925007E-03  -7.741681E-05   9.939476E-03  -4.669888E-01  -1.070251E+00  -2.343427E-04
          4024      G     -2.008033E-03  -6.874098E-05  -1.053290E-02   1.757737E-01  -2.140668E-01   1.153099E+00
          4025      G     -2.043467E-03   2.478770E-05   2.021175E-02  -4.089188E-04  -1.904868E+00   2.110725E-04
          4026      G     -2.190011E-03   1.914063E-05  -1.391062E-02  -2.005350E-04  -2.787044E-01   2.216177E-03
          4027      G     -1.855852E-03   4.332578E-05   2.218811E-05  -4.876044E-04  -3.442845E-02   2.597478E-01
          4028      G     -1.886121E-03   1.952691E-04  -8.262430E-05  -7.317939E-02  -3.514584E-02   2.403387E-01
          4029      G     -1.890864E-03   1.008961E-04   5.726244E-04  -2.989696E-02  -4.701045E-02   1.894484E-01
          4030      G     -1.953540E-03   4.267605E-05  -1.446644E-04  -7.025706E-03   7.266760E-01  -2.024576E-03
          4031      G     -1.887043E-03   3.245541E-05  -1.840275E-02  -6.254517E-01   4.692444E-01  -6.954120E-04
          4032      G     -1.871677E-03   3.107125E-05  -2.614144E-02  -1.154841E+00  -2.727506E-02  -4.065439E-04
          4033      G     -1.849872E-03  -2.914374E-05   1.508006E-03  -8.738422E-02   5.891788E-03   3.304853E-01
          4034      G     -1.739303E-03  -2.127209E-04   3.704358E-03   1.201929E-02  -1.356766E-01  -4.668834E-01
          4035      G     -1.909063E-03  -4.438658E-05  -9.686365E-03  -4.627253E-01  -1.074833E+00   6.510445E-04
          4036      G     -1.992914E-03  -2.573083E-05   1.086504E-02   1.810352E-01  -2.148804E-01  -1.174183E+00
          4037      G     -1.885581E-03  -1.093864E-04   1.169690E-04   7.203234E-02  -3.591167E-02   2.368884E-01
1                                                       **STUDENT EDITION*    APRIL  18, 2026  MSC Nastran  3/ 3/26   PAGE   111
     DEFAULT                                                                                                                        
0                                                                                                            SUBCASE 1              
      EIGENVALUE =  7.458288E+06
          CYCLES =  4.346500E+02         R E A L   E I G E N V E C T O R   N O .         10
 
      POINT ID.   TYPE          T1             T2             T3             R1             R2             R3
          4038      G     -1.889717E-03  -1.820262E-05  -5.412169E-04   2.966573E-02  -4.712009E-02   1.894473E-01
          4039      G     -1.887022E-03   5.209372E-05   1.823994E-02   6.181833E-01   4.770383E-01  -6.830501E-04
          4040      G     -1.871889E-03   5.252807E-05   2.621381E-02   1.155565E+00  -1.948739E-02  -3.995119E-04
          4041      G     -1.849515E-03   1.092657E-04  -1.461430E-03   8.810641E-02   6.816840E-03   3.357297E-01
          4042      G     -1.740030E-03   2.919479E-04  -3.616734E-03  -9.761633E-03  -1.332145E-01  -4.524355E-01
          4043      G     -1.907919E-03   1.265822E-04   9.936426E-03   4.674824E-01  -1.069945E+00   6.627973E-04
          4044      G     -1.990692E-03   1.068370E-04  -1.052972E-02  -1.759268E-01  -2.138086E-01  -1.147853E+00
1                                                       **STUDENT EDITION*    APRIL  18, 2026  MSC Nastran  3/ 3/26   PAGE   112
     DEFAULT                                                                                                                        
0                                                                                                            SUBCASE 1              
      EIGENVALUE =  1.433962E+06
                               F O R C E S   O F   S I N G L E - P O I N T   C O N S T R A I N T
 
      POINT ID.   TYPE          T1             T2             T3             R1             R2             R3
             1      G      6.517748E+03   7.668087E+04   1.349714E+05  -7.476777E+01   7.344742E+02  -7.405562E-01
             2      G      5.346752E+03  -7.564109E+04   1.343232E+05   5.424648E+01   6.894329E+02   7.298233E-01
             3      G      3.340626E+04  -4.858683E+03   1.121867E+05   9.303781E+02   1.085914E+03  -1.021436E-01
             4      G      3.164139E+04   4.782056E+03   1.110548E+05  -9.218797E+02   1.022160E+03   8.253916E-02
             5      G     -3.277469E+04  -4.963076E+03   1.121438E+05   9.330667E+02  -1.069461E+03   9.366973E-02
             6      G     -3.187566E+04   4.798266E+03   1.147654E+05  -9.483156E+02  -9.971964E+02  -1.153858E-01
             7      G     -6.187649E+03   7.406685E+04   1.341844E+05  -1.037822E+01  -7.185262E+02   7.262278E-01
             8      G     -6.070056E+03  -7.467165E+04   1.335767E+05   1.518679E+00  -7.464063E+02  -7.281716E-01
1                                                       **STUDENT EDITION*    APRIL  18, 2026  MSC Nastran  3/ 3/26   PAGE   113
     DEFAULT                                                                                                                        
0                                                                                                            SUBCASE 1              
      EIGENVALUE =  2.101231E+06
                               F O R C E S   O F   S I N G L E - P O I N T   C O N S T R A I N T
 
      POINT ID.   TYPE          T1             T2             T3             R1             R2             R3
             1      G     -6.704400E+03  -8.154019E+04  -2.189816E+05  -1.068314E+03  -1.050592E+03   6.991239E-01
             2      G     -6.159749E+03   8.154948E+04  -2.189443E+05   1.067685E+03  -1.033026E+03  -6.957093E-01
             3      G     -3.042646E+04   1.955428E+03  -1.785455E+05  -1.513944E+03  -1.198309E+03   5.895034E-02
             4      G     -2.965549E+04  -1.864785E+03  -1.783115E+05   1.509381E+03  -1.168369E+03  -5.380105E-02
             5      G      3.040289E+04   1.931521E+03  -1.784879E+05  -1.508207E+03   1.198857E+03  -6.135410E-02
             6      G      3.005063E+04  -1.886327E+03  -1.791195E+05   1.516068E+03   1.190889E+03   5.727719E-02
             7      G      6.822398E+03  -7.997297E+04  -2.188390E+05  -1.113252E+03   1.046986E+03  -6.937306E-01
             8      G      5.656951E+03   7.980947E+04  -2.189530E+05   1.154472E+03   9.996198E+02   6.823629E-01
1                                                       **STUDENT EDITION*    APRIL  18, 2026  MSC Nastran  3/ 3/26   PAGE   114
     DEFAULT                                                                                                                        
0                                                                                                            SUBCASE 1              
      EIGENVALUE =  2.291139E+06
                               F O R C E S   O F   S I N G L E - P O I N T   C O N S T R A I N T
 
      POINT ID.   TYPE          T1             T2             T3             R1             R2             R3
             1      G      4.230623E+04   9.379799E+04   1.425696E+05   2.003573E+03   9.970499E+01  -2.152615E+00
             2      G      4.248264E+04  -9.400534E+04   1.428186E+05  -1.999674E+03   1.055104E+02   2.154621E+00
             3      G      1.918125E+05   9.939656E+04   2.638549E+05   5.045524E+03   1.545736E+03   2.978811E+00
             4      G      1.921662E+05  -9.953879E+04   2.638439E+05  -5.039358E+03   1.555287E+03  -2.977408E+00
             5      G     -1.925710E+05   9.874051E+04   2.636561E+05   5.050649E+03  -1.567777E+03  -2.972225E+00
             6      G     -1.909710E+05  -1.001705E+05   2.634985E+05  -5.023406E+03  -1.536212E+03   2.966705E+00
             7      G     -4.236902E+04   9.226873E+04   1.422222E+05   2.039676E+03  -9.065309E+01   2.163604E+00
             8      G     -4.283344E+04  -9.052716E+04   1.433882E+05  -2.187988E+03  -9.060011E+01  -2.070615E+00
1                                                       **STUDENT EDITION*    APRIL  18, 2026  MSC Nastran  3/ 3/26   PAGE   115
     DEFAULT                                                                                                                        
0                                                                                                            SUBCASE 1              
      EIGENVALUE =  2.515681E+06
                               F O R C E S   O F   S I N G L E - P O I N T   C O N S T R A I N T
 
      POINT ID.   TYPE          T1             T2             T3             R1             R2             R3
             1      G      2.780579E+04   1.329992E+05   1.393138E+05  -5.036133E+02   3.697878E+03  -1.463044E+00
             2      G      2.810996E+04  -1.340617E+05   1.390875E+05   5.267772E+02   3.681818E+03   1.422058E+00
             3      G      1.793676E+05   9.094009E+04   2.575330E+05   3.139989E+03   5.813646E+03   3.120895E+00
             4      G      1.771610E+05  -9.536980E+04   2.574577E+05  -2.945545E+03   5.754851E+03  -3.066150E+00
             5      G     -1.800640E+05   9.496280E+04   2.525172E+05   2.671677E+03  -5.855078E+03  -2.769994E+00
             6      G     -1.858619E+05  -8.292473E+04   2.531900E+05  -3.201367E+03  -5.963454E+03   2.932952E+00
             7      G     -2.690565E+04   1.265254E+05   1.399919E+05   1.024714E+02  -3.376635E+03   1.653283E+00
             8      G     -1.920931E+04  -1.329419E+05   1.409732E+05   7.448501E+01  -3.133542E+03  -2.037893E+00
1                                                       **STUDENT EDITION*    APRIL  18, 2026  MSC Nastran  3/ 3/26   PAGE   116
     DEFAULT                                                                                                                        
0                                                                                                            SUBCASE 1              
      EIGENVALUE =  4.232361E+06
                               F O R C E S   O F   S I N G L E - P O I N T   C O N S T R A I N T
 
      POINT ID.   TYPE          T1             T2             T3             R1             R2             R3
             1      G      6.742498E+03  -1.663812E+05  -3.051335E+05  -4.656559E+01  -4.992246E+02   9.706810E-01
             2      G      6.029569E+03   1.657949E+05  -3.056517E+05   6.766253E+01  -5.233811E+02  -9.724513E-01
             3      G      3.841036E+03  -1.843824E+02  -1.273788E+05  -9.473650E+02  -4.516373E+02  -2.576895E-01
             4      G      2.982085E+03  -2.020727E+01  -1.273404E+05   9.552051E+02  -4.940799E+02   2.532482E-01
             5      G      3.770356E+03   4.799330E+02   1.274814E+05   9.375149E+02  -4.510878E+02  -2.570879E-01
             6      G      5.943073E+03  -5.157820E+02   1.311831E+05  -9.531394E+02  -3.501933E+02   2.413416E-01
             7      G      6.285448E+03   1.650008E+05   3.054277E+05   8.209172E+01  -5.110967E+02   9.614484E-01
             8      G      7.177297E+03  -1.640367E+05   3.024071E+05  -1.345439E+02  -4.697909E+02  -9.969264E-01
1                                                       **STUDENT EDITION*    APRIL  18, 2026  MSC Nastran  3/ 3/26   PAGE   117
     DEFAULT                                                                                                                        
0                                                                                                            SUBCASE 1              
      EIGENVALUE =  4.364458E+06
                               F O R C E S   O F   S I N G L E - P O I N T   C O N S T R A I N T
 
      POINT ID.   TYPE          T1             T2             T3             R1             R2             R3
             1      G      1.054485E+04   2.360574E+04   4.869632E+04   1.452375E+02   3.459317E+02  -2.560567E-01
             2      G      1.021325E+04  -2.354168E+04   4.866686E+04  -1.465247E+02   3.352294E+02   2.540346E-01
             3      G      1.390215E+04  -2.971751E+03   9.602025E+04   7.396107E+02   5.454980E+02  -1.230356E-01
             4      G      1.341226E+04   2.957081E+03   9.587028E+04  -7.384164E+02   5.271036E+02   1.190905E-01
             5      G     -1.385975E+04  -2.984564E+03   9.603312E+04   7.403818E+02  -5.445175E+02   1.215384E-01
             6      G     -1.372071E+04   2.914173E+03   9.635759E+04  -7.414079E+02  -5.419050E+02  -1.209491E-01
             7      G     -1.056244E+04   2.311049E+04   4.863518E+04   1.572060E+02  -3.457831E+02   2.530650E-01
             8      G     -9.911650E+03  -2.304898E+04   4.859869E+04  -1.682214E+02  -3.195625E+02  -2.452527E-01
1                                                       **STUDENT EDITION*    APRIL  18, 2026  MSC Nastran  3/ 3/26   PAGE   118
     DEFAULT                                                                                                                        
0                                                                                                            SUBCASE 1              
      EIGENVALUE =  6.202769E+06
                               F O R C E S   O F   S I N G L E - P O I N T   C O N S T R A I N T
 
      POINT ID.   TYPE          T1             T2             T3             R1             R2             R3
             1      G      2.572051E+04  -1.849298E+05  -4.764720E+05  -2.397008E+03  -1.387709E+03   1.271987E+00
             2      G      2.502853E+04   1.855807E+05  -4.766571E+05   2.381641E+03  -1.414682E+03  -1.278777E+00
             3      G      8.895461E+03   9.322063E+02  -1.836635E+05  -1.631047E+03  -1.206572E+03  -3.613077E-01
             4      G      7.707836E+03  -9.632921E+02  -1.840963E+05   1.633902E+03  -1.249968E+03   3.504295E-01
             5      G      8.577151E+03  -8.366915E+02   1.838591E+05   1.623335E+03  -1.222529E+03  -3.586885E-01
             6      G      8.548365E+03   5.957781E+02   1.839099E+05  -1.624730E+03  -1.228345E+03   3.555512E-01
             7      G      2.471913E+04   1.826455E+05   4.763585E+05   2.458530E+03  -1.420704E+03   1.266916E+00
             8      G      2.582599E+04  -1.826243E+05   4.779132E+05  -2.551997E+03  -1.376351E+03  -1.245360E+00
1                                                       **STUDENT EDITION*    APRIL  18, 2026  MSC Nastran  3/ 3/26   PAGE   119
     DEFAULT                                                                                                                        
0                                                                                                            SUBCASE 1              
      EIGENVALUE =  6.774480E+06
                               F O R C E S   O F   S I N G L E - P O I N T   C O N S T R A I N T
 
      POINT ID.   TYPE          T1             T2             T3             R1             R2             R3
             1      G      2.025766E+05   1.780330E+05  -4.637058E+05  -1.096519E+04   2.063778E+03   2.096198E+00
             2      G      2.027370E+05  -1.781357E+05  -4.635803E+05   1.096730E+04   2.067253E+03  -2.095562E+00
             3      G     -1.875569E+05  -2.907018E+04  -4.100852E+05  -7.446126E+03  -2.013080E+03  -2.654333E+00
             4      G     -1.872591E+05   2.884809E+04  -4.101176E+05   7.455912E+03  -2.006591E+03   2.655711E+00
             5      G     -1.875867E+05   2.833030E+04   4.105888E+05   7.460414E+03  -2.006860E+03  -2.652070E+00
             6      G     -1.860786E+05  -2.977423E+04   4.101491E+05  -7.439775E+03  -1.983024E+03   2.648138E+00
             7      G      2.028445E+05  -1.767654E+05   4.635919E+05   1.092020E+04   2.065286E+03   2.126940E+00
             8      G      2.024509E+05   1.785400E+05   4.657145E+05  -1.111119E+04   2.070284E+03  -2.016789E+00
1                                                       **STUDENT EDITION*    APRIL  18, 2026  MSC Nastran  3/ 3/26   PAGE   120
     DEFAULT                                                                                                                        
0                                                                                                            SUBCASE 1              
      EIGENVALUE =  7.062586E+06
                               F O R C E S   O F   S I N G L E - P O I N T   C O N S T R A I N T
 
      POINT ID.   TYPE          T1             T2             T3             R1             R2             R3
             1      G      2.083793E+04   1.977926E+03   8.388156E+04   1.257268E+03  -1.956221E+01  -1.649732E-01
             2      G     -2.101988E+04   1.672906E+03  -8.371676E+04   1.260197E+03   3.672520E+00  -1.646497E-01
             3      G      1.779872E+04   4.347413E+03   2.183369E+05   1.287970E+03   3.808811E+02  -3.292666E-01
             4      G     -1.803409E+04   4.169042E+03  -2.183483E+05   1.290877E+03  -3.874688E+02  -3.344147E-01
             5      G     -1.865799E+04   4.237442E+03   2.177704E+05   1.291182E+03  -4.198719E+02   3.348930E-01
             6      G      1.961738E+04   4.052634E+03  -2.177953E+05   1.296932E+03   4.609644E+02   3.190467E-01
             7      G     -2.203166E+04  -5.315551E+01   8.350835E+04   1.331596E+03  -4.001747E+01   1.564199E-01
             8      G      2.069720E+04   7.150393E+03  -8.282614E+04   9.889040E+02   5.081324E+01   2.130321E-01
1                                                       **STUDENT EDITION*    APRIL  18, 2026  MSC Nastran  3/ 3/26   PAGE   121
     DEFAULT                                                                                                                        
0                                                                                                            SUBCASE 1              
      EIGENVALUE =  7.458288E+06
                               F O R C E S   O F   S I N G L E - P O I N T   C O N S T R A I N T
 
      POINT ID.   TYPE          T1             T2             T3             R1             R2             R3
             1      G     -1.559086E+05   1.651805E+04   4.285280E+05   1.532068E+04  -5.928333E+03  -1.600359E+00
             2      G     -1.559018E+05  -1.591036E+04   4.293987E+05  -1.533717E+04  -5.900342E+03   1.645808E+00
             3      G      1.429983E+05   1.862675E+04   4.178559E+05   7.890793E+03   4.768641E+03   3.535286E+00
             4      G      1.457775E+05  -1.436872E+04   4.179781E+05  -8.078524E+03   4.844898E+03  -3.586808E+00
             5      G      1.384812E+05  -2.486658E+04  -4.279267E+05  -7.588049E+03   4.596780E+03   3.341601E+00
             6      G      1.458568E+05   1.150869E+04  -4.284442E+05   8.129955E+03   4.731234E+03  -3.505377E+00
             7      G     -1.492882E+05  -3.326909E+04  -4.401108E+05  -1.523712E+04  -5.577588E+03  -2.010381E+00
             8      G     -1.572090E+05   4.100052E+04  -4.405277E+05   1.495827E+04  -5.873195E+03   2.493027E+00
 *** USER INFORMATION MESSAGE 3 (crdb::nastran::Processor::writeOutput)
 *** USER INFORMATION MESSAGE  (WRITE DATA BLOCK I4 OUG1, TRAILER[101, 0, 36560, 0, 0, 0, 1])
 *** USER INFORMATION MESSAGE 3 (crdb::nastran::Processor::writeOutput)
 *** USER INFORMATION MESSAGE  (WRITE DATA BLOCK I4 OQG1, TRAILER[102, 0, 36560, 0, 0, 0, 1])
1                                                       **STUDENT EDITION*    APRIL  18, 2026  MSC Nastran  3/ 3/26   PAGE   122
                                                                                                                                    
0                                                                                                            SUBCASE 1              
 * * * *  D B D I C T   P R I N T  * * * *      SUBDMAP = PRTSUM  ,  DMAP STATEMENT NO.     75



0                                   * * * *  A N A L Y S I S  S U M M A R Y  T A B L E  * * * *
0 SEID  PEID PROJ VERS APRCH      SEMG SEMR SEKR SELG SELR MODES DYNRED SOLLIN SOLNL LOOPID DESIGN CYCLE SENSITIVITY
 -------------------------------------------------------------------------------------------------------------------
     0     0    1    1 '        '    T    T    T    T    T     T      F      T     F     -1            0           F
0SEID = SUPERELEMENT ID.
 PEID = PRIMARY SUPERELEMENT ID OF IMAGE SUPERELEMENT.
 PROJ = PROJECT ID NUMBER.
 VERS = VERSION ID.
 APRCH = BLANK FOR STRUCTURAL ANALYSIS.  HEAT FOR HEAT TRANSFER ANALYSIS.
 SEMG = STIFFNESS AND MASS MATRIX GENERATION STEP.
 SEMR = MASS MATRIX REDUCTION STEP (INCLUDES EIGENVALUE SOLUTION FOR MODES).
 SEKR = STIFFNESS MATRIX REDUCTION STEP.
 SELG = LOAD MATRIX GENERATION STEP.
 SELR = LOAD MATRIX REDUCTION STEP. 
 MODES = T (TRUE) IF NORMAL MODES OR BUCKLING MODES CALCULATED.
 DYNRED = T (TRUE) MEANS GENERALIZED DYNAMIC AND/OR COMPONENT MODE REDUCTION PERFORMED.
 SOLLIN = T (TRUE) IF LINEAR SOLUTION EXISTS IN DATABASE.
 LOOPID = THE LAST LOOPID VALUE USED IN THE NONLINEAR ANALYSIS.  USEFUL FOR RESTARTS.
 SOLNL = T (TRUE) IF NONLINEAR SOLUTION EXISTS IN DATABASE.
 DESIGN CYCLE = THE LAST DESIGN CYCLE (ONLY VALID IN OPTIMIZATION).
 SENSITIVITY = SENSITIVITY MATRIX GENERATION FLAG.
 
 No PARAM values were set in the Control File.
 
1                                        * * * END OF JOB * * *
 
 
 No Symbolic Replacement variables or values were specified.

