$ MSC.Nastran input file created on April     15, 2026 at 16:10:22 by
$ Patran 2025.2  (Student Edition)
$ Direct Text Input for Nastran System Cell Section
$ Normal Modes Analysis, Database
SOL 103
CEND
ECHO = NONE
$ Using Nastran default values for RESVEC
SUBCASE 1
   SUBTITLE=Default
   METHOD = 1
   SPC = 2
   VECTOR(SORT1,REAL)=ALL
   SPCFORCES(SORT1,REAL)=ALL
$ Direct Text Input for this Subcase
BEGIN BULK
HDF5OUT PRCISION 32     CMPRMTHD LZ4     LEVEL   5
PARAM   PRTMAXIM YES
EIGRL    1                       10      0                       MASS
$ Elements and Element Properties for region : 11_ESQ_xp_yp
PBARL    1       1               BAR
         .006    .003744 0.
$ Pset: "11_ESQ_xp_yp" will be imported as: "pbarl.1"
CBAR     104     1       109     200     1.      0.      0.
                        1.6295-41.2114-4 0.     1.6295-41.2114-4 0.
CBAR     200     1       200     303     1.      0.      0.
                        1.6295-41.2114-4 0.     1.6295-41.2114-4 0.
CBAR     300     1       303     403     1.      0.      0.
                        1.6295-41.2114-4 0.     1.6295-41.2114-4 0.
CBAR     400     1       403     445     1.      0.      0.
                        1.6295-41.2114-4 0.     1.6295-41.2114-4 0.
$ Elements and Element Properties for region : 11_ESQ_xn_yp
PBARL    2       1               BAR
         .006    .003744 0.
$ Pset: "11_ESQ_xn_yp" will be imported as: "pbarl.2"
CBAR     102     2       207     121     1.      0.      0.
*                                        -1.6295-4       1.2114-4
*        0.              -1.6295-4       1.2114-4        0.
CBAR     202     2       309     207     1.      0.      0.
*                                        -1.6295-4       1.2114-4
*        0.              -1.6295-4       1.2114-4        0.
CBAR     301     2       409     309     1.      0.      0.
*                                        -1.6295-4       1.2114-4
*        0.              -1.6295-4       1.2114-4        0.
CBAR     401     2       452     409     1.      0.      0.
*                                        -1.6295-4       1.2114-4
*        0.              -1.6295-4       1.2114-4        0.
$ Elements and Element Properties for region : 11_ESQ_xn_yn
PBARL    3       1               BAR
         .006    .003744 0.
$ Pset: "11_ESQ_xn_yn" will be imported as: "pbarl.3"
CBAR     100     3       141     219     1.      0.      0.
*                                        -1.6295-4       -1.2114-4
*        0.              -1.6295-4       -1.2114-4       0.
CBAR     203     3       219     321     1.      0.      0.
*                                        -1.6295-4       -1.2114-4
*        0.              -1.6295-4       -1.2114-4       0.
CBAR     303     3       321     421     1.      0.      0.
*                                        -1.6295-4       -1.2114-4
*        0.              -1.6295-4       -1.2114-4       0.
CBAR     403     3       421     464     1.      0.      0.
*                                        -1.6295-4       -1.2114-4
*        0.              -1.6295-4       -1.2114-4       0.
$ Elements and Element Properties for region : 11_ESQ_xp_yn
PBARL    4       1               BAR
         .006    .003744 0.
$ Pset: "11_ESQ_xp_yn" will be imported as: "pbarl.4"
CBAR     103     4       213     133     1.      0.      0.
*                                        1.6295-4        -1.2114-4
*        0.              1.6295-4        -1.2114-4       0.
CBAR     201     4       316     213     1.      0.      0.
*                                        1.6295-4        -1.2114-4
*        0.              1.6295-4        -1.2114-4       0.
CBAR     302     4       416     316     1.      0.      0.
*                                        1.6295-4        -1.2114-4
*        0.              1.6295-4        -1.2114-4       0.
CBAR     402     4       458     416     1.      0.      0.
*                                        1.6295-4        -1.2114-4
*        0.              1.6295-4        -1.2114-4       0.
$ Elements and Element Properties for region : 12_RIG-V1_xp
PBARL    5       1               BAR
         .0025   .0033   0.
$ Pset: "12_RIG-V1_xp" will be imported as: "pbarl.5"
CBAR     109     5       110     205     1.      0.      0.
                         .002    0.      0.      .002    0.      0.
CBAR     110     5       113     206     1.      0.      0.
                         .002    0.      0.      .002    0.      0.
CBAR     111     5       113     206     1.      0.      0.
                         .002    0.      0.      .002    0.      0.
CBAR     112     5       134     218     1.      0.      0.
                         .002    0.      0.      .002    0.      0.
CBAR     204     5       205     305     1.      0.      0.
                         .002    0.      0.      .002    0.      0.
CBAR     205     5       206     306     1.      0.      0.
                         .002    0.      0.      .002    0.      0.
CBAR     211     5       318     218     1.      0.      0.
                         .002    0.      0.      .002    0.      0.
CBAR     304     5       305     405     1.      0.      0.
                         .002    0.      0.      .002    0.      0.
CBAR     305     5       306     406     1.      0.      0.
                         .002    0.      0.      .002    0.      0.
CBAR     311     5       418     318     1.      0.      0.
                         .002    0.      0.      .002    0.      0.
CBAR     406     5       405     450     1.      0.      0.
                         .002    0.      0.      .002    0.      0.
CBAR     407     5       406     451     1.      0.      0.
                         .002    0.      0.      .002    0.      0.
CBAR     411     5       463     418     1.      0.      0.
                         .002    0.      0.      .002    0.      0.
$ Elements and Element Properties for region : 12_RIG-V1_xn
PBARL    6       1               BAR
         .0025   .0033   0.
$ Pset: "12_RIG-V1_xn" will be imported as: "pbarl.6"
CBAR     105     6       142     223     1.      0.      0.
                         -.002   0.      0.      -.002   0.      0.
CBAR     106     6       125     212     1.      0.      0.
                         -.002   0.      0.      -.002   0.      0.
CBAR     107     6       125     212     1.      0.      0.
                         -.002   0.      0.      -.002   0.      0.
CBAR     108     6       122     211     1.      0.      0.
                         -.002   0.      0.      -.002   0.      0.
CBAR     209     6       311     211     1.      0.      0.
                         -.002   0.      0.      -.002   0.      0.
CBAR     210     6       312     212     1.      0.      0.
                         -.002   0.      0.      -.002   0.      0.
CBAR     215     6       223     323     1.      0.      0.
                         -.002   0.      0.      -.002   0.      0.
CBAR     309     6       411     311     1.      0.      0.
                         -.002   0.      0.      -.002   0.      0.
CBAR     310     6       412     312     1.      0.      0.
                         -.002   0.      0.      -.002   0.      0.
CBAR     315     6       323     423     1.      0.      0.
                         -.002   0.      0.      -.002   0.      0.
CBAR     409     6       456     411     1.      0.      0.
                         -.002   0.      0.      -.002   0.      0.
CBAR     410     6       457     412     1.      0.      0.
                         -.002   0.      0.      -.002   0.      0.
CBAR     415     6       423     468     1.      0.      0.
                         -.002   0.      0.      -.002   0.      0.
$ Elements and Element Properties for region : 12_RIG-V1_yp
PBARL    7       1               BAR
         .0025   .0033   0.
$ Pset: "12_RIG-V1_yp" will be imported as: "pbarl.7"
CBAR     117     7       106     202     1.      0.      0.
                         0.      .002    0.      0.      .002    0.
CBAR     118     7       108     204     1.      0.      0.
                         0.      .002    0.      0.      .002    0.
CBAR     119     7       108     204     1.      0.      0.
                         0.      .002    0.      0.      .002    0.
CBAR     120     7       119     209     1.      0.      0.
                         0.      .002    0.      0.      .002    0.
CBAR     206     7       202     300     1.      0.      0.
                         0.      .002    0.      0.      .002    0.
CBAR     207     7       204     302     1.      0.      0.
                         0.      .002    0.      0.      .002    0.
CBAR     208     7       307     209     1.      0.      0.
                         0.      .002    0.      0.      .002    0.
CBAR     306     7       300     400     1.      0.      0.
                         0.      .002    0.      0.      .002    0.
CBAR     307     7       302     402     1.      0.      0.
                         0.      .002    0.      0.      .002    0.
CBAR     308     7       407     307     1.      0.      0.
                         0.      .002    0.      0.      .002    0.
CBAR     404     7       400     447     1.      0.      0.
                         0.      .002    0.      0.      .002    0.
CBAR     405     7       402     449     1.      0.      0.
                         0.      .002    0.      0.      .002    0.
CBAR     408     7       454     407     1.      0.      0.
                         0.      .002    0.      0.      .002    0.
$ Elements and Element Properties for region : 12_RIG-V1_yn
PBARL    8       1               BAR
         .0025   .0033   0.
$ Pset: "12_RIG-V1_yn" will be imported as: "pbarl.8"
CBAR     113     8       130     215     1.      0.      0.
                         0.      -.002   0.      0.      -.002   0.
CBAR     114     8       132     217     1.      0.      0.
                         0.      -.002   0.      0.      -.002   0.
CBAR     115     8       132     217     1.      0.      0.
                         0.      -.002   0.      0.      -.002   0.
CBAR     116     8       139     221     1.      0.      0.
                         0.      -.002   0.      0.      -.002   0.
CBAR     212     8       313     215     1.      0.      0.
                         0.      -.002   0.      0.      -.002   0.
CBAR     213     8       315     217     1.      0.      0.
                         0.      -.002   0.      0.      -.002   0.
CBAR     214     8       221     319     1.      0.      0.
                         0.      -.002   0.      0.      -.002   0.
CBAR     312     8       413     313     1.      0.      0.
                         0.      -.002   0.      0.      -.002   0.
CBAR     313     8       415     315     1.      0.      0.
                         0.      -.002   0.      0.      -.002   0.
CBAR     314     8       319     419     1.      0.      0.
                         0.      -.002   0.      0.      -.002   0.
CBAR     412     8       460     413     1.      0.      0.
                         0.      -.002   0.      0.      -.002   0.
CBAR     413     8       462     415     1.      0.      0.
                         0.      -.002   0.      0.      -.002   0.
CBAR     414     8       419     466     1.      0.      0.
                         0.      -.002   0.      0.      -.002   0.
$ Elements and Element Properties for region : 13_RIG-H1_xp
PBARL    9       1               BAR
         .0043   .004    0.
$ Pset: "13_RIG-H1_xp" will be imported as: "pbarl.9"
CBAR     125     9       133     134     0.      0.      1.
                         .0025   0.      .00165  .0025   0.      .00165
CBAR     126     9       134     113     0.      0.      1.
                         .0025   0.      .00165  .0025   0.      .00165
CBAR     127     9       113     110     0.      0.      1.
                         .0025   0.      .00165  .0025   0.      .00165
CBAR     128     9       110     109     0.      0.      1.
                         .0025   0.      .00165  .0025   0.      .00165
$ Elements and Element Properties for region : 13_RIG-H1_xn
PBARL    10      1               BAR
         .0043   .004    0.
$ Pset: "13_RIG-H1_xn" will be imported as: "pbarl.10"
CBAR     121     10      142     141     0.      0.      1.
                         -.0025  0.      .00165  -.0025  0.      .00165
CBAR     122     10      125     142     0.      0.      1.
                         -.0025  0.      .00165  -.0025  0.      .00165
CBAR     123     10      122     125     0.      0.      1.
                         -.0025  0.      .00165  -.0025  0.      .00165
CBAR     124     10      121     122     0.      0.      1.
                         -.0025  0.      .00165  -.0025  0.      .00165
$ Elements and Element Properties for region : 13_RIG-H1_yp
PBARL    11      1               BAR
         .0043   .004    0.
$ Pset: "13_RIG-H1_yp" will be imported as: "pbarl.11"
CBAR     136     11      109     111     0.      0.      1.
                         0.      .0025   .00165  0.      .0025   .00165
CBAR     137     11      111     106     0.      0.      1.
                         0.      .0025   .00165  0.      .0025   .00165
CBAR     138     11      106     107     0.      0.      1.
                         0.      .0025   .00165  0.      .0025   .00165
CBAR     139     11      107     108     0.      0.      1.
                         0.      .0025   .00165  0.      .0025   .00165
CBAR     140     11      108     120     0.      0.      1.
                         0.      .0025   .00165  0.      .0025   .00165
CBAR     141     11      120     119     0.      0.      1.
                         0.      .0025   .00165  0.      .0025   .00165
CBAR     142     11      119     123     0.      0.      1.
                         0.      .0025   .00165  0.      .0025   .00165
CBAR     143     11      123     121     0.      0.      1.
                         0.      .0025   .00165  0.      .0025   .00165
$ Elements and Element Properties for region : 13_RIG-H1_yn
PBARL    12      1               BAR
         .0043   .004    0.
$ Pset: "13_RIG-H1_yn" will be imported as: "pbarl.12"
CBAR     101     12      141     143     0.      0.      1.
                         0.      -.0025  .00165  0.      -.0025  .00165
CBAR     129     12      130     135     0.      0.      1.
                         0.      -.0025  .00165  0.      -.0025  .00165
CBAR     130     12      135     133     0.      0.      1.
                         0.      -.0025  .00165  0.      -.0025  .00165
CBAR     131     12      132     131     0.      0.      1.
                         0.      -.0025  .00165  0.      -.0025  .00165
CBAR     132     12      131     130     0.      0.      1.
                         0.      -.0025  .00165  0.      -.0025  .00165
CBAR     133     12      139     140     0.      0.      1.
                         0.      -.0025  .00165  0.      -.0025  .00165
CBAR     134     12      140     132     0.      0.      1.
                         0.      -.0025  .00165  0.      -.0025  .00165
CBAR     135     12      143     139     0.      0.      1.
                         0.      -.0025  .00165  0.      -.0025  .00165
$ Elements and Element Properties for region : 14_RIG-H3_xp
PBARL    13      1               BAR
         .004   .0050625 0.
$ Pset: "14_RIG-H3_xp" will be imported as: "pbarl.13"
CBAR     220     13      213     218     0.      0.      1.
                        .0026024 0.     -4.741-4.0026024 0.     -4.741-4
CBAR     221     13      218     206     0.      0.      1.
                        .0026024 0.     -4.741-4.0026024 0.     -4.741-4
CBAR     222     13      206     205     0.      0.      1.
                        .0026024 0.     -4.741-4.0026024 0.     -4.741-4
CBAR     223     13      205     206     0.      0.      1.
                        .0026024 0.     -4.741-4.0026024 0.     -4.741-4
CBAR     224     13      205     200     0.      0.      1.
                        .0026024 0.     -4.741-4.0026024 0.     -4.741-4
CBAR     225     13      200     205     0.      0.      1.
                        .0026024 0.     -4.741-4.0026024 0.     -4.741-4
CBAR     320     13      316     318     0.      0.      1.
                        .0026024 0.     -4.741-4.0026024 0.     -4.741-4
CBAR     321     13      318     306     0.      0.      1.
                        .0026024 0.     -4.741-4.0026024 0.     -4.741-4
CBAR     322     13      306     305     0.      0.      1.
                        .0026024 0.     -4.741-4.0026024 0.     -4.741-4
CBAR     323     13      305     306     0.      0.      1.
                        .0026024 0.     -4.741-4.0026024 0.     -4.741-4
CBAR     324     13      305     303     0.      0.      1.
                        .0026024 0.     -4.741-4.0026024 0.     -4.741-4
CBAR     325     13      303     305     0.      0.      1.
                        .0026024 0.     -4.741-4.0026024 0.     -4.741-4
CBAR     420     13      416     418     0.      0.      1.
                        .0026024 0.     -4.741-4.0026024 0.     -4.741-4
CBAR     421     13      418     406     0.      0.      1.
                        .0026024 0.     -4.741-4.0026024 0.     -4.741-4
CBAR     422     13      406     405     0.      0.      1.
                        .0026024 0.     -4.741-4.0026024 0.     -4.741-4
CBAR     423     13      405     403     0.      0.      1.
                        .0026024 0.     -4.741-4.0026024 0.     -4.741-4
CBAR     440     13      445     469     0.      0.      1.
                        .0026024 0.     -4.741-4.0026024 0.     -4.741-4
CBAR     441     13      469     450     0.      0.      1.
                        .0026024 0.     -4.741-4.0026024 0.     -4.741-4
CBAR     442     13      478     450     0.      0.      1.
                        .0026024 0.     -4.741-4.0026024 0.     -4.741-4
CBAR     443     13      451     478     0.      0.      1.
                        .0026024 0.     -4.741-4.0026024 0.     -4.741-4
CBAR     456     13      501     458     0.      0.      1.
                        .0026024 0.     -4.741-4.0026024 0.     -4.741-4
CBAR     457     13      463     501     0.      0.      1.
                        .0026024 0.     -4.741-4.0026024 0.     -4.741-4
CBAR     458     13      463     510     0.      0.      1.
                        .0026024 0.     -4.741-4.0026024 0.     -4.741-4
CBAR     459     13      510     451     0.      0.      1.
                        .0026024 0.     -4.741-4.0026024 0.     -4.741-4
$ Elements and Element Properties for region : 14_RIG-H3_xn
PBARL    14      1               BAR
         .004   .0050625 0.
$ Pset: "14_RIG-H3_xn" will be imported as: "pbarl.14"
CBAR     216     14      223     219     0.      0.      1.
*                                        -.0026024       0.
*        -4.741-4        -.0026024       0.              -4.741-4
CBAR     217     14      212     223     0.      0.      1.
*                                        -.0026024       0.
*        -4.741-4        -.0026024       0.              -4.741-4
CBAR     218     14      211     212     0.      0.      1.
*                                        -.0026024       0.
*        -4.741-4        -.0026024       0.              -4.741-4
CBAR     219     14      207     211     0.      0.      1.
*                                        -.0026024       0.
*        -4.741-4        -.0026024       0.              -4.741-4
CBAR     316     14      323     321     0.      0.      1.
*                                        -.0026024       0.
*        -4.741-4        -.0026024       0.              -4.741-4
CBAR     317     14      312     323     0.      0.      1.
*                                        -.0026024       0.
*        -4.741-4        -.0026024       0.              -4.741-4
CBAR     318     14      311     312     0.      0.      1.
*                                        -.0026024       0.
*        -4.741-4        -.0026024       0.              -4.741-4
CBAR     319     14      309     311     0.      0.      1.
*                                        -.0026024       0.
*        -4.741-4        -.0026024       0.              -4.741-4
CBAR     416     14      409     411     0.      0.      1.
*                                        -.0026024       0.
*        -4.741-4        -.0026024       0.              -4.741-4
CBAR     417     14      411     412     0.      0.      1.
*                                        -.0026024       0.
*        -4.741-4        -.0026024       0.              -4.741-4
CBAR     418     14      412     423     0.      0.      1.
*                                        -.0026024       0.
*        -4.741-4        -.0026024       0.              -4.741-4
CBAR     419     14      423     421     0.      0.      1.
*                                        -.0026024       0.
*        -4.741-4        -.0026024       0.              -4.741-4
CBAR     448     14      494     457     0.      0.      1.
*                                        -.0026024       0.
*        -4.741-4        -.0026024       0.              -4.741-4
CBAR     449     14      456     494     0.      0.      1.
*                                        -.0026024       0.
*        -4.741-4        -.0026024       0.              -4.741-4
CBAR     450     14      456     487     0.      0.      1.
*                                        -.0026024       0.
*        -4.741-4        -.0026024       0.              -4.741-4
CBAR     451     14      487     452     0.      0.      1.
*                                        -.0026024       0.
*        -4.741-4        -.0026024       0.              -4.741-4
CBAR     464     14      457     522     0.      0.      1.
*                                        -.0026024       0.
*        -4.741-4        -.0026024       0.              -4.741-4
CBAR     465     14      522     468     0.      0.      1.
*                                        -.0026024       0.
*        -4.741-4        -.0026024       0.              -4.741-4
CBAR     466     14      515     468     0.      0.      1.
*                                        -.0026024       0.
*        -4.741-4        -.0026024       0.              -4.741-4
CBAR     467     14      464     515     0.      0.      1.
*                                        -.0026024       0.
*        -4.741-4        -.0026024       0.              -4.741-4
$ Elements and Element Properties for region : 14_RIG-H3_yp
PBARL    15      1               BAR
         .004   .0050625 0.
$ Pset: "14_RIG-H3_yp" will be imported as: "pbarl.15"
CBAR     234     15      200     201     0.      0.      1.
                         0.     .0026024-4.741-4 0.     .0026024-4.741-4
CBAR     235     15      201     202     0.      0.      1.
                         0.     .0026024-4.741-4 0.     .0026024-4.741-4
CBAR     236     15      202     203     0.      0.      1.
                         0.     .0026024-4.741-4 0.     .0026024-4.741-4
CBAR     237     15      203     204     0.      0.      1.
                         0.     .0026024-4.741-4 0.     .0026024-4.741-4
CBAR     238     15      204     210     0.      0.      1.
                         0.     .0026024-4.741-4 0.     .0026024-4.741-4
CBAR     239     15      210     209     0.      0.      1.
                         0.     .0026024-4.741-4 0.     .0026024-4.741-4
CBAR     240     15      209     208     0.      0.      1.
                         0.     .0026024-4.741-4 0.     .0026024-4.741-4
CBAR     241     15      208     207     0.      0.      1.
                         0.     .0026024-4.741-4 0.     .0026024-4.741-4
CBAR     334     15      307     310     0.      0.      1.
                         0.     .0026024-4.741-4 0.     .0026024-4.741-4
CBAR     335     15      310     309     0.      0.      1.
                         0.     .0026024-4.741-4 0.     .0026024-4.741-4
CBAR     336     15      302     308     0.      0.      1.
                         0.     .0026024-4.741-4 0.     .0026024-4.741-4
CBAR     337     15      308     307     0.      0.      1.
                         0.     .0026024-4.741-4 0.     .0026024-4.741-4
CBAR     338     15      300     301     0.      0.      1.
                         0.     .0026024-4.741-4 0.     .0026024-4.741-4
CBAR     339     15      301     302     0.      0.      1.
                         0.     .0026024-4.741-4 0.     .0026024-4.741-4
CBAR     340     15      300     301     0.      0.      1.
                         0.     .0026024-4.741-4 0.     .0026024-4.741-4
CBAR     341     15      301     302     0.      0.      1.
                         0.     .0026024-4.741-4 0.     .0026024-4.741-4
CBAR     342     15      303     304     0.      0.      1.
                         0.     .0026024-4.741-4 0.     .0026024-4.741-4
CBAR     343     15      304     300     0.      0.      1.
                         0.     .0026024-4.741-4 0.     .0026024-4.741-4
CBAR     344     15      303     304     0.      0.      1.
                         0.     .0026024-4.741-4 0.     .0026024-4.741-4
CBAR     345     15      304     300     0.      0.      1.
                         0.     .0026024-4.741-4 0.     .0026024-4.741-4
CBAR     432     15      403     404     0.      0.      1.
                         0.     .0026024-4.741-4 0.     .0026024-4.741-4
CBAR     433     15      404     400     0.      0.      1.
                         0.     .0026024-4.741-4 0.     .0026024-4.741-4
CBAR     434     15      400     401     0.      0.      1.
                         0.     .0026024-4.741-4 0.     .0026024-4.741-4
CBAR     435     15      401     402     0.      0.      1.
                         0.     .0026024-4.741-4 0.     .0026024-4.741-4
CBAR     436     15      402     408     0.      0.      1.
                         0.     .0026024-4.741-4 0.     .0026024-4.741-4
CBAR     437     15      408     407     0.      0.      1.
                         0.     .0026024-4.741-4 0.     .0026024-4.741-4
CBAR     438     15      407     410     0.      0.      1.
                         0.     .0026024-4.741-4 0.     .0026024-4.741-4
CBAR     439     15      410     409     0.      0.      1.
                         0.     .0026024-4.741-4 0.     .0026024-4.741-4
CBAR     444     15      445     446     0.      0.      1.
                         0.     .0026024-4.741-4 0.     .0026024-4.741-4
CBAR     445     15      446     447     0.      0.      1.
                         0.     .0026024-4.741-4 0.     .0026024-4.741-4
CBAR     446     15      447     448     0.      0.      1.
                         0.     .0026024-4.741-4 0.     .0026024-4.741-4
CBAR     447     15      448     449     0.      0.      1.
                         0.     .0026024-4.741-4 0.     .0026024-4.741-4
CBAR     452     15      453     452     0.      0.      1.
                         0.     .0026024-4.741-4 0.     .0026024-4.741-4
CBAR     453     15      454     453     0.      0.      1.
                         0.     .0026024-4.741-4 0.     .0026024-4.741-4
CBAR     454     15      455     454     0.      0.      1.
                         0.     .0026024-4.741-4 0.     .0026024-4.741-4
CBAR     455     15      449     455     0.      0.      1.
                         0.     .0026024-4.741-4 0.     .0026024-4.741-4
$ Elements and Element Properties for region : 14_RIG-H3_yn
PBARL    16      1               BAR
         .004   .0050625 0.
$ Pset: "14_RIG-H3_yn" will be imported as: "pbarl.16"
CBAR     226     16      215     214     0.      0.      1.
*                                        0.              -.0026024
*        -4.741-4        0.              -.0026024       -4.741-4
CBAR     227     16      214     213     0.      0.      1.
*                                        0.              -.0026024
*        -4.741-4        0.              -.0026024       -4.741-4
CBAR     228     16      217     216     0.      0.      1.
*                                        0.              -.0026024
*        -4.741-4        0.              -.0026024       -4.741-4
CBAR     229     16      216     215     0.      0.      1.
*                                        0.              -.0026024
*        -4.741-4        0.              -.0026024       -4.741-4
CBAR     230     16      221     222     0.      0.      1.
*                                        0.              -.0026024
*        -4.741-4        0.              -.0026024       -4.741-4
CBAR     231     16      222     217     0.      0.      1.
*                                        0.              -.0026024
*        -4.741-4        0.              -.0026024       -4.741-4
CBAR     232     16      219     220     0.      0.      1.
*                                        0.              -.0026024
*        -4.741-4        0.              -.0026024       -4.741-4
CBAR     233     16      220     221     0.      0.      1.
*                                        0.              -.0026024
*        -4.741-4        0.              -.0026024       -4.741-4
CBAR     326     16      313     317     0.      0.      1.
*                                        0.              -.0026024
*        -4.741-4        0.              -.0026024       -4.741-4
CBAR     327     16      317     316     0.      0.      1.
*                                        0.              -.0026024
*        -4.741-4        0.              -.0026024       -4.741-4
CBAR     328     16      315     314     0.      0.      1.
*                                        0.              -.0026024
*        -4.741-4        0.              -.0026024       -4.741-4
CBAR     329     16      314     313     0.      0.      1.
*                                        0.              -.0026024
*        -4.741-4        0.              -.0026024       -4.741-4
CBAR     330     16      319     320     0.      0.      1.
*                                        0.              -.0026024
*        -4.741-4        0.              -.0026024       -4.741-4
CBAR     331     16      320     315     0.      0.      1.
*                                        0.              -.0026024
*        -4.741-4        0.              -.0026024       -4.741-4
CBAR     332     16      321     322     0.      0.      1.
*                                        0.              -.0026024
*        -4.741-4        0.              -.0026024       -4.741-4
CBAR     333     16      322     319     0.      0.      1.
*                                        0.              -.0026024
*        -4.741-4        0.              -.0026024       -4.741-4
CBAR     424     16      413     417     0.      0.      1.
*                                        0.              -.0026024
*        -4.741-4        0.              -.0026024       -4.741-4
CBAR     425     16      417     416     0.      0.      1.
*                                        0.              -.0026024
*        -4.741-4        0.              -.0026024       -4.741-4
CBAR     426     16      415     414     0.      0.      1.
*                                        0.              -.0026024
*        -4.741-4        0.              -.0026024       -4.741-4
CBAR     427     16      414     413     0.      0.      1.
*                                        0.              -.0026024
*        -4.741-4        0.              -.0026024       -4.741-4
CBAR     428     16      419     420     0.      0.      1.
*                                        0.              -.0026024
*        -4.741-4        0.              -.0026024       -4.741-4
CBAR     429     16      420     415     0.      0.      1.
*                                        0.              -.0026024
*        -4.741-4        0.              -.0026024       -4.741-4
CBAR     430     16      421     422     0.      0.      1.
*                                        0.              -.0026024
*        -4.741-4        0.              -.0026024       -4.741-4
CBAR     431     16      422     419     0.      0.      1.
*                                        0.              -.0026024
*        -4.741-4        0.              -.0026024       -4.741-4
CBAR     460     16      459     458     0.      0.      1.
*                                        0.              -.0026024
*        -4.741-4        0.              -.0026024       -4.741-4
CBAR     461     16      460     459     0.      0.      1.
*                                        0.              -.0026024
*        -4.741-4        0.              -.0026024       -4.741-4
CBAR     462     16      461     460     0.      0.      1.
*                                        0.              -.0026024
*        -4.741-4        0.              -.0026024       -4.741-4
CBAR     463     16      462     461     0.      0.      1.
*                                        0.              -.0026024
*        -4.741-4        0.              -.0026024       -4.741-4
CBAR     468     16      464     465     0.      0.      1.
*                                        0.              -.0026024
*        -4.741-4        0.              -.0026024       -4.741-4
CBAR     469     16      465     466     0.      0.      1.
*                                        0.              -.0026024
*        -4.741-4        0.              -.0026024       -4.741-4
CBAR     470     16      466     467     0.      0.      1.
*                                        0.              -.0026024
*        -4.741-4        0.              -.0026024       -4.741-4
CBAR     471     16      467     462     0.      0.      1.
*                                        0.              -.0026024
*        -4.741-4        0.              -.0026024       -4.741-4
$ Elements and Element Properties for region : 16_RIG-H5
PBARL    17      1               BAR
         .005    .0013   0.
$ Pset: "16_RIG-H5" will be imported as: "pbarl.17"
CBAR     144     17      125     126     0.      0.      1.
                         0.      0.      .001    0.      0.      .001
CBAR     145     17      126     116     0.      0.      1.
                         0.      0.      .001    0.      0.      .001
CBAR     146     17      125     126     0.      0.      1.
                         0.      0.      .001    0.      0.      .001
CBAR     147     17      126     116     0.      0.      1.
                         0.      0.      .001    0.      0.      .001
CBAR     148     17      116     118     0.      0.      1.
                         0.      0.      .001    0.      0.      .001
CBAR     149     17      118     105     0.      0.      1.
                         0.      0.      .001    0.      0.      .001
CBAR     150     17      116     118     0.      0.      1.
                         0.      0.      .001    0.      0.      .001
CBAR     151     17      118     105     0.      0.      1.
                         0.      0.      .001    0.      0.      .001
CBAR     152     17      101     103     0.      0.      1.
                         0.      0.      .001    0.      0.      .001
CBAR     153     17      103     105     0.      0.      1.
                         0.      0.      .001    0.      0.      .001
CBAR     154     17      101     103     0.      0.      1.
                         0.      0.      .001    0.      0.      .001
CBAR     155     17      103     105     0.      0.      1.
                         0.      0.      .001    0.      0.      .001
CBAR     156     17      113     114     0.      0.      1.
                         0.      0.      .001    0.      0.      .001
CBAR     157     17      114     101     0.      0.      1.
                         0.      0.      .001    0.      0.      .001
CBAR     158     17      113     114     0.      0.      1.
                         0.      0.      .001    0.      0.      .001
CBAR     159     17      114     101     0.      0.      1.
                         0.      0.      .001    0.      0.      .001
CBAR     160     17      130     127     0.      0.      1.
                         0.      0.      .001    0.      0.      .001
CBAR     161     17      127     101     0.      0.      1.
                         0.      0.      .001    0.      0.      .001
CBAR     162     17      100     101     0.      0.      1.
                         0.      0.      .001    0.      0.      .001
CBAR     163     17      106     100     0.      0.      1.
                         0.      0.      .001    0.      0.      .001
CBAR     164     17      108     104     0.      0.      1.
                         0.      0.      .001    0.      0.      .001
CBAR     165     17      108     104     0.      0.      1.
                         0.      0.      .001    0.      0.      .001
CBAR     166     17      104     105     0.      0.      1.
                         0.      0.      .001    0.      0.      .001
CBAR     167     17      104     105     0.      0.      1.
                         0.      0.      .001    0.      0.      .001
CBAR     168     17      129     105     0.      0.      1.
                         0.      0.      .001    0.      0.      .001
CBAR     169     17      129     105     0.      0.      1.
                         0.      0.      .001    0.      0.      .001
CBAR     170     17      132     129     0.      0.      1.
                         0.      0.      .001    0.      0.      .001
CBAR     171     17      132     129     0.      0.      1.
                         0.      0.      .001    0.      0.      .001
CBAR     172     17      139     137     0.      0.      1.
                         0.      0.      .001    0.      0.      .001
CBAR     173     17      137     116     0.      0.      1.
                         0.      0.      .001    0.      0.      .001
CBAR     174     17      115     116     0.      0.      1.
                         0.      0.      .001    0.      0.      .001
CBAR     175     17      119     115     0.      0.      1.
                         0.      0.      .001    0.      0.      .001
CBAR     242     17      212     237     0.      0.      1.
                         0.      0.      .001    0.      0.      .001
CBAR     243     17      237     233     0.      0.      1.
                         0.      0.      .001    0.      0.      .001
CBAR     244     17      233     235     0.      0.      1.
                         0.      0.      .001    0.      0.      .001
CBAR     245     17      235     229     0.      0.      1.
                         0.      0.      .001    0.      0.      .001
CBAR     246     17      233     235     0.      0.      1.
                         0.      0.      .001    0.      0.      .001
CBAR     247     17      235     229     0.      0.      1.
                         0.      0.      .001    0.      0.      .001
CBAR     248     17      225     227     0.      0.      1.
                         0.      0.      .001    0.      0.      .001
CBAR     249     17      227     229     0.      0.      1.
                         0.      0.      .001    0.      0.      .001
CBAR     250     17      225     227     0.      0.      1.
                         0.      0.      .001    0.      0.      .001
CBAR     251     17      227     229     0.      0.      1.
                         0.      0.      .001    0.      0.      .001
CBAR     252     17      206     231     0.      0.      1.
                         0.      0.      .001    0.      0.      .001
CBAR     253     17      231     225     0.      0.      1.
                         0.      0.      .001    0.      0.      .001
CBAR     254     17      206     231     0.      0.      1.
                         0.      0.      .001    0.      0.      .001
CBAR     255     17      231     225     0.      0.      1.
                         0.      0.      .001    0.      0.      .001
CBAR     256     17      215     238     0.      0.      1.
                         0.      0.      .001    0.      0.      .001
CBAR     257     17      238     225     0.      0.      1.
                         0.      0.      .001    0.      0.      .001
CBAR     258     17      224     225     0.      0.      1.
                         0.      0.      .001    0.      0.      .001
CBAR     259     17      202     224     0.      0.      1.
                         0.      0.      .001    0.      0.      .001
CBAR     260     17      217     240     0.      0.      1.
                         0.      0.      .001    0.      0.      .001
CBAR     261     17      217     240     0.      0.      1.
                         0.      0.      .001    0.      0.      .001
CBAR     262     17      240     229     0.      0.      1.
                         0.      0.      .001    0.      0.      .001
CBAR     263     17      240     229     0.      0.      1.
                         0.      0.      .001    0.      0.      .001
CBAR     264     17      228     229     0.      0.      1.
                         0.      0.      .001    0.      0.      .001
CBAR     265     17      228     229     0.      0.      1.
                         0.      0.      .001    0.      0.      .001
CBAR     266     17      204     228     0.      0.      1.
                         0.      0.      .001    0.      0.      .001
CBAR     267     17      204     228     0.      0.      1.
                         0.      0.      .001    0.      0.      .001
CBAR     268     17      221     242     0.      0.      1.
                         0.      0.      .001    0.      0.      .001
CBAR     269     17      242     233     0.      0.      1.
                         0.      0.      .001    0.      0.      .001
CBAR     270     17      232     233     0.      0.      1.
                         0.      0.      .001    0.      0.      .001
CBAR     271     17      209     232     0.      0.      1.
                         0.      0.      .001    0.      0.      .001
CBAR     346     17      312     337     0.      0.      1.
                         0.      0.      .001    0.      0.      .001
CBAR     347     17      337     333     0.      0.      1.
                         0.      0.      .001    0.      0.      .001
CBAR     348     17      312     337     0.      0.      1.
                         0.      0.      .001    0.      0.      .001
CBAR     349     17      337     333     0.      0.      1.
                         0.      0.      .001    0.      0.      .001
CBAR     350     17      333     335     0.      0.      1.
                         0.      0.      .001    0.      0.      .001
CBAR     351     17      335     329     0.      0.      1.
                         0.      0.      .001    0.      0.      .001
CBAR     352     17      333     335     0.      0.      1.
                         0.      0.      .001    0.      0.      .001
CBAR     353     17      335     329     0.      0.      1.
                         0.      0.      .001    0.      0.      .001
CBAR     354     17      325     327     0.      0.      1.
                         0.      0.      .001    0.      0.      .001
CBAR     355     17      327     329     0.      0.      1.
                         0.      0.      .001    0.      0.      .001
CBAR     356     17      325     327     0.      0.      1.
                         0.      0.      .001    0.      0.      .001
CBAR     357     17      327     329     0.      0.      1.
                         0.      0.      .001    0.      0.      .001
CBAR     358     17      306     331     0.      0.      1.
                         0.      0.      .001    0.      0.      .001
CBAR     359     17      331     325     0.      0.      1.
                         0.      0.      .001    0.      0.      .001
CBAR     360     17      306     331     0.      0.      1.
                         0.      0.      .001    0.      0.      .001
CBAR     361     17      331     325     0.      0.      1.
                         0.      0.      .001    0.      0.      .001
CBAR     362     17      313     338     0.      0.      1.
                         0.      0.      .001    0.      0.      .001
CBAR     363     17      338     325     0.      0.      1.
                         0.      0.      .001    0.      0.      .001
CBAR     364     17      324     325     0.      0.      1.
                         0.      0.      .001    0.      0.      .001
CBAR     365     17      300     324     0.      0.      1.
                         0.      0.      .001    0.      0.      .001
CBAR     366     17      315     340     0.      0.      1.
                         0.      0.      .001    0.      0.      .001
CBAR     367     17      315     340     0.      0.      1.
                         0.      0.      .001    0.      0.      .001
CBAR     368     17      340     329     0.      0.      1.
                         0.      0.      .001    0.      0.      .001
CBAR     369     17      340     329     0.      0.      1.
                         0.      0.      .001    0.      0.      .001
CBAR     370     17      328     329     0.      0.      1.
                         0.      0.      .001    0.      0.      .001
CBAR     371     17      328     329     0.      0.      1.
                         0.      0.      .001    0.      0.      .001
CBAR     372     17      302     328     0.      0.      1.
                         0.      0.      .001    0.      0.      .001
CBAR     373     17      302     328     0.      0.      1.
                         0.      0.      .001    0.      0.      .001
CBAR     374     17      319     342     0.      0.      1.
                         0.      0.      .001    0.      0.      .001
CBAR     375     17      342     333     0.      0.      1.
                         0.      0.      .001    0.      0.      .001
CBAR     376     17      332     333     0.      0.      1.
                         0.      0.      .001    0.      0.      .001
CBAR     377     17      307     332     0.      0.      1.
                         0.      0.      .001    0.      0.      .001
CBAR     472     17      412     437     0.      0.      1.
                         0.      0.      .001    0.      0.      .001
CBAR     473     17      437     433     0.      0.      1.
                         0.      0.      .001    0.      0.      .001
CBAR     474     17      412     437     0.      0.      1.
                         0.      0.      .001    0.      0.      .001
CBAR     475     17      437     433     0.      0.      1.
                         0.      0.      .001    0.      0.      .001
CBAR     476     17      433     435     0.      0.      1.
                         0.      0.      .001    0.      0.      .001
CBAR     477     17      435     429     0.      0.      1.
                         0.      0.      .001    0.      0.      .001
CBAR     478     17      433     435     0.      0.      1.
                         0.      0.      .001    0.      0.      .001
CBAR     479     17      435     429     0.      0.      1.
                         0.      0.      .001    0.      0.      .001
CBAR     480     17      425     427     0.      0.      1.
                         0.      0.      .001    0.      0.      .001
CBAR     481     17      427     429     0.      0.      1.
                         0.      0.      .001    0.      0.      .001
CBAR     482     17      425     427     0.      0.      1.
                         0.      0.      .001    0.      0.      .001
CBAR     483     17      427     429     0.      0.      1.
                         0.      0.      .001    0.      0.      .001
CBAR     484     17      406     431     0.      0.      1.
                         0.      0.      .001    0.      0.      .001
CBAR     485     17      431     425     0.      0.      1.
                         0.      0.      .001    0.      0.      .001
CBAR     486     17      406     431     0.      0.      1.
                         0.      0.      .001    0.      0.      .001
CBAR     487     17      431     425     0.      0.      1.
                         0.      0.      .001    0.      0.      .001
CBAR     488     17      413     438     0.      0.      1.
                         0.      0.      .001    0.      0.      .001
CBAR     489     17      438     425     0.      0.      1.
                         0.      0.      .001    0.      0.      .001
CBAR     490     17      424     425     0.      0.      1.
                         0.      0.      .001    0.      0.      .001
CBAR     491     17      400     424     0.      0.      1.
                         0.      0.      .001    0.      0.      .001
CBAR     492     17      415     440     0.      0.      1.
                         0.      0.      .001    0.      0.      .001
CBAR     493     17      415     440     0.      0.      1.
                         0.      0.      .001    0.      0.      .001
CBAR     494     17      440     429     0.      0.      1.
                         0.      0.      .001    0.      0.      .001
CBAR     495     17      440     429     0.      0.      1.
                         0.      0.      .001    0.      0.      .001
CBAR     496     17      428     429     0.      0.      1.
                         0.      0.      .001    0.      0.      .001
CBAR     497     17      428     429     0.      0.      1.
                         0.      0.      .001    0.      0.      .001
CBAR     498     17      402     428     0.      0.      1.
                         0.      0.      .001    0.      0.      .001
CBAR     499     17      402     428     0.      0.      1.
                         0.      0.      .001    0.      0.      .001
CBAR     500     17      419     442     0.      0.      1.
                         0.      0.      .001    0.      0.      .001
CBAR     501     17      442     433     0.      0.      1.
                         0.      0.      .001    0.      0.      .001
CBAR     502     17      432     433     0.      0.      1.
                         0.      0.      .001    0.      0.      .001
CBAR     503     17      407     432     0.      0.      1.
                         0.      0.      .001    0.      0.      .001
$ Elements and Element Properties for region : 17_RIG-H6
PBARL    18      1               BAR
         .0015   .0013   0.
$ Pset: "17_RIG-H6" will be imported as: "pbarl.18"
CBAR     504     18      469     470     0.      0.      1.
*                                        0.              0.
*        -8.9999998-4    0.              0.              -8.9999998-4
CBAR     505     18      446     470     0.      0.      1.
*                                        0.              0.
*        -8.9999998-4    0.              0.              -8.9999998-4
CBAR     506     18      470     471     0.      0.      1.
*                                        0.              0.
*        -8.9999998-4    0.              0.              -8.9999998-4
CBAR     507     18      447     471     0.      0.      1.
*                                        0.              0.
*        -8.9999998-4    0.              0.              -8.9999998-4
CBAR     508     18      471     472     0.      0.      1.
*                                        0.              0.
*        -8.9999998-4    0.              0.              -8.9999998-4
CBAR     509     18      448     472     0.      0.      1.
*                                        0.              0.
*        -8.9999998-4    0.              0.              -8.9999998-4
CBAR     510     18      449     473     0.      0.      1.
*                                        0.              0.
*        -8.9999998-4    0.              0.              -8.9999998-4
CBAR     511     18      472     473     0.      0.      1.
*                                        0.              0.
*        -8.9999998-4    0.              0.              -8.9999998-4
CBAR     512     18      450     474     0.      0.      1.
*                                        0.              0.
*        -8.9999998-4    0.              0.              -8.9999998-4
CBAR     513     18      470     474     0.      0.      1.
*                                        0.              0.
*        -8.9999998-4    0.              0.              -8.9999998-4
CBAR     514     18      474     475     0.      0.      1.
*                                        0.              0.
*        -8.9999998-4    0.              0.              -8.9999998-4
CBAR     515     18      471     475     0.      0.      1.
*                                        0.              0.
*        -8.9999998-4    0.              0.              -8.9999998-4
CBAR     516     18      475     476     0.      0.      1.
*                                        0.              0.
*        -8.9999998-4    0.              0.              -8.9999998-4
CBAR     517     18      472     476     0.      0.      1.
*                                        0.              0.
*        -8.9999998-4    0.              0.              -8.9999998-4
CBAR     518     18      473     477     0.      0.      1.
*                                        0.              0.
*        -8.9999998-4    0.              0.              -8.9999998-4
CBAR     519     18      476     477     0.      0.      1.
*                                        0.              0.
*        -8.9999998-4    0.              0.              -8.9999998-4
CBAR     520     18      478     479     0.      0.      1.
*                                        0.              0.
*        -8.9999998-4    0.              0.              -8.9999998-4
CBAR     521     18      474     479     0.      0.      1.
*                                        0.              0.
*        -8.9999998-4    0.              0.              -8.9999998-4
CBAR     522     18      479     480     0.      0.      1.
*                                        0.              0.
*        -8.9999998-4    0.              0.              -8.9999998-4
CBAR     523     18      475     480     0.      0.      1.
*                                        0.              0.
*        -8.9999998-4    0.              0.              -8.9999998-4
CBAR     524     18      480     481     0.      0.      1.
*                                        0.              0.
*        -8.9999998-4    0.              0.              -8.9999998-4
CBAR     525     18      476     481     0.      0.      1.
*                                        0.              0.
*        -8.9999998-4    0.              0.              -8.9999998-4
CBAR     526     18      479     482     0.      0.      1.
*                                        0.              0.
*        -8.9999998-4    0.              0.              -8.9999998-4
CBAR     527     18      451     482     0.      0.      1.
*                                        0.              0.
*        -8.9999998-4    0.              0.              -8.9999998-4
CBAR     528     18      482     483     0.      0.      1.
*                                        0.              0.
*        -8.9999998-4    0.              0.              -8.9999998-4
CBAR     529     18      480     483     0.      0.      1.
*                                        0.              0.
*        -8.9999998-4    0.              0.              -8.9999998-4
CBAR     530     18      483     484     0.      0.      1.
*                                        0.              0.
*        -8.9999998-4    0.              0.              -8.9999998-4
CBAR     531     18      481     484     0.      0.      1.
*                                        0.              0.
*        -8.9999998-4    0.              0.              -8.9999998-4
CBAR     532     18      488     487     0.      0.      1.
*                                        0.              0.
*        -8.9999998-4    0.              0.              -8.9999998-4
CBAR     533     18      488     453     0.      0.      1.
*                                        0.              0.
*        -8.9999998-4    0.              0.              -8.9999998-4
CBAR     534     18      489     488     0.      0.      1.
*                                        0.              0.
*        -8.9999998-4    0.              0.              -8.9999998-4
CBAR     535     18      489     454     0.      0.      1.
*                                        0.              0.
*        -8.9999998-4    0.              0.              -8.9999998-4
CBAR     536     18      490     489     0.      0.      1.
*                                        0.              0.
*        -8.9999998-4    0.              0.              -8.9999998-4
CBAR     537     18      490     455     0.      0.      1.
*                                        0.              0.
*        -8.9999998-4    0.              0.              -8.9999998-4
CBAR     538     18      473     449     0.      0.      1.
*                                        0.              0.
*        -8.9999998-4    0.              0.              -8.9999998-4
CBAR     539     18      473     490     0.      0.      1.
*                                        0.              0.
*        -8.9999998-4    0.              0.              -8.9999998-4
CBAR     540     18      491     456     0.      0.      1.
*                                        0.              0.
*        -8.9999998-4    0.              0.              -8.9999998-4
CBAR     541     18      491     488     0.      0.      1.
*                                        0.              0.
*        -8.9999998-4    0.              0.              -8.9999998-4
CBAR     542     18      492     491     0.      0.      1.
*                                        0.              0.
*        -8.9999998-4    0.              0.              -8.9999998-4
CBAR     543     18      492     489     0.      0.      1.
*                                        0.              0.
*        -8.9999998-4    0.              0.              -8.9999998-4
CBAR     544     18      493     492     0.      0.      1.
*                                        0.              0.
*        -8.9999998-4    0.              0.              -8.9999998-4
CBAR     545     18      493     490     0.      0.      1.
*                                        0.              0.
*        -8.9999998-4    0.              0.              -8.9999998-4
CBAR     546     18      477     473     0.      0.      1.
*                                        0.              0.
*        -8.9999998-4    0.              0.              -8.9999998-4
CBAR     547     18      477     493     0.      0.      1.
*                                        0.              0.
*        -8.9999998-4    0.              0.              -8.9999998-4
CBAR     548     18      495     494     0.      0.      1.
*                                        0.              0.
*        -8.9999998-4    0.              0.              -8.9999998-4
CBAR     549     18      495     491     0.      0.      1.
*                                        0.              0.
*        -8.9999998-4    0.              0.              -8.9999998-4
CBAR     550     18      496     495     0.      0.      1.
*                                        0.              0.
*        -8.9999998-4    0.              0.              -8.9999998-4
CBAR     551     18      496     492     0.      0.      1.
*                                        0.              0.
*        -8.9999998-4    0.              0.              -8.9999998-4
CBAR     552     18      497     496     0.      0.      1.
*                                        0.              0.
*        -8.9999998-4    0.              0.              -8.9999998-4
CBAR     553     18      497     493     0.      0.      1.
*                                        0.              0.
*        -8.9999998-4    0.              0.              -8.9999998-4
CBAR     554     18      498     495     0.      0.      1.
*                                        0.              0.
*        -8.9999998-4    0.              0.              -8.9999998-4
CBAR     555     18      498     457     0.      0.      1.
*                                        0.              0.
*        -8.9999998-4    0.              0.              -8.9999998-4
CBAR     556     18      499     498     0.      0.      1.
*                                        0.              0.
*        -8.9999998-4    0.              0.              -8.9999998-4
CBAR     557     18      499     496     0.      0.      1.
*                                        0.              0.
*        -8.9999998-4    0.              0.              -8.9999998-4
CBAR     558     18      500     499     0.      0.      1.
*                                        0.              0.
*        -8.9999998-4    0.              0.              -8.9999998-4
CBAR     559     18      500     497     0.      0.      1.
*                                        0.              0.
*        -8.9999998-4    0.              0.              -8.9999998-4
CBAR     560     18      502     501     0.      0.      1.
*                                        0.              0.
*        -8.9999998-4    0.              0.              -8.9999998-4
CBAR     561     18      502     459     0.      0.      1.
*                                        0.              0.
*        -8.9999998-4    0.              0.              -8.9999998-4
CBAR     562     18      503     502     0.      0.      1.
*                                        0.              0.
*        -8.9999998-4    0.              0.              -8.9999998-4
CBAR     563     18      503     460     0.      0.      1.
*                                        0.              0.
*        -8.9999998-4    0.              0.              -8.9999998-4
CBAR     564     18      504     503     0.      0.      1.
*                                        0.              0.
*        -8.9999998-4    0.              0.              -8.9999998-4
CBAR     565     18      504     461     0.      0.      1.
*                                        0.              0.
*        -8.9999998-4    0.              0.              -8.9999998-4
CBAR     566     18      505     462     0.      0.      1.
*                                        0.              0.
*        -8.9999998-4    0.              0.              -8.9999998-4
CBAR     567     18      505     504     0.      0.      1.
*                                        0.              0.
*        -8.9999998-4    0.              0.              -8.9999998-4
CBAR     568     18      506     463     0.      0.      1.
*                                        0.              0.
*        -8.9999998-4    0.              0.              -8.9999998-4
CBAR     569     18      506     502     0.      0.      1.
*                                        0.              0.
*        -8.9999998-4    0.              0.              -8.9999998-4
CBAR     570     18      507     506     0.      0.      1.
*                                        0.              0.
*        -8.9999998-4    0.              0.              -8.9999998-4
CBAR     571     18      507     503     0.      0.      1.
*                                        0.              0.
*        -8.9999998-4    0.              0.              -8.9999998-4
CBAR     572     18      508     507     0.      0.      1.
*                                        0.              0.
*        -8.9999998-4    0.              0.              -8.9999998-4
CBAR     573     18      508     504     0.      0.      1.
*                                        0.              0.
*        -8.9999998-4    0.              0.              -8.9999998-4
CBAR     574     18      509     505     0.      0.      1.
*                                        0.              0.
*        -8.9999998-4    0.              0.              -8.9999998-4
CBAR     575     18      509     508     0.      0.      1.
*                                        0.              0.
*        -8.9999998-4    0.              0.              -8.9999998-4
CBAR     576     18      511     510     0.      0.      1.
*                                        0.              0.
*        -8.9999998-4    0.              0.              -8.9999998-4
CBAR     577     18      511     506     0.      0.      1.
*                                        0.              0.
*        -8.9999998-4    0.              0.              -8.9999998-4
CBAR     578     18      512     511     0.      0.      1.
*                                        0.              0.
*        -8.9999998-4    0.              0.              -8.9999998-4
CBAR     579     18      512     507     0.      0.      1.
*                                        0.              0.
*        -8.9999998-4    0.              0.              -8.9999998-4
CBAR     580     18      513     512     0.      0.      1.
*                                        0.              0.
*        -8.9999998-4    0.              0.              -8.9999998-4
CBAR     581     18      513     508     0.      0.      1.
*                                        0.              0.
*        -8.9999998-4    0.              0.              -8.9999998-4
CBAR     582     18      482     511     0.      0.      1.
*                                        0.              0.
*        -8.9999998-4    0.              0.              -8.9999998-4
CBAR     583     18      482     451     0.      0.      1.
*                                        0.              0.
*        -8.9999998-4    0.              0.              -8.9999998-4
CBAR     584     18      483     482     0.      0.      1.
*                                        0.              0.
*        -8.9999998-4    0.              0.              -8.9999998-4
CBAR     585     18      483     512     0.      0.      1.
*                                        0.              0.
*        -8.9999998-4    0.              0.              -8.9999998-4
CBAR     586     18      484     483     0.      0.      1.
*                                        0.              0.
*        -8.9999998-4    0.              0.              -8.9999998-4
CBAR     587     18      484     513     0.      0.      1.
*                                        0.              0.
*        -8.9999998-4    0.              0.              -8.9999998-4
CBAR     588     18      515     516     0.      0.      1.
*                                        0.              0.
*        -8.9999998-4    0.              0.              -8.9999998-4
CBAR     589     18      465     516     0.      0.      1.
*                                        0.              0.
*        -8.9999998-4    0.              0.              -8.9999998-4
CBAR     590     18      516     517     0.      0.      1.
*                                        0.              0.
*        -8.9999998-4    0.              0.              -8.9999998-4
CBAR     591     18      466     517     0.      0.      1.
*                                        0.              0.
*        -8.9999998-4    0.              0.              -8.9999998-4
CBAR     592     18      517     518     0.      0.      1.
*                                        0.              0.
*        -8.9999998-4    0.              0.              -8.9999998-4
CBAR     593     18      467     518     0.      0.      1.
*                                        0.              0.
*        -8.9999998-4    0.              0.              -8.9999998-4
CBAR     594     18      462     505     0.      0.      1.
*                                        0.              0.
*        -8.9999998-4    0.              0.              -8.9999998-4
CBAR     595     18      518     505     0.      0.      1.
*                                        0.              0.
*        -8.9999998-4    0.              0.              -8.9999998-4
CBAR     596     18      468     519     0.      0.      1.
*                                        0.              0.
*        -8.9999998-4    0.              0.              -8.9999998-4
CBAR     597     18      516     519     0.      0.      1.
*                                        0.              0.
*        -8.9999998-4    0.              0.              -8.9999998-4
CBAR     598     18      519     520     0.      0.      1.
*                                        0.              0.
*        -8.9999998-4    0.              0.              -8.9999998-4
CBAR     599     18      517     520     0.      0.      1.
*                                        0.              0.
*        -8.9999998-4    0.              0.              -8.9999998-4
CBAR     600     18      520     521     0.      0.      1.
*                                        0.              0.
*        -8.9999998-4    0.              0.              -8.9999998-4
CBAR     601     18      518     521     0.      0.      1.
*                                        0.              0.
*        -8.9999998-4    0.              0.              -8.9999998-4
CBAR     602     18      505     509     0.      0.      1.
*                                        0.              0.
*        -8.9999998-4    0.              0.              -8.9999998-4
CBAR     603     18      521     509     0.      0.      1.
*                                        0.              0.
*        -8.9999998-4    0.              0.              -8.9999998-4
CBAR     604     18      522     523     0.      0.      1.
*                                        0.              0.
*        -8.9999998-4    0.              0.              -8.9999998-4
CBAR     605     18      519     523     0.      0.      1.
*                                        0.              0.
*        -8.9999998-4    0.              0.              -8.9999998-4
CBAR     606     18      523     524     0.      0.      1.
*                                        0.              0.
*        -8.9999998-4    0.              0.              -8.9999998-4
CBAR     607     18      520     524     0.      0.      1.
*                                        0.              0.
*        -8.9999998-4    0.              0.              -8.9999998-4
CBAR     608     18      524     525     0.      0.      1.
*                                        0.              0.
*        -8.9999998-4    0.              0.              -8.9999998-4
CBAR     609     18      521     525     0.      0.      1.
*                                        0.              0.
*        -8.9999998-4    0.              0.              -8.9999998-4
CBAR     610     18      523     498     0.      0.      1.
*                                        0.              0.
*        -8.9999998-4    0.              0.              -8.9999998-4
CBAR     611     18      457     498     0.      0.      1.
*                                        0.              0.
*        -8.9999998-4    0.              0.              -8.9999998-4
CBAR     612     18      498     499     0.      0.      1.
*                                        0.              0.
*        -8.9999998-4    0.              0.              -8.9999998-4
CBAR     613     18      524     499     0.      0.      1.
*                                        0.              0.
*        -8.9999998-4    0.              0.              -8.9999998-4
CBAR     614     18      499     500     0.      0.      1.
*                                        0.              0.
*        -8.9999998-4    0.              0.              -8.9999998-4
CBAR     615     18      525     500     0.      0.      1.
*                                        0.              0.
*        -8.9999998-4    0.              0.              -8.9999998-4
CBAR     616     18      477     485     0.      0.      1.
*                                        0.              0.
*        -8.9999998-4    0.              0.              -8.9999998-4
CBAR     617     18      485     486     0.      0.      1.
*                                        0.              0.
*        -8.9999998-4    0.              0.              -8.9999998-4
CBAR     618     18      486     514     0.      0.      1.
*                                        0.              0.
*        -8.9999998-4    0.              0.              -8.9999998-4
CBAR     619     18      514     509     0.      0.      1.
*                                        0.              0.
*        -8.9999998-4    0.              0.              -8.9999998-4
CBAR     620     18      525     514     0.      0.      1.
*                                        0.              0.
*        -8.9999998-4    0.              0.              -8.9999998-4
CBAR     621     18      514     513     0.      0.      1.
*                                        0.              0.
*        -8.9999998-4    0.              0.              -8.9999998-4
CBAR     622     18      500     486     0.      0.      1.
*                                        0.              0.
*        -8.9999998-4    0.              0.              -8.9999998-4
CBAR     623     18      486     484     0.      0.      1.
*                                        0.              0.
*        -8.9999998-4    0.              0.              -8.9999998-4
CBAR     624     18      497     485     0.      0.      1.
*                                        0.              0.
*        -8.9999998-4    0.              0.              -8.9999998-4
CBAR     625     18      485     481     0.      0.      1.
*                                        0.              0.
*        -8.9999998-4    0.              0.              -8.9999998-4
$ Elements and Element Properties for region : 20_CBUSH
PBUSH    19      K       1.+9    1.+9    1.+9    100.    1.+7    1.+7
$ Pset: "20_CBUSH" will be imported as: "pbush.19"
CBUSH    1       19      1       10                              1
         .5
CBUSH    2       19      2       11                              1
         .5
CBUSH    3       19      3       12                              1
         .5
CBUSH    4       19      4       13                              1
         .5
CBUSH    5       19      5       14                              1
         .5
CBUSH    6       19      6       15                              1
         .5
CBUSH    7       19      7       16                              1
         .5
CBUSH    8       19      8       17                              1
         .5
$ Elements and Element Properties for region : 21_CBUSH_CONTACT
PBUSH    20      K       1.+9    1.+9    1.+9           1000000.1000000.
$ Pset: "21_CBUSH_CONTACT" will be imported as: "pbush.20"
CBUSH    100000  20      141     1044                            1
         .5
CBUSH    100001  20      109     1010                            1
         .5
CBUSH    100002  20      110     1012                            1
         .5
CBUSH    100003  20      113     1014                            1
         .5
CBUSH    100004  20      133     1034                            1
         .5
CBUSH    100005  20      134     1036                            1
         .5
CBUSH    100006  20      130     1029                            1
         .5
CBUSH    100007  20      131     1028                            1
         .5
CBUSH    100008  20      132     1027                            1
         .5
CBUSH    100009  20      135     1033                            1
         .5
CBUSH    100010  20      139     1038                            1
         .5
CBUSH    100011  20      140     1037                            1
         .5
CBUSH    100012  20      143     1041                            1
         .5
CBUSH    100013  20      121     1022                            1
         .5
CBUSH    100014  20      122     1024                            1
         .5
CBUSH    100015  20      125     1026                            1
         .5
CBUSH    100016  20      142     1043                            1
         .5
CBUSH    100017  20      106     1002                            1
         .5
CBUSH    100018  20      107     1001                            1
         .5
CBUSH    100019  20      108     1000                            1
         .5
CBUSH    100020  20      111     1009                            1
         .5
CBUSH    100021  20      119     1016                            1
         .5
CBUSH    100022  20      120     1015                            1
         .5
CBUSH    100023  20      123     1021                            1
         .5
CBUSH    100024  20      116     1020                            1
         .5
CBUSH    100025  20      105     1006                            1
         .5
CBUSH    100026  20      101     1008                            1
         .5
CBUSH    200000  20      200     2010                            1
         .5
CBUSH    200001  20      205     2012                            1
         .5
CBUSH    200002  20      206     2014                            1
         .5
CBUSH    200003  20      213     2034                            1
         .5
CBUSH    200004  20      218     2036                            1
         .5
CBUSH    200005  20      214     2033                            1
         .5
CBUSH    200006  20      215     2029                            1
         .5
CBUSH    200007  20      216     2028                            1
         .5
CBUSH    200008  20      217     2027                            1
         .5
CBUSH    200009  20      219     2042                            1
         .5
CBUSH    200010  20      220     2041                            1
         .5
CBUSH    200011  20      221     2038                            1
         .5
CBUSH    200012  20      222     2037                            1
         .5
CBUSH    200013  20      207     2022                            1
         .5
CBUSH    200014  20      211     2024                            1
         .5
CBUSH    200015  20      212     2026                            1
         .5
CBUSH    200016  20      223     2044                            1
         .5
CBUSH    200017  20      201     2009                            1
         .5
CBUSH    200018  20      202     2002                            1
         .5
CBUSH    200019  20      203     2001                            1
         .5
CBUSH    200020  20      204     2000                            1
         .5
CBUSH    200021  20      208     2021                            1
         .5
CBUSH    200022  20      209     2016                            1
         .5
CBUSH    200023  20      210     2015                            1
         .5
CBUSH    200024  20      233     2020                            1
         .5
CBUSH    200025  20      229     2006                            1
         .5
CBUSH    200026  20      225     2008                            1
         .5
CBUSH    300000  20      303     3010                            1
         .5
CBUSH    300001  20      305     3012                            1
         .5
CBUSH    300002  20      306     3014                            1
         .5
CBUSH    300003  20      316     3034                            1
         .5
CBUSH    300004  20      318     3036                            1
         .5
CBUSH    300005  20      313     3029                            1
         .5
CBUSH    300006  20      314     3028                            1
         .5
CBUSH    300007  20      315     3027                            1
         .5
CBUSH    300008  20      317     3033                            1
         .5
CBUSH    300009  20      319     3038                            1
         .5
CBUSH    300010  20      320     3037                            1
         .5
CBUSH    300011  20      321     3042                            1
         .5
CBUSH    300012  20      322     3041                            1
         .5
CBUSH    300013  20      309     3022                            1
         .5
CBUSH    300014  20      311     3024                            1
         .5
CBUSH    300015  20      312     3026                            1
         .5
CBUSH    300016  20      323     3044                            1
         .5
CBUSH    300017  20      300     3002                            1
         .5
CBUSH    300018  20      301     3001                            1
         .5
CBUSH    300019  20      302     3000                            1
         .5
CBUSH    300020  20      304     3009                            1
         .5
CBUSH    300021  20      307     3016                            1
         .5
CBUSH    300022  20      308     3015                            1
         .5
CBUSH    300023  20      310     3021                            1
         .5
CBUSH    300024  20      333     3020                            1
         .5
CBUSH    300025  20      329     3006                            1
         .5
CBUSH    300026  20      325     3008                            1
         .5
CBUSH    400000  20      403     4010                            1
         .5
CBUSH    400001  20      405     4012                            1
         .5
CBUSH    400002  20      406     4014                            1
         .5
CBUSH    400003  20      416     4034                            1
         .5
CBUSH    400004  20      418     4036                            1
         .5
CBUSH    400005  20      413     4029                            1
         .5
CBUSH    400006  20      414     4028                            1
         .5
CBUSH    400007  20      415     4027                            1
         .5
CBUSH    400008  20      417     4033                            1
         .5
CBUSH    400009  20      419     4038                            1
         .5
CBUSH    400010  20      420     4037                            1
         .5
CBUSH    400011  20      421     4042                            1
         .5
CBUSH    400012  20      422     4041                            1
         .5
CBUSH    400013  20      409     4022                            1
         .5
CBUSH    400014  20      411     4024                            1
         .5
CBUSH    400015  20      412     4026                            1
         .5
CBUSH    400016  20      423     4044                            1
         .5
CBUSH    400017  20      400     4002                            1
         .5
CBUSH    400018  20      401     4001                            1
         .5
CBUSH    400019  20      402     4000                            1
         .5
CBUSH    400020  20      404     4009                            1
         .5
CBUSH    400021  20      407     4016                            1
         .5
CBUSH    400022  20      408     4015                            1
         .5
CBUSH    400023  20      410     4021                            1
         .5
CBUSH    400024  20      433     4020                            1
         .5
CBUSH    400025  20      429     4006                            1
         .5
CBUSH    400026  20      425     4008                            1
         .5
$ Elements and Element Properties for region : 01_t-wall-delgadas
PSHELL*  21              1               6.9999998-4     1
*                        1
$ Pset: "01_t-wall-delgadas" will be imported as: "pshell.21"
CQUAD4   1009    21      111     201     202     106     0.      0.
CQUAD4   1011    21      107     203     204     108     0.      0.
CQUAD4   1012    21      109     200     205     110     0.      0.
CQUAD4   1013    21      110     205     206     113     0.      0.
CQUAD4   1023    21      123     119     209     208     0.      0.
CQUAD4   1025    21      120     108     204     210     0.      0.
CQUAD4   1026    21      121     122     211     207     0.      0.
CQUAD4   1027    21      122     125     212     211     0.      0.
CQUAD4   1037    21      135     130     215     214     0.      0.
CQUAD4   1039    21      131     132     217     216     0.      0.
CQUAD4   1040    21      133     134     218     213     0.      0.
CQUAD4   1041    21      134     113     206     218     0.      0.
CQUAD4   1051    21      143     220     221     139     0.      0.
CQUAD4   1053    21      140     222     217     132     0.      0.
CQUAD4   1054    21      141     219     223     142     0.      0.
CQUAD4   1055    21      142     223     212     125     0.      0.
CQUAD4   2032    21      202     203     301     300     0.      0.
CQUAD4   2033    21      203     204     302     301     0.      0.
CQUAD4   2034    21      200     201     304     303     0.      0.
CQUAD4   2035    21      201     202     300     304     0.      0.
CQUAD4   2036    21      200     205     305     303     0.      0.
CQUAD4   2037    21      205     206     306     305     0.      0.
CQUAD4   2038    21      207     309     310     208     0.      0.
CQUAD4   2039    21      208     310     307     209     0.      0.
CQUAD4   2040    21      207     309     311     211     0.      0.
CQUAD4   2041    21      209     307     308     210     0.      0.
CQUAD4   2042    21      210     308     302     204     0.      0.
CQUAD4   2043    21      211     311     312     212     0.      0.
CQUAD4   2044    21      215     313     314     216     0.      0.
CQUAD4   2045    21      216     314     315     217     0.      0.
CQUAD4   2046    21      213     316     317     214     0.      0.
CQUAD4   2047    21      214     317     313     215     0.      0.
CQUAD4   2048    21      213     316     318     218     0.      0.
CQUAD4   2049    21      218     318     306     206     0.      0.
CQUAD4   2050    21      219     220     322     321     0.      0.
CQUAD4   2051    21      220     221     319     322     0.      0.
CQUAD4   2052    21      219     223     323     321     0.      0.
CQUAD4   2053    21      221     222     320     319     0.      0.
CQUAD4   2054    21      222     217     315     320     0.      0.
CQUAD4   2055    21      223     212     312     323     0.      0.
CQUAD4   3032    21      300     301     401     400     0.      0.
CQUAD4   3033    21      301     302     402     401     0.      0.
CQUAD4   3034    21      303     304     404     403     0.      0.
CQUAD4   3035    21      304     300     400     404     0.      0.
CQUAD4   3036    21      303     305     405     403     0.      0.
CQUAD4   3037    21      305     306     406     405     0.      0.
CQUAD4   3038    21      309     409     410     310     0.      0.
CQUAD4   3039    21      310     410     407     307     0.      0.
CQUAD4   3040    21      309     409     411     311     0.      0.
CQUAD4   3041    21      307     407     408     308     0.      0.
CQUAD4   3042    21      308     408     402     302     0.      0.
CQUAD4   3043    21      311     411     412     312     0.      0.
CQUAD4   3044    21      313     413     414     314     0.      0.
CQUAD4   3045    21      314     414     415     315     0.      0.
CQUAD4   3046    21      316     416     417     317     0.      0.
CQUAD4   3047    21      317     417     413     313     0.      0.
CQUAD4   3048    21      316     416     418     318     0.      0.
CQUAD4   3049    21      318     418     406     306     0.      0.
CQUAD4   3050    21      321     322     422     421     0.      0.
CQUAD4   3051    21      322     319     419     422     0.      0.
CQUAD4   3052    21      321     323     423     421     0.      0.
CQUAD4   3053    21      319     320     420     419     0.      0.
CQUAD4   3054    21      320     315     415     420     0.      0.
CQUAD4   3055    21      323     312     412     423     0.      0.
CQUAD4   4032    21      403     404     446     445     0.      0.
CQUAD4   4033    21      404     400     447     446     0.      0.
CQUAD4   4034    21      400     401     448     447     0.      0.
CQUAD4   4035    21      401     402     449     448     0.      0.
CQUAD4   4036    21      403     405     450     445     0.      0.
CQUAD4   4037    21      405     406     451     450     0.      0.
CQUAD4   4038    21      409     452     453     410     0.      0.
CQUAD4   4039    21      410     453     454     407     0.      0.
CQUAD4   4040    21      407     454     455     408     0.      0.
CQUAD4   4041    21      408     455     449     402     0.      0.
CQUAD4   4042    21      409     452     456     411     0.      0.
CQUAD4   4043    21      411     456     457     412     0.      0.
CQUAD4   4044    21      416     458     459     417     0.      0.
CQUAD4   4045    21      417     459     460     413     0.      0.
CQUAD4   4046    21      413     460     461     414     0.      0.
CQUAD4   4047    21      414     461     462     415     0.      0.
CQUAD4   4048    21      416     458     463     418     0.      0.
CQUAD4   4049    21      418     463     451     406     0.      0.
CQUAD4   4050    21      421     422     465     464     0.      0.
CQUAD4   4051    21      422     419     466     465     0.      0.
CQUAD4   4052    21      419     420     467     466     0.      0.
CQUAD4   4053    21      420     415     462     467     0.      0.
CQUAD4   4054    21      421     423     468     464     0.      0.
CQUAD4   4055    21      423     412     457     468     0.      0.
$ Elements and Element Properties for region : 05_t-tapa
PSHELL*  22              1               5.0000002-4     1
*                        1
$ Pset: "05_t-tapa" will be imported as: "pshell.22"
CQUAD4   4056    22      445     469     470     446     0.      0.
CQUAD4   4057    22      446     470     471     447     0.      0.
CQUAD4   4058    22      447     471     472     448     0.      0.
CQUAD4   4059    22      448     472     473     449     0.      0.
CQUAD4   4060    22      469     450     474     470     0.      0.
CQUAD4   4061    22      470     474     475     471     0.      0.
CQUAD4   4062    22      471     475     476     472     0.      0.
CQUAD4   4063    22      472     476     477     473     0.      0.
CQUAD4   4064    22      450     478     479     474     0.      0.
CQUAD4   4065    22      474     479     480     475     0.      0.
CQUAD4   4066    22      475     480     481     476     0.      0.
CQUAD4   4067    22      478     451     482     479     0.      0.
CQUAD4   4068    22      479     482     483     480     0.      0.
CQUAD4   4069    22      480     483     484     481     0.      0.
CQUAD4   4070    22      481     484     486     485     0.      0.
CQUAD4   4071    22      476     481     485     477     0.      0.
CQUAD4   4072    22      452     453     488     487     0.      0.
CQUAD4   4073    22      453     454     489     488     0.      0.
CQUAD4   4074    22      454     455     490     489     0.      0.
CQUAD4   4075    22      455     449     473     490     0.      0.
CQUAD4   4076    22      487     488     491     456     0.      0.
CQUAD4   4077    22      488     489     492     491     0.      0.
CQUAD4   4078    22      489     490     493     492     0.      0.
CQUAD4   4079    22      490     473     477     493     0.      0.
CQUAD4   4080    22      456     491     495     494     0.      0.
CQUAD4   4081    22      491     492     496     495     0.      0.
CQUAD4   4082    22      492     493     497     496     0.      0.
CQUAD4   4083    22      494     495     498     457     0.      0.
CQUAD4   4084    22      495     496     499     498     0.      0.
CQUAD4   4085    22      496     497     500     499     0.      0.
CQUAD4   4086    22      497     485     486     500     0.      0.
CQUAD4   4087    22      493     477     485     497     0.      0.
CQUAD4   4088    22      458     459     502     501     0.      0.
CQUAD4   4089    22      459     460     503     502     0.      0.
CQUAD4   4090    22      460     461     504     503     0.      0.
CQUAD4   4091    22      461     462     505     504     0.      0.
CQUAD4   4092    22      501     502     506     463     0.      0.
CQUAD4   4093    22      502     503     507     506     0.      0.
CQUAD4   4094    22      503     504     508     507     0.      0.
CQUAD4   4095    22      504     505     509     508     0.      0.
CQUAD4   4096    22      463     506     511     510     0.      0.
CQUAD4   4097    22      506     507     512     511     0.      0.
CQUAD4   4098    22      507     508     513     512     0.      0.
CQUAD4   4099    22      510     511     482     451     0.      0.
CQUAD4   4100    22      511     512     483     482     0.      0.
CQUAD4   4101    22      512     513     484     483     0.      0.
CQUAD4   4102    22      513     514     486     484     0.      0.
CQUAD4   4103    22      508     509     514     513     0.      0.
CQUAD4   4104    22      464     515     516     465     0.      0.
CQUAD4   4105    22      465     516     517     466     0.      0.
CQUAD4   4106    22      466     517     518     467     0.      0.
CQUAD4   4107    22      467     518     505     462     0.      0.
CQUAD4   4108    22      515     468     519     516     0.      0.
CQUAD4   4109    22      516     519     520     517     0.      0.
CQUAD4   4110    22      517     520     521     518     0.      0.
CQUAD4   4111    22      518     521     509     505     0.      0.
CQUAD4   4112    22      468     522     523     519     0.      0.
CQUAD4   4113    22      519     523     524     520     0.      0.
CQUAD4   4114    22      520     524     525     521     0.      0.
CQUAD4   4115    22      522     457     498     523     0.      0.
CQUAD4   4116    22      523     498     499     524     0.      0.
CQUAD4   4117    22      524     499     500     525     0.      0.
CQUAD4   4118    22      525     500     486     514     0.      0.
CQUAD4   4119    22      521     525     514     509     0.      0.
$ Elements and Element Properties for region : 06_t-rig-base
PSHELL   23      1       .005    1               1
$ Pset: "06_t-rig-base" will be imported as: "pshell.23"
CQUAD4   1008    23      109     200     201     111     0.      0.
CQUAD4   1010    23      106     202     203     107     0.      0.
CQUAD4   1022    23      121     123     208     207     0.      0.
CQUAD4   1024    23      119     120     210     209     0.      0.
CQUAD4   1036    23      133     135     214     213     0.      0.
CQUAD4   1038    23      130     131     216     215     0.      0.
CQUAD4   1050    23      141     219     220     143     0.      0.
CQUAD4   1052    23      139     221     222     140     0.      0.
$ Elements and Element Properties for region : 07_t-bandejas
PSHELL*  24              1               6.9999998-4     1
*                        1
$ Pset: "07_t-bandejas" will be imported as: "pshell.24"
CQUAD4   1000    24      100     101     103     102     0.      0.
CQUAD4   1001    24      102     103     105     104     0.      0.
CQUAD4   1002    24      106     100     102     107     0.      0.
CQUAD4   1003    24      107     102     104     108     0.      0.
CQUAD4   1004    24      109     110     112     111     0.      0.
CQUAD4   1005    24      111     112     100     106     0.      0.
CQUAD4   1006    24      110     113     114     112     0.      0.
CQUAD4   1007    24      112     114     101     100     0.      0.
CQUAD4   1014    24      115     117     118     116     0.      0.
CQUAD4   1015    24      117     104     105     118     0.      0.
CQUAD4   1016    24      119     120     117     115     0.      0.
CQUAD4   1017    24      120     108     104     117     0.      0.
CQUAD4   1018    24      121     123     124     122     0.      0.
CQUAD4   1019    24      123     119     115     124     0.      0.
CQUAD4   1020    24      122     124     126     125     0.      0.
CQUAD4   1021    24      124     115     116     126     0.      0.
CQUAD4   1028    24      127     128     103     101     0.      0.
CQUAD4   1029    24      128     129     105     103     0.      0.
CQUAD4   1030    24      130     131     128     127     0.      0.
CQUAD4   1031    24      131     132     129     128     0.      0.
CQUAD4   1032    24      133     135     136     134     0.      0.
CQUAD4   1033    24      135     130     127     136     0.      0.
CQUAD4   1034    24      134     136     114     113     0.      0.
CQUAD4   1035    24      136     127     101     114     0.      0.
CQUAD4   1042    24      137     116     118     138     0.      0.
CQUAD4   1043    24      138     118     105     129     0.      0.
CQUAD4   1044    24      139     137     138     140     0.      0.
CQUAD4   1045    24      140     138     129     132     0.      0.
CQUAD4   1046    24      141     142     144     143     0.      0.
CQUAD4   1047    24      143     144     137     139     0.      0.
CQUAD4   1048    24      142     125     126     144     0.      0.
CQUAD4   1049    24      144     126     116     137     0.      0.
CQUAD4   2000    24      224     225     227     226     0.      0.
CQUAD4   2001    24      226     227     229     228     0.      0.
CQUAD4   2002    24      202     224     226     203     0.      0.
CQUAD4   2003    24      203     226     228     204     0.      0.
CQUAD4   2004    24      200     205     230     201     0.      0.
CQUAD4   2005    24      201     230     224     202     0.      0.
CQUAD4   2006    24      205     206     231     230     0.      0.
CQUAD4   2007    24      230     231     225     224     0.      0.
CQUAD4   2008    24      232     234     235     233     0.      0.
CQUAD4   2009    24      234     228     229     235     0.      0.
CQUAD4   2010    24      209     210     234     232     0.      0.
CQUAD4   2011    24      210     204     228     234     0.      0.
CQUAD4   2012    24      207     208     236     211     0.      0.
CQUAD4   2013    24      208     209     232     236     0.      0.
CQUAD4   2014    24      211     236     237     212     0.      0.
CQUAD4   2015    24      236     232     233     237     0.      0.
CQUAD4   2016    24      238     239     227     225     0.      0.
CQUAD4   2017    24      239     240     229     227     0.      0.
CQUAD4   2018    24      215     216     239     238     0.      0.
CQUAD4   2019    24      216     217     240     239     0.      0.
CQUAD4   2020    24      213     214     241     218     0.      0.
CQUAD4   2021    24      214     215     238     241     0.      0.
CQUAD4   2022    24      218     241     231     206     0.      0.
CQUAD4   2023    24      241     238     225     231     0.      0.
CQUAD4   2024    24      242     233     235     243     0.      0.
CQUAD4   2025    24      243     235     229     240     0.      0.
CQUAD4   2026    24      221     242     243     222     0.      0.
CQUAD4   2027    24      222     243     240     217     0.      0.
CQUAD4   2028    24      219     223     244     220     0.      0.
CQUAD4   2029    24      220     244     242     221     0.      0.
CQUAD4   2030    24      223     212     237     244     0.      0.
CQUAD4   2031    24      244     237     233     242     0.      0.
CQUAD4   4000    24      424     425     427     426     0.      0.
CQUAD4   4001    24      426     427     429     428     0.      0.
CQUAD4   4002    24      400     424     426     401     0.      0.
CQUAD4   4003    24      401     426     428     402     0.      0.
CQUAD4   4004    24      403     405     430     404     0.      0.
CQUAD4   4005    24      404     430     424     400     0.      0.
CQUAD4   4006    24      405     406     431     430     0.      0.
CQUAD4   4007    24      430     431     425     424     0.      0.
CQUAD4   4008    24      432     434     435     433     0.      0.
CQUAD4   4009    24      434     428     429     435     0.      0.
CQUAD4   4010    24      407     408     434     432     0.      0.
CQUAD4   4011    24      408     402     428     434     0.      0.
CQUAD4   4012    24      409     410     436     411     0.      0.
CQUAD4   4013    24      410     407     432     436     0.      0.
CQUAD4   4014    24      411     436     437     412     0.      0.
CQUAD4   4015    24      436     432     433     437     0.      0.
CQUAD4   4016    24      438     439     427     425     0.      0.
CQUAD4   4017    24      439     440     429     427     0.      0.
CQUAD4   4018    24      413     414     439     438     0.      0.
CQUAD4   4019    24      414     415     440     439     0.      0.
CQUAD4   4020    24      416     417     441     418     0.      0.
CQUAD4   4021    24      417     413     438     441     0.      0.
CQUAD4   4022    24      418     441     431     406     0.      0.
CQUAD4   4023    24      441     438     425     431     0.      0.
CQUAD4   4024    24      442     433     435     443     0.      0.
CQUAD4   4025    24      443     435     429     440     0.      0.
CQUAD4   4026    24      419     442     443     420     0.      0.
CQUAD4   4027    24      420     443     440     415     0.      0.
CQUAD4   4028    24      421     423     444     422     0.      0.
CQUAD4   4029    24      422     444     442     419     0.      0.
CQUAD4   4030    24      423     412     437     444     0.      0.
CQUAD4   4031    24      444     437     433     442     0.      0.
$ Elements and Element Properties for region : 09_A_t-boards-PSU
PSHELL   25      2       .0016   2               2
$ Pset: "09_A_t-boards-PSU" will be imported as: "pshell.25"
CQUAD4   10000   25      1000    1001    1004    1003    0.      0.
CQUAD4   10001   25      1001    1002    1005    1004    0.      0.
CQUAD4   10002   25      1003    1004    1007    1006    0.      0.
CQUAD4   10003   25      1004    1005    1008    1007    0.      0.
CQUAD4   10004   25      1002    1009    1011    1005    0.      0.
CQUAD4   10005   25      1009    1010    1012    1011    0.      0.
CQUAD4   10006   25      1005    1011    1013    1008    0.      0.
CQUAD4   10007   25      1011    1012    1014    1013    0.      0.
CQUAD4   10008   25      1000    1003    1017    1015    0.      0.
CQUAD4   10009   25      1015    1017    1018    1016    0.      0.
CQUAD4   10010   25      1003    1006    1019    1017    0.      0.
CQUAD4   10011   25      1017    1019    1020    1018    0.      0.
CQUAD4   10012   25      1016    1018    1023    1021    0.      0.
CQUAD4   10013   25      1021    1023    1024    1022    0.      0.
CQUAD4   10014   25      1018    1020    1025    1023    0.      0.
CQUAD4   10015   25      1023    1025    1026    1024    0.      0.
CQUAD4   10016   25      1027    1030    1031    1028    0.      0.
CQUAD4   10017   25      1028    1031    1032    1029    0.      0.
CQUAD4   10018   25      1030    1006    1007    1031    0.      0.
CQUAD4   10019   25      1031    1007    1008    1032    0.      0.
CQUAD4   10020   25      1029    1032    1035    1033    0.      0.
CQUAD4   10021   25      1033    1035    1036    1034    0.      0.
CQUAD4   10022   25      1032    1008    1013    1035    0.      0.
CQUAD4   10023   25      1035    1013    1014    1036    0.      0.
CQUAD4   10024   25      1027    1037    1039    1030    0.      0.
CQUAD4   10025   25      1037    1038    1040    1039    0.      0.
CQUAD4   10026   25      1030    1039    1019    1006    0.      0.
CQUAD4   10027   25      1039    1040    1020    1019    0.      0.
CQUAD4   10028   25      1038    1041    1042    1040    0.      0.
CQUAD4   10029   25      1041    1044    1043    1042    0.      0.
CQUAD4   10030   25      1040    1042    1025    1020    0.      0.
CQUAD4   10031   25      1042    1043    1026    1025    0.      0.
$ Elements and Element Properties for region : 09_B_t-boards-MOD
PSHELL   26      3       .0016   3               3
$ Pset: "09_B_t-boards-MOD" will be imported as: "pshell.26"
CQUAD4   20000   26      2000    2001    2004    2003    0.      0.
CQUAD4   20001   26      2001    2002    2005    2004    0.      0.
CQUAD4   20002   26      2003    2004    2007    2006    0.      0.
CQUAD4   20003   26      2004    2005    2008    2007    0.      0.
CQUAD4   20004   26      2002    2009    2011    2005    0.      0.
CQUAD4   20005   26      2009    2010    2012    2011    0.      0.
CQUAD4   20006   26      2005    2011    2013    2008    0.      0.
CQUAD4   20007   26      2011    2012    2014    2013    0.      0.
CQUAD4   20008   26      2000    2003    2017    2015    0.      0.
CQUAD4   20009   26      2015    2017    2018    2016    0.      0.
CQUAD4   20010   26      2003    2006    2019    2017    0.      0.
CQUAD4   20011   26      2017    2019    2020    2018    0.      0.
CQUAD4   20012   26      2016    2018    2023    2021    0.      0.
CQUAD4   20013   26      2021    2023    2024    2022    0.      0.
CQUAD4   20014   26      2018    2020    2025    2023    0.      0.
CQUAD4   20015   26      2023    2025    2026    2024    0.      0.
CQUAD4   20016   26      2027    2030    2031    2028    0.      0.
CQUAD4   20017   26      2028    2031    2032    2029    0.      0.
CQUAD4   20018   26      2030    2006    2007    2031    0.      0.
CQUAD4   20019   26      2031    2007    2008    2032    0.      0.
CQUAD4   20020   26      2029    2032    2035    2033    0.      0.
CQUAD4   20021   26      2033    2035    2036    2034    0.      0.
CQUAD4   20022   26      2032    2008    2013    2035    0.      0.
CQUAD4   20023   26      2035    2013    2014    2036    0.      0.
CQUAD4   20024   26      2027    2037    2039    2030    0.      0.
CQUAD4   20025   26      2037    2038    2040    2039    0.      0.
CQUAD4   20026   26      2030    2039    2019    2006    0.      0.
CQUAD4   20027   26      2039    2040    2020    2019    0.      0.
CQUAD4   20028   26      2038    2041    2043    2040    0.      0.
CQUAD4   20029   26      2041    2042    2044    2043    0.      0.
CQUAD4   20030   26      2040    2043    2025    2020    0.      0.
CQUAD4   20031   26      2043    2044    2026    2025    0.      0.
$ Elements and Element Properties for region : 09_C_t-boards-PROC
PSHELL   27      4       .0016   4               4
$ Pset: "09_C_t-boards-PROC" will be imported as: "pshell.27"
CQUAD4   40000   27      4000    4001    4004    4003    0.      0.
CQUAD4   40001   27      4001    4002    4005    4004    0.      0.
CQUAD4   40002   27      4003    4004    4007    4006    0.      0.
CQUAD4   40003   27      4004    4005    4008    4007    0.      0.
CQUAD4   40004   27      4002    4009    4011    4005    0.      0.
CQUAD4   40005   27      4009    4010    4012    4011    0.      0.
CQUAD4   40006   27      4005    4011    4013    4008    0.      0.
CQUAD4   40007   27      4011    4012    4014    4013    0.      0.
CQUAD4   40008   27      4000    4003    4017    4015    0.      0.
CQUAD4   40009   27      4015    4017    4018    4016    0.      0.
CQUAD4   40010   27      4003    4006    4019    4017    0.      0.
CQUAD4   40011   27      4017    4019    4020    4018    0.      0.
CQUAD4   40012   27      4016    4018    4023    4021    0.      0.
CQUAD4   40013   27      4021    4023    4024    4022    0.      0.
CQUAD4   40014   27      4018    4020    4025    4023    0.      0.
CQUAD4   40015   27      4023    4025    4026    4024    0.      0.
CQUAD4   40016   27      4027    4030    4031    4028    0.      0.
CQUAD4   40017   27      4028    4031    4032    4029    0.      0.
CQUAD4   40018   27      4030    4006    4007    4031    0.      0.
CQUAD4   40019   27      4031    4007    4008    4032    0.      0.
CQUAD4   40020   27      4029    4032    4035    4033    0.      0.
CQUAD4   40021   27      4033    4035    4036    4034    0.      0.
CQUAD4   40022   27      4032    4008    4013    4035    0.      0.
CQUAD4   40023   27      4035    4013    4014    4036    0.      0.
CQUAD4   40024   27      4027    4037    4039    4030    0.      0.
CQUAD4   40025   27      4037    4038    4040    4039    0.      0.
CQUAD4   40026   27      4030    4039    4019    4006    0.      0.
CQUAD4   40027   27      4039    4040    4020    4019    0.      0.
CQUAD4   40028   27      4038    4041    4043    4040    0.      0.
CQUAD4   40029   27      4041    4042    4044    4043    0.      0.
CQUAD4   40030   27      4040    4043    4025    4020    0.      0.
CQUAD4   40031   27      4043    4044    4026    4025    0.      0.
$ Elements and Element Properties for region : 09_D_t-boards-FPGA
PSHELL   28      5       .0016   5               5
$ Pset: "09_D_t-boards-FPGA" will be imported as: "pshell.28"
CQUAD4   30000   28      3000    3001    3004    3003    0.      0.
CQUAD4   30001   28      3001    3002    3005    3004    0.      0.
CQUAD4   30002   28      3003    3004    3007    3006    0.      0.
CQUAD4   30003   28      3004    3005    3008    3007    0.      0.
CQUAD4   30004   28      3002    3009    3011    3005    0.      0.
CQUAD4   30005   28      3009    3010    3012    3011    0.      0.
CQUAD4   30006   28      3005    3011    3013    3008    0.      0.
CQUAD4   30007   28      3011    3012    3014    3013    0.      0.
CQUAD4   30008   28      3000    3003    3017    3015    0.      0.
CQUAD4   30009   28      3015    3017    3018    3016    0.      0.
CQUAD4   30010   28      3003    3006    3019    3017    0.      0.
CQUAD4   30011   28      3017    3019    3020    3018    0.      0.
CQUAD4   30012   28      3016    3018    3023    3021    0.      0.
CQUAD4   30013   28      3021    3023    3024    3022    0.      0.
CQUAD4   30014   28      3018    3020    3025    3023    0.      0.
CQUAD4   30015   28      3023    3025    3026    3024    0.      0.
CQUAD4   30016   28      3027    3030    3031    3028    0.      0.
CQUAD4   30017   28      3028    3031    3032    3029    0.      0.
CQUAD4   30018   28      3030    3006    3007    3031    0.      0.
CQUAD4   30019   28      3031    3007    3008    3032    0.      0.
CQUAD4   30020   28      3029    3032    3035    3033    0.      0.
CQUAD4   30021   28      3033    3035    3036    3034    0.      0.
CQUAD4   30022   28      3032    3008    3013    3035    0.      0.
CQUAD4   30023   28      3035    3013    3014    3036    0.      0.
CQUAD4   30024   28      3027    3037    3039    3030    0.      0.
CQUAD4   30025   28      3037    3038    3040    3039    0.      0.
CQUAD4   30026   28      3030    3039    3019    3006    0.      0.
CQUAD4   30027   28      3039    3040    3020    3019    0.      0.
CQUAD4   30028   28      3038    3041    3043    3040    0.      0.
CQUAD4   30029   28      3041    3042    3044    3043    0.      0.
CQUAD4   30030   28      3040    3043    3025    3020    0.      0.
CQUAD4   30031   28      3043    3044    3026    3025    0.      0.
$ Elements and Element Properties for region : 07_t-bandejas_FPGA
PSHELL*  29              6               6.9999998-4     6
*                        6
$ Pset: "07_t-bandejas_FPGA" will be imported as: "pshell.29"
CQUAD4   3000    29      324     325     327     326     0.      0.
CQUAD4   3001    29      326     327     329     328     0.      0.
CQUAD4   3002    29      300     324     326     301     0.      0.
CQUAD4   3003    29      301     326     328     302     0.      0.
CQUAD4   3004    29      303     305     330     304     0.      0.
CQUAD4   3005    29      304     330     324     300     0.      0.
CQUAD4   3006    29      305     306     331     330     0.      0.
CQUAD4   3007    29      330     331     325     324     0.      0.
CQUAD4   3008    29      332     334     335     333     0.      0.
CQUAD4   3009    29      334     328     329     335     0.      0.
CQUAD4   3010    29      307     308     334     332     0.      0.
CQUAD4   3011    29      308     302     328     334     0.      0.
CQUAD4   3012    29      309     310     336     311     0.      0.
CQUAD4   3013    29      310     307     332     336     0.      0.
CQUAD4   3014    29      311     336     337     312     0.      0.
CQUAD4   3015    29      336     332     333     337     0.      0.
CQUAD4   3016    29      338     339     327     325     0.      0.
CQUAD4   3017    29      339     340     329     327     0.      0.
CQUAD4   3018    29      313     314     339     338     0.      0.
CQUAD4   3019    29      314     315     340     339     0.      0.
CQUAD4   3020    29      316     317     341     318     0.      0.
CQUAD4   3021    29      317     313     338     341     0.      0.
CQUAD4   3022    29      318     341     331     306     0.      0.
CQUAD4   3023    29      341     338     325     331     0.      0.
CQUAD4   3024    29      342     333     335     343     0.      0.
CQUAD4   3025    29      343     335     329     340     0.      0.
CQUAD4   3026    29      319     342     343     320     0.      0.
CQUAD4   3027    29      320     343     340     315     0.      0.
CQUAD4   3028    29      321     323     344     322     0.      0.
CQUAD4   3029    29      322     344     342     319     0.      0.
CQUAD4   3030    29      323     312     337     344     0.      0.
CQUAD4   3031    29      344     337     333     342     0.      0.
$ Referenced Material Records
$ Material Record : Al_7075-T7351
$ Description of Material :
MAT1,1,3.7885598933E+10,,3.3000000000E-01,4.4837736036E+03
$ Material Record : PCB_PSU
$ Description of Material :
MAT1,2,8.0000000000E+10,,3.3000000000E-01,9.7306420680E+03
$ Material Record : PCB_MOD
$ Description of Material :
MAT1,3,8.0000000000E+10,,3.3000000000E-01,9.7306420680E+03
$ Material Record : PCB_PROC
$ Description of Material :
MAT1,4,8.0000000000E+10,,3.3000000000E-01,9.7306420680E+03
$ Material Record : PCB_FPGA
$ Description of Material :
MAT1,5,4.0000000000E+10,,3.3000000000E-01,9.7306420680E+03
$ Material Record : Bandeja_FPGA
$ Description of Material :
MAT1,6,3.7885598933E+10,,3.3000000000E-01,4.4837736036E+03
$ Multipoint Constraints of the Entire Model
RBE2     400027  17      123456  109     111     200     201
RBE2     400028  15      123456  106     107     202     203
RBE2     400029  13      123456  119     120     209     210
RBE2     400030  11      123456  121     123     207     208
RBE2     400031  10      123456  141     143     219     220
RBE2     400032  12      123456  139     140     221     222
RBE2     400033  14      123456  130     131     215     216
RBE2     400034  16      123456  133     135     213     214
$ Nodes of the Entire Model
GRID*    1                               -.1017500013113-.09324999898672
*        -.001
GRID*    2                               -.1017500013113.093249998986721
*        -.001
GRID*    3                              -.03457999974489-.09324999898672
*        -.001
GRID*    4                              -.03457999974489.093249998986721
*        -.001
GRID*    5                              .034579999744892-.09324999898672
*        -.001
GRID*    6                              .034579999744892.093249998986721
*        -.001
GRID*    7                              .101750001311302-.09324999898672
*        -.001
GRID*    8                              .101750001311302.093249998986721
*        -.001
GRID*    10                              -.1017500013113-.09324999898672
*        0.
GRID*    11                              -.1017500013113.093249998986721
*        0.
GRID*    12                             -.03457999974489-.09324999898672
*        0.
GRID*    13                             -.03457999974489.093249998986721
*        0.
GRID*    14                             .034579999744892-.09324999898672
*        0.
GRID*    15                             .034579999744892.093249998986721
*        0.
GRID*    16                             .101750001311302-.09324999898672
*        0.
GRID*    17                             .101750001311302.093249998986721
*        0.
GRID*    100                            .053374998271465.041625998914242
*       3.46944695195-18
GRID*    101                            .053374998271465-2.3198781784-10
*       3.46944695195-18
GRID*    102                            .026687497273088.041625998914242
*       3.46944695195-18
GRID*    103                            .026687497273088-2.3198781784-10
*       3.46944695195-18
GRID*    104                             0.             .041625998914242
*       3.46944695195-18
GRID*    105                             0.             -2.3198781784-10
*       3.46944695195-18
GRID*    106                            .053374998271465.085749998688698
*        0.
GRID*    107                            .026687497273088.085749998688698
*        0.
GRID*    108                             0.             .085749998688698
*        0.
GRID*    109                            .109250001609325.085749998688698
*        0.
GRID*    110                            .109250001609325.041625998914242
*        -3.469446952-18
GRID*    111                            .081312499940395.085749998688698
*        0.
GRID*    112                            .081312499940395.041625998914242
*        -2.2479538231-9
GRID*    113                            .109250001609325 -1.242719927-9
*        -3.469446952-18
GRID*    114                            .081312499940395 -1.2427198159-9
*        -4.368643669-9
GRID*    115                            -.05337499827147.041625998914242
*       3.46944695195-18
GRID*    116                            -.05337499827147-2.3198781784-10
*       3.46944695195-18
GRID*    117                            -.02668749727309.041625998914242
*       3.46944695195-18
GRID*    118                            -.02668749727309-2.3198781784-10
*       3.46944695195-18
GRID*    119                            -.05337499827147.085749998688698
*        0.
GRID*    120                            -.02668749727309.085749998688698
*        0.
GRID*    121                            -.10925000160933.085749998688698
*        0.
GRID*    122                            -.10925000160933.041625998914242
*        -3.469446952-18
GRID*    123                             -.0813124999404.085749998688698
*        0.
GRID*    124                             -.0813124999404.041625998914242
*        -2.2479538231-9
GRID*    125                            -.10925000160933 -1.242719927-9
*        -3.469446952-18
GRID*    126                             -.0813124999404 -1.2427198159-9
*        -4.368643669-9
GRID*    127                            .053374998271465-.04162599891424
*       3.46944695195-18
GRID*    128                            .026687497273088-.04162599891424
*       3.46944695195-18
GRID*    129                             0.             -.04162599891424
*       3.46944695195-18
GRID*    130                            .053374998271465 -.0857499986887
*        0.
GRID*    131                            .026687497273088 -.0857499986887
*        0.
GRID*    132                             0.              -.0857499986887
*        0.
GRID*    133                            .109250001609325 -.0857499986887
*        0.
GRID*    134                            .109250001609325-.04162599891424
*        -3.469446952-18
GRID*    135                            .081312499940395 -.0857499986887
*        0.
GRID*    136                            .081312499940395-.04162599891424
*        -2.2479538231-9
GRID*    137                            -.05337499827147-.04162599891424
*       3.46944695195-18
GRID*    138                            -.02668749727309-.04162599891424
*       3.46944695195-18
GRID*    139                            -.05337499827147 -.0857499986887
*        0.
GRID*    140                            -.02668749727309 -.0857499986887
*        0.
GRID*    141                            -.10925000160933 -.0857499986887
*        0.
GRID*    142                            -.10925000160933-.04162599891424
*        -3.469446952-18
GRID*    143                             -.0813124999404 -.0857499986887
*        0.
GRID*    144                             -.0813124999404-.04162599891424
*        -2.2479538231-9
GRID*    200                            .109250001609325.085749998688698
*       .031500000506639
GRID*    201                            .081312499940395.085749998688698
*       .031500000506639
GRID*    202                            .053374998271465.085749998688698
*       .031500000506639
GRID*    203                            .026687497273088.085749998688698
*       .031500000506639
GRID*    204                             0.             .085749998688698
*       .031500000506639
GRID*    205                            .109250001609325.041625998914242
*       .031500000506639
GRID*    206                            .109250001609325 0.
*        .03150000423193
GRID*    207                            -.10925000160933.085749998688698
*       .031500000506639
GRID*    208                             -.0813124999404.085749998688698
*       .031500000506639
GRID*    209                            -.05337499827147.085749998688698
*       .031500000506639
GRID*    210                            -.02668749727309.085749998688698
*       .031500000506639
GRID*    211                            -.10925000160933.041625998914242
*       .031500000506639
GRID*    212                            -.10925000160933 0.
*        .03150000423193
GRID*    213                            .109250001609325 -.0857499986887
*       .031500000506639
GRID*    214                            .081312499940395 -.0857499986887
*       .031500000506639
GRID*    215                            .053374998271465 -.0857499986887
*       .031500000506639
GRID*    216                            .026687497273088 -.0857499986887
*       .031500000506639
GRID*    217                             0.              -.0857499986887
*       .031500000506639
GRID*    218                            .109250001609325-.04162599891424
*       .031500000506639
GRID*    219                            -.10925000160933 -.0857499986887
*       .031500000506639
GRID*    220                             -.0813124999404 -.0857499986887
*       .031500000506639
GRID*    221                            -.05337499827147 -.0857499986887
*       .031500000506639
GRID*    222                            -.02668749727309 -.0857499986887
*       .031500000506639
GRID*    223                            -.10925000160933-.04162599891424
*       .031500000506639
GRID*    224                            .053374998271465.041625998914242
*        .0315
GRID*    225                            .053374998271465-2.3198781784-10
*        .0315
GRID*    226                            .026687497273088.041625998914242
*        .0315
GRID*    227                            .026687497273088-2.3198781784-10
*        .0315
GRID*    228                             0.             .041625998914242
*        .0315
GRID*    229                             0.             -2.3198781784-10
*        .0315
GRID*    230                            .081312499940395.041625998914242
*       .031499997752046
GRID*    231                            .081312499940395 -1.2427198159-9
*       .031499995631356
GRID*    232                            -.05337499827147.041625998914242
*        .0315
GRID*    233                            -.05337499827147-2.3198781784-10
*        .0315
GRID*    234                            -.02668749727309.041625998914242
*        .0315
GRID*    235                            -.02668749727309-2.3198781784-10
*        .0315
GRID*    236                             -.0813124999404.041625998914242
*       .031499997752046
GRID*    237                             -.0813124999404 -1.2427198159-9
*       .031499995631356
GRID*    238                            .053374998271465-.04162599891424
*        .0315
GRID*    239                            .026687497273088-.04162599891424
*        .0315
GRID*    240                             0.             -.04162599891424
*        .0315
GRID*    241                            .081312499940395-.04162599891424
*       .031499997752046
GRID*    242                            -.05337499827147-.04162599891424
*        .0315
GRID*    243                            -.02668749727309-.04162599891424
*        .0315
GRID*    244                             -.0813124999404-.04162599891424
*       .031499997752046
GRID*    300                            .053374998271465.085749998688698
*       .061500001698732
GRID*    301                            .026687497273088.085749998688698
*       .061500001698732
GRID*    302                             -1.8688961489-9.085749998688698
*       .061500001698732
GRID*    303                            .109250001609325.085749998688698
*       .061500001698732
GRID*    304                            .081312499940395.085749998688698
*       .061500001698732
GRID*    305                            .109250001609325.041625998914242
*       .061500001698732
GRID*    306                            .109250001609325 -1.466890942-9
*       .061500001698732
GRID*    307                            -.05337499827147.085749998688698
*       .061500001698732
GRID*    308                            -.02668749727309.085749998688698
*       .061500001698732
GRID*    309                            -.10925000160933.085749998688698
*       .061500001698732
GRID*    310                             -.0813124999404.085749998688698
*       .061500001698732
GRID*    311                            -.10925000160933.041625998914242
*       .061500001698732
GRID*    312                            -.10925000160933 -1.466890942-9
*       .061500001698732
GRID*    313                            .053374998271465 -.0857499986887
*       .061500001698732
GRID*    314                            .026687497273088 -.0857499986887
*       .061500001698732
GRID*    315                             -1.8688961489-9 -.0857499986887
*       .061500001698732
GRID*    316                            .109250001609325 -.0857499986887
*       .061500001698732
GRID*    317                            .081312499940395 -.0857499986887
*       .061500001698732
GRID*    318                            .109250001609325-.04162599891424
*       .061500001698732
GRID*    319                            -.05337499827147 -.0857499986887
*       .061500001698732
GRID*    320                            -.02668749727309 -.0857499986887
*       .061500001698732
GRID*    321                            -.10925000160933 -.0857499986887
*       .061500001698732
GRID*    322                             -.0813124999404 -.0857499986887
*       .061500001698732
GRID*    323                            -.10925000160933-.04162599891424
*       .061500001698732
GRID*    324                            .053374998271465.041625998914242
*        .0615
GRID*    325                            .053374998271465-2.3198781784-10
*        .0615
GRID*    326                            .026687497273088.041625998914242
*        .0615
GRID*    327                            .026687497273088-2.3198781784-10
*        .0615
GRID*    328                             0.             .041625998914242
*        .0615
GRID*    329                             0.             -2.3198781784-10
*        .0615
GRID*    330                            .081312499940395.041625998914242
*       .061499997752046
GRID*    331                            .081312499940395 -1.2427198159-9
*       .061499995631356
GRID*    332                            -.05337499827147.041625998914242
*        .0615
GRID*    333                            -.05337499827147-2.3198781784-10
*        .0615
GRID*    334                            -.02668749727309.041625998914242
*        .0615
GRID*    335                            -.02668749727309-2.3198781784-10
*        .0615
GRID*    336                             -.0813124999404.041625998914242
*       .061499997752046
GRID*    337                             -.0813124999404 -1.2427198159-9
*       .061499995631356
GRID*    338                            .053374998271465-.04162599891424
*        .0615
GRID*    339                            .026687497273088-.04162599891424
*        .0615
GRID*    340                             0.             -.04162599891424
*        .0615
GRID*    341                            .081312499940395-.04162599891424
*       .061499997752046
GRID*    342                            -.05337499827147-.04162599891424
*        .0615
GRID*    343                            -.02668749727309-.04162599891424
*        .0615
GRID*    344                             -.0813124999404-.04162599891424
*       .061499997752046
GRID*    400                            .053374998271465.085749998688698
*       .091500001698732
GRID*    401                            .026687497273088.085749998688698
*       .091500001698732
GRID*    402                             -1.8688961489-9.085749998688698
*       .091500001698732
GRID*    403                            .109250001609325.085749998688698
*       .091500001698732
GRID*    404                            .081312499940395.085749998688698
*       .091500001698732
GRID*    405                            .109250001609325.041625998914242
*       .091500001698732
GRID*    406                            .109250001609325 -1.466890942-9
*       .091500001698732
GRID*    407                            -.05337499827147.085749998688698
*       .091500001698732
GRID*    408                            -.02668749727309.085749998688698
*       .091500001698732
GRID*    409                            -.10925000160933.085749998688698
*       .091500001698732
GRID*    410                             -.0813124999404.085749998688698
*       .091500001698732
GRID*    411                            -.10925000160933.041625998914242
*       .091500001698732
GRID*    412                            -.10925000160933 -1.466890942-9
*       .091500001698732
GRID*    413                            .053374998271465 -.0857499986887
*       .091500001698732
GRID*    414                            .026687497273088 -.0857499986887
*       .091500001698732
GRID*    415                             -1.8688961489-9 -.0857499986887
*       .091500001698732
GRID*    416                            .109250001609325 -.0857499986887
*       .091500001698732
GRID*    417                            .081312499940395 -.0857499986887
*       .091500001698732
GRID*    418                            .109250001609325-.04162599891424
*       .091500001698732
GRID*    419                            -.05337499827147 -.0857499986887
*       .091500001698732
GRID*    420                            -.02668749727309 -.0857499986887
*       .091500001698732
GRID*    421                            -.10925000160933 -.0857499986887
*       .091500001698732
GRID*    422                             -.0813124999404 -.0857499986887
*       .091500001698732
GRID*    423                            -.10925000160933-.04162599891424
*       .091500001698732
GRID*    424                            .053374998271465.041625998914242
*        .0915
GRID*    425                            .053374998271465-2.3198781784-10
*        .0915
GRID*    426                            .026687497273088.041625998914242
*        .0915
GRID*    427                            .026687497273088-2.3198781784-10
*        .0915
GRID*    428                             0.             .041625998914242
*        .0915
GRID*    429                             0.             -2.3198781784-10
*        .0915
GRID*    430                            .081312499940395.041625998914242
*       .091499997752046
GRID*    431                            .081312499940395 -1.2427198159-9
*       .091499995631356
GRID*    432                            -.05337499827147.041625998914242
*        .0915
GRID*    433                            -.05337499827147-2.3198781784-10
*        .0915
GRID*    434                            -.02668749727309.041625998914242
*        .0915
GRID*    435                            -.02668749727309-2.3198781784-10
*        .0915
GRID*    436                             -.0813124999404.041625998914242
*       .091499997752046
GRID*    437                             -.0813124999404 -1.2427198159-9
*       .091499995631356
GRID*    438                            .053374998271465-.04162599891424
*        .0915
GRID*    439                            .026687497273088-.04162599891424
*        .0915
GRID*    440                             0.             -.04162599891424
*        .0915
GRID*    441                            .081312499940395-.04162599891424
*       .091499997752046
GRID*    442                            -.05337499827147-.04162599891424
*        .0915
GRID*    443                            -.02668749727309-.04162599891424
*        .0915
GRID*    444                             -.0813124999404-.04162599891424
*       .091499997752046
GRID*    445                            .109250001609325.085749998688698
*       .123400002717972
GRID*    446                            .081312499940395.085749998688698
*       .123400002717972
GRID*    447                            .053374998271465.085749998688698
*       .123400002717972
GRID*    448                            .026687497273088.085749998688698
*       .123400002717972
GRID*    449                             -1.8688961489-9.085749998688698
*       .123400002717972
GRID*    450                            .109250001609325.041625998914242
*       .123400002717972
GRID*    451                            .109250001609325 -1.466890942-9
*       .123400002717972
GRID*    452                            -.10925000160933.085749998688698
*       .123400002717972
GRID*    453                             -.0813124999404.085749998688698
*       .123400002717972
GRID*    454                            -.05337499827147.085749998688698
*       .123400002717972
GRID*    455                            -.02668749727309.085749998688698
*       .123400002717972
GRID*    456                            -.10925000160933.041625998914242
*       .123400002717972
GRID*    457                            -.10925000160933 -1.466890942-9
*       .123400002717972
GRID*    458                            .109250001609325 -.0857499986887
*       .123400002717972
GRID*    459                            .081312499940395 -.0857499986887
*       .123400002717972
GRID*    460                            .053374998271465 -.0857499986887
*       .123400002717972
GRID*    461                            .026687497273088 -.0857499986887
*       .123400002717972
GRID*    462                             -1.8688961489-9 -.0857499986887
*       .123400002717972
GRID*    463                            .109250001609325-.04162599891424
*       .123400002717972
GRID*    464                            -.10925000160933 -.0857499986887
*       .123400002717972
GRID*    465                             -.0813124999404 -.0857499986887
*       .123400002717972
GRID*    466                            -.05337499827147 -.0857499986887
*       .123400002717972
GRID*    467                            -.02668749727309 -.0857499986887
*       .123400002717972
GRID*    468                            -.10925000160933-.04162599891424
*       .123400002717972
GRID*    469                            .109250001609325 .06368799507618
*       .123400002717972
GRID*    470                            .081312499940395 .06368799507618
*       .123400002717972
GRID*    471                            .053374998271465 .06368799507618
*       .123400002717972
GRID*    472                            .026687497273088 .06368799507618
*       .123400002717972
GRID*    473                             -3.7315412982-9 .06368799507618
*       .123400002717972
GRID*    474                            .081312499940395.041625998914242
*       .123400002717972
GRID*    475                            .053374998271465.041625995188951
*       .123400002717972
GRID*    476                            .026687497273088.041625998914242
*       .123400002717972
GRID*    477                             -3.7315412982-9.041625998914242
*       .123400002717972
GRID*    478                            .109250001609325.020813997834921
*       .123400002717972
GRID*    479                            .081312499940395.020813997834921
*       .123400002717972
GRID*    480                            .053374998271465.020813992246985
*       .123400010168552
GRID*    481                            .026687497273088.020813992246985
*       .123400002717972
GRID*    482                            .081312499940395 -1.2427198159-9
*       .123399995267391
GRID*    483                            .053374998271465 -2.9683342451-9
*       .123400010168552
GRID*    484                            .026687497273088 1.6306573869-9
*       .123400002717972
GRID*    485                             -2.7269124979-9.020813992246985
*       .123400002717972
GRID*    486                             -2.7269124979-9 1.6306573869-9
*       .123400002717972
GRID*    487                            -.10925000160933 .06368799507618
*       .123400002717972
GRID*    488                             -.0813124999404 .06368799507618
*       .123400002717972
GRID*    489                            -.05337499827147 .06368799507618
*       .123400002717972
GRID*    490                            -.02668749727309 .06368799507618
*       .123400002717972
GRID*    491                             -.0813124999404.041625998914242
*       .123400002717972
GRID*    492                            -.05337499827147.041625995188951
*       .123400002717972
GRID*    493                            -.02668749727309.041625998914242
*       .123400002717972
GRID*    494                            -.10925000160933.020813997834921
*       .123400002717972
GRID*    495                             -.0813124999404.020813997834921
*       .123400002717972
GRID*    496                            -.05337499827147.020813992246985
*       .123400010168552
GRID*    497                            -.02668749727309.020813992246985
*       .123400002717972
GRID*    498                             -.0813124999404 -1.2427198159-9
*       .123399995267391
GRID*    499                            -.05337499827147 -2.9683342451-9
*       .123400010168552
GRID*    500                            -.02668749727309 1.6306573869-9
*       .123400002717972
GRID*    501                            .109250001609325-.06368799507618
*       .123400002717972
GRID*    502                            .081312499940395-.06368799507618
*       .123400002717972
GRID*    503                            .053374998271465-.06368799507618
*       .123400002717972
GRID*    504                            .026687497273088-.06368799507618
*       .123400002717972
GRID*    505                             -3.7315412982-9-.06368799507618
*       .123400002717972
GRID*    506                            .081312499940395-.04162599891424
*       .123400002717972
GRID*    507                            .053374998271465-.04162599518895
*       .123400002717972
GRID*    508                            .026687497273088-.04162599891424
*       .123400002717972
GRID*    509                             -3.7315412982-9-.04162599891424
*       .123400002717972
GRID*    510                            .109250001609325-.02081399783492
*       .123400002717972
GRID*    511                            .081312499940395-.02081399783492
*       .123400002717972
GRID*    512                            .053374998271465-.02081399224699
*       .123400010168552
GRID*    513                            .026687497273088-.02081399224699
*       .123400002717972
GRID*    514                             -2.7269124979-9-.02081399224699
*       .123400002717972
GRID*    515                            -.10925000160933-.06368799507618
*       .123400002717972
GRID*    516                             -.0813124999404-.06368799507618
*       .123400002717972
GRID*    517                            -.05337499827147-.06368799507618
*       .123400002717972
GRID*    518                            -.02668749727309-.06368799507618
*       .123400002717972
GRID*    519                             -.0813124999404-.04162599891424
*       .123400002717972
GRID*    520                            -.05337499827147-.04162599518895
*       .123400002717972
GRID*    521                            -.02668749727309-.04162599891424
*       .123400002717972
GRID*    522                            -.10925000160933-.02081399783492
*       .123400002717972
GRID*    523                             -.0813124999404-.02081399783492
*       .123400002717972
GRID*    524                            -.05337499827147-.02081399224699
*       .123400010168552
GRID*    525                            -.02668749727309-.02081399224699
*       .123400002717972
GRID*    1000                            0.             .081749998033047
*        .00815000012517
GRID*    1001                           .026687500998378.081749998033047
*        .00815000012517
GRID*    1002                           .053375001996756.081749998033047
*        .00815000012517
GRID*    1003                            0.             .041625998914242
*        .00815000012517
GRID*    1004                           .026687500998378.041625998914242
*        .00815000012517
GRID*    1005                           .053375001996756.041625998914242
*        .00815000012517
GRID*    1006                            0.              0.
*        .00815000012517
GRID*    1007                           .026687500998378 0.
*        .00815000012517
GRID*    1008                           .053375001996756 0.
*        .00815000012517
GRID*    1009                            .07931250333786.081749998033047
*       .008150001056492
GRID*    1010                           .105250008404255.081749998033047
*       .008150001056492
GRID*    1011                            .07931250333786.041625998914242
*       .008150001056492
GRID*    1012                           .105250008404255.041625998914242
*       .008150001056492
GRID*    1013                            .07931250333786 0.
*        .00815000012517
GRID*    1014                           .105250008404255 0.
*        .00815000012517
GRID*    1015                           -.02668750099838.081749998033047
*        .00815000012517
GRID*    1016                           -.05337500199676.081749998033047
*        .00815000012517
GRID*    1017                           -.02668750099838.041625998914242
*        .00815000012517
GRID*    1018                           -.05337500199676.041625998914242
*        .00815000012517
GRID*    1019                           -.02668750099838 0.
*        .00815000012517
GRID*    1020                           -.05337500199676 0.
*        .00815000012517
GRID*    1021                           -.07931250333786.081749998033047
*       .008150001056492
GRID*    1022                           -.10525000840425.081749998033047
*       .008150001056492
GRID*    1023                           -.07931250333786.041625998914242
*       .008150001056492
GRID*    1024                           -.10525000840425.041625998914242
*       .008150001056492
GRID*    1025                           -.07931250333786 0.
*        .00815000012517
GRID*    1026                           -.10525000840425 0.
*        .00815000012517
GRID*    1027                            0.             -.08174999803305
*        .00815000012517
GRID*    1028                           .026687500998378-.08174999803305
*        .00815000012517
GRID*    1029                           .053375001996756-.08174999803305
*        .00815000012517
GRID*    1030                            0.             -.04162599891424
*        .00815000012517
GRID*    1031                           .026687500998378-.04162599891424
*        .00815000012517
GRID*    1032                           .053375001996756-.04162599891424
*        .00815000012517
GRID*    1033                            .07931250333786-.08174999803305
*       .008150001056492
GRID*    1034                           .105250008404255-.08174999803305
*       .008150001056492
GRID*    1035                            .07931250333786-.04162599891424
*       .008150001056492
GRID*    1036                           .105250008404255-.04162599891424
*       .008150001056492
GRID*    1037                           -.02668750099838-.08174999803305
*        .00815000012517
GRID*    1038                           -.05337500199676-.08174999803305
*        .00815000012517
GRID*    1039                           -.02668750099838-.04162599891424
*        .00815000012517
GRID*    1040                           -.05337500199676-.04162599891424
*        .00815000012517
GRID*    1041                           -.07931250333786-.08174999803305
*       .008150001056492
GRID*    1042                           -.07931250333786-.04162599891424
*       .008150001056492
GRID*    1043                           -.10525000840425-.04162599891424
*       .008150001056492
GRID*    1044                           -.10525000840425-.08174999803305
*       .008150001056492
GRID*    2000                            0.             .081749998033047
*        .03945000012517
GRID*    2001                           .026687500998378.081749998033047
*        .03945000012517
GRID*    2002                           .053375001996756.081749998033047
*        .03945000012517
GRID*    2003                            0.             .041625998914242
*        .03945000012517
GRID*    2004                           .026687500998378.041625998914242
*        .03945000012517
GRID*    2005                           .053375001996756.041625998914242
*        .03945000012517
GRID*    2006                            0.              0.
*        .03945000012517
GRID*    2007                           .026687500998378 0.
*        .03945000012517
GRID*    2008                           .053375001996756 0.
*        .03945000012517
GRID*    2009                            .07931250333786.081749998033047
*       .039450001056492
GRID*    2010                           .105250008404255.081749998033047
*       .039450001056492
GRID*    2011                            .07931250333786.041625998914242
*       .039450001056492
GRID*    2012                           .105250008404255.041625998914242
*       .039450001056492
GRID*    2013                            .07931250333786 0.
*        .03945000012517
GRID*    2014                           .105250008404255 0.
*        .03945000012517
GRID*    2015                           -.02668750099838.081749998033047
*        .03945000012517
GRID*    2016                           -.05337500199676.081749998033047
*        .03945000012517
GRID*    2017                           -.02668750099838.041625998914242
*        .03945000012517
GRID*    2018                           -.05337500199676.041625998914242
*        .03945000012517
GRID*    2019                           -.02668750099838 0.
*        .03945000012517
GRID*    2020                           -.05337500199676 0.
*        .03945000012517
GRID*    2021                           -.07931250333786.081749998033047
*       .039450001056492
GRID*    2022                           -.10525000840425.081749998033047
*       .039450001056492
GRID*    2023                           -.07931250333786.041625998914242
*       .039450001056492
GRID*    2024                           -.10525000840425.041625998914242
*       .039450001056492
GRID*    2025                           -.07931250333786 0.
*        .03945000012517
GRID*    2026                           -.10525000840425 0.
*        .03945000012517
GRID*    2027                            0.             -.08174999803305
*        .03945000012517
GRID*    2028                           .026687500998378-.08174999803305
*        .03945000012517
GRID*    2029                           .053375001996756-.08174999803305
*        .03945000012517
GRID*    2030                            0.             -.04162599891424
*        .03945000012517
GRID*    2031                           .026687500998378-.04162599891424
*        .03945000012517
GRID*    2032                           .053375001996756-.04162599891424
*        .03945000012517
GRID*    2033                            .07931250333786-.08174999803305
*       .039450001056492
GRID*    2034                           .105250008404255-.08174999803305
*       .039450001056492
GRID*    2035                            .07931250333786-.04162599891424
*       .039450001056492
GRID*    2036                           .105250008404255-.04162599891424
*       .039450001056492
GRID*    2037                           -.02668750099838-.08174999803305
*        .03945000012517
GRID*    2038                           -.05337500199676-.08174999803305
*        .03945000012517
GRID*    2039                           -.02668750099838-.04162599891424
*        .03945000012517
GRID*    2040                           -.05337500199676-.04162599891424
*        .03945000012517
GRID*    2041                           -.07931250333786-.08174999803305
*       .039450001056492
GRID*    2042                           -.10525000840425-.08174999803305
*       .039450001056492
GRID*    2043                           -.07931250333786-.04162599891424
*       .039450001056492
GRID*    2044                           -.10525000840425-.04162599891424
*       .039450001056492
GRID*    3000                            0.             .081749998033047
*        .06945000012517
GRID*    3001                           .026687500998378.081749998033047
*        .06945000012517
GRID*    3002                           .053375001996756.081749998033047
*        .06945000012517
GRID*    3003                            0.             .041625998914242
*        .06945000012517
GRID*    3004                           .026687500998378.041625998914242
*        .06945000012517
GRID*    3005                           .053375001996756.041625998914242
*        .06945000012517
GRID*    3006                            0.              0.
*        .06945000012517
GRID*    3007                           .026687500998378 0.
*        .06945000012517
GRID*    3008                           .053375001996756 0.
*        .06945000012517
GRID*    3009                            .07931250333786.081749998033047
*       .069450001056492
GRID*    3010                           .105250008404255.081749998033047
*       .069450001056492
GRID*    3011                            .07931250333786.041625998914242
*       .069450001056492
GRID*    3012                           .105250008404255.041625998914242
*       .069450001056492
GRID*    3013                            .07931250333786 0.
*        .06945000012517
GRID*    3014                           .105250008404255 0.
*        .06945000012517
GRID*    3015                           -.02668750099838.081749998033047
*        .06945000012517
GRID*    3016                           -.05337500199676.081749998033047
*        .06945000012517
GRID*    3017                           -.02668750099838.041625998914242
*        .06945000012517
GRID*    3018                           -.05337500199676.041625998914242
*        .06945000012517
GRID*    3019                           -.02668750099838 0.
*        .06945000012517
GRID*    3020                           -.05337500199676 0.
*        .06945000012517
GRID*    3021                           -.07931250333786.081749998033047
*       .069450001056492
GRID*    3022                           -.10525000840425.081749998033047
*       .069450001056492
GRID*    3023                           -.07931250333786.041625998914242
*       .069450001056492
GRID*    3024                           -.10525000840425.041625998914242
*       .069450001056492
GRID*    3025                           -.07931250333786 0.
*        .06945000012517
GRID*    3026                           -.10525000840425 0.
*        .06945000012517
GRID*    3027                            0.             -.08174999803305
*        .06945000012517
GRID*    3028                           .026687500998378-.08174999803305
*        .06945000012517
GRID*    3029                           .053375001996756-.08174999803305
*        .06945000012517
GRID*    3030                            0.             -.04162599891424
*        .06945000012517
GRID*    3031                           .026687500998378-.04162599891424
*        .06945000012517
GRID*    3032                           .053375001996756-.04162599891424
*        .06945000012517
GRID*    3033                            .07931250333786-.08174999803305
*       .069450001056492
GRID*    3034                           .105250008404255-.08174999803305
*       .069450001056492
GRID*    3035                            .07931250333786-.04162599891424
*       .069450001056492
GRID*    3036                           .105250008404255-.04162599891424
*       .069450001056492
GRID*    3037                           -.02668750099838-.08174999803305
*        .06945000012517
GRID*    3038                           -.05337500199676-.08174999803305
*        .06945000012517
GRID*    3039                           -.02668750099838-.04162599891424
*        .06945000012517
GRID*    3040                           -.05337500199676-.04162599891424
*        .06945000012517
GRID*    3041                           -.07931250333786-.08174999803305
*       .069450001056492
GRID*    3042                           -.10525000840425-.08174999803305
*       .069450001056492
GRID*    3043                           -.07931250333786-.04162599891424
*       .069450001056492
GRID*    3044                           -.10525000840425-.04162599891424
*       .069450001056492
GRID*    4000                            0.             .081749998033047
*        .09945000012517
GRID*    4001                           .026687500998378.081749998033047
*        .09945000012517
GRID*    4002                           .053375001996756.081749998033047
*        .09945000012517
GRID*    4003                            0.             .041625998914242
*        .09945000012517
GRID*    4004                           .026687500998378.041625998914242
*        .09945000012517
GRID*    4005                           .053375001996756.041625998914242
*        .09945000012517
GRID*    4006                            0.              0.
*        .09945000012517
GRID*    4007                           .026687500998378 0.
*        .09945000012517
GRID*    4008                           .053375001996756 0.
*        .09945000012517
GRID*    4009                            .07931250333786.081749998033047
*       .099450001056492
GRID*    4010                           .105250008404255.081749998033047
*       .099450001056492
GRID*    4011                            .07931250333786.041625998914242
*       .099450001056492
GRID*    4012                           .105250008404255.041625998914242
*       .099450001056492
GRID*    4013                            .07931250333786 0.
*        .09945000012517
GRID*    4014                           .105250008404255 0.
*        .09945000012517
GRID*    4015                           -.02668750099838.081749998033047
*        .09945000012517
GRID*    4016                           -.05337500199676.081749998033047
*        .09945000012517
GRID*    4017                           -.02668750099838.041625998914242
*        .09945000012517
GRID*    4018                           -.05337500199676.041625998914242
*        .09945000012517
GRID*    4019                           -.02668750099838 0.
*        .09945000012517
GRID*    4020                           -.05337500199676 0.
*        .09945000012517
GRID*    4021                           -.07931250333786.081749998033047
*       .099450001056492
GRID*    4022                           -.10525000840425.081749998033047
*       .099450001056492
GRID*    4023                           -.07931250333786.041625998914242
*       .099450001056492
GRID*    4024                           -.10525000840425.041625998914242
*       .099450001056492
GRID*    4025                           -.07931250333786 0.
*        .09945000012517
GRID*    4026                           -.10525000840425 0.
*        .09945000012517
GRID*    4027                            0.             -.08174999803305
*        .09945000012517
GRID*    4028                           .026687500998378-.08174999803305
*        .09945000012517
GRID*    4029                           .053375001996756-.08174999803305
*        .09945000012517
GRID*    4030                            0.             -.04162599891424
*        .09945000012517
GRID*    4031                           .026687500998378-.04162599891424
*        .09945000012517
GRID*    4032                           .053375001996756-.04162599891424
*        .09945000012517
GRID*    4033                            .07931250333786-.08174999803305
*       .099450001056492
GRID*    4034                           .105250008404255-.08174999803305
*       .099450001056492
GRID*    4035                            .07931250333786-.04162599891424
*       .099450001056492
GRID*    4036                           .105250008404255-.04162599891424
*       .099450001056492
GRID*    4037                           -.02668750099838-.08174999803305
*        .09945000012517
GRID*    4038                           -.05337500199676-.08174999803305
*        .09945000012517
GRID*    4039                           -.02668750099838-.04162599891424
*        .09945000012517
GRID*    4040                           -.05337500199676-.04162599891424
*        .09945000012517
GRID*    4041                           -.07931250333786-.08174999803305
*       .099450001056492
GRID*    4042                           -.10525000840425-.08174999803305
*       .099450001056492
GRID*    4043                           -.07931250333786-.04162599891424
*       .099450001056492
GRID*    4044                           -.10525000840425-.04162599891424
*       .099450001056492
$ Loads for Load Case : Default
SPCADD   2       1
$ Displacement Constraints of Load Set : FIX_123456
SPC1     1       123456  1       THRU    8
$ Referenced Coordinate Frames
CORD2R   1               0.      0.      0.      -1.     0.      0.
         0.      0.      1.
ENDDATA e43856d8
