1
 
 
 
 
                      Warning: This computer program is protected by copyright law and international treaties.       
                  Unauthorized use, reproduction or distribution of this computer program, or any portion of it, may 
                                          result in severe civil and criminal penalties.                             
                         Copyright (C) 2026 Hexagon AB and/or its subsidiaries. All rights reserved.                 
 
 
                                              * * * * * * * * * * * * * * * * * * * *
                                              * * * * * * * * * * * * * * * * * * * *
                                              * *                                 * *
                                              * *           Hexagon AB            * *
                                              * *                                 * *
                                              * *                                 * *
                                              * *      M S C   N a s t r a n      * *
                                              * *                                 * *
                                              * *  S T U D E N T   E D I T I O N  * *
                                              * *                                 * *
                                              * *     Version 2025.2-bad99147     * *
                                              * *                                 * *
                                              * *                                 * *
                                              * *                                 * *
                                              * *          MAR  3, 2026           * *
                                              * *                                 * *
                                              * *              Intel              * *
                                              * *MODEL Intel(R) Core(TM) i7-8550U * *
                                              * *      Windows 11 10.0 26200      * *
                                              * *        Compiled for 8664        * *
                                              * *                                 * *
                                              * * * * * * * * * * * * * * * * * * * *
                                              * * * * * * * * * * * * * * * * * * * *

 
 
                                                 This Student Edition version is  
                                                    valid until NOV 15, 2027.     
 
 
                  This program is being distributed as part of the Hexagon AB Student Edition. Use of this program   
                     or its results at a commercial installation, for commercial purposes, or for production work    
                                             I S   S T R I C T L Y  P R O H I B I T E D.                             
                  ==================================== FOR EDUCATIONAL USE ONLY =====================================
 
 
1News file
  
               Welcome to MSC Nastran 2025.2
  
   MSC Nastran brings powerful new features and enhancements for engineering
   solutions in several releases through the year. Key enhancements in
   Version 2025.2 are summarized below. Additional details can be found in
   the MSC Nastran Version 2025.2 Release Guide.
  
     MSC Nastran 2025.2 Features and Enhancements
  
     Aeroelasticity
     - Mach1+ New Supersonic Panel Method now available in all aeroelasticity
       solutions
  
     SOL 400 Nonlinear (NLPERF) New Features and Enhancements
     - GPFORCE and ESE output for Nonlinear Statics and Nonlinear Transient
       analysis
     - Nonlinear transient analysis support
     - Enforced motion (SPCD/SPCR) with the Arc-Length Method
     - Contact support with the Arc-Length Method
     - Arbitrary DOF combination for all rigid elements
     - MSC Nastran (NLSTATIC) -Adams Co-simulation enabled
     - Improved contact output control
     - Element formulation summary output
     - Expanded total energy report
     - CGAP contact result output
  
     SOL 400 Nonlinear (CNLS)
     - MSC Nastran-scFlow Co-Simulation supports multiple interface group
       definitions
  
     High Performance Computing (HPC)
     - MUMPS linear solver added for frequency and transient response
     - UMFPack unsymmetric solver retired
  
     SOL 200 NEO Topology Optimization Enhancements
     - Dynamic response optimization with displacement (FRDISP) constraints
     - Enhanced optimizer for natural frequency/eigenvalue constraints
     - Maximum displacement constraint for design and non-design regions
  
     Linear
     - Linear Gap element introduced in SOL 101 (Statics)
     - Angled double-sided PBARL/PBEAML stiffener definition
  
     Frequency Analysis
     - MONPNT3 monitor point supported added in SOL 111 Random Response analysis
     - Frequency-dependent scaling for PBUSH via PBUSHT tables
     - Option to export structural damping matrix to AVL EXB file.
  
1    Rotor Dynamics
     - DMIG rotor matrices input at unit speed allowing frequency dependent
       and speed scaling entry for all rotor dynamic analysis. Supported in
       complex eigenvalue analysis and unbalance response in linear and
       nonlinear frequency and time domains
     - Bush element supports 6x6 frequency-dependent stiffness and damping
  
     Documentation
     - The complete documentation set is provided in a separate installer and
       when installed is available at: MSC_DOC_DIR/doc/pdf_nastran directory,
       where MSC_DOC_DIR is the directory where documentation was installed.
       This help set includes cross references between documents, and links to
       how-to videos, and example files
  
     Individual MSC Nastran documents are available for download from the
       Simcompanion Website at:
       http://simcompanion.hexagon.com/
  
     The documentation set includes the following:
  
         1.  MSC Nastran 2025.2 Installation and Operations Guide
         2.  MSC Nastran 2025.2 Quick Reference Guide
         3.  MSC Nastran 2025.2 Release Guide
         4.  MSC Nastran 2025.2 Linear Statics Analysis User's Guide
         5.  MSC Nastran 2025.2 Dynamic Analysis User's Guide
         6.  MSC Nastran 2025.2 Superelements User's Guide
         7.  MSC Nastran 2025.2 Rotor Dynamics User's Guide
         8.  MSC Nastran 2025.2 Demonstration Problems Manual
         9.  MSC Nastran 2025.2 MSC Nastran Embedded Fatigue User's Guide
        10.  MSC Nastran 2025.2 Design Sensitivity and Optimization
        11.  MSC Nastran 2025.2 Nonlinear User's Guide SOL 400
        12.  MSC Nastran 2025.2 DMAP Programmer's Guide
        13.  MSC Nastran 2025.2 High Performance Computing User's Guide
        14.  MSC Nastran 2025.2 New Verification Manual
        15.  MSC Nastran 2025.2 DEMATD Guide
        16.  MSC Nastran 2025.2 Explicit Nonlinear (SOL 700) User's Guide
        17.  MSC Nastran 2025.2 ACMS User's Guide
  
   Please refer to  MSC_DOC_DIR/doc/pdf_nastran/nastran_library.pdf
   for the complete document set:
  
   Additional information about the release can be found at the MSC Nastran
   Product Support page: http://simcompanion.hexagon.com
  
   The support page provides links to these valuable information:
      * A searchable Knowledge Base containing examples and answers to thousands
        of frequently asked questions written by MSC Software subject-matter
        experts.
      * Peer-to-peer Discussion Forums enabling you to post questions for your
        MSC Software products and receive answers from other users worldwide.
1     * A list of known issues with the product and any workarounds.
      * Instructions on how to contact technical support
      * A mechanism for sending us product feedback or enhancement requests.
      * Hardware and software requirements.
      * Examples and Tutorials
      * and much more.
  
   For information on training, please visit our Training web site
  
      https://hexagon.com/support-success/manufacturing-intelligence/
      design-engineering-support/training-materials
  
1                                                       **STUDENT EDITION*    APRIL  18, 2026  MSC Nastran  3/ 3/26   PAGE     1
                                                                                                                                    
0        N A S T R A N    F I L E    A N D    S Y S T E M    P A R A M E T E R    E C H O                                           
0                                                                                                                                   
                                                                                                                                    
                                                                                                                                    
     NASTRAN BUFFSIZE=8193 $(C:/PROGRAM FILES/MSC.SOFTWARE/NAPA_SE/20252/NASTRAN/CONF
     $ MSC.NASTRAN INPUT FILE CREATED ON APRIL     17, 2026 AT 18:13:48 BY           
     $ PATRAN 2025.2  (STUDENT EDITION)                                              
     $ DIRECT TEXT INPUT FOR NASTRAN SYSTEM CELL SECTION                             
     $ NORMAL MODES ANALYSIS, DATABASE                                               
1                                                       **STUDENT EDITION*    APRIL  18, 2026  MSC Nastran  3/ 3/26   PAGE     2
                                                                                                                                    
0        N A S T R A N    E X E C U T I V E    C O N T R O L    E C H O                                                             
0                                                                                                                                   
                                                                                                                                    
                                                                                                                                    
     SOL 103                                                                                 
     CEND                                                                                    
1                                                       **STUDENT EDITION*    APRIL  18, 2026  MSC Nastran  3/ 3/26   PAGE     3
                                                                                                                                    
0                                                                                                                                   
0                                        C A S E    C O N T R O L    E C H O                                                        
                 COMMAND                                                                                                            
                 COUNT                                                                                                              
                  1      ECHO = NONE                                                                             
                  2      $ USING NASTRAN DEFAULT VALUES FOR RESVEC                                               
                  3      SUBCASE 1                                                                               
                  4      $ SUBCASE NAME : DEFAULT                                                                
                  5         SUBTITLE=DEFAULT                                                                     
                  6         METHOD = 1                                                                           
                  7         SPC = 2                                                                              
                  8         VECTOR(SORT1,REAL)=ALL                                                               
                  9         SPCFORCES(SORT1,REAL)=ALL                                                            
                 10      BEGIN BULK                                                                              
1                                                       **STUDENT EDITION*    APRIL  18, 2026  MSC Nastran  3/ 3/26   PAGE     4
                                                                                                                                    
0                                                                                                                                   
                                              I N P U T   B U L K   D A T A   E C H O                                               
                 ENTRY                                                                                                              
                 COUNT        .   1  ..   2  ..   3  ..   4  ..   5  ..   6  ..   7  ..   8  ..   9  ..  10  .                      
 *** USER INFORMATION MESSAGE 9991 (SDLWIF)
     Messages are being generated at include level 0.
     File: c:/users/pablo castillo/desktop/muse/segundo cuatrimestre/estructuras/eue-trabajo-1/06_codigo/runs/041_al0.500_psu1.586_mod1.430_proc1.701_fpga1.102_bfpga3.063_eal1.020_emod0.950_efpga0.900/sfem_mass_fit.bdf
 *** USER WARNING MESSAGE 9994 (BULFUN)
     MAT1 with MID=1 near line 1870
     User information:  Material has unreasonable or inconsistent values of E, G or NU.
 *** USER WARNING MESSAGE 9994 (BULFUN)
     MAT1 with MID=3 near line 1878
     User information:  Material has unreasonable or inconsistent values of E, G or NU.
 *** USER WARNING MESSAGE 9994 (BULFUN)
     MAT1 with MID=5 near line 1886
     User information:  Material has unreasonable or inconsistent values of E, G or NU.
1                                                       **STUDENT EDITION*    APRIL  18, 2026  MSC Nastran  3/ 3/26   PAGE     5
                                                                                                                                    
0                                                                                                                                   
                                        M O D E L   S U M M A R Y          BULK = 0
                                   ENTRY NAME        NUMBER OF ENTRIES
                                   ----------        -----------------
                                         CBAR                      452
                                        CBUSH                      116
                                       CORD2R                        1
                                       CQUAD4                      416
                                        EIGRL                        1
                                         GRID                      457
                                      HDF5OUT                        1
                                         MAT1                        6
                                        PARAM                        1
                                        PBARL                       18
                                        PBUSH                        2
                                       PSHELL                        9
                                         RBE2                        8
                                         SPC1                        1
                                       SPCADD                        1

 ^^^     
 ^^^ >>> IFP OPERATIONS COMPLETE <<< 
 ^^^     
 *** USER INFORMATION MESSAGE 3 (crdb::nastran::Processor::writeInput)
 *** USER INFORMATION MESSAGE  (WRITE DATA BLOCK I4 PVT, TRAILER[101, 5, 0, 0, 0, 0, 0])
 *** USER INFORMATION MESSAGE 3 (crdb::nastran::Processor::writeInput)
 *** USER INFORMATION MESSAGE  (WRITE DATA BLOCK I4 CASECC, TRAILER[102, 1, 0, 1000, 0, 0, 0])
 *** USER INFORMATION MESSAGE 3 (crdb::nastran::Processor::writeInput)
 *** USER INFORMATION MESSAGE  (WRITE DATA BLOCK I4 CSTM, TRAILER[104, 457, 1, 1, 1, 12, 0])
 *** USER INFORMATION MESSAGE 3 (crdb::nastran::Processor::writeInput)
 *** USER INFORMATION MESSAGE  (WRITE DATA BLOCK I4 GEOM1Q, TRAILER[101, 0, 2048, 8, 0, 0, 0])
 *** USER INFORMATION MESSAGE 3 (crdb::nastran::Processor::writeInput)
 *** USER INFORMATION MESSAGE  (WRITE DATA BLOCK I4 EPT, TRAILER[101, 4, 4608, 0, 0, 0, 32])
 *** USER INFORMATION MESSAGE 3 (crdb::nastran::Processor::writeInput)
 *** USER INFORMATION MESSAGE  (WRITE DATA BLOCK I4 MPT, TRAILER[102, 32768, 0, 0, 0, 0, 0])
 *** USER INFORMATION MESSAGE 3 (crdb::nastran::Processor::writeInput)
 *** USER INFORMATION MESSAGE  (WRITE DATA BLOCK I4 GEOM2, TRAILER[103, 0, 320, 0, 8192, 0, 0])
 *** USER INFORMATION MESSAGE 3 (crdb::nastran::Processor::writeInput)
 *** USER INFORMATION MESSAGE  (WRITE DATA BLOCK I4 GEOM4S, TRAILER[105, 0, 0, 0, 96, 2048, 0])
 *** USER INFORMATION MESSAGE 3 (crdb::nastran::Processor::writeInput)
 *** USER INFORMATION MESSAGE  (DATA BLOCK GEOM4S IS NOT SUPPORTED)
 *** USER INFORMATION MESSAGE 3 (crdb::nastran::Processor::writeInput)
 *** USER INFORMATION MESSAGE  (WRITE DATA BLOCK I4 GEOM1, TRAILER[101, 0, 2048, 8, 0, 0, 0])
 *** USER INFORMATION MESSAGE 3 (crdb::nastran::Processor::writeInput)
 *** USER INFORMATION MESSAGE  (WRITE DATA BLOCK I4 DYNAMIC, TRAILER[102, 256, 0, 0, 0, 0, 0])
 *** USER INFORMATION MESSAGE 3 (crdb::nastran::Processor::writeInput)
 *** USER INFORMATION MESSAGE  (WRITE DATA BLOCK I4 EDT, TRAILER[103, 0, 0, 524288, 0, 0, 0])
 *** USER INFORMATION MESSAGE 3 (crdb::nastran::Processor::writeInput)
 *** USER INFORMATION MESSAGE  (WRITE DATA BLOCK I4 GEOM4, TRAILER[102, 0, 0, 0, 96, 2048, 0])
1                                                       **STUDENT EDITION*    APRIL  18, 2026  MSC Nastran  3/ 3/26   PAGE     6
                                                                                                                                    
0                                                                                                                                   
 *** USER INFORMATION MESSAGE 7310 (VECPRN)
     ORIGIN OF SUPERELEMENT OR MODULE BASIC COORDINATE SYSTEM WILL BE USED AS REFERENCE LOCATION.
     RESULTANTS ABOUT ORIGIN OF SUPERELEMENT OR MODULE BASIC COORDINATE SYSTEM IN SUPERELEMENT OR MODULE
     BASIC SYSTEM COORDINATES.
0                                                  OLOAD    RESULTANT       
  SUBCASE/    LOAD
  DAREA ID    TYPE       T1            T2            T3            R1            R2            R3
0        1     FX    0.000000E+00     ----          ----          ----       0.000000E+00  0.000000E+00                             
               FY       ----       0.000000E+00     ----       0.000000E+00     ----       0.000000E+00                             
               FZ       ----          ----       0.000000E+00  0.000000E+00  0.000000E+00     ----                                  
               MX       ----          ----          ----       0.000000E+00     ----          ----                                  
               MY       ----          ----          ----          ----       0.000000E+00     ----                                  
               MZ       ----          ----          ----          ----          ----       0.000000E+00                             
             TOTALS  0.000000E+00  0.000000E+00  0.000000E+00  0.000000E+00  0.000000E+00  0.000000E+00
 *** USER INFORMATION MESSAGE 5010 (LNCILS)
     STURM SEQUENCE DATA FOR EIGENVALUE EXTRACTION.
     TRIAL EIGENVALUE = 3.029052D+04, CYCLES = 2.769960D+01 THE STURM COUNT = 0
 *** USER INFORMATION MESSAGE 5010 (LNCILS)
     STURM SEQUENCE DATA FOR EIGENVALUE EXTRACTION.
     TRIAL EIGENVALUE = 7.695665D+06, CYCLES = 4.415127D+02 THE STURM COUNT = 10

 TABLE OF SHIFTS:  (LNNRIGL)
 SHIFT #        SHIFT VALUE         FREQUENCY, CYCLES     # EIGENVALUES BELOW    # NEW EIGENVALUES FOUND
     1.        3.0290519E+04          2.7699599E+01                 0                       12
     2.        7.6956654E+06          4.4151272E+02                10                        0

1                                                       **STUDENT EDITION*    APRIL  18, 2026  MSC Nastran  3/ 3/26   PAGE     7
                                                                                                                                    
0                                                                                                            SUBCASE 1              
0


                          E I G E N V A L U E  A N A L Y S I S   S U M M A R Y   (READ MODULE) 



                                     BLOCK SIZE USED ......................     7

                                     NUMBER OF DECOMPOSITIONS .............     2

                                     NUMBER OF ROOTS FOUND ................    10

                                     NUMBER OF SOLVES REQUIRED ............    11

1                                                       **STUDENT EDITION*    APRIL  18, 2026  MSC Nastran  3/ 3/26   PAGE     8
                                                                                                                                    
0                                                                                                            SUBCASE 1              
 
                                              R E A L   E I G E N V A L U E S
   MODE    EXTRACTION      EIGENVALUE            RADIANS             CYCLES            GENERALIZED         GENERALIZED
    NO.       ORDER                                                                       MASS              STIFFNESS
        1         1        1.439371E+06        1.199738E+03        1.909442E+02        1.000000E+00        1.439371E+06
        2         2        2.112220E+06        1.453348E+03        2.313075E+02        1.000000E+00        2.112220E+06
        3         3        2.302374E+06        1.517358E+03        2.414949E+02        1.000000E+00        2.302374E+06
        4         4        2.435608E+06        1.560643E+03        2.483841E+02        1.000000E+00        2.435608E+06
        5         5        4.249153E+06        2.061347E+03        3.280736E+02        1.000000E+00        4.249153E+06
        6         6        4.448153E+06        2.109064E+03        3.356680E+02        1.000000E+00        4.448153E+06
        7         7        6.235203E+06        2.497039E+03        3.974161E+02        1.000000E+00        6.235203E+06
        8         8        6.806971E+06        2.609017E+03        4.152380E+02        1.000000E+00        6.806971E+06
        9         9        7.099665E+06        2.664520E+03        4.240715E+02        1.000000E+00        7.099665E+06
       10        10        7.222559E+06        2.687482E+03        4.277260E+02        1.000000E+00        7.222559E+06
1                                                       **STUDENT EDITION*    APRIL  18, 2026  MSC Nastran  3/ 3/26   PAGE     9
                                                                                                                                    
0                                                                                                            SUBCASE 1              
 *** USER INFORMATION MESSAGE 7310 (VECPRN)
     ORIGIN OF SUPERELEMENT OR MODULE BASIC COORDINATE SYSTEM WILL BE USED AS REFERENCE LOCATION.
     RESULTANTS ABOUT ORIGIN OF SUPERELEMENT OR MODULE BASIC COORDINATE SYSTEM IN SUPERELEMENT OR MODULE
     BASIC SYSTEM COORDINATES.
0                                                  SPCFORCE RESULTANT       
  SUBCASE/    LOAD
  DAREA ID    TYPE       T1            T2            T3            R1            R2            R3
0        1     FX    4.187873E+00     ----          ----          ----      -4.187873E-03  1.775749E+02                             
               FY       ----       1.903819E+02     ----       1.903819E-01     ----      -1.691056E+02                             
               FZ       ----          ----       9.909117E+05  2.254058E+01  2.868730E+01     ----                                  
               MX       ----          ----          ----      -3.666890E+01     ----          ----                                  
               MY       ----          ----          ----          ----       9.505684E-01     ----                                  
               MZ       ----          ----          ----          ----          ----      -5.451523E-02                             
             TOTALS  4.187873E+00  1.903819E+02  9.909117E+05 -1.393794E+01  2.963368E+01  8.414815E+00
0        2     FX   -1.545709E+01     ----          ----          ----       1.545709E-02  1.957410E+01                             
               FY       ----      -1.855628E+01     ----      -1.855628E-02     ----      -1.992672E+01                             
               FZ       ----          ----      -1.602999E+06 -4.501930E+01  1.233779E+01     ----                                  
               MX       ----          ----          ----       4.471247E+01     ----          ----                                  
               MY       ----          ----          ----          ----      -1.647260E+01     ----                                  
               MZ       ----          ----          ----          ----          ----      -6.830101E-03                             
             TOTALS -1.545709E+01 -1.855628E+01 -1.602999E+06 -3.253817E-01 -4.119349E+00 -3.594540E-01
0        3     FX    3.657661E+01     ----          ----          ----      -3.657661E-02 -1.575723E+02                             
               FY       ----      -3.536679E+01     ----      -3.536679E-02     ----       1.565845E+02                             
               FZ       ----          ----       1.672505E+06  1.205720E+02 -2.116105E+00     ----                                  
               MX       ----          ----          ----      -1.155353E+02     ----          ----                                  
               MY       ----          ----          ----          ----       3.911104E+01     ----                                  
               MZ       ----          ----          ----          ----          ----       8.756385E-02                             
             TOTALS  3.657661E+01 -3.536679E+01  1.672505E+06  5.001340E+00  3.695836E+01 -9.002261E-01
0        4     FX    4.442905E+02     ----          ----          ----      -4.442905E-01  1.840278E+01                             
               FY       ----       1.274035E+02     ----       1.274035E-01     ----       5.657611E+00                             
               FZ       ----          ----       1.475332E+06  1.133931E+02  6.668921E+01     ----                                  
               MX       ----          ----          ----      -1.223951E+02     ----          ----                                  
               MY       ----          ----          ----          ----       6.368995E+02     ----                                  
               MZ       ----          ----          ----          ----          ----      -2.078597E-01                             
             TOTALS  4.442905E+02  1.274035E+02  1.475332E+06 -8.874606E+00  7.031444E+02  2.385253E+01
0        5     FX    4.223807E+04     ----          ----          ----      -4.223807E+01 -1.380051E+02                             
               FY       ----       1.375161E+02     ----       1.375161E-01     ----       1.618192E+02                             
               FZ       ----          ----       1.012152E+03  1.925309E+01 -1.423231E+05     ----                                  
               MX       ----          ----          ----      -3.965785E+01     ----          ----                                  
               MY       ----          ----          ----          ----      -3.763651E+03     ----                                  
               MZ       ----          ----          ----          ----          ----      -5.848075E-02                             
             TOTALS  4.223807E+04  1.375161E+02  1.012152E+03 -2.026725E+01 -1.461290E+05  2.375569E+01
0        6     FX    1.899922E+01     ----          ----          ----      -1.899922E-02  2.692143E+00                             
               FY       ----       4.158688E+01     ----       4.158688E-02     ----      -1.913190E+00                             
               FZ       ----          ----       5.908844E+05  1.043179E+01 -5.571744E+00     ----                                  
               MX       ----          ----          ----      -1.251095E+01     ----          ----                                  
               MY       ----          ----          ----          ----       2.143859E+00     ----                                  
               MZ       ----          ----          ----          ----          ----       2.657630E-03                             
             TOTALS  1.899922E+01  4.158688E+01  5.908844E+05 -2.037575E+00 -3.446884E+00  7.816105E-01
0        7     FX   -1.346914E+05     ----          ----          ----       1.346914E+02 -7.480875E+01                             
               FY       ----      -4.004994E+02     ----      -4.004994E-01     ----       7.113540E+01                             
               FZ       ----          ----      -1.380640E+03 -9.300381E+01  2.215399E+05     ----                                  
               MX       ----          ----          ----       1.083842E+02     ----          ----                                  
               MY       ----          ----          ----          ----       1.065213E+04     ----                                  
               MZ       ----          ----          ----          ----          ----      -4.246945E-04                             
             TOTALS -1.346914E+05 -4.004994E+02 -1.380640E+03  1.497988E+01  2.323267E+05 -3.673773E+00
0        8     FX   -6.449123E+04     ----          ----          ----       6.449123E+01  1.425939E+02                             
               FY       ----      -2.315450E+01     ----      -2.315450E-02     ----      -1.471730E+02                             
               FZ       ----          ----      -4.077575E+03 -1.672863E+02  2.534910E+05     ----                                  
               MX       ----          ----          ----       1.609171E+02     ----          ----                                  
               MY       ----          ----          ----          ----      -2.548651E+02     ----                                  
               MZ       ----          ----          ----          ----          ----      -1.009144E-01                             
             TOTALS -6.449123E+04 -2.315450E+01 -4.077575E+03 -6.392371E+00  2.533006E+05 -4.680038E+00
0        9     FX    8.091083E+02     ----          ----          ----      -8.091083E-01  3.145449E+02                             
               FY       ----      -2.758567E+04     ----      -2.758567E+01     ----      -3.479417E+02                             
               FZ       ----          ----      -8.004566E+02  1.131430E+05  9.704126E+00     ----                                  
               MX       ----          ----          ----      -1.006357E+04     ----          ----                                  
               MY       ----          ----          ----          ----      -2.948241E+01     ----                                  
               MZ       ----          ----          ----          ----          ----      -3.022891E-02                             
             TOTALS  8.091083E+02 -2.758567E+04 -8.004566E+02  1.030518E+05 -2.058739E+01 -3.342709E+01
0       10     FX   -4.135777E+04     ----          ----          ----       4.135777E+01 -2.163971E+02                             
               FY       ----      -7.136046E+02     ----      -7.136046E-01     ----       1.285507E+02                             
               FZ       ----          ----      -4.417030E+04  4.028800E+01  2.170931E+05     ----                                  
               MX       ----          ----          ----       4.330220E+01     ----          ----                                  
               MY       ----          ----          ----          ----      -3.890538E+03     ----                                  
               MZ       ----          ----          ----          ----          ----       3.093777E-01                             
             TOTALS -4.135777E+04 -7.136046E+02 -4.417030E+04  8.287660E+01  2.132439E+05 -8.753703E+01
1                                                       **STUDENT EDITION*    APRIL  18, 2026  MSC Nastran  3/ 3/26   PAGE    10
                                                                                                                                    
0                                                                                                            SUBCASE 1              
0                                                  MAXIMUM  SPCFORCES       
  SUBCASE/
  DAREA ID        T1             T2             T3             R1             R2             R3
0        1   3.3664050E+04  7.7100839E+04  1.3558702E+05  9.4916129E+02  1.0913454E+03  7.4698536E-01
0        2   3.1212317E+04  8.2426338E+04  2.2061912E+05  1.5288669E+03  1.2270614E+03  7.0784159E-01
0        3   2.0051213E+05  1.0409181E+05  2.7132132E+05  5.1130953E+03  1.7690851E+03  3.1486395E+00
0        4   1.7963023E+05  1.2960402E+05  2.4092302E+05  2.8176578E+03  5.8457682E+03  3.1413540E+00
0        5   7.4808023E+03  1.6666120E+05  3.0696128E+05  9.5397000E+02  5.2296469E+02  1.0002598E+00
0        6   1.4165393E+04  2.4062420E+04  9.8222011E+04  7.5572473E+02  5.5686404E+02  2.6219518E-01
0        7   2.6696008E+04  1.8633749E+05  4.8203438E+05  2.6247726E+03  1.4181494E+03  1.2912643E+00
0        8   2.0777201E+05  1.7600566E+05  4.8037586E+05  1.1583276E+04  2.2596955E+03  2.9104679E+00
0        9   2.2256813E+04  7.0927925E+03  2.1954671E+05  1.3416020E+03  4.5575111E+02  3.4093000E-01
0       10   1.4216065E+05  5.4408114E+04  4.0518619E+05  1.3922369E+04  5.4016350E+03  3.7243148E+00
1                                                       **STUDENT EDITION*    APRIL  18, 2026  MSC Nastran  3/ 3/26   PAGE    11
                                                                                                                                    
0                                                                                                            SUBCASE 1              
0                                                  MAXIMUM  DISPLACEMENTS   
  SUBCASE/
  DAREA ID        T1             T2             T3             R1             R2             R3
0        1   1.9281919E-02  1.3971165E-02  2.4593370E+00  4.9602730E+01  5.3943627E+01  7.2855055E+00
0        2   2.4552866E-02  1.6537221E-02  2.3242173E+00  4.6566585E+01  4.9001852E+01  7.7146890E+00
0        3   2.9517701E-02  8.7757707E-03  2.4021732E+00  4.8507205E+01  5.0581908E+01  1.0090304E+01
0        4   2.8031651E-02  9.5081588E-03  2.5193387E+00  5.1028182E+01  5.4952224E+01  8.7737239E+00
0        5   3.1800661E-02  1.0251628E-02  2.6158751E+00  5.7289752E+01  8.5984162E+01  1.4897001E+01
0        6   1.9523463E-02  1.8058470E-02  1.2759694E+01  1.9542338E+02  1.5027146E+02  5.8956884E-01
0        7   3.7189479E-02  1.7681008E-02  2.4634546E+00  5.3524565E+01  8.2009314E+01  2.1926883E+01
0        8   3.9088154E-02  5.3024344E-03  2.5570777E+00  5.6078441E+01  8.4518865E+01  7.5058883E+00
0        9   3.0400081E-03  2.1428228E-02  4.1563052E+00  7.5312091E+01  6.8373194E+01  2.0146096E+01
0       10   3.4070995E-02  5.2329664E-03  2.7013392E+00  5.9421876E+01  8.9638462E+01  6.6004716E+00
 *** USER INFORMATION MESSAGE 3 (crdb::nastran::Processor::writeOutput)
 *** USER INFORMATION MESSAGE  (WRITE DATA BLOCK I4 OLAMA, TRAILER[101, 10, 0, 0, 0, 0, 0])
1                                                       **STUDENT EDITION*    APRIL  18, 2026  MSC Nastran  3/ 3/26   PAGE    12
     DEFAULT                                                                                                                        
0                                                                                                            SUBCASE 1              
      EIGENVALUE =  1.439371E+06
          CYCLES =  1.909442E+02         R E A L   E I G E N V E C T O R   N O .          1
 
      POINT ID.   TYPE          T1             T2             T3             R1             R2             R3
             1      G      0.0            0.0            0.0            0.0            0.0            0.0
             2      G      0.0            0.0            0.0            0.0            0.0            0.0
             3      G      0.0            0.0            0.0            0.0            0.0            0.0
             4      G      0.0            0.0            0.0            0.0            0.0            0.0
             5      G      0.0            0.0            0.0            0.0            0.0            0.0
             6      G      0.0            0.0            0.0            0.0            0.0            0.0
             7      G      0.0            0.0            0.0            0.0            0.0            0.0
             8      G      0.0            0.0            0.0            0.0            0.0            0.0
            10      G     -6.619800E-06  -7.710305E-05  -1.355870E-04   4.414867E-06  -7.410210E-05   7.469854E-03
            11      G     -5.433838E-06   7.606459E-05  -1.349417E-04  -2.422720E-06  -6.963026E-05  -7.361397E-03
            12      G     -3.371778E-05   4.906653E-06  -1.124934E-04  -9.284775E-05  -1.074513E-04   1.005888E-03
            13      G     -3.193802E-05  -4.820386E-06  -1.113417E-04   9.195794E-05  -1.011238E-04  -8.074376E-04
            14      G      3.308732E-05   5.010103E-06  -1.124495E-04  -9.309617E-05   1.058441E-04  -9.214718E-04
            15      G      3.215845E-05  -4.847920E-06  -1.151208E-04   9.467610E-05   9.854542E-05   1.144381E-03
            16      G      6.294423E-06  -7.445423E-05  -1.348050E-04  -1.997970E-06   7.252655E-05  -7.325570E-03
            17      G      6.165001E-06   7.505203E-05  -1.341724E-04   2.973078E-06   7.529657E-05   7.340907E-03
           100      G      5.751291E-05   2.005509E-06  -4.389480E-03   9.543244E-02  -1.534122E-02   6.274664E-04
           101      G      1.016149E-04   5.675639E-07  -7.415263E-03  -1.354029E-05  -1.115473E-02   5.566985E-05
           102      G      3.034740E-05  -1.316049E-05  -4.762290E-03   1.074560E-01  -7.470182E-03  -1.357594E-04
           103      G      5.155674E-05   2.470318E-07  -8.129047E-03  -5.675180E-05  -2.275968E-02   2.432187E-06
           104      G      2.313506E-08   2.322988E-05  -5.092203E-03   1.054096E-01  -3.661094E-05  -4.044471E-05
           105      G     -3.795054E-07  -4.141044E-08  -8.695403E-03   1.830865E-06  -8.871585E-05   8.006004E-06
           106      G      4.074131E-05   1.666071E-05  -1.176830E-04   9.467610E-05   9.854542E-05   1.144381E-03
           107      G      4.074131E-05  -1.387995E-05  -1.150531E-04   9.467610E-05   9.854542E-05   1.144381E-03
           108      G      1.636236E-06  -4.564552E-05  -4.461928E-04  -5.196027E-03  -1.353977E-04   2.694768E-05
           109      G      6.122180E-05   1.301088E-04  -1.347595E-04   2.973078E-06   7.529657E-05   7.340907E-03
           110      G      1.036990E-04   4.646846E-04  -3.036394E-03   7.696164E-02  -8.341496E-03  -5.215453E-02
           111      G      6.122180E-05  -7.497777E-05  -1.326559E-04   2.973078E-06   7.529657E-05   7.340907E-03
           112      G      7.405776E-05   2.899709E-05  -3.685954E-03   8.746195E-02  -2.797700E-02   4.821373E-03
           113      G      1.147656E-04   1.732512E-07  -4.216768E-03  -6.427816E-04  -1.171602E-02   1.048864E-03
           114      G      1.780250E-04   8.372250E-07  -5.836153E-03  -3.024462E-05  -8.501972E-02  -2.448673E-04
           115      G     -5.749421E-05   9.556703E-07  -4.391574E-03   9.601349E-02   1.518386E-02  -7.842966E-04
           116      G     -1.027548E-04  -6.292841E-07  -7.419054E-03   2.652464E-05   1.097429E-02   6.901485E-06
           117      G     -2.970539E-05  -1.438046E-05  -4.761503E-03   1.077435E-01   7.376819E-03   1.236480E-04
           118      G     -5.257297E-05  -3.283620E-07  -8.130538E-03   6.980979E-06   2.270394E-02   1.311913E-05
           119      G     -3.799380E-05   1.035540E-05  -1.139320E-04   9.195794E-05  -1.011238E-04  -8.074376E-04
           120      G     -3.799380E-05  -1.119309E-05  -1.112333E-04   9.195794E-05  -1.011238E-04  -8.074376E-04
           121      G     -6.064432E-05   1.312751E-04  -1.354458E-04  -2.422720E-06  -6.963026E-05  -7.361397E-03
           122      G     -1.036590E-04   4.637318E-04  -3.041785E-03   7.662482E-02   7.916486E-03   5.350413E-02
           123      G     -6.064432E-05  -7.438397E-05  -1.335005E-04  -2.422720E-06  -6.963026E-05  -7.361397E-03
           124      G     -7.436018E-05   2.751702E-05  -3.690331E-03   8.760593E-02   2.814630E-02  -4.833881E-03
           125      G     -1.159952E-04  -1.913037E-06  -4.223210E-03  -3.491486E-05   1.147096E-02  -8.913785E-05
           126      G     -1.794438E-04  -1.011811E-06  -5.841059E-03   1.072837E-04   8.507578E-02   5.021752E-05
           127      G      5.701184E-05  -9.550357E-07  -4.388105E-03  -9.580014E-02  -1.510923E-02  -7.156481E-04
           128      G      2.943938E-05   1.399203E-05  -4.759469E-03  -1.076619E-01  -7.559520E-03   1.429515E-04
           129      G     -5.435162E-07  -2.340961E-05  -5.093661E-03  -1.054521E-01  -4.293007E-05   7.830839E-07
           130      G      3.999836E-05  -1.230896E-05  -1.151371E-04  -9.309617E-05   1.058441E-04  -9.214718E-04
           131      G      3.999836E-05   1.228282E-05  -1.123124E-04  -9.309617E-05   1.058441E-04  -9.214718E-04
           132      G     -4.881275E-07   4.602147E-05  -4.509835E-04   5.285271E-03  -4.821500E-06  -1.403309E-05
           133      G      6.123620E-05  -1.293960E-04  -1.353639E-04  -1.997970E-06   7.252655E-05  -7.325570E-03
1                                                       **STUDENT EDITION*    APRIL  18, 2026  MSC Nastran  3/ 3/26   PAGE    13
     DEFAULT                                                                                                                        
0                                                                                                            SUBCASE 1              
      EIGENVALUE =  1.439371E+06
          CYCLES =  1.909442E+02         R E A L   E I G E N V E C T O R   N O .          1
 
      POINT ID.   TYPE          T1             T2             T3             R1             R2             R3
           134      G      1.032408E-04  -4.611064E-04  -3.024917E-03  -7.625443E-02  -8.152380E-03   5.374911E-02
           135      G      6.123620E-05   7.526213E-05  -1.333377E-04  -1.997970E-06   7.252655E-05  -7.325570E-03
           136      G      7.377533E-05  -2.756603E-05  -3.683140E-03  -8.753820E-02  -2.852825E-02  -4.798669E-03
           137      G     -5.828863E-05  -1.743389E-06  -4.393415E-03  -9.571662E-02   1.509976E-02   6.834237E-04
           138      G     -3.058694E-05   1.343277E-05  -4.762405E-03  -1.076380E-01   7.381986E-03  -1.370087E-04
           139      G     -4.126194E-05  -1.399901E-05  -1.152093E-04  -9.284775E-05  -1.074513E-04   1.005888E-03
           140      G     -4.126194E-05   1.284563E-05  -1.123417E-04  -9.284775E-05  -1.074513E-04   1.005888E-03
           141      G     -6.264370E-05  -1.331270E-04  -1.361097E-04   4.414867E-06  -7.410210E-05   7.469854E-03
           142      G     -1.050894E-04  -4.664599E-04  -3.042511E-03  -7.657345E-02   8.148785E-03  -5.356761E-02
           143      G     -6.264370E-05   7.556210E-05  -1.340394E-04   4.414867E-06  -7.410210E-05   7.469854E-03
           144      G     -7.530635E-05  -2.947529E-05  -3.693706E-03  -8.756101E-02   2.810775E-02   4.839586E-03
           200      G      6.359365E-05   1.300152E-04  -1.347595E-04   2.973078E-06   7.529657E-05   7.340907E-03
           201      G      6.359365E-05  -7.507142E-05  -1.326559E-04   2.973078E-06   7.529657E-05   7.340907E-03
           202      G      4.384549E-05   1.367842E-05  -1.176830E-04   9.467610E-05   9.854542E-05   1.144381E-03
           203      G      4.384549E-05  -1.686224E-05  -1.150531E-04   9.467610E-05   9.854542E-05   1.144381E-03
           204      G     -7.380312E-06   7.363794E-05  -6.530015E-04   3.148321E-02   8.288832E-04   3.154321E-04
           205      G      3.869893E-04   1.996320E-04  -3.205067E-03   6.772139E-02  -3.601184E-02  -3.638660E-02
           206      G      4.275859E-04   1.282362E-05  -4.422525E-03   4.237206E-03  -4.558715E-02   8.571541E-03
           207      G     -6.283767E-05   1.313514E-04  -1.354458E-04  -2.422720E-06  -6.963026E-05  -7.361397E-03
           208      G     -6.283767E-05  -7.430766E-05  -1.335005E-04  -2.422720E-06  -6.963026E-05  -7.361397E-03
           209      G     -4.117920E-05   7.458726E-06  -1.139320E-04   9.195794E-05  -1.011238E-04  -8.074376E-04
           210      G     -4.117920E-05  -1.408976E-05  -1.112333E-04   9.195794E-05  -1.011238E-04  -8.074376E-04
           211      G     -3.962772E-04   2.038303E-04  -3.212789E-03   7.829577E-02   3.528040E-02   4.769337E-02
           212      G     -4.572878E-04  -5.188583E-06  -4.432479E-03  -9.651884E-06   4.757794E-02  -1.150998E-04
           213      G      6.352079E-05  -1.293331E-04  -1.353639E-04  -1.997970E-06   7.252655E-05  -7.325570E-03
           214      G      6.352079E-05   7.532507E-05  -1.333377E-04  -1.997970E-06   7.252655E-05  -7.325570E-03
           215      G      4.333245E-05  -9.376430E-06  -1.151371E-04  -9.309617E-05   1.058441E-04  -9.214718E-04
           216      G      4.333245E-05   1.521535E-05  -1.123124E-04  -9.309617E-05   1.058441E-04  -9.214718E-04
           217      G     -1.403319E-06  -6.741721E-05  -6.609071E-04  -3.145387E-02  -2.869007E-05   1.631376E-04
           218      G      3.943151E-04  -1.928506E-04  -3.194687E-03  -7.929405E-02  -3.571992E-02   4.934478E-02
           219      G     -6.497792E-05  -1.332660E-04  -1.361097E-04   4.414867E-06  -7.410210E-05   7.469854E-03
           220      G     -6.497792E-05   7.542303E-05  -1.340394E-04   4.414867E-06  -7.410210E-05   7.469854E-03
           221      G     -4.464665E-05  -1.107431E-05  -1.152093E-04  -9.284775E-05  -1.074513E-04   1.005888E-03
           222      G     -4.464665E-05   1.577033E-05  -1.123417E-04  -9.284775E-05  -1.074513E-04   1.005888E-03
           223      G     -3.957636E-04  -2.129279E-04  -3.212302E-03  -7.836555E-02   3.543416E-02  -4.823397E-02
           224      G      1.558088E-04  -7.881645E-06  -5.239112E-03   1.101791E-01  -1.723120E-02   2.281417E-03
           225      G      2.224703E-04   1.424134E-06  -8.869309E-03  -6.143344E-05  -2.210691E-02   2.763447E-04
           226      G      6.580582E-05  -5.342951E-06  -5.799624E-03   1.268730E-01  -2.377298E-02   6.018929E-06
           227      G      1.113312E-04   4.054286E-07  -9.787652E-03  -4.476899E-04  -2.586292E-02  -4.213516E-05
           228      G     -3.934839E-07   3.348226E-05  -6.513369E-03   9.986308E-02   1.312426E-04   2.145310E-05
           229      G     -4.035180E-08   6.709861E-07  -1.040134E-02   3.331999E-05  -5.041989E-04   1.298068E-05
           230      G      2.545517E-04   1.614777E-06  -4.332168E-03   9.460622E-02  -3.384837E-02   3.609994E-03
           231      G      3.642416E-04   6.460528E-07  -6.841468E-03   3.461730E-03  -9.495231E-02  -1.824221E-03
           232      G     -1.641391E-04  -9.763974E-06  -5.255417E-03   1.138855E-01   1.623613E-02  -2.421061E-03
           233      G     -2.191063E-04  -9.549111E-07  -8.940453E-03   1.997535E-05   2.058245E-02   3.865666E-05
           234      G     -7.134598E-05  -8.504021E-06  -5.802361E-03   1.284310E-01   2.386059E-02   2.176931E-06
           235      G     -1.102834E-04   4.887604E-08  -9.820825E-03  -1.562547E-05   2.484407E-02   3.205341E-05
           236      G     -2.650136E-04  -6.995294E-06  -4.357108E-03   1.022425E-01   3.607907E-02  -3.724652E-03
           237      G     -3.738177E-04  -2.501313E-06  -6.903132E-03   1.147063E-04   1.003951E-01   1.248871E-04
           238      G      1.592072E-04   8.968078E-06  -5.197300E-03  -1.127718E-01  -1.568095E-02  -2.459564E-03
1                                                       **STUDENT EDITION*    APRIL  18, 2026  MSC Nastran  3/ 3/26   PAGE    14
     DEFAULT                                                                                                                        
0                                                                                                            SUBCASE 1              
      EIGENVALUE =  1.439371E+06
          CYCLES =  1.909442E+02         R E A L   E I G E N V E C T O R   N O .          1
 
      POINT ID.   TYPE          T1             T2             T3             R1             R2             R3
           239      G      6.830767E-05   8.855673E-06  -5.760160E-03  -1.282967E-01  -2.525724E-02  -1.097860E-05
           240      G     -5.324731E-07  -3.218572E-05  -6.500492E-03  -1.010135E-01  -3.577957E-04  -5.544938E-05
           241      G      2.607669E-04   4.660723E-06  -4.326632E-03  -1.024199E-01  -3.368749E-02  -3.559458E-03
           242      G     -1.631555E-04   8.431527E-06  -5.250378E-03  -1.139632E-01   1.602171E-02   2.306011E-03
           243      G     -7.037883E-05   7.862549E-06  -5.791962E-03  -1.290256E-01   2.367695E-02   2.232199E-06
           244      G     -2.640519E-04   3.196800E-06  -4.356730E-03  -1.024228E-01   3.594342E-02   3.781659E-03
           300      G      3.469470E-04   2.049511E-03  -1.204219E-03   8.368780E-01   6.434423E-02  -2.282731E-01
           301      G      7.942919E-04   1.059111E-02  -1.466442E-03   1.984164E+00   8.891519E-02   8.599706E-02
           302      G      1.671000E-04   1.171731E-03  -1.902512E-03   1.063422E+00  -4.450949E-02   5.687175E-02
           303      G      3.042776E-04   2.756876E-04  -1.938952E-04   3.236919E-03  -1.033655E-01   2.320689E-02
           304      G      1.128531E-03   4.264588E-04  -4.663279E-04   2.550769E-01   3.739085E-01   6.832260E-02
           305      G      9.032545E-03   9.684047E-04  -4.454216E-03  -8.458860E-01  -2.073563E+00   1.369189E-02
           306      G      8.102584E-03   6.085931E-05  -6.551470E-03   1.019735E-02  -2.998495E+00   2.948097E-02
           307      G     -4.884799E-04   1.932205E-03  -1.216963E-03   7.961102E-01  -4.680577E-02   2.140143E-01
           308      G     -7.930153E-04   1.133459E-02  -1.443306E-03   2.105788E+00  -1.423066E-01  -8.541854E-02
           309      G     -1.123832E-04   2.196121E-04  -1.777007E-04  -3.785718E-03   6.829446E-02  -1.144631E-02
           310      G     -1.198083E-03   3.487896E-04  -4.037075E-04   3.148794E-01  -5.958129E-01  -6.060878E-02
           311      G     -9.263395E-03   1.078129E-03  -4.480967E-03  -1.348881E+00   2.119985E+00  -5.336152E-02
           312      G     -8.226475E-03  -1.339564E-05  -6.591023E-03   1.633783E-03   3.014890E+00  -2.436320E-04
           313      G      5.238350E-04  -2.018535E-03  -1.200371E-03  -7.665134E-01   4.432831E-02   2.167604E-01
           314      G      8.450896E-04  -1.145433E-02  -1.434368E-03  -2.078439E+00   1.517341E-01  -8.267658E-02
           315      G     -1.198594E-05  -1.130463E-03  -1.910700E-03  -1.005106E+00  -5.867462E-05   6.287877E-04
           316      G      1.565857E-04  -2.283354E-04  -1.802207E-04   1.313908E-02  -5.962897E-02  -8.373157E-03
           317      G      1.234670E-03  -4.016563E-04  -3.992791E-04  -2.861540E-01   5.923893E-01  -5.877844E-02
           318      G      9.238253E-03  -1.064648E-03  -4.470131E-03   1.352257E+00  -2.121107E+00  -4.583842E-02
           319      G     -5.411526E-04  -2.000242E-03  -1.209369E-03  -7.822321E-01  -4.530803E-02  -2.157962E-01
           320      G     -8.665332E-04  -1.144429E-02  -1.433479E-03  -2.087114E+00  -1.529441E-01   8.330070E-02
           321      G     -1.632875E-04  -2.560484E-04  -1.795972E-04   9.534565E-03   6.232613E-02   1.040650E-02
           322      G     -1.247467E-03  -4.079658E-04  -3.997975E-04  -3.017642E-01  -5.964841E-01   5.974037E-02
           323      G     -9.297248E-03  -1.106525E-03  -4.476359E-03   1.350773E+00   2.113399E+00   5.307651E-02
           324      G      3.700172E-03   6.139125E-03  -1.091250E+00   2.357691E+01  -1.012514E+01   1.466042E-01
           325      G      7.890788E-03  -5.390582E-05  -1.712190E+00   2.637233E-02  -2.852703E+00  -1.353600E-03
           326      G      9.964884E-04   1.245419E-03  -1.412652E+00   3.058288E+01  -7.620326E+00  -2.841696E-02
           327      G      8.149529E-03  -8.136952E-05  -2.176273E+00  -4.149161E-02  -1.528304E+01  -3.354903E-04
           328      G     -1.113679E-04   1.375089E-02  -1.549318E+00   3.326553E+01  -4.768183E-02  -1.621900E-02
           329      G     -3.602781E-05  -7.218791E-05  -2.459292E+00   1.174078E-02   8.525997E-04   3.288811E-03
           330      G      3.569969E-03   5.673052E-04  -5.318298E-01   1.231373E+01  -2.232568E+01   5.883925E-02
           331      G      1.915496E-02  -8.036561E-05  -8.844237E-01   3.614381E-02  -3.412072E+01  -2.996933E-03
           332      G     -3.683372E-03   6.224111E-03  -1.092963E+00   2.354606E+01   1.009701E+01  -1.424274E-01
           333      G     -7.987912E-03  -3.810938E-05  -1.715184E+00   6.049254E-03   2.860634E+00  -6.914479E-04
           334      G     -1.053946E-03   1.349638E-03  -1.414050E+00   3.047698E+01   7.604915E+00   2.722237E-02
           335      G     -8.216589E-03  -8.006884E-05  -2.177758E+00  -8.348044E-04   1.521633E+01  -1.662108E-03
           336      G     -3.653720E-03   4.844099E-04  -5.336128E-01   1.204535E+01   2.228781E+01  -5.939538E-02
           337      G     -1.928192E-02  -2.896750E-05  -8.861087E-01   3.604048E-03   3.416726E+01  -5.439173E-04
           338      G      3.647978E-03  -6.327292E-03  -1.091337E+00  -2.350819E+01  -1.008230E+01  -1.408095E-01
           339      G      1.001960E-03  -1.429694E-03  -1.412572E+00  -3.043400E+01  -7.615040E+00   2.901396E-02
           340      G     -2.730297E-05  -1.397117E-02  -1.549063E+00  -3.330098E+01  -2.451397E-02  -6.018045E-04
           341      G      3.630375E-03  -5.361917E-04  -5.328404E-01  -1.203417E+01  -2.225629E+01  -5.739778E-02
           342      G     -3.710697E-03  -6.311708E-03  -1.092942E+00  -2.355217E+01   1.009506E+01   1.422815E-01
           343      G     -1.062720E-03  -1.418003E-03  -1.413852E+00  -3.047937E+01   7.591916E+00  -2.889395E-02
1                                                       **STUDENT EDITION*    APRIL  18, 2026  MSC Nastran  3/ 3/26   PAGE    15
     DEFAULT                                                                                                                        
0                                                                                                            SUBCASE 1              
      EIGENVALUE =  1.439371E+06
          CYCLES =  1.909442E+02         R E A L   E I G E N V E C T O R   N O .          1
 
      POINT ID.   TYPE          T1             T2             T3             R1             R2             R3
           344      G     -3.685064E-03  -5.379361E-04  -5.335724E-01  -1.204910E+01   2.229015E+01   5.857767E-02
           400      G      1.933583E-04   4.250524E-05  -7.855699E-04   1.525762E-02  -2.305953E-02   1.970210E-02
           401      G      4.445557E-05   2.807629E-05  -1.428446E-03   4.684524E-03  -8.539267E-03  -9.734796E-03
           402      G      1.354105E-06   7.278369E-05  -1.357711E-03   2.107500E-02  -5.207637E-04   1.231605E-03
           403      G      2.773762E-04  -2.104415E-04  -6.164336E-04   2.318609E-02  -4.244087E-03   6.961872E-03
           404      G      1.313525E-04  -5.112415E-05  -6.489547E-04   1.518487E-02   7.095952E-03  -2.227078E-02
           405      G      8.123667E-05  -2.462094E-04  -3.341835E-03   6.058259E-02  -3.081431E-02   1.446730E-02
           406      G     -6.075764E-05  -2.477417E-05  -4.820918E-03   2.486807E-03  -1.866836E-02   1.723035E-03
           407      G     -1.809836E-04   5.136509E-05  -8.038784E-04   1.571873E-02   2.574179E-02  -2.105057E-02
           408      G     -2.219426E-05   1.711809E-05  -1.484621E-03   2.251087E-03   7.526584E-03   1.410051E-02
           409      G     -2.905583E-04  -1.939484E-04  -5.848927E-04   2.298440E-02   6.232888E-03  -8.338807E-03
           410      G     -1.211580E-04  -5.974988E-05  -5.880990E-04   1.163641E-02  -6.299484E-03   2.425506E-02
           411      G     -7.673167E-05  -2.477299E-04  -3.347566E-03   7.075924E-02   3.028041E-02  -1.885878E-02
           412      G      5.396981E-05  -1.443243E-05  -4.862387E-03   2.412689E-05   1.922578E-02  -9.372826E-05
           413      G      2.013121E-04  -1.018298E-04  -8.048069E-04  -1.496434E-02  -2.548164E-02  -2.088818E-02
           414      G      4.001174E-05  -6.822231E-05  -1.473559E-03  -1.313726E-03  -8.619192E-03   1.147295E-02
           415      G     -5.932301E-06  -1.301539E-04  -1.398276E-03  -2.086600E-02  -1.158306E-05   2.987662E-05
           416      G      3.163847E-04   1.707011E-04  -5.862695E-04  -2.309064E-02  -6.380699E-03  -7.655680E-03
           417      G      1.451466E-04   1.977568E-05  -5.852875E-04  -1.141170E-02   6.121357E-03   2.463178E-02
           418      G      7.770951E-05   2.244017E-04  -3.337630E-03  -7.026657E-02  -3.078515E-02  -1.832747E-02
           419      G     -2.116461E-04  -9.783268E-05  -8.007540E-04  -1.497696E-02   2.548690E-02   2.107904E-02
           420      G     -5.185142E-05  -6.619132E-05  -1.473465E-03  -1.311570E-03   8.728149E-03  -1.125764E-02
           421      G     -3.228743E-04   1.623624E-04  -5.817883E-04  -2.373205E-02   6.762837E-03   7.917319E-03
           422      G     -1.528708E-04   2.033939E-05  -5.842165E-04  -1.179919E-02  -6.142708E-03  -2.452970E-02
           423      G     -9.034271E-05   2.175035E-04  -3.349074E-03  -7.040928E-02   3.129052E-02   1.850851E-02
           424      G      9.904040E-06   3.294424E-05  -6.722748E-03   1.414493E-01  -3.302247E-02  -7.482603E-03
           425      G     -3.309193E-06  -2.705330E-05  -1.121571E-02   4.991719E-04  -1.536397E-02   1.711218E-04
           426      G      2.104342E-05   3.765586E-05  -7.825332E-03   1.557940E-01  -3.151490E-02  -5.459156E-04
           427      G      6.253983E-06  -2.794483E-05  -1.273606E-02   1.128598E-03  -5.138320E-02   4.325091E-06
           428      G      4.071101E-06   6.744215E-05  -8.426467E-03   1.566127E-01   3.072057E-04  -3.396574E-04
           429      G     -2.536466E-06  -2.858763E-05  -1.383712E-02   1.562632E-04  -3.398183E-05  -4.805583E-05
           430      G      5.511444E-05  -3.465136E-05  -5.032157E-03   1.070054E-01  -5.291096E-02  -3.365794E-03
           431      G     -1.747097E-05  -2.002753E-05  -8.091758E-03   2.896667E-03  -1.190943E-01  -4.221218E-04
           432      G     -8.153416E-06   3.401421E-05  -6.726727E-03   1.417695E-01   3.389693E-02   7.427506E-03
           433      G     -2.278546E-06  -2.402382E-05  -1.121402E-02   2.770229E-04   1.545513E-02  -1.135845E-04
           434      G     -2.055704E-05   3.784745E-05  -7.833694E-03   1.565068E-01   3.077567E-02   3.818230E-04
           435      G     -1.041556E-05  -2.630247E-05  -1.273928E-02   5.573625E-04   5.098997E-02  -8.439559E-05
           436      G     -5.564292E-05  -2.561805E-05  -4.998368E-03   1.155074E-01   5.345929E-02   3.299449E-03
           437      G      1.231177E-05  -1.951488E-05  -8.110508E-03   2.699382E-04   1.180214E-01  -2.089551E-04
           438      G      1.005574E-05  -8.305106E-05  -6.722459E-03  -1.414268E-01  -3.343501E-02   7.758744E-03
           439      G      1.910700E-05  -9.464155E-05  -7.828684E-03  -1.571013E-01  -3.184131E-02   5.672578E-04
           440      G     -4.221711E-06  -1.225933E-04  -8.440495E-03  -1.552180E-01   1.086604E-04  -5.294796E-05
           441      G      5.685248E-05  -1.568932E-05  -5.002146E-03  -1.159252E-01  -5.339432E-02   3.699462E-03
           442      G     -1.962402E-05  -8.048006E-05  -6.721058E-03  -1.417770E-01   3.371828E-02  -7.898835E-03
           443      G     -2.795335E-05  -9.265657E-05  -7.828214E-03  -1.570961E-01   3.151476E-02  -6.361124E-04
           444      G     -6.900527E-05  -1.342162E-05  -5.001599E-03  -1.154151E-01   5.295294E-02  -3.629682E-03
           445      G      1.564067E-04  -9.052172E-04  -7.591470E-04   3.924343E-02   1.057076E-03   2.054743E-02
           446      G      8.461444E-05  -3.084016E-04  -6.756531E-04   3.537879E-02   1.177392E-03  -5.836898E-03
           447      G     -2.468023E-05  -9.630568E-05  -9.175239E-04   4.610151E-02  -1.280094E-02  -1.623956E-02
           448      G     -2.018071E-05   1.107336E-06  -1.266129E-03   4.639749E-02  -1.222353E-02  -5.580928E-03
1                                                       **STUDENT EDITION*    APRIL  18, 2026  MSC Nastran  3/ 3/26   PAGE    16
     DEFAULT                                                                                                                        
0                                                                                                            SUBCASE 1              
      EIGENVALUE =  1.439371E+06
          CYCLES =  1.909442E+02         R E A L   E I G E N V E C T O R   N O .          1
 
      POINT ID.   TYPE          T1             T2             T3             R1             R2             R3
           449      G      4.160863E-06   1.662714E-05  -1.432756E-03   4.108685E-02  -6.469306E-04  -2.765766E-04
           450      G     -7.853632E-05  -7.003230E-04  -3.209945E-03   5.976956E-02   2.343924E-02   4.076445E-02
           451      G     -1.097382E-04  -1.213843E-05  -4.467759E-03  -2.694460E-04   5.242733E-02  -2.178068E-04
           452      G     -1.415226E-04  -9.158105E-04  -7.241362E-04   4.049783E-02  -9.959219E-04  -2.135111E-02
           453      G     -6.622465E-05  -3.119240E-04  -6.489721E-04   3.595672E-02  -1.549459E-04   5.783686E-03
           454      G      4.969012E-05  -9.817631E-05  -9.291889E-04   4.538040E-02   1.417449E-02   1.822243E-02
           455      G      3.133858E-05   1.571084E-07  -1.294943E-03   4.675580E-02   1.174484E-02   4.852692E-03
           456      G      9.239441E-05  -7.065774E-04  -3.218461E-03   6.029775E-02  -2.297115E-02  -4.139041E-02
           457      G      1.183592E-04  -1.339437E-05  -4.501814E-03   4.954735E-05  -5.287122E-02  -1.628862E-04
           458      G      1.541191E-04   8.853953E-04  -7.243687E-04  -4.015504E-02   8.426071E-04  -2.143590E-02
           459      G      7.818218E-05   2.817903E-04  -6.495842E-04  -3.558312E-02   3.164405E-04   5.529208E-03
           460      G     -3.993330E-05   6.834418E-05  -9.270641E-04  -4.469738E-02  -1.433874E-02   1.762895E-02
           461      G     -2.958989E-05  -2.932194E-05  -1.307276E-03  -4.596993E-02  -1.268858E-02   5.461445E-03
           462      G     -2.810937E-06  -4.559626E-05  -1.467072E-03  -3.994923E-02   3.947080E-05   3.609397E-05
           463      G     -8.351308E-05   6.736173E-04  -3.202980E-03  -5.960813E-02   2.372907E-02  -4.062598E-02
           464      G     -1.590489E-04   8.911190E-04  -7.193839E-04  -4.047872E-02  -7.853501E-04   2.128433E-02
           465      G     -8.353057E-05   2.843239E-04  -6.459887E-04  -3.580463E-02  -2.882595E-04  -5.580173E-03
           466      G      3.456434E-05   6.913471E-05  -9.239753E-04  -4.490178E-02   1.439159E-02  -1.765095E-02
           467      G      2.433968E-05  -2.924803E-05  -1.305725E-03  -4.607911E-02   1.276154E-02  -5.502369E-03
           468      G      8.601587E-05   6.805603E-04  -3.219508E-03  -6.040151E-02  -2.284546E-02   4.108489E-02
           469      G     -1.003706E-05  -6.681680E-04  -1.872384E-03   6.001576E-02   1.221710E-02  -2.265028E-02
           470      G     -3.515139E-05  -3.106823E-04  -1.972533E-03   8.081743E-02  -1.540128E-02  -5.609472E-03
           471      G     -3.552257E-05  -7.207552E-05  -2.436019E-03   7.323866E-02  -1.858163E-02  -1.744444E-03
           472      G     -2.474934E-05  -1.041428E-05  -2.915559E-03   8.337797E-02  -1.553397E-02  -4.670087E-04
           473      G      6.684837E-06   6.338549E-06  -3.074313E-03   8.136258E-02  -8.646389E-04   1.089282E-04
           474      G     -1.114415E-04  -1.955255E-04  -3.384667E-03   4.248708E-02  -3.027480E-02  -1.205308E-02
           475      G     -9.400481E-05  -6.849319E-05  -4.252259E-03   7.776038E-02  -3.338735E-02  -2.157902E-03
           476      G     -4.463168E-05  -8.139308E-06  -4.910974E-03   7.837708E-02  -1.662205E-02  -1.217039E-03
           477      G      6.747214E-06   2.344640E-07  -5.096126E-03   8.298672E-02  -3.978751E-04  -2.356993E-05
           478      G     -8.388994E-05  -2.824227E-04  -4.156045E-03   3.314858E-02   3.600736E-02  -9.587645E-03
           479      G     -1.741240E-04  -1.407589E-04  -4.334707E-03   4.382493E-02  -4.737246E-02  -1.140732E-03
           480      G     -1.267809E-04  -3.725328E-05  -5.582413E-03   4.218429E-02  -4.148130E-02  -1.794174E-03
           481      G     -6.527773E-05  -1.261976E-05  -6.361045E-03   4.855826E-02  -1.929708E-02  -6.923162E-04
           482      G     -1.702323E-04  -1.348280E-05  -4.681566E-03  -1.149288E-04  -5.089717E-02   2.857621E-05
           483      G     -1.463349E-04  -1.377110E-05  -6.041802E-03  -6.000258E-05  -5.012682E-02  -2.042786E-05
           484      G     -7.437021E-05  -1.408738E-05  -6.903321E-03   4.920627E-05  -1.581517E-02  -2.079116E-05
           485      G      5.730152E-06  -4.303155E-06  -6.585724E-03   4.642744E-02  -4.019135E-04  -1.905392E-05
           486      G      4.539731E-06  -1.442089E-05  -7.099400E-03   2.878880E-06  -3.527597E-04  -3.243723E-05
           487      G      2.588773E-05  -6.741001E-04  -1.863030E-03   6.100946E-02  -1.197789E-02   2.292284E-02
           488      G      5.176737E-05  -3.137206E-04  -1.969114E-03   8.188699E-02   1.621528E-02   5.588391E-03
           489      G      5.012184E-05  -7.451767E-05  -2.449979E-03   7.389571E-02   1.877025E-02   1.316366E-03
           490      G      3.966152E-05  -1.279995E-05  -2.943076E-03   8.346171E-02   1.574031E-02   6.349060E-04
           491      G      1.250490E-04  -1.978728E-04  -3.400046E-03   4.310099E-02   3.059769E-02   1.208522E-02
           492      G      1.075862E-04  -7.055938E-05  -4.278142E-03   7.823292E-02   3.362890E-02   2.164415E-03
           493      G      5.777377E-05  -9.659804E-06  -4.936045E-03   7.820003E-02   1.597234E-02   1.177269E-03
           494      G      9.484836E-05  -2.847699E-04  -4.178438E-03   3.392369E-02  -3.599030E-02   9.672324E-03
           495      G      1.858333E-04  -1.426891E-04  -4.361716E-03   4.441142E-02   4.774909E-02   1.055763E-03
           496      G      1.382918E-04  -3.854618E-05  -5.613526E-03   4.226929E-02   4.130066E-02   1.740604E-03
           497      G      7.682518E-05  -1.361031E-05  -6.383469E-03   4.846179E-02   1.872493E-02   6.478622E-04
           498      G      1.793894E-04  -1.380936E-05  -4.713815E-03  -8.546074E-05   5.107034E-02  -2.193935E-05
1                                                       **STUDENT EDITION*    APRIL  18, 2026  MSC Nastran  3/ 3/26   PAGE    17
     DEFAULT                                                                                                                        
0                                                                                                            SUBCASE 1              
      EIGENVALUE =  1.439371E+06
          CYCLES =  1.909442E+02         R E A L   E I G E N V E C T O R   N O .          1
 
      POINT ID.   TYPE          T1             T2             T3             R1             R2             R3
           499      G      1.555569E-04  -1.453530E-05  -6.073149E-03  -1.134909E-04   4.991547E-02  -3.845372E-05
           500      G      8.342387E-05  -1.466169E-05  -6.923568E-03  -9.633216E-05   1.521755E-02  -2.979734E-05
           501      G     -1.566739E-05   6.435933E-04  -1.857389E-03  -6.080312E-02   1.224882E-02   2.288136E-02
           502      G     -4.246573E-05   2.834669E-04  -1.955101E-03  -8.093145E-02  -1.587940E-02   5.673741E-03
           503      G     -4.217842E-05   4.422541E-05  -2.433422E-03  -7.310145E-02  -1.909659E-02   1.409535E-03
           504      G     -3.246220E-05  -1.712795E-05  -2.938769E-03  -8.261605E-02  -1.626807E-02   4.470951E-04
           505      G     -6.038262E-07  -3.487069E-05  -3.091157E-03  -8.086895E-02  -5.085204E-05  -8.822565E-05
           506      G     -1.161414E-04   1.687878E-04  -3.371801E-03  -4.276567E-02  -3.037318E-02   1.196581E-02
           507      G     -9.879422E-05   4.083251E-05  -4.248522E-03  -7.778311E-02  -3.382188E-02   2.150254E-03
           508      G     -4.943585E-05  -1.982546E-05  -4.920021E-03  -7.787207E-02  -1.672474E-02   1.157888E-03
           509      G      1.359579E-06  -2.895372E-05  -5.101753E-03  -8.251461E-02  -1.922060E-04  -5.259560E-05
           510      G     -8.650263E-05   2.563688E-04  -4.148946E-03  -3.326966E-02   3.615008E-02   9.573159E-03
           511      G     -1.763824E-04   1.140825E-04  -4.327716E-03  -4.417902E-02  -4.748078E-02   1.078709E-03
           512      G     -1.291787E-04   9.654028E-06  -5.579720E-03  -4.225786E-02  -4.162025E-02   1.737205E-03
           513      G     -6.780668E-05  -1.550655E-05  -6.363176E-03  -4.833916E-02  -1.933172E-02   6.381411E-04
           514      G      3.054496E-06  -2.451390E-05  -6.585991E-03  -4.630065E-02  -3.001446E-04  -3.926275E-05
           515      G      1.448039E-05   6.491762E-04  -1.860466E-03  -6.120245E-02  -1.182175E-02  -2.307053E-02
           516      G      4.105834E-05   2.859904E-04  -1.964126E-03  -8.182658E-02   1.590045E-02  -5.813198E-03
           517      G      4.096129E-05   4.480125E-05  -2.440046E-03  -7.365147E-02   1.902893E-02  -1.543118E-03
           518      G      3.120255E-05  -1.703138E-05  -2.942522E-03  -8.293269E-02   1.613877E-02  -5.486762E-04
           519      G      1.188034E-04   1.701277E-04  -3.397334E-03  -4.322791E-02   3.034878E-02  -1.218657E-02
           520      G      1.015804E-04   4.115384E-05  -4.268462E-03  -7.834339E-02   3.357337E-02  -2.247773E-03
           521      G      5.217415E-05  -1.990219E-05  -4.931158E-03  -7.817519E-02   1.635742E-02  -1.255651E-03
           522      G      9.182202E-05   2.590466E-04  -4.179969E-03  -3.389992E-02  -3.594267E-02  -9.735282E-03
           523      G      1.828850E-04   1.148077E-04  -4.360381E-03  -4.439755E-02   4.761118E-02  -1.180420E-03
           524      G      1.353710E-04   9.445739E-06  -5.608454E-03  -4.254778E-02   4.127862E-02  -1.835107E-03
           525      G      7.396061E-05  -1.578831E-05  -6.379884E-03  -4.857418E-02   1.881609E-02  -7.221220E-04
          1000      G     -1.922490E-06  -3.621040E-06  -4.251374E-04  -5.188964E-03  -1.353356E-04  -1.251520E-03
          1001      G      7.860685E-06  -1.417419E-05  -1.160276E-04   1.037411E-04   9.501614E-05  -1.793240E-02
          1002      G      1.526826E-05   1.422681E-05  -1.183174E-04   1.078467E-04   9.865741E-05  -1.424723E-02
          1003      G     -1.774496E-06  -4.343261E-06  -5.070217E-03   1.624833E-01  -1.815032E-05   1.574105E-05
          1004      G      8.947726E-06   3.791435E-07  -4.779238E-03   1.558348E-01  -8.976691E-03  -4.799324E-05
          1005      G      1.827862E-05  -7.855969E-06  -4.369295E-03   1.412369E-01  -2.141933E-02   1.974817E-04
          1006      G     -1.103489E-06  -5.548383E-08  -8.695629E-03   1.828982E-06  -8.871107E-05   1.334176E-05
          1007      G      5.393909E-06   3.167093E-07  -8.161043E-03  -9.629971E-07  -3.539641E-02   1.107847E-05
          1008      G      1.239155E-05   6.789055E-07  -7.415355E-03  -1.354617E-05  -1.115745E-02   1.046283E-05
          1009      G      1.969772E-05  -4.811057E-05  -1.326396E-04  -1.117679E-05   8.571912E-05  -2.951824E-02
          1010      G      6.770241E-05   1.129031E-04  -1.346056E-04   2.953658E-05   5.304750E-05  -1.580524E-03
          1011      G      3.899383E-05   2.301574E-05  -3.672890E-03   1.094658E-01  -2.841451E-02  -1.668025E-05
          1012      G      3.513558E-05  -5.241308E-06  -3.069591E-03   7.695761E-02  -8.346763E-03  -2.642791E-02
          1013      G      1.284986E-05   9.006139E-07  -5.876163E-03  -3.433451E-04  -9.691715E-02   1.523051E-05
          1014      G      1.834603E-05   1.521004E-06  -4.264530E-03  -6.427324E-04  -1.172687E-02   8.942231E-04
          1015      G     -1.191873E-05  -1.178013E-05  -1.122058E-04   1.023003E-04  -9.759220E-05   1.421295E-02
          1016      G     -1.932835E-05   8.328695E-06  -1.145569E-04   1.035954E-04  -1.013673E-04   1.052685E-02
          1017      G     -1.186689E-05  -7.664831E-07  -4.778597E-03   1.559303E-01   8.845330E-03   7.123691E-05
          1018      G     -2.131458E-05  -9.283944E-06  -4.370638E-03   1.413568E-01   2.139988E-02  -1.707049E-04
          1019      G     -7.838721E-06  -4.178085E-07  -8.162391E-03   1.689911E-05   3.538242E-02   1.154277E-05
          1020      G     -1.500804E-05  -8.473493E-07  -7.419145E-03   2.653234E-05   1.097701E-02   8.616969E-06
          1021      G     -2.351860E-05  -4.977097E-05  -1.334695E-04  -1.635649E-05  -8.004404E-05   2.730582E-02
          1022      G     -7.133123E-05   1.098896E-04  -1.352965E-04   2.418888E-05  -4.745340E-05  -5.165937E-04
1                                                       **STUDENT EDITION*    APRIL  18, 2026  MSC Nastran  3/ 3/26   PAGE    18
     DEFAULT                                                                                                                        
0                                                                                                            SUBCASE 1              
      EIGENVALUE =  1.439371E+06
          CYCLES =  1.909442E+02         R E A L   E I G E N V E C T O R   N O .          1
 
      POINT ID.   TYPE          T1             T2             T3             R1             R2             R3
          1023      G     -4.260447E-05   1.998114E-05  -3.674241E-03   1.092673E-01   2.855882E-02   3.048599E-05
          1024      G     -3.856613E-05  -7.436934E-06  -3.073279E-03   7.662092E-02   7.921776E-03   2.309308E-02
          1025      G     -1.562324E-05  -9.962235E-07  -5.880725E-03   8.168994E-05   9.704443E-02   8.198628E-06
          1026      G     -2.153517E-05  -1.425076E-06  -4.269997E-03  -3.490842E-05   1.148200E-02   1.903880E-04
          1027      G     -4.045190E-07   3.292754E-06  -4.295619E-04   5.278132E-03  -4.823381E-06  -4.730279E-05
          1028      G      9.688053E-06   1.275982E-05  -1.132902E-04  -1.029642E-04   1.022398E-04   1.645787E-02
          1029      G      1.724102E-05  -1.013904E-05  -1.157660E-04  -1.052574E-04   1.060209E-04   1.270038E-02
          1030      G     -6.987097E-07   4.212345E-06  -5.071837E-03  -1.624208E-01  -4.435280E-05   9.156016E-06
          1031      G      9.646867E-06   3.651004E-07  -4.777680E-03  -1.559011E-01  -8.962330E-03   7.120305E-05
          1032      G      1.909854E-05   9.009603E-06  -4.367022E-03  -1.412910E-01  -2.149428E-02  -1.691446E-04
          1033      G      2.168153E-05   4.946062E-05  -1.333192E-04   1.195502E-05   8.289988E-05   2.849350E-02
          1034      G      6.962926E-05  -1.102596E-04  -1.352183E-04  -2.861262E-05   5.028307E-05   5.974591E-04
          1035      G      4.017833E-05  -2.055895E-05  -3.665091E-03  -1.091051E-01  -2.884621E-02   3.878746E-05
          1036      G      3.622054E-05   7.429726E-06  -3.057358E-03  -7.625052E-02  -8.157701E-03   2.265623E-02
          1037      G     -1.043981E-05   1.323558E-05  -1.133178E-04  -1.023750E-04  -1.038437E-04  -1.680378E-02
          1038      G     -1.779923E-05  -1.177345E-05  -1.158385E-04  -1.052548E-04  -1.076289E-04  -1.314285E-02
          1039      G     -1.118009E-05  -1.559433E-07  -4.780130E-03  -1.559174E-01   8.837064E-03  -5.317245E-05
          1040      G     -2.079646E-05   8.190237E-06  -4.372930E-03  -1.413474E-01   2.135218E-02   1.973018E-04
          1041      G     -2.197322E-05   4.898832E-05  -1.339914E-04   1.884969E-05  -8.471297E-05  -2.923167E-02
          1042      G     -4.216654E-05  -2.271855E-05  -3.677778E-03  -1.093342E-01   2.849130E-02  -8.587671E-06
          1043      G     -3.810035E-05   5.051907E-06  -3.074932E-03  -7.656956E-02   8.154066E-03  -2.264990E-02
          1044      G     -7.061284E-05  -1.143349E-04  -1.359365E-04  -2.255313E-05  -5.156100E-05  -9.237612E-04
          2000      G     -6.717290E-06  -1.659260E-04  -7.779701E-04   3.144151E-02   8.285773E-04  -3.270157E-03
          2001      G      1.685347E-06  -1.954747E-05  -1.164261E-04   1.178460E-04   9.194745E-05  -2.254289E-02
          2002      G      2.114782E-05   1.011562E-05  -1.182977E-04   1.110593E-04   9.823022E-05  -1.285339E-02
          2003      G     -6.144356E-06  -3.339796E-05  -6.508324E-03   1.699597E-01   5.042158E-05   3.036934E-05
          2004      G      3.288699E-05  -3.381427E-05  -5.772472E-03   1.869677E-01  -2.443267E-02   3.100093E-04
          2005      G      4.423691E-05  -1.200788E-05  -5.197602E-03   1.664835E-01  -2.126547E-02   6.921568E-04
          2006      G     -4.049572E-06   3.931546E-07  -1.040159E-02   3.328610E-05  -5.042242E-04   3.557691E-05
          2007      G      1.961048E-05   8.807998E-07  -9.797379E-03  -9.120023E-05  -3.448136E-02   4.188932E-05
          2008      G      4.853990E-05   1.883477E-06  -8.869460E-03  -6.155004E-05  -2.210988E-02   4.595417E-05
          2009      G      3.288986E-05  -5.436997E-05  -1.327077E-04  -6.192065E-06   8.386574E-05  -2.396461E-02
          2010      G      6.640332E-05   1.182035E-04  -1.346758E-04   2.678595E-05   5.646311E-05  -3.841593E-03
          2011      G      7.607010E-05   2.140190E-05  -4.375357E-03   1.229769E-01  -3.638371E-02   2.278917E-04
          2012      G      9.670874E-05  -3.999880E-06  -3.348889E-03   6.771841E-02  -3.602809E-02  -1.306690E-01
          2013      G      5.753011E-05   2.620879E-06  -6.942729E-03   7.170671E-04  -1.177542E-01   5.430956E-05
          2014      G      6.266608E-05   3.709704E-06  -4.605722E-03   4.236972E-03  -4.560402E-02  -2.080549E-02
          2015      G     -1.555686E-05  -1.713278E-05  -1.125865E-04   1.167185E-04  -9.487915E-05   1.396919E-02
          2016      G     -3.541953E-05   4.073941E-06  -1.145449E-04   1.078857E-04  -1.010491E-04   4.079628E-03
          2017      G     -4.458618E-05  -3.531443E-05  -5.780231E-03   1.888717E-01   2.423046E-02  -2.442665E-04
          2018      G     -5.609454E-05  -1.543380E-05  -5.212030E-03   1.706485E-01   2.109991E-02  -6.051280E-04
          2019      G     -2.798023E-05  -3.756288E-07  -9.830711E-03  -4.981766E-05   3.324646E-02   2.954111E-05
          2020      G     -5.741223E-05  -1.119861E-06  -8.940586E-03   1.997630E-05   2.058533E-02   2.891053E-05
          2021      G     -4.664126E-05  -6.088539E-05  -1.335431E-04  -1.117522E-05  -7.838568E-05   1.671424E-02
          2022      G     -7.775469E-05   1.078053E-04  -1.352805E-04   1.912574E-05  -5.168303E-05  -2.118155E-03
          2023      G     -8.900422E-05   1.421770E-05  -4.382561E-03   1.293563E-01   3.707640E-02  -1.616952E-04
          2024      G     -1.115265E-04  -1.240057E-05  -3.353723E-03   7.828968E-02   3.529794E-02   1.550307E-01
          2025      G     -6.829812E-05  -1.996293E-06  -7.007249E-03   7.036463E-05   1.192576E-01   2.872805E-05
          2026      G     -7.612290E-05  -2.893078E-06  -4.623712E-03  -9.671027E-06   4.759645E-02   1.221505E-03
          2027      G     -1.249132E-06   1.715393E-04  -7.857404E-04  -3.141066E-02  -2.867081E-05  -3.533529E-04
1                                                       **STUDENT EDITION*    APRIL  18, 2026  MSC Nastran  3/ 3/26   PAGE    19
     DEFAULT                                                                                                                        
0                                                                                                            SUBCASE 1              
      EIGENVALUE =  1.439371E+06
          CYCLES =  1.909442E+02         R E A L   E I G E N V E C T O R   N O .          1
 
      POINT ID.   TYPE          T1             T2             T3             R1             R2             R3
          2028      G      8.074855E-06   1.823026E-05  -1.136834E-04  -1.177246E-04   9.931697E-05   1.890678E-02
          2029      G      2.931237E-05  -5.843504E-06  -1.157477E-04  -1.093973E-04   1.057069E-04   8.332220E-03
          2030      G     -2.180381E-06   3.437291E-05  -6.496018E-03  -1.707386E-01  -4.283858E-04   2.340636E-05
          2031      G      3.753719E-05   3.616411E-05  -5.745667E-03  -1.884709E-01  -2.495349E-02  -2.544153E-04
          2032      G      4.913790E-05   1.474575E-05  -5.155330E-03  -1.690446E-01  -2.202603E-02  -6.085233E-04
          2033      G      4.270256E-05   5.978713E-05  -1.334011E-04   5.930135E-06   8.084447E-05   1.896226E-02
          2034      G      7.448043E-05  -1.094619E-04  -1.351995E-04  -2.373601E-05   5.397410E-05  -2.328883E-04
          2035      G      8.218203E-05  -1.550540E-05  -4.336285E-03  -1.279659E-01  -3.517506E-02  -9.681686E-05
          2036      G      1.058962E-04   1.411006E-05  -3.337400E-03  -7.928810E-02  -3.573780E-02   1.619663E-01
          2037      G     -1.022231E-05   1.868880E-05  -1.137136E-04  -1.171564E-04  -1.009241E-04  -1.858165E-02
          2038      G     -3.032856E-05  -7.536965E-06  -1.158262E-04  -1.093456E-04  -1.072772E-04  -8.571225E-03
          2039      G     -4.202741E-05   3.549390E-05  -5.770294E-03  -1.893444E-01   2.402531E-02   3.038175E-04
          2040      G     -5.384666E-05   1.353462E-05  -5.207544E-03  -1.709589E-01   2.091483E-02   6.811602E-04
          2041      G     -4.178431E-05   5.832498E-05  -1.340653E-04   1.362279E-05  -8.300840E-05  -2.036057E-02
          2042      G     -7.384742E-05  -1.156068E-04  -1.359232E-04  -1.759077E-05  -5.571658E-05  -9.769202E-04
          2043      G     -8.706664E-05  -1.876340E-05  -4.382146E-03  -1.295983E-01   3.691527E-02   2.256851E-04
          2044      G     -1.097535E-04   6.944442E-06  -3.353847E-03  -7.835953E-02   3.545181E-02  -1.529519E-01
          3000      G      6.997160E-05  -7.000544E-03  -6.189362E-03   1.063041E+00  -4.449940E-02   7.138871E-02
          3001      G     -6.637034E-04  -4.998751E-03  -9.453753E-03   1.984993E+00   8.899719E-02  -1.167229E+00
          3002      G     -1.458288E-03  -4.412808E-03  -4.581287E-03   8.368932E-01   6.435038E-02  -9.290157E-01
          3003      G      6.521979E-05  -1.732422E-03  -1.322510E+00   4.960273E+01  -7.476982E-02  -1.065675E-03
          3004      G     -1.730411E-03  -1.318784E-03  -1.206558E+00   4.236883E+01  -6.844746E+00  -1.785470E-02
          3005      G     -2.198182E-03  -5.246167E-04  -9.127961E-01   3.415795E+01  -1.403632E+01  -7.237923E-02
          3006      G     -2.836484E-05  -1.648489E-04  -2.459337E+00   1.174140E-02   8.543065E-04  -1.627673E-03
          3007      G     -5.432841E-03  -1.999920E-04  -2.148717E+00  -5.895287E-02  -2.365728E+01  -1.638969E-03
          3008      G     -1.401349E-02  -2.620252E-04  -1.712196E+00   2.637462E-02  -2.852768E+00  -1.594439E-03
          3009      G      2.293207E-04   2.907513E-04  -7.401949E-04   2.549346E-01   3.743026E-01  -1.994228E+00
          3010      G      1.935732E-03  -2.318662E-03  -5.729782E-04   3.183816E-03  -1.032096E-01   1.231755E+00
          3011      G     -5.377662E-03  -8.545717E-04  -4.153566E-01   1.661149E+01  -2.163358E+01  -1.084641E-01
          3012      G     -7.322239E-03  -3.357038E-03  -1.280560E-02  -8.465026E-01  -2.074463E+00   5.506163E+00
          3013      G     -1.304095E-02  -3.068315E-04  -8.635104E-01   4.946621E-02  -5.388419E+01  -1.765315E-03
          3014      G     -1.539038E-02  -3.503860E-04  -1.864359E-02   1.016635E-02  -2.998719E+00   1.355085E-01
          3015      G      8.314936E-04  -5.210380E-03  -9.917033E-03   2.106564E+00  -1.423734E-01   1.461763E+00
          3016      G      1.650771E-03  -4.207565E-03  -4.430372E-03   7.961348E-01  -4.679190E-02   1.040391E+00
          3017      G      1.809579E-03  -1.269228E-03  -1.208138E+00   4.223426E+01   6.848461E+00   1.510980E-02
          3018      G      2.243260E-03  -3.666596E-04  -9.143355E-01   3.409134E+01   1.398599E+01   6.884992E-02
          3019      G      5.393770E-03  -1.134412E-04  -2.150263E+00  -5.569359E-03   2.353510E+01  -1.357520E-03
          3020      G      1.398011E-02  -8.628762E-05  -1.715191E+00   6.049253E-03   2.860700E+00  -1.121944E-03
          3021      G     -8.762652E-05   7.183452E-04  -4.727152E-04   3.147460E-01  -5.961523E-01   2.971845E+00
          3022      G     -1.759872E-03  -2.052393E-03  -3.916138E-04  -3.805354E-03   6.815196E-02  -1.111205E+00
          3023      G      5.486445E-03  -5.789486E-04  -4.171422E-01   1.634407E+01   2.160292E+01   1.044208E-01
          3024      G      7.458527E-03  -2.890096E-03  -1.301796E-02  -1.349405E+00   2.120876E+00  -7.285074E+00
          3025      G      1.300850E-02  -5.230746E-05  -8.652160E-01   5.643322E-03   5.394363E+01  -1.132234E-03
          3026      G      1.539433E-02  -2.306654E-05  -1.874717E-02   1.635069E-03   3.015103E+00   1.901602E-03
          3027      G     -1.202618E-04   6.582655E-03  -5.964231E-03  -1.004745E+00  -5.914653E-05   5.321163E-02
          3028      G     -8.723363E-04   4.873545E-03  -9.798359E-03  -2.079214E+00   1.518014E-01   1.542862E+00
          3029      G     -1.692937E-03   3.885482E-03  -4.295384E-03  -7.665352E-01   4.431342E-02   1.066526E+00
          3030      G     -7.079427E-05   1.447646E-03  -1.322124E+00  -4.957645E+01  -4.127183E-02  -1.295644E-03
          3031      G     -1.851735E-03   9.253832E-04  -1.206374E+00  -4.213767E+01  -6.853179E+00   1.468454E-02
          3032      G     -2.293117E-03   3.764333E-05  -9.128037E-01  -3.402728E+01  -1.396463E+01   6.899417E-02
1                                                       **STUDENT EDITION*    APRIL  18, 2026  MSC Nastran  3/ 3/26   PAGE    20
     DEFAULT                                                                                                                        
0                                                                                                            SUBCASE 1              
      EIGENVALUE =  1.439371E+06
          CYCLES =  1.909442E+02         R E A L   E I G E N V E C T O R   N O .          1
 
      POINT ID.   TYPE          T1             T2             T3             R1             R2             R3
          3033      G      2.783220E-05  -1.034549E-03  -3.601468E-04  -2.860189E-01   5.927279E-01   3.004642E+00
          3034      G      1.677175E-03   1.770848E-03  -3.221306E-04   1.316408E-02  -5.948273E-02  -1.015743E+00
          3035      G     -5.529788E-03   2.559441E-04  -4.165118E-01  -1.632941E+01  -2.157049E+01   1.042210E-01
          3036      G     -7.493043E-03   2.557694E-03  -1.301154E-02   1.352784E+00  -2.121999E+00  -7.133253E+00
          3037      G      6.350831E-04   4.952544E-03  -9.832210E-03  -2.087890E+00  -1.530128E-01  -1.440515E+00
          3038      G      1.458085E-03   4.028998E-03  -4.367300E-03  -7.822555E-01  -4.529462E-02  -9.627419E-01
          3039      G      1.706083E-03   1.003693E-03  -1.207770E+00  -4.219464E+01   6.833224E+00  -1.737736E-02
          3040      G      2.151585E-03   1.957077E-04  -9.142444E-01  -3.407802E+01   1.397940E+01  -7.159831E-02
          3041      G     -2.658189E-04  -8.203631E-04  -4.149660E-04  -3.016303E-01  -5.968245E-01  -2.909362E+00
          3042      G     -1.925143E-03   2.035713E-03  -3.466119E-04   9.557914E-03   6.218113E-02   1.145330E+00
          3043      G      5.399384E-03   4.786445E-04  -4.170901E-01  -1.634130E+01   2.160571E+01  -1.067426E-01
          3044      G      7.372011E-03   2.846953E-03  -1.298700E-02   1.351299E+00   2.114289E+00   7.285506E+00
          4000      G      1.689013E-06  -8.727093E-05  -1.442513E-03   2.105265E-02  -5.209775E-04   1.003437E-03
          4001      G     -1.968316E-05  -9.335663E-06  -1.447557E-03   4.702569E-03  -8.538604E-03   1.157765E-02
          4002      G     -3.193262E-05  -7.356818E-05  -8.470799E-04   1.524517E-02  -2.306019E-02  -4.058409E-02
          4003      G     -1.302630E-06  -2.026322E-05  -8.436235E-03   2.365132E-01   2.181839E-04  -6.128192E-05
          4004      G     -3.657073E-05  -3.496867E-05  -7.945726E-03   2.217429E-01  -3.179704E-02  -3.038252E-04
          4005      G     -7.450557E-05  -2.703229E-05  -6.707924E-03   1.973876E-01  -5.448400E-02  -7.017692E-04
          4006      G     -2.801029E-06  -2.985876E-05  -1.383754E-02   1.561883E-04  -3.403941E-05  -4.469351E-05
          4007      G     -5.899096E-05  -3.121303E-05  -1.284699E-02   1.496030E-03  -8.032668E-02  -2.916486E-05
          4008      G     -1.212631E-04  -3.110585E-05  -1.121595E-02   4.989899E-04  -1.536925E-02  -1.628584E-05
          4009      G     -3.220493E-05  -6.019365E-05  -6.956813E-04   1.518461E-02   7.100030E-03  -8.788078E-02
          4010      G     -1.437674E-05  -1.349424E-04  -7.258734E-04   2.318077E-02  -4.239302E-03  -1.363383E-01
          4011      G     -1.118184E-04  -5.132537E-05  -4.996147E-03   1.345646E-01  -6.903116E-02  -1.570530E-03
          4012      G     -1.549748E-04  -1.058551E-04  -3.465335E-03   6.057195E-02  -3.078640E-02  -3.246171E-01
          4013      G     -1.647697E-04  -3.118269E-05  -8.139833E-03   2.227277E-03  -2.000369E-01  -3.111331E-05
          4014      G     -1.982821E-04  -3.250692E-05  -4.896541E-03   2.487147E-03  -1.864049E-02  -7.722460E-03
          4015      G      2.279462E-05  -1.355987E-06  -1.493988E-03   2.270959E-03   7.525679E-03  -2.146721E-02
          4016      G      3.384749E-05  -6.821018E-05  -8.671850E-04   1.570528E-02   2.574259E-02   2.607706E-02
          4017      G      3.462894E-05  -3.135840E-05  -7.955970E-03   2.233035E-01   3.109349E-02   1.821397E-04
          4018      G      7.303541E-05  -1.967986E-05  -6.711669E-03   1.988661E-01   5.599291E-02   6.074020E-04
          4019      G      5.346794E-05  -2.848119E-05  -1.284980E-02   4.763107E-04   8.057107E-02  -5.794405E-05
          4020      G      1.164330E-04  -2.623892E-05  -1.121426E-02   2.770150E-04   1.546028E-02  -6.702721E-05
          4021      G      3.138855E-05  -4.955355E-05  -6.223687E-04   1.163835E-02  -6.303545E-03   7.719352E-02
          4022      G      1.135358E-05  -1.228964E-04  -7.013330E-04   2.297809E-02   6.227785E-03   1.347899E-01
          4023      G      1.107887E-04  -4.212484E-05  -4.950160E-03   1.433953E-01   6.929519E-02   1.555416E-03
          4024      G      1.551370E-04  -9.857009E-05  -3.468941E-03   7.074502E-02   3.025173E-02   3.737313E-01
          4025      G      1.613759E-04  -2.429087E-05  -8.156387E-03   3.013960E-04   1.985426E-01  -6.833581E-05
          4026      G      1.957606E-04  -2.223813E-05  -4.940284E-03   2.416879E-05   1.919734E-02  -3.703703E-03
          4027      G     -6.041805E-06   2.818855E-05  -1.482202E-03  -2.084331E-02  -1.159071E-05  -2.122847E-05
          4028      G     -2.526752E-05  -5.718043E-05  -1.479229E-03  -1.333874E-03  -8.618467E-03  -1.305946E-02
          4029      G     -3.526815E-05   1.176583E-05  -8.650765E-04  -1.495108E-02  -2.548248E-02   3.779371E-02
          4030      G     -4.483271E-06  -4.050529E-05  -8.450015E-03  -2.362489E-01   3.298591E-04  -3.984783E-05
          4031      G     -3.948164E-05  -2.731644E-05  -7.952128E-03  -2.250553E-01  -3.188709E-02   2.388435E-04
          4032      G     -7.726011E-05  -3.702697E-05  -6.705792E-03  -1.994525E-01  -5.587933E-02   6.707017E-04
          4033      G     -3.277514E-05  -4.224231E-06  -6.190283E-04  -1.141336E-02   6.125414E-03   8.878058E-02
          4034      G     -1.385184E-05   7.305225E-05  -7.037094E-04  -2.308369E-02  -6.374865E-03   1.477466E-01
          4035      G     -1.147503E-04  -1.208241E-05  -4.950404E-03  -1.440269E-01  -6.909878E-02   1.604425E-03
          4036      G     -1.582220E-04   4.567425E-05  -3.461035E-03  -7.025222E-02  -3.075675E-02   3.859940E-01
          4037      G      1.312616E-05  -5.516508E-05  -1.479125E-03  -1.331772E-03   8.727457E-03   1.342701E-02
1                                                       **STUDENT EDITION*    APRIL  18, 2026  MSC Nastran  3/ 3/26   PAGE    21
     DEFAULT                                                                                                                        
0                                                                                                            SUBCASE 1              
      EIGENVALUE =  1.439371E+06
          CYCLES =  1.909442E+02         R E A L   E I G E N V E C T O R   N O .          1
 
      POINT ID.   TYPE          T1             T2             T3             R1             R2             R3
          4038      G      2.294759E-05   1.586787E-05  -8.610776E-04  -1.496362E-02   2.548768E-02  -3.697281E-02
          4039      G      3.062709E-05  -2.517861E-05  -7.946724E-03  -2.247586E-01   3.171485E-02  -3.178570E-04
          4040      G      6.850011E-05  -3.291342E-05  -6.704978E-03  -1.996881E-01   5.576737E-02  -7.541341E-04
          4041      G      2.013018E-05   1.820253E-06  -6.194628E-04  -1.180108E-02  -6.146781E-03  -8.650713E-02
          4042      G      4.933491E-07   7.990988E-05  -7.033238E-04  -2.372542E-02   6.757377E-03  -1.430102E-01
          4043      G      1.058312E-04  -5.985197E-06  -4.955074E-03  -1.437124E-01   6.871410E-02  -1.705971E-03
          4044      G      1.495950E-04   5.445287E-05  -3.474490E-03  -7.039495E-02   3.126188E-02  -3.789223E-01
1                                                       **STUDENT EDITION*    APRIL  18, 2026  MSC Nastran  3/ 3/26   PAGE    22
     DEFAULT                                                                                                                        
0                                                                                                            SUBCASE 1              
      EIGENVALUE =  2.112220E+06
          CYCLES =  2.313075E+02         R E A L   E I G E N V E C T O R   N O .          2
 
      POINT ID.   TYPE          T1             T2             T3             R1             R2             R3
             1      G      0.0            0.0            0.0            0.0            0.0            0.0
             2      G      0.0            0.0            0.0            0.0            0.0            0.0
             3      G      0.0            0.0            0.0            0.0            0.0            0.0
             4      G      0.0            0.0            0.0            0.0            0.0            0.0
             5      G      0.0            0.0            0.0            0.0            0.0            0.0
             6      G      0.0            0.0            0.0            0.0            0.0            0.0
             7      G      0.0            0.0            0.0            0.0            0.0            0.0
             8      G      0.0            0.0            0.0            0.0            0.0            0.0
            10      G      6.988260E-06   8.235922E-05   2.206191E-04   1.108185E-04   1.073496E-04  -7.078416E-03
            11      G      6.434793E-06  -8.237096E-05   2.205819E-04  -1.107497E-04   1.055910E-04   7.042883E-03
            12      G      3.127284E-05  -1.723430E-06   1.801173E-04   1.526064E-04   1.210556E-04  -4.622985E-04
            13      G      3.048926E-05   1.622535E-06   1.798789E-04  -1.521113E-04   1.180522E-04   4.108783E-04
            14      G     -3.125741E-05  -1.699877E-06   1.800420E-04   1.519206E-04  -1.211463E-04   4.983251E-04
            15      G     -3.090497E-05   1.671505E-06   1.806859E-04  -1.528069E-04  -1.203587E-04  -4.535254E-04
            16      G     -7.100714E-06   8.073285E-05   2.204795E-04   1.155631E-04  -1.068498E-04   7.031909E-03
            17      G     -5.905778E-06  -8.057105E-05   2.205941E-04  -1.197110E-04  -1.020471E-04  -6.921455E-03
           100      G     -2.730616E-04  -8.276421E-05   2.697199E-02  -6.485873E-01   2.036580E-01  -7.215769E-03
           101      G     -5.492234E-04  -1.637917E-07   4.865845E-02  -3.490680E-05   1.014277E-01  -4.054952E-05
           102      G     -1.314177E-04   8.270091E-05   3.318208E-02  -8.130768E-01   1.672480E-01  -5.568972E-04
           103      G     -3.620518E-04   6.794441E-08   5.919473E-02   6.051215E-06   3.793610E-01   1.536647E-06
           104      G      1.896911E-07  -2.273202E-04   3.734512E-02  -8.806439E-01   5.329461E-05  -3.751927E-06
           105      G      2.798149E-07   1.718874E-07   6.764555E-02   5.915976E-06   8.622035E-05  -1.788496E-06
           106      G     -3.430642E-05  -6.852505E-06   1.840941E-04  -1.528069E-04  -1.203587E-04  -4.535254E-04
           107      G     -3.430642E-05   5.250956E-06   1.808820E-04  -1.528069E-04  -1.203587E-04  -4.535254E-04
           108      G     -1.443735E-07   1.727336E-04   1.009427E-03   1.632178E-02   1.902772E-06   5.454299E-05
           109      G     -5.781669E-05  -1.324820E-04   2.222573E-04  -1.197110E-04  -1.020471E-04  -6.921455E-03
           110      G     -5.593576E-04  -7.069731E-04   4.710984E-03  -7.304182E-02   8.820204E-02   8.982983E-02
           111      G     -5.781669E-05   6.088619E-05   2.194063E-04  -1.197110E-04  -1.020471E-04  -6.921455E-03
           112      G     -3.459380E-04  -2.578797E-05   1.548536E-02  -3.751138E-01   4.289109E-01  -1.063452E-02
           113      G     -6.499809E-04  -1.982242E-06   6.633938E-03   1.168271E-04   1.161868E-01  -6.702438E-04
           114      G     -9.236815E-04  -1.018140E-06   2.784179E-02  -1.562553E-04   8.692155E-01   1.103839E-04
           115      G      2.738109E-04  -8.259979E-05   2.697686E-02  -6.487380E-01  -2.034705E-01   7.259216E-03
           116      G      5.498505E-04   1.411957E-07   4.866095E-02  -6.096283E-06  -1.012461E-01   1.277842E-07
           117      G      1.318929E-04   8.293802E-05   3.318389E-02  -8.131450E-01  -1.671586E-01   5.634382E-04
           118      G      3.627021E-04   1.421215E-07   5.919587E-02   5.327801E-07  -3.793344E-01   8.865623E-07
           119      G      3.357085E-05  -6.099922E-06   1.832385E-04  -1.521113E-04   1.180522E-04   4.108783E-04
           120      G      3.357085E-05   4.865393E-06   1.800880E-04  -1.521113E-04   1.180522E-04   4.108783E-04
           121      G      5.925642E-05  -1.351926E-04   2.222045E-04  -1.107497E-04   1.055910E-04   7.042883E-03
           122      G      5.595870E-04  -7.059439E-04   4.723297E-03  -7.321076E-02  -8.789066E-02  -9.034887E-02
           123      G      5.925642E-05   6.156797E-05   2.192545E-04  -1.107497E-04   1.055910E-04   7.042883E-03
           124      G      3.465449E-04  -2.578950E-05   1.549415E-02  -3.753355E-01  -4.288585E-01   1.062221E-02
           125      G      6.502943E-04   1.825434E-08   6.639323E-03   1.489317E-05  -1.159629E-01   3.490902E-06
           126      G      9.243367E-04   4.210490E-08   2.784542E-02  -1.688456E-05  -8.692389E-01   2.938703E-06
           127      G     -2.737932E-04   8.233230E-05   2.697546E-02   6.484649E-01   2.034502E-01   7.211707E-03
           128      G     -1.318083E-04  -8.246665E-05   3.318322E-02   8.129764E-01   1.672539E-01   5.470239E-04
           129      G      9.002666E-08   2.275137E-04   3.734584E-02   8.805817E-01   2.918882E-05  -3.753738E-06
           130      G     -3.499485E-05   7.666141E-06   1.834584E-04   1.519206E-04  -1.211463E-04   4.983251E-04
           131      G     -3.499485E-05  -5.632909E-06   1.802253E-04   1.519206E-04  -1.211463E-04   4.983251E-04
           132      G     -8.702333E-08  -1.726383E-04   1.008948E-03  -1.632119E-02   1.681351E-05  -1.428986E-05
           133      G     -5.984004E-05   1.334722E-04   2.221476E-04   1.155631E-04  -1.068498E-04   7.031909E-03
1                                                       **STUDENT EDITION*    APRIL  18, 2026  MSC Nastran  3/ 3/26   PAGE    23
     DEFAULT                                                                                                                        
0                                                                                                            SUBCASE 1              
      EIGENVALUE =  2.112220E+06
          CYCLES =  2.313075E+02         R E A L   E I G E N V E C T O R   N O .          2
 
      POINT ID.   TYPE          T1             T2             T3             R1             R2             R3
           134      G     -5.596582E-04   7.021664E-04   4.715848E-03   7.292272E-02   8.810978E-02  -9.048254E-02
           135      G     -5.984004E-05  -6.298181E-05   2.191625E-04   1.155631E-04  -1.068498E-04   7.031909E-03
           136      G     -3.466334E-04   2.489831E-05   1.549177E-02   3.751857E-01   4.289981E-01   1.058358E-02
           137      G      2.740445E-04   8.264984E-05   2.697749E-02   6.486138E-01  -2.034682E-01  -7.228598E-03
           138      G      1.319459E-04  -8.251453E-05   3.318455E-02   8.130519E-01  -1.671572E-01  -5.552762E-04
           139      G      3.474008E-05   6.965471E-06   1.835371E-04   1.526064E-04   1.210556E-04  -4.622985E-04
           140      G      3.474008E-05  -5.372122E-06   1.803064E-04   1.526064E-04   1.210556E-04  -4.622985E-04
           141      G      6.007638E-05   1.354473E-04   2.222554E-04   1.108185E-04   1.073496E-04  -7.078416E-03
           142      G      5.600796E-04   7.058279E-04   4.722733E-03   7.317255E-02  -8.795581E-02   9.031829E-02
           143      G      6.007638E-05  -6.230591E-05   2.192563E-04   1.108185E-04   1.073496E-04  -7.078416E-03
           144      G      3.469397E-04   2.593515E-05   1.549458E-02   3.752852E-01  -4.288665E-01  -1.061594E-02
           200      G     -6.103118E-05  -1.287111E-04   2.222573E-04  -1.197110E-04  -1.020471E-04  -6.921455E-03
           201      G     -6.103118E-05   6.465709E-05   2.194063E-04  -1.197110E-04  -1.020471E-04  -6.921455E-03
           202      G     -3.809772E-05  -2.039086E-06   1.840941E-04  -1.528069E-04  -1.203587E-04  -4.535254E-04
           203      G     -3.809772E-05   1.006437E-05   1.808820E-04  -1.528069E-04  -1.203587E-04  -4.535254E-04
           204      G     -1.012262E-06   4.480883E-05   1.368910E-03  -1.071873E-03  -1.235002E-04   2.846491E-04
           205      G     -2.677521E-04  -1.099169E-04   4.897316E-03  -7.541962E-02   4.260229E-02   1.682803E-02
           206      G     -2.514257E-04  -1.532389E-05   6.771220E-03  -3.479951E-03   5.277120E-02  -5.437069E-03
           207      G      6.258253E-05  -1.317040E-04   2.222045E-04  -1.107497E-04   1.055910E-04   7.042883E-03
           208      G      6.258253E-05   6.505658E-05   2.192545E-04  -1.107497E-04   1.055910E-04   7.042883E-03
           209      G      3.728949E-05  -1.308417E-06   1.832385E-04  -1.521113E-04   1.180522E-04   4.108783E-04
           210      G      3.728949E-05   9.656898E-06   1.800880E-04  -1.521113E-04   1.180522E-04   4.108783E-04
           211      G      2.586468E-04  -1.167124E-04   4.913887E-03  -6.023214E-02  -3.998895E-02  -2.279800E-02
           212      G      2.519456E-04  -2.547660E-07   6.774493E-03  -7.404837E-05  -4.985363E-02  -1.841287E-05
           213      G     -6.320581E-05   1.298319E-04   2.221476E-04   1.155631E-04  -1.068498E-04   7.031909E-03
           214      G     -6.320581E-05  -6.662205E-05   2.191625E-04   1.155631E-04  -1.068498E-04   7.031909E-03
           215      G     -3.881096E-05   2.880643E-06   1.834584E-04   1.519206E-04  -1.211463E-04   4.983251E-04
           216      G     -3.881096E-05  -1.041841E-05   1.802253E-04   1.519206E-04  -1.211463E-04   4.983251E-04
           217      G     -1.987298E-07  -4.491351E-05   1.368440E-03   9.243063E-04   5.700353E-05  -1.373767E-06
           218      G     -2.694127E-04   1.075406E-04   4.908296E-03   6.112520E-02   4.259408E-02  -2.419509E-02
           219      G      6.345790E-05   1.319566E-04   2.222554E-04   1.108185E-04   1.073496E-04  -7.078416E-03
           220      G      6.345790E-05  -6.579669E-05   2.192563E-04   1.108185E-04   1.073496E-04  -7.078416E-03
           221      G      3.855333E-05   2.158368E-06   1.835371E-04   1.526064E-04   1.210556E-04  -4.622985E-04
           222      G      3.855333E-05  -1.017922E-05   1.803064E-04   1.526064E-04   1.210556E-04  -4.622985E-04
           223      G      2.592568E-04   1.163675E-04   4.913197E-03   6.012183E-02  -3.989241E-02   2.275748E-02
           224      G     -1.297815E-04  -6.197599E-05   1.764976E-02  -4.126240E-01   1.129793E-01  -2.814452E-03
           225      G     -2.528693E-04  -1.493681E-06   3.125202E-02  -4.754887E-04   5.242197E-02  -1.346991E-04
           226      G     -5.680939E-05   2.607872E-05   2.131075E-02  -5.109314E-01   1.062648E-01   3.633668E-05
           227      G     -1.859147E-04  -3.644034E-07   3.746477E-02  -5.377770E-05   2.266018E-01   5.145077E-06
           228      G     -3.398694E-06  -1.578634E-04   2.422150E-02  -5.325596E-01   1.929420E-03  -1.063695E-04
           229      G     -5.528057E-06  -9.836857E-08   4.264531E-02  -6.794065E-05   2.011817E-03  -7.317050E-06
           230      G     -1.657543E-04  -2.615452E-05   1.104244E-02  -2.521605E-01   2.418203E-01  -2.491983E-03
           231      G     -4.148334E-04  -1.158134E-06   1.909845E-02  -3.541408E-03   4.956524E-01   9.843244E-04
           232      G      1.199269E-04  -6.781214E-05   1.802376E-02  -4.234054E-01  -1.149487E-01   2.857069E-03
           233      G      2.476110E-04   2.686840E-09   3.204636E-02   2.382617E-05  -4.896597E-02  -1.949289E-06
           234      G      4.985730E-05   2.683757E-05   2.152397E-02  -5.166093E-01  -9.750132E-02  -4.935951E-05
           235      G      1.734969E-04   1.843484E-09   3.787240E-02   2.254097E-06  -2.105597E-01   1.812335E-06
           236      G      1.684396E-04  -2.325661E-05   1.122440E-02  -2.513213E-01  -2.638767E-01   2.182235E-03
           237      G      3.617910E-04  -5.169005E-08   1.948684E-02  -1.003984E-05  -5.588082E-01   8.749045E-06
           238      G     -1.320774E-04   5.983223E-05   1.763982E-02   4.078890E-01   1.114328E-01   2.847123E-03
1                                                       **STUDENT EDITION*    APRIL  18, 2026  MSC Nastran  3/ 3/26   PAGE    24
     DEFAULT                                                                                                                        
0                                                                                                            SUBCASE 1              
      EIGENVALUE =  2.112220E+06
          CYCLES =  2.313075E+02         R E A L   E I G E N V E C T O R   N O .          2
 
      POINT ID.   TYPE          T1             T2             T3             R1             R2             R3
           239      G     -5.817536E-05  -2.654389E-05   2.129493E-02   5.079939E-01   1.070457E-01  -5.598600E-05
           240      G     -4.181750E-06   1.573732E-04   2.421330E-02   5.313859E-01   1.892283E-03   5.908193E-05
           241      G     -1.694333E-04   2.006937E-05   1.106562E-02   2.450524E-01   2.418390E-01   2.477221E-03
           242      G      1.200923E-04   6.762173E-05   1.801984E-02   4.228868E-01  -1.149332E-01  -2.824135E-03
           243      G      4.970398E-05  -2.675065E-05   2.151790E-02   5.157695E-01  -9.732065E-02   5.392090E-05
           244      G      1.688866E-04   2.321192E-05   1.122166E-02   2.510259E-01  -2.638150E-01  -2.175748E-03
           300      G     -5.486733E-04  -2.672955E-05   1.109555E-03  -2.092664E-02   3.064708E-02  -4.806335E-02
           301      G     -2.252536E-04   2.405672E-04   2.018873E-03   6.497043E-02   2.012395E-02   8.799581E-03
           302      G     -4.404013E-05   3.757989E-05   2.020997E-03  -1.643334E-02  -3.864909E-03   1.264054E-02
           303      G     -5.543815E-04  -5.173102E-04   1.008015E-03  -3.908480E-02   4.947223E-02   5.930630E-03
           304      G     -5.188965E-04  -1.504791E-04   8.987340E-04  -6.157017E-02  -1.263497E-02  -1.091021E-03
           305      G     -5.040068E-04  -3.414245E-04   5.313434E-03  -1.198755E-01   5.344390E-03   3.200805E-02
           306      G     -4.529210E-04  -3.868169E-05   7.500525E-03  -1.066536E-02  -3.802567E-03  -1.296420E-02
           307      G      5.742264E-04  -5.743048E-05   1.111712E-03  -2.548182E-02  -3.089454E-02   5.718961E-02
           308      G      1.838813E-04   2.445033E-04   2.040423E-03   7.012823E-02  -1.741693E-02  -7.206359E-03
           309      G      5.948238E-04  -6.069225E-04   1.011404E-03  -2.826966E-02  -7.409692E-02  -9.131454E-03
           310      G      5.418115E-04  -1.622174E-04   8.970002E-04  -6.833354E-02   1.930407E-02  -1.071859E-03
           311      G      5.304024E-04  -3.628378E-04   5.339151E-03  -1.391018E-01  -6.071137E-03  -4.295763E-02
           312      G      4.680689E-04  -8.259820E-07   7.512789E-03  -4.364363E-05   3.451952E-03   9.764734E-05
           313      G     -5.981900E-04   6.153987E-05   1.109510E-03   2.418514E-02   3.083164E-02   5.591266E-02
           314      G     -2.173229E-04  -2.355400E-04   2.041665E-03  -7.132260E-02   1.906321E-02  -9.374072E-03
           315      G      3.470004E-07  -5.977186E-06   2.020227E-03   1.898077E-02   1.582060E-05  -8.872007E-05
           316      G     -6.127454E-04   5.877350E-04   1.011589E-03   2.776309E-02   7.393769E-02  -1.033477E-02
           317      G     -5.613651E-04   1.542650E-04   8.965366E-04   6.742643E-02  -1.913218E-02  -1.998389E-03
           318      G     -5.384334E-04   3.372773E-04   5.337162E-03   1.406407E-01   7.709119E-03  -4.632255E-02
           319      G      5.971809E-04   6.493740E-05   1.109477E-03   2.444727E-02  -3.082972E-02  -5.611189E-02
           320      G      2.175190E-04  -2.352101E-04   2.041568E-03  -7.134787E-02  -1.899328E-02   9.190793E-03
           321      G      6.108341E-04   6.059644E-04   1.010583E-03   2.818698E-02  -7.396073E-02   9.565409E-03
           322      G      5.591859E-04   1.654418E-04   8.957774E-04   6.759564E-02   1.908463E-02   1.800091E-03
           323      G      5.393613E-04   3.615134E-04   5.338975E-03   1.389526E-01  -6.859206E-03   4.318591E-02
           324      G     -2.781638E-04   4.570852E-05  -6.664588E-03   1.700994E-01  -1.593302E-01   1.554659E-02
           325      G     -2.289596E-04   1.685624E-05  -1.125976E-02   8.947363E-04  -1.511697E-02  -3.487220E-04
           326      G     -1.793936E-04   5.827984E-06  -1.113248E-02   2.505875E-01  -8.820367E-02  -1.223162E-04
           327      G     -3.653131E-05   1.640049E-05  -1.739566E-02  -8.900937E-04  -2.215485E-01   4.607313E-05
           328      G      1.079211E-05   1.762357E-04  -1.280745E-02   3.432717E-01   2.452808E-04  -2.034121E-03
           329      G      1.065543E-05   1.544884E-05  -2.177783E-02   5.254536E-04  -5.107452E-04   2.649423E-04
           330      G     -4.595989E-04  -9.551784E-05   3.998677E-05   3.915005E-02  -2.189684E-01  -1.838392E-03
           331      G     -2.400559E-04   1.010999E-05  -1.848942E-03  -3.877614E-03  -3.647233E-01   1.880461E-03
           332      G      2.924006E-04   2.768067E-05  -6.640067E-03   1.710768E-01   1.687551E-01  -1.764582E-02
           333      G      2.497411E-04   4.922909E-06  -1.130359E-02  -5.009849E-04   1.412856E-02   1.602937E-04
           334      G      1.967894E-04  -1.708197E-05  -1.116309E-02   2.471088E-01   8.417915E-02   6.533644E-04
           335      G      5.727100E-05   9.968926E-06  -1.741104E-02  -2.412461E-04   2.209144E-01   1.615730E-04
           336      G      4.913512E-04  -1.182116E-04   1.020309E-04   3.665731E-02   2.125516E-01   1.832756E-03
           337      G      2.568087E-04   1.435036E-06  -1.892263E-03  -4.605431E-04   3.660567E-01   1.029481E-04
           338      G     -2.936938E-04  -1.822044E-05  -6.678083E-03  -1.719134E-01  -1.681154E-01  -1.798301E-02
           339      G     -1.901384E-04   3.567341E-05  -1.118894E-02  -2.470558E-01  -8.357366E-02   1.927708E-04
           340      G      6.045986E-06  -1.513322E-04  -1.281445E-02  -3.458006E-01  -2.651325E-04  -2.091065E-04
           341      G     -4.981888E-04   1.113143E-04   9.543090E-05  -3.594067E-02  -2.151359E-01   1.307672E-03
           342      G      3.020260E-04  -2.006330E-05  -6.649551E-03  -1.709980E-01   1.687488E-01   1.771684E-02
           343      G      2.015471E-04   3.321069E-05  -1.118372E-02  -2.470659E-01   8.452786E-02  -2.952949E-04
1                                                       **STUDENT EDITION*    APRIL  18, 2026  MSC Nastran  3/ 3/26   PAGE    25
     DEFAULT                                                                                                                        
0                                                                                                            SUBCASE 1              
      EIGENVALUE =  2.112220E+06
          CYCLES =  2.313075E+02         R E A L   E I G E N V E C T O R   N O .          2
 
      POINT ID.   TYPE          T1             T2             T3             R1             R2             R3
           344      G      5.013337E-04   1.208657E-04   1.015188E-04  -3.640228E-02   2.131627E-01  -1.651431E-03
           400      G     -9.899638E-04  -4.422568E-03   2.730853E-03  -9.452361E-01   3.641098E-02   2.653928E-01
           401      G     -1.105477E-03  -1.652668E-02   3.866258E-03  -2.690760E+00  -1.955502E-01  -4.876198E-02
           402      G     -3.539166E-06  -4.633645E-03   4.211336E-03  -1.199425E+00   7.548442E-04   6.220203E-04
           403      G     -3.002893E-04  -2.481269E-04   6.510855E-04  -6.918603E-02   1.897787E-02  -4.224393E-02
           404      G     -1.607097E-03   9.346913E-04   1.178244E-03  -2.269591E-01  -6.883837E-01  -1.151873E-02
           405      G     -1.494674E-02  -1.086092E-03   7.484108E-03   1.653558E+00   2.694852E+00  -2.153488E-01
           406      G     -1.605600E-02   1.810666E-06   1.067751E-02   9.043374E-05   3.426287E+00  -1.288396E-03
           407      G      9.809261E-04  -4.426971E-03   2.743304E-03  -9.456850E-01  -3.659703E-02  -2.655479E-01
           408      G      1.096331E-03  -1.652963E-02   3.889429E-03  -2.691114E+00   1.955322E-01   4.929745E-02
           409      G      2.944911E-04  -2.634339E-04   6.518661E-04  -7.295073E-02  -1.664678E-02   4.084340E-02
           410      G      1.605403E-03   9.281534E-04   1.182300E-03  -2.272179E-01   6.874163E-01   1.278701E-02
           411      G      1.494700E-02  -1.096569E-03   7.516908E-03   1.654557E+00  -2.695376E+00   2.139230E-01
           412      G      1.605686E-02  -9.074235E-07   1.069588E-02   1.532669E-05  -3.426633E+00   7.203342E-05
           413      G     -9.928426E-04   4.432365E-03   2.741758E-03   9.458850E-01   3.669841E-02  -2.656753E-01
           414      G     -1.106311E-03   1.653722E-02   3.888285E-03   2.691550E+00  -1.954515E-01   4.927702E-02
           415      G     -4.451955E-07   4.642871E-03   4.219518E-03   1.200098E+00  -4.082293E-06  -2.544551E-05
           416      G     -3.075906E-04   2.547893E-04   6.526942E-04   7.278571E-02   1.665022E-02   4.055485E-02
           417      G     -1.618085E-03  -9.294331E-04   1.180757E-03   2.271413E-01  -6.873311E-01   1.252546E-02
           418      G     -1.495104E-02   1.089068E-03   7.513808E-03  -1.654979E+00   2.695616E+00   2.136959E-01
           419      G      9.913767E-04   4.431488E-03   2.740947E-03   9.459399E-01  -3.671353E-02   2.655928E-01
           420      G      1.105244E-03   1.653680E-02   3.887912E-03   2.691603E+00   1.954374E-01  -4.932103E-02
           421      G      3.049720E-04   2.610306E-04   6.495476E-04   7.313065E-02  -1.690783E-02  -4.069060E-02
           422      G      1.616081E-03  -9.270772E-04   1.179618E-03   2.275943E-01   6.874063E-01  -1.264546E-02
           423      G      1.495100E-02   1.094631E-03   7.516496E-03  -1.654555E+00  -2.695644E+00  -2.137569E-01
           424      G     -4.904541E-03  -6.481935E-03   8.665073E-01  -2.151762E+01   8.235878E+00  -2.510174E-01
           425      G     -1.450113E-02   4.831324E-06   1.580266E+00   2.731757E-04   3.183117E+00  -5.179026E-05
           426      G     -1.909621E-03  -2.185190E-03   1.121458E+00  -2.719236E+01   6.585170E+00   2.191648E-02
           427      G     -1.077170E-02   5.400586E-06   1.987797E+00   3.075235E-04   1.498233E+01   2.823709E-06
           428      G     -9.658094E-07  -1.483825E-02   1.271363E+00  -3.174767E+01   4.337042E-04  -1.019375E-04
           429      G      2.906683E-07   4.961044E-06   2.324117E+00   3.541416E-04  -1.323024E-04   3.335530E-05
           430      G     -7.343336E-03  -6.151723E-04   4.160084E-01  -1.047990E+01   1.601164E+01  -8.549971E-02
           431      G     -2.455124E-02   3.879093E-06   7.981350E-01  -1.086274E-03   3.121547E+01   2.306941E-04
           432      G      4.904035E-03  -6.485954E-03   8.665288E-01  -2.151809E+01  -8.236533E+00   2.512152E-01
           433      G      1.450208E-02   2.566261E-06   1.580298E+00   1.594196E-04  -3.183430E+00   4.677894E-05
           434      G      1.908433E-03  -2.186675E-03   1.121480E+00  -2.719218E+01  -6.584715E+00  -2.182307E-02
           435      G      1.077212E-02   4.002803E-06   1.987814E+00   2.865963E-04  -1.498161E+01   4.162875E-05
           436      G      7.342103E-03  -6.214153E-04   4.160360E-01  -1.048126E+01  -1.601069E+01   8.557688E-02
           437      G      2.455287E-02   8.295954E-07   7.981632E-01   6.248172E-05  -3.121600E+01   5.956700E-05
           438      G     -4.906308E-03   6.491838E-03   8.665124E-01   2.151753E+01   8.236108E+00   2.510600E-01
           439      G     -1.909684E-03   2.195806E-03   1.121468E+00   2.719194E+01   6.585150E+00  -2.192123E-02
           440      G      2.903551E-07   1.484814E-02   1.271366E+00   3.174768E+01   2.522241E-05  -1.153496E-05
           441      G     -7.345278E-03   6.229208E-04   4.160328E-01   1.048139E+01   1.601027E+01   8.537366E-02
           442      G      4.907129E-03   6.490779E-03   8.665262E-01   2.151824E+01  -8.236456E+00  -2.510746E-01
           443      G      1.910369E-03   2.194885E-03   1.121477E+00   2.719230E+01  -6.584804E+00   2.192249E-02
           444      G      7.345915E-03   6.227909E-04   4.160366E-01   1.048128E+01  -1.601060E+01  -8.545411E-02
           445      G     -3.606673E-04   1.715622E-03   9.001044E-04  -8.997436E-02   7.204169E-02  -4.778629E-02
           446      G      9.311699E-05   4.757966E-04   1.317925E-03  -1.925458E-01  -6.650786E-03   7.486099E-02
           447      G     -4.634305E-06   1.336983E-04   2.374413E-03  -3.109608E-01   6.959391E-02  -1.644306E-02
           448      G      1.476277E-04  -8.838222E-05   3.848145E-03  -1.450610E-01   2.298495E-02   3.510644E-02
1                                                       **STUDENT EDITION*    APRIL  18, 2026  MSC Nastran  3/ 3/26   PAGE    26
     DEFAULT                                                                                                                        
0                                                                                                            SUBCASE 1              
      EIGENVALUE =  2.112220E+06
          CYCLES =  2.313075E+02         R E A L   E I G E N V E C T O R   N O .          2
 
      POINT ID.   TYPE          T1             T2             T3             R1             R2             R3
           449      G     -9.596265E-07  -2.545909E-05   4.011166E-03  -4.294592E-01   2.715132E-04   2.771879E-04
           450      G      7.283930E-04   1.422305E-03   6.265675E-03  -1.662089E-01   5.161009E-01  -8.806418E-02
           451      G      1.016374E-03   4.430719E-06   9.254215E-03  -5.651390E-04   6.526799E-01  -4.589348E-04
           452      G      3.545064E-04   1.717750E-03   9.021158E-04  -8.966762E-02  -7.245891E-02   4.807586E-02
           453      G     -1.014493E-04   4.747747E-04   1.324029E-03  -1.929008E-01   6.498792E-03  -7.526075E-02
           454      G     -2.345872E-06   1.330131E-04   2.388859E-03  -3.115308E-01  -6.982102E-02   1.630671E-02
           455      G     -1.518864E-04  -8.864799E-05   3.861541E-03  -1.453659E-01  -2.268288E-02  -3.497828E-02
           456      G     -7.347050E-04   1.420260E-03   6.294737E-03  -1.667246E-01  -5.159019E-01   8.787320E-02
           457      G     -1.021579E-03  -1.328932E-06   9.274841E-03   9.654264E-08  -6.531348E-01   3.549792E-05
           458      G     -3.630614E-04  -1.717986E-03   9.029421E-04   8.946945E-02   7.245201E-02   4.818234E-02
           459      G      9.343110E-05  -4.732344E-04   1.323323E-03   1.929223E-01  -6.618652E-03  -7.516091E-02
           460      G     -4.106646E-06  -1.310978E-04   2.387616E-03   3.117947E-01   6.986156E-02   1.640604E-02
           461      G      1.479603E-04   9.062557E-05   3.864414E-03   1.458688E-01   2.291338E-02  -3.507847E-02
           462      G     -1.129682E-06   2.715493E-05   4.021844E-03   4.303170E-01  -1.226201E-05   6.053824E-06
           463      G      7.292231E-04  -1.418554E-03   6.289246E-03   1.665280E-01   5.154407E-01   8.770562E-02
           464      G      3.600967E-04  -1.721003E-03   8.992869E-04   8.966671E-02  -7.248549E-02  -4.806072E-02
           465      G     -9.611750E-05  -4.759777E-04   1.321523E-03   1.930147E-01   6.543968E-03   7.519437E-02
           466      G      1.700595E-06  -1.327577E-04   2.386734E-03   3.118515E-01  -6.987729E-02  -1.639065E-02
           467      G     -1.502552E-04   8.986371E-05   3.863901E-03   1.458949E-01  -2.293051E-02   3.509237E-02
           468      G     -7.329574E-04  -1.423162E-03   6.294061E-03   1.667715E-01  -5.159245E-01  -8.780695E-02
           469      G      2.776843E-04   1.239807E-03   3.149734E-03  -8.144283E-02   2.888162E-01   5.439503E-02
           470      G      2.298649E-04   5.160624E-04   9.374558E-03  -4.339129E-01   1.767802E-01   1.314183E-03
           471      G      2.299962E-04   8.282129E-05   1.361922E-02  -5.425915E-01   1.223173E-01   1.420785E-02
           472      G      1.050675E-04  -1.187604E-05   1.590402E-02  -6.840221E-01   7.982920E-02  -4.250892E-03
           473      G     -2.691328E-06  -2.133616E-05   1.758213E-02  -6.297023E-01   3.529483E-04  -8.983655E-05
           474      G      5.346315E-04   3.030214E-04   1.869738E-02  -3.220047E-01   3.751969E-01   2.952895E-02
           475      G      3.767202E-04   8.431363E-05   2.761332E-02  -5.728766E-01   2.616616E-01   2.838806E-03
           476      G      1.888173E-04  -8.255776E-06   3.251848E-02  -6.512267E-01   1.178350E-01   3.501308E-03
           477      G     -2.925942E-06  -7.094507E-06   3.420197E-02  -6.881053E-01   4.191018E-04   1.072090E-05
           478      G      6.082635E-04   5.416963E-04   8.611677E-03  -5.533691E-02   5.796606E-01   2.138584E-02
           479      G      7.645897E-04   2.294081E-04   2.495278E-02  -2.313376E-01   5.825003E-01   3.315829E-03
           480      G      4.908859E-04   3.118805E-05   3.793885E-02  -3.259517E-01   3.466907E-01   4.358448E-03
           481      G      2.463418E-04   1.240615E-06   4.472085E-02  -4.033570E-01   1.690457E-01   1.064195E-03
           482      G      7.675148E-04   1.468450E-06   2.733846E-02  -2.041150E-04   5.874758E-01   1.207403E-04
           483      G      5.558329E-04   1.372407E-06   4.154312E-02  -3.725885E-04   4.178060E-01  -5.343263E-06
           484      G      2.685052E-04   1.183227E-06   4.934790E-02  -3.129576E-04   1.770232E-01   1.154645E-05
           485      G     -2.855895E-06  -6.808820E-06   4.701087E-02  -4.147829E-01   3.823732E-04   5.575754E-06
           486      G     -2.618772E-06   1.046792E-06   5.176371E-02  -2.521086E-04   3.257655E-04   1.135788E-05
           487      G     -2.844533E-04   1.239647E-03   3.160880E-03  -8.232360E-02  -2.889782E-01  -5.450868E-02
           488      G     -2.366957E-04   5.150662E-04   9.392357E-03  -4.344925E-01  -1.771805E-01  -1.230051E-03
           489      G     -2.362142E-04   8.239283E-05   1.364533E-02  -5.430713E-01  -1.223496E-01  -1.417387E-02
           490      G     -1.105769E-04  -1.174457E-05   1.592312E-02  -6.843011E-01  -7.926155E-02   4.225902E-03
           491      G     -5.410909E-04   3.017604E-04   1.872757E-02  -3.224663E-01  -3.754380E-01  -2.949385E-02
           492      G     -3.828880E-04   8.369162E-05   2.764607E-02  -5.730100E-01  -2.614905E-01  -2.829491E-03
           493      G     -1.947559E-04  -8.355575E-06   3.254037E-02  -6.512433E-01  -1.172075E-01  -3.498939E-03
           494      G     -6.139367E-04   5.386674E-04   8.642135E-03  -5.499217E-02  -5.797835E-01  -2.125625E-02
           495      G     -7.706799E-04   2.274512E-04   2.498663E-02  -2.311919E-01  -5.826402E-01  -3.307777E-03
           496      G     -4.967368E-04   3.039003E-05   3.797196E-02  -3.258731E-01  -3.464276E-01  -4.328727E-03
           497      G     -2.520844E-04   9.412415E-07   4.474157E-02  -4.032445E-01  -1.684289E-01  -1.047384E-03
           498      G     -7.727809E-04  -5.302762E-07   2.736796E-02  -2.191108E-06  -5.876147E-01   2.252956E-05
1                                                       **STUDENT EDITION*    APRIL  18, 2026  MSC Nastran  3/ 3/26   PAGE    27
     DEFAULT                                                                                                                        
0                                                                                                            SUBCASE 1              
      EIGENVALUE =  2.112220E+06
          CYCLES =  2.313075E+02         R E A L   E I G E N V E C T O R   N O .          2
 
      POINT ID.   TYPE          T1             T2             T3             R1             R2             R3
           499      G     -5.610873E-04   2.378575E-07   4.157147E-02  -4.260778E-05  -4.175718E-01   2.048854E-05
           500      G     -2.737416E-04   7.510616E-07   4.936540E-02  -1.308547E-04  -1.765255E-01   1.510671E-05
           501      G      2.778469E-04  -1.238954E-03   3.158591E-03   8.224693E-02   2.887635E-01  -5.456946E-02
           502      G      2.306523E-04  -5.134170E-04   9.387987E-03   4.341866E-01   1.772100E-01  -1.294493E-03
           503      G      2.307106E-04  -8.015922E-05   1.364412E-02   5.428269E-01   1.225188E-01  -1.420992E-02
           504      G      1.057858E-04   1.411150E-05   1.593056E-02   6.842157E-01   7.968868E-02   4.253384E-03
           505      G     -1.559021E-06   2.330924E-05   1.760256E-02   6.298386E-01   3.592408E-05   2.062092E-05
           506      G      5.357027E-04  -3.001775E-04   1.871564E-02   3.221353E-01   3.754006E-01  -2.948892E-02
           507      G      3.776632E-04  -8.158232E-05   2.763701E-02   5.725577E-01   2.617423E-01  -2.837586E-03
           508      G      1.896621E-04   1.061168E-05   3.254258E-02   6.509007E-01   1.177082E-01  -3.494648E-03
           509      G     -1.954900E-06   9.191492E-06   3.422052E-02   6.878808E-01   1.291259E-04   1.651745E-05
           510      G      6.085682E-04  -5.371782E-04   8.631000E-03   5.462717E-02   5.793351E-01  -2.118678E-02
           511      G      7.655725E-04  -2.257936E-04   2.496599E-02   2.306196E-01   5.825191E-01  -3.332954E-03
           512      G      4.915040E-04  -2.861220E-05   3.795325E-02   3.254388E-01   3.466739E-01  -4.328115E-03
           513      G      2.468788E-04   1.174018E-06   4.473458E-02   4.027679E-01   1.689678E-01  -1.049355E-03
           514      G     -2.307873E-06   8.900635E-06   4.702159E-02   4.143419E-01   2.274217E-04   1.427990E-05
           515      G     -2.811098E-04  -1.242675E-03   3.158872E-03   8.238692E-02  -2.890043E-01   5.459314E-02
           516      G     -2.336791E-04  -5.161748E-04   9.391702E-03   4.345448E-01  -1.772067E-01   1.321901E-03
           517      G     -2.338338E-04  -8.181473E-05   1.364755E-02   5.431265E-01  -1.225130E-01   1.424605E-02
           518      G     -1.089001E-04   1.334602E-05   1.593278E-02   6.844117E-01  -7.963009E-02  -4.217808E-03
           519      G     -5.394352E-04  -3.027964E-04   1.872775E-02   3.224760E-01  -3.754633E-01   2.954784E-02
           520      G     -3.814520E-04  -8.313291E-05   2.764898E-02   5.730011E-01  -2.616581E-01   2.869801E-03
           521      G     -1.935533E-04   9.926471E-06   3.254993E-02   6.511494E-01  -1.175016E-01   3.526995E-03
           522      G     -6.131396E-04  -5.414414E-04   8.642034E-03   5.500466E-02  -5.797929E-01   2.130894E-02
           523      G     -7.699382E-04  -2.284925E-04   2.498690E-02   2.311899E-01  -5.826648E-01   3.355386E-03
           524      G     -4.960459E-04  -2.989217E-05   3.797391E-02   3.258126E-01  -3.465226E-01   4.369193E-03
           525      G     -2.514719E-04   5.853135E-07   4.474731E-02   4.030225E-01  -1.685962E-01   1.077544E-03
          1000      G      1.193294E-06   3.270656E-05   9.448576E-04   1.630738E-02   1.908079E-06   6.049757E-04
          1001      G      1.083721E-05   3.413116E-06   1.854467E-04  -2.376362E-04  -1.178146E-04   2.345008E-02
          1002      G      2.251927E-05  -8.303553E-06   1.865620E-04  -1.886098E-04  -1.242395E-04   2.929196E-02
          1003      G      1.197125E-06  -1.804676E-05   3.687702E-02  -1.342881E+00   2.672476E-05  -2.294323E-06
          1004      G      3.798379E-05  -2.353091E-05   3.357815E-02  -1.182328E+00   1.736948E-01   5.809686E-04
          1005      G      5.654903E-05  -1.631074E-05   2.653451E-02  -9.538094E-01   3.345203E-01   1.317988E-03
          1006      G      9.850110E-07   1.233632E-07   6.764819E-02   5.914965E-06   8.621789E-05  -2.507161E-06
          1007      G      1.031667E-04   2.994848E-08   5.982633E-02  -1.574786E-05   5.822093E-01  -2.807205E-06
          1008      G      2.489183E-04   1.216394E-07   4.865951E-02  -3.490791E-05   1.014729E-01  -4.017997E-06
          1009      G     -4.130536E-10   2.666965E-05   2.199463E-04  -9.803421E-05  -1.376865E-04   3.738557E-02
          1010      G     -8.820680E-05  -8.540086E-05   2.203082E-04  -1.467564E-04  -8.748091E-05  -1.197379E-02
          1011      G      9.790420E-05  -3.055143E-05   1.492322E-02  -5.167762E-01   5.061566E-01   2.167125E-03
          1012      G      1.525044E-04   5.018289E-05   5.066339E-03  -7.301617E-02   8.824228E-02  -1.703704E-01
          1013      G      2.495374E-04  -5.763192E-08   2.806282E-02   2.480110E-05   1.298479E+00  -8.953618E-06
          1014      G      2.846245E-04  -2.379314E-07   7.104439E-03   1.167648E-04   1.162228E-01  -6.761242E-04
          1015      G     -8.383724E-06   3.069936E-06   1.846512E-04  -2.371387E-04   1.155356E-04  -2.180781E-02
          1016      G     -2.001724E-05  -7.597461E-06   1.857043E-04  -1.877621E-04   1.219780E-04  -2.762548E-02
          1017      G     -3.566935E-05  -2.342198E-05   3.358014E-02  -1.182395E+00  -1.735697E-01  -5.860358E-04
          1018      G     -5.415330E-05  -1.602997E-05   2.653919E-02  -9.539347E-01  -3.344378E-01  -1.320743E-03
          1019      G     -1.011116E-04   8.779789E-08   5.982745E-02   1.698796E-06  -5.822671E-01  -1.679521E-06
          1020      G     -2.468039E-04   1.913446E-07   4.866201E-02  -6.099265E-06  -1.012914E-01  -1.806756E-06
          1021      G      2.494703E-06   2.771121E-05   2.197502E-04  -8.881268E-05   1.413832E-04  -3.701091E-02
          1022      G      9.127917E-05  -8.643795E-05   2.202090E-04  -1.381489E-04   9.074251E-05   1.268945E-02
1                                                       **STUDENT EDITION*    APRIL  18, 2026  MSC Nastran  3/ 3/26   PAGE    28
     DEFAULT                                                                                                                        
0                                                                                                            SUBCASE 1              
      EIGENVALUE =  2.112220E+06
          CYCLES =  2.313075E+02         R E A L   E I G E N V E C T O R   N O .          2
 
      POINT ID.   TYPE          T1             T2             T3             R1             R2             R3
          1023      G     -9.512262E-05  -3.040211E-05   1.493002E-02  -5.169012E-01  -5.060882E-01  -2.172020E-03
          1024      G     -1.497489E-04   5.070915E-05   5.077402E-03  -7.318508E-02  -8.793096E-02   1.699506E-01
          1025      G     -2.474567E-04   1.884190E-07   2.806603E-02  -1.602851E-05  -1.298567E+00  -9.988230E-07
          1026      G     -2.824843E-04   2.673131E-07   7.108934E-03   1.489586E-05  -1.159988E-01   1.812566E-04
          1027      G      7.702245E-07  -3.261683E-05   9.443811E-04  -1.630678E-02   1.681770E-05  -3.449305E-04
          1028      G      1.027813E-05  -3.757933E-06   1.847864E-04   2.366334E-04  -1.185989E-04  -2.356246E-02
          1029      G      2.179542E-05   9.049688E-06   1.859238E-04   1.880252E-04  -1.250293E-04  -2.932222E-02
          1030      G      8.699061E-07   1.801881E-05   3.687802E-02   1.342882E+00   8.010640E-06  -4.417746E-07
          1031      G      3.751906E-05   2.376243E-05   3.358014E-02   1.182355E+00   1.736413E-01  -5.854891E-04
          1032      G      5.599228E-05   1.616524E-05   2.653784E-02   9.538562E-01   3.344771E-01  -1.322177E-03
          1033      G     -7.758105E-07  -2.796354E-05   2.196749E-04   9.347642E-05  -1.426825E-04  -3.816286E-02
          1034      G     -8.968433E-05   8.683670E-05   2.201664E-04   1.430053E-04  -9.193201E-05   1.161435E-02
          1035      G      9.699045E-05   3.080801E-05   1.492696E-02   5.167575E-01   5.061751E-01  -2.176381E-03
          1036      G      1.514797E-04  -5.079665E-05   5.070831E-03   7.289707E-02   8.815014E-02   1.694143E-01
          1037      G     -8.748356E-06  -3.527487E-06   1.848708E-04   2.374188E-04   1.185265E-04   2.263622E-02
          1038      G     -2.034493E-05   8.408154E-06   1.860050E-04   1.884613E-04   1.249601E-04   2.843548E-02
          1039      G     -3.584297E-05   2.366935E-05   3.358105E-02   1.182382E+00  -1.735710E-01   5.819691E-04
          1040      G     -5.426867E-05   1.619806E-05   2.654000E-02   9.539245E-01  -3.344430E-01   1.315526E-03
          1041      G      2.149045E-06  -2.780420E-05   2.197487E-04   8.869897E-05   1.432143E-04   3.764621E-02
          1042      G     -9.516701E-05   3.098764E-05   1.493060E-02   5.169036E-01  -5.060932E-01   2.167665E-03
          1043      G     -1.497892E-04  -5.030856E-05   5.077098E-03   7.314687E-02  -8.799612E-02  -1.698178E-01
          1044      G      9.120463E-05   8.754222E-05   2.202536E-04   1.383318E-04   9.238096E-05  -1.221451E-02
          2000      G      4.438866E-06   4.773158E-05   1.372416E-03  -1.070034E-03  -1.234657E-04   2.924660E-03
          2001      G      2.591811E-06   9.773827E-06   1.844028E-04  -2.065623E-04  -1.115557E-04   2.120666E-02
          2002      G     -3.622100E-07  -1.916456E-06   1.857907E-04  -1.754569E-04  -1.224674E-04   1.975769E-02
          2003      G      6.080288E-06  -4.300173E-06   2.388987E-02  -8.143653E-01   3.697197E-03   3.481955E-05
          2004      G      1.862328E-05  -7.440402E-06   2.143356E-02  -7.368400E-01   1.089836E-01   3.836904E-04
          2005      G      2.391759E-05  -4.011651E-06   1.732620E-02  -6.015281E-01   1.891135E-01   7.773705E-04
          2006      G      1.013330E-05   4.167093E-07   4.264685E-02  -6.799569E-05   2.012240E-03   1.977235E-05
          2007      G      6.488328E-05   7.406502E-07   3.778438E-02  -3.465552E-04   3.445604E-01   2.991090E-05
          2008      G      1.468569E-04   2.219354E-06   3.125268E-02  -4.756097E-04   5.244645E-02   3.582697E-05
          2009      G     -2.490650E-05   4.245459E-05   2.199116E-04  -1.061292E-04  -1.244967E-04   2.630159E-02
          2010      G     -9.615314E-05  -7.966036E-05   2.215167E-04  -1.498131E-04  -8.505409E-05  -1.366002E-02
          2011      G      3.818009E-05  -2.039087E-05   1.067056E-02  -3.410032E-01   2.913205E-01   1.659811E-03
          2012      G      6.781341E-05   5.950300E-05   5.068880E-03  -7.540416E-02   4.262780E-02   1.977530E-01
          2013      G      1.463800E-04   3.469030E-06   1.920772E-02  -2.556250E-03   7.669824E-01   1.479678E-05
          2014      G      1.619641E-04   3.756759E-06   6.985633E-03  -3.477045E-03   5.279685E-02   9.699825E-03
          2015      G      5.509061E-06   9.387080E-06   1.836344E-04  -2.069668E-04   1.089788E-04  -1.671065E-02
          2016      G      6.583772E-06  -1.305932E-06   1.849700E-04  -1.741745E-04   1.201791E-04  -1.619945E-02
          2017      G     -6.225564E-06  -7.439461E-06   2.164708E-02  -7.436150E-01  -1.013148E-01  -3.153001E-04
          2018      G     -1.220457E-05  -4.163071E-06   1.768628E-02  -6.140298E-01  -1.881965E-01  -6.669930E-04
          2019      G     -4.583252E-05  -8.061697E-08   3.819694E-02  -5.020587E-05  -3.215744E-01   1.639267E-05
          2020      G     -1.253916E-04  -1.950592E-07   3.204684E-02   2.380107E-05  -4.899503E-02   1.372401E-05
          2021      G      2.632035E-05   4.219474E-05   2.197101E-04  -9.525433E-05   1.297654E-04  -2.660718E-02
          2022      G      9.600360E-05  -8.491539E-05   2.214846E-04  -1.423397E-04   8.978679E-05   1.255674E-02
          2023      G     -2.542539E-05  -2.219428E-05   1.085322E-02  -3.411217E-01  -3.032063E-01  -1.433465E-03
          2024      G     -5.598821E-05   4.838153E-05   5.075053E-03  -6.022253E-02  -4.001555E-02  -1.337417E-01
          2025      G     -1.252463E-04  -5.756852E-07   1.960691E-02  -2.052400E-05  -7.953257E-01   1.446974E-05
          2026      G     -1.386564E-04  -8.396476E-07   6.977288E-03  -7.413438E-05  -4.988328E-02  -5.671095E-04
          2027      G      7.387416E-06  -4.669393E-05   1.371357E-03   9.225744E-04   5.702528E-05  -3.556386E-03
1                                                       **STUDENT EDITION*    APRIL  18, 2026  MSC Nastran  3/ 3/26   PAGE    29
     DEFAULT                                                                                                                        
0                                                                                                            SUBCASE 1              
      EIGENVALUE =  2.112220E+06
          CYCLES =  2.313075E+02         R E A L   E I G E N V E C T O R   N O .          2
 
      POINT ID.   TYPE          T1             T2             T3             R1             R2             R3
          2028      G      6.059483E-06  -9.984480E-06   1.837329E-04   2.048594E-04  -1.123360E-04  -2.333977E-02
          2029      G      4.181273E-06   2.903836E-06   1.851490E-04   1.740117E-04  -1.231602E-04  -2.242720E-02
          2030      G      8.091169E-06   4.573419E-06   2.387705E-02   8.120755E-01   3.649537E-03  -6.945486E-06
          2031      G      2.079188E-05   8.743281E-06   2.141875E-02   7.331259E-01   1.094090E-01  -3.428107E-04
          2032      G      2.555120E-05   6.384739E-06   1.731055E-02   5.952780E-01   1.884952E-01  -7.121559E-04
          2033      G     -1.833815E-05  -3.969857E-05   2.196290E-04   1.005027E-04  -1.296454E-04  -3.085250E-02
          2034      G     -8.915125E-05   8.996274E-05   2.214796E-04   1.479873E-04  -8.959672E-05   8.959642E-03
          2035      G      3.817650E-05   2.563281E-05   1.067656E-02   3.325849E-01   2.906822E-01  -1.540787E-03
          2036      G      6.631250E-05  -4.894913E-05   5.079863E-03   6.111593E-02   4.262060E-02  -1.401821E-01
          2037      G      8.128581E-06  -9.858682E-06   1.838528E-04   2.071381E-04   1.119808E-04   1.609770E-02
          2038      G      9.049873E-06   2.053526E-06   1.852705E-04   1.750444E-04   1.232012E-04   1.566306E-02
          2039      G     -4.450328E-06   7.691907E-06   2.163818E-02   7.422003E-01  -1.010465E-01   3.392942E-04
          2040      G     -1.068698E-05   3.585246E-06   1.768016E-02   6.131517E-01  -1.881960E-01   6.924424E-04
          2041      G      2.866000E-05  -4.361382E-05   2.197079E-04   9.514960E-05   1.316042E-04   2.592824E-02
          2042      G      9.845736E-05   8.357787E-05   2.215262E-04   1.424023E-04   9.150904E-05  -1.330929E-02
          2043      G     -2.405060E-05   2.135569E-05   1.084925E-02   3.406841E-01  -3.030658E-01   1.459755E-03
          2044      G     -5.461335E-05  -5.020227E-05   5.073976E-03   6.011210E-02  -3.991903E-02   1.326084E-01
          3000      G      3.924922E-06   1.632865E-04   2.086240E-03  -1.640409E-02  -3.864198E-03   2.667314E-02
          3001      G     -8.599091E-05  -2.624420E-04   1.758695E-03   6.492963E-02   2.012488E-02  -1.914092E-02
          3002      G     -1.735628E-04   1.372813E-04   1.193001E-03  -2.091026E-02   3.064868E-02   1.136677E-01
          3003      G      1.077097E-05  -6.088231E-05  -1.023753E-02   5.059961E-01  -1.520136E-03   6.683700E-05
          3004      G     -9.200204E-05   4.383458E-05  -9.030520E-03   3.576244E-01  -7.857124E-02   4.602843E-04
          3005      G     -1.557561E-04   1.643825E-05  -4.839380E-03   2.605549E-01  -2.092312E-01  -1.194670E-03
          3006      G      6.596202E-06   1.130017E-05  -2.177843E-02   5.254729E-04  -5.107445E-04  -3.268075E-05
          3007      G     -1.291598E-04   1.151928E-05  -1.714657E-02  -2.421961E-03  -3.454971E-01  -3.590960E-05
          3008      G     -3.395247E-04   9.742163E-06  -1.125979E-02   8.947609E-04  -1.511739E-02  -5.254624E-05
          3009      G     -1.838621E-04   1.193983E-04   1.120158E-03  -6.157046E-02  -1.263377E-02   2.190016E-01
          3010      G     -1.809200E-04  -1.809537E-04   1.362560E-03  -3.909929E-02   4.948330E-02  -1.729371E-02
          3011      G     -3.279875E-04   2.493002E-05   1.207102E-03   7.382805E-02  -2.225923E-01  -1.433008E-03
          3012      G     -4.516617E-04  -7.572462E-06   5.334290E-03  -1.198792E-01   5.366529E-03   2.772579E-01
          3013      G     -3.803203E-04   7.175469E-06  -1.715220E-03   1.315520E-03  -6.093029E-01  -1.090969E-04
          3014      G     -4.722437E-04   4.133564E-06   7.484629E-03  -1.066498E-02  -3.775981E-03   3.391082E-02
          3015      G      9.935673E-05  -2.981491E-04   1.759596E-03   7.008196E-02  -1.741750E-02   3.413823E-02
          3016      G      1.924750E-04   1.424780E-04   1.213346E-03  -2.546419E-02  -3.089688E-02  -1.251169E-01
          3017      G      1.072850E-04   3.844383E-05  -9.069887E-03   3.533060E-01   7.717796E-02  -4.180892E-04
          3018      G      1.672762E-04   1.224483E-05  -4.819940E-03   2.616090E-01   2.151287E-01   1.082953E-03
          3019      G      1.430018E-04   1.158078E-05  -1.716438E-02  -7.920645E-04   3.447263E-01   1.537794E-05
          3020      G      3.524860E-04   8.919813E-06  -1.130362E-02  -5.010026E-04   1.412888E-02   3.490697E-05
          3021      G      2.010787E-04   1.316736E-04   1.132282E-03  -6.833246E-02   1.930401E-02  -2.462529E-01
          3022      G      1.968016E-04  -1.850993E-04   1.421039E-03  -2.828408E-02  -7.410625E-02   1.061312E-01
          3023      G      3.450137E-04   2.746675E-05   1.216631E-03   7.355136E-02   2.178405E-01   1.272076E-03
          3024      G      4.721208E-04   1.356170E-06   5.362922E-03  -1.391037E-01  -6.094048E-03  -3.275008E-01
          3025      G      3.919036E-04   8.330162E-06  -1.765579E-03  -4.272458E-04   6.113367E-01   2.717025E-05
          3026      G      4.845487E-04   7.126815E-06   7.498349E-03  -4.367483E-05   3.425258E-03   3.700933E-03
          3027      G      4.286117E-06  -1.514513E-04   2.095647E-03   1.894948E-02   1.582535E-05  -1.815858E-03
          3028      G     -9.289697E-05   3.166411E-04   1.756084E-03  -7.127637E-02   1.906395E-02   2.291254E-02
          3029      G     -1.871975E-04  -1.280339E-04   1.205948E-03   2.416731E-02   3.083396E-02  -1.386952E-01
          3030      G      5.425411E-06   8.827814E-05  -1.023689E-02  -5.075461E-01  -4.003353E-04  -1.555669E-05
          3031      G     -9.555102E-05  -2.009406E-05  -9.064951E-03  -3.510539E-01  -7.696764E-02  -5.635285E-04
          3032      G     -1.576138E-04   4.445268E-06  -4.853973E-03  -2.613291E-01  -2.119069E-01   9.879948E-04
1                                                       **STUDENT EDITION*    APRIL  18, 2026  MSC Nastran  3/ 3/26   PAGE    30
     DEFAULT                                                                                                                        
0                                                                                                            SUBCASE 1              
      EIGENVALUE =  2.112220E+06
          CYCLES =  2.313075E+02         R E A L   E I G E N V E C T O R   N O .          2
 
      POINT ID.   TYPE          T1             T2             T3             R1             R2             R3
          3033      G     -1.962815E-04  -1.208638E-04   1.128545E-03   6.742551E-02  -1.913210E-02  -2.568209E-01
          3034      G     -1.908647E-04   1.951121E-04   1.418553E-03   2.777717E-02   7.394695E-02   9.476358E-02
          3035      G     -3.371516E-04  -1.416494E-05   1.186329E-03  -7.469523E-02  -2.214562E-01   1.164355E-03
          3036      G     -4.670014E-04   8.464009E-06   5.367504E-03   1.406429E-01   7.732207E-03  -3.479207E-01
          3037      G      1.012910E-04   3.171801E-04   1.755888E-03  -7.130166E-02  -1.899398E-02  -2.654598E-02
          3038      G      1.951668E-04  -1.267066E-04   1.206968E-03   2.442951E-02  -3.083203E-02   1.344177E-01
          3039      G      1.061327E-04  -1.994165E-05  -9.075928E-03  -3.516899E-01   7.691771E-02   5.161232E-04
          3040      G      1.679269E-04   5.948762E-06  -4.826124E-03  -2.605480E-01   2.149499E-01  -1.039431E-03
          3041      G      2.042485E-04  -1.163441E-04   1.128546E-03   6.759456E-02   1.908458E-02   2.517516E-01
          3042      G      1.995459E-04   1.991712E-04   1.419343E-03   2.820137E-02  -7.397002E-02  -9.938663E-02
          3043      G      3.466602E-04  -1.181241E-05   1.218135E-03  -7.287796E-02   2.184951E-01  -1.216242E-03
          3044      G      4.747613E-04   1.305604E-05   5.365895E-03   1.389544E-01  -6.882268E-03   3.345395E-01
          4000      G     -2.180753E-06   4.511478E-03   9.085322E-03  -1.199517E+00   7.547934E-04  -2.935729E-03
          4001      G      6.877218E-04   4.487730E-03   1.473003E-02  -2.692368E+00  -1.956774E-01   1.718478E+00
          4002      G      1.447830E-03   2.804205E-03   6.570418E-03  -9.457317E-01   3.647743E-02   8.064680E-01
          4003      G     -1.784761E-06   1.500027E-03   1.262120E+00  -4.656659E+01   4.646552E-04   1.256330E-05
          4004      G      1.324353E-03   9.323383E-04   1.149985E+00  -3.895297E+01   6.862317E+00   7.355812E-03
          4005      G      1.689784E-03   3.186824E-04   8.554442E-01  -3.094282E+01   1.375958E+01   4.415348E-02
          4006      G     -7.866729E-07   2.127190E-06   2.324217E+00   3.541132E-04  -1.322730E-04   1.514132E-05
          4007      G      3.699763E-03   2.333813E-06   2.016649E+00   3.002910E-04   2.335549E+01   1.309193E-05
          4008      G      9.658084E-03   2.644676E-06   1.580305E+00   2.731457E-04   3.184862E+00   1.921050E-05
          4009      G      2.754118E-04  -8.558229E-04   7.140453E-04  -2.266793E-01  -6.889364E-01   3.665937E+00
          4010      G     -1.119436E-03   1.441775E-03   9.200861E-04  -6.906050E-02   1.864837E-02  -4.846389E-01
          4011      G      4.249780E-03   2.943378E-04   3.925040E-01  -1.483388E+01   1.945830E+01   6.671519E-02
          4012      G      6.192856E-03   1.647139E-03   1.837964E-02   1.654420E+00   2.696482E+00  -7.705979E+00
          4013      G      9.089833E-03   2.884107E-06   8.024405E-01  -1.146231E-03   4.900168E+01   1.495988E-05
          4014      G      1.064397E-02   3.308002E-06   2.456566E-02   9.046650E-05   3.427302E+00   1.798682E-04
          4015      G     -6.924634E-04   4.487561E-03   1.475461E-02  -2.692722E+00   1.956594E-01  -1.716744E+00
          4016      G     -1.452919E-03   2.803325E-03   6.584678E-03  -9.461803E-01  -3.666340E-02  -8.036066E-01
          4017      G     -1.327793E-03   9.319074E-04   1.150007E+00  -3.895267E+01  -6.861801E+00  -7.325469E-03
          4018      G     -1.693196E-03   3.174408E-04   8.554672E-01  -3.094315E+01  -1.375995E+01  -4.411497E-02
          4019      G     -3.701446E-03   1.686610E-06   2.016667E+00   1.716299E-04  -2.335420E+01   1.740894E-05
          4020      G     -9.659662E-03   1.293557E-06   1.580337E+00   1.593995E-04  -3.185175E+00   1.304124E-05
          4021      G     -2.806546E-04  -8.582482E-04   7.210546E-04  -2.269383E-01   6.879688E-01  -3.665138E+00
          4022      G      1.114497E-03   1.438719E-03   9.266059E-04  -7.282482E-02  -1.631762E-02   4.772070E-01
          4023      G     -4.253306E-03   2.921144E-04   3.925354E-01  -1.483523E+01  -1.945736E+01  -6.666878E-02
          4024      G     -6.196725E-03   1.643326E-03   1.841454E-02   1.655420E+00  -2.697006E+00   7.714689E+00
          4025      G     -9.091542E-03   7.278623E-07   8.024704E-01   7.656823E-05  -4.900185E+01   2.191555E-05
          4026      G     -1.064583E-02   1.519379E-07   2.458541E-02   1.533320E-05  -3.427648E+00   5.171996E-04
          4027      G      2.463495E-07  -4.507594E-03   9.096201E-03   1.200190E+00  -4.081761E-06  -3.355605E-04
          4028      G      6.899350E-04  -4.483448E-03   1.475521E-02   2.693158E+00  -1.955787E-01  -1.720119E+00
          4029      G      1.449933E-03  -2.799520E-03   6.583934E-03   9.463805E-01   3.676482E-02  -8.075315E-01
          4030      G     -2.731717E-07  -1.495987E-03   1.262127E+00   4.656595E+01   1.925381E-04   1.278669E-05
          4031      G      1.325726E-03  -9.277822E-04   1.149999E+00   3.895203E+01   6.862256E+00  -7.331578E-03
          4032      G      1.691055E-03  -3.135002E-04   8.554541E-01   3.094227E+01   1.375971E+01  -4.412990E-02
          4033      G      2.772958E-04   8.618652E-04   7.193719E-04   2.268616E-01  -6.878836E-01  -3.669185E+00
          4034      G     -1.117885E-03  -1.436350E-03   9.267909E-04   7.265990E-02   1.632099E-02   4.726518E-01
          4035      G      4.251206E-03  -2.886533E-04   3.925324E-01   1.483524E+01   1.945701E+01  -6.668932E-02
          4036      G      6.194584E-03  -1.640469E-03   1.841240E-02  -1.655841E+00   2.697245E+00   7.711419E+00
          4037      G     -6.894670E-04  -4.484277E-03   1.475505E-02   2.693211E+00   1.955646E-01   1.719342E+00
1                                                       **STUDENT EDITION*    APRIL  18, 2026  MSC Nastran  3/ 3/26   PAGE    31
     DEFAULT                                                                                                                        
0                                                                                                            SUBCASE 1              
      EIGENVALUE =  2.112220E+06
          CYCLES =  2.313075E+02         R E A L   E I G E N V E C T O R   N O .          2
 
      POINT ID.   TYPE          T1             T2             T3             R1             R2             R3
          4038      G     -1.449461E-03  -2.800840E-03   6.583341E-03   9.464353E-01  -3.677992E-02   8.065872E-01
          4039      G     -1.326195E-03  -9.284727E-04   1.150010E+00   3.895249E+01  -6.861963E+00   7.358032E-03
          4040      G     -1.691485E-03  -3.149202E-04   8.554668E-01   3.094308E+01  -1.375997E+01   4.415419E-02
          4041      G     -2.768399E-04   8.597069E-04   7.199000E-04   2.273147E-01   6.879588E-01   3.668379E+00
          4042      G      1.118510E-03  -1.438204E-03   9.260477E-04   7.300481E-02  -1.657870E-02  -4.751758E-01
          4043      G     -4.251489E-03  -2.905809E-04   3.925369E-01   1.483514E+01  -1.945727E+01   6.671409E-02
          4044      G     -6.194860E-03  -1.643085E-03   1.841520E-02  -1.655417E+00  -2.697274E+00  -7.713757E+00
1                                                       **STUDENT EDITION*    APRIL  18, 2026  MSC Nastran  3/ 3/26   PAGE    32
     DEFAULT                                                                                                                        
0                                                                                                            SUBCASE 1              
      EIGENVALUE =  2.302374E+06
          CYCLES =  2.414949E+02         R E A L   E I G E N V E C T O R   N O .          3
 
      POINT ID.   TYPE          T1             T2             T3             R1             R2             R3
             1      G      0.0            0.0            0.0            0.0            0.0            0.0
             2      G      0.0            0.0            0.0            0.0            0.0            0.0
             3      G      0.0            0.0            0.0            0.0            0.0            0.0
             4      G      0.0            0.0            0.0            0.0            0.0            0.0
             5      G      0.0            0.0            0.0            0.0            0.0            0.0
             6      G      0.0            0.0            0.0            0.0            0.0            0.0
             7      G      0.0            0.0            0.0            0.0            0.0            0.0
             8      G      0.0            0.0            0.0            0.0            0.0            0.0
            10      G     -4.331301E-05  -9.818676E-05  -1.468173E-04  -2.055153E-04  -1.618879E-05   2.193654E-02
            11      G     -4.350178E-05   9.842197E-05  -1.470642E-04   2.050803E-04  -1.673451E-05  -2.194714E-02
            12      G     -1.997890E-04  -1.032576E-04  -2.713213E-04  -5.164853E-04  -1.645173E-04  -3.148639E-02
            13      G     -2.000987E-04   1.035086E-04  -2.713088E-04   5.154049E-04  -1.653393E-04   3.145862E-02
            14      G      2.005956E-04  -1.026696E-04  -2.709781E-04  -5.157872E-04   1.668829E-04   3.131974E-02
            15      G      1.990965E-04   1.038346E-04  -2.708351E-04   5.143574E-04   1.639863E-04  -3.130371E-02
            16      G      4.333324E-05  -9.642330E-05  -1.464891E-04  -2.109458E-04   1.429487E-05  -2.210652E-02
            17      G      4.363863E-05   9.480155E-05  -1.476908E-04   2.254464E-04   1.370657E-05   2.125323E-02
           100      G      8.749488E-03   3.144478E-03  -8.948759E-01   2.198783E+01  -7.981027E+00   2.600818E-01
           101      G      1.793548E-02   2.167963E-06  -1.646409E+00   1.227604E-04  -3.699066E+00  -3.331681E-05
           102      G      3.903566E-03  -2.467460E-03  -1.145417E+00   2.852601E+01  -6.923019E+00   2.201992E-02
           103      G      1.278773E-02   1.063116E-06  -2.066451E+00   1.476564E-04  -1.532865E+01   4.868184E-05
           104      G     -1.060186E-06   8.775771E-03  -1.303340E+00   3.182680E+01  -1.666175E-04   1.377167E-05
           105      G     -3.328165E-07   4.295659E-07  -2.402071E+00   2.355988E-05  -9.093348E-05   1.531610E-05
           106      G     -3.568128E-05  -4.845185E-04  -2.777749E-04   5.143574E-04   1.639863E-04  -3.130371E-02
           107      G     -3.568128E-05   3.508992E-04  -2.733985E-04   5.143574E-04   1.639863E-04  -3.130371E-02
           108      G     -2.952870E-07  -3.492585E-03  -2.112461E-03  -1.527752E-01  -4.598395E-05  -7.392550E-05
           109      G      2.030378E-04   2.542007E-04  -1.494844E-04   2.254464E-04   1.370657E-05   2.125323E-02
           110      G      1.919279E-02   1.706910E-03  -9.227067E-03  -1.899856E+00  -3.371194E+00  -5.988765E-01
           111      G      2.030378E-04  -3.395613E-04  -1.491015E-04   2.254464E-04   1.370657E-05   2.125323E-02
           112      G      1.140672E-02  -3.604704E-04  -4.374931E-01   1.058433E+01  -1.688849E+01   1.580547E-01
           113      G      2.134734E-02   2.028993E-05  -1.501034E-02   1.433601E-03  -4.265174E+00  -1.219352E-03
           114      G      2.951569E-02   5.094856E-06  -8.370851E-01   9.678595E-05  -3.261268E+01   7.204249E-04
           115      G     -8.752791E-03   3.141704E-03  -8.948969E-01   2.198842E+01   7.981028E+00  -2.601316E-01
           116      G     -1.793688E-02   1.489568E-07  -1.646445E+00   6.798313E-05   3.698940E+00   3.624161E-06
           117      G     -3.905943E-03  -2.468724E-03  -1.145429E+00   2.852635E+01   6.922567E+00  -2.199927E-02
           118      G     -1.278849E-02   1.825470E-07  -2.066470E+00   3.375982E-05   1.532788E+01   4.616275E-06
           119      G      3.584091E-05  -4.877561E-04  -2.782818E-04   5.154049E-04  -1.653393E-04   3.145862E-02
           120      G      3.584091E-05   3.517958E-04  -2.738693E-04   5.154049E-04  -1.653393E-04   3.145862E-02
           121      G     -2.081053E-04   2.630255E-04  -1.487278E-04   2.050803E-04  -1.673451E-05  -2.194714E-02
           122      G     -1.919682E-02   1.704893E-03  -9.268690E-03  -1.898021E+00   3.370780E+00   5.994679E-01
           123      G     -2.081053E-04  -3.501227E-04  -1.482602E-04   2.050803E-04  -1.673451E-05  -2.194714E-02
           124      G     -1.141177E-02  -3.647787E-04  -4.375196E-01   1.058524E+01   1.688806E+01  -1.580436E-01
           125      G     -2.134942E-02   1.427803E-07  -1.505599E-02   2.178186E-06   4.265298E+00   5.368203E-06
           126      G     -2.951770E-02   1.437670E-07  -8.371276E-01   5.463063E-05   3.261261E+01  -3.504288E-06
           127      G      8.754077E-03  -3.139357E-03  -8.948786E-01  -2.198730E+01  -7.981522E+00  -2.600368E-01
           128      G      3.906504E-03   2.469463E-03  -1.145421E+00  -2.852579E+01  -6.922723E+00  -2.197300E-02
           129      G      6.997700E-07  -8.774800E-03  -1.303341E+00  -3.182672E+01  -1.584655E-04   1.293682E-05
           130      G     -3.430245E-05   4.859848E-04  -2.779830E-04  -5.157872E-04   1.668829E-04   3.131974E-02
           131      G     -3.430245E-05  -3.498606E-04  -2.735293E-04  -5.157872E-04   1.668829E-04   3.131974E-02
           132      G      8.737583E-07   3.494035E-03  -2.113696E-03   1.528634E-01  -8.509062E-06   2.590354E-05
           133      G      2.091322E-04  -2.622222E-04  -1.481784E-04  -2.109458E-04   1.429487E-05  -2.210652E-02
1                                                       **STUDENT EDITION*    APRIL  18, 2026  MSC Nastran  3/ 3/26   PAGE    33
     DEFAULT                                                                                                                        
0                                                                                                            SUBCASE 1              
      EIGENVALUE =  2.302374E+06
          CYCLES =  2.414949E+02         R E A L   E I G E N V E C T O R   N O .          3
 
      POINT ID.   TYPE          T1             T2             T3             R1             R2             R3
           134      G      1.919924E-02  -1.692685E-03  -9.253960E-03   1.898934E+00  -3.371182E+00   5.993363E-01
           135      G      2.091322E-04   3.553787E-04  -1.477790E-04  -2.109458E-04   1.429487E-05  -2.210652E-02
           136      G      1.141447E-02   3.702228E-04  -4.374993E-01  -1.058392E+01  -1.688747E+01  -1.579377E-01
           137      G     -8.752085E-03  -3.141423E-03  -8.948984E-01  -2.198845E+01   7.981037E+00   2.601458E-01
           138      G     -3.904800E-03   2.469348E-03  -1.145430E+00  -2.852630E+01   6.922528E+00   2.200875E-02
           139      G      3.635901E-05   4.885292E-04  -2.782871E-04  -5.164853E-04  -1.645173E-04  -3.148639E-02
           140      G      3.635901E-05  -3.517640E-04  -2.738965E-04  -5.164853E-04  -1.645173E-04  -3.148639E-02
           141      G     -2.078371E-04  -2.627108E-04  -1.484801E-04  -2.055153E-04  -1.618879E-05   2.193654E-02
           142      G     -1.919624E-02  -1.704543E-03  -9.268140E-03   1.898087E+00   3.370895E+00  -5.994779E-01
           143      G     -2.078371E-04   3.501413E-04  -1.480278E-04  -2.055153E-04  -1.618879E-05   2.193654E-02
           144      G     -1.141122E-02   3.651014E-04  -4.375206E-01  -1.058525E+01   1.688808E+01   1.580446E-01
           200      G      2.034696E-04   2.470992E-04  -1.494844E-04   2.254464E-04   1.370657E-05   2.125323E-02
           201      G      2.034696E-04  -3.466628E-04  -1.491015E-04   2.254464E-04   1.370657E-05   2.125323E-02
           202      G     -3.051571E-05  -5.007207E-04  -2.777749E-04   5.143574E-04   1.639863E-04  -3.130371E-02
           203      G     -3.051571E-05   3.346969E-04  -2.733985E-04   5.143574E-04   1.639863E-04  -3.130371E-02
           204      G      1.297460E-06  -3.027873E-04  -1.244406E-03  -3.655066E-02   7.613252E-05   2.539746E-04
           205      G      1.319875E-03  -2.250966E-04  -7.015556E-03   8.370327E-02  -2.453880E-01   4.280568E-02
           206      G      1.133801E-03   3.109180E-05  -1.007063E-02   7.368837E-03  -2.836468E-01  -6.632594E-03
           207      G     -2.086324E-04   2.565655E-04  -1.487278E-04   2.050803E-04  -1.673451E-05  -2.194714E-02
           208      G     -2.086324E-04  -3.565827E-04  -1.482602E-04   2.050803E-04  -1.673451E-05  -2.194714E-02
           209      G      3.063272E-05  -5.039913E-04  -2.782818E-04   5.154049E-04  -1.653393E-04   3.145862E-02
           210      G      3.063272E-05   3.355606E-04  -2.738693E-04   5.154049E-04  -1.653393E-04   3.145862E-02
           211      G     -1.281047E-03  -3.245053E-04  -7.070196E-03   4.473116E-02   2.382914E-01  -3.257204E-02
           212      G     -1.097744E-03   7.814881E-07  -1.009086E-02   1.612125E-04   2.692243E-01   4.801888E-05
           213      G      2.095824E-04  -2.555774E-04  -1.481784E-04  -2.109458E-04   1.429487E-05  -2.210652E-02
           214      G      2.095824E-04   3.620235E-04  -1.477790E-04  -2.109458E-04   1.429487E-05  -2.210652E-02
           215      G     -2.904564E-05   5.022321E-04  -2.779830E-04  -5.157872E-04   1.668829E-04   3.131974E-02
           216      G     -2.904564E-05  -3.336133E-04  -2.735293E-04  -5.157872E-04   1.668829E-04   3.131974E-02
           217      G      2.191146E-06   3.058088E-04  -1.246014E-03   3.687005E-02  -8.310107E-05  -1.842286E-04
           218      G      1.337673E-03   3.152584E-04  -7.061306E-03  -4.802281E-02  -2.486611E-01  -2.860593E-02
           219      G     -2.083470E-04  -2.562371E-04  -1.484801E-04  -2.055153E-04  -1.618879E-05   2.193654E-02
           220      G     -2.083470E-04   3.566150E-04  -1.480278E-04  -2.055153E-04  -1.618879E-05   2.193654E-02
           221      G      3.117671E-05   5.047985E-04  -2.782871E-04  -5.164853E-04  -1.645173E-04  -3.148639E-02
           222      G      3.117671E-05  -3.354947E-04  -2.738965E-04  -5.164853E-04  -1.645173E-04  -3.148639E-02
           223      G     -1.280592E-03   3.258826E-04  -7.069430E-03  -4.446009E-02   2.379191E-01   3.270046E-02
           224      G      5.405860E-04   2.096739E-04  -6.701977E-02   1.680845E+00  -5.527692E-01   2.265011E-02
           225      G      1.105744E-03   6.488324E-06  -1.214531E-01   1.198658E-03  -2.592253E-01   1.497497E-05
           226      G      2.214861E-04  -2.167231E-04  -8.409585E-02   2.116438E+00  -4.618508E-01   1.769323E-04
           227      G      8.284524E-04   3.202298E-06  -1.503128E-01   9.910261E-04  -1.051401E+00   9.729283E-05
           228      G      2.208529E-05   7.254500E-04  -9.511444E-02   2.330197E+00  -8.689972E-03   3.825037E-04
           229      G      3.681703E-05   1.327511E-06  -1.735030E-01   1.253693E-04  -9.153711E-03   4.767179E-05
           230      G      7.768360E-04  -4.805768E-05  -3.601604E-02   9.159358E-01  -1.123997E+00   5.283941E-03
           231      G      1.776902E-03   2.232926E-05  -6.616404E-02   3.991263E-03  -2.220763E+00   1.982313E-03
           232      G     -4.831676E-04   2.360002E-04  -6.877314E-02   1.739328E+00   5.662207E-01  -2.216948E-02
           233      G     -1.053335E-03   4.669440E-07  -1.251450E-01  -1.049012E-04   2.432565E-01   9.347689E-06
           234      G     -1.773222E-04  -2.199614E-04  -8.511359E-02   2.147165E+00   4.186873E-01   4.836971E-05
           235      G     -7.474013E-04   6.270790E-07  -1.522062E-01   1.923455E-05   9.776177E-01   4.445909E-06
           236      G     -7.811275E-04  -6.033039E-05  -3.681796E-02   9.263399E-01   1.221676E+00  -2.464362E-03
           237      G     -1.491470E-03   4.231063E-07  -6.795858E-02  -6.183116E-05   2.508710E+00  -1.398674E-05
           238      G      5.528660E-04  -1.946880E-04  -6.701567E-02  -1.668448E+00  -5.534264E-01  -2.260884E-02
1                                                       **STUDENT EDITION*    APRIL  18, 2026  MSC Nastran  3/ 3/26   PAGE    34
     DEFAULT                                                                                                                        
0                                                                                                            SUBCASE 1              
      EIGENVALUE =  2.302374E+06
          CYCLES =  2.414949E+02         R E A L   E I G E N V E C T O R   N O .          3
 
      POINT ID.   TYPE          T1             T2             T3             R1             R2             R3
           239      G      2.292983E-04   2.218172E-04  -8.409712E-02  -2.109647E+00  -4.614899E-01  -6.058963E-05
           240      G      2.670162E-05  -7.219687E-04  -9.510642E-02  -2.327193E+00  -8.599442E-03  -4.000980E-04
           241      G      7.932497E-04   6.954492E-05  -3.604715E-02  -8.939653E-01  -1.120651E+00  -4.575583E-03
           242      G     -4.818032E-04  -2.350645E-04  -6.876676E-02  -1.738318E+00   5.662798E-01   2.218292E-02
           243      G     -1.748119E-04   2.215771E-04  -8.510682E-02  -2.145273E+00   4.185211E-01  -2.135179E-05
           244      G     -7.804151E-04   6.111432E-05  -3.681193E-02  -9.256766E-01   1.221626E+00   2.462075E-03
           300      G     -1.780011E-05  -1.333780E-05  -3.919482E-04  -1.406099E-03  -7.644611E-04  -1.662911E-03
           301      G     -4.773136E-05  -2.208588E-05  -4.844338E-04  -6.788121E-03  -9.267750E-03  -7.854740E-03
           302      G     -2.038523E-06   7.817495E-06  -6.765169E-04  -1.226289E-02  -1.972144E-03   1.604072E-03
           303      G      1.082679E-04  -3.711500E-04  -1.272977E-03   3.484678E-02   3.092268E-02   1.385234E-02
           304      G     -1.911455E-05  -1.233819E-04  -5.652519E-04   4.798275E-03   1.232799E-02  -1.553028E-02
           305      G     -1.989035E-04  -3.667144E-04  -6.042795E-03   1.026905E-01   3.053025E-02   2.704555E-02
           306      G     -2.389398E-04  -7.049303E-06  -8.278804E-03   6.905535E-03   4.520579E-02  -1.266943E-02
           307      G      1.789460E-05  -2.177164E-05  -3.947270E-04  -3.235861E-03   6.984183E-04   3.154715E-03
           308      G      5.164996E-05  -2.906385E-05  -4.855095E-04  -7.950260E-03   1.066234E-02   9.669636E-03
           309      G     -1.458631E-04  -4.544464E-04  -1.283949E-03   2.455978E-02  -2.945880E-02  -1.759472E-02
           310      G      9.418480E-06  -1.483748E-04  -5.716772E-04   5.254659E-06  -1.199360E-02   1.813214E-02
           311      G      2.251173E-04  -4.170318E-04  -6.084475E-03   1.009563E-01  -3.428320E-02  -2.841685E-02
           312      G      2.558773E-04   2.415806E-06  -8.292562E-03   6.351602E-05  -4.793002E-02   5.953543E-05
           313      G     -1.912061E-05   3.509978E-05  -3.928266E-04   4.773384E-03  -9.341883E-04   2.936320E-03
           314      G     -5.228876E-05   4.556264E-05  -4.846537E-04   9.910710E-03  -1.024775E-02   9.487414E-03
           315      G      2.316498E-06   1.312688E-05  -6.765426E-04   1.482294E-02  -3.811716E-05  -1.746040E-07
           316      G      1.436710E-04   4.552816E-04  -1.278400E-03  -2.431341E-02   2.908473E-02  -1.770762E-02
           317      G     -1.103642E-05   1.547043E-04  -5.698410E-04   5.175134E-04   1.199599E-02   1.792964E-02
           318      G     -2.244946E-04   4.171673E-04  -6.074176E-03  -1.027026E-01   3.355656E-02  -2.953450E-02
           319      G      2.271560E-05   3.322195E-05  -3.941639E-04   4.143404E-03   8.258142E-04  -2.970037E-03
           320      G      5.680309E-05   4.363978E-05  -4.852587E-04   9.475306E-03   1.013871E-02  -9.540325E-03
           321      G     -1.414298E-04   4.586489E-04  -1.282416E-03  -2.439859E-02  -2.961779E-02   1.769162E-02
           322      G      1.396352E-05   1.561153E-04  -5.711736E-04   6.813412E-04  -1.202902E-02  -1.797432E-02
           323      G      2.266900E-04   4.215669E-04  -6.084007E-03  -1.008735E-01  -3.453943E-02   2.849206E-02
           324      G     -1.161017E-04  -1.447232E-05   4.030098E-03  -9.514112E-02   1.004430E-01  -2.001750E-03
           325      G     -1.885655E-04   1.461356E-05   6.465672E-03   2.209986E-03   3.623042E-02  -1.968732E-04
           326      G     -3.852894E-05   2.258345E-05   7.376380E-03  -1.765496E-01   8.924887E-02  -1.130913E-04
           327      G     -1.400043E-04   1.257812E-05   1.134888E-02   2.124552E-03   1.649605E-01   1.223012E-04
           328      G      6.670433E-06  -5.983490E-05   8.995109E-03  -2.140958E-01  -2.144215E-04  -2.129534E-04
           329      G      7.481553E-06   1.049237E-05   1.445547E-02   1.309811E-03  -1.219212E-03   4.134249E-05
           330      G     -1.313843E-04  -6.407878E-05  -1.260086E-03   1.930494E-02   2.143907E-01  -5.058001E-03
           331      G     -3.459860E-04   2.171611E-05  -9.953662E-04  -2.689665E-04   3.095495E-01   2.239536E-03
           332      G      1.301970E-04  -2.427252E-05   4.024399E-03  -9.776055E-02  -9.969540E-02   1.936693E-03
           333      G      2.058196E-04   6.179043E-06   6.497466E-03   5.245822E-04  -3.892232E-02   5.549620E-05
           334      G      5.011463E-05   1.785369E-05   7.375573E-03  -1.775530E-01  -9.075013E-02   2.678762E-04
           335      G      1.547239E-04   8.426593E-06   1.136990E-02   9.341501E-04  -1.639081E-01   7.372698E-05
           336      G      1.523651E-04  -8.207911E-05  -1.244588E-03   1.456983E-02  -2.147411E-01   5.585237E-03
           337      G      3.645303E-04   4.104223E-06  -9.834940E-04   2.769320E-04  -3.109752E-01   5.956668E-05
           338      G     -1.215638E-04   4.149010E-05   4.019279E-03   9.742436E-02   9.742552E-02   1.771268E-03
           339      G     -3.925732E-05   1.632124E-06   7.355948E-03   1.773631E-01   9.071875E-02   1.469491E-04
           340      G      5.599663E-06   8.040161E-05   8.988448E-03   2.148157E-01  -2.692858E-04  -7.539807E-05
           341      G     -1.483365E-04   9.214246E-05  -1.217285E-03  -1.322262E-02   2.145749E-01   5.314815E-03
           342      G      1.315928E-04   3.605049E-05   4.019983E-03   9.820525E-02  -9.967144E-02  -1.919731E-03
           343      G      5.047195E-05  -1.489145E-06   7.366212E-03   1.781094E-01  -9.048153E-02  -1.554988E-04
1                                                       **STUDENT EDITION*    APRIL  18, 2026  MSC Nastran  3/ 3/26   PAGE    35
     DEFAULT                                                                                                                        
0                                                                                                            SUBCASE 1              
      EIGENVALUE =  2.302374E+06
          CYCLES =  2.414949E+02         R E A L   E I G E N V E C T O R   N O .          3
 
      POINT ID.   TYPE          T1             T2             T3             R1             R2             R3
           344      G      1.540380E-04   9.019070E-05  -1.245170E-03  -1.440222E-02  -2.145038E-01  -5.493923E-03
           400      G      3.657557E-05  -1.093752E-04  -4.628832E-04  -2.434777E-02   4.234416E-03   2.208362E-03
           401      G     -1.089432E-05  -4.746811E-04  -4.284558E-04  -8.067546E-02  -1.007135E-02  -3.980280E-03
           402      G     -5.063040E-06  -8.829619E-05  -4.756325E-04  -3.266615E-02   8.469335E-06   2.566394E-04
           403      G      2.312613E-04  -4.819701E-04  -1.803304E-03   1.293472E-02   3.386503E-02   1.640999E-02
           404      G      9.536868E-05  -8.266474E-05  -8.756159E-04   3.490639E-03  -1.322291E-04  -6.857967E-03
           405      G     -6.200373E-04  -4.096519E-04  -5.535985E-03   1.262719E-01   1.087283E-01   1.563729E-02
           406      G     -7.073833E-04   1.749946E-05  -7.301886E-03  -1.014265E-04   1.385268E-01  -7.774749E-04
           407      G     -4.895751E-05  -1.168740E-04  -4.695425E-04  -2.427809E-02  -4.521118E-03  -1.809701E-03
           408      G     -5.600485E-07  -4.780740E-04  -4.299724E-04  -8.060371E-02   9.918264E-03   4.262463E-03
           409      G     -2.465993E-04  -5.045942E-04  -1.822132E-03   1.320220E-02  -3.452767E-02  -1.688122E-02
           410      G     -1.102791E-04  -9.612928E-05  -8.888835E-04   3.436631E-03   1.505507E-05   6.758827E-03
           411      G      6.159905E-04  -4.306708E-04  -5.559404E-03   1.259758E-01  -1.094343E-01  -1.680708E-02
           412      G      7.071096E-04   3.314757E-06  -7.314891E-03  -2.210044E-05  -1.388713E-01   5.253999E-05
           413      G      4.505831E-05   1.372187E-04  -4.682435E-04   2.403920E-02   4.491211E-03  -1.909651E-03
           414      G     -2.965033E-06   4.991204E-04  -4.288141E-04   8.043911E-02  -9.946724E-03   4.190381E-03
           415      G      2.077668E-06   1.095765E-04  -4.758860E-04   3.255163E-02   6.808970E-08   2.499936E-05
           416      G      2.412767E-04   5.173787E-04  -1.814611E-03  -1.366569E-02   3.422696E-02  -1.685588E-02
           417      G      1.057482E-04   1.138078E-04  -8.852909E-04  -3.855317E-03  -1.005794E-04   6.637649E-03
           418      G     -6.173768E-04   4.446669E-04  -5.549040E-03  -1.258599E-01   1.092427E-01  -1.689443E-02
           419      G     -4.128749E-05   1.310687E-04  -4.694385E-04   2.420120E-02  -4.478317E-03   1.923851E-03
           420      G      6.975898E-06   4.958028E-04  -4.296154E-04   8.049854E-02   9.974836E-03  -4.127675E-03
           421      G     -2.387029E-04   5.114111E-04  -1.820293E-03  -1.339665E-02  -3.431349E-02   1.699171E-02
           422      G     -1.025390E-04   1.066520E-04  -8.880913E-04  -3.688814E-03   5.575871E-05  -6.641024E-03
           423      G      6.198727E-04   4.373036E-04  -5.559095E-03  -1.259768E-01  -1.092406E-01   1.690491E-02
           424      G     -2.364955E-04  -1.702639E-04   2.525712E-02  -6.538451E-01   2.947686E-01  -1.018217E-02
           425      G     -6.256573E-04   1.393105E-05   4.720856E-02  -1.502451E-04   1.251828E-01   3.806807E-05
           426      G     -9.758182E-05  -1.062147E-05   3.442895E-02  -8.609416E-01   2.410142E-01  -1.048885E-04
           427      G     -4.398686E-04   1.220230E-05   6.190497E-02  -7.337605E-05   5.381180E-01   7.178942E-05
           428      G     -2.790889E-06  -4.260814E-04   3.984725E-02  -1.026102E+00  -1.313527E-05   6.654245E-06
           429      G     -2.318205E-07   1.052793E-05   7.391464E-02  -7.889841E-05  -1.477622E-04   6.179489E-05
           430      G     -3.535028E-04  -8.511357E-05   9.219996E-03  -2.736062E-01   5.863231E-01  -8.636616E-03
           431      G     -1.018431E-03   1.597271E-05   2.003725E-02  -3.605450E-04   1.095510E+00   2.593184E-04
           432      G      2.314404E-04  -1.773253E-04   2.524966E-02  -6.538883E-01  -2.948469E-01   1.027843E-02
           433      G      6.257108E-04   7.133075E-06   4.720288E-02  -2.855819E-05  -1.255465E-01   6.010974E-05
           434      G      9.235723E-05  -1.381269E-05   3.442550E-02  -8.609319E-01  -2.412868E-01   2.352155E-04
           435      G      4.394207E-04   8.821689E-06   6.190255E-02  -5.400710E-05  -5.381229E-01   6.601307E-05
           436      G      3.492210E-04  -9.742032E-05   9.208301E-03  -2.737712E-01  -5.867097E-01   8.850464E-03
           437      G      1.018775E-03   5.236512E-06   2.002731E-02  -2.548544E-05  -1.095832E+00   7.377319E-05
           438      G     -2.325411E-04   1.979903E-04   2.525413E-02   6.539155E-01   2.946607E-01   1.024586E-02
           439      G     -9.366981E-05   3.494155E-05   3.442741E-02   8.608707E-01   2.412026E-01   2.132125E-04
           440      G      1.149122E-06   4.471798E-04   3.984747E-02   1.026027E+00  -4.056983E-05   2.243040E-05
           441      G     -3.502231E-04   1.164662E-04   9.216715E-03   2.740311E-01   5.865240E-01   8.762359E-03
           442      G      2.352158E-04   1.915484E-04   2.524964E-02   6.538369E-01  -2.948665E-01  -1.020003E-02
           443      G      9.611835E-05   3.157126E-05   3.442576E-02   8.608729E-01  -2.412565E-01  -1.268685E-04
           444      G      3.530681E-04   1.079276E-04   9.207199E-03   2.738121E-01  -5.867389E-01  -8.737410E-03
           445      G      6.468246E-04  -1.304057E-03  -1.943795E-03   5.515962E-02   2.729369E-02   3.349718E-02
           446      G      4.958001E-04  -4.106962E-04  -1.033618E-03   3.230263E-02   2.989113E-02  -6.888502E-03
           447      G      3.027678E-04  -9.155159E-05  -5.663259E-04   2.907952E-02   8.666940E-03  -8.718515E-03
           448      G      1.289838E-04   4.453859E-05  -4.556270E-04   2.881450E-02  -1.398859E-03  -6.852552E-03
1                                                       **STUDENT EDITION*    APRIL  18, 2026  MSC Nastran  3/ 3/26   PAGE    36
     DEFAULT                                                                                                                        
0                                                                                                            SUBCASE 1              
      EIGENVALUE =  2.302374E+06
          CYCLES =  2.414949E+02         R E A L   E I G E N V E C T O R   N O .          3
 
      POINT ID.   TYPE          T1             T2             T3             R1             R2             R3
           449      G     -8.678794E-06   8.645497E-05  -4.782747E-04   1.082728E-02  -5.293728E-05   1.056033E-04
           450      G      4.197565E-05  -9.667968E-04  -5.347436E-03   7.816406E-02   7.611619E-02   5.184254E-02
           451      G     -7.102738E-05   1.495763E-05  -6.911944E-03   2.255547E-04   1.093353E-01   7.381484E-05
           452      G     -6.666993E-04  -1.320459E-03  -1.963526E-03   5.496505E-02  -2.743163E-02  -3.366798E-02
           453      G     -5.148274E-04  -4.206929E-04  -1.047177E-03   3.227133E-02  -3.017229E-02   7.044829E-03
           454      G     -3.214451E-04  -9.771026E-05  -5.736627E-04   2.917181E-02  -8.860767E-03   8.793359E-03
           455      G     -1.465984E-04   4.160667E-05  -4.585879E-04   2.884224E-02   1.285082E-03   7.069524E-03
           456      G     -5.455842E-05  -9.810875E-04  -5.368276E-03   7.814072E-02  -7.677301E-02  -5.190891E-02
           457      G      6.374925E-05   3.567460E-06  -6.924433E-03   8.098177E-07  -1.097878E-01   4.808993E-05
           458      G      6.586816E-04   1.336722E-03  -1.955561E-03  -5.489305E-02   2.733657E-02  -3.358803E-02
           459      G      5.071278E-04   4.385831E-04  -1.042921E-03  -3.218010E-02   3.004114E-02   7.035661E-03
           460      G      3.142024E-04   1.160040E-04  -5.716485E-04  -2.905301E-02   8.808816E-03   8.737369E-03
           461      G      1.394707E-04  -2.324490E-05  -4.576165E-04  -2.875947E-02  -1.296295E-03   6.983756E-03
           462      G      1.045443E-06  -6.814103E-05  -4.783193E-04  -1.077405E-02  -1.372363E-05   3.984119E-05
           463      G      4.728527E-05   9.981627E-04  -5.359028E-03  -7.811299E-02   7.638152E-02  -5.184583E-02
           464      G     -6.577343E-04   1.327849E-03  -1.961727E-03  -5.493271E-02  -2.742993E-02   3.378082E-02
           465      G     -5.058274E-04   4.307440E-04  -1.046243E-03  -3.220845E-02  -3.013868E-02  -6.943545E-03
           466      G     -3.124648E-04   1.105225E-04  -5.732889E-04  -2.912295E-02  -8.852504E-03  -8.662940E-03
           467      G     -1.374261E-04  -2.608380E-05  -4.583621E-04  -2.879287E-02   1.278118E-03  -6.918297E-03
           468      G     -5.002876E-05   9.883694E-04  -5.367723E-03  -7.817884E-02  -7.677637E-02   5.201820E-02
           469      G      2.318202E-04  -9.484899E-04  -3.522536E-03   8.632140E-02   5.116071E-02  -3.595246E-02
           470      G      1.758271E-04  -4.095491E-04  -2.542454E-03   1.011843E-01   2.468360E-02  -1.216547E-02
           471      G      1.108369E-04  -4.599688E-05  -2.031927E-03   7.500905E-02   8.829641E-03  -8.278538E-03
           472      G      5.062596E-05   6.056102E-05  -1.899338E-03   7.245035E-02   2.864408E-03  -2.440379E-03
           473      G     -7.518091E-06   8.702985E-05  -1.781537E-03   6.854235E-02  -4.794633E-05   4.822692E-05
           474      G     -3.387121E-05  -2.427605E-04  -4.296863E-03   5.024342E-02   6.621327E-03  -1.874860E-02
           475      G     -4.418170E-05  -4.143732E-05  -4.099231E-03   8.983231E-02   9.961493E-04  -4.448866E-03
           476      G     -2.375704E-05   5.690555E-05  -3.958520E-03   8.256424E-02   5.186768E-03  -2.671659E-03
           477      G     -6.151220E-06   7.405481E-05  -3.811604E-03   8.360545E-02  -6.982400E-05   6.138362E-05
           478      G     -3.344460E-05  -3.768600E-04  -6.541925E-03   4.011370E-02   9.042323E-02  -1.397449E-02
           479      G     -1.661182E-04  -1.625277E-04  -5.479278E-03   5.574645E-02  -1.324505E-02  -2.693855E-03
           480      G     -1.257569E-04  -7.724821E-06  -5.699457E-03   5.036880E-02  -8.120070E-03  -3.229924E-03
           481      G     -6.964424E-05   3.406140E-05  -5.622138E-03   5.560479E-02   4.718175E-03  -1.295615E-03
           482      G     -1.745263E-04   1.383472E-05  -5.925274E-03   1.032109E-04  -1.926437E-02   4.988546E-05
           483      G     -1.600500E-04   1.216807E-05  -6.274920E-03   4.268603E-05  -1.866258E-02   6.092976E-05
           484      G     -8.505167E-05   1.060308E-05  -6.276403E-03  -6.158427E-06   9.938128E-03   5.809911E-05
           485      G     -4.837742E-06   4.749016E-05  -5.470413E-03   5.135972E-02  -7.332315E-05   5.788854E-05
           486      G     -3.591060E-06   9.116502E-06  -6.074013E-03  -3.175376E-05  -6.604220E-05   5.627571E-05
           487      G     -2.475702E-04  -9.630689E-04  -3.541948E-03   8.645567E-02  -5.153640E-02   3.620805E-02
           488      G     -1.913142E-04  -4.196084E-04  -2.555110E-03   1.012100E-01  -2.487465E-02   1.230519E-02
           489      G     -1.260811E-04  -5.194881E-05  -2.039785E-03   7.497254E-02  -8.984949E-03   8.429920E-03
           490      G     -6.577042E-05   5.773067E-05  -1.902755E-03   7.244999E-02  -3.020803E-03   2.544280E-03
           491      G      2.162704E-05  -2.522850E-04  -4.307979E-03   5.010728E-02  -6.773938E-03   1.891672E-02
           492      G      3.196164E-05  -4.739559E-05  -4.106449E-03   8.981451E-02  -1.127828E-03   4.572014E-03
           493      G      1.148890E-05   5.405598E-05  -3.962077E-03   8.256811E-02  -5.319837E-03   2.794237E-03
           494      G      2.356788E-05  -3.894181E-04  -6.559669E-03   3.986566E-02  -9.096641E-02   1.411164E-02
           495      G      1.566624E-04  -1.717869E-04  -5.488327E-03   5.566858E-02   1.310845E-02   2.812736E-03
           496      G      1.162168E-04  -1.359793E-05  -5.705857E-03   5.031537E-02   8.034905E-03   3.351481E-03
           497      G      6.001277E-05   3.118048E-05  -5.625683E-03   5.559968E-02  -4.845420E-03   1.412837E-03
           498      G      1.674734E-04   4.996299E-06  -5.931775E-03  -7.820268E-06   1.917554E-02   5.283505E-05
1                                                       **STUDENT EDITION*    APRIL  18, 2026  MSC Nastran  3/ 3/26   PAGE    37
     DEFAULT                                                                                                                        
0                                                                                                            SUBCASE 1              
      EIGENVALUE =  2.302374E+06
          CYCLES =  2.414949E+02         R E A L   E I G E N V E C T O R   N O .          3
 
      POINT ID.   TYPE          T1             T2             T3             R1             R2             R3
           499      G      1.530122E-04   6.375131E-06  -6.279935E-03  -2.076622E-05   1.862065E-02   5.178230E-05
           500      G      7.791220E-05   7.716331E-06  -6.279525E-03  -3.226456E-05  -1.004502E-02   5.369609E-05
           501      G      2.400937E-04   9.800790E-04  -3.533075E-03  -8.641007E-02   5.130005E-02   3.614798E-02
           502      G      1.839727E-04   4.375181E-04  -2.550309E-03  -1.011762E-01   2.479350E-02   1.229036E-02
           503      G      1.187464E-04   7.033220E-05  -2.036392E-03  -7.493753E-02   8.955929E-03   8.431883E-03
           504      G      5.832613E-05  -3.941563E-05  -1.900227E-03  -7.237418E-02   2.993480E-03   2.558485E-03
           505      G     -1.581078E-07  -6.881616E-05  -1.780404E-03  -6.847787E-02  -1.896676E-05   5.546173E-05
           506      G     -2.878486E-05   2.704751E-04  -4.303748E-03  -5.012956E-02   6.725741E-03   1.889349E-02
           507      G     -3.915999E-05   6.576958E-05  -4.102458E-03  -8.976087E-02   1.134639E-03   4.568350E-03
           508      G     -1.881583E-05  -3.574385E-05  -3.958477E-03  -8.253175E-02   5.284518E-03   2.790861E-03
           509      G     -1.316645E-06  -5.584902E-05  -3.809826E-03  -8.358940E-02  -3.425273E-05   5.256105E-05
           510      G     -3.083787E-05   4.074220E-04  -6.549797E-03  -3.980367E-02   9.055629E-02   1.409002E-02
           511      G     -1.637031E-04   1.901637E-04  -5.483540E-03  -5.556231E-02  -1.315405E-02   2.810560E-03
           512      G     -1.232927E-04   3.206219E-05  -5.701233E-03  -5.028673E-02  -8.035315E-03   3.349138E-03
           513      G     -6.719416E-05  -1.286912E-05  -5.621922E-03  -5.560604E-02   4.778398E-03   1.412151E-03
           514      G     -2.423743E-06  -2.926571E-05  -5.469131E-03  -5.140376E-02  -5.229931E-05   5.427048E-05
           515      G     -2.407886E-04   9.703746E-04  -3.540386E-03  -8.649522E-02  -5.153671E-02  -3.611415E-02
           516      G     -1.844993E-04   4.296600E-04  -2.553818E-03  -1.012243E-01  -2.487322E-02  -1.220504E-02
           517      G     -1.191728E-04   6.474401E-05  -2.038573E-03  -7.494714E-02  -8.995573E-03  -8.334785E-03
           518      G     -5.868042E-05  -4.227986E-05  -1.901416E-03  -7.239766E-02  -3.029765E-03  -2.448684E-03
           519      G      2.617040E-05   2.622962E-04  -4.307170E-03  -5.012444E-02  -6.797533E-03  -1.881553E-02
           520      G      3.656987E-05   6.016142E-05  -4.105082E-03  -8.981799E-02  -1.154676E-03  -4.467957E-03
           521      G      1.619619E-05  -3.862708E-05  -3.960189E-03  -8.256176E-02  -5.336604E-03  -2.687089E-03
           522      G      2.584309E-05   3.966128E-04  -6.559595E-03  -3.987556E-02  -9.096927E-02  -1.400735E-02
           523      G      1.589676E-04   1.817820E-04  -5.487951E-03  -5.568518E-02   1.309074E-02  -2.707313E-03
           524      G      1.185434E-04   2.635097E-05  -5.704969E-03  -5.034564E-02   8.011642E-03  -3.245312E-03
           525      G      6.238172E-05  -1.575075E-05  -5.624358E-03  -5.564382E-02  -4.855602E-03  -1.304226E-03
          1000      G     -3.247211E-06  -1.886229E-03  -1.569608E-03  -1.527065E-01  -4.599457E-05  -1.211503E-03
          1001      G     -8.770213E-04   4.473702E-04  -4.004663E-04   3.647732E-03   4.102565E-04  -3.895299E-01
          1002      G     -1.736924E-03  -3.061885E-04  -3.434420E-04   1.385073E-03   3.183141E-04  -8.182701E-01
          1003      G     -2.550942E-06   8.627448E-04  -1.283972E+00   4.850720E+01  -2.518239E-04   2.204102E-05
          1004      G     -1.980348E-03   8.437226E-04  -1.161807E+00   4.169285E+01  -7.122902E+00  -2.253496E-02
          1005      G     -3.223415E-03   9.073442E-04  -8.768271E-01   3.249260E+01  -1.336375E+01  -6.150767E-02
          1006      G     -1.060744E-06   2.388940E-07  -2.402173E+00   2.356112E-05  -9.094126E-05   2.668548E-05
          1007      G     -4.629797E-03   1.046249E-06  -2.092748E+00   1.627954E-05  -2.354716E+01   2.597940E-05
          1008      G     -1.106420E-02   1.164693E-06  -1.646449E+00   1.227732E-04  -3.700890E+00   2.898806E-05
          1009      G     -1.122495E-03   3.866816E-04  -1.511763E-04  -4.231624E-04   1.163414E-03  -6.971976E-01
          1010      G      8.072846E-04  -6.196031E-04  -5.755137E-05   2.712701E-04   2.502412E-04   3.471869E-01
          1011      G     -5.751454E-03   3.742523E-04  -4.132216E-01   1.540360E+01  -2.018559E+01  -8.769938E-02
          1012      G     -7.953320E-03  -1.840897E-03  -2.282986E-02  -1.900668E+00  -3.372642E+00   1.009030E+01
          1013      G     -1.113039E-02   2.710434E-06  -8.434169E-01   7.069401E-04  -5.058191E+01   6.511557E-05
          1014      G     -1.284634E-02   4.178329E-06  -3.226062E-02   1.433524E-03  -4.266143E+00   3.424577E-03
          1015      G      8.701548E-04   4.480539E-04  -4.009447E-04   3.649627E-03  -4.116783E-04   3.858772E-01
          1016      G      1.729854E-03  -3.094004E-04  -3.439533E-04   1.386029E-03  -3.197278E-04   8.145160E-01
          1017      G      1.975605E-03   8.427973E-04  -1.161817E+00   4.169323E+01   7.122618E+00   2.259318E-02
          1018      G      3.218590E-03   9.041195E-04  -8.768481E-01   3.249338E+01   1.336330E+01   6.155197E-02
          1019      G      4.627510E-03  -1.100910E-07  -2.092767E+00   2.632433E-05   2.354607E+01   1.983611E-05
          1020      G      1.106178E-02  -4.058322E-07  -1.646485E+00   6.798149E-05   3.700764E+00   2.382934E-05
          1021      G      1.116057E-03   3.763055E-04  -1.502463E-04  -4.456580E-04  -1.167532E-03   6.973568E-01
          1022      G     -8.171816E-04  -6.162678E-04  -5.670717E-05   2.526104E-04  -2.515664E-04  -3.491070E-01
1                                                       **STUDENT EDITION*    APRIL  18, 2026  MSC Nastran  3/ 3/26   PAGE    38
     DEFAULT                                                                                                                        
0                                                                                                            SUBCASE 1              
      EIGENVALUE =  2.302374E+06
          CYCLES =  2.414949E+02         R E A L   E I G E N V E C T O R   N O .          3
 
      POINT ID.   TYPE          T1             T2             T3             R1             R2             R3
          1023      G      5.744364E-03   3.716604E-04  -4.132520E-01   1.540488E+01   2.018529E+01   8.776149E-02
          1024      G      7.945964E-03  -1.847589E-03  -2.286982E-02  -1.898833E+00   3.372227E+00  -1.008577E+01
          1025      G      1.112864E-02  -7.626436E-07  -8.434598E-01   6.778831E-05   5.058151E+01   1.604591E-05
          1026      G      1.284512E-02  -1.101149E-06  -3.230677E-02   2.184963E-06   4.266267E+00  -6.167125E-04
          1027      G      7.895960E-07   1.886962E-03  -1.570488E-03   1.527947E-01  -8.506598E-06  -1.837849E-05
          1028      G     -8.719363E-04  -4.462004E-04  -4.006048E-04  -3.649635E-03   4.131789E-04   3.876775E-01
          1029      G     -1.731208E-03   3.079007E-04  -3.436565E-04  -1.387451E-03   3.212478E-04   8.161034E-01
          1030      G      8.870152E-08  -8.622162E-04  -1.283973E+00  -4.850713E+01  -2.407703E-04   1.358285E-05
          1031      G     -1.977467E-03  -8.424925E-04  -1.161808E+00  -4.169269E+01  -7.122856E+00   2.260535E-02
          1032      G     -3.220163E-03  -9.026216E-04  -8.768308E-01  -3.249244E+01  -1.336358E+01   6.156662E-02
          1033      G     -1.117492E-03  -3.724650E-04  -1.497912E-04   4.405840E-04   1.165428E-03   6.987824E-01
          1034      G      8.167207E-04   6.158826E-04  -5.619593E-05  -2.589622E-04   2.486470E-04  -3.482721E-01
          1035      G     -5.745448E-03  -3.704971E-04  -4.132367E-01  -1.540394E+01  -2.018485E+01   8.777365E-02
          1036      G     -7.946869E-03   1.850151E-03  -2.285670E-02   1.899747E+00  -3.372629E+00  -1.008454E+01
          1037      G      8.735913E-04  -4.480005E-04  -4.009766E-04  -3.650759E-03  -4.108202E-04  -3.873014E-01
          1038      G      1.733008E-03   3.100716E-04  -3.439619E-04  -1.386665E-03  -3.188763E-04  -8.157993E-01
          1039      G      1.977902E-03  -8.427343E-04  -1.161818E+00  -4.169317E+01   7.122580E+00  -2.256126E-02
          1040      G      3.220467E-03  -9.047548E-04  -8.768497E-01  -3.249338E+01   1.336329E+01  -6.151998E-02
          1041      G      1.119103E-03  -3.776607E-04  -1.500172E-04   4.452008E-04  -1.166944E-03  -6.987281E-01
          1042      G      5.745919E-03  -3.729348E-04  -4.132535E-01  -1.540489E+01   2.018530E+01  -8.772670E-02
          1043      G      7.947487E-03   1.845277E-03  -2.286973E-02   1.898900E+00   3.372342E+00   1.008472E+01
          1044      G     -8.142181E-04   6.139126E-04  -5.646369E-05  -2.530747E-04  -2.509783E-04   3.477774E-01
          2000      G     -1.314125E-05   6.554138E-06  -1.101720E-03  -3.651848E-02   7.617696E-05  -7.757230E-03
          2001      G     -9.976168E-06   3.152699E-04  -2.845134E-04   8.124747E-04   1.729402E-04   4.078670E-02
          2002      G     -5.978678E-05  -4.570038E-04  -2.838086E-04   4.385633E-04   1.744709E-04   1.593747E-02
          2003      G     -1.825889E-05   2.070804E-04  -9.353769E-02   3.487666E+00  -1.729412E-02  -1.202499E-04
          2004      G     -2.286397E-04   6.288057E-05  -8.485378E-02   3.021994E+00  -4.740097E-01  -4.078515E-03
          2005      G     -3.052362E-04   2.675848E-05  -6.564638E-02   2.400893E+00  -9.088684E-01  -5.908849E-03
          2006      G     -3.439189E-05   3.959049E-07  -1.735098E-01   1.255015E-04  -9.155755E-03  -4.034564E-05
          2007      G     -4.006294E-04   2.393950E-07  -1.519573E-01   7.570640E-04  -1.612652E+00  -7.034124E-05
          2008      G     -8.782394E-04  -2.887959E-06  -1.214558E-01   1.199047E-03  -2.593350E-01  -8.487248E-05
          2009      G     -2.058615E-05  -2.166516E-04  -1.504985E-04   1.485325E-04   1.085155E-04  -1.371067E-01
          2010      G      2.866520E-04   1.109279E-04  -1.446595E-04   2.965482E-04  -3.765093E-05   3.306780E-02
          2011      G     -3.825915E-04  -3.216567E-05  -3.436555E-02   1.245782E+00  -1.349834E+00  -9.077604E-03
          2012      G     -6.011448E-04  -3.196354E-04  -8.003922E-03   8.361395E-02  -2.454452E-01  -3.273201E-01
          2013      G     -9.588921E-04  -4.381369E-06  -6.661400E-02   7.043658E-03  -3.459887E+00  -6.422329E-05
          2014      G     -1.072311E-03  -6.687489E-06  -1.121895E-02   7.362477E-03  -2.836703E-01  -3.747230E-03
          2015      G     -1.327893E-05   3.160065E-04  -2.851396E-04   8.190207E-04  -1.727492E-04  -5.259681E-02
          2016      G      4.267246E-05  -4.599426E-04  -2.844991E-04   4.378251E-04  -1.758396E-04  -2.468185E-02
          2017      G      1.912615E-04   6.184259E-05  -8.586663E-02   3.058267E+00   4.368736E-01   3.864578E-03
          2018      G      2.727095E-04   2.407994E-05  -6.735358E-02   2.470205E+00   9.054365E-01   5.548373E-03
          2019      G      3.382931E-04   1.083802E-06  -1.538759E-01   1.441837E-04   1.505754E+00  -3.471252E-05
          2020      G      8.071170E-04   1.324013E-06  -1.251468E-01  -1.048448E-04   2.433870E-01  -2.793104E-05
          2021      G      1.890565E-05  -2.225937E-04  -1.495762E-04   1.215042E-04  -1.189536E-04   1.399664E-01
          2022      G     -2.909209E-04   1.223606E-04  -1.439050E-04   2.804518E-04   3.132955E-05  -3.168688E-02
          2023      G      3.496209E-04  -3.003022E-05  -3.524505E-02   1.265163E+00   1.403831E+00   8.421537E-03
          2024      G      5.815965E-04  -2.953995E-04  -8.030376E-03   4.465441E-02   2.383481E-01   2.242671E-01
          2025      G      8.923591E-04   1.950067E-06  -6.846594E-02  -4.101088E-05   3.592330E+00  -2.830341E-05
          2026      G      9.953164E-04   2.567935E-06  -1.118195E-02   1.613999E-04   2.692658E-01   1.482673E-03
          2027      G     -2.035382E-05  -6.080589E-06  -1.102048E-03   3.683794E-02  -8.313066E-05   1.109929E-02
1                                                       **STUDENT EDITION*    APRIL  18, 2026  MSC Nastran  3/ 3/26   PAGE    39
     DEFAULT                                                                                                                        
0                                                                                                            SUBCASE 1              
      EIGENVALUE =  2.302374E+06
          CYCLES =  2.414949E+02         R E A L   E I G E N V E C T O R   N O .          3
 
      POINT ID.   TYPE          T1             T2             T3             R1             R2             R3
          2028      G     -1.902871E-05  -3.142734E-04  -2.846325E-04  -8.128290E-04   1.757781E-04  -3.554292E-02
          2029      G     -7.244709E-05   4.581605E-04  -2.840163E-04  -4.386024E-04   1.771002E-04  -8.894483E-03
          2030      G     -2.365804E-05  -2.058490E-04  -9.351978E-02  -3.482012E+00  -1.696969E-02   6.553974E-05
          2031      G     -2.352298E-04  -6.261706E-05  -8.483536E-02  -3.012884E+00  -4.748190E-01   4.005792E-03
          2032      G     -3.119857E-04  -2.737973E-05  -6.563909E-02  -2.385752E+00  -9.065523E-01   5.743312E-03
          2033      G     -3.844046E-05   2.186062E-04  -1.490872E-04  -1.286689E-04   1.107080E-04   1.501795E-01
          2034      G      2.748923E-04  -1.362796E-04  -1.435795E-04  -2.898570E-04  -3.958853E-05  -2.355639E-02
          2035      G     -3.871872E-04   2.315622E-05  -3.443709E-02  -1.226260E+00  -1.347131E+00   8.807406E-03
          2036      G     -6.089360E-04   3.023106E-04  -8.062811E-03  -4.794776E-02  -2.487166E-01   2.253087E-01
          2037      G     -1.934468E-05  -3.158418E-04  -2.851679E-04  -8.201899E-04  -1.719614E-04   5.592446E-02
          2038      G      3.703723E-05   4.608636E-04  -2.845082E-04  -4.392968E-04  -1.751043E-04   2.779469E-02
          2039      G      1.869293E-04  -6.044790E-05  -8.585293E-02  -3.054892E+00   4.364248E-01  -3.911309E-03
          2040      G      2.693583E-04  -2.182037E-05  -6.734205E-02  -2.468064E+00   9.055696E-01  -5.604112E-03
          2041      G      1.338904E-05   2.255805E-04  -1.493449E-04  -1.220221E-04  -1.183819E-04  -1.370488E-01
          2042      G     -2.961563E-04  -1.165680E-04  -1.436530E-04  -2.806138E-04   3.171057E-05   3.444237E-02
          2043      G      3.469045E-04   3.366396E-05  -3.523574E-02  -1.264029E+00   1.403604E+00  -8.482801E-03
          2044      G      5.790715E-04   3.005146E-04  -8.028118E-03  -4.438305E-02   2.379757E-01  -2.214555E-01
          3000      G     -1.429526E-06   1.015061E-04  -6.272355E-04  -1.225122E-02  -1.971865E-03   6.531528E-03
          3001      G      1.870121E-06   3.075014E-05  -4.569079E-04  -6.794991E-03  -9.268369E-03   6.941423E-02
          3002      G      1.563376E-06  -3.413338E-06  -3.861531E-04  -1.404928E-03  -7.647518E-04   1.436581E-02
          3003      G     -2.506285E-06   1.871672E-05   7.112218E-03  -3.235071E-01   3.960945E-04  -3.245784E-05
          3004      G     -8.906262E-06   9.489477E-06   5.736256E-03  -2.486166E-01   8.223670E-02  -2.888134E-04
          3005      G     -1.972412E-05  -2.840210E-05   2.749398E-03  -1.540014E-01   1.274607E-01  -1.599452E-04
          3006      G     -2.263507E-06   5.921482E-08   1.445586E-02   1.309810E-03  -1.219261E-03  -3.112438E-05
          3007      G      2.681707E-05  -1.778383E-06   1.112686E-02   1.464393E-03   2.492295E-01  -2.900804E-05
          3008      G      9.209131E-05  -2.980287E-06   6.465631E-03   2.209967E-03   3.623217E-02  -1.375720E-05
          3009      G     -3.907272E-05  -1.008310E-04  -5.600827E-04   4.800907E-03   1.232619E-02  -4.375632E-02
          3010      G     -1.057900E-04  -1.811730E-04  -1.289088E-03   3.483712E-02   3.093315E-02  -2.455096E-01
          3011      G      2.334669E-06  -6.562018E-05  -1.920522E-03  -6.540010E-03   2.109095E-01   4.170674E-04
          3012      G      4.267989E-05  -6.452221E-05  -5.920172E-03   1.026928E-01   3.053890E-02  -5.856680E-01
          3013      G      8.603938E-05  -3.743742E-06  -9.595021E-04   2.147231E-03   4.496595E-01  -2.428792E-05
          3014      G      1.170928E-04  -5.610967E-06  -8.097460E-03   6.904586E-03   4.520264E-02  -1.547936E-02
          3015      G     -4.460541E-06   3.303908E-05  -4.533547E-04  -7.957238E-03   1.066291E-02  -8.001484E-02
          3016      G     -5.623361E-06   2.708292E-06  -3.816055E-04  -3.234713E-03   6.986010E-04  -1.766848E-02
          3017      G      3.510741E-06   1.240984E-05   5.746214E-03  -2.498954E-01  -8.351262E-02   2.125680E-04
          3018      G      1.357925E-05  -2.178739E-05   2.746578E-03  -1.567680E-01  -1.269578E-01   9.969039E-05
          3019      G     -3.174241E-05   1.033044E-06   1.114897E-02   8.144668E-04  -2.461590E-01  -2.310797E-05
          3020      G     -9.632778E-05   2.001900E-06   6.497426E-03   5.245642E-04  -3.892410E-02  -1.787588E-05
          3021      G      3.087334E-05  -8.852279E-05  -5.480095E-04   8.512595E-06  -1.199157E-02   4.053211E-02
          3022      G      9.400561E-05  -1.688289E-04  -1.264815E-03   2.455183E-02  -2.946865E-02   2.562580E-01
          3023      G     -7.638921E-06  -5.647160E-05  -1.909327E-03  -1.018849E-02  -2.105332E-01  -4.010291E-04
          3024      G     -4.631764E-05  -5.720277E-05  -5.946820E-03   1.009598E-01  -3.429176E-02   6.089401E-01
          3025      G     -9.050594E-05   2.438332E-06  -9.408260E-04   3.201111E-04  -4.488691E-01  -1.043026E-05
          3026      G     -1.218024E-04   2.741027E-06  -8.100318E-03   6.356853E-05  -4.792679E-02   3.552303E-04
          3027      G     -3.948058E-06  -1.009361E-04  -6.170242E-04   1.481135E-02  -3.816299E-05   2.977368E-03
          3028      G     -1.009908E-06  -3.215705E-05  -4.446506E-04   9.917703E-03  -1.024830E-02  -7.577369E-02
          3029      G     -9.635493E-08  -1.659614E-06  -3.735565E-04   4.772516E-03  -9.343699E-04  -1.614217E-02
          3030      G     -3.303581E-06  -1.866493E-05   7.121154E-03   3.233677E-01   1.764322E-04  -2.956566E-05
          3031      G     -8.995334E-06  -1.216657E-05   5.746792E-03   2.492461E-01   8.282781E-02   2.077768E-04
          3032      G     -1.891980E-05   2.168362E-05   2.751364E-03   1.556229E-01   1.269287E-01   7.857936E-05
1                                                       **STUDENT EDITION*    APRIL  18, 2026  MSC Nastran  3/ 3/26   PAGE    40
     DEFAULT                                                                                                                        
0                                                                                                            SUBCASE 1              
      EIGENVALUE =  2.302374E+06
          CYCLES =  2.414949E+02         R E A L   E I G E N V E C T O R   N O .          3
 
      POINT ID.   TYPE          T1             T2             T3             R1             R2             R3
          3033      G     -3.672005E-05   8.854388E-05  -5.440809E-04   5.141435E-04   1.199401E-02   4.286223E-02
          3034      G     -9.961949E-05   1.672738E-04  -1.259765E-03  -2.430522E-02   2.909453E-02   2.565904E-01
          3035      G      2.512500E-06   5.544774E-05  -1.901813E-03   1.001036E-02   2.103534E-01  -4.168734E-04
          3036      G      4.117852E-05   5.633094E-05  -5.939446E-03  -1.027061E-01   3.356530E-02   6.174932E-01
          3037      G     -6.900954E-06  -3.060434E-05  -4.469944E-04   9.482308E-03   1.013918E-02   8.159878E-02
          3038      G     -7.545864E-06   1.505866E-06  -3.774139E-04   4.142346E-03   8.259687E-04   2.135763E-02
          3039      G      2.693288E-06  -1.011029E-05   5.749569E-03   2.499785E-01  -8.325627E-02  -2.634469E-04
          3040      G      1.284061E-05   2.567714E-05   2.749960E-03   1.568525E-01  -1.271774E-01  -1.390746E-04
          3041      G      2.957558E-05   9.356876E-05  -5.446872E-04   6.781058E-04  -1.202705E-02  -3.791511E-02
          3042      G      9.327463E-05   1.755858E-04  -1.261999E-03  -2.439047E-02  -2.962775E-02  -2.544213E-01
          3043      G     -8.189407E-06   6.167877E-05  -1.906772E-03   1.013216E-02  -2.103965E-01   3.773495E-04
          3044      G     -4.679844E-05   6.272578E-05  -5.945326E-03  -1.008769E-01  -3.454805E-02  -6.081929E-01
          4000      G     -7.208171E-06   1.582006E-04  -3.424551E-04  -3.266549E-02   8.435821E-06  -1.359118E-03
          4001      G      2.784286E-05   1.540853E-04  -1.024013E-04  -8.072832E-02  -1.007625E-02   6.322770E-02
          4002      G      6.528724E-05   7.551737E-05  -3.636511E-04  -2.436449E-02   4.235728E-03  -4.680937E-03
          4003      G     -4.361301E-06   6.001724E-05   3.949259E-02  -1.515378E+00  -5.160524E-05   7.234994E-05
          4004      G      4.037138E-05   3.804795E-05   3.539919E-02  -1.245177E+00   2.513604E-01   9.823031E-05
          4005      G      5.323455E-05   8.234253E-06   2.486060E-02  -9.552751E-01   4.867471E-01   1.150388E-03
          4006      G     -1.411127E-06   1.115772E-05   7.391808E-02  -7.889297E-05  -1.477626E-04   7.073122E-05
          4007      G      1.232152E-04   1.314618E-05   6.290369E-02  -5.998543E-05   8.336866E-01   7.176509E-05
          4008      G      3.293851E-04   1.513147E-05   4.720972E-02  -1.502333E-04   1.252450E-01   7.179508E-05
          4009      G      2.927360E-05  -7.395151E-05  -8.901455E-04   3.504277E-03  -1.520962E-04  -2.637801E-02
          4010      G     -3.580163E-05  -3.778372E-05  -1.722769E-03   1.293733E-02   3.386200E-02  -2.870544E-01
          4011      G      1.468804E-04  -1.088041E-05   8.390727E-03  -4.103467E-01   6.976479E-01   1.720127E-03
          4012      G      2.333403E-04   7.037983E-06  -5.096907E-03   1.263019E-01   1.087814E-01  -7.241195E-01
          4013      G      3.123996E-04   1.699955E-05   2.015595E-02  -1.216139E-04   1.684751E+00   7.442523E-05
          4014      G      3.744612E-04   1.909203E-05  -6.741821E-03  -1.013768E-04   1.385538E-01   3.834749E-04
          4015      G     -4.233912E-05   1.501215E-04  -1.042044E-04  -8.065657E-02   9.923139E-03  -6.441882E-02
          4016      G     -7.985293E-05   6.745819E-05  -3.705907E-04  -2.429477E-02  -4.522437E-03   4.331329E-03
          4017      G     -4.906593E-05   3.410951E-05   3.539529E-02  -1.245176E+00  -2.515559E-01   4.783951E-05
          4018      G     -6.191863E-05   2.497900E-07   2.485319E-02  -9.553848E-01  -4.868498E-01  -1.000207E-03
          4019      G     -1.260581E-04   9.252188E-06   6.290113E-02  -7.893652E-05  -8.336006E-01   6.938920E-05
          4020      G     -3.322326E-04   7.361798E-06   4.720404E-02  -2.855290E-05  -1.256086E-01   6.752682E-05
          4021      G     -4.363986E-05  -8.624286E-05  -9.029574E-04   3.450218E-03   3.495337E-05   2.721474E-02
          4022      G      2.237102E-05  -5.516888E-05  -1.740022E-03   1.320447E-02  -3.452491E-02   2.911583E-01
          4023      G     -1.556831E-04  -2.308211E-05   8.378942E-03  -4.104352E-01  -6.978660E-01  -1.575168E-03
          4024      G     -2.429221E-04  -8.771192E-06  -5.117502E-03   1.260058E-01  -1.094871E-01   7.267109E-01
          4025      G     -3.153961E-04   5.617801E-06   2.014652E-02  -2.255355E-05  -1.684698E+00   6.618533E-05
          4026      G     -3.774683E-04   3.889536E-06  -6.753451E-03  -2.210122E-05  -1.388982E-01   1.467853E-04
          4027      G      3.978851E-06  -1.359912E-04  -3.431659E-04   3.255090E-02   7.555708E-08  -9.726205E-04
          4028      G      3.924673E-05  -1.277647E-04  -1.037056E-04   8.049198E-02  -9.951596E-03  -6.467555E-02
          4029      G      7.683853E-05  -4.520451E-05  -3.702463E-04   2.405586E-02   4.492544E-03   3.871181E-03
          4030      G      1.342050E-06  -3.767869E-05   3.949273E-02   1.515404E+00   1.305578E-05   6.880119E-05
          4031      G      4.612248E-05  -1.179791E-05   3.539777E-02   1.245222E+00   2.514211E-01   4.636021E-05
          4032      G      5.905563E-05   2.209370E-05   2.485744E-02   9.555209E-01   4.868276E-01  -1.001596E-03
          4033      G      4.066733E-05   1.083764E-04  -9.012114E-04  -3.868904E-03  -1.204552E-04   2.621730E-02
          4034      G     -2.511488E-05   7.667313E-05  -1.735553E-03  -1.366802E-02   3.422412E-02   2.886334E-01
          4035      G      1.529164E-04   4.535493E-05   8.385183E-03   4.106360E-01   6.977064E-01  -1.577368E-03
          4036      G      2.400113E-04   3.087117E-05  -5.107907E-03  -1.258898E-01   1.092955E-01   7.222965E-01
          4037      G     -3.132953E-05  -1.315547E-04  -1.042692E-04   8.055141E-02   9.979730E-03   6.277671E-02
1                                                       **STUDENT EDITION*    APRIL  18, 2026  MSC Nastran  3/ 3/26   PAGE    41
     DEFAULT                                                                                                                        
0                                                                                                            SUBCASE 1              
      EIGENVALUE =  2.302374E+06
          CYCLES =  2.414949E+02         R E A L   E I G E N V E C T O R   N O .          3
 
      POINT ID.   TYPE          T1             T2             T3             R1             R2             R3
          4038      G     -6.900947E-05  -5.264995E-05  -3.707942E-04   2.421787E-02  -4.479633E-03  -5.857836E-03
          4039      G     -4.343306E-05  -1.562329E-05   3.539608E-02   1.245203E+00  -2.515604E-01   9.031297E-05
          4040      G     -5.638766E-05   1.452921E-05   2.485300E-02   9.553591E-01  -4.868906E-01   1.135984E-03
          4041      G     -3.296808E-05   9.747569E-05  -9.032566E-04  -3.702407E-03   7.565642E-05  -2.863163E-02
          4042      G      3.288313E-05   6.265896E-05  -1.739814E-03  -1.339897E-02  -3.431070E-02  -2.917147E-01
          4043      G     -1.502355E-04   3.425797E-05   8.377268E-03   4.104875E-01  -6.978923E-01   1.707902E-03
          4044      G     -2.374921E-04   1.655089E-05  -5.117968E-03  -1.260067E-01  -1.092934E-01  -7.262399E-01
1                                                       **STUDENT EDITION*    APRIL  18, 2026  MSC Nastran  3/ 3/26   PAGE    42
     DEFAULT                                                                                                                        
0                                                                                                            SUBCASE 1              
      EIGENVALUE =  2.435608E+06
          CYCLES =  2.483841E+02         R E A L   E I G E N V E C T O R   N O .          4
 
      POINT ID.   TYPE          T1             T2             T3             R1             R2             R3
             1      G      0.0            0.0            0.0            0.0            0.0            0.0
             2      G      0.0            0.0            0.0            0.0            0.0            0.0
             3      G      0.0            0.0            0.0            0.0            0.0            0.0
             4      G      0.0            0.0            0.0            0.0            0.0            0.0
             5      G      0.0            0.0            0.0            0.0            0.0            0.0
             6      G      0.0            0.0            0.0            0.0            0.0            0.0
             7      G      0.0            0.0            0.0            0.0            0.0            0.0
             8      G      0.0            0.0            0.0            0.0            0.0            0.0
            10      G     -2.742479E-05  -1.286573E-04  -1.298113E-04   6.227922E-05  -3.675094E-04   1.298201E-02
            11      G     -2.770164E-05   1.296362E-04  -1.295588E-04  -6.434137E-05  -3.658771E-04  -1.259041E-02
            12      G     -1.732432E-04  -8.937018E-05  -2.409230E-04  -2.813951E-04  -5.603831E-04  -3.141354E-02
            13      G     -1.711095E-04   9.358053E-05  -2.408535E-04   2.631280E-04  -5.548272E-04   3.089575E-02
            14      G      1.741481E-04  -9.299059E-05  -2.357820E-04  -2.355544E-04   5.651781E-04   2.780678E-02
            15      G      1.799180E-04   8.136723E-05  -2.364415E-04   2.858413E-04   5.755953E-04  -2.938340E-02
            16      G      2.618442E-05  -1.217661E-04  -1.305414E-04  -1.102599E-06   3.334849E-04  -1.500452E-02
            17      G      1.875244E-05   1.280667E-04  -1.314200E-04  -1.662193E-05   3.106707E-04   1.878591E-02
           100      G     -3.833264E-04  -3.292163E-04   6.213942E-02  -1.497043E+00   5.968661E-01  -4.679587E-03
           101      G     -8.815127E-04  -6.757791E-06   1.161202E-01   3.345157E-04   2.416013E-01   3.328555E-04
           102      G     -1.662959E-04   3.920342E-05   8.164633E-02  -2.012340E+00   5.543368E-01  -1.583004E-03
           103      G     -7.623554E-04  -6.086581E-06   1.485638E-01  -1.912352E-04   1.208252E+00  -1.749093E-04
           104      G      1.956141E-05  -6.095752E-04   9.383718E-02  -2.299799E+00  -7.658178E-05   2.588390E-04
           105      G      2.583962E-05  -2.996152E-06   1.748265E-01  -3.606638E-05  -2.151908E-03  -5.228153E-05
           106      G     -4.045748E-05  -4.708937E-04  -2.494036E-04   2.858413E-04   5.755953E-04  -2.938340E-02
           107      G     -4.045748E-05   3.132758E-04  -2.340424E-04   2.858413E-04   5.755953E-04  -2.938340E-02
           108      G      1.002121E-05   1.629596E-04  -1.017811E-03  -1.109297E-03  -2.969728E-04  -5.957742E-05
           109      G      1.596468E-04   2.689610E-04  -1.336253E-04  -1.662193E-05   3.106707E-04   1.878591E-02
           110      G     -7.677924E-04   1.070611E-03  -5.590589E-03   3.465111E-01   2.065693E-01  -1.062143E-01
           111      G      1.596468E-04  -2.558705E-04  -1.249460E-04  -1.662193E-05   3.106707E-04   1.878591E-02
           112      G     -3.774282E-04  -5.297940E-05   2.701229E-02  -6.133965E-01   1.299379E+00   3.239000E-03
           113      G     -6.759396E-04  -1.539481E-05  -6.623469E-03  -1.258957E-03   2.485766E-01   5.170811E-03
           114      G     -1.433152E-03  -1.796970E-07   5.495604E-02   1.038335E-03   2.415841E+00  -1.433858E-03
           115      G      4.280799E-04  -3.060588E-04   6.216947E-02  -1.489856E+00  -5.984090E-01   4.806343E-03
           116      G      9.390944E-04   1.406263E-06   1.161795E-01  -4.234065E-04  -2.462260E-01  -3.093709E-05
           117      G      2.105071E-04   4.206178E-05   8.166977E-02  -2.009411E+00  -5.537071E-01   1.529013E-03
           118      G      8.104508E-04  -1.299330E-07   1.485979E-01  -1.825542E-04  -1.204551E+00  -1.106230E-04
           119      G      6.060864E-05  -4.871051E-04  -2.532549E-04   2.631280E-04  -5.548272E-04   3.089575E-02
           120      G      6.060864E-05   3.374253E-04  -2.384480E-04   2.631280E-04  -5.548272E-04   3.089575E-02
           121      G     -1.221297E-04   2.240643E-04  -1.318204E-04  -6.434137E-05  -3.658771E-04  -1.259041E-02
           122      G      8.528109E-04   1.043690E-03  -5.588310E-03   3.593082E-01  -2.119431E-01   9.716863E-02
           123      G     -1.221297E-04  -1.276803E-04  -1.215987E-04  -6.434137E-05  -3.658771E-04  -1.259041E-02
           124      G      4.395224E-04  -4.592703E-05   2.704269E-02  -6.038202E-01  -1.298976E+00  -2.623819E-03
           125      G      7.469005E-04   1.900590E-06  -6.678376E-03  -1.421924E-04  -2.553859E-01   1.864617E-04
           126      G      1.499317E-03   1.708922E-06   5.497970E-02  -5.863752E-04  -2.418770E+00  -4.109393E-05
           127      G     -3.861085E-04   3.087008E-04   6.214337E-02   1.495306E+00   5.984481E-01   4.970350E-03
           128      G     -1.651009E-04  -5.383041E-05   8.166067E-02   2.011685E+00   5.537314E-01   1.470280E-03
           129      G      2.023391E-05   6.048618E-04   9.384256E-02   2.299493E+00  -2.669797E-04  -2.831417E-04
           130      G     -3.440273E-05   4.296378E-04  -2.481712E-04  -2.355544E-04   5.651781E-04   2.780678E-02
           131      G     -3.440273E-05  -3.124557E-04  -2.330880E-04  -2.355544E-04   5.651781E-04   2.780678E-02
           132      G      1.213547E-05  -1.676158E-04  -1.018603E-03   1.099017E-03  -6.962693E-04   3.842616E-04
           133      G      1.387183E-04  -2.343000E-04  -1.330508E-04  -1.102599E-06   3.334849E-04  -1.500452E-02
1                                                       **STUDENT EDITION*    APRIL  18, 2026  MSC Nastran  3/ 3/26   PAGE    43
     DEFAULT                                                                                                                        
0                                                                                                            SUBCASE 1              
      EIGENVALUE =  2.435608E+06
          CYCLES =  2.483841E+02         R E A L   E I G E N V E C T O R   N O .          4
 
      POINT ID.   TYPE          T1             T2             T3             R1             R2             R3
           134      G     -7.912932E-04  -1.047649E-03  -5.546284E-03  -3.561966E-01   2.070996E-01   1.022532E-01
           135      G      1.387183E-04   1.848888E-04  -1.237341E-04  -1.102599E-06   3.334849E-04  -1.500452E-02
           136      G     -3.929578E-04   3.957144E-05   2.701780E-02   6.068013E-01   1.297122E+00  -2.971968E-03
           137      G      4.275373E-04   3.105297E-04   6.217921E-02   1.489094E+00  -5.982742E-01  -4.650135E-03
           138      G      2.114795E-04  -4.102129E-05   8.167626E-02   2.008877E+00  -5.536079E-01  -1.604846E-03
           139      G      6.235836E-05   5.010472E-04  -2.535659E-04  -2.813951E-04  -5.603831E-04  -3.141354E-02
           140      G      6.235836E-05  -3.373016E-04  -2.386107E-04  -2.813951E-04  -5.603831E-04  -3.141354E-02
           141      G     -1.247899E-04  -2.260224E-04  -1.321006E-04   6.227922E-05  -3.675094E-04   1.298201E-02
           142      G      8.500852E-04  -1.040720E-03  -5.590063E-03  -3.597753E-01  -2.130138E-01  -9.639967E-02
           143      G     -1.247899E-04   1.366626E-04  -1.218333E-04   6.227922E-05  -3.675094E-04   1.298201E-02
           144      G      4.373448E-04   5.029896E-05   2.705446E-02   6.035534E-01  -1.298948E+00   2.621736E-03
           200      G      1.694329E-04   2.694846E-04  -1.336253E-04  -1.662193E-05   3.106707E-04   1.878591E-02
           201      G      1.694329E-04  -2.553469E-04  -1.249460E-04  -1.662193E-05   3.106707E-04   1.878591E-02
           202      G     -2.232623E-05  -4.798977E-04  -2.494036E-04   2.858413E-04   5.755953E-04  -2.938340E-02
           203      G     -2.232623E-05   3.042718E-04  -2.340424E-04   2.858413E-04   5.755953E-04  -2.938340E-02
           204      G      2.152144E-05  -3.065020E-03  -1.442198E-03  -4.342348E-02   1.842365E-03   1.554896E-03
           205      G      1.657749E-02   1.185171E-03  -7.203653E-03  -1.239375E+00  -3.080309E+00   1.196592E-01
           206      G      1.828841E-02   7.334939E-05  -1.064552E-02   1.403753E-02  -3.983451E+00   4.622242E-02
           207      G     -1.336548E-04   2.260910E-04  -1.318204E-04  -6.434137E-05  -3.658771E-04  -1.259041E-02
           208      G     -1.336548E-04  -1.256535E-04  -1.215987E-04  -6.434137E-05  -3.658771E-04  -1.259041E-02
           209      G      4.313158E-05  -4.953936E-04  -2.532549E-04   2.631280E-04  -5.548272E-04   3.089575E-02
           210      G      4.313158E-05   3.291368E-04  -2.384480E-04   2.631280E-04  -5.548272E-04   3.089575E-02
           211      G     -1.609981E-02   1.118248E-03  -7.198090E-03  -1.884026E+00   2.998928E+00  -2.408671E-01
           212      G     -1.822745E-02   2.933570E-06  -1.053023E-02   1.573937E-03   3.817348E+00   5.793800E-04
           213      G      1.492231E-04  -2.342652E-04  -1.330508E-04  -1.102599E-06   3.334849E-04  -1.500452E-02
           214      G      1.492231E-04   1.849235E-04  -1.237341E-04  -1.102599E-06   3.334849E-04  -1.500452E-02
           215      G     -1.659962E-05   4.370578E-04  -2.481712E-04  -2.355544E-04   5.651781E-04   2.780678E-02
           216      G     -1.659962E-05  -3.050357E-04  -2.330880E-04  -2.355544E-04   5.651781E-04   2.780678E-02
           217      G      2.038775E-05   3.063355E-03  -1.442005E-03   4.507495E-02  -1.392897E-03  -7.155841E-04
           218      G      1.688879E-02  -1.334951E-03  -7.208812E-03   1.849856E+00  -3.149583E+00  -1.875206E-01
           219      G     -1.363664E-04  -2.279842E-04  -1.321006E-04   6.227922E-05  -3.675094E-04   1.298201E-02
           220      G     -1.363664E-04   1.347008E-04  -1.218333E-04   6.227922E-05  -3.675094E-04   1.298201E-02
           221      G      4.470629E-05   5.099112E-04  -2.535659E-04  -2.813951E-04  -5.603831E-04  -3.141354E-02
           222      G      4.470629E-05  -3.284377E-04  -2.386107E-04  -2.813951E-04  -5.603831E-04  -3.141354E-02
           223      G     -1.611292E-02  -1.113393E-03  -7.197058E-03   1.886697E+00   2.990635E+00   2.424888E-01
           224      G      7.953138E-03   3.535233E-03  -9.314168E-01   2.301916E+01  -8.392942E+00   2.455489E-01
           225      G      1.712074E-02  -3.608571E-06  -1.707591E+00   1.028108E-02  -3.797184E+00  -1.196056E-04
           226      G      3.593543E-03  -2.192437E-03  -1.199928E+00   2.993569E+01  -7.513962E+00   1.985120E-02
           227      G      1.297801E-02  -5.504406E-06  -2.157612E+00   4.957435E-03  -1.649171E+01  -3.721920E-04
           228      G      3.076594E-04   9.508159E-03  -1.371629E+00   3.344851E+01  -1.392032E-01   5.404694E-03
           229      G      4.909590E-04   1.098264E-06  -2.519234E+00   3.523824E-04  -1.329954E-01   3.785518E-05
           230      G      9.757067E-03  -8.312328E-05  -4.514318E-01   1.132620E+01  -1.772818E+01   1.414318E-01
           231      G      2.803165E-02  -5.939788E-05  -8.632100E-01   5.749919E-02  -3.393640E+01  -8.558308E-03
           232      G     -7.149983E-03   4.045516E-03  -9.593647E-01   2.395730E+01   8.582415E+00  -2.409880E-01
           233      G     -1.650547E-02   4.004157E-06  -1.766097E+00  -3.737359E-03   3.574437E+00  -1.069697E-05
           234      G     -2.990451E-03  -2.214295E-03  -1.216046E+00   3.042613E+01   6.842969E+00  -1.831720E-02
           235      G     -1.187432E-02   2.918645E-06  -2.187672E+00  -1.058895E-03   1.531439E+01  -1.938165E-04
           236      G     -9.886184E-03  -1.432213E-04  -4.643163E-01   1.151261E+01   1.928369E+01  -1.133723E-01
           237      G     -2.406950E-02   1.790015E-06  -8.917254E-01  -3.135045E-03   3.839288E+01   3.386905E-05
           238      G      8.027844E-03  -3.536124E-03  -9.316974E-01  -2.285369E+01  -8.367800E+00  -2.448598E-01
1                                                       **STUDENT EDITION*    APRIL  18, 2026  MSC Nastran  3/ 3/26   PAGE    44
     DEFAULT                                                                                                                        
0                                                                                                            SUBCASE 1              
      EIGENVALUE =  2.435608E+06
          CYCLES =  2.483841E+02         R E A L   E I G E N V E C T O R   N O .          4
 
      POINT ID.   TYPE          T1             T2             T3             R1             R2             R3
           239      G      3.634434E-03   2.181728E-03  -1.200005E+00  -2.984075E+01  -7.518062E+00  -1.995162E-02
           240      G      3.285666E-04  -9.494765E-03  -1.371654E+00  -3.340829E+01  -1.359181E-01  -5.644132E-03
           241      G      9.919532E-03   8.302351E-05  -4.523947E-01  -1.101587E+01  -1.771803E+01  -1.428820E-01
           242      G     -7.147415E-03  -4.034782E-03  -9.592874E-01  -2.394389E+01   8.584350E+00   2.411424E-01
           243      G     -2.980363E-03   2.220441E-03  -1.216021E+00  -3.040165E+01   6.843705E+00   1.835130E-02
           244      G     -9.891104E-03   1.492162E-04  -4.642181E-01  -1.150331E+01   1.928398E+01   1.134091E-01
           300      G      8.862956E-06  -5.104948E-05  -3.611278E-04  -1.755699E-02  -4.210481E-03  -3.784489E-04
           301      G     -3.474421E-05  -6.170464E-05  -5.330986E-04  -2.673043E-02  -1.260270E-02  -9.860215E-03
           302      G      1.499701E-05  -8.871760E-05  -7.554621E-04  -4.159782E-02  -2.550062E-03   1.965515E-03
           303      G      9.183639E-05  -2.777081E-04  -1.155373E-03   2.660371E-02   1.648429E-03  -4.192654E-03
           304      G      1.532951E-05  -1.529154E-04  -5.256248E-04   8.880415E-04   1.511848E-02  -1.250320E-02
           305      G     -7.657099E-05  -4.053776E-04  -5.226696E-03   1.153305E-01  -4.008417E-02   3.048618E-02
           306      G     -1.360185E-04  -6.020949E-05  -7.601587E-03   1.148949E-02  -3.847155E-02  -1.028859E-02
           307      G      2.464605E-05  -4.028845E-05  -3.634549E-04  -1.824075E-02   4.819923E-03   1.771236E-03
           308      G      7.428331E-05  -5.642433E-05  -5.381564E-04  -2.677950E-02   1.396749E-02   1.307534E-02
           309      G     -9.636472E-05  -2.839695E-04  -1.159338E-03   1.448542E-02   6.366424E-03   3.307066E-03
           310      G      9.034288E-06  -1.485283E-04  -5.227964E-04  -1.416239E-03  -1.627529E-02   1.553872E-02
           311      G      1.170436E-04  -4.254950E-04  -5.233428E-03   1.421005E-01   3.378245E-02  -3.927381E-02
           312      G      1.491749E-04  -1.126386E-06  -7.564752E-03   8.068486E-05   3.473268E-02   8.074205E-05
           313      G     -8.972544E-06   4.951116E-06  -3.574588E-04   1.858618E-02  -5.258875E-03   1.457168E-03
           314      G     -5.661832E-05   2.652393E-05  -5.320113E-04   2.757552E-02  -1.373521E-02   1.256461E-02
           315      G      3.421717E-06   6.575315E-05  -7.552681E-04   4.339010E-02  -2.394268E-04  -1.715402E-04
           316      G      1.019084E-04   2.225478E-04  -1.147411E-03  -1.432454E-02  -9.917056E-03   7.372875E-03
           317      G      6.481130E-06   1.102980E-04  -5.190344E-04  -1.727978E-04   1.663519E-02   1.482517E-02
           318      G     -1.017885E-04   3.898657E-04  -5.215643E-03  -1.462208E-01  -3.927723E-02  -3.866032E-02
           319      G      1.470147E-05   2.550863E-05  -3.639295E-04   1.895682E-02   4.807558E-03  -1.932277E-03
           320      G      6.437774E-05   3.475681E-05  -5.370517E-04   2.755866E-02   1.329754E-02  -1.327898E-02
           321      G     -1.068747E-04   2.798802E-04  -1.161732E-03  -1.414574E-02   5.762780E-03  -3.397975E-03
           322      G     -8.747453E-07   1.389627E-04  -5.239720E-04   2.340935E-03  -1.630668E-02  -1.574102E-02
           323      G      1.097050E-04   4.223811E-04  -5.236553E-03  -1.421827E-01   3.360401E-02   3.932126E-02
           324      G     -6.116639E-05  -4.670395E-05   4.321633E-03  -7.917892E-02   9.264555E-02  -2.460092E-03
           325      G     -1.348695E-04  -2.135644E-05   6.194811E-03   4.707958E-04  -2.120790E-03  -1.722246E-04
           326      G      1.066861E-06  -2.716998E-05   7.771403E-03  -1.618851E-01   9.596474E-02  -3.581201E-05
           327      G     -1.235845E-04  -1.665750E-05   1.109396E-02   1.186232E-04   1.761883E-01  -1.676766E-04
           328      G      1.493089E-05  -9.817945E-05   9.637243E-03  -2.051194E-01   3.019573E-04  -5.288541E-04
           329      G      9.383529E-06  -1.302722E-05   1.459211E-02   5.596999E-04  -1.839110E-03  -7.544620E-05
           330      G     -4.351391E-05  -9.114038E-05  -1.037473E-03   3.461845E-02   2.130541E-01  -4.956640E-03
           331      G     -2.842883E-04  -1.646923E-05  -1.070901E-03  -5.852801E-04   2.963858E-01   1.085271E-03
           332      G      9.051474E-05  -3.540740E-05   4.444885E-03  -7.905904E-02  -9.283820E-02   1.887221E-03
           333      G      1.547770E-04  -7.401791E-06   6.411888E-03   3.261001E-04  -2.031217E-03  -8.399164E-05
           334      G      2.688065E-05  -2.134879E-05   7.848820E-03  -1.626670E-01  -9.466395E-02  -2.032109E-04
           335      G      1.402797E-04  -1.002621E-05   1.121661E-02   3.638680E-04  -1.713634E-01  -1.231522E-04
           336      G      7.650802E-05  -7.157433E-05  -9.197814E-04   4.154995E-02  -2.142387E-01   5.215899E-03
           337      G      3.049048E-04  -4.639209E-06  -9.276546E-04   2.773183E-04  -3.012497E-01  -1.686605E-04
           338      G     -7.202753E-05   4.874926E-06   4.387034E-03   7.594388E-02   9.053852E-02   1.964249E-03
           339      G     -6.122782E-06  -6.416919E-06   7.820688E-03   1.604338E-01   9.597836E-02  -2.389218E-04
           340      G      6.578224E-06   7.206274E-05   9.672633E-03   2.038694E-01  -2.182611E-04  -1.678720E-05
           341      G     -6.251646E-05   3.022767E-05  -9.394718E-04  -4.149016E-02   2.137780E-01   5.140546E-03
           342      G      8.394019E-05   2.013286E-05   4.456614E-03   7.874279E-02  -9.307966E-02  -1.986470E-03
           343      G      1.942284E-05   1.600567E-06   7.867407E-03   1.621916E-01  -9.496545E-02   4.388652E-05
1                                                       **STUDENT EDITION*    APRIL  18, 2026  MSC Nastran  3/ 3/26   PAGE    45
     DEFAULT                                                                                                                        
0                                                                                                            SUBCASE 1              
      EIGENVALUE =  2.435608E+06
          CYCLES =  2.483841E+02         R E A L   E I G E N V E C T O R   N O .          4
 
      POINT ID.   TYPE          T1             T2             T3             R1             R2             R3
           344      G      6.973978E-05   6.240932E-05  -9.152035E-04  -4.202289E-02  -2.146416E-01  -5.382497E-03
           400      G      5.723386E-05  -7.744227E-05  -4.767179E-04  -1.093744E-02   2.629802E-03  -1.224360E-03
           401      G      1.681732E-05  -2.657453E-04  -4.966256E-04  -4.188932E-02  -8.537040E-03  -3.457504E-03
           402      G      1.487098E-05  -5.390637E-05  -5.805463E-04  -1.656798E-02   2.714079E-05   1.338009E-04
           403      G      2.177617E-04  -4.528395E-04  -1.595264E-03   1.366487E-02   3.129590E-02   1.223842E-02
           404      G      1.163436E-04  -1.180241E-04  -7.963676E-04   4.820949E-03   6.290253E-03  -5.970322E-03
           405      G     -3.658653E-04  -3.919148E-04  -4.885904E-03   9.313631E-02   6.506234E-02   1.697481E-02
           406      G     -4.535893E-04  -2.285468E-05  -6.587810E-03  -8.150392E-04   8.654241E-02  -1.489827E-03
           407      G     -2.882390E-05  -6.681252E-05  -4.813367E-04  -1.084281E-02  -2.798173E-03   1.395480E-03
           408      G      1.170591E-05  -2.602545E-04  -4.988661E-04  -4.183172E-02   8.470275E-03   3.430789E-03
           409      G     -1.914250E-04  -4.350233E-04  -1.602293E-03   1.514194E-02  -3.232813E-02  -1.283116E-02
           410      G     -9.030230E-05  -1.026170E-04  -8.027728E-04   4.973589E-03  -5.966997E-03   5.535379E-03
           411      G      3.879841E-04  -3.701587E-04  -4.880568E-03   9.154071E-02  -6.516473E-02  -1.789460E-02
           412      G      4.680648E-04  -2.954824E-06  -6.564991E-03   4.974010E-05  -8.651891E-02  -7.345323E-05
           413      G      4.209158E-05   3.787227E-05  -4.753367E-04   1.069053E-02   2.781139E-03   1.221744E-03
           414      G      1.875897E-06   2.318777E-04  -4.942191E-04   4.175422E-02  -8.568581E-03   3.366604E-03
           415      G     -4.167061E-07   2.591606E-05  -5.793452E-04   1.655638E-02  -8.187136E-05  -1.345377E-04
           416      G      2.022743E-04   4.003540E-04  -1.589050E-03  -1.581536E-02   3.259030E-02  -1.237807E-02
           417      G      1.018016E-04   7.167772E-05  -7.934966E-04  -5.063207E-03   5.717844E-03   5.620904E-03
           418      G     -3.727495E-04   3.356370E-04  -4.872337E-03  -9.172739E-02   6.498884E-02  -1.742061E-02
           419      G     -4.309450E-05   4.967819E-05  -4.819076E-04   1.090116E-02  -2.867904E-03  -1.613743E-03
           420      G     -2.875983E-06   2.376322E-04  -4.982072E-04   4.183953E-02   8.446956E-03  -3.612729E-03
           421      G     -2.057947E-04   4.289187E-04  -1.605530E-03  -1.505398E-02  -3.247339E-02   1.265121E-02
           422      G     -1.045285E-04   9.086077E-05  -8.043242E-04  -4.845750E-03  -6.014810E-03  -5.740011E-03
           423      G      3.809647E-04   3.643212E-04  -4.883198E-03  -9.151235E-02  -6.525301E-02   1.776927E-02
           424      G     -1.423977E-04  -1.103402E-04   1.281450E-02  -3.414409E-01   1.681765E-01  -6.263045E-03
           425      G     -3.879013E-04  -1.992490E-05   2.432161E-02  -1.396404E-04   7.581306E-02  -1.731841E-04
           426      G     -5.160567E-05  -1.370425E-05   1.809950E-02  -4.630077E-01   1.406130E-01  -4.315425E-04
           427      G     -2.636252E-04  -1.702408E-05   3.285136E-02   2.154951E-05   3.116345E-01  -9.397590E-05
           428      G      1.078327E-05  -2.388341E-04   2.123706E-02  -5.595312E-01   1.197557E-04  -1.351888E-04
           429      G      7.482193E-06  -1.412618E-05   3.978766E-02  -3.648327E-05  -2.473416E-05  -9.598681E-05
           430      G     -2.188134E-04  -1.011224E-04   3.634165E-03  -1.259626E-01   3.415545E-01  -6.854385E-03
           431      G     -6.270596E-04  -2.329363E-05   8.915003E-03  -5.606165E-04   6.237640E-01   3.185490E-04
           432      G      1.640268E-04  -9.924035E-05   1.282171E-02  -3.417138E-01  -1.677425E-01   6.063463E-03
           433      G      4.031080E-04  -8.600147E-06   2.433532E-02   1.847305E-05  -7.589848E-02  -9.790063E-05
           434      G      7.346460E-05  -7.995381E-06   1.810163E-02  -4.631103E-01  -1.407219E-01   2.478844E-04
           435      G      2.784836E-04  -1.135084E-05   3.285833E-02   4.900299E-06  -3.112846E-01  -1.048933E-04
           436      G      2.408327E-04  -8.556919E-05   3.644136E-03  -1.265893E-01  -3.419356E-01   6.695047E-03
           437      G      6.421283E-04  -5.753081E-06   8.931962E-03   3.436270E-05  -6.236981E-01  -1.070744E-04
           438      G     -1.492324E-04   7.043702E-05   1.282272E-02   3.413778E-01   1.674713E-01   6.088886E-03
           439      G     -5.868276E-05  -2.025181E-05   1.810212E-02   4.628157E-01   1.408099E-01   2.348617E-04
           440      G      3.744829E-06   2.106263E-04   2.124043E-02   5.594408E-01  -1.662146E-05  -8.231762E-05
           441      G     -2.254124E-04   5.609969E-05   3.650718E-03   1.262410E-01   3.418394E-01   6.623063E-03
           442      G      1.568660E-04   8.202725E-05   1.282209E-02   3.416773E-01  -1.677591E-01  -6.213672E-03
           443      G      6.629572E-05  -1.453353E-05   1.810301E-02   4.630380E-01  -1.407748E-01  -4.359044E-04
           444      G      2.337311E-04   7.396486E-05   3.643594E-03   1.265500E-01  -3.420101E-01  -6.879794E-03
           445      G      5.750039E-04  -1.192937E-03  -1.715732E-03   4.817066E-02   2.219829E-02   2.927628E-02
           446      G      4.378035E-04  -3.984382E-04  -9.404394E-04   3.039280E-02   2.571051E-02  -7.170407E-03
           447      G      2.698016E-04  -1.118389E-04  -5.661105E-04   2.911684E-02   5.677382E-03  -8.163082E-03
           448      G      1.197389E-04   1.336643E-05  -5.205772E-04   2.625718E-02  -3.061971E-03  -7.404291E-03
1                                                       **STUDENT EDITION*    APRIL  18, 2026  MSC Nastran  3/ 3/26   PAGE    46
     DEFAULT                                                                                                                        
0                                                                                                            SUBCASE 1              
      EIGENVALUE =  2.435608E+06
          CYCLES =  2.483841E+02         R E A L   E I G E N V E C T O R   N O .          4
 
      POINT ID.   TYPE          T1             T2             T3             R1             R2             R3
           449      G      1.276472E-05   5.441255E-05  -5.639313E-04   1.204575E-02  -5.586935E-05  -1.052452E-04
           450      G      3.633313E-05  -9.037762E-04  -4.731143E-03   7.159197E-02   5.822913E-02   4.714640E-02
           451      G     -6.601578E-05  -2.427584E-05  -6.196809E-03  -9.421226E-05   9.145033E-02  -2.222169E-04
           452      G     -5.491415E-04  -1.168352E-03  -1.722268E-03   4.740884E-02  -2.205636E-02  -2.953044E-02
           453      G     -4.118662E-04  -3.813534E-04  -9.471036E-04   3.016218E-02  -2.581253E-02   6.977329E-03
           454      G     -2.442706E-04  -1.010773E-04  -5.708761E-04   2.908221E-02  -5.757858E-03   7.904798E-03
           455      G     -9.397823E-05   1.862764E-05  -5.231441E-04   2.623394E-02   2.973895E-03   7.254502E-03
           456      G     -1.992727E-05  -8.796506E-04  -4.724229E-03   7.131687E-02  -5.841506E-02  -4.720761E-02
           457      G      7.443223E-05  -3.726545E-06  -6.179267E-03   3.606207E-05  -9.106649E-02  -1.001967E-04
           458      G      5.579171E-04   1.141451E-03  -1.708318E-03  -4.742505E-02   2.184229E-02  -2.936349E-02
           459      G      4.209848E-04   3.541406E-04  -9.372676E-04  -3.021906E-02   2.568874E-02   7.022507E-03
           460      G      2.536247E-04   7.318101E-05  -5.640966E-04  -2.900861E-02   5.645971E-03   7.922448E-03
           461      G      1.036341E-04  -4.683805E-05  -5.188686E-04  -2.616738E-02  -3.060800E-03   7.216286E-03
           462      G     -3.242282E-06  -8.277440E-05  -5.624709E-04  -1.197424E-02  -6.998923E-05  -9.302282E-05
           463      G      2.843040E-05   8.549002E-04  -4.720748E-03  -7.193851E-02   5.773950E-02  -4.755382E-02
           464      G     -5.652856E-04   1.161234E-03  -1.725605E-03  -4.740390E-02  -2.209700E-02   2.935869E-02
           465      G     -4.279394E-04   3.686590E-04  -9.488678E-04  -3.013984E-02  -2.586599E-02  -7.175940E-03
           466      G     -2.603193E-04   8.298201E-05  -5.713227E-04  -2.902266E-02  -5.799139E-03  -8.101119E-03
           467      G     -1.100420E-04  -4.184920E-05  -5.224664E-04  -2.616937E-02   2.935466E-03  -7.439079E-03
           468      G     -2.772597E-05   8.723518E-04  -4.726685E-03  -7.127409E-02  -5.846818E-02   4.702512E-02
           469      G      2.064177E-04  -8.800602E-04  -3.097671E-03   7.547968E-02   3.975701E-02  -3.209171E-02
           470      G      1.594603E-04  -3.980940E-04  -2.383169E-03   9.546923E-02   1.715374E-02  -1.060095E-02
           471      G      1.037246E-04  -7.203924E-05  -2.060272E-03   7.690209E-02   3.751812E-03  -7.301740E-03
           472      G      5.569348E-05   2.470660E-05  -2.027016E-03   7.826699E-02   1.242039E-04  -1.976428E-03
           473      G      1.049602E-05   5.078864E-05  -1.959620E-03   7.492172E-02   1.000599E-05  -1.027072E-04
           474      G     -2.709318E-05  -2.497212E-04  -4.082574E-03   4.985395E-02  -3.353561E-03  -1.692462E-02
           475      G     -3.319910E-05  -6.837270E-05  -4.169331E-03   9.090633E-02  -7.170542E-03  -3.973812E-03
           476      G     -1.145094E-05   2.145362E-05  -4.217243E-03   8.807884E-02   3.205500E-04  -2.483837E-03
           477      G      8.167146E-06   3.950320E-05  -4.144169E-03   9.029105E-02   6.525045E-05  -1.028239E-04
           478      G     -2.788323E-05  -3.748595E-04  -5.843925E-03   3.817031E-02   7.251151E-02  -1.274222E-02
           479      G     -1.468513E-04  -1.794697E-04  -5.231350E-03   5.279486E-02  -2.468110E-02  -2.463110E-03
           480      G     -1.076369E-04  -3.768677E-05  -5.793790E-03   5.119892E-02  -1.827412E-02  -2.997464E-03
           481      G     -5.464537E-05   2.352238E-06  -5.971037E-03   5.850671E-02  -2.078468E-03  -1.257714E-03
           482      G     -1.568891E-04  -2.203326E-05  -5.657565E-03  -7.597989E-06  -3.100925E-02  -7.032357E-05
           483      G     -1.412869E-04  -1.931292E-05  -6.374457E-03  -5.036431E-05  -2.900758E-02  -9.875942E-05
           484      G     -7.118641E-05  -1.674775E-05  -6.655176E-03  -3.151379E-05   1.513288E-03  -9.446301E-05
           485      G      6.073804E-06   1.765967E-05  -5.921218E-03   5.576358E-02   1.295698E-04  -9.796600E-05
           486      G      4.068985E-06  -1.416853E-05  -6.573855E-03  -2.768533E-05   1.460539E-04  -9.493508E-05
           487      G     -1.853799E-04  -8.561152E-04  -3.094866E-03   7.529870E-02  -3.975431E-02   3.184551E-02
           488      G     -1.384844E-04  -3.810461E-04  -2.381843E-03   9.500634E-02  -1.710033E-02   1.036925E-02
           489      G     -8.274838E-05  -6.133380E-05  -2.060706E-03   7.661591E-02  -3.730783E-03   7.096550E-03
           490      G     -3.477717E-05   2.998133E-05  -2.027219E-03   7.811509E-02  -1.656591E-04   1.760712E-03
           491      G      4.338146E-05  -2.332017E-04  -4.073788E-03   4.962373E-02   3.357726E-03   1.668250E-02
           492      G      4.944862E-05  -5.774192E-05  -4.162721E-03   9.060279E-02   7.247039E-03   3.767098E-03
           493      G      2.778080E-05   2.669153E-05  -4.213591E-03   8.791514E-02  -1.898926E-04   2.281842E-03
           494      G      4.027129E-05  -3.525291E-04  -5.829586E-03   3.778821E-02  -7.241446E-02   1.251206E-02
           495      G      1.587530E-04  -1.632802E-04  -5.218347E-03   5.265953E-02   2.462667E-02   2.262245E-03
           496      G      1.196661E-04  -2.723727E-05  -5.782322E-03   5.105828E-02   1.838510E-02   2.798110E-03
           497      G      6.674573E-05   7.550692E-06  -5.964405E-03   5.840797E-02   2.296013E-03   1.060494E-03
           498      G      1.648694E-04  -6.350993E-06  -5.643786E-03   1.278774E-05   3.094053E-02  -9.356342E-05
1                                                       **STUDENT EDITION*    APRIL  18, 2026  MSC Nastran  3/ 3/26   PAGE    47
     DEFAULT                                                                                                                        
0                                                                                                            SUBCASE 1              
      EIGENVALUE =  2.435608E+06
          CYCLES =  2.483841E+02         R E A L   E I G E N V E C T O R   N O .          4
 
      POINT ID.   TYPE          T1             T2             T3             R1             R2             R3
           499      G      1.492732E-04  -9.036891E-06  -6.361960E-03  -4.685361E-06   2.909548E-02  -9.552953E-05
           500      G      7.929654E-05  -1.160267E-05  -6.647618E-03  -1.876805E-05  -1.267494E-03  -9.501478E-05
           501      G      1.940416E-04   8.298643E-04  -3.082755E-03  -7.546041E-02   3.933386E-02   3.188974E-02
           502      G      1.475060E-04   3.538602E-04  -2.377258E-03  -9.544715E-02   1.698783E-02   1.038022E-02
           503      G      9.168207E-05   3.342878E-05  -2.057021E-03  -7.689201E-02   3.699452E-03   7.116478E-03
           504      G      4.373257E-05  -5.816955E-05  -2.024343E-03  -7.825753E-02   1.201756E-04   1.785085E-03
           505      G     -1.452382E-06  -7.913244E-05  -1.957344E-03  -7.490946E-02  -1.464686E-05  -8.271356E-05
           506      G     -3.487729E-05   2.055072E-04  -4.078626E-03  -4.991825E-02  -3.418668E-03   1.676504E-02
           507      G     -4.096061E-05   2.975062E-05  -4.166793E-03  -9.095002E-02  -7.198326E-03   3.775927E-03
           508      G     -1.926090E-05  -5.492406E-05  -4.214996E-03  -8.810653E-02   3.083785E-04   2.294152E-03
           509      G      3.637404E-07  -6.783875E-05  -4.142190E-03  -9.031576E-02   5.225337E-05  -8.702061E-05
           510      G     -3.184561E-05   3.255095E-04  -5.839516E-03  -3.846273E-02   7.227810E-02   1.260819E-02
           511      G     -1.507233E-04   1.355629E-04  -5.229687E-03  -5.298671E-02  -2.470155E-02   2.258825E-03
           512      G     -1.115092E-04  -9.933374E-07  -5.792318E-03  -5.124997E-02  -1.827486E-02   2.812061E-03
           513      G     -5.853445E-05  -3.582817E-05  -5.969702E-03  -5.856485E-02  -2.089388E-03   1.066727E-03
           514      G      2.173238E-06  -4.599810E-05  -5.920077E-03  -5.581128E-02   1.199314E-04  -9.157534E-05
           515      G     -1.973118E-04   8.488522E-04  -3.097971E-03  -7.528119E-02  -3.980152E-02  -3.204290E-02
           516      G     -1.504041E-04   3.683625E-04  -2.383253E-03  -9.499231E-02  -1.715849E-02  -1.055819E-02
           517      G     -9.467435E-05   4.324673E-05  -2.060429E-03  -7.659968E-02  -3.786422E-03  -7.285662E-03
           518      G     -4.669814E-05  -5.320355E-05  -2.025726E-03  -7.809588E-02  -1.961002E-04  -1.951208E-03
           519      G      3.560006E-05   2.205004E-04  -4.074790E-03  -4.960050E-02   3.314563E-03  -1.687324E-02
           520      G      4.166279E-05   3.966231E-05  -4.162373E-03  -9.060457E-02   7.203336E-03  -3.956696E-03
           521      G      1.998178E-05  -4.990373E-05  -4.212198E-03  -8.793232E-02  -2.206179E-04  -2.471074E-03
           522      G      3.637238E-05   3.451520E-04  -5.830966E-03  -3.772343E-02  -7.244107E-02  -1.270011E-02
           523      G      1.548728E-04   1.505716E-04  -5.218894E-03  -5.263222E-02   2.460227E-02  -2.451177E-03
           524      G      1.157736E-04   9.162920E-06  -5.782120E-03  -5.106623E-02   1.836034E-02  -2.987069E-03
           525      G      6.284807E-05  -3.075712E-05  -5.963613E-03  -5.844192E-02   2.278823E-03  -1.250000E-03
          1000      G      1.666373E-05   1.448196E-04  -1.006936E-03  -1.109057E-03  -2.968929E-04   4.578283E-03
          1001      G      1.773158E-04   2.707839E-04  -2.268095E-04   1.857111E-04   5.477642E-04   1.356170E-01
          1002      G      2.733295E-04  -4.527432E-04  -2.455524E-04   8.897192E-05   5.639885E-04   1.834778E-01
          1003      G      1.046506E-05   5.466915E-05   9.221025E-02  -3.549940E+00   8.141765E-04  -1.116637E-04
          1004      G      1.681920E-04  -1.135592E-04   8.289135E-02  -3.001183E+00   5.643307E-01  -4.137425E-04
          1005      G      3.310580E-04  -1.420860E-04   6.062602E-02  -2.282459E+00   1.030321E+00   4.331792E-03
          1006      G      8.175390E-06  -2.723846E-06   1.748344E-01  -3.609607E-05  -2.151748E-03  -1.673381E-04
          1007      G      4.110223E-04  -8.024029E-06   1.506514E-01   8.906722E-05   1.854568E+00  -1.238058E-04
          1008      G      9.967551E-04  -9.539018E-06   1.161233E-01   3.343479E-04   2.417455E-01  -1.390157E-04
          1009      G      1.979625E-04  -2.646306E-04  -1.247764E-04   6.076772E-06   2.392775E-04  -2.563959E-03
          1010      G      1.552272E-04   2.675731E-04  -1.398906E-04   4.203503E-05   2.317624E-04  -2.009767E-02
          1011      G      6.962866E-04  -1.233266E-04   2.486684E-02  -9.702723E-01   1.562782E+00   7.385801E-03
          1012      G      8.826061E-04   8.693202E-05  -4.754253E-03   3.465547E-01   2.066585E-01  -8.119702E-01
          1013      G      1.044631E-03  -1.532968E-05   5.521276E-02  -1.433562E-03   3.853978E+00  -2.514646E-04
          1014      G      1.291379E-03  -2.072513E-05  -5.616929E-03  -1.257510E-03   2.485873E-01   2.614309E-03
          1015      G     -1.455120E-04   2.941197E-04  -2.311325E-04   1.669609E-04  -5.269757E-04  -1.313986E-01
          1016      G     -2.465198E-04  -4.653644E-04  -2.492866E-04   5.287887E-05  -5.432006E-04  -1.817521E-01
          1017      G     -1.437454E-04  -1.071812E-04   8.291252E-02  -3.000108E+00  -5.648335E-01  -1.475409E-05
          1018      G     -3.099846E-04  -1.089753E-04   6.066037E-02  -2.279433E+00  -1.029307E+00  -4.451056E-03
          1019      G     -3.985647E-04   1.819154E-06   1.506867E-01  -2.635145E-04  -1.848963E+00  -1.403957E-04
          1020      G     -9.771218E-04   4.859311E-06   1.161827E-01  -4.234173E-04  -2.463699E-01  -1.283545E-04
          1021      G     -1.905851E-04  -1.597972E-04  -1.211948E-04  -1.316720E-05  -2.808040E-04  -2.020878E-02
          1022      G     -1.211007E-04   2.264444E-04  -1.375188E-04  -2.015197E-05  -2.999572E-04   1.401588E-02
1                                                       **STUDENT EDITION*    APRIL  18, 2026  MSC Nastran  3/ 3/26   PAGE    48
     DEFAULT                                                                                                                        
0                                                                                                            SUBCASE 1              
      EIGENVALUE =  2.435608E+06
          CYCLES =  2.483841E+02         R E A L   E I G E N V E C T O R   N O .          4
 
      POINT ID.   TYPE          T1             T2             T3             R1             R2             R3
          1023      G     -6.586906E-04  -1.090158E-04   2.493123E-02  -9.641223E-01  -1.561868E+00  -7.369220E-03
          1024      G     -8.415205E-04   1.247679E-04  -4.730506E-03   3.593458E-01  -2.120320E-01   9.052911E-01
          1025      G     -1.027096E-03   8.116558E-06   5.525235E-02  -5.823491E-04  -3.852716E+00  -1.375580E-04
          1026      G     -1.276214E-03   1.151180E-05  -5.644708E-03  -1.422344E-04  -2.553975E-01   4.028805E-03
          1027      G     -5.825216E-06  -1.493993E-04  -1.007767E-03   1.098810E-03  -6.962584E-04   5.744407E-03
          1028      G      1.522256E-04  -2.718584E-04  -2.256440E-04  -1.297007E-04   5.369958E-04  -1.185564E-01
          1029      G      2.496458E-04   4.123743E-04  -2.441292E-04  -4.382446E-05   5.532515E-04  -1.671186E-01
          1030      G     -2.044556E-06  -5.800576E-05   9.221539E-02   3.548484E+00   6.507090E-04  -1.954232E-04
          1031      G      1.582078E-04   9.867386E-05   8.289477E-02   2.998609E+00   5.646605E-01   1.548190E-05
          1032      G      3.193858E-04   1.126166E-04   6.063315E-02   2.278038E+00   1.029446E+00  -4.593583E-03
          1033      G      1.808306E-04   1.994849E-04  -1.236273E-04  -3.669993E-05   2.560394E-04  -3.785488E-03
          1034      G      1.159813E-04  -2.562781E-04  -1.391670E-04  -4.787236E-05   2.646711E-04   2.681446E-02
          1035      G      6.723689E-04   9.613367E-05   2.490629E-02   9.650407E-01   1.561555E+00  -7.584271E-03
          1036      G      8.630381E-04  -1.261215E-04  -4.707842E-03  -3.562353E-01   2.071872E-01   8.862751E-01
          1037      G     -1.670384E-04  -2.935856E-04  -2.313763E-04  -1.863277E-04  -5.327294E-04   1.434994E-01
          1038      G     -2.674292E-04   4.790925E-04  -2.496669E-04  -6.968084E-05  -5.489978E-04   1.935456E-01
          1039      G     -1.552940E-04   1.103942E-04   8.292037E-02   2.999376E+00  -5.646775E-01  -2.445816E-04
          1040      G     -3.213103E-04   1.192680E-04   6.067118E-02   2.279129E+00  -1.029233E+00   4.200093E-03
          1041      G     -2.108948E-04   1.774245E-04  -1.214319E-04   1.167022E-05  -2.829014E-04   2.857993E-02
          1042      G     -6.709183E-04   1.251826E-04   2.494494E-02   9.640872E-01  -1.561735E+00   7.129678E-03
          1043      G     -8.530143E-04  -1.025103E-04  -4.727976E-03  -3.598130E-01  -2.131028E-01  -8.983384E-01
          1044      G     -1.431555E-04  -2.085711E-04  -1.378043E-04   1.715348E-05  -3.007709E-04  -4.614588E-03
          2000      G     -1.467680E-04  -2.343010E-03  -1.336301E-03  -4.340506E-02   1.843931E-03  -9.280264E-02
          2001      G     -8.807148E-04   3.911223E-04  -3.597387E-04   3.470417E-03   8.380638E-04  -4.016286E-01
          2002      G     -1.583654E-03  -3.232217E-04  -3.140571E-04   1.268765E-03   7.389661E-04  -7.521299E-01
          2003      G     -2.481838E-04   8.302102E-04  -1.346199E+00   5.102818E+01  -2.802665E-01  -2.477722E-03
          2004      G     -2.111434E-03   7.994184E-04  -1.211000E+00   4.374422E+01  -7.683171E+00  -2.627212E-02
          2005      G     -3.192439E-03   8.399464E-04  -9.088834E-01   3.403580E+01  -1.400679E+01  -6.913231E-02
          2006      G     -5.409223E-04  -7.382800E-07  -2.519339E+00   3.545163E-04  -1.330283E-01  -1.325660E-03
          2007      G     -5.191119E-03  -2.402694E-05  -2.183523E+00   9.438905E-03  -2.531858E+01  -1.798572E-03
          2008      G     -1.186134E-02  -8.272797E-05  -1.707631E+00   1.028689E-02  -3.798951E+00  -2.254635E-03
          2009      G     -7.278085E-04   2.337663E-04  -1.247592E-04  -6.038342E-04   1.441786E-03  -4.770198E-01
          2010      G      1.128995E-03  -9.503328E-04  -3.258607E-05  -1.180638E-04   5.910428E-04   5.249064E-01
          2011      G     -5.692579E-03   1.392659E-04  -4.232561E-01   1.633740E+01  -2.114726E+01  -9.682532E-02
          2012      G     -7.645468E-03  -2.394372E-03  -1.964417E-02  -1.240540E+00  -3.082074E+00   6.582678E+00
          2013      G     -1.146178E-02  -1.471978E-04  -8.682347E-01   7.235965E-02  -5.288393E+01  -2.265216E-03
          2014      G     -1.288889E-02  -1.992255E-04  -2.677618E-02   1.395814E-02  -3.984768E+00   3.433313E-02
          2015      G      6.420090E-04   4.163549E-04  -3.664757E-04   3.527358E-03  -7.918232E-04   2.705402E-01
          2016      G      1.447565E-03  -3.304323E-04  -3.206787E-04   1.208581E-03  -7.165157E-04   6.722644E-01
          2017      G      1.597482E-03   8.065698E-04  -1.227186E+00   4.432522E+01   7.100075E+00   2.135467E-02
          2018      G      2.750563E-03   8.843021E-04  -9.360870E-01   3.514197E+01   1.394565E+01   6.237706E-02
          2019      G      4.216346E-03   2.149693E-05  -2.214014E+00   1.428052E-03   2.360124E+01  -1.072345E-03
          2020      G      1.075825E-02   3.409327E-05  -1.766124E+00  -3.736430E-03   3.576520E+00  -9.061064E-04
          2021      G      8.262205E-04   4.109454E-04  -1.213466E-04  -7.042255E-04  -1.587366E-03   5.055082E-01
          2022      G     -9.730804E-04  -8.376851E-04  -3.163574E-05  -1.412644E-04  -7.394697E-04  -4.619648E-01
          2023      G      5.287620E-03   2.349111E-04  -4.371703E-01   1.664832E+01   2.202807E+01   8.458745E-02
          2024      G      7.446058E-03  -1.811087E-03  -1.931607E-02  -1.884989E+00   3.000688E+00  -8.693385E+00
          2025      G      1.040860E-02   5.415259E-05  -8.977403E-01  -3.228313E-03   5.495222E+01  -8.903857E-04
          2026      G      1.165739E-02   7.367895E-05  -2.600334E-02   1.576032E-03   3.818954E+00   4.095077E-02
          2027      G     -3.619944E-04   2.328314E-03  -1.329489E-03   4.505640E-02  -1.393020E-03   1.859161E-01
1                                                       **STUDENT EDITION*    APRIL  18, 2026  MSC Nastran  3/ 3/26   PAGE    49
     DEFAULT                                                                                                                        
0                                                                                                            SUBCASE 1              
      EIGENVALUE =  2.435608E+06
          CYCLES =  2.483841E+02         R E A L   E I G E N V E C T O R   N O .          4
 
      POINT ID.   TYPE          T1             T2             T3             R1             R2             R3
          2028      G     -1.148133E-03  -3.973801E-04  -3.582855E-04  -3.390009E-03   8.258978E-04   5.393917E-01
          2029      G     -1.924006E-03   2.713596E-04  -3.125449E-04  -1.185969E-03   7.228695E-04   9.262621E-01
          2030      G     -3.978811E-04  -8.240028E-04  -1.346164E+00  -5.094599E+01  -2.718460E-01   6.040004E-04
          2031      G     -2.283019E-03  -8.345298E-04  -1.211044E+00  -4.361389E+01  -7.693006E+00   2.340207E-02
          2032      G     -3.371862E-03  -9.655180E-04  -9.091650E-01  -3.381348E+01  -1.396865E+01   6.502866E-02
          2033      G     -1.149793E-03  -5.093425E-04  -1.231135E-04   6.235717E-04   1.465667E-03   6.746639E-01
          2034      G      7.010882E-04   5.735384E-04  -3.645440E-05   1.641944E-05   6.172563E-04  -3.237148E-01
          2035      G     -5.882785E-03  -3.871908E-04  -4.244429E-01  -1.602845E+01  -2.113401E+01   9.037028E-02
          2036      G     -7.878364E-03   1.866863E-03  -1.992636E-02   1.850796E+00  -3.151324E+00  -8.746945E+00
          2037      G      4.575387E-04  -4.140607E-04  -3.666673E-04  -3.547419E-03  -7.987700E-04  -1.772556E-01
          2038      G      1.276506E-03   3.482736E-04  -3.210728E-04  -1.239112E-03  -7.241727E-04  -5.856695E-01
          2039      G      1.473261E-03  -7.821839E-04  -1.227117E+00  -4.427763E+01   7.096990E+00  -2.297977E-02
          2040      G      2.650240E-03  -8.250569E-04  -9.359631E-01  -3.511052E+01   1.395033E+01  -6.413605E-02
          2041      G      6.601452E-04  -3.197582E-04  -1.215518E-04   7.016296E-04  -1.589714E-03  -4.242953E-01
          2042      G     -1.134962E-03   9.940048E-04  -3.176806E-05   1.435689E-04  -7.438035E-04   5.408650E-01
          2043      G      5.202897E-03  -1.355069E-04  -4.370235E-01  -1.663103E+01   2.202649E+01  -8.645796E-02
          2044      G      7.366493E-03   1.959013E-03  -1.928189E-02   1.887664E+00   2.992394E+00   8.773724E+00
          3000      G      2.605130E-06   2.374353E-04  -5.889119E-04  -4.158113E-02  -2.549799E-03   1.972096E-03
          3001      G     -5.226586E-05   1.496702E-04  -4.257523E-04  -2.673829E-02  -1.260345E-02   5.113491E-02
          3002      G     -8.913395E-05   8.812160E-05  -2.907432E-04  -1.755804E-02  -4.211118E-03  -3.184943E-02
          3003      G     -2.429619E-06   8.924833E-05   7.565476E-03  -3.072514E-01   1.545900E-03  -1.171885E-04
          3004      G     -1.063600E-04   7.816449E-05   5.988374E-03  -2.281282E-01   8.796601E-02  -7.119088E-04
          3005      G     -2.159769E-04   4.180783E-05   2.881083E-03  -1.314102E-01   1.294628E-01  -1.377645E-03
          3006      G     -5.379703E-06  -1.750846E-05   1.459255E-02   5.596890E-04  -1.839163E-03  -1.303790E-04
          3007      G     -9.600232E-05  -2.161908E-05   1.087715E-02  -4.989348E-04   2.769678E-01  -1.279203E-04
          3008      G     -1.604857E-04  -2.515828E-05   6.194753E-03   4.707560E-04  -2.118481E-03  -1.038927E-04
          3009      G     -1.212581E-04  -3.023257E-05  -4.994072E-04   8.933752E-04   1.511587E-02  -1.160577E-01
          3010      G     -1.193838E-04  -2.596060E-04  -1.255393E-03   2.659491E-02   1.657531E-03  -1.092608E-01
          3011      G     -2.971016E-04  -2.090113E-05  -1.940899E-03   1.353793E-02   2.135719E-01  -3.013954E-03
          3012      G     -3.859722E-04  -1.407996E-04  -5.386438E-03   1.153295E-01  -4.003164E-02  -6.205053E-01
          3013      G     -3.262682E-04  -2.650446E-05  -1.184140E-03  -5.159681E-04   4.682857E-01  -1.759418E-04
          3014      G     -4.311320E-04  -3.579758E-05  -7.754860E-03   1.148936E-02  -3.841680E-02  -4.753269E-02
          3015      G      5.771203E-05   1.553783E-04  -4.306328E-04  -2.678765E-02   1.396799E-02  -7.679162E-02
          3016      G      9.339560E-05   1.042174E-04  -2.903210E-04  -1.824124E-02   4.820316E-03   1.343171E-02
          3017      G      1.011121E-04   8.546102E-05   6.064016E-03  -2.290101E-01  -8.720256E-02   4.771928E-04
          3018      G      2.097812E-04   5.516251E-05   2.990740E-03  -1.307472E-01  -1.281991E-01   1.130717E-03
          3019      G      8.352667E-05  -1.385263E-05   1.100024E-02   1.918461E-04  -2.667794E-01  -1.255854E-04
          3020      G      1.472144E-04  -1.000710E-05   6.411837E-03   3.260754E-04  -2.033550E-03  -1.211400E-04
          3021      G      1.224274E-04  -1.446203E-05  -4.850868E-04  -1.411080E-03  -1.627322E-02   1.060454E-01
          3022      G      1.194549E-04  -2.288918E-04  -1.242859E-03   1.447624E-02   6.357039E-03   8.053342E-02
          3023      G      2.901346E-04   1.098070E-06  -1.814618E-03   2.032718E-02  -2.138195E-01   2.866472E-03
          3024      G      3.765112E-04  -1.229290E-04  -5.367957E-03   1.420958E-01   3.373080E-02   7.545366E-01
          3025      G      3.104409E-04  -6.795789E-06  -1.031337E-03   4.348781E-04  -4.708858E-01  -1.125164E-04
          3026      G      4.147030E-04  -3.773089E-06  -7.703150E-03   8.070116E-05   3.467835E-02  -1.082204E-03
          3027      G     -1.691867E-05  -2.745871E-04  -5.815538E-04   4.337316E-02  -2.395107E-04   9.378810E-03
          3028      G     -7.230989E-05  -1.916304E-04  -4.213013E-04   2.758347E-02  -1.373581E-02  -5.924670E-02
          3029      G     -1.082459E-04  -1.423569E-04  -2.829412E-04   1.858714E-02  -5.259334E-03   2.724691E-02
          3030      G     -1.202476E-05  -1.246506E-04   7.602113E-03   3.043148E-01   7.227017E-04  -1.504728E-04
          3031      G     -1.157274E-04  -1.219727E-04   6.042521E-03   2.256136E-01   8.802456E-02   4.457773E-04
          3032      G     -2.255627E-04  -9.253276E-05   2.940813E-03   1.258444E-01   1.280102E-01   1.083767E-03
1                                                       **STUDENT EDITION*    APRIL  18, 2026  MSC Nastran  3/ 3/26   PAGE    50
     DEFAULT                                                                                                                        
0                                                                                                            SUBCASE 1              
      EIGENVALUE =  2.435608E+06
          CYCLES =  2.483841E+02         R E A L   E I G E N V E C T O R   N O .          4
 
      POINT ID.   TYPE          T1             T2             T3             R1             R2             R3
          3033      G     -1.350554E-04  -2.661566E-05  -4.869918E-04  -1.785975E-04   1.663312E-02   1.222428E-01
          3034      G     -1.243161E-04   1.845220E-04  -1.244459E-03  -1.431584E-02  -9.908409E-03   6.743272E-02
          3035      G     -3.093221E-04  -4.153472E-05  -1.853708E-03  -2.117981E-02   2.138167E-01   2.891566E-03
          3036      G     -4.044108E-04   8.613204E-05  -5.372180E-03  -1.462163E-01  -3.922308E-02   7.708670E-01
          3037      G      3.829273E-05  -1.832482E-04  -4.263998E-04   2.756678E-02   1.329795E-02   7.908592E-02
          3038      G      7.461960E-05  -1.246921E-04  -2.879336E-04   1.895733E-02   4.807954E-03  -8.909579E-03
          3039      G      9.190197E-05  -1.134435E-04   6.083236E-03   2.277163E-01  -8.723584E-02  -7.380709E-04
          3040      G      2.007918E-04  -7.539499E-05   3.001696E-03   1.297951E-01  -1.287895E-01  -1.386557E-03
          3041      G      1.046181E-04   1.337627E-06  -4.824991E-04   2.335812E-03  -1.630465E-02  -1.020282E-01
          3042      G      1.025847E-04   2.235552E-04  -1.241486E-03  -1.413642E-02   5.753245E-03  -7.968923E-02
          3043      G      2.814049E-04  -1.424011E-05  -1.812742E-03  -2.124545E-02  -2.140629E-01  -3.100233E-03
          3044      G      3.677342E-04   1.156481E-04  -5.370364E-03  -1.421780E-01   3.355226E-02  -7.569918E-01
          4000      G      1.479755E-05   7.021867E-05  -5.128722E-04  -1.656578E-02   2.710601E-05  -2.778570E-04
          4001      G      3.664269E-05   6.028031E-05  -3.272232E-04  -4.191830E-02  -8.539929E-03   4.718744E-02
          4002      G      6.020292E-05   5.021030E-06  -4.319810E-04  -1.094706E-02   2.630256E-03  -7.730090E-03
          4003      G      1.108966E-05   1.369975E-05   2.102658E-02  -8.297120E-01   1.009804E-04  -9.293263E-05
          4004      G      3.478614E-05  -3.607193E-06   1.864182E-02  -6.737347E-01   1.469634E-01  -1.490848E-04
          4005      G      4.108960E-05  -2.783758E-05   1.258344E-02  -5.044747E-01   2.770529E-01   3.792592E-04
          4006      G      7.278561E-06  -1.383660E-05   3.978960E-02  -3.648422E-05  -2.472931E-05  -9.418137E-05
          4007      G      7.588656E-05  -1.635705E-05   3.341808E-02  -4.986908E-05   4.813007E-01  -9.383762E-05
          4008      G      1.918821E-04  -1.881421E-05   2.432222E-02  -1.396405E-04   7.584897E-02  -9.501714E-05
          4009      G      4.048350E-05  -9.074282E-05  -8.033948E-04   4.830118E-03   6.278775E-03  -5.737287E-02
          4010      G      7.195341E-07  -8.819421E-05  -1.526618E-03   1.366531E-02   3.129624E-02  -2.468651E-01
          4011      G      9.426443E-05  -4.845545E-05   3.154406E-03  -1.991983E-01   4.021505E-01   6.466993E-04
          4012      G      1.452818E-04  -5.110499E-05  -4.623320E-03   9.315341E-02   6.509346E-02  -5.562093E-01
          4013      G      1.828860E-04  -2.139019E-05   8.971615E-03   6.282242E-05   9.489980E-01  -9.063440E-05
          4014      G      2.229599E-04  -2.336409E-05  -6.238344E-03  -8.149663E-04   8.655391E-02   4.971043E-03
          4015      G     -7.116493E-06   6.531008E-05  -3.296913E-04  -4.186070E-02   8.473165E-03  -4.639636E-02
          4016      G     -3.073636E-05   1.489390E-05  -4.369823E-04  -1.085243E-02  -2.798650E-03   8.753527E-03
          4017      G     -1.258770E-05   1.404180E-06   1.864473E-02  -6.739192E-01  -1.469053E-01  -3.621580E-05
          4018      G     -1.891876E-05  -1.785292E-05   1.259059E-02  -5.048873E-01  -2.768328E-01  -5.606324E-04
          4019      G     -6.136435E-05  -1.130584E-05   3.342500E-02  -2.841976E-05  -4.807754E-01  -9.422553E-05
          4020      G     -1.773637E-04  -8.748199E-06   2.433592E-02   1.847020E-05  -7.593437E-02  -9.395644E-05
          4021      G     -1.088309E-05  -7.606822E-05  -8.110447E-04   4.982732E-03  -5.955474E-03   5.829740E-02
          4022      G      2.952024E-05  -6.988265E-05  -1.535429E-03   1.514201E-02  -3.232858E-02   2.535401E-01
          4023      G     -7.221950E-05  -3.397717E-05   3.160709E-03  -1.996126E-01  -4.023254E-01  -8.344818E-04
          4024      G     -1.239009E-04  -3.127058E-05  -4.617578E-03   9.155790E-02  -6.519553E-02   5.498416E-01
          4025      G     -1.684658E-04  -6.300497E-06   8.988564E-03   5.006996E-05  -9.486694E-01  -9.313619E-05
          4026      G     -2.083181E-04  -3.867736E-06  -6.215621E-03   4.974371E-05  -8.653047E-02  -1.850429E-04
          4027      G     -5.503239E-07  -9.810188E-05  -5.117173E-04   1.655412E-02  -8.187004E-05  -1.240138E-04
          4028      G      2.129532E-05  -9.307053E-05  -3.253556E-04   4.178319E-02  -8.571465E-03  -4.701984E-02
          4029      G      4.482162E-05  -4.262601E-05  -4.315917E-04   1.070016E-02   2.781624E-03   8.451529E-03
          4030      G      3.286731E-06  -4.142496E-05   2.103124E-02   8.296643E-01   3.989216E-05  -9.525420E-05
          4031      G      2.692567E-05  -2.911342E-05   1.864772E-02   6.736919E-01   1.469045E-01  -3.846991E-05
          4032      G      3.321009E-05  -9.888716E-06   1.259204E-02   5.045416E-01   2.769081E-01  -5.633859E-04
          4033      G      2.479069E-05   4.803529E-05  -8.026213E-04  -5.072359E-03   5.706337E-03   5.602203E-02
          4034      G     -1.542361E-05   4.174820E-05  -1.523830E-03  -1.581539E-02   3.259067E-02   2.525015E-01
          4035      G      8.647534E-05   6.256909E-06   3.162947E-03   1.989537E-01   4.021739E-01  -8.412513E-04
          4036      G      1.377761E-04   3.151895E-06  -4.610057E-03  -9.174460E-02   6.501977E-02   5.469157E-01
          4037      G     -2.242054E-05  -8.799268E-05  -3.290021E-04   4.186850E-02   8.449851E-03   4.684505E-02
1                                                       **STUDENT EDITION*    APRIL  18, 2026  MSC Nastran  3/ 3/26   PAGE    51
     DEFAULT                                                                                                                        
0                                                                                                            SUBCASE 1              
      EIGENVALUE =  2.435608E+06
          CYCLES =  2.483841E+02         R E A L   E I G E N V E C T O R   N O .          4
 
      POINT ID.   TYPE          T1             T2             T3             R1             R2             R3
          4038      G     -4.597789E-05  -3.248727E-05  -4.373193E-04   1.091076E-02  -2.868380E-03  -8.328535E-03
          4039      G     -2.033997E-05  -2.405656E-05   1.864776E-02   6.739041E-01  -1.469993E-01  -1.529882E-04
          4040      G     -2.662339E-05   3.331454E-07   1.259163E-02   5.048578E-01  -2.768883E-01   3.712522E-04
          4041      G     -2.600503E-05   6.354452E-05  -8.119892E-04  -4.854881E-03  -6.003287E-03  -5.783803E-02
          4042      G      1.455930E-05   6.247680E-05  -1.537735E-03  -1.505401E-02  -3.247389E-02  -2.536516E-01
          4043      G     -7.989460E-05   2.144561E-05   3.160366E-03   1.995607E-01  -4.024071E-01   6.472754E-04
          4044      G     -1.316225E-04   2.357774E-05  -4.619852E-03  -9.152954E-02  -6.528381E-02  -5.505300E-01
1                                                       **STUDENT EDITION*    APRIL  18, 2026  MSC Nastran  3/ 3/26   PAGE    52
     DEFAULT                                                                                                                        
0                                                                                                            SUBCASE 1              
      EIGENVALUE =  4.249153E+06
          CYCLES =  3.280736E+02         R E A L   E I G E N V E C T O R   N O .          5
 
      POINT ID.   TYPE          T1             T2             T3             R1             R2             R3
             1      G      0.0            0.0            0.0            0.0            0.0            0.0
             2      G      0.0            0.0            0.0            0.0            0.0            0.0
             3      G      0.0            0.0            0.0            0.0            0.0            0.0
             4      G      0.0            0.0            0.0            0.0            0.0            0.0
             5      G      0.0            0.0            0.0            0.0            0.0            0.0
             6      G      0.0            0.0            0.0            0.0            0.0            0.0
             7      G      0.0            0.0            0.0            0.0            0.0            0.0
             8      G      0.0            0.0            0.0            0.0            0.0            0.0
            10      G     -7.004481E-06   1.666542E-04   3.064412E-04   1.395008E-05   5.015032E-05  -9.741038E-03
            11      G     -6.265986E-06  -1.660815E-04   3.069613E-04  -1.599583E-05   5.261108E-05   9.760722E-03
            12      G     -3.410207E-06   2.282749E-07   1.276812E-04   9.460466E-05   4.571940E-05   2.596393E-03
            13      G     -2.513210E-06  -2.120552E-08   1.276649E-04  -9.540045E-05   5.005989E-05  -2.548250E-03
            14      G     -3.333625E-06  -5.206647E-07  -1.277858E-04  -9.364658E-05   4.568351E-05   2.590589E-03
            15      G     -5.529848E-06   5.692510E-07  -1.315352E-04   9.518009E-05   3.565275E-05  -2.426854E-03
            16      G     -6.534294E-06  -1.652431E-04  -3.067394E-04  -1.753078E-05   5.135406E-05  -9.649351E-03
            17      G     -7.457179E-06   1.642752E-04  -3.037003E-04   2.279771E-05   4.724599E-05   1.000260E-02
           100      G      1.728370E-04   1.751061E-05  -8.393512E-03   2.481827E-01   5.079326E-02   5.649601E-03
           101      G      2.799427E-04   4.376957E-07  -1.458920E-02   8.179730E-05   9.401121E-03   5.864382E-05
           102      G      1.648381E-04  -2.935137E-05  -4.565137E-03   1.299455E-01   1.475572E-01   8.553785E-04
           103      G      9.420902E-05  -1.672187E-07  -7.617210E-03  -5.452319E-05   3.103813E-01   1.685174E-07
           104      G      1.285239E-04  -3.892362E-07  -3.294067E-06   1.592317E-05   1.088919E-01   6.039706E-04
           105      G      1.318855E-04  -1.542535E-07  -1.178003E-05  -7.865588E-06   3.346044E-02   8.424045E-07
           106      G     -2.373126E-05  -4.504347E-05  -1.329191E-04   9.518009E-05   3.565275E-05  -2.426854E-03
           107      G     -2.373126E-05   1.972320E-05  -1.319677E-04   9.518009E-05   3.565275E-05  -2.426854E-03
           108      G      1.780454E-05  -5.727169E-07  -6.921679E-06  -9.155403E-05   7.032738E-04   6.990632E-03
           109      G      6.756231E-05   2.392947E-04  -3.042256E-04   2.279771E-05   4.724599E-05   1.000260E-02
           110      G      2.287927E-04   1.039002E-03  -6.824185E-03   1.854090E-01   1.358681E-02  -1.148039E-01
           111      G      6.756231E-05  -4.015287E-05  -3.029056E-04   2.279771E-05   4.724599E-05   1.000260E-02
           112      G      1.810915E-04   5.423425E-05  -7.942376E-03   2.216874E-01  -6.720789E-02   1.145607E-02
           113      G      3.629416E-04   4.394268E-06  -9.398251E-03   2.839048E-04  -5.255032E-03   1.598782E-03
           114      G      4.646203E-04   6.795956E-07  -1.235530E-02   5.638685E-04  -1.480189E-01  -2.791821E-04
           115      G      1.735231E-04  -1.749518E-05   8.403703E-03  -2.483625E-01   5.125494E-02   5.661995E-03
           116      G      2.803129E-04   1.868672E-08   1.457758E-02   6.891591E-06   9.419070E-03  -3.674303E-06
           117      G      1.647838E-04   2.936736E-05   4.565876E-03  -1.298904E-01   1.477556E-01   8.365014E-04
           118      G      9.435321E-05  -1.727960E-07   7.599664E-03  -6.006535E-06   3.105967E-01  -3.648523E-06
           119      G     -2.162509E-05   4.787315E-05   1.293212E-04  -9.540045E-05   5.005989E-05  -2.548250E-03
           120      G     -2.162509E-05  -2.013328E-05   1.279853E-04  -9.540045E-05   5.005989E-05  -2.548250E-03
           121      G      6.693943E-05  -2.392869E-04   3.074758E-04  -1.599583E-05   5.261108E-05   9.760722E-03
           122      G      2.270830E-04  -1.038217E-03   6.863212E-03  -1.851050E-01   1.387125E-02  -1.175944E-01
           123      G      6.693943E-05   3.340324E-05   3.060060E-04  -1.599583E-05   5.261108E-05   9.760722E-03
           124      G      1.818111E-04  -5.267976E-05   7.970537E-03  -2.217503E-01  -6.666716E-02   1.145718E-02
           125      G      3.647749E-04   1.264814E-06   9.393324E-03   5.726851E-05  -5.382747E-03   5.801609E-05
           126      G      4.653695E-04   4.475671E-07   1.234852E-02   1.445061E-05  -1.477732E-01  -4.334970E-05
           127      G      1.731958E-04  -1.774676E-05  -8.403516E-03  -2.486241E-01   5.135517E-02  -5.695949E-03
           128      G      1.647659E-04   2.963482E-05  -4.568022E-03  -1.301258E-01   1.475678E-01  -8.461522E-04
           129      G      1.284866E-04  -2.291544E-07  -4.111257E-06  -1.667304E-04   1.088945E-01  -6.012616E-04
           130      G     -2.276304E-05   4.816945E-05  -1.293468E-04  -9.364658E-05   4.568351E-05   2.590589E-03
           131      G     -2.276304E-05  -2.096689E-05  -1.281276E-04  -9.364658E-05   4.568351E-05   2.590589E-03
           132      G      1.812702E-05  -1.471979E-07   5.564404E-08   9.398455E-06   5.246613E-04  -6.993511E-03
           133      G      6.583584E-05  -2.376132E-04  -3.072560E-04  -1.753078E-05   5.135406E-05  -9.649351E-03
1                                                       **STUDENT EDITION*    APRIL  18, 2026  MSC Nastran  3/ 3/26   PAGE    53
     DEFAULT                                                                                                                        
0                                                                                                            SUBCASE 1              
      EIGENVALUE =  4.249153E+06
          CYCLES =  3.280736E+02         R E A L   E I G E N V E C T O R   N O .          5
 
      POINT ID.   TYPE          T1             T2             T3             R1             R2             R3
           134      G      2.264632E-04  -1.037529E-03  -6.854790E-03  -1.853220E-01   1.387268E-02   1.187221E-01
           135      G      6.583584E-05   3.196554E-05  -3.058213E-04  -1.753078E-05   5.135406E-05  -9.649351E-03
           136      G      1.812424E-04  -5.199170E-05  -7.968343E-03  -2.221418E-01  -6.696535E-02  -1.145084E-02
           137      G      1.731265E-04   1.772747E-05   8.402082E-03   2.484765E-01   5.128264E-02  -5.692295E-03
           138      G      1.647068E-04  -2.987311E-05   4.563721E-03   1.299319E-01   1.477632E-01  -8.518059E-04
           139      G     -2.288316E-05  -4.857093E-05   1.292501E-04   9.460466E-05   4.571940E-05   2.596393E-03
           140      G     -2.288316E-05   2.072031E-05   1.280299E-04   9.460466E-05   4.571940E-05   2.596393E-03
           141      G      6.605331E-05   2.397120E-04   3.069219E-04   1.395008E-05   5.015032E-05  -9.741038E-03
           142      G      2.265776E-04   1.039875E-03   6.861726E-03   1.851432E-01   1.390877E-02   1.176645E-01
           143      G      6.605331E-05  -3.242826E-05   3.055208E-04   1.395008E-05   5.015032E-05  -9.741038E-03
           144      G      1.812054E-04   5.340033E-05   7.969049E-03   2.218398E-01  -6.668722E-02  -1.147510E-02
           200      G      6.905056E-05   2.385766E-04  -3.042256E-04   2.279771E-05   4.724599E-05   1.000260E-02
           201      G      6.905056E-05  -4.087100E-05  -3.029056E-04   2.279771E-05   4.724599E-05   1.000260E-02
           202      G     -2.260819E-05  -4.804164E-05  -1.329191E-04   9.518009E-05   3.565275E-05  -2.426854E-03
           203      G     -2.260819E-05   1.672503E-05  -1.319677E-04   9.518009E-05   3.565275E-05  -2.426854E-03
           204      G     -3.267953E-04  -1.479010E-06  -6.713789E-06  -1.625750E-03   1.424665E-02  -5.941253E-02
           205      G      8.480720E-04   2.892782E-04  -7.223119E-03   1.460889E-01  -4.924690E-02  -5.451533E-02
           206      G      1.054911E-03   5.155949E-06  -9.772803E-03   6.020043E-03  -7.357500E-02   1.718028E-02
           207      G      6.859668E-05  -2.387831E-04   3.074758E-04  -1.599583E-05   5.261108E-05   9.760722E-03
           208      G      6.859668E-05   3.390711E-05   3.060060E-04  -1.599583E-05   5.261108E-05   9.760722E-03
           209      G     -2.004820E-05   5.087827E-05   1.293212E-04  -9.540045E-05   5.005989E-05  -2.548250E-03
           210      G     -2.004820E-05  -1.712816E-05   1.279853E-04  -9.540045E-05   5.005989E-05  -2.548250E-03
           211      G      8.555231E-04  -2.964566E-04   7.273831E-03  -1.522279E-01  -4.970099E-02  -7.425158E-02
           212      G      1.103457E-03   2.430752E-06   9.766195E-03   6.671894E-05  -7.791249E-02   7.482595E-05
           213      G      6.745350E-05  -2.370610E-04  -3.072560E-04  -1.753078E-05   5.135406E-05  -9.649351E-03
           214      G      6.745350E-05   3.251775E-05  -3.058213E-04  -1.753078E-05   5.135406E-05  -9.649351E-03
           215      G     -2.132401E-05   5.111931E-05  -1.293468E-04  -9.364658E-05   4.568351E-05   2.590589E-03
           216      G     -2.132401E-05  -1.801703E-05  -1.281276E-04  -9.364658E-05   4.568351E-05   2.590589E-03
           217      G     -3.274144E-04  -9.021777E-07  -2.193114E-07  -2.347727E-04   1.615598E-02   6.054365E-02
           218      G      8.576029E-04  -2.872159E-04  -7.262606E-03  -1.533152E-01  -4.997567E-02   7.694676E-02
           219      G      6.763304E-05   2.392726E-04   3.069219E-04   1.395008E-05   5.015032E-05  -9.741038E-03
           220      G      6.763304E-05  -3.286768E-05   3.055208E-04   1.395008E-05   5.015032E-05  -9.741038E-03
           221      G     -2.144300E-05  -5.155098E-05   1.292501E-04   9.460466E-05   4.571940E-05   2.596393E-03
           222      G     -2.144300E-05   1.774027E-05   1.280299E-04   9.460466E-05   4.571940E-05   2.596393E-03
           223      G      8.558763E-04   3.013524E-04   7.271456E-03   1.522343E-01  -4.969814E-02   7.467644E-02
           224      G      4.867608E-04   1.013420E-05  -9.202139E-03   2.569922E-01   4.255922E-02   1.133290E-02
           225      G      6.742691E-04  -4.336659E-07  -1.583341E-02  -9.644876E-05  -2.284662E-02   5.461645E-04
           226      G      3.990901E-04   4.700665E-06  -4.985135E-03   1.362978E-01   1.673138E-01   2.864162E-03
           227      G      4.514173E-04  -1.094069E-06  -8.318387E-03  -8.256005E-04   3.344683E-01  -1.319557E-04
           228      G      4.254503E-04  -5.583500E-07  -4.761360E-05   1.354098E-03   1.000786E-01   2.630156E-02
           229      G      4.691089E-04  -6.961817E-07  -9.661911E-05  -2.388324E-04   9.000040E-03   5.338420E-05
           230      G      6.306987E-04   1.000404E-06  -8.823623E-03   2.140540E-01  -4.846546E-02   7.349353E-03
           231      G      9.010693E-04  -3.357769E-06  -1.347588E-02   7.288012E-03  -1.214902E-01  -4.037532E-03
           232      G      4.951005E-04  -9.660474E-06   9.162296E-03  -2.579616E-01   4.634347E-02   1.124817E-02
           233      G      6.621597E-04   1.338501E-07   1.578666E-02  -8.466367E-05  -2.076805E-02  -2.143901E-05
           234      G      4.012417E-04  -7.061052E-06   4.892476E-03  -1.355517E-01   1.667776E-01   2.804974E-03
           235      G      4.463817E-04  -3.212515E-07   8.183501E-03   2.274950E-04   3.367104E-01  -2.551644E-05
           236      G      6.417639E-04   7.366228E-06   8.888269E-03  -2.208167E-01  -4.932066E-02   7.475068E-03
           237      G      9.104320E-04   1.296664E-06   1.351659E-02   2.395452E-05  -1.258743E-01  -6.698221E-05
           238      G      4.893206E-04  -1.229395E-05  -9.167569E-03  -2.580233E-01   4.686775E-02  -1.159338E-02
1                                                       **STUDENT EDITION*    APRIL  18, 2026  MSC Nastran  3/ 3/26   PAGE    54
     DEFAULT                                                                                                                        
0                                                                                                            SUBCASE 1              
      EIGENVALUE =  4.249153E+06
          CYCLES =  3.280736E+02         R E A L   E I G E N V E C T O R   N O .          5
 
      POINT ID.   TYPE          T1             T2             T3             R1             R2             R3
           239      G      3.997461E-04  -5.699149E-06  -4.936543E-03  -1.364572E-01   1.647463E-01  -2.867011E-03
           240      G      4.257849E-04  -4.978963E-07  -4.183919E-05  -1.087127E-03   1.000349E-01  -2.656647E-02
           241      G      6.367815E-04   1.999843E-08  -8.890396E-03  -2.219592E-01  -4.769855E-02  -7.320885E-03
           242      G      4.946132E-04   1.015447E-05   9.169825E-03   2.579507E-01   4.612270E-02  -1.127339E-02
           243      G      4.011749E-04   6.164744E-06   4.896629E-03   1.349331E-01   1.673274E-01  -2.827630E-03
           244      G      6.412947E-04  -5.854156E-06   8.889528E-03   2.207883E-01  -4.955047E-02  -7.520077E-03
           300      G     -5.918963E-04   1.868951E-03  -1.871755E-03   1.263451E+00  -2.766989E-01  -3.316359E-02
           301      G     -1.365479E-03   9.475141E-03  -1.839044E-03   2.215794E+00  -3.980396E-01  -1.359075E-01
           302      G      1.569623E-04   2.006771E-04  -7.330281E-05   5.258256E-02  -4.924868E-01   5.712199E-01
           303      G     -1.559755E-03  -4.332860E-04  -5.996843E-04   9.054119E-02  -4.504728E-01  -2.518696E-02
           304      G      2.035584E-04   3.226680E-03  -2.020489E-03   2.153530E+00   1.189982E+00   5.101181E-02
           305      G      8.477970E-03   1.022677E-03  -9.411971E-03  -7.221710E-01  -3.363910E+00  -5.160388E-02
           306      G      9.442382E-03   1.379913E-06  -1.349983E-02   7.385185E-03  -5.264117E+00   3.738264E-02
           307      G     -3.787314E-04  -1.670591E-03   1.909696E-03  -1.217071E+00  -4.871791E-01   1.225297E-02
           308      G     -1.375839E-03  -1.007780E-02   1.848375E-03  -2.333420E+00  -7.500327E-01  -1.318927E-01
           309      G     -1.764494E-03   6.809576E-04   6.306838E-04  -2.354487E-02  -5.305417E-01  -8.361444E-03
           310      G      3.947617E-04  -3.540057E-03   1.841746E-03  -2.636144E+00   2.007706E+00  -3.042124E-02
           311      G      8.694459E-03  -1.292699E-03   9.438003E-03   1.113074E+00  -3.409686E+00  -5.401477E-02
           312      G      9.606406E-03   8.290136E-06   1.354704E-02   1.878354E-04  -5.302875E+00   1.318924E-04
           313      G     -4.090183E-04  -1.736813E-03  -1.915118E-03  -1.217185E+00  -4.928888E-01  -1.198194E-02
           314      G     -1.423247E-03  -1.025163E-02  -1.826067E-03  -2.364943E+00  -7.193433E-01   1.394845E-01
           315      G      8.074516E-05  -1.770875E-05  -3.102383E-06  -4.775103E-03  -5.928594E-01  -5.880194E-01
           316      G     -1.782942E-03   6.680089E-04  -6.312314E-04  -2.032323E-02  -5.341601E-01   1.008520E-02
           317      G      3.757789E-04  -3.608918E-03  -1.843791E-03  -2.645262E+00   2.008256E+00   3.109186E-02
           318      G      8.640200E-03  -1.298968E-03  -9.430647E-03   1.109168E+00  -3.409280E+00   6.046212E-02
           319      G     -4.118498E-04   1.710047E-03   1.916266E-03   1.213087E+00  -4.932525E-01  -1.369505E-02
           320      G     -1.427838E-03   1.013683E-02   1.818869E-03   2.337511E+00  -7.248741E-01   1.391419E-01
           321      G     -1.787951E-03  -6.658285E-04   6.256580E-04   2.223821E-02  -5.306486E-01   8.234686E-03
           322      G      3.671510E-04   3.568480E-03   1.840582E-03   2.632658E+00   2.008257E+00   3.097628E-02
           323      G      8.665398E-03   1.308169E-03   9.439163E-03  -1.113636E+00  -3.416359E+00   5.413519E-02
           324      G      4.726968E-04   7.856995E-03  -1.745366E+00   4.529172E+01   4.014980E+00   1.027179E-02
           325      G      2.210241E-03  -1.135309E-05  -2.614288E+00   4.023958E-03  -2.399952E+00  -3.847137E-04
           326      G      3.490334E-03  -2.145890E-04  -1.090467E+00   2.630958E+01   3.178452E+01  -5.684119E-02
           327      G     -2.380485E-02  -5.257308E-05  -1.504392E+00  -1.110263E-01   5.497898E+01  -2.296684E-04
           328      G     -1.013741E-03  -4.253771E-05  -3.201062E-03   1.192647E-02   2.782083E+01  -3.275695E-01
           329      G     -1.065709E-02  -2.113016E-05  -3.567207E-03  -4.290979E-03   2.318353E+00   1.602652E-03
           330      G      4.442337E-04  -2.338169E-04  -1.036909E+00   2.599709E+01  -4.460226E+01   7.190032E-02
           331      G      2.302319E-02  -1.132223E-04  -1.508325E+00  -8.463844E-02  -5.131980E+01  -8.161076E-03
           332      G      4.863262E-04  -7.982022E-03   1.746068E+00  -4.529664E+01   4.222346E+00   2.844242E-04
           333      G      2.264923E-03   1.225260E-05   2.615796E+00  -3.944334E-03  -2.411405E+00  -3.088309E-04
           334      G      3.563709E-03   2.287783E-04   1.086489E+00  -2.612815E+01   3.174812E+01  -5.665570E-02
           335      G     -2.384758E-02  -2.013275E-05   1.500925E+00  -1.573550E-02   5.514515E+01  -1.185514E-03
           336      G      5.071338E-04   3.241804E-04   1.040763E+00  -2.552315E+01  -4.448707E+01   7.271583E-02
           337      G      2.313173E-02   9.759786E-06   1.509472E+00  -4.369879E-03  -5.131191E+01   2.467339E-04
           338      G      4.363147E-04  -8.069833E-03  -1.746077E+00  -4.526740E+01   4.186165E+00  -1.281322E-04
           339      G      3.540175E-03   1.380960E-04  -1.089400E+00  -2.612076E+01   3.162468E+01   5.539097E-02
           340      G     -9.363728E-04  -5.144750E-05  -2.415416E-03  -6.437417E-02   2.780321E+01   3.279140E-01
           341      G      4.478252E-04   2.636004E-04  -1.040094E+00  -2.545544E+01  -4.448445E+01  -7.146392E-02
           342      G      4.664069E-04   8.007525E-03   1.746260E+00   4.528966E+01   4.221153E+00  -4.670581E-04
           343      G      3.566561E-03  -1.883316E-04   1.087051E+00   2.612166E+01   3.172665E+01   5.523318E-02
1                                                       **STUDENT EDITION*    APRIL  18, 2026  MSC Nastran  3/ 3/26   PAGE    55
     DEFAULT                                                                                                                        
0                                                                                                            SUBCASE 1              
      EIGENVALUE =  4.249153E+06
          CYCLES =  3.280736E+02         R E A L   E I G E N V E C T O R   N O .          5
 
      POINT ID.   TYPE          T1             T2             T3             R1             R2             R3
           344      G      4.833940E-04  -2.993249E-04   1.040912E+00   2.552264E+01  -4.449071E+01  -7.278705E-02
           400      G     -7.001403E-04  -1.552257E-05  -1.337918E-03   2.160914E-02   6.452871E-03  -6.366879E-03
           401      G     -5.355288E-04  -1.569726E-04  -1.038150E-03  -1.384341E-02  -2.428917E-03   2.662017E-02
           402      G     -6.672576E-04  -4.234897E-05  -6.408595E-06   9.052470E-04   4.595784E-02  -3.164889E-02
           403      G     -6.972207E-04  -8.153572E-04  -1.766933E-03   4.998814E-02   2.523749E-02   5.778138E-03
           404      G     -8.732478E-04  -5.162272E-04  -1.505614E-03  -1.172151E-02  -5.969989E-03  -4.221422E-02
           405      G     -1.274615E-03  -7.797482E-04  -7.336873E-03   1.098550E-01  -5.934901E-02   3.666316E-02
           406      G     -1.567160E-03  -6.634421E-05  -1.017782E-02   4.268735E-04  -4.176526E-02   5.833169E-03
           407      G     -6.963313E-04  -7.009440E-05   1.359851E-03  -2.006656E-02   1.175409E-02  -8.687015E-03
           408      G     -5.073740E-04   9.980972E-05   1.043918E-03   2.039041E-02  -3.183019E-03   3.241666E-02
           409      G     -6.624795E-04   7.302688E-04   1.733552E-03  -6.075859E-02   3.766455E-02   5.912927E-03
           410      G     -8.711606E-04   5.403691E-04   1.405896E-03   3.697099E-02  -1.720216E-02  -4.486979E-02
           411      G     -1.265686E-03   7.506719E-04   7.330793E-03  -1.130635E-01  -5.984947E-02   4.443117E-02
           412      G     -1.560148E-03   1.803862E-07   1.022588E-02   4.380936E-04  -4.304172E-02  -2.391789E-04
           413      G     -7.319984E-04  -1.009014E-04  -1.365595E-03  -2.016514E-02   1.186490E-02   8.165044E-03
           414      G     -5.479361E-04   9.138567E-05  -1.061771E-03   2.158962E-02  -4.439988E-03  -3.240004E-02
           415      G     -7.041108E-04  -3.812162E-05  -6.671671E-07   1.513083E-03   4.997160E-02   3.296529E-02
           416      G     -6.945865E-04   6.922008E-04  -1.735274E-03  -6.062352E-02   3.882034E-02  -6.238431E-03
           417      G     -9.052757E-04   5.099711E-04  -1.410445E-03   3.925344E-02  -1.799702E-02   4.458090E-02
           418      G     -1.286173E-03   7.089765E-04  -7.316343E-03  -1.114833E-01  -6.006557E-02  -4.477447E-02
           419      G     -7.365690E-04   2.859298E-05   1.365805E-03   2.337944E-02   1.187208E-02   7.930560E-03
           420      G     -5.496774E-04  -1.591826E-04   1.057228E-03  -1.697017E-02  -4.405855E-03  -3.262099E-02
           421      G     -7.049632E-04  -7.326729E-04   1.727792E-03   6.264586E-02   3.585489E-02  -6.579825E-03
           422      G     -9.121198E-04  -5.634742E-04   1.407826E-03  -3.329917E-02  -1.729998E-02   4.415398E-02
           423      G     -1.285863E-03  -7.509415E-04   7.328080E-03   1.135194E-01  -6.001965E-02  -4.500232E-02
           424      G     -1.290315E-03  -1.177704E-04  -1.088146E-02   2.571662E-01   2.770014E-02  -1.383980E-02
           425      G     -1.595755E-03  -4.708876E-05  -1.849777E-02   2.608484E-03  -1.469908E-02   5.380839E-05
           426      G     -1.256694E-03  -6.119504E-05  -5.875225E-03   1.425045E-01   2.022759E-01  -7.691456E-03
           427      G     -1.726386E-03  -3.901616E-05  -9.639798E-03   5.211240E-03   3.728791E-01  -2.680105E-04
           428      G     -1.239513E-03  -3.795510E-05   3.387356E-06   1.012025E-03   1.068083E-01  -1.020272E-02
           429      G     -1.658031E-03  -3.700812E-05   2.647105E-05   1.868323E-03   9.733960E-03  -1.711825E-04
           430      G     -1.283390E-03  -2.519601E-04  -9.454738E-03   2.192888E-01  -6.535595E-02  -9.952227E-03
           431      G     -1.564134E-03  -4.308879E-05  -1.495178E-02   1.300345E-02  -1.534990E-01  -1.780217E-03
           432      G     -1.288948E-03   6.558029E-05   1.084221E-02  -2.525031E-01   1.997056E-02  -1.334057E-02
           433      G     -1.594264E-03  -2.154805E-05   1.847791E-02   1.595076E-03  -1.469030E-02  -3.193001E-04
           434      G     -1.261009E-03  -1.338514E-05   5.894109E-03  -1.438097E-01   2.046765E-01  -8.071137E-03
           435      G     -1.725239E-03  -2.960862E-05   9.665959E-03   2.194960E-03   3.712992E-01  -3.163628E-04
           436      G     -1.272990E-03   1.877955E-04   9.294695E-03  -2.414924E-01  -6.094755E-02  -1.015732E-02
           437      G     -1.561749E-03  -1.084432E-05   1.497768E-02   1.333232E-03  -1.517522E-01  -4.672080E-04
           438      G     -1.308934E-03   4.154888E-05  -1.088174E-02  -2.520535E-01   2.199977E-02   1.293834E-02
           439      G     -1.277682E-03  -2.579771E-05  -5.903531E-03  -1.446105E-01   2.055471E-01   7.600116E-03
           440      G     -1.256361E-03  -3.623873E-05   3.016226E-06   1.367682E-03   1.062585E-01   9.414332E-03
           441      G     -1.295750E-03   1.489045E-04  -9.356884E-03  -2.466599E-01  -6.304208E-02   9.814242E-03
           442      G     -1.308074E-03  -1.078295E-04   1.084576E-02   2.527752E-01   1.996023E-02   1.297291E-02
           443      G     -1.277759E-03  -4.659658E-05   5.889789E-03   1.440145E-01   2.053641E-01   7.525222E-03
           444      G     -1.293136E-03  -2.098748E-04   9.296122E-03   2.408515E-01  -6.126245E-02   9.542838E-03
           445      G     -2.549515E-05  -2.000326E-03  -2.122463E-03   6.900693E-02   1.928106E-02   3.864384E-02
           446      G     -1.710707E-04  -7.389117E-04  -1.514813E-03   3.914451E-02   1.545106E-02  -3.186466E-02
           447      G     -1.839260E-04  -2.922714E-04  -1.260872E-03   1.404019E-02   7.129812E-03  -1.954094E-02
           448      G     -1.361225E-04  -9.638420E-05  -8.380307E-04   1.495641E-02   2.388731E-02  -1.017274E-02
1                                                       **STUDENT EDITION*    APRIL  18, 2026  MSC Nastran  3/ 3/26   PAGE    56
     DEFAULT                                                                                                                        
0                                                                                                            SUBCASE 1              
      EIGENVALUE =  4.249153E+06
          CYCLES =  3.280736E+02         R E A L   E I G E N V E C T O R   N O .          5
 
      POINT ID.   TYPE          T1             T2             T3             R1             R2             R3
           449      G     -3.248105E-05  -2.397258E-05   2.097116E-06  -1.030996E-04   3.258879E-02   1.570195E-02
           450      G     -6.949182E-04  -1.539621E-03  -6.980552E-03   1.214428E-01   8.489620E-02   8.199995E-02
           451      G     -8.892401E-04  -3.990710E-05  -9.430639E-03  -4.123397E-04   1.388642E-01  -7.389975E-04
           452      G     -1.443546E-05   1.972162E-03   2.081831E-03  -6.754046E-02   1.713030E-02   4.004414E-02
           453      G     -1.678707E-04   6.945734E-04   1.474613E-03  -4.080888E-02   1.536248E-02  -3.242640E-02
           454      G     -1.872001E-04   2.439524E-04   1.247514E-03  -8.086217E-03   5.365145E-03  -2.039955E-02
           455      G     -1.367011E-04   4.815800E-05   8.453214E-04  -1.299633E-02   2.420795E-02  -1.013100E-02
           456      G     -6.971524E-04   1.499783E-03   6.982201E-03  -1.227945E-01   8.415008E-02   8.176162E-02
           457      G     -8.915928E-04  -1.422920E-06   9.464722E-03   5.982093E-06   1.405085E-01  -2.177760E-04
           458      G     -5.127017E-05   1.922675E-03  -2.084077E-03  -6.714943E-02   1.689338E-02  -4.043070E-02
           459      G     -2.041330E-04   6.609975E-04  -1.479376E-03  -4.158157E-02   1.536361E-02   3.189742E-02
           460      G     -2.239524E-04   2.236428E-04  -1.257071E-03  -9.060454E-03   5.136202E-03   2.028246E-02
           461      G     -1.707657E-04   3.848599E-05  -8.574421E-04  -1.402803E-02   2.434050E-02   9.815924E-03
           462      G     -6.237471E-05  -2.402883E-05  -2.762888E-06  -5.081443E-04   3.324435E-02  -1.709703E-02
           463      G     -7.131836E-04   1.448628E-03  -6.960019E-03  -1.220045E-01   8.490689E-02  -8.112643E-02
           464      G     -5.549339E-05  -1.974891E-03   2.076778E-03   6.702550E-02   1.735849E-02  -4.048716E-02
           465      G     -2.086790E-04  -7.101371E-04   1.474844E-03   4.042330E-02   1.510494E-02   3.214735E-02
           466      G     -2.263983E-04  -2.718072E-04   1.252894E-03   8.271546E-03   5.141400E-03   2.025885E-02
           467      G     -1.720420E-04  -8.608118E-05   8.543130E-04   1.272318E-02   2.435694E-02   9.820256E-03
           468      G     -7.157145E-04  -1.502768E-03   6.978887E-03   1.229747E-01   8.414872E-02  -8.224417E-02
           469      G     -4.526636E-04  -1.500816E-03  -4.269442E-03   1.223559E-01   5.128282E-02  -4.923707E-02
           470      G     -4.819932E-04  -7.540621E-04  -3.700687E-03   1.607208E-01   1.587108E-02  -1.190153E-02
           471      G     -4.852543E-04  -2.640501E-04  -3.073858E-03   1.189330E-01   2.575409E-02  -1.241547E-02
           472      G     -4.541325E-04  -1.162007E-04  -1.991322E-03   7.626324E-02   5.836506E-02  -8.537373E-03
           473      G     -4.517060E-04  -2.436616E-05  -2.956216E-05   2.079006E-03   7.362996E-02  -1.847953E-02
           474      G     -7.825825E-04  -4.905650E-04  -6.508935E-03   8.719816E-02  -6.181496E-03  -2.853985E-02
           475      G     -7.758480E-04  -2.282619E-04  -6.036236E-03   1.331227E-01   4.453531E-02  -7.959807E-03
           476      G     -7.384926E-04  -8.821488E-05  -3.830611E-03   7.639565E-02   1.143986E-01  -7.990968E-03
           477      G     -7.230016E-04  -2.436187E-05  -8.695879E-05   2.406940E-03   1.417296E-01  -7.173436E-03
           478      G     -7.920559E-04  -6.404396E-04  -8.855255E-03   6.359049E-02   1.077922E-01  -2.103886E-02
           479      G     -1.002802E-03  -3.403752E-04  -8.400636E-03   8.815333E-02  -2.783008E-02  -4.393285E-03
           480      G     -9.560320E-04  -1.237230E-04  -8.192021E-03   6.619918E-02   5.583203E-02  -6.078537E-03
           481      G     -9.138192E-04  -6.335895E-05  -5.230114E-03   4.959647E-02   1.528781E-01  -3.845834E-03
           482      G     -1.034848E-03  -3.863040E-05  -9.057642E-03  -2.880573E-04  -2.813961E-02  -5.122692E-05
           483      G     -1.034413E-03  -3.356361E-05  -8.843349E-03  -4.651138E-04   5.151137E-02  -2.055300E-04
           484      G     -9.719679E-04  -2.883995E-05  -5.755763E-03  -2.490190E-04   1.634879E-01  -1.888934E-04
           485      G     -8.913895E-04  -2.424734E-05  -1.298600E-04   1.364918E-03   1.970008E-01  -3.977928E-03
           486      G     -9.526531E-04  -2.407497E-05  -1.443299E-04  -9.580601E-05   2.196938E-01  -1.985953E-04
           487      G     -4.513728E-04   1.464435E-03   4.234587E-03  -1.238934E-01   4.975130E-02  -4.990437E-02
           488      G     -4.820645E-04   7.093845E-04   3.658914E-03  -1.598467E-01   1.656030E-02  -1.198688E-02
           489      G     -4.849011E-04   2.164644E-04   2.984473E-03  -1.171970E-01   2.678099E-02  -1.232055E-02
           490      G     -4.546356E-04   6.797341E-05   1.915445E-03  -7.213965E-02   5.718870E-02  -8.540565E-03
           491      G     -7.837934E-04   4.461545E-04   6.460690E-03  -8.723110E-02  -3.739678E-03  -2.862200E-02
           492      G     -7.765726E-04   1.807681E-04   5.904999E-03  -1.315168E-01   4.661008E-02  -8.029378E-03
           493      G     -7.388106E-04   3.984975E-05   3.662384E-03  -7.287532E-02   1.151469E-01  -8.014215E-03
           494      G     -7.942258E-04   5.989972E-04   8.877485E-03  -6.453366E-02   1.084309E-01  -2.120011E-02
           495      G     -1.004543E-03   2.954366E-04   8.349271E-03  -8.828739E-02  -2.482023E-02  -4.424869E-03
           496      G     -9.573199E-04   7.631028E-05   8.033445E-03  -6.559495E-02   5.899637E-02  -6.121116E-03
           497      G     -9.144191E-04   1.512073E-05   4.997596E-03  -4.760880E-02   1.549064E-01  -3.870820E-03
           498      G     -1.037064E-03  -7.782280E-06   9.008285E-03  -2.785104E-05  -2.516937E-02  -2.222769E-04
1                                                       **STUDENT EDITION*    APRIL  18, 2026  MSC Nastran  3/ 3/26   PAGE    57
     DEFAULT                                                                                                                        
0                                                                                                            SUBCASE 1              
      EIGENVALUE =  4.249153E+06
          CYCLES =  3.280736E+02         R E A L   E I G E N V E C T O R   N O .          5
 
      POINT ID.   TYPE          T1             T2             T3             R1             R2             R3
           499      G     -1.036035E-03  -1.382882E-05   8.682709E-03  -5.497386E-05   5.500210E-02  -2.111591E-04
           500      G     -9.728104E-04  -1.915261E-05   5.504435E-03  -6.651658E-05   1.662114E-01  -2.018446E-04
           501      G     -4.772161E-04   1.416132E-03  -4.227079E-03  -1.234326E-01   4.991314E-02   4.923379E-02
           502      G     -5.085054E-04   6.756128E-04  -3.672024E-03  -1.596593E-01   1.546426E-02   1.153997E-02
           503      G     -5.106617E-04   1.965572E-04  -3.034079E-03  -1.192530E-01   2.583599E-02   1.180917E-02
           504      G     -4.801618E-04   5.913752E-05  -1.984352E-03  -7.540439E-02   5.709025E-02   8.127679E-03
           505      G     -4.780319E-04  -2.377015E-05  -3.590638E-05  -1.865758E-03   7.375573E-02   1.837575E-02
           506      G     -7.997901E-04   4.141866E-04  -6.479497E-03  -8.796376E-02  -6.024279E-03   2.797755E-02
           507      G     -7.926994E-04   1.608738E-04  -6.003470E-03  -1.334936E-01   4.427344E-02   7.619619E-03
           508      G     -7.555719E-04   3.075113E-05  -3.816149E-03  -7.642667E-02   1.138748E-01   7.618400E-03
           509      G     -7.404575E-04  -2.379415E-05  -8.508513E-05  -2.087757E-03   1.414679E-01   6.724283E-03
           510      G     -8.017066E-04   5.549215E-04  -8.843476E-03  -6.398320E-02   1.078688E-01   2.064669E-02
           511      G     -1.010579E-03   2.637800E-04  -8.384645E-03  -8.893061E-02  -2.748646E-02   4.009764E-03
           512      G     -9.645406E-04   5.653722E-05  -8.172041E-03  -6.703195E-02   5.560339E-02   5.699232E-03
           513      G     -9.224101E-04   5.706952E-06  -5.219916E-03  -4.992122E-02   1.526465E-01   3.456733E-03
           514      G     -9.001633E-04  -2.389723E-05  -1.260072E-04  -1.441120E-03   1.968250E-01   3.594612E-03
           515      G     -4.806535E-04  -1.467309E-03   4.226616E-03   1.239967E-01   4.984538E-02   4.943591E-02
           516      G     -5.109579E-04  -7.250429E-04   3.656892E-03   1.599044E-01   1.620795E-02   1.147775E-02
           517      G     -5.128154E-04  -2.444333E-04   2.990946E-03   1.171650E-01   2.654630E-02   1.183009E-02
           518      G     -4.812048E-04  -1.068183E-04   1.920589E-03   7.216272E-02   5.764030E-02   8.127397E-03
           519      G     -8.021989E-04  -4.617987E-04   6.461025E-03   8.730632E-02  -3.926045E-03   2.817424E-02
           520      G     -7.946080E-04  -2.086590E-04   5.909652E-03   1.314170E-01   4.654833E-02   7.604337E-03
           521      G     -7.565654E-04  -7.838606E-05   3.666488E-03   7.277403E-02   1.152803E-01   7.624000E-03
           522      G     -8.033460E-04  -6.019128E-04   8.876717E-03   6.460776E-02   1.084251E-01   2.074668E-02
           523      G     -1.013649E-03  -3.110283E-04   8.350099E-03   8.826955E-02  -2.489231E-02   3.983317E-03
           524      G     -9.663182E-04  -1.040267E-04   8.035731E-03   6.546888E-02   5.899492E-02   5.695270E-03
           525      G     -9.233136E-04  -5.349271E-05   5.000111E-03   4.752212E-02   1.548718E-01   3.459393E-03
          1000      G      2.862408E-04   1.677137E-07  -6.548350E-06  -9.154576E-05   7.037632E-04   1.240424E-01
          1001      G      2.829380E-04   1.625184E-05  -1.331251E-04   1.273038E-04   3.505600E-05   1.552172E-01
          1002      G      2.774144E-04  -4.352960E-05  -1.341861E-04   9.553642E-05   3.865169E-05   1.524585E-01
          1003      G      3.040915E-04  -1.446906E-07  -1.264509E-06   1.785795E-04   1.979710E-01   5.800883E-04
          1004      G      3.073729E-04  -2.805282E-06  -4.919383E-03   1.647398E-01   1.423401E-01   1.795349E-04
          1005      G      3.002635E-04  -2.650232E-05  -8.404593E-03   3.102365E-01   8.680723E-02   3.654642E-04
          1006      G      3.900849E-04  -8.879131E-08  -1.178067E-05  -7.863241E-06   3.348002E-02  -2.408670E-06
          1007      G      3.526617E-04  -3.914867E-07  -7.881674E-03   3.183392E-05   4.656217E-01  -1.281244E-06
          1008      G      3.532643E-04  -2.231385E-07  -1.459004E-02   8.179502E-05   9.401091E-03   3.070899E-07
          1009      G      2.429215E-04  -1.169184E-04  -3.037565E-04   1.215459E-05   7.551689E-05   7.511908E-02
          1010      G      2.539829E-04   5.002640E-05  -3.040401E-04   3.617463E-05   4.400019E-05   8.371694E-02
          1011      G      3.288499E-04  -1.316750E-05  -8.198481E-03   2.575760E-01  -8.942594E-02   5.917623E-04
          1012      G      3.392928E-04  -2.133064E-05  -6.770024E-03   1.854024E-01   1.357736E-02  -1.102766E-01
          1013      G      3.315242E-04  -6.339881E-07  -1.264909E-02   2.248190E-04  -1.642662E-01  -1.833683E-06
          1014      G      3.215042E-04  -3.393029E-07  -9.422211E-03   2.839757E-04  -5.281533E-03  -3.880296E-04
          1015      G      2.833734E-04  -1.663494E-05   1.291352E-04  -1.275874E-04   4.954367E-05   1.544463E-01
          1016      G      2.782567E-04   4.608467E-05   1.305933E-04  -9.467818E-05   5.311667E-05   1.518907E-01
          1017      G      3.076190E-04   3.070609E-06   4.923740E-03  -1.643978E-01   1.425645E-01   1.859871E-04
          1018      G      3.012101E-04   2.548243E-05   8.417211E-03  -3.100099E-01   8.718739E-02   3.669509E-04
          1019      G      3.530332E-04  -8.788290E-08   7.864065E-03  -5.741900E-06   4.659669E-01  -9.330676E-07
          1020      G      3.537675E-04  -3.700249E-08   1.457841E-02   6.898609E-06   9.419060E-03  -2.054020E-06
          1021      G      2.449373E-04   1.119029E-04   3.068191E-04  -6.967582E-06   8.018732E-05   7.675341E-02
          1022      G      2.550126E-04  -4.865449E-05   3.072527E-04  -2.924547E-05   4.972775E-05   8.471499E-02
1                                                       **STUDENT EDITION*    APRIL  18, 2026  MSC Nastran  3/ 3/26   PAGE    58
     DEFAULT                                                                                                                        
0                                                                                                            SUBCASE 1              
      EIGENVALUE =  4.249153E+06
          CYCLES =  3.280736E+02         R E A L   E I G E N V E C T O R   N O .          5
 
      POINT ID.   TYPE          T1             T2             T3             R1             R2             R3
          1023      G      3.294818E-04   1.305803E-05   8.225525E-03  -2.573250E-01  -8.891901E-02   5.902699E-04
          1024      G      3.398559E-04   1.962220E-05   6.807898E-03  -1.850985E-01   1.386168E-02  -1.075010E-01
          1025      G      3.322109E-04   5.465429E-08   1.264291E-02   3.703246E-05  -1.640148E-01  -1.942370E-06
          1026      G      3.222857E-04   7.197652E-08   9.417805E-03   5.725360E-05  -5.409304E-03  -4.200096E-04
          1027      G      2.861936E-04  -2.247840E-07   9.224982E-08   9.393154E-06   5.251792E-04  -1.245812E-01
          1028      G      2.830823E-04  -1.744321E-05  -1.292751E-04  -1.260275E-04   4.514102E-05  -1.549287E-01
          1029      G      2.778813E-04   4.630887E-05  -1.306118E-04  -9.270671E-05   4.875240E-05  -1.523310E-01
          1030      G      3.041508E-04  -2.120775E-07  -3.758948E-06  -2.289995E-04   1.980263E-01  -5.788375E-04
          1031      G      3.073691E-04   2.832969E-06  -4.925654E-03  -1.647746E-01   1.424340E-01  -1.897172E-04
          1032      G      3.006951E-04   2.496441E-05  -8.415803E-03  -3.102711E-01   8.709199E-02  -3.635725E-04
          1033      G      2.444663E-04   1.108852E-04  -3.066429E-04  -8.763579E-06   7.881131E-05  -7.720246E-02
          1034      G      2.537682E-04  -4.727219E-05  -3.070387E-04  -3.036531E-05   4.882943E-05  -8.471777E-02
          1035      G      3.287310E-04   1.309371E-05  -8.220122E-03  -2.575325E-01  -8.909799E-02  -5.880111E-04
          1036      G      3.392487E-04   1.920165E-05  -6.799476E-03  -1.853155E-01   1.386307E-02   1.078111E-01
          1037      G      2.832119E-04   1.716602E-05   1.291809E-04   1.270535E-04   4.516558E-05  -1.550589E-01
          1038      G      2.780954E-04  -4.671414E-05   1.305179E-04   9.362724E-05   4.878384E-05  -1.525034E-01
          1039      G      3.075444E-04  -3.207254E-06   4.920581E-03   1.644492E-01   1.425733E-01  -1.912114E-04
          1040      G      3.010906E-04  -2.538692E-05   8.414777E-03   3.100515E-01   8.722304E-02  -3.686799E-04
          1041      G      2.448234E-04  -1.113586E-04   3.063312E-04   5.089854E-06   7.764876E-05  -7.717862E-02
          1042      G      3.293333E-04  -1.311653E-05   8.223388E-03   2.573583E-01  -8.891776E-02  -5.927957E-04
          1043      G      3.396605E-04  -1.933690E-05   6.806260E-03   1.851367E-01   1.389921E-02   1.069022E-01
          1044      G      2.547618E-04   4.847020E-05   3.067004E-04   2.714765E-05   4.732672E-05  -8.505478E-02
          2000      G      3.749308E-04   1.075189E-05  -2.256162E-07  -1.622836E-03   1.424636E-02   3.527839E-01
          2001      G      3.763547E-04   1.354738E-05  -1.332699E-04   1.267159E-04   3.326160E-05   2.012784E-01
          2002      G      3.701905E-04  -4.727544E-05  -1.341041E-04   9.631024E-05   3.862258E-05   1.981974E-01
          2003      G      4.107632E-04   2.272342E-06  -4.265705E-05   2.552525E-03   2.232974E-01   8.327995E-04
          2004      G      4.131428E-04  -1.186257E-06  -5.408648E-03   1.727513E-01   1.529438E-01   2.463635E-04
          2005      G      4.018059E-04  -3.776592E-05  -9.235458E-03   3.212710E-01   9.626734E-02   3.983716E-04
          2006      G      5.235429E-04   1.201792E-06  -9.662768E-05  -2.388565E-04   9.018662E-03  -7.380014E-07
          2007      G      4.779583E-04   5.340342E-07  -8.589731E-03  -5.897615E-05   5.298478E-01   1.195735E-06
          2008      G      4.867689E-04   3.376034E-07  -1.583441E-02  -9.651736E-05  -2.284379E-02  -4.425563E-06
          2009      G      3.197027E-04  -1.539050E-04  -3.039101E-04   1.450067E-05   7.426913E-05   1.124319E-01
          2010      G      3.078183E-04   2.041516E-06  -3.044744E-04   3.246659E-05   5.174912E-05   1.086082E-01
          2011      G      4.347279E-04  -3.430320E-05  -9.301681E-03   2.550098E-01  -7.783853E-02   8.673984E-04
          2012      G      4.558476E-04  -4.103545E-05  -7.419935E-03   1.460926E-01  -4.924860E-02  -3.601646E-01
          2013      G      4.666744E-04  -8.774899E-07  -1.391962E-02   2.249632E-03  -1.485991E-01  -1.764277E-05
          2014      G      4.687587E-04  -2.247887E-06  -1.006931E-02   6.018724E-03  -7.360778E-02  -3.731337E-02
          2015      G      3.756964E-04  -1.353117E-05   1.292857E-04  -1.284250E-04   4.760641E-05   1.997379E-01
          2016      G      3.704577E-04   5.006830E-05   1.305128E-04  -9.639099E-05   5.302866E-05   1.971179E-01
          2017      G      4.163735E-04   6.942016E-06   5.327325E-03  -1.710463E-01   1.533996E-01   3.037344E-04
          2018      G      4.055452E-04   3.797437E-05   9.196913E-03  -3.215282E-01   9.873441E-02   4.732481E-04
          2019      G      4.800387E-04   9.400592E-07   8.450836E-03   4.956692E-04   5.338936E-01  -3.252196E-08
          2020      G      4.912667E-04   8.069434E-07   1.578764E-02  -8.465634E-05  -2.076463E-02   6.927531E-06
          2021      G      3.213759E-04   1.484424E-04   3.069786E-04  -9.546710E-06   7.885395E-05   1.138159E-01
          2022      G      3.082003E-04  -1.760328E-06   3.076532E-04  -2.467589E-05   5.759179E-05   1.091839E-01
          2023      G      4.384429E-04   3.490155E-05   9.327387E-03  -2.584208E-01  -7.578447E-02   9.436093E-04
          2024      G      4.594883E-04   3.729736E-05   7.472469E-03  -1.522306E-01  -4.970323E-02  -3.631013E-01
          2025      G      4.745887E-04   2.449531E-07   1.394289E-02  -6.172636E-06  -1.457091E-01   9.568770E-06
          2026      G      4.819635E-04   4.115677E-08   1.008009E-02   6.675565E-05  -7.794828E-02  -1.001857E-03
          2027      G      3.758082E-04   8.817835E-07  -1.159828E-06  -2.345182E-04   1.615490E-02  -3.470893E-01
1                                                       **STUDENT EDITION*    APRIL  18, 2026  MSC Nastran  3/ 3/26   PAGE    59
     DEFAULT                                                                                                                        
0                                                                                                            SUBCASE 1              
      EIGENVALUE =  4.249153E+06
          CYCLES =  3.280736E+02         R E A L   E I G E N V E C T O R   N O .          5
 
      POINT ID.   TYPE          T1             T2             T3             R1             R2             R3
          2028      G      3.764053E-04  -1.458522E-05  -1.294500E-04  -1.262459E-04   4.298944E-05  -2.007876E-01
          2029      G      3.708844E-04   5.011059E-05  -1.305285E-04  -9.390795E-05   4.877009E-05  -1.980264E-01
          2030      G      4.112573E-04   3.100102E-07  -4.243291E-05  -1.537154E-03   2.230005E-01  -8.269045E-04
          2031      G      4.146898E-04   4.356155E-06  -5.384500E-03  -1.730002E-01   1.523029E-01  -2.812214E-04
          2032      G      4.032963E-04   3.659417E-05  -9.201348E-03  -3.215503E-01   9.621949E-02  -4.299389E-04
          2033      G      3.221836E-04   1.481311E-04  -3.068059E-04  -1.153814E-05   7.745029E-05  -1.149224E-01
          2034      G      3.074819E-04   2.583578E-07  -3.074261E-04  -2.549719E-05   5.663679E-05  -1.094753E-01
          2035      G      4.359396E-04   3.370393E-05  -9.306070E-03  -2.577270E-01  -7.493072E-02  -8.589115E-04
          2036      G      4.592344E-04   3.916990E-05  -7.462383E-03  -1.533181E-01  -4.997842E-02   3.683999E-01
          2037      G      3.771416E-04   1.428865E-05   1.293459E-04   1.270946E-04   4.301581E-05  -2.012198E-01
          2038      G      3.715828E-04  -5.058330E-05   1.304370E-04   9.498904E-05   4.871827E-05  -1.984400E-01
          2039      G      4.157522E-04  -3.828504E-06   5.324927E-03   1.704757E-01   1.540264E-01  -2.770471E-04
          2040      G      4.055934E-04  -3.729727E-05   9.202663E-03   3.215988E-01   9.870879E-02  -4.377047E-04
          2041      G      3.219547E-04  -1.481702E-04   3.064906E-04   7.518784E-06   7.640640E-05  -1.146155E-01
          2042      G      3.084172E-04   1.145106E-06   3.070976E-04   2.242859E-05   5.529372E-05  -1.097836E-01
          2043      G      4.388072E-04  -3.480471E-05   9.328831E-03   2.584578E-01  -7.605794E-02  -9.356855E-04
          2044      G      4.598742E-04  -3.707506E-05   7.470086E-03   1.522370E-01  -4.970036E-02   3.603715E-01
          3000      G     -1.365648E-02  -2.083464E-04  -2.813571E-04   5.253956E-02  -4.928475E-01  -5.513449E+00
          3001      G     -1.508738E-02  -7.857077E-03  -1.079173E-02   2.216925E+00  -3.985631E-01  -5.135926E+00
          3002      G     -1.475881E-02  -7.816832E-03  -7.003990E-03   1.262848E+00  -2.768718E-01  -5.943217E+00
          3003      G     -1.906612E-02   5.093134E-05  -2.580037E-03   9.244545E-02   3.457454E+01   1.214482E-01
          3004      G     -1.540383E-02   1.320011E-04  -8.968062E-01   3.090756E+01   2.587865E+01   3.313638E-02
          3005      G     -1.488396E-02  -7.301549E-04  -1.381501E+00   5.728975E+01   3.872311E+00  -2.150298E-03
          3006      G      5.737322E-03   1.336198E-05  -3.567431E-03  -4.290708E-03   2.318317E+00  -1.210295E-03
          3007      G     -8.473255E-03   1.914325E-05  -1.461673E+00  -1.524133E-01   8.574649E+01  -1.416128E-03
          3008      G     -1.677987E-02  -3.965581E-05  -2.614367E+00   4.030090E-03  -2.400745E+00  -1.344024E-03
          3009      G     -1.326500E-02  -2.328711E-03  -8.310887E-03   2.154096E+00   1.191146E+00  -1.152746E+01
          3010      G     -9.757684E-03   3.192517E-03  -2.673058E-03   9.035042E-02  -4.503855E-01  -2.214656E+00
          3011      G     -1.597447E-02   1.206624E-03  -7.892838E-01   2.947955E+01  -4.247911E+01  -7.972812E-02
          3012      G     -1.804987E-02  -2.642111E-03  -2.299266E-02  -7.226233E-01  -3.365186E+00   4.749843E+00
          3013      G     -2.328750E-02  -2.205923E-05  -1.425562E+00  -1.152676E-01  -8.015605E+01  -1.870772E-03
          3014      G     -3.166093E-02  -8.904851E-05  -3.474185E-02   7.359387E-03  -5.265103E+00  -2.145119E-02
          3015      G     -1.518101E-02   8.176164E-03   1.127113E-02  -2.334471E+00  -7.504724E-01  -3.784140E+00
          3016      G     -1.485434E-02   7.653797E-03   6.851203E-03  -1.216508E+00  -4.873490E-01  -5.307057E+00
          3017      G     -1.545917E-02  -1.702829E-04   8.938454E-01  -3.058438E+01   2.582424E+01   3.385728E-02
          3018      G     -1.497564E-02   8.037191E-04   1.382690E+00  -5.719825E+01   4.098977E+00  -2.769251E-03
          3019      G     -8.492363E-03   4.548275E-05   1.458336E+00  -4.783062E-03   8.598416E+01  -9.533517E-04
          3020      G     -1.681981E-02   4.369341E-05   2.615875E+00  -3.943917E-03  -2.412199E+00  -8.081008E-04
          3021      G     -1.331209E-02   2.480369E-03   8.425888E-03  -2.636657E+00   2.008741E+00  -1.481285E+01
          3022      G     -9.947439E-03  -2.838934E-03   2.762084E-03  -2.337611E-02  -5.304798E-01  -1.909049E+00
          3023      G     -1.615355E-02  -1.143975E-03   7.930844E-01  -2.895555E+01  -4.238455E+01  -7.948063E-02
          3024      G     -1.819408E-02   2.673513E-03   2.320172E-02   1.113443E+00  -3.410952E+00   6.454685E+00
          3025      G     -2.336056E-02   7.065491E-05   1.426702E+00  -5.692492E-03  -8.010465E+01  -1.002725E-03
          3026      G     -3.180066E-02   9.193943E-05   3.494265E-02   1.882317E-04  -5.303833E+00   4.238951E-02
          3027      G     -1.387433E-02   2.063835E-05  -2.224262E-05  -4.771017E-03  -5.931799E-01   5.202526E+00
          3028      G     -1.536902E-02   8.250280E-03  -1.137487E-02  -2.365999E+00  -7.197796E-01   3.968628E+00
          3029      G     -1.503877E-02   7.590013E-03  -6.856749E-03  -1.216617E+00  -4.930601E-01   5.361093E+00
          3030      G     -1.923064E-02   3.711872E-05  -1.770245E-03  -8.311871E-02   3.452480E+01  -1.231431E-01
          3031      G     -1.555693E-02  -1.490936E-04  -8.954139E-01  -3.059960E+01   2.571670E+01  -3.533502E-02
          3032      G     -1.504249E-02   7.673850E-04  -1.382111E+00  -5.718669E+01   4.064000E+00   2.093345E-04
1                                                       **STUDENT EDITION*    APRIL  18, 2026  MSC Nastran  3/ 3/26   PAGE    60
     DEFAULT                                                                                                                        
0                                                                                                            SUBCASE 1              
      EIGENVALUE =  4.249153E+06
          CYCLES =  3.280736E+02         R E A L   E I G E N V E C T O R   N O .          5
 
      POINT ID.   TYPE          T1             T2             T3             R1             R2             R3
          3033      G     -1.349616E-02   2.398424E-03  -8.463331E-03  -2.645779E+00   2.009289E+00   1.489700E+01
          3034      G     -1.012991E-02  -3.012995E-03  -2.764371E-03  -2.015144E-02  -5.341015E-01   1.974989E+00
          3035      G     -1.620669E-02  -1.247781E-03  -7.921354E-01  -2.888066E+01  -4.237188E+01   7.664895E-02
          3036      G     -1.824616E-02   2.506558E-03  -2.319266E-02   1.109534E+00  -3.410545E+00  -6.365364E+00
          3037      G     -1.536953E-02  -8.148536E-03   1.125760E-02   2.338558E+00  -7.253140E-01   3.944965E+00
          3038      G     -1.503680E-02  -7.582424E-03   6.841970E-03   1.212524E+00  -4.934239E-01   5.358964E+00
          3039      G     -1.557059E-02   1.918862E-04   8.940729E-01   3.060697E+01   2.581086E+01  -3.507437E-02
          3040      G     -1.507019E-02  -7.088281E-04   1.382773E+00   5.721429E+01   4.105586E+00   5.947416E-04
          3041      G     -1.348589E-02  -2.348854E-03   8.409664E-03   2.633171E+00   2.009292E+00   1.488753E+01
          3042      G     -1.012471E-02   3.017750E-03   2.752288E-03   2.206929E-02  -5.305863E-01   1.985721E+00
          3043      G     -1.624308E-02   1.276990E-03   7.932258E-01   2.896691E+01  -4.238730E+01   7.755242E-02
          3044      G     -1.827655E-02  -2.488859E-03   2.322958E-02  -1.114004E+00  -3.417626E+00  -6.372545E+00
          4000      G     -1.563495E-03  -4.974567E-05  -1.003320E-05   9.064555E-04   4.594688E-02  -5.975937E-01
          4001      G     -1.567802E-03  -4.809503E-05  -9.840642E-04  -1.380655E-02  -2.440207E-03  -5.317156E-01
          4002      G     -1.556975E-03  -1.768311E-04  -1.424802E-03   2.156821E-02   6.446378E-03  -4.465592E-01
          4003      G     -1.670595E-03  -5.334706E-05  -9.388118E-06  -1.746393E-03   2.293308E-01  -4.395384E-04
          4004      G     -1.670839E-03  -6.278054E-05  -6.435618E-03   1.923137E-01   2.057646E-01  -7.379735E-04
          4005      G     -1.685880E-03  -6.665608E-05  -1.101668E-02   3.462280E-01   7.180151E-02  -1.344504E-03
          4006      G     -1.602356E-03  -5.195203E-05   2.647444E-05   1.868085E-03   9.766030E-03  -2.836542E-04
          4007      G     -1.668076E-03  -6.219576E-05  -1.001335E-02   5.707861E-03   6.048120E-01  -2.537771E-04
          4008      G     -1.718383E-03  -6.813641E-05  -1.849923E-02   2.607823E-03  -1.469269E-02  -2.227393E-04
          4009      G     -1.531773E-03  -1.189113E-04  -1.472565E-03  -1.167496E-02  -5.967337E-03  -2.625576E-01
          4010      G     -1.489448E-03  -2.224498E-04  -1.865299E-03   4.998418E-02   2.523285E-02  -5.012540E-01
          4011      G     -1.700862E-03  -1.003866E-04  -9.994495E-03   2.720845E-01  -1.136681E-01  -3.201108E-03
          4012      G     -1.737544E-03  -2.214318E-04  -7.575258E-03   1.098465E-01  -5.931345E-02  -7.505768E-01
          4013      G     -1.811243E-03  -7.658965E-05  -1.542637E-02   1.365735E-02  -2.434630E-01  -2.224515E-04
          4014      G     -1.881163E-03  -8.196057E-05  -1.034710E-02   4.268105E-04  -4.174222E-02   2.770637E-04
          4015      G     -1.563326E-03  -6.076077E-05   9.636607E-04   2.035029E-02  -3.194919E-03  -5.463152E-01
          4016      G     -1.547622E-03   7.817759E-05   1.440429E-03  -2.002056E-02   1.174573E-02  -4.624948E-01
          4017      G     -1.667764E-03  -4.123246E-05   6.432579E-03  -1.996663E-01   2.083781E-01  -7.299619E-04
          4018      G     -1.679467E-03  -4.295232E-05   1.095885E-02  -3.483021E-01   6.325329E-02  -1.358345E-03
          4019      G     -1.666754E-03  -4.383621E-05   1.004165E-02   1.765070E-03   6.020831E-01  -2.853473E-04
          4020      G     -1.716939E-03  -3.429487E-05   1.847937E-02   1.594917E-03  -1.468351E-02  -2.854059E-04
          4021      G     -1.513948E-03  -3.401644E-06   1.294624E-03   3.691368E-02  -1.720134E-02  -2.071498E-01
          4022      G     -1.465727E-03   1.142141E-04   1.825068E-03  -6.075277E-02   3.765833E-02  -5.559985E-01
          4023      G     -1.694247E-03  -7.260679E-06   9.806024E-03  -2.986663E-01  -1.080243E-01  -3.375612E-03
          4024      G     -1.732785E-03   1.182743E-04   7.571201E-03  -1.130507E-01  -5.981259E-02  -8.079849E-01
          4025      G     -1.811783E-03  -2.675426E-05   1.544599E-02   1.509657E-03  -2.411912E-01  -2.710474E-04
          4026      G     -1.883948E-03  -1.909474E-05   1.040028E-02   4.382311E-04  -4.301799E-02  -7.637586E-03
          4027      G     -1.604098E-03  -5.029081E-05   5.378036E-06   1.513223E-03   4.995968E-02   6.140608E-01
          4028      G     -1.605581E-03  -7.861448E-05  -9.767320E-04   2.154986E-02  -4.451949E-03   5.421577E-01
          4029      G     -1.590012E-03   4.792199E-05  -1.446591E-03  -2.011948E-02   1.185641E-02   4.668059E-01
          4030      G     -1.689208E-03  -5.246364E-05   4.628823E-06   5.980173E-05   2.289785E-01  -1.323516E-04
          4031      G     -1.687850E-03  -5.783628E-05  -6.452105E-03  -2.005157E-01   2.094020E-01   1.600029E-04
          4032      G     -1.700197E-03  -7.618692E-05  -1.100564E-02  -3.482670E-01   6.516593E-02   8.219630E-04
          4033      G     -1.556111E-03  -5.262167E-05  -1.291615E-03   3.919675E-02  -1.799630E-02   2.082614E-01
          4034      G     -1.508145E-03   5.540265E-05  -1.821625E-03  -6.061790E-02   3.881467E-02   5.661102E-01
          4035      G     -1.715715E-03  -5.396111E-05  -9.869165E-03  -3.047422E-01  -1.104006E-01   2.835648E-03
          4036      G     -1.754931E-03   5.611620E-05  -7.557638E-03  -1.114701E-01  -6.002961E-02   8.122651E-01
          4037      G     -1.606284E-03  -2.581264E-05   9.906727E-04  -1.693042E-02  -4.417834E-03   5.419955E-01
1                                                       **STUDENT EDITION*    APRIL  18, 2026  MSC Nastran  3/ 3/26   PAGE    61
     DEFAULT                                                                                                                        
0                                                                                                            SUBCASE 1              
      EIGENVALUE =  4.249153E+06
          CYCLES =  3.280736E+02         R E A L   E I G E N V E C T O R   N O .          5
 
      POINT ID.   TYPE          T1             T2             T3             R1             R2             R3
          4038      G     -1.590899E-03  -1.461049E-04   1.459627E-03   2.333378E-02   1.186371E-02   4.652314E-01
          4039      G     -1.687735E-03  -4.484499E-05   6.448629E-03   1.973733E-01   2.090934E-01   1.252534E-04
          4040      G     -1.699971E-03  -2.635320E-05   1.097355E-02   3.464489E-01   6.263090E-02   7.709276E-04
          4041      G     -1.556440E-03  -4.862026E-05   1.311448E-03  -3.324188E-02  -1.729919E-02   2.082190E-01
          4042      G     -1.506425E-03  -1.482507E-04   1.834071E-03   6.264068E-02   3.584814E-02   5.484695E-01
          4043      G     -1.714984E-03  -4.484988E-05   9.809893E-03   2.968378E-01  -1.084669E-01   2.810901E-03
          4044      G     -1.754308E-03  -1.559545E-04   7.569188E-03   1.135068E-01  -5.998288E-02   7.917036E-01
1                                                       **STUDENT EDITION*    APRIL  18, 2026  MSC Nastran  3/ 3/26   PAGE    62
     DEFAULT                                                                                                                        
0                                                                                                            SUBCASE 1              
      EIGENVALUE =  4.448153E+06
          CYCLES =  3.356680E+02         R E A L   E I G E N V E C T O R   N O .          6
 
      POINT ID.   TYPE          T1             T2             T3             R1             R2             R3
             1      G      0.0            0.0            0.0            0.0            0.0            0.0
             2      G      0.0            0.0            0.0            0.0            0.0            0.0
             3      G      0.0            0.0            0.0            0.0            0.0            0.0
             4      G      0.0            0.0            0.0            0.0            0.0            0.0
             5      G      0.0            0.0            0.0            0.0            0.0            0.0
             6      G      0.0            0.0            0.0            0.0            0.0            0.0
             7      G      0.0            0.0            0.0            0.0            0.0            0.0
             8      G      0.0            0.0            0.0            0.0            0.0            0.0
            10      G     -1.082629E-05  -2.405437E-05  -4.984247E-05  -1.609653E-05  -3.505754E-05   2.621952E-03
            11      G     -1.048442E-05   2.398889E-05  -4.981262E-05   1.622361E-05  -3.397404E-05  -2.601054E-03
            12      G     -1.419288E-05   3.064903E-06  -9.787120E-05  -7.523399E-05  -5.497813E-05   1.255226E-03
            13      G     -1.369084E-05  -3.049171E-06  -9.771634E-05   7.511037E-05  -5.311605E-05  -1.214596E-03
            14      G      1.415068E-05   3.079253E-06  -9.788716E-05  -7.531892E-05   5.488460E-05  -1.239620E-03
            15      G      1.400369E-05  -3.004404E-06  -9.822201E-05   7.542414E-05   5.461539E-05   1.233538E-03
            16      G      1.084450E-05  -2.354489E-05  -4.978542E-05  -1.731429E-05   3.504097E-05  -2.591568E-03
            17      G      1.017645E-05   2.347758E-05  -4.974715E-05   1.845463E-05   3.237136E-05   2.509546E-03
           100      G      3.407759E-06  -5.863798E-06   4.049996E-04  -1.579807E-02   1.511430E-02  -6.912847E-04
           101      G     -5.529416E-06   5.255863E-08   1.052195E-03   6.798619E-06   4.797625E-03   1.354771E-05
           102      G      6.133593E-06  -2.025480E-06   9.819546E-04  -2.943037E-02   1.803251E-02  -7.917233E-05
           103      G     -1.415000E-05  -2.637442E-08   1.998258E-03  -2.988046E-06   3.631548E-02   3.582080E-07
           104      G     -1.268608E-07  -2.069500E-05   1.199742E-03  -4.302791E-02  -1.555417E-05   1.347958E-06
           105      G     -2.446738E-07  -8.582460E-08   2.715457E-03  -3.270159E-06  -1.772999E-05   2.915664E-07
           106      G      2.325523E-05   2.017994E-05  -9.981419E-05   7.542414E-05   5.461539E-05   1.233538E-03
           107      G      2.325523E-05  -1.274011E-05  -9.835664E-05   7.542414E-05   5.461539E-05   1.233538E-03
           108      G      4.920739E-08  -3.917831E-05  -5.493447E-04  -7.528688E-03   1.365107E-05  -2.975918E-05
           109      G      2.899805E-05   4.229917E-05  -5.012834E-05   1.845463E-05   3.237136E-05   2.509546E-03
           110      G     -6.165442E-06   1.853788E-04  -1.221436E-03   3.763701E-02   4.496522E-03  -1.955293E-02
           111      G      2.899805E-05  -2.781127E-05  -4.922397E-05   1.845463E-05   3.237136E-05   2.509546E-03
           112      G      9.742176E-07   1.307009E-05  -4.405300E-04   1.109588E-02   2.969893E-02   1.526616E-03
           113      G     -8.181065E-06   5.293428E-07  -1.742138E-03  -7.030029E-05   5.349711E-03   2.317128E-04
           114      G     -2.682687E-06   2.748838E-07  -3.537094E-04   4.362857E-05   4.732556E-02  -4.133661E-05
           115      G     -3.910437E-06  -6.081582E-06   4.034672E-04  -1.577153E-02  -1.516680E-02   6.671074E-04
           116      G      4.982795E-06  -1.208164E-07   1.051094E-03   6.059496E-06  -4.836101E-03   4.866365E-07
           117      G     -6.491468E-06  -2.187506E-06   9.813553E-04  -2.941368E-02  -1.805870E-02   7.564992E-05
           118      G      1.365095E-05  -9.217461E-08   1.997713E-03   1.836427E-07  -3.634406E-02   1.012253E-06
           119      G     -2.280031E-05   1.977916E-05  -9.927798E-05   7.511037E-05  -5.311605E-05  -1.214596E-03
           120      G     -2.280031E-05  -1.263538E-05  -9.786045E-05   7.511037E-05  -5.311605E-05  -1.214596E-03
           121      G     -2.999233E-05   4.349680E-05  -5.018910E-05   1.622361E-05  -3.397404E-05  -2.601054E-03
           122      G      5.498049E-06   1.849991E-04  -1.224458E-03   3.756171E-02  -4.574124E-03   1.975026E-02
           123      G     -2.999233E-05  -2.917016E-05  -4.923995E-05   1.622361E-05  -3.397404E-05  -2.601054E-03
           124      G     -1.517771E-06   1.303559E-05  -4.430496E-04   1.109625E-02  -2.969313E-02  -1.522928E-03
           125      G      7.676546E-06  -1.433369E-07  -1.742508E-03  -1.016626E-05  -5.391231E-03  -8.713542E-06
           126      G      2.072476E-06  -9.510498E-08  -3.544811E-04   1.702459E-05  -4.727755E-02   2.008679E-06
           127      G      3.709924E-06   6.099569E-06   4.038906E-04   1.585411E-02   1.518510E-02   6.901209E-04
           128      G      6.231926E-06   1.973877E-06   9.815742E-04   2.947121E-02   1.802649E-02   8.340910E-05
           129      G     -1.682883E-07   2.059838E-05   1.199308E-03   4.306351E-02  -6.465407E-06   2.960778E-06
           130      G      2.344783E-05  -2.021940E-05  -9.948361E-05  -7.531892E-05   5.488460E-05  -1.239620E-03
           131      G      2.344783E-05   1.286295E-05  -9.801887E-05  -7.531892E-05   5.488460E-05  -1.239620E-03
           132      G     -7.429532E-08   3.916163E-05  -5.496680E-04   7.536419E-03   3.542892E-07   8.109596E-07
           133      G      3.028126E-05  -4.298165E-05  -5.017809E-05  -1.731429E-05   3.504097E-05  -2.591568E-03
1                                                       **STUDENT EDITION*    APRIL  18, 2026  MSC Nastran  3/ 3/26   PAGE    63
     DEFAULT                                                                                                                        
0                                                                                                            SUBCASE 1              
      EIGENVALUE =  4.448153E+06
          CYCLES =  3.356680E+02         R E A L   E I G E N V E C T O R   N O .          6
 
      POINT ID.   TYPE          T1             T2             T3             R1             R2             R3
           134      G     -5.728093E-06  -1.839730E-04  -1.222565E-03  -3.749541E-02   4.516090E-03   1.979632E-02
           135      G      3.028126E-05   2.942029E-05  -4.919913E-05  -1.731429E-05   3.504097E-05  -2.591568E-03
           136      G      1.351008E-06  -1.284369E-05  -4.425746E-04  -1.107310E-02   2.965771E-02  -1.508664E-03
           137      G     -4.079057E-06   5.973752E-06   4.030743E-04   1.585566E-02  -1.517443E-02  -6.896318E-04
           138      G     -6.594951E-06   1.889433E-06   9.810618E-04   2.946935E-02  -1.806226E-02  -8.024911E-05
           139      G     -2.360708E-05  -2.052707E-05  -9.946876E-05  -7.523399E-05  -5.497813E-05   1.255226E-03
           140      G     -2.360708E-05   1.297178E-05  -9.800154E-05  -7.523399E-05  -5.497813E-05   1.255226E-03
           141      G     -3.049093E-05  -4.371901E-05  -5.022613E-05  -1.609653E-05  -3.505754E-05   2.621952E-03
           142      G      5.177595E-06  -1.851272E-04  -1.224128E-03  -3.753736E-02  -4.523488E-03  -1.974367E-02
           143      G     -3.049093E-05   2.953177E-05  -4.924671E-05  -1.609653E-05  -3.505754E-05   2.621952E-03
           144      G     -1.764999E-06  -1.325788E-05  -4.434481E-04  -1.106704E-02  -2.969059E-02   1.520202E-03
           200      G      3.001774E-05   4.171785E-05  -5.012834E-05   1.845463E-05   3.237136E-05   2.509546E-03
           201      G      3.001774E-05  -2.839259E-05  -4.922397E-05   1.845463E-05   3.237136E-05   2.509546E-03
           202      G      2.497561E-05   1.780408E-05  -9.981419E-05   7.542414E-05   5.461539E-05   1.233538E-03
           203      G      2.497561E-05  -1.511597E-05  -9.835664E-05   7.542414E-05   5.461539E-05   1.233538E-03
           204      G      1.110609E-06   2.166717E-05  -7.785135E-04   3.751632E-03   3.162018E-06  -1.346920E-06
           205      G     -2.004367E-05   4.106513E-05  -1.279697E-03   2.815768E-02   6.586753E-03  -7.745101E-03
           206      G     -3.361314E-05   4.524139E-06  -1.817705E-03   1.203537E-03   8.561284E-03   1.958407E-03
           207      G     -3.106251E-05   4.298576E-05  -5.018910E-05   1.622361E-05  -3.397404E-05  -2.601054E-03
           208      G     -3.106251E-05  -2.968120E-05  -4.923995E-05   1.622361E-05  -3.397404E-05  -2.601054E-03
           209      G     -2.447347E-05   1.741319E-05  -9.927798E-05   7.511037E-05  -5.311605E-05  -1.214596E-03
           210      G     -2.447347E-05  -1.500135E-05  -9.786045E-05   7.511037E-05  -5.311605E-05  -1.214596E-03
           211      G      1.996478E-05   4.412090E-05  -1.284051E-03   2.791580E-02  -6.933052E-03   1.027524E-02
           212      G      3.329254E-05  -1.864130E-07  -1.818448E-03   1.228064E-05  -8.548921E-03  -2.042918E-06
           213      G      3.138505E-05  -4.243625E-05  -5.017809E-05  -1.731429E-05   3.504097E-05  -2.591568E-03
           214      G      3.138505E-05   2.996569E-05  -4.919913E-05  -1.731429E-05   3.504097E-05  -2.591568E-03
           215      G      2.517670E-05  -1.784685E-05  -9.948361E-05  -7.531892E-05   5.488460E-05  -1.239620E-03
           216      G      2.517670E-05   1.523550E-05  -9.801887E-05  -7.531892E-05   5.488460E-05  -1.239620E-03
           217      G     -1.256946E-07  -2.185496E-05  -7.792102E-04  -3.750330E-03  -2.115076E-05   8.982259E-06
           218      G     -2.086395E-05  -3.994458E-05  -1.282397E-03  -2.800312E-02   6.939283E-03   1.049735E-02
           219      G     -3.159524E-05  -4.321197E-05  -5.022613E-05  -1.609653E-05  -3.505754E-05   2.621952E-03
           220      G     -3.159524E-05   3.003881E-05  -4.924671E-05  -1.609653E-05  -3.505754E-05   2.621952E-03
           221      G     -2.533889E-05  -1.815720E-05  -9.946876E-05  -7.523399E-05  -5.497813E-05   1.255226E-03
           222      G     -2.533889E-05   1.534165E-05  -9.800154E-05  -7.523399E-05  -5.497813E-05   1.255226E-03
           223      G      1.970138E-05  -4.451906E-05  -1.283605E-03  -2.790363E-02  -6.899715E-03  -1.030289E-02
           224      G     -7.535799E-06  -4.495740E-06   4.810515E-04  -2.033503E-02   1.974274E-02  -1.076892E-03
           225      G     -2.874789E-05   3.399774E-07   1.219195E-03   6.535958E-05   8.148968E-03   5.722369E-05
           226      G     -4.607925E-06   1.160830E-05   1.075225E-03  -3.448440E-02   1.299590E-02  -2.188245E-04
           227      G     -2.514917E-05   2.892866E-08   2.245348E-03  -6.063432E-05   3.843073E-02  -4.323679E-06
           228      G     -9.144994E-07  -1.233634E-05   1.112118E-03  -5.832242E-02   5.084281E-04  -4.207449E-05
           229      G     -1.547425E-06  -9.752310E-08   2.967952E-03   4.758686E-06   2.466504E-04   7.172622E-06
           230      G     -8.319313E-06   1.050565E-05  -4.414958E-04   4.596458E-03   3.309736E-02  -2.126725E-05
           231      G     -4.355091E-05   4.384550E-07  -3.124462E-04   9.726352E-04   5.846644E-02  -3.786883E-04
           232      G      5.627628E-06  -5.990918E-06   5.744319E-04  -2.386366E-02  -2.035033E-02   1.024898E-03
           233      G      2.674277E-05  -1.023317E-07   1.402118E-03   1.374202E-05  -7.889421E-03   9.191165E-07
           234      G      3.348563E-06   1.174265E-05   1.130336E-03  -3.636473E-02  -1.086286E-02   2.086233E-04
           235      G      2.149972E-05  -1.069796E-07   2.340724E-03   1.426590E-05  -3.468774E-02  -1.472726E-06
           236      G      8.393638E-06   9.956346E-06  -3.995928E-04   2.889133E-03  -3.687859E-02  -6.100056E-05
           237      G      3.538147E-05  -1.327889E-07  -2.209292E-04   2.815955E-05  -6.836984E-02   2.319458E-06
           238      G     -7.195890E-06   4.981742E-06   4.885467E-04   2.070840E-02   2.019283E-02   1.056716E-03
1                                                       **STUDENT EDITION*    APRIL  18, 2026  MSC Nastran  3/ 3/26   PAGE    64
     DEFAULT                                                                                                                        
0                                                                                                            SUBCASE 1              
      EIGENVALUE =  4.448153E+06
          CYCLES =  3.356680E+02         R E A L   E I G E N V E C T O R   N O .          6
 
      POINT ID.   TYPE          T1             T2             T3             R1             R2             R3
           239      G     -4.558689E-06  -1.170880E-05   1.083533E-03   3.479820E-02   1.269050E-02   2.254831E-04
           240      G     -7.837723E-07   1.223670E-05   1.115529E-03   5.846569E-02   4.504335E-04   1.670258E-05
           241      G     -7.874880E-06  -8.729505E-06  -4.432731E-04  -4.702054E-03   3.307064E-02   3.491821E-05
           242      G      5.423344E-06   5.884774E-06   5.756634E-04   2.396899E-02  -2.038086E-02  -1.048611E-03
           243      G      3.147121E-06  -1.194159E-05   1.132588E-03   3.646733E-02  -1.091059E-02  -2.136086E-04
           244      G      8.156715E-06  -1.020069E-05  -3.991357E-04  -2.852933E-03  -3.690860E-02   6.050743E-05
           300      G      3.352049E-04   2.529602E-04  -6.541809E-04   5.957036E-02  -1.642357E-02   3.037259E-02
           301      G      7.964028E-05   1.448996E-04  -1.303056E-03   4.798799E-02  -1.081126E-02  -1.720205E-02
           302      G      2.611857E-05   3.130561E-04  -1.139712E-03   7.718553E-02   3.889090E-03  -6.114234E-03
           303      G      3.585086E-04   1.321855E-04  -4.112399E-05   2.175022E-02  -1.071942E-02   5.930558E-03
           304      G      2.461035E-04   1.570507E-04  -3.313134E-04   3.721389E-02  -7.620162E-03  -1.743905E-02
           305      G      1.753592E-05   1.641987E-04  -1.438772E-03   2.797142E-02   1.686836E-02  -2.446640E-02
           306      G     -1.536557E-05   1.216765E-05  -2.082843E-03   3.289036E-03   2.275977E-02   5.696388E-03
           307      G     -3.547666E-04   2.743682E-04  -6.547603E-04   6.182177E-02   1.535879E-02  -3.330318E-02
           308      G     -4.882838E-05   1.535176E-04  -1.317740E-03   4.685521E-02   9.064429E-03   1.735264E-02
           309      G     -3.904529E-04   1.490455E-04  -4.046071E-05   1.985107E-02   1.447267E-02  -5.076208E-03
           310      G     -2.592934E-04   1.572894E-04  -3.361493E-04   3.601366E-02   6.998454E-03   1.979053E-02
           311      G     -2.253553E-05   1.742049E-04  -1.444896E-03   2.854401E-02  -1.789129E-02   2.881464E-02
           312      G      7.688652E-06  -3.588164E-07  -2.086256E-03   6.497909E-05  -2.336423E-02  -6.346053E-05
           313      G      3.676912E-04  -2.839562E-04  -6.529856E-04  -6.032414E-02  -1.529816E-02  -3.255698E-02
           314      G      6.710913E-05  -1.651000E-04  -1.319084E-03  -4.522479E-02  -1.037519E-02   1.840715E-02
           315      G     -7.897344E-07  -3.357444E-04  -1.137603E-03  -7.752020E-02  -2.962213E-05   4.273996E-05
           316      G      4.005382E-04  -1.437863E-04  -4.035041E-05  -1.951696E-02  -1.426093E-02  -4.525514E-03
           317      G      2.698568E-04  -1.593758E-04  -3.356817E-04  -3.476161E-02  -7.280461E-03   2.033354E-02
           318      G      2.596500E-05  -1.665692E-04  -1.444956E-03  -2.872156E-02   1.639705E-02   3.006774E-02
           319      G     -3.684694E-04  -2.830123E-04  -6.531391E-04  -6.084517E-02   1.521172E-02   3.265782E-02
           320      G     -6.844103E-05  -1.644136E-04  -1.319040E-03  -4.554991E-02   1.031209E-02  -1.832886E-02
           321      G     -4.006685E-04  -1.505639E-04  -3.993947E-05  -1.956510E-02   1.414542E-02   4.802103E-03
           322      G     -2.700834E-04  -1.624563E-04  -3.353612E-04  -3.508127E-02   7.129206E-03  -2.020864E-02
           323      G     -2.843112E-05  -1.751483E-04  -1.444523E-03  -2.844200E-02  -1.772107E-02  -2.894734E-02
           324      G      1.254135E-05   8.970466E-05  -2.360540E-04  -3.903561E-02   3.114463E-02  -1.186243E-02
           325      G     -9.403888E-06  -1.210544E-05   1.392025E-03   5.656833E-04   1.858505E-02   1.294458E-04
           326      G      4.012215E-05   1.545320E-04   5.768929E-04  -7.336884E-02   1.830893E-02  -5.175408E-04
           327      G     -3.217820E-05  -1.233020E-05   3.040244E-03   1.290765E-03   6.040102E-02  -1.137665E-05
           328      G     -4.795390E-06   7.535085E-05   9.876530E-04  -9.355426E-02  -3.767304E-04   8.752809E-04
           329      G     -4.566127E-06  -1.200004E-05   4.124614E-03   1.484180E-04  -3.500849E-04  -1.392672E-04
           330      G      5.712944E-05   9.361197E-05  -9.627753E-04  -2.528850E-03   7.371730E-03  -9.485193E-04
           331      G     -3.089160E-05  -7.823713E-06  -4.455314E-04   3.699337E-03   6.966667E-02  -7.640291E-04
           332      G     -1.245919E-05   1.021998E-04  -2.940583E-04  -3.977553E-02  -3.373096E-02   1.268471E-02
           333      G      6.681170E-07  -4.890384E-06   1.346730E-03   4.727755E-04  -1.920387E-02  -1.087418E-04
           334      G     -4.756272E-05   1.703018E-04   5.373869E-04  -7.218500E-02  -1.825078E-02   1.717322E-04
           335      G      2.375807E-05  -8.408083E-06   3.004522E-03   3.140244E-04  -6.137808E-02  -1.279653E-04
           336      G     -6.622982E-05   1.024005E-04  -1.000414E-03  -1.123075E-03  -4.413672E-03   1.003655E-03
           337      G      2.333780E-05  -2.355397E-06  -4.707539E-04   3.360654E-04  -6.929275E-02  -8.929330E-05
           338      G      1.401815E-05  -1.134958E-04  -2.456261E-04   4.109992E-02   3.364394E-02   1.284086E-02
           339      G      4.550194E-05  -1.865817E-04   5.739045E-04   7.282548E-02   1.711973E-02   4.184361E-04
           340      G     -2.998157E-06  -9.636258E-05   9.878837E-04   9.494120E-02  -1.483555E-04   9.271897E-05
           341      G      6.962075E-05  -1.053160E-04  -9.891297E-04   6.064219E-04   6.048522E-03   1.278705E-03
           342      G     -1.876543E-05  -1.109736E-04  -2.907310E-04   3.981948E-02  -3.356486E-02  -1.272353E-02
           343      G     -5.135989E-05  -1.844525E-04   5.476536E-04   7.238493E-02  -1.861225E-02  -4.007324E-04
1                                                       **STUDENT EDITION*    APRIL  18, 2026  MSC Nastran  3/ 3/26   PAGE    65
     DEFAULT                                                                                                                        
0                                                                                                            SUBCASE 1              
      EIGENVALUE =  4.448153E+06
          CYCLES =  3.356680E+02         R E A L   E I G E N V E C T O R   N O .          6
 
      POINT ID.   TYPE          T1             T2             T3             R1             R2             R3
           344      G     -7.265732E-05  -1.070670E-04  -9.980527E-04   9.550726E-04  -4.688287E-03  -1.136641E-03
           400      G      3.064297E-05   1.681685E-03   3.750354E-04   2.804015E-01  -1.546806E-01  -1.883066E-02
           401      G      2.805005E-04   4.156929E-04  -5.823185E-03   1.117291E-02   4.183327E-02   3.311626E-02
           402      G      1.656197E-06   2.323534E-03   6.607650E-04   3.495066E-01  -5.028380E-04  -1.972232E-04
           403      G      2.844106E-05   4.866830E-04   5.712608E-04  -2.287383E-03  -1.397620E-01  -2.146560E-02
           404      G      2.709254E-04   3.418875E-04  -1.894540E-03   1.075849E-01   6.256578E-02  -9.152542E-04
           405      G      8.239780E-04   3.365542E-04  -1.993066E-03   8.413674E-02  -1.135166E-01  -4.070170E-02
           406      G      9.650629E-04  -4.859160E-07  -2.581411E-03   1.635776E-06  -9.162385E-02   6.377512E-04
           407      G     -2.696422E-05   1.683619E-03   3.655287E-04   2.807429E-01   1.549275E-01   1.920600E-02
           408      G     -2.771443E-04   4.168713E-04  -5.838485E-03   1.137334E-02  -4.188963E-02  -3.339098E-02
           409      G     -2.869404E-05   4.902185E-04   5.721934E-04  -1.642844E-03   1.397402E-01   2.196720E-02
           410      G     -2.733475E-04   3.436978E-04  -1.899420E-03   1.079623E-01  -6.237408E-02   2.113300E-04
           411      G     -8.245999E-04   3.379572E-04  -2.001148E-03   8.410606E-02   1.136836E-01   4.112619E-02
           412      G     -9.658042E-04  -1.393369E-07  -2.587061E-03  -1.939908E-05   9.179220E-02  -3.752498E-05
           413      G      3.278102E-05  -1.687083E-03   3.663492E-04  -2.809342E-01  -1.549835E-01   1.926685E-02
           414      G      2.820464E-04  -4.214923E-04  -5.837433E-03  -1.169212E-02   4.187163E-02  -3.342843E-02
           415      G     -1.311974E-07  -2.329255E-03   6.562620E-04  -3.499852E-01   1.188770E-05   1.305122E-05
           416      G      3.506639E-05  -4.873479E-04   5.725215E-04   1.627811E-03  -1.398355E-01   2.209749E-02
           417      G      2.795838E-04  -3.442482E-04  -1.898296E-03  -1.080997E-01   6.232598E-02   3.242395E-04
           418      G      8.260634E-04  -3.356600E-04  -2.000256E-03  -8.401266E-02  -1.137662E-01   4.130295E-02
           419      G     -3.281493E-05  -1.687125E-03   3.667965E-04  -2.809228E-01   1.550114E-01  -1.923484E-02
           420      G     -2.822421E-04  -4.216148E-04  -5.837301E-03  -1.170752E-02  -4.184879E-02   3.345022E-02
           421      G     -3.461456E-05  -4.902392E-04   5.737930E-04   1.473358E-03   1.399514E-01  -2.205339E-02
           422      G     -2.793912E-04  -3.454681E-04  -1.897815E-03  -1.082575E-01  -6.236151E-02  -2.848646E-04
           423      G     -8.268179E-04  -3.382278E-04  -2.000924E-03  -8.409317E-02   1.139081E-01  -4.121995E-02
           424      G      2.710191E-04   2.981210E-04   1.778094E-03  -2.928338E-01   8.998658E-02   9.145440E-03
           425      G      2.339353E-04  -2.449787E-06   9.190360E-03  -1.961837E-04  -1.619512E-02   5.601950E-05
           426      G      3.279535E-05   7.654328E-04   3.106321E-03  -3.522636E-01   4.840130E-02  -2.835404E-03
           427      G      5.721511E-05  -3.106322E-06   1.282090E-02  -2.254985E-04   1.948243E-01   3.297354E-06
           428      G      5.535227E-08   4.618166E-04   6.450417E-03  -4.932620E-01  -3.211807E-04   2.481388E-05
           429      G     -2.955075E-07  -3.007535E-06   1.879510E-02  -2.371520E-04   5.526271E-05  -8.569527E-06
           430      G      3.747922E-04   3.477357E-04  -2.138755E-03  -1.136303E-01   2.000466E-02   1.919356E-03
           431      G      5.411133E-04  -1.423697E-06   2.081333E-03   1.726589E-04   2.216030E-01  -1.117232E-04
           432      G     -2.716372E-04   2.996990E-04   1.754390E-03  -2.924630E-01  -8.987600E-02  -9.309907E-03
           433      G     -2.346931E-04  -1.913032E-06   9.159004E-03  -1.027172E-04   1.634572E-02  -2.362820E-05
           434      G     -3.286778E-05   7.660293E-04   3.088406E-03  -3.523139E-01  -4.879992E-02   2.798287E-03
           435      G     -5.768933E-05  -2.635244E-06   1.280431E-02  -1.781241E-04  -1.954746E-01  -1.880680E-05
           436      G     -3.744237E-04   3.496637E-04  -2.156595E-03  -1.132846E-01  -1.968232E-02  -1.910296E-03
           437      G     -5.422500E-04  -1.042561E-06   2.061988E-03  -4.192771E-05  -2.209984E-01  -3.007729E-05
           438      G      2.725337E-04  -3.033334E-04   1.771329E-03   2.929951E-01   9.000097E-02  -9.236553E-03
           439      G      3.302582E-05  -7.715414E-04   3.098833E-03   3.525482E-01   4.843685E-02   2.852274E-03
           440      G     -3.730265E-07  -4.678677E-04   6.447979E-03   4.932495E-01  -7.765737E-05   5.892139E-07
           441      G      3.757270E-04  -3.511496E-04  -2.149302E-03   1.134907E-01   2.009637E-02  -1.814225E-03
           442      G     -2.733269E-04  -3.033497E-04   1.755527E-03   2.923634E-01  -8.992472E-02   9.231366E-03
           443      G     -3.380204E-05  -7.713602E-04   3.089510E-03   3.522259E-01  -4.871716E-02  -2.850498E-03
           444      G     -3.765289E-04  -3.515916E-04  -2.157512E-03   1.132874E-01  -1.973981E-02   1.844809E-03
           445      G     -4.680911E-03  -3.982423E-03   1.600595E-03   7.882165E-01  -1.277087E-01  -8.890213E-05
           446      G     -4.067199E-03  -7.385632E-03  -1.138318E-03   8.492210E+00   6.970926E-01  -2.072348E-01
           447      G     -3.237762E-03  -1.629797E-03  -9.609389E-03   1.454686E+01   9.552833E-01  -3.891738E-01
           448      G     -2.154908E-03   2.385903E-03  -3.154527E-03   2.516260E+01   3.487918E-01  -4.594943E-01
1                                                       **STUDENT EDITION*    APRIL  18, 2026  MSC Nastran  3/ 3/26   PAGE    66
     DEFAULT                                                                                                                        
0                                                                                                            SUBCASE 1              
      EIGENVALUE =  4.448153E+06
          CYCLES =  3.356680E+02         R E A L   E I G E N V E C T O R   N O .          6
 
      POINT ID.   TYPE          T1             T2             T3             R1             R2             R3
           449      G     -7.825107E-07   1.787900E-02  -1.692469E-02   2.475675E+01  -1.913375E-04  -1.869040E-04
           450      G      1.948300E-03  -2.474143E-03  -5.111335E-03  -4.503886E-01  -6.912627E+00   3.041803E-01
           451      G      1.952346E-02  -3.594932E-07  -8.551184E-03   1.234896E-04  -1.198589E+01   1.301680E-04
           452      G      4.683517E-03  -3.983844E-03   1.600962E-03   7.882692E-01   1.278665E-01   5.812790E-06
           453      G      4.070644E-03  -7.386232E-03  -1.143638E-03   8.492394E+00  -6.968496E-01   2.074782E-01
           454      G      3.239614E-03  -1.630398E-03  -9.620305E-03   1.454723E+01  -9.551973E-01   3.892097E-01
           455      G      2.155141E-03   2.385527E-03  -3.163915E-03   2.516282E+01  -3.490095E-01   4.594656E-01
           456      G     -1.946591E-03  -2.474470E-03  -5.118542E-03  -4.502684E-01   6.912643E+00  -3.041392E-01
           457      G     -1.952213E-02   2.359275E-07  -8.557101E-03   1.854478E-06   1.198601E+01  -2.255141E-05
           458      G     -4.680204E-03   3.984647E-03   1.601471E-03  -7.882136E-01  -1.278736E-01  -2.579481E-05
           459      G     -4.067550E-03   7.386321E-03  -1.142922E-03  -8.492446E+00   6.968941E-01   2.074185E-01
           460      G     -3.237312E-03   1.630262E-03  -9.619462E-03  -1.454743E+01   9.551834E-01   3.891346E-01
           461      G     -2.154331E-03  -2.385683E-03  -3.165274E-03  -2.516320E+01   3.488809E-01   4.594985E-01
           462      G      2.521789E-07  -1.787897E-02  -1.693115E-02  -2.475740E+01   5.333965E-06   3.996875E-06
           463      G      1.948236E-03   2.474552E-03  -5.116733E-03   4.503254E-01  -6.912485E+00  -3.040456E-01
           464      G      4.680929E-03   3.984745E-03   1.602906E-03  -7.882638E-01   1.278856E-01  -4.869700E-06
           465      G      4.068190E-03   7.386428E-03  -1.142144E-03  -8.492468E+00  -6.968693E-01  -2.074236E-01
           466      G      3.237863E-03   1.630228E-03  -9.619052E-03  -1.454745E+01  -9.551763E-01  -3.891306E-01
           467      G      2.154854E-03  -2.385742E-03  -3.165040E-03  -2.516321E+01  -3.488721E-01  -4.594939E-01
           468      G     -1.947273E-03   2.475118E-03  -5.118122E-03   4.502346E-01   6.912661E+00   3.041000E-01
           469      G     -4.433808E-03  -3.930677E-03  -1.240933E-02  -5.568211E-01  -4.762647E+00   4.230625E-01
           470      G     -7.566828E-03  -9.436788E-03  -7.100737E-01   3.707915E+01  -2.878099E+01   1.920995E-01
           471      G     -8.645725E-03  -1.134614E-02  -1.780969E+00   1.036969E+02  -3.346310E+01   9.805630E-02
           472      G     -6.694303E-03  -9.208750E-03  -2.604293E+00   1.514548E+02  -1.994595E+01   1.233682E-01
           473      G      5.220903E-07  -1.281327E-02  -2.873327E+00   1.662018E+02  -2.234777E-04   6.782716E-05
           474      G     -8.337612E-03  -9.599751E-03  -1.753224E+00   4.212783E+01  -8.233036E+01   3.781308E-01
           475      G     -1.038008E-02  -1.183988E-02  -4.581885E+00   1.137176E+02  -9.068568E+01   2.514377E-01
           476      G     -6.449415E-03  -1.380195E-02  -6.745118E+00   1.720818E+02  -5.382168E+01   1.857259E-01
           477      G      7.255132E-07  -1.805847E-02  -7.493620E+00   1.954234E+02  -2.705139E-04  -2.395313E-06
           478      G      7.185560E-03  -2.273651E-03  -2.181696E-02  -2.724200E-01  -1.499587E+01   5.844552E-01
           479      G     -6.044373E-03  -6.519021E-03  -2.581509E+00   2.648032E+01  -1.191629E+02   1.079743E-01
           480      G     -1.172138E-02  -6.772850E-03  -6.729513E+00   6.921253E+01  -1.364169E+02   6.923703E-02
           481      G     -7.982821E-03  -9.156725E-03  -1.003006E+01   1.081161E+02  -8.680124E+01   2.698914E-01
           482      G     -1.159546E-02   2.641781E-07  -2.870641E+00   1.134501E-04  -1.355500E+02  -2.912463E-05
           483      G     -1.468323E-02   1.543391E-07  -7.514586E+00   2.425161E-04  -1.502715E+02   4.930657E-06
           484      G     -7.203987E-03   2.415567E-08  -1.127335E+01   2.732814E-04  -1.056880E+02   9.776361E-07
           485      G      7.621604E-07  -1.171250E-02  -1.127290E+01   1.271653E+02  -2.163750E-04   3.336476E-06
           486      G      7.038963E-07  -1.345177E-07  -1.275969E+01   2.328696E-04  -1.667464E-04  -4.823556E-07
           487      G      4.436042E-03  -3.931415E-03  -1.241246E-02  -5.566046E-01   4.762763E+00  -4.230382E-01
           488      G      7.568860E-03  -9.437460E-03  -7.100838E-01   3.707939E+01   2.878128E+01  -1.921592E-01
           489      G      8.647394E-03  -1.134692E-02  -1.780986E+00   1.036971E+02   3.346321E+01  -9.806012E-02
           490      G      6.695374E-03  -9.209390E-03  -2.604306E+00   1.514550E+02   1.994553E+01  -1.233471E-01
           491      G      8.339369E-03  -9.600302E-03  -1.753237E+00   4.212794E+01   8.233065E+01  -3.781389E-01
           492      G      1.038168E-02  -1.184052E-02  -4.581905E+00   1.137176E+02   9.068567E+01  -2.514377E-01
           493      G      6.450936E-03  -1.380242E-02  -6.745133E+00   1.720818E+02   5.382133E+01  -1.857137E-01
           494      G     -7.184101E-03  -2.273730E-03  -2.182482E-02  -2.724761E-01   1.499595E+01  -5.844860E-01
           495      G      6.045958E-03  -6.519327E-03  -2.581523E+00   2.648023E+01   1.191631E+02  -1.079761E-01
           496      G      1.172293E-02  -6.773329E-03  -6.729530E+00   6.921240E+01   1.364168E+02  -6.924070E-02
           497      G      7.984341E-03  -9.157060E-03  -1.003008E+01   1.081160E+02   8.680091E+01  -2.698903E-01
           498      G      1.159684E-02   5.306720E-08  -2.870653E+00   4.941640E-06   1.355501E+02  -4.278795E-06
1                                                       **STUDENT EDITION*    APRIL  18, 2026  MSC Nastran  3/ 3/26   PAGE    67
     DEFAULT                                                                                                                        
0                                                                                                            SUBCASE 1              
      EIGENVALUE =  4.448153E+06
          CYCLES =  3.356680E+02         R E A L   E I G E N V E C T O R   N O .          6
 
      POINT ID.   TYPE          T1             T2             T3             R1             R2             R3
           499      G      1.468463E-02  -1.496519E-07  -7.514600E+00   4.163106E-05   1.502714E+02  -4.773601E-06
           500      G      7.205387E-03  -2.094694E-07  -1.127336E+01   1.313315E-04   1.056877E+02  -1.696456E-06
           501      G     -4.433760E-03   3.931928E-03  -1.241134E-02   5.566062E-01  -4.762696E+00  -4.230119E-01
           502      G     -7.566852E-03   9.437482E-03  -7.100823E-01  -3.707927E+01  -2.878130E+01  -1.921223E-01
           503      G     -8.645733E-03   1.134661E-02  -1.780986E+00  -1.036970E+02  -3.346333E+01  -9.803579E-02
           504      G     -6.694162E-03   9.208971E-03  -2.604313E+00  -1.514550E+02  -1.994582E+01  -1.233580E-01
           505      G      3.905916E-07   1.281311E-02  -2.873342E+00  -1.662019E+02  -1.044535E-05  -5.555318E-06
           506      G     -8.337774E-03   9.600371E-03  -1.753233E+00  -4.212781E+01  -8.233064E+01  -3.781391E-01
           507      G     -1.038020E-02   1.184026E-02  -4.581902E+00  -1.137174E+02  -9.068584E+01  -2.514321E-01
           508      G     -6.449557E-03   1.380207E-02  -6.745137E+00  -1.720816E+02  -5.382164E+01  -1.857162E-01
           509      G      5.159856E-07   1.805822E-02  -7.493635E+00  -1.954233E+02  -5.101239E-05  -3.105844E-06
           510      G      7.185565E-03   2.274021E-03  -2.182130E-02   2.725839E-01  -1.499581E+01  -5.845047E-01
           511      G     -6.044543E-03   6.519383E-03  -2.581515E+00  -2.648001E+01  -1.191630E+02  -1.079626E-01
           512      G     -1.172149E-02   6.773224E-03  -6.729523E+00  -6.921214E+01  -1.364169E+02  -6.923777E-02
           513      G     -7.982931E-03   9.156777E-03  -1.003008E+01  -1.081156E+02  -8.680122E+01  -2.698883E-01
           514      G      6.201201E-07   1.171224E-02  -1.127291E+01  -1.271650E+02  -1.026376E-04  -1.473103E-06
           515      G      4.434583E-03   3.932206E-03  -1.241107E-02   5.565586E-01   4.762783E+00   4.230046E-01
           516      G      7.567601E-03   9.437594E-03  -7.100837E-01  -3.707942E+01   2.878131E+01   1.921165E-01
           517      G      8.646515E-03   1.134657E-02  -1.780988E+00  -1.036972E+02   3.346332E+01   9.802758E-02
           518      G      6.694940E-03   9.208915E-03  -2.604314E+00  -1.514551E+02   1.994580E+01   1.233516E-01
           519      G      8.338739E-03   9.600400E-03  -1.753238E+00  -4.212796E+01   8.233069E+01   3.781213E-01
           520      G      1.038118E-02   1.184017E-02  -4.581908E+00  -1.137176E+02   9.068581E+01   2.514267E-01
           521      G      6.450578E-03   1.380197E-02  -6.745141E+00  -1.720818E+02   5.382155E+01   1.857110E-01
           522      G     -7.184401E-03   2.274345E-03  -2.182480E-02   2.724676E-01   1.499596E+01   5.844724E-01
           523      G      6.045699E-03   6.519405E-03  -2.581523E+00  -2.648022E+01   1.191631E+02   1.079592E-01
           524      G      1.172270E-02   6.773020E-03  -6.729533E+00  -6.921234E+01   1.364169E+02   6.922959E-02
           525      G      7.984159E-03   9.156630E-03  -1.003008E+01  -1.081158E+02   8.680105E+01   2.698850E-01
          1000      G     -5.556611E-07   1.985881E-05  -5.184791E-04  -7.521727E-03   1.364472E-05  -3.274472E-04
          1001      G      5.231275E-06  -1.258968E-05  -9.880770E-05   6.795292E-05   4.893030E-05  -1.042960E-02
          1002      G      1.003244E-05   1.766780E-05  -1.000359E-04   8.170048E-05   5.327558E-05  -8.044310E-03
          1003      G     -5.134044E-07  -3.722287E-06   1.143541E-03  -6.584755E-02  -9.229908E-06   2.119153E-06
          1004      G      7.449788E-06   2.331960E-06   1.014373E-03  -4.533873E-02   1.838956E-02   4.711583E-05
          1005      G      1.384904E-05  -3.981331E-06   3.531010E-04  -2.362229E-02   2.778494E-02   2.058378E-04
          1006      G     -3.892988E-07  -5.875615E-08   2.715668E-03  -3.269074E-06  -1.773043E-05   2.591277E-06
          1007      G      1.333147E-05   3.691090E-08   2.072775E-03   5.204594E-06   5.658081E-02   2.209994E-06
          1008      G      3.103398E-05  -2.699538E-09   1.052240E-03   6.800996E-06   4.801873E-03   2.870668E-06
          1009      G      1.091403E-05  -1.682961E-05  -4.939180E-05   1.603376E-05   3.269445E-05  -1.204864E-02
          1010      G      2.433808E-05   4.353054E-05  -5.031823E-05   2.780014E-05   2.369840E-05  -4.083300E-03
          1011      G      2.593625E-05   1.047707E-05  -5.218723E-04   8.351844E-03   3.687546E-02   1.740218E-04
          1012      G      2.957736E-05   2.152767E-06  -1.203196E-03   3.763730E-02   4.498286E-03  -4.209848E-02
          1013      G      2.969979E-05   1.257350E-07  -3.739357E-04  -1.441267E-05   8.869497E-02   5.929709E-06
          1014      G      3.387791E-05   2.381793E-07  -1.720720E-03  -7.028776E-05   5.347729E-03   1.998138E-04
          1015      G     -6.371329E-06  -1.250730E-05  -9.831062E-05   6.774190E-05  -4.744662E-05   9.609220E-03
          1016      G     -1.116449E-05   1.727612E-05  -9.949903E-05   8.136363E-05  -5.179964E-05   7.227931E-03
          1017      G     -8.443333E-06   2.214360E-06   1.013711E-03  -4.531956E-02  -1.842411E-02  -4.137269E-05
          1018      G     -1.485300E-05  -4.365874E-06   3.516280E-04  -2.359970E-02  -2.780987E-02  -2.030330E-04
          1019      G     -1.412149E-05  -7.905968E-08   2.072216E-03   1.249196E-06  -5.658686E-02   1.982000E-06
          1020      G     -3.189599E-05  -1.704731E-07   1.051139E-03   6.061822E-06  -4.840347E-03   1.799680E-06
          1021      G     -1.190982E-05  -1.806821E-05  -4.939440E-05   1.348856E-05  -3.445951E-05   1.216494E-02
          1022      G     -2.578892E-05   4.419439E-05  -5.036591E-05   2.581977E-05  -2.508418E-05   3.926054E-03
1                                                       **STUDENT EDITION*    APRIL  18, 2026  MSC Nastran  3/ 3/26   PAGE    68
     DEFAULT                                                                                                                        
0                                                                                                            SUBCASE 1              
      EIGENVALUE =  4.448153E+06
          CYCLES =  3.356680E+02         R E A L   E I G E N V E C T O R   N O .          6
 
      POINT ID.   TYPE          T1             T2             T3             R1             R2             R3
          1023      G     -2.723714E-05   1.023810E-05  -5.238373E-04   8.326663E-03  -3.687508E-02  -1.713559E-04
          1024      G     -3.087375E-05   1.596678E-06  -1.205906E-03   3.756203E-02  -4.575868E-03   4.150768E-02
          1025      G     -3.053005E-05  -1.907924E-07  -3.746566E-04   1.457522E-05  -8.863267E-02   1.549107E-06
          1026      G     -3.472004E-05  -2.696991E-07  -1.720925E-03  -1.016721E-05  -5.389235E-03  -9.564356E-05
          1027      G     -1.951728E-07  -1.993520E-05  -5.187708E-04   7.529444E-03   3.527821E-07   6.091138E-05
          1028      G      5.672995E-06   1.271101E-05  -9.846992E-05  -6.784582E-05   4.919633E-05   1.031252E-02
          1029      G      1.053314E-05  -1.768838E-05  -9.970541E-05  -8.167692E-05   5.355025E-05   7.897850E-03
          1030      G     -2.628325E-07   3.741037E-06   1.142920E-03   6.586471E-02  -4.038530E-06   1.796023E-06
          1031      G      7.730326E-06  -2.358265E-06   1.013638E-03   4.534133E-02   1.840231E-02  -4.205945E-05
          1032      G      1.418415E-05   4.251450E-06   3.519767E-04   2.363260E-02   2.780211E-02  -2.021214E-04
          1033      G      1.138248E-05   1.791918E-05  -4.935598E-05  -1.458761E-05   3.550719E-05   1.256623E-02
          1034      G      2.534603E-05  -4.439295E-05  -5.035506E-05  -2.694109E-05   2.611281E-05   4.282117E-03
          1035      G      2.653699E-05  -1.043454E-05  -5.230856E-04  -8.298213E-03   3.685498E-02  -1.686820E-04
          1036      G      3.016806E-05  -1.625901E-06  -1.204245E-03  -3.749573E-02   4.517825E-03   4.171860E-02
          1037      G     -6.034775E-06   1.280489E-05  -9.845221E-05  -6.770576E-05  -4.929133E-05  -1.022745E-02
          1038      G     -1.084167E-05  -1.798259E-05  -9.969048E-05  -8.165033E-05  -5.364628E-05  -7.839342E-03
          1039      G     -8.287573E-06  -2.423244E-06   1.013200E-03   4.532983E-02  -1.842781E-02   4.553939E-05
          1040      G     -1.472777E-05   4.159568E-06   3.510798E-04   2.360650E-02  -2.781007E-02   2.080582E-04
          1041      G     -1.157640E-05   1.797347E-05  -4.939846E-05  -1.324683E-05  -3.558760E-05  -1.261232E-02
          1042      G     -2.713845E-05  -1.076808E-05  -5.243360E-04  -8.331597E-03  -3.687549E-02   1.756450E-04
          1043      G     -3.078028E-05  -2.036401E-06  -1.205778E-03  -3.753768E-02  -4.525230E-03  -4.157069E-02
          1044      G     -2.561897E-05  -4.506012E-05  -5.039837E-05  -2.576018E-05  -2.609597E-05  -4.276684E-03
          2000      G     -5.814216E-07  -8.384244E-06  -7.923279E-04   3.747116E-03   3.127695E-06  -8.550753E-04
          2001      G      3.839969E-06  -1.519589E-05  -9.903542E-05   7.046544E-05   4.664876E-05  -1.197256E-02
          2002      G      9.937264E-06   1.541465E-05  -1.000110E-04   8.017387E-05   5.315163E-05  -8.945197E-03
          2003      G     -4.895639E-07  -9.215641E-06   1.033780E-03  -8.483031E-02   1.020190E-03   6.807438E-06
          2004      G      1.068119E-05  -3.876954E-06   1.107037E-03  -5.301849E-02   1.360688E-02   1.086264E-04
          2005      G      1.583766E-05  -4.721279E-06   4.323959E-04  -3.085079E-02   3.248820E-02   2.785535E-04
          2006      G      3.201120E-07  -1.346829E-07   2.968163E-03   4.758700E-06   2.467819E-04   2.612509E-06
          2007      G      1.471674E-05  -6.722340E-08   2.329730E-03   1.962908E-05   6.127889E-02   2.145420E-06
          2008      G      3.361623E-05  -1.770410E-07   1.219227E-03   6.535369E-05   8.152619E-03   3.213675E-06
          2009      G      1.252198E-05  -1.785452E-05  -4.938390E-05   1.647223E-05   3.256545E-05  -1.172332E-02
          2010      G      2.606523E-05   4.242329E-05  -5.039914E-05   2.895703E-05   2.412083E-05  -3.774313E-03
          2011      G      2.760619E-05   1.019796E-05  -5.182955E-04   1.052462E-03   3.855428E-02   1.487887E-04
          2012      G      3.148460E-05  -8.534908E-07  -1.253076E-03   2.816050E-02   6.588850E-03  -8.302734E-02
          2013      G      3.075363E-05  -1.290459E-07  -3.260296E-04   4.071015E-04   9.425097E-02   9.072606E-06
          2014      G      3.324609E-05  -1.510477E-09  -1.783297E-03   1.203106E-03   8.560632E-03  -4.467729E-03
          2015      G     -5.158494E-06  -1.510573E-05  -9.852743E-05   6.994729E-05  -4.525599E-05   1.103984E-02
          2016      G     -1.129994E-05   1.502056E-05  -9.946314E-05   7.984124E-05  -5.168513E-05   7.990292E-03
          2017      G     -1.154034E-05  -4.015032E-06   1.163950E-03  -5.529161E-02  -1.168812E-02  -9.655203E-05
          2018      G     -1.695793E-05  -5.095489E-06   5.249299E-04  -3.519033E-02  -3.229353E-02  -2.700155E-04
          2019      G     -1.463426E-05  -1.316413E-07   2.428015E-03   7.701720E-06  -5.559504E-02   1.917918E-06
          2020      G     -3.365496E-05  -2.119374E-07   1.402131E-03   1.374326E-05  -7.893692E-03   1.659104E-06
          2021      G     -1.382774E-05  -1.917469E-05  -4.938108E-05   1.388771E-05  -3.410120E-05   1.170528E-02
          2022      G     -2.735764E-05   4.337849E-05  -5.046040E-05   2.704024E-05  -2.544088E-05   3.724513E-03
          2023      G     -2.935999E-05   1.001353E-05  -4.685791E-04  -1.379886E-03  -4.143241E-02  -1.433359E-04
          2024      G     -3.417900E-05  -1.228436E-06  -1.256039E-03   2.791906E-02  -6.934901E-03   7.783386E-02
          2025      G     -3.116902E-05  -2.279192E-07  -2.304736E-04   3.074797E-05  -1.003235E-01   1.126016E-06
          2026      G     -3.347881E-05  -2.908776E-07  -1.784056E-03   1.229505E-05  -8.548884E-03  -1.338822E-06
          2027      G     -1.555310E-07   8.191190E-06  -7.930175E-04  -3.745817E-03  -2.116546E-05  -7.797893E-05
1                                                       **STUDENT EDITION*    APRIL  18, 2026  MSC Nastran  3/ 3/26   PAGE    69
     DEFAULT                                                                                                                        
0                                                                                                            SUBCASE 1              
      EIGENVALUE =  4.448153E+06
          CYCLES =  3.356680E+02         R E A L   E I G E N V E C T O R   N O .          6
 
      POINT ID.   TYPE          T1             T2             T3             R1             R2             R3
          2028      G      4.450639E-06   1.530563E-05  -9.869698E-05  -7.030297E-05   4.691337E-05   1.177540E-02
          2029      G      1.068647E-05  -1.544476E-05  -9.967947E-05  -8.010028E-05   5.343144E-05   8.678978E-03
          2030      G     -1.551362E-07   9.121150E-06   1.038672E-03   8.504477E-02   9.475778E-04  -3.242381E-06
          2031      G      1.110448E-05   3.685122E-06   1.114547E-03   5.332485E-02   1.350069E-02  -1.031558E-04
          2032      G      1.646817E-05   4.812059E-06   4.420909E-04   3.132511E-02   3.243838E-02  -2.738529E-04
          2033      G      1.318969E-05   1.896675E-05  -4.934820E-05  -1.504638E-05   3.536920E-05   1.218310E-02
          2034      G      2.687627E-05  -4.363624E-05  -5.043663E-05  -2.802817E-05   2.660050E-05   4.121861E-03
          2035      G      2.883511E-05  -1.037734E-05  -5.112027E-04  -5.841791E-04   3.879902E-02  -1.440343E-04
          2036      G      3.336570E-05   1.013837E-06  -1.254380E-03  -2.800634E-02   6.940978E-03   8.014861E-02
          2037      G     -4.795494E-06   1.540332E-05  -9.866912E-05  -6.989189E-05  -4.709603E-05  -1.170041E-02
          2038      G     -1.096943E-05  -1.572889E-05  -9.965434E-05  -8.009601E-05  -5.353291E-05  -8.634693E-03
          2039      G     -1.134150E-05   3.720696E-06   1.167327E-03   5.541115E-02  -1.174982E-02   1.002973E-04
          2040      G     -1.683174E-05   4.838191E-06   5.268290E-04   3.525711E-02  -3.234255E-02   2.747168E-04
          2041      G     -1.348609E-05   1.905592E-05  -4.938510E-05  -1.365142E-05  -3.522651E-05  -1.217353E-02
          2042      G     -2.715740E-05  -4.431509E-05  -5.049308E-05  -2.697772E-05  -2.645897E-05  -4.107908E-03
          2043      G     -2.929919E-05  -1.058992E-05  -4.679327E-04   1.394428E-03  -4.148465E-02   1.477415E-04
          2044      G     -3.416956E-05   7.308604E-07  -1.255725E-03  -2.790687E-02  -6.901541E-03  -7.780755E-02
          3000      G     -1.538824E-06  -2.952134E-04  -1.448490E-03   7.716129E-02   3.888327E-03  -2.314551E-02
          3001      G      1.178509E-05  -2.332871E-04  -1.494816E-03   4.797213E-02  -1.081182E-02   2.622139E-02
          3002      G      3.131006E-05  -2.161856E-04  -8.924862E-04   5.955107E-02  -1.642661E-02  -1.168938E-01
          3003      G     -7.161964E-06  -1.460426E-04   3.764624E-04  -1.449294E-01   1.857234E-04  -9.158976E-05
          3004      G      5.275232E-05  -1.477808E-04   6.248864E-05  -1.063843E-01   1.615991E-02   7.825505E-04
          3005      G      1.034963E-04  -9.874649E-05  -5.380171E-04  -6.748508E-02   2.977069E-02   1.763263E-03
          3006      G     -7.337584E-06  -1.319455E-05   4.124718E-03   1.484212E-04  -3.501321E-04  -4.358352E-05
          3007      G      6.729265E-05  -1.559071E-05   2.904562E-03   2.116294E-03   8.396524E-02  -3.746246E-05
          3008      G      1.368256E-04  -1.661059E-05   1.392016E-03   5.656410E-04   1.858518E-02  -1.914547E-05
          3009      G      5.032870E-05  -7.039550E-05  -4.954890E-04   3.721214E-02  -7.620338E-03  -5.026854E-02
          3010      G      1.028702E-04   1.240599E-04  -1.711486E-04   2.176192E-02  -1.073141E-02  -8.970574E-02
          3011      G      1.517019E-04  -3.012098E-05  -1.033137E-03  -1.513168E-02   8.096083E-03   1.612097E-03
          3012      G      1.506410E-04   4.245240E-06  -1.371393E-03   2.797428E-02   1.686513E-02  -6.740077E-03
          3013      G      1.516015E-04  -1.741471E-05  -3.673035E-04   2.092744E-03   1.015324E-01   2.112797E-05
          3014      G      1.649106E-04  -1.623171E-05  -1.991644E-03   3.288628E-03   2.275828E-02  -4.564415E-03
          3015      G     -1.792908E-05  -2.161553E-04  -1.504929E-03   4.684137E-02   9.064705E-03  -3.789228E-02
          3016      G     -4.127105E-05  -2.124361E-04  -9.020712E-04   6.180144E-02   1.536233E-02   1.288427E-01
          3017      G     -6.483182E-05  -1.417897E-04   2.599009E-05  -1.046891E-01  -1.673976E-02  -9.350982E-04
          3018      G     -1.150688E-04  -8.805935E-05  -5.822292E-04  -6.842598E-02  -3.038477E-02  -1.837963E-03
          3019      G     -8.200958E-05  -1.153850E-05   2.868042E-03   2.987825E-04  -8.458300E-02  -6.058169E-05
          3020      G     -1.505242E-04  -8.660048E-06   1.346721E-03   4.727784E-04  -1.920399E-02  -6.359142E-05
          3021      G     -6.249772E-05  -5.771836E-05  -4.943160E-04   3.601228E-02   6.998665E-03   5.088131E-02
          3022      G     -1.177302E-04   1.429270E-04  -1.778845E-04   1.986347E-02   1.448496E-02   8.239254E-02
          3023      G     -1.651358E-04  -1.867354E-05  -1.038218E-03  -1.439858E-02  -5.885151E-03  -1.632954E-03
          3024      G     -1.637249E-04   1.672098E-05  -1.373435E-03   2.854709E-02  -1.788778E-02   5.904020E-03
          3025      G     -1.643621E-04  -7.157147E-06  -3.861622E-04   3.605419E-04  -9.978533E-02  -5.527962E-05
          3026      G     -1.774221E-04  -5.405774E-06  -1.992645E-03   6.501775E-05  -2.336272E-02  -2.199154E-03
          3027      G     -9.220130E-06   2.749354E-04  -1.447723E-03  -7.749495E-02  -2.964480E-05   4.049916E-03
          3028      G      7.888318E-06   1.916096E-04  -1.499767E-03  -4.521091E-02  -1.037559E-02  -3.000568E-02
          3029      G      3.201120E-05   1.908945E-04  -8.943014E-04  -6.030367E-02  -1.530171E-02   1.394177E-01
          3030      G     -8.098312E-06   1.178647E-04   3.780360E-04   1.459084E-01   2.838893E-04  -4.275283E-05
          3031      G      5.184287E-05   1.176436E-04   5.120778E-05   1.043906E-01   1.589301E-02  -8.659304E-04
          3032      G      1.031912E-04   6.421207E-05  -5.419360E-04   6.915550E-02   2.986574E-02  -1.789274E-03
1                                                       **STUDENT EDITION*    APRIL  18, 2026  MSC Nastran  3/ 3/26   PAGE    70
     DEFAULT                                                                                                                        
0                                                                                                            SUBCASE 1              
      EIGENVALUE =  4.448153E+06
          CYCLES =  3.356680E+02         R E A L   E I G E N V E C T O R   N O .          6
 
      POINT ID.   TYPE          T1             T2             T3             R1             R2             R3
          3033      G      5.339424E-05   3.694949E-05  -4.894053E-04  -3.476022E-02  -7.280727E-03   5.904656E-02
          3034      G      1.074926E-04  -1.624015E-04  -1.755907E-04  -1.952918E-02  -1.427311E-02   9.285978E-02
          3035      G      1.546117E-04  -3.205245E-06  -1.026757E-03   1.421116E-02   8.064054E-03  -1.578537E-03
          3036      G      1.551771E-04  -3.724305E-05  -1.379474E-03  -2.872464E-02   1.639330E-02   1.942012E-02
          3037      G     -2.609227E-05   1.948686E-04  -1.501028E-03  -4.553607E-02   1.031245E-02   3.810303E-02
          3038      G     -4.959796E-05   1.960014E-04  -8.965387E-04  -6.082474E-02   1.521521E-02  -1.314671E-01
          3039      G     -6.784620E-05   1.209784E-04   3.902955E-05   1.043842E-01  -1.706679E-02   7.867841E-04
          3040      G     -1.187231E-04   7.038424E-05  -5.771664E-04   6.792973E-02  -3.029489E-02   1.717632E-03
          3041      G     -7.054628E-05   4.426880E-05  -4.900593E-04  -3.507987E-02   7.129392E-03  -5.131771E-02
          3042      G     -1.249725E-04  -1.523715E-04  -1.749110E-04  -1.957735E-02   1.415758E-02  -8.492463E-02
          3043      G     -1.691175E-04   5.166816E-06  -1.035809E-03   1.395043E-02  -6.197930E-03   1.517543E-03
          3044      G     -1.682498E-04  -2.752943E-05  -1.373740E-03  -2.844502E-02  -1.771752E-02  -1.029335E-02
          4000      G      1.767237E-07  -4.202803E-04  -7.431781E-04   3.493398E-01  -5.027972E-04   1.452467E-03
          4001      G     -3.647412E-06   2.932330E-04  -5.861155E-03   1.128176E-02   4.183050E-02  -3.405973E-01
          4002      G     -6.022271E-05  -5.101486E-04  -7.506994E-04   2.802282E-01  -1.546777E-01   5.867482E-01
          4003      G      3.550552E-07   3.786013E-05   5.522682E-03  -5.349416E-01  -4.451598E-04   2.549051E-06
          4004      G     -2.770558E-05  -1.469655E-04   3.000243E-03  -3.628041E-01   4.964493E-02  -7.916674E-04
          4005      G     -5.797336E-05  -5.991194E-05   1.004055E-03  -3.013661E-01   1.712014E-01   4.508139E-04
          4006      G      1.649225E-07  -1.108280E-06   1.879610E-02  -2.371280E-04   5.523678E-05   7.105496E-07
          4007      G      1.666422E-05  -9.428063E-07   1.296885E-02  -1.410111E-04   3.178501E-01   2.184817E-06
          4008      G      9.186869E-05  -8.755812E-07   9.190463E-03  -1.961510E-04  -1.618136E-02   3.419348E-06
          4009      G     -1.289688E-04  -6.886917E-05  -2.197262E-03   1.076110E-01   6.255735E-02  -4.460180E-01
          4010      G     -2.357159E-04  -3.148144E-04   1.955781E-05  -2.332481E-03  -1.397282E-01   4.378597E-01
          4011      G     -3.118326E-05  -1.974228E-04  -2.912483E-03  -1.041470E-01   4.552822E-02   1.837815E-03
          4012      G     -7.014591E-05  -2.117636E-05  -2.446005E-03   8.415169E-02  -1.134474E-01  -1.145983E-01
          4013      G      1.104706E-04  -6.711756E-07   1.771575E-03   6.109647E-05   4.371688E-01   3.149854E-06
          4014      G      2.253705E-04  -6.339772E-07  -2.946613E-03   1.621810E-06  -9.164917E-02  -5.687119E-04
          4015      G      4.190147E-06   2.928330E-04  -5.877256E-03   1.148214E-02  -4.188685E-02   3.396917E-01
          4016      G      6.095930E-05  -5.108889E-04  -7.615781E-04   2.805695E-01   1.549246E-01  -5.895688E-01
          4017      G      2.834860E-05  -1.472453E-04   2.980303E-03  -3.628489E-01  -5.007905E-02   7.944413E-04
          4018      G      5.856019E-05  -6.027716E-05   9.792291E-04  -3.010388E-01  -1.711738E-01  -4.518280E-04
          4019      G     -1.622735E-05  -1.086568E-06   1.295131E-02  -1.203023E-04  -3.189973E-01  -1.318707E-06
          4020      G     -9.142011E-05  -1.092435E-06   9.159105E-03  -1.027024E-04   1.633196E-02  -2.948403E-06
          4021      G      1.297033E-04  -6.923685E-05  -2.204033E-03   1.079884E-01  -6.236564E-02   4.475363E-01
          4022      G      2.364710E-04  -3.152079E-04   1.800117E-05  -1.688036E-03   1.397064E-01  -4.377672E-01
          4023      G      3.180115E-05  -1.977813E-04  -2.931387E-03  -1.038568E-01  -4.509694E-02  -1.840838E-03
          4024      G      7.083555E-05  -2.137515E-05  -2.454760E-03   8.412099E-02   1.136144E-01   1.132544E-01
          4025      G     -1.099682E-04  -9.703938E-07   1.751195E-03  -4.604416E-05  -4.364796E-01  -4.737347E-06
          4026      G     -2.247901E-04  -8.394289E-07  -2.952940E-03  -1.940535E-05   9.181753E-02  -3.886512E-04
          4027      G      2.492482E-07   4.183581E-04  -7.495994E-04  -3.498183E-01   1.189264E-05  -1.556174E-04
          4028      G     -3.330212E-06  -2.949126E-04  -5.877476E-03  -1.180085E-02   4.186884E-02   3.416735E-01
          4029      G     -5.979647E-05   5.089521E-04  -7.615217E-04  -2.807608E-01  -1.549806E-01  -5.875305E-01
          4030      G      2.491497E-07  -3.992658E-05   5.516528E-03   5.353639E-01  -1.989136E-04   1.455128E-06
          4031      G     -2.770475E-05   1.451466E-04   2.987858E-03   3.633612E-01   4.971813E-02   7.982600E-04
          4032      G     -5.784621E-05   5.834215E-05   9.938336E-04   3.018504E-01   1.710994E-01  -4.433575E-04
          4033      G     -1.283342E-04   6.755074E-05  -2.203554E-03  -1.081258E-01   6.231750E-02   4.496587E-01
          4034      G     -2.350630E-04   3.139927E-04   1.788712E-05   1.672973E-03  -1.398017E-01  -4.357957E-01
          4035      G     -3.104654E-05   1.961144E-04  -2.923648E-03   1.042596E-01   4.558029E-02  -1.829515E-03
          4036      G     -7.003494E-05   2.006502E-05  -2.454196E-03  -8.402760E-02  -1.136970E-01   1.145069E-01
          4037      G      3.839398E-06  -2.949193E-04  -5.877407E-03  -1.181628E-02  -4.184599E-02  -3.419563E-01
1                                                       **STUDENT EDITION*    APRIL  18, 2026  MSC Nastran  3/ 3/26   PAGE    71
     DEFAULT                                                                                                                        
0                                                                                                            SUBCASE 1              
      EIGENVALUE =  4.448153E+06
          CYCLES =  3.356680E+02         R E A L   E I G E N V E C T O R   N O .          6
 
      POINT ID.   TYPE          T1             T2             T3             R1             R2             R3
          4038      G      6.028273E-05   5.088154E-04  -7.610302E-04  -2.807494E-01   1.550085E-01   5.873497E-01
          4039      G      2.815375E-05   1.450464E-04   2.977970E-03   3.629700E-01  -4.997090E-02  -7.960277E-04
          4040      G      5.826537E-05   5.815106E-05   9.785253E-04   3.010837E-01  -1.711631E-01   4.456442E-04
          4041      G      1.287778E-04   6.731549E-05  -2.203635E-03  -1.082836E-01  -6.235307E-02  -4.499649E-01
          4042      G      2.354089E-04   3.133851E-04   1.808124E-05   1.518517E-03   1.399176E-01   4.362721E-01
          4043      G      3.141840E-05   1.957977E-04  -2.933350E-03   1.039298E-01  -4.513883E-02   1.830483E-03
          4044      G      7.041045E-05   1.973622E-05  -2.455435E-03  -8.410810E-02   1.138390E-01  -1.137922E-01
1                                                       **STUDENT EDITION*    APRIL  18, 2026  MSC Nastran  3/ 3/26   PAGE    72
     DEFAULT                                                                                                                        
0                                                                                                            SUBCASE 1              
      EIGENVALUE =  6.235203E+06
          CYCLES =  3.974161E+02         R E A L   E I G E N V E C T O R   N O .          7
 
      POINT ID.   TYPE          T1             T2             T3             R1             R2             R3
             1      G      0.0            0.0            0.0            0.0            0.0            0.0
             2      G      0.0            0.0            0.0            0.0            0.0            0.0
             3      G      0.0            0.0            0.0            0.0            0.0            0.0
             4      G      0.0            0.0            0.0            0.0            0.0            0.0
             5      G      0.0            0.0            0.0            0.0            0.0            0.0
             6      G      0.0            0.0            0.0            0.0            0.0            0.0
             7      G      0.0            0.0            0.0            0.0            0.0            0.0
             8      G      0.0            0.0            0.0            0.0            0.0            0.0
            10      G      2.653356E-05  -1.855571E-04  -4.805282E-04  -2.560863E-04  -1.396606E-04   1.284267E-02
            11      G      2.582934E-05   1.862102E-04  -4.807147E-04   2.545814E-04  -1.423646E-04  -1.291264E-02
            12      G      7.883794E-06   1.097459E-06  -1.862646E-04  -1.674885E-04  -1.250671E-04  -3.863716E-03
            13      G      6.679320E-06  -1.141324E-06  -1.867040E-04   1.678253E-04  -1.294078E-04   3.754576E-03
            14      G      7.569507E-06  -9.931240E-07   1.865143E-04   1.666551E-04  -1.266236E-04  -3.829906E-03
            15      G      7.540417E-06   7.714419E-07   1.865732E-04  -1.669126E-04  -1.271972E-04   3.802496E-03
            16      G      2.549273E-05   1.833018E-04   4.804701E-04   2.622554E-04  -1.430932E-04   1.281273E-02
            17      G      2.662674E-05  -1.832834E-04   4.820344E-04  -2.716482E-04  -1.385333E-04  -1.260197E-02
           100      G     -5.367184E-04  -1.649427E-04   5.862866E-02  -1.872507E+00  -1.402672E-01  -1.299430E-02
           101      G     -8.335371E-04  -9.631481E-07   1.085482E-01  -8.910390E-05   1.133601E-01  -8.283867E-05
           102      G     -5.425510E-04   1.499644E-04   3.292678E-02  -1.008298E+00  -1.054009E+00   1.247272E-03
           103      G      5.147231E-04  -3.224025E-07   5.753754E-02  -6.383986E-06  -2.298095E+00  -3.132451E-06
           104      G     -3.115513E-04  -1.450909E-07  -2.122934E-06  -1.394387E-04  -7.074209E-01   7.212205E-03
           105      G      2.249003E-04  -3.625989E-08   6.506481E-06  -2.572907E-05  -1.127892E-01  -7.017667E-06
           106      G      3.605914E-05   7.223934E-05   1.902158E-04  -1.669126E-04  -1.271972E-04   3.802496E-03
           107      G      3.605914E-05  -2.923976E-05   1.868212E-04  -1.669126E-04  -1.271972E-04   3.802496E-03
           108      G     -8.576437E-05  -3.542990E-07  -2.526601E-06  -4.963428E-05   4.765717E-02  -1.116558E-02
           109      G     -6.788803E-05  -2.777982E-04   4.851107E-04  -2.716482E-04  -1.385333E-04  -1.260197E-02
           110      G     -1.116262E-03  -1.656789E-03   1.084844E-02  -2.403848E-01   1.691140E-01   1.948629E-01
           111      G     -6.788803E-05   7.426932E-05   4.812405E-04  -2.716482E-04  -1.385333E-04  -1.260197E-02
           112      G     -6.653678E-04   1.431975E-05   3.745244E-02  -1.124530E+00   1.152552E+00  -2.443234E-02
           113      G     -1.610078E-03  -5.337562E-06   1.521610E-02   1.297272E-04   2.773865E-01  -1.383407E-03
           114      G     -1.968541E-03  -2.646592E-06   6.499317E-02  -3.611090E-04   1.922571E+00   2.140442E-04
           115      G     -5.376417E-04   1.641617E-04  -5.864051E-02   1.872287E+00  -1.405957E-01  -1.298388E-02
           116      G     -8.336809E-04   3.779451E-07  -1.085424E-01  -3.021269E-05   1.132900E-01  -5.315069E-06
           117      G     -5.429925E-04  -1.501050E-04  -3.293210E-02   1.008040E+00  -1.054153E+00   1.258685E-03
           118      G      5.146715E-04   1.623054E-07  -5.752746E-02  -1.687271E-05  -2.298235E+00  -8.522452E-06
           119      G      3.483864E-05  -7.170857E-05  -1.903949E-04   1.678253E-04  -1.294078E-04   3.754576E-03
           120      G      3.483864E-05   2.849167E-05  -1.869413E-04   1.678253E-04  -1.294078E-04   3.754576E-03
           121      G     -7.101548E-05   2.830550E-04  -4.836918E-04   2.545814E-04  -1.423646E-04  -1.291264E-02
           122      G     -1.116410E-03   1.653736E-03  -1.087284E-02   2.403058E-01   1.689331E-01   1.960657E-01
           123      G     -7.101548E-05  -7.769197E-05  -4.797145E-04   2.545814E-04  -1.423646E-04  -1.291264E-02
           124      G     -6.664059E-04  -1.455568E-05  -3.747248E-02   1.124620E+00   1.152355E+00  -2.439450E-02
           125      G     -1.609960E-03   1.332420E-06  -1.521669E-02   7.128049E-05   2.772532E-01   5.927272E-05
           126      G     -1.968665E-03   6.456055E-07  -6.499027E-02  -5.453168E-05   1.922507E+00  -3.429083E-05
           127      G     -5.377399E-04   1.631730E-04   5.863976E-02   1.872382E+00  -1.407017E-01   1.303951E-02
           128      G     -5.430279E-04  -1.506540E-04   3.293249E-02   1.008180E+00  -1.054032E+00  -1.260991E-03
           129      G     -3.116085E-04  -1.400481E-08   3.534422E-06   5.230146E-05  -7.074943E-01  -7.216436E-03
           130      G      3.629380E-05  -7.297619E-05   1.901441E-04   1.666551E-04  -1.266236E-04  -3.829906E-03
           131      G      3.629380E-05   2.923442E-05   1.867649E-04   1.666551E-04  -1.266236E-04  -3.829906E-03
           132      G     -8.509157E-05  -2.070162E-07   2.042800E-06  -4.862835E-05   4.763487E-02   1.124207E-02
           133      G     -7.060278E-05   2.793973E-04   4.835103E-04   2.622554E-04  -1.430932E-04   1.281273E-02
1                                                       **STUDENT EDITION*    APRIL  18, 2026  MSC Nastran  3/ 3/26   PAGE    73
     DEFAULT                                                                                                                        
0                                                                                                            SUBCASE 1              
      EIGENVALUE =  6.235203E+06
          CYCLES =  3.974161E+02         R E A L   E I G E N V E C T O R   N O .          7
 
      POINT ID.   TYPE          T1             T2             T3             R1             R2             R3
           134      G     -1.116045E-03   1.646088E-03   1.086498E-02   2.400562E-01   1.687925E-01  -1.964818E-01
           135      G     -7.060278E-05  -7.855845E-05   4.795126E-04   2.622554E-04  -1.430932E-04   1.281273E-02
           136      G     -6.663438E-04  -1.749135E-05   3.746971E-02   1.124703E+00   1.152681E+00   2.433659E-02
           137      G     -5.373579E-04  -1.637203E-04  -5.863756E-02  -1.872472E+00  -1.405775E-01   1.304327E-02
           138      G     -5.427958E-04   1.506285E-04  -3.292888E-02  -1.008154E+00  -1.054180E+00  -1.252515E-03
           139      G      3.686166E-05   7.371599E-05  -1.898714E-04  -1.674885E-04  -1.250671E-04  -3.863716E-03
           140      G      3.686166E-05  -2.939693E-05  -1.865337E-04  -1.674885E-04  -1.250671E-04  -3.863716E-03
           141      G     -6.978650E-05  -2.818772E-04  -4.834963E-04  -2.560863E-04  -1.396606E-04   1.284267E-02
           142      G     -1.115566E-03  -1.652032E-03  -1.087334E-02  -2.403690E-01   1.687671E-01  -1.960278E-01
           143      G     -6.978650E-05   7.691502E-05  -4.795945E-04  -2.560863E-04  -1.396606E-04   1.284267E-02
           144      G     -6.659230E-04   1.577644E-05  -3.746994E-02  -1.124658E+00   1.152312E+00   2.439037E-02
           200      G     -7.225183E-05  -2.692413E-04   4.851107E-04  -2.716482E-04  -1.385333E-04  -1.260197E-02
           201      G     -7.225183E-05   8.282624E-05   4.812405E-04  -2.716482E-04  -1.385333E-04  -1.260197E-02
           202      G      3.205242E-05   7.749709E-05   1.902158E-04  -1.669126E-04  -1.271972E-04   3.802496E-03
           203      G      3.205242E-05  -2.398202E-05   1.868212E-04  -1.669126E-04  -1.271972E-04   3.802496E-03
           204      G      1.336163E-04   1.485757E-06  -4.102591E-06   1.435676E-04   1.370361E-02   1.511818E-02
           205      G     -4.005987E-04  -2.064342E-04   1.124359E-02  -1.973703E-01   4.948863E-02   3.565561E-02
           206      G     -4.555690E-04  -3.323947E-05   1.541159E-02  -6.816105E-03   8.811871E-02  -1.138354E-02
           207      G     -7.549997E-05   2.750357E-04  -4.836918E-04   2.545814E-04  -1.423646E-04  -1.291264E-02
           208      G     -7.549997E-05  -8.571128E-05  -4.797145E-04   2.545814E-04  -1.423646E-04  -1.291264E-02
           209      G      3.076229E-05  -7.699506E-05  -1.903949E-04   1.678253E-04  -1.294078E-04   3.754576E-03
           210      G      3.076229E-05   2.320518E-05  -1.869413E-04   1.678253E-04  -1.294078E-04   3.754576E-03
           211      G     -3.539060E-04   2.187053E-04  -1.127566E-02   1.760497E-01   4.150193E-02   4.999184E-02
           212      G     -4.749795E-04   3.002678E-06  -1.540854E-02  -1.403940E-04   8.483181E-02   4.931833E-05
           213      G     -7.511022E-05   2.711363E-04   4.835103E-04   2.622554E-04  -1.430932E-04   1.281273E-02
           214      G     -7.511022E-05  -8.681949E-05   4.795126E-04   2.622554E-04  -1.430932E-04   1.281273E-02
           215      G      3.230516E-05  -7.822583E-05   1.901441E-04   1.666551E-04  -1.266236E-04  -3.829906E-03
           216      G      3.230516E-05   2.398478E-05   1.867649E-04   1.666551E-04  -1.266236E-04  -3.829906E-03
           217      G      1.366780E-04  -3.806646E-06   2.190308E-06  -6.713860E-04   1.408465E-02  -1.542986E-02
           218      G     -3.934639E-04   1.991211E-04   1.127350E-02   1.770724E-01   4.719266E-02  -5.333843E-02
           219      G     -7.418581E-05  -2.738105E-04  -4.834963E-04  -2.560863E-04  -1.396606E-04   1.284267E-02
           220      G     -7.418581E-05   8.498174E-05  -4.795945E-04  -2.560863E-04  -1.396606E-04   1.284267E-02
           221      G      3.292205E-05   7.899187E-05  -1.898714E-04  -1.674885E-04  -1.250671E-04  -3.863716E-03
           222      G      3.292205E-05  -2.412104E-05  -1.865337E-04  -1.674885E-04  -1.250671E-04  -3.863716E-03
           223      G     -3.535876E-04  -2.131366E-04  -1.127718E-02  -1.762113E-01   4.157889E-02  -4.964397E-02
           224      G     -7.816244E-05  -1.196302E-04   3.741437E-02  -1.153262E+00  -1.222488E-01  -2.622246E-03
           225      G     -9.562202E-05  -3.959919E-06   6.791519E-02  -8.622421E-04   1.175713E-03  -3.055639E-04
           226      G     -6.607006E-05   6.461982E-05   2.114371E-02  -6.275937E-01  -6.667025E-01   2.436056E-03
           227      G      6.367021E-04  -1.530256E-06   3.638696E-02   8.190328E-05  -1.396349E+00   9.382653E-06
           228      G      2.540979E-05  -3.315811E-06   5.404368E-04  -1.478861E-02  -4.586639E-01   1.211754E-03
           229      G      4.749360E-04  -7.273366E-07   9.218049E-04  -1.988587E-04  -1.312119E-01  -4.499296E-05
           230      G     -1.639565E-04  -8.129121E-06   2.597460E-02  -7.185408E-01   6.366785E-01  -4.197461E-03
           231      G     -6.589036E-04  -4.173415E-06   4.361326E-02  -6.402034E-03   1.065385E+00   2.049726E-03
           232      G     -5.810661E-05   1.279505E-04  -3.721888E-02   1.151123E+00  -1.252435E-01  -2.252340E-03
           233      G     -6.317760E-05   3.067522E-07  -6.783099E-02  -2.386449E-05  -7.085550E-03  -2.255175E-05
           234      G     -5.805718E-05  -6.094720E-05  -2.046368E-02   6.097626E-01  -6.873048E-01   2.452902E-03
           235      G      6.623222E-04  -1.985524E-07  -3.534452E-02  -5.689326E-05  -1.431754E+00  -8.028291E-06
           236      G     -1.627495E-04  -3.135821E-06  -2.592723E-02   7.115462E-01   6.644905E-01  -3.430087E-03
           237      G     -5.244842E-04   1.453708E-06  -4.367635E-02  -9.655135E-05   1.162863E+00  -7.797270E-05
           238      G     -8.024602E-05   1.142899E-04   3.739271E-02   1.146215E+00  -1.254056E-01   2.761740E-03
1                                                       **STUDENT EDITION*    APRIL  18, 2026  MSC Nastran  3/ 3/26   PAGE    74
     DEFAULT                                                                                                                        
0                                                                                                            SUBCASE 1              
      EIGENVALUE =  6.235203E+06
          CYCLES =  3.974161E+02         R E A L   E I G E N V E C T O R   N O .          7
 
      POINT ID.   TYPE          T1             T2             T3             R1             R2             R3
           239      G     -6.754059E-05  -6.713755E-05   2.110748E-02   6.230031E-01  -6.652287E-01  -2.468093E-03
           240      G      2.424941E-05   1.552746E-06   5.243393E-04   1.316877E-02  -4.584524E-01  -1.065142E-03
           241      G     -1.663422E-04  -6.370111E-06   2.600946E-02   7.086960E-01   6.373929E-01   4.163140E-03
           242      G     -5.837226E-05  -1.275567E-04  -3.722630E-02  -1.151864E+00  -1.251630E-01   2.320306E-03
           243      G     -5.815205E-05   6.044971E-05  -2.047559E-02  -6.109534E-01  -6.870018E-01  -2.460514E-03
           244      G     -1.629394E-04   5.232023E-06  -2.593148E-02  -7.119340E-01   6.646231E-01   3.391443E-03
           300      G      9.291619E-05  -1.095511E-04   1.781149E-03  -3.345831E-02  -4.116416E-02  -1.911873E-02
           301      G      3.322254E-04   2.667686E-04   1.661383E-03   9.375133E-02  -2.579748E-02  -1.392660E-02
           302      G      7.443054E-04   2.040806E-05   2.976802E-06  -7.114072E-03  -1.101075E-01   9.939698E-02
           303      G     -4.866153E-04  -1.109584E-03   2.228587E-03  -5.126759E-02  -5.899877E-02  -2.624231E-02
           304      G     -3.688600E-05  -3.445841E-04   2.206321E-03   1.314851E-01   3.957868E-02   3.412709E-03
           305      G     -1.397278E-03  -6.676332E-04   1.219494E-02  -2.379129E-01  -1.097488E-01   4.059426E-02
           306      G     -1.811236E-03  -8.600495E-05   1.675798E-02  -1.925566E-02  -1.130793E-01  -3.029110E-02
           307      G      6.516016E-05   2.020657E-04  -1.766427E-03   2.563119E-02  -6.289008E-02  -1.784315E-02
           308      G      3.318680E-04  -2.205577E-04  -1.687234E-03  -1.166659E-01  -3.143888E-02  -1.486728E-02
           309      G     -6.366031E-04   1.284218E-03  -2.213872E-03   4.023806E-02  -6.124603E-02  -1.891249E-02
           310      G     -8.440631E-05   3.539141E-04  -2.246233E-03  -1.800087E-01   7.103558E-02   4.884576E-03
           311      G     -1.432425E-03   6.963944E-04  -1.225016E-02   2.470471E-01  -1.122781E-01   6.413051E-02
           312      G     -1.830138E-03   8.305568E-06  -1.676967E-02  -7.690512E-04  -1.123954E-01   2.014303E-04
           313      G      7.982069E-05   2.064049E-04   1.767497E-03   2.098198E-02  -6.359914E-02   1.827645E-02
           314      G      3.646717E-04  -2.131004E-04   1.692982E-03  -1.199373E-01  -2.883161E-02   1.674334E-02
           315      G      8.158765E-04   3.912337E-05  -1.867297E-06  -7.035972E-03  -1.199091E-01  -1.053385E-01
           316      G     -6.365667E-04   1.245903E-03   2.217756E-03   3.760915E-02  -6.412891E-02   1.721683E-02
           317      G     -8.052381E-05   3.328825E-04   2.249384E-03  -1.874650E-01   7.155779E-02  -4.715845E-03
           318      G     -1.434640E-03   6.393571E-04   1.225455E-02   2.487065E-01  -1.098846E-01  -7.103072E-02
           319      G      9.531138E-05  -1.536429E-04  -1.773582E-03  -3.613314E-02  -6.357698E-02   1.907005E-02
           320      G      3.720370E-04   2.827218E-04  -1.688857E-03   1.040174E-01  -2.912690E-02   1.726009E-02
           321      G     -6.076034E-04  -1.262054E-03  -2.214520E-03  -4.377723E-02  -5.784198E-02   1.964155E-02
           322      G     -5.717060E-05  -3.150868E-04  -2.248612E-03   1.702723E-01   7.088823E-02  -3.992835E-03
           323      G     -1.419359E-03  -6.789764E-04  -1.225210E-02  -2.478893E-01  -1.118239E-01  -6.376742E-02
           324      G     -1.070423E-03   3.572479E-05  -1.760567E-02   5.364321E-01  -4.634287E-02  -2.304857E-02
           325      G     -1.499252E-03   4.013072E-05  -2.727435E-02  -1.098715E-02  -1.225484E-01  -9.647568E-04
           326      G     -8.827531E-04  -5.722394E-05  -1.267535E-02   2.967324E-01   2.692163E-01  -1.198848E-02
           327      G     -1.730167E-03   4.067298E-05  -1.663756E-02  -1.313603E-02   5.718779E-01   4.241530E-04
           328      G     -9.510296E-04   3.176147E-05  -1.161722E-04   1.233440E-03   3.701405E-01  -6.096531E-02
           329      G     -1.534845E-03   3.651647E-05  -1.174221E-04  -7.677196E-03  -7.334038E-02  -9.127874E-05
           330      G     -1.329455E-03  -3.068803E-04  -4.347821E-03   9.029636E-02  -7.197893E-01  -1.405408E-02
           331      G     -1.367729E-03   1.850528E-05  -6.002788E-03  -3.035537E-02  -8.730336E-01   4.042060E-03
           332      G     -1.108247E-03   2.567113E-05   1.760049E-02  -5.441016E-01  -3.994464E-02  -2.312124E-02
           333      G     -1.517366E-03   2.322672E-05   2.745883E-02  -5.745801E-03  -1.224477E-01   3.219401E-04
           334      G     -9.070420E-04   1.242512E-04   1.249464E-02  -2.900907E-01   2.665488E-01  -1.203576E-02
           335      G     -1.742049E-03   3.161698E-05   1.656717E-02  -7.878485E-03   5.799298E-01   3.607123E-04
           336      G     -1.394715E-03   3.746784E-04   4.488004E-03  -6.397168E-02  -7.162332E-01  -1.358185E-02
           337      G     -1.384346E-03   1.636714E-05   6.115073E-03  -3.723170E-03  -8.762193E-01   3.968841E-04
           338      G     -1.097467E-03   3.504403E-05  -1.757635E-02  -5.407166E-01  -4.478852E-02   2.307213E-02
           339      G     -8.944125E-04   1.431073E-04  -1.263950E-02  -2.895255E-01   2.611984E-01   1.216882E-02
           340      G     -9.518263E-04   3.995241E-05  -8.451621E-05  -2.463027E-03   3.730623E-01   6.338447E-02
           341      G     -1.392790E-03   3.537143E-04  -4.366041E-03  -5.175000E-02  -7.163069E-01   1.291332E-02
           342      G     -1.091868E-03   2.412570E-05   1.764501E-02   5.447340E-01  -4.107350E-02   2.319780E-02
           343      G     -8.928101E-04  -7.100770E-05   1.257498E-02   2.914820E-01   2.652098E-01   1.247529E-02
1                                                       **STUDENT EDITION*    APRIL  18, 2026  MSC Nastran  3/ 3/26   PAGE    75
     DEFAULT                                                                                                                        
0                                                                                                            SUBCASE 1              
      EIGENVALUE =  6.235203E+06
          CYCLES =  3.974161E+02         R E A L   E I G E N V E C T O R   N O .          7
 
      POINT ID.   TYPE          T1             T2             T3             R1             R2             R3
           344      G     -1.379314E-03  -3.408868E-04   4.500909E-03   6.592686E-02  -7.171356E-01   1.403041E-02
           400      G      5.423331E-04  -5.378127E-03   4.085215E-03  -1.302329E+00   9.169987E-01   3.860619E-02
           401      G      1.563421E-03  -1.766494E-02   4.257891E-03  -3.145706E+00   9.452118E-01   1.167571E-01
           402      G      2.192102E-04   7.692187E-06  -8.427882E-06   8.765358E-04   8.100486E-01  -6.910812E-01
           403      G      3.055148E-03   1.596057E-03   1.738150E-03  -3.838014E-01   1.192570E+00   7.354806E-03
           404      G     -2.401014E-05  -5.549158E-03   4.345057E-03  -3.780705E+00  -2.738366E+00   2.602759E-01
           405      G     -1.429469E-02  -1.346335E-03   1.663232E-02   1.280392E+00   5.378490E+00  -5.995708E-02
           406      G     -2.019076E-02  -1.743763E-06   2.328562E-02  -3.903032E-04   7.365119E+00  -2.730578E-03
           407      G      5.278333E-04   5.393161E-03  -4.102829E-03   1.304273E+00   9.175019E-01   3.869976E-02
           408      G      1.555974E-03   1.768072E-02  -4.271833E-03   3.147669E+00   9.451919E-01   1.168183E-01
           409      G      3.040514E-03  -1.573871E-03  -1.735634E-03   3.880895E-01   1.193878E+00   1.009257E-02
           410      G     -4.822851E-05   5.570977E-03  -4.370122E-03   3.785306E+00  -2.738324E+00   2.590203E-01
           411      G     -1.430392E-02   1.363558E-03  -1.669484E-02  -1.280568E+00   5.379712E+00  -5.630677E-02
           412      G     -2.019414E-02   6.540446E-06  -2.331103E-02   1.875394E-04   7.365516E+00   3.530597E-05
           413      G      5.326713E-04   5.389975E-03   4.112198E-03   1.304502E+00   9.175133E-01  -3.886406E-02
           414      G      1.563824E-03   1.768101E-02   4.282024E-03   3.148054E+00   9.448026E-01  -1.175850E-01
           415      G      2.230076E-04   8.220252E-06   4.900566E-06   9.292655E-04   8.095375E-01   6.912112E-01
           416      G      3.039955E-03  -1.594785E-03   1.745298E-03   3.873465E-01   1.193287E+00  -1.044464E-02
           417      G     -4.678137E-05   5.560753E-03   4.377278E-03   3.784733E+00  -2.738368E+00  -2.591169E-01
           418      G     -1.430087E-02   1.341877E-03   1.669892E-02  -1.280998E+00   5.379258E+00   5.581819E-02
           419      G      5.403260E-04  -5.377978E-03  -4.103829E-03  -1.303107E+00   9.174471E-01  -3.867374E-02
           420      G      1.567696E-03  -1.766566E-02  -4.277761E-03  -3.146204E+00   9.447876E-01  -1.174938E-01
           421      G      3.052969E-03   1.587107E-03  -1.739561E-03  -3.869177E-01   1.192800E+00  -9.937714E-03
           422      G     -3.518613E-05  -5.556919E-03  -4.373415E-03  -3.783511E+00  -2.738367E+00  -2.589651E-01
           423      G     -1.429906E-02  -1.350041E-03  -1.669502E-02   1.280537E+00   5.378968E+00   5.642641E-02
           424      G     -2.692122E-03  -8.899747E-03   1.320402E+00  -4.278573E+01  -2.046844E+00  -5.905680E-02
           425      G     -6.164894E-03   5.818024E-06   2.463234E+00   1.056639E-03   4.167402E+00  -1.681043E-04
           426      G     -6.180919E-03  -2.380514E-05   7.603167E-01  -2.170363E+01  -2.254073E+01   4.101196E-02
           427      G      2.290822E-02   8.376754E-06   1.303433E+00   1.282056E-03  -5.177481E+01  -3.808677E-05
           428      G     -3.656539E-03   8.252123E-06   1.475923E-05  -3.065245E-04  -1.715637E+01   4.536828E-01
           429      G      1.612953E-02   8.645656E-06   3.313373E-05   1.015710E-03  -1.023119E+00  -7.940246E-06
           430      G     -4.358830E-03   5.394133E-04   7.403285E-01  -2.064124E+01   2.977716E+01  -9.452858E-02
           431      G     -2.782785E-02   3.316254E-06   1.302077E+00  -4.268360E-04   4.812040E+01   4.994606E-04
           432      G     -2.699578E-03   8.916254E-03  -1.320415E+00   4.278612E+01  -2.048153E+00  -5.892342E-02
           433      G     -6.167450E-03   7.913053E-06  -2.463232E+00   6.265417E-04   4.167669E+00   2.031399E-05
           434      G     -6.184975E-03   4.094004E-05  -7.603009E-01   2.170330E+01  -2.254114E+01   4.104957E-02
           435      G      2.290723E-02   8.528027E-06  -1.303399E+00   7.952340E-04  -5.177607E+01   6.723050E-06
           436      G     -4.366264E-03  -5.250335E-04  -7.403949E-01   2.064055E+01   2.977612E+01  -9.441750E-02
           437      G     -2.783192E-02   7.319939E-06  -1.302092E+00   4.314376E-04   4.812038E+01   1.207048E-05
           438      G     -2.696284E-03   8.913820E-03   1.320427E+00   4.278555E+01  -2.048227E+00   5.903440E-02
           439      G     -6.183430E-03   4.018879E-05   7.603282E-01   2.170299E+01  -2.254054E+01  -4.103414E-02
           440      G     -3.655896E-03   8.439133E-06   2.050444E-05   4.218369E-04  -1.715686E+01  -4.536557E-01
           441      G     -4.362409E-03  -5.325808E-04   7.404015E-01   2.064056E+01   2.977604E+01   9.422999E-02
           442      G     -2.695766E-03  -8.900979E-03  -1.320418E+00  -4.278593E+01  -2.047966E+00   5.911384E-02
           443      G     -6.183128E-03  -2.378736E-05  -7.603063E-01  -2.170293E+01  -2.254136E+01  -4.096795E-02
           444      G     -4.361644E-03   5.393770E-04  -7.403917E-01  -2.064083E+01   2.977628E+01   9.450928E-02
           445      G      1.201509E-03   4.334511E-03   2.640153E-03  -6.601909E-02  -5.663247E-02  -5.728512E-02
           446      G      1.778627E-03   1.631442E-03   2.907659E-03   5.170671E-01   4.773397E-02   1.669076E-01
           447      G      1.095899E-03   6.080813E-04   4.032873E-03  -3.423252E-01  -4.473005E-02   3.458231E-02
           448      G      3.952919E-04   1.714983E-04   2.925515E-03   2.270408E-01  -3.716975E-02  -6.988587E-02
1                                                       **STUDENT EDITION*    APRIL  18, 2026  MSC Nastran  3/ 3/26   PAGE    76
     DEFAULT                                                                                                                        
0                                                                                                            SUBCASE 1              
      EIGENVALUE =  6.235203E+06
          CYCLES =  3.974161E+02         R E A L   E I G E N V E C T O R   N O .          7
 
      POINT ID.   TYPE          T1             T2             T3             R1             R2             R3
           449      G      3.901443E-04   3.801323E-06  -8.518945E-06   3.629214E-04  -2.018030E-01   9.673645E-03
           450      G      3.951248E-03   3.644377E-03   1.369774E-02  -3.197773E-01   7.271750E-01  -1.857136E-01
           451      G      5.078132E-03   5.659967E-06   1.990355E-02  -1.142269E-03   1.022968E+00  -1.024936E-03
           452      G      1.197192E-03  -4.338836E-03  -2.642336E-03   6.617307E-02  -5.642270E-02  -5.747116E-02
           453      G      1.775940E-03  -1.627371E-03  -2.923101E-03  -5.167525E-01   4.811336E-02   1.674004E-01
           454      G      1.090264E-03  -6.017196E-04  -4.053659E-03   3.435757E-01  -4.478100E-02   3.410048E-02
           455      G      3.924758E-04  -1.639996E-04  -2.944194E-03  -2.262575E-01  -3.724808E-02  -6.994359E-02
           456      G      3.950927E-03  -3.641010E-03  -1.375034E-02   3.204384E-01   7.263198E-01  -1.852681E-01
           457      G      5.079213E-03   5.594472E-06  -1.993387E-02  -2.705186E-05   1.023505E+00   5.042487E-05
           458      G      1.195836E-03  -4.345295E-03   2.653413E-03   6.599845E-02  -5.642385E-02   5.765078E-02
           459      G      1.775275E-03  -1.631257E-03   2.932564E-03  -5.166897E-01   4.807107E-02  -1.675420E-01
           460      G      1.089442E-03  -6.047617E-04   4.063828E-03   3.438162E-01  -4.480267E-02  -3.436124E-02
           461      G      3.893792E-04  -1.658073E-04   2.950241E-03  -2.260816E-01  -3.754378E-02   6.997975E-02
           462      G      3.860207E-04   3.919068E-06   3.898805E-06   2.654637E-04  -2.022152E-01  -9.626999E-03
           463      G      3.950198E-03  -3.644086E-03   1.375081E-02   3.200083E-01   7.256648E-01   1.850462E-01
           464      G      1.201134E-03   4.348664E-03  -2.647218E-03  -6.639511E-02  -5.641343E-02   5.742568E-02
           465      G      1.779537E-03   1.637824E-03  -2.925888E-03   5.165673E-01   4.812521E-02  -1.675293E-01
           466      G      1.092757E-03   6.119216E-04  -4.056798E-03  -3.435148E-01  -4.482724E-02  -3.443138E-02
           467      G      3.910285E-04   1.733184E-04  -2.941520E-03   2.265763E-01  -3.753635E-02   6.998239E-02
           468      G      3.951415E-03   3.651631E-03  -1.375106E-02  -3.203031E-01   7.262397E-01   1.853514E-01
           469      G      2.580571E-03   3.383989E-03   6.676421E-03  -2.087935E-01   3.016016E-01   1.227153E-01
           470      G      2.467033E-03   1.720175E-03   1.220229E-02  -8.998181E-01   1.595590E-01   1.965589E-02
           471      G      2.311213E-03   6.271715E-04   1.745478E-02  -6.999314E-01  -1.706973E-02   4.105155E-02
           472      G      2.058982E-03   2.896475E-04   1.015871E-02  -5.952134E-01  -3.713949E-01   5.407172E-02
           473      G      1.919965E-03   4.314385E-06   5.814944E-06  -1.172063E-03  -3.734276E-01   5.708755E-02
           474      G      3.613289E-03   1.074424E-03   3.153664E-02  -6.731159E-01   4.097619E-01   7.857011E-02
           475      G      3.381901E-03   5.252334E-04   3.771470E-02  -8.989304E-01  -1.393207E-01   2.728027E-02
           476      G      3.138683E-03   2.024300E-04   2.446371E-02  -5.690674E-01  -7.208165E-01   2.414401E-02
           477      G      3.062394E-03   4.370787E-06   4.137713E-05  -1.610057E-03  -9.391619E-01   3.748810E-02
           478      G      4.023442E-03   1.465971E-03   1.847061E-02  -1.205830E-01   8.690767E-01   5.403002E-02
           479      G      4.488934E-03   7.107137E-04   4.450778E-02  -4.848730E-01   7.408875E-01   1.647939E-02
           480      G      4.049469E-03   2.373773E-04   5.355784E-02  -4.897007E-01  -2.392641E-01   1.867313E-02
           481      G      3.789753E-03   1.132312E-04   3.507943E-02  -3.641504E-01  -9.997427E-01   1.356482E-02
           482      G      4.652747E-03   6.527255E-07   4.935312E-02  -4.960023E-04   6.893103E-01   2.160782E-04
           483      G      4.336037E-03   1.836700E-06   5.861208E-02  -8.205362E-04  -1.973774E-01  -5.672032E-05
           484      G      3.967563E-03   2.892179E-06   3.917044E-02  -5.609894E-04  -1.078390E+00  -2.018895E-05
           485      G      3.667121E-03   4.204992E-06   7.554465E-05  -1.274196E-03  -1.351874E+00   1.311160E-02
           486      G      3.867788E-03   4.042043E-06   9.440453E-05  -3.160669E-04  -1.527101E+00  -1.788807E-05
           487      G      2.578710E-03  -3.384425E-03  -6.701204E-03   2.103352E-01   3.013356E-01   1.229566E-01
           488      G      2.465653E-03  -1.716185E-03  -1.222469E-02   9.002148E-01   1.595482E-01   1.968530E-02
           489      G      2.310090E-03  -6.205095E-04  -1.747075E-02   6.989102E-01  -1.743308E-02   4.124334E-02
           490      G      2.057914E-03  -2.814278E-04  -1.015619E-02   5.932340E-01  -3.720864E-01   5.413130E-02
           491      G      3.613526E-03  -1.069477E-03  -3.155989E-02   6.729640E-01   4.087268E-01   7.860211E-02
           492      G      3.381986E-03  -5.183133E-04  -3.769339E-02   8.971047E-01  -1.409424E-01   2.732316E-02
           493      G      3.138645E-03  -1.942749E-04  -2.439842E-02   5.662023E-01  -7.219908E-01   2.417668E-02
           494      G      4.023709E-03  -1.460505E-03  -1.852133E-02   1.197839E-01   8.688267E-01   5.386828E-02
           495      G      4.489976E-03  -7.044157E-04  -4.451887E-02   4.838958E-01   7.390993E-01   1.654887E-02
           496      G      4.049925E-03  -2.305386E-04  -5.349772E-02   4.882286E-01  -2.417736E-01   1.868417E-02
           497      G      3.789940E-03  -1.052345E-04  -3.495412E-02   3.619208E-01  -1.001471E+00   1.358640E-02
           498      G      4.653315E-03   5.336507E-06  -4.934789E-02   3.180813E-05   6.871965E-01  -1.126339E-05
1                                                       **STUDENT EDITION*    APRIL  18, 2026  MSC Nastran  3/ 3/26   PAGE    77
     DEFAULT                                                                                                                        
0                                                                                                            SUBCASE 1              
      EIGENVALUE =  6.235203E+06
          CYCLES =  3.974161E+02         R E A L   E I G E N V E C T O R   N O .          7
 
      POINT ID.   TYPE          T1             T2             T3             R1             R2             R3
           499      G      4.336404E-03   5.256222E-06  -5.852595E-02   2.644357E-05  -2.000795E-01  -5.598887E-06
           500      G      3.967790E-03   4.835009E-06  -3.901171E-02  -7.217154E-05  -1.080453E+00  -1.365589E-05
           501      G      2.577844E-03  -3.389155E-03   6.708549E-03   2.101721E-01   3.010642E-01  -1.230008E-01
           502      G      2.465146E-03  -1.720121E-03   1.224095E-02   9.004341E-01   1.601928E-01  -1.968140E-02
           503      G      2.308967E-03  -6.239060E-04   1.750741E-02   7.003676E-01  -1.700927E-02  -4.122688E-02
           504      G      2.056472E-03  -2.836951E-04   1.020047E-02   5.955404E-01  -3.721443E-01  -5.419737E-02
           505      G      1.918116E-03   3.831787E-06   2.783473E-05   1.284644E-03  -3.741207E-01  -5.718939E-02
           506      G      3.613034E-03  -1.073507E-03   3.158190E-02   6.731175E-01   4.101735E-01  -7.857205E-02
           507      G      3.381440E-03  -5.217230E-04   3.776565E-02   8.982983E-01  -1.394419E-01  -2.734995E-02
           508      G      3.137877E-03  -1.965410E-04   2.450421E-02   5.686376E-01  -7.214402E-01  -2.420931E-02
           509      G      3.061687E-03   3.851311E-06   6.314580E-05   1.418036E-03  -9.398593E-01  -3.753437E-02
           510      G      4.022624E-03  -1.463770E-03   1.851033E-02   1.190336E-01   8.683575E-01  -5.370518E-02
           511      G      4.489700E-03  -7.080549E-04   4.453821E-02   4.831938E-01   7.410001E-01  -1.658585E-02
           512      G      4.049504E-03  -2.340834E-04   5.358946E-02   4.885693E-01  -2.394198E-01  -1.868821E-02
           513      G      3.789583E-03  -1.073265E-04   3.510393E-02   3.631567E-01  -1.000099E+00  -1.361598E-02
           514      G      3.666884E-03   3.901948E-06   8.912439E-05   7.694688E-04  -1.352293E+00  -1.315117E-02
           515      G      2.580536E-03   3.394532E-03  -6.705968E-03  -2.101817E-01   3.012976E-01  -1.229072E-01
           516      G      2.467047E-03   1.726738E-03  -1.222839E-02  -9.001856E-01   1.595959E-01  -1.962021E-02
           517      G      2.310489E-03   6.311297E-04  -1.747283E-02  -6.989698E-01  -1.762929E-02  -4.117266E-02
           518      G      2.057307E-03   2.913303E-04  -1.014937E-02  -5.932927E-01  -3.724830E-01  -5.417917E-02
           519      G      3.613894E-03   1.080143E-03  -3.156130E-02  -6.728821E-01   4.088277E-01  -7.859403E-02
           520      G      3.382022E-03   5.289341E-04  -3.769516E-02  -8.970981E-01  -1.410549E-01  -2.733041E-02
           521      G      3.138262E-03   2.041076E-04  -2.439233E-02  -5.662786E-01  -7.224283E-01  -2.420030E-02
           522      G      4.023839E-03   1.471176E-03  -1.852074E-02  -1.197711E-01   8.687964E-01  -5.387976E-02
           523      G      4.490010E-03   7.151829E-04  -4.451931E-02  -4.838945E-01   7.391566E-01  -1.654112E-02
           524      G      4.049880E-03   2.410613E-04  -5.349861E-02  -4.881601E-01  -2.418303E-01  -1.869141E-02
           525      G      3.789779E-03   1.149653E-04  -3.495035E-02  -3.620481E-01  -1.001749E+00  -1.361064E-02
          1000      G      1.410512E-04   3.763185E-08  -2.324724E-06  -4.957708E-05   4.768261E-02  -6.950377E-02
          1001      G      1.572086E-04  -2.825070E-05   1.955034E-04  -3.704535E-04  -8.081353E-05   5.704777E-02
          1002      G      1.149002E-04   5.737673E-05   1.983242E-04  -1.728576E-04  -1.175657E-04   3.602582E-02
          1003      G      1.395553E-04  -6.712555E-08  -4.793499E-06  -1.579179E-04  -1.420458E+00  -5.798201E-03
          1004      G      7.372306E-05  -7.860566E-05   3.676965E-02  -1.307730E+00  -1.077475E+00  -2.646640E-03
          1005      G      1.118518E-04  -7.635527E-05   5.832519E-02  -2.366773E+00  -2.660650E-01  -5.449901E-04
          1006      G     -5.659397E-04   1.696995E-07   6.506837E-06  -2.574032E-05  -1.129906E-01  -1.193380E-05
          1007      G     -1.586729E-04  -1.913979E-07   6.060487E-02  -9.488577E-05  -3.569076E+00  -1.067636E-05
          1008      G      9.115739E-05  -2.403676E-07   1.085571E-01  -8.911668E-05   1.134004E-01  -1.315549E-05
          1009      G      6.389614E-05   4.288334E-07   4.884835E-04  -3.669941E-04  -2.512610E-04   8.107373E-02
          1010      G     -8.815361E-05  -2.303554E-04   4.785271E-04  -2.765877E-04  -1.372970E-04  -3.483623E-03
          1011      G      1.477231E-04  -1.206787E-04   3.912585E-02  -1.401217E+00   1.508041E+00   2.755818E-03
          1012      G      2.444943E-04   3.176822E-05   1.153468E-02  -2.403528E-01   1.691970E-01  -5.946846E-02
          1013      G      3.440811E-04  -7.449399E-07   6.752557E-02  -1.507491E-05   2.823419E+00  -2.347058E-05
          1014      G      6.022339E-04  -1.336485E-06   1.634374E-02   1.296279E-04   2.775310E-01  -1.142662E-03
          1015      G      1.567484E-04   2.753293E-05  -1.956315E-04   3.712293E-04  -8.295523E-05   5.748359E-02
          1016      G      1.140916E-04  -5.690684E-05  -1.985070E-04   1.740063E-04  -1.197476E-04   3.628800E-02
          1017      G      7.324939E-05   7.875433E-05  -3.678043E-02   1.307578E+00  -1.077651E+00  -2.644433E-03
          1018      G      1.108988E-04   7.605554E-05  -5.834050E-02   2.366705E+00  -2.662122E-01  -5.524501E-04
          1019      G     -1.590257E-04   3.072569E-07  -6.059468E-02  -3.804646E-05  -3.569286E+00  -8.955329E-06
          1020      G      9.044785E-05   6.240275E-07  -1.085513E-01  -3.022246E-05   1.133303E-01  -7.797552E-06
          1021      G      6.287829E-05  -2.398110E-06  -4.868832E-04   3.491757E-04  -2.554330E-04   8.250058E-02
          1022      G     -9.130960E-05   2.352632E-04  -4.770352E-04   2.606422E-04  -1.401321E-04  -3.294370E-03
1                                                       **STUDENT EDITION*    APRIL  18, 2026  MSC Nastran  3/ 3/26   PAGE    78
     DEFAULT                                                                                                                        
0                                                                                                            SUBCASE 1              
      EIGENVALUE =  6.235203E+06
          CYCLES =  3.974161E+02         R E A L   E I G E N V E C T O R   N O .          7
 
      POINT ID.   TYPE          T1             T2             T3             R1             R2             R3
          1023      G      1.458241E-04   1.216763E-04  -3.914486E-02   1.401220E+00   1.507864E+00   2.756748E-03
          1024      G      2.428851E-04  -3.194715E-05  -1.155835E-02   2.402738E-01   1.690162E-01  -5.955580E-02
          1025      G      3.434058E-04   7.433257E-07  -6.752272E-02  -3.033893E-05   2.823306E+00  -6.868500E-06
          1026      G      6.013017E-04   1.040159E-06  -1.634381E-02   7.128355E-05   2.773979E-01   8.483599E-05
          1027      G      1.394814E-04   1.900614E-07   1.845887E-06  -4.862060E-05   4.766030E-02   7.045520E-02
          1028      G      1.552855E-04   2.820297E-05   1.954512E-04   3.703914E-04  -8.020916E-05  -5.594199E-02
          1029      G      1.126849E-04  -5.814173E-05   1.982515E-04   1.727523E-04  -1.169957E-04  -3.477437E-02
          1030      G      1.384628E-04   9.794395E-08   3.534182E-06   9.195392E-05  -1.420551E+00   5.781245E-03
          1031      G      7.258501E-05   7.849100E-05   3.677964E-02   1.307765E+00  -1.077595E+00   2.623692E-03
          1032      G      1.105376E-04   7.519197E-05   5.833770E-02   2.366768E+00  -2.661464E-01   5.217816E-04
          1033      G      6.172423E-05  -4.130847E-06   4.867091E-04   3.568851E-04  -2.561506E-04  -8.161745E-02
          1034      G     -9.149330E-05   2.311459E-04   4.768799E-04   2.679430E-04  -1.412559E-04   3.640907E-03
          1035      G      1.455742E-04   1.195474E-04   3.913843E-02   1.401132E+00   1.508093E+00  -2.784002E-03
          1036      G      2.421401E-04  -3.447750E-05   1.154992E-02   2.400242E-01   1.688757E-01   5.843301E-02
          1037      G      1.553111E-04  -2.832379E-05  -1.952199E-04  -3.713520E-04  -7.869773E-05  -5.563161E-02
          1038      G      1.126939E-04   5.882487E-05  -1.979814E-04  -1.733084E-04  -1.154511E-04  -3.445560E-02
          1039      G      7.246693E-05  -7.808379E-05  -3.677468E-02  -1.307572E+00  -1.077679E+00   2.628405E-03
          1040      G      1.102909E-04  -7.525213E-05  -5.833593E-02  -2.366699E+00  -2.662628E-01   5.322860E-04
          1041      G      6.146924E-05   3.062014E-06  -4.867748E-04  -3.510053E-04  -2.526035E-04  -8.108380E-02
          1042      G      1.453483E-04  -1.197832E-04  -3.914175E-02  -1.401190E+00   1.507808E+00  -2.775325E-03
          1043      G      2.423761E-04   3.378380E-05  -1.155817E-02  -2.403370E-01   1.688502E-01   5.932732E-02
          1044      G     -9.216118E-05  -2.320890E-04  -4.768564E-04  -2.619311E-04  -1.376691E-04   4.385283E-03
          2000      G     -5.782676E-05   8.929430E-08  -4.603205E-06   1.436270E-04   1.371809E-02  -1.649377E-01
          2001      G     -5.150111E-05  -2.174535E-05   1.921963E-04  -2.890274E-04  -1.020568E-04  -4.501326E-02
          2002      G     -7.916071E-05   6.832867E-05   1.952594E-04  -1.691753E-04  -1.245472E-04  -5.876414E-02
          2003      G     -6.152129E-05  -1.400990E-06   5.689665E-04  -2.329367E-02  -8.804614E-01  -3.434088E-03
          2004      G     -9.702831E-05  -4.272185E-05   2.330807E-02  -8.118938E-01  -6.767029E-01  -1.361286E-03
          2005      G     -7.180373E-05  -2.453178E-05   3.708818E-02  -1.455013E+00  -1.961907E-01  -1.010782E-04
          2006      G     -4.928152E-04   8.258887E-07   9.218902E-04  -1.989077E-04  -1.313205E-01   9.605211E-06
          2007      G     -2.386439E-04   1.058310E-06   3.814073E-02  -4.787152E-04  -2.154819E+00   2.229821E-05
          2008      G     -8.635559E-05   2.805223E-06   6.792048E-02  -8.623581E-04   1.197816E-03   2.630430E-05
          2009      G     -1.026977E-04   8.912018E-05   4.858517E-04  -3.146677E-04  -2.132284E-04   1.872940E-04
          2010      G     -2.012847E-04  -1.224768E-04   4.825387E-04  -2.989102E-04  -1.346500E-04  -5.547702E-02
          2011      G     -6.550277E-05  -4.872681E-05   2.678368E-02  -8.892815E-01   8.574968E-01   2.180510E-03
          2012      G     -1.675212E-05   9.218159E-05   1.144665E-02  -1.973605E-01   4.953904E-02   5.981285E-01
          2013      G      6.988745E-05   4.360691E-06   4.496322E-02  -3.821768E-03   1.644923E+00  -2.758336E-05
          2014      G      2.178275E-04   3.082222E-06   1.577463E-02  -6.811432E-03   8.820982E-02   2.025722E-02
          2015      G     -5.169146E-05   2.066924E-05  -1.921884E-04   2.880264E-04  -1.029485E-04  -4.441091E-02
          2016      G     -7.890684E-05  -6.811644E-05  -1.954549E-04   1.696016E-04  -1.263331E-04  -5.793861E-02
          2017      G     -1.021502E-04   3.986088E-05  -2.250762E-02   7.819351E-01  -6.983912E-01  -1.449387E-03
          2018      G     -8.006349E-05   2.302035E-05  -3.683915E-02   1.445130E+00  -2.101265E-01  -3.439266E-04
          2019      G     -2.512621E-04   4.086591E-07  -3.704724E-02   6.824981E-06  -2.208429E+00   7.517217E-06
          2020      G     -1.168011E-04   4.894238E-07  -6.783584E-02  -2.388365E-05  -7.056829E-03   5.633675E-06
          2021      G     -9.689683E-05  -8.693751E-05  -4.842374E-04   2.959770E-04  -2.181156E-04   5.106373E-03
          2022      G     -1.943725E-04   1.387211E-04  -4.812429E-04   2.859972E-04  -1.384920E-04  -5.003953E-02
          2023      G     -8.099292E-05   5.166352E-05  -2.669210E-02   8.763101E-01   8.572888E-01   1.739517E-03
          2024      G     -3.310644E-05  -7.248672E-05  -1.144671E-02   1.760491E-01   4.155439E-02   5.030017E-01
          2025      G      3.700484E-05   2.930298E-07  -4.494780E-02  -1.241780E-04   1.645929E+00   6.592828E-06
          2026      G      1.744213E-04   3.152066E-07  -1.575844E-02  -1.405407E-04   8.493218E-02  -1.946599E-03
          2027      G     -5.663043E-05   1.730911E-06  -4.318674E-07  -6.713374E-04   1.409900E-02   1.676898E-01
1                                                       **STUDENT EDITION*    APRIL  18, 2026  MSC Nastran  3/ 3/26   PAGE    79
     DEFAULT                                                                                                                        
0                                                                                                            SUBCASE 1              
      EIGENVALUE =  6.235203E+06
          CYCLES =  3.974161E+02         R E A L   E I G E N V E C T O R   N O .          7
 
      POINT ID.   TYPE          T1             T2             T3             R1             R2             R3
          2028      G     -5.042615E-05   2.186003E-05   1.921263E-04   2.879093E-04  -1.014821E-04   4.463274E-02
          2029      G     -7.741503E-05  -6.886029E-05   1.951773E-04   1.680056E-04  -1.238720E-04   5.804937E-02
          2030      G     -6.086319E-05   2.294784E-06   5.370656E-04   1.986204E-02  -8.803848E-01   3.447639E-03
          2031      G     -9.640285E-05   4.450405E-05   2.326911E-02   8.061032E-01  -6.760527E-01   1.381007E-03
          2032      G     -7.264705E-05   2.682895E-05   3.704693E-02   1.445535E+00  -1.969668E-01   1.400091E-04
          2033      G     -9.807503E-05  -8.884699E-05   4.840597E-04   3.031404E-04  -2.183468E-04  -4.234350E-03
          2034      G     -1.942823E-04   1.343381E-04   4.810414E-04   2.927715E-04  -1.390065E-04   5.031937E-02
          2035      G     -7.054005E-05   5.348275E-05   2.676931E-02   8.763218E-01   8.566590E-01  -2.063053E-03
          2036      G     -2.708795E-05  -8.063148E-05   1.146745E-02   1.770720E-01   4.724643E-02  -5.094262E-01
          2037      G     -5.061614E-05  -2.144044E-05  -1.917781E-04  -2.884293E-04  -9.871874E-05   4.507768E-02
          2038      G     -7.798947E-05   7.000795E-05  -1.949318E-04  -1.689189E-04  -1.219966E-04   5.868438E-02
          2039      G     -1.014233E-04  -3.874411E-05  -2.253277E-02  -7.842129E-01  -6.978474E-01   1.460522E-03
          2040      G     -7.930599E-05  -2.261314E-05  -3.685457E-02  -1.446440E+00  -2.098937E-01   3.510811E-04
          2041      G     -9.619645E-05   8.663805E-05  -4.841304E-04  -2.978403E-04  -2.152673E-04  -4.699494E-03
          2042      G     -1.933469E-04  -1.372497E-04  -4.810658E-04  -2.874067E-04  -1.359299E-04   5.024536E-02
          2043      G     -8.017478E-05  -5.070922E-05  -2.669968E-02  -8.769116E-01   8.576433E-01  -1.735357E-03
          2044      G     -3.219392E-05   7.290686E-05  -1.144854E-02  -1.762108E-01   4.163130E-02  -5.065579E-01
          3000      G     -2.097887E-03   7.768741E-05   3.147571E-05  -7.117343E-03  -1.101202E-01  -1.081554E+00
          3001      G     -2.145506E-03  -4.578287E-04   1.285391E-03   9.369571E-02  -2.581048E-02  -1.121070E+00
          3002      G     -2.171923E-03   1.523015E-04   1.913716E-03  -3.342455E-02  -4.117015E-02  -9.485750E-01
          3003      G     -2.463555E-03   1.040295E-04  -1.476181E-05   6.011111E-03   4.253741E-01  -8.188409E-04
          3004      G     -2.321975E-03   6.699155E-05  -9.560172E-03   3.510887E-01   1.869754E-01  -2.328423E-03
          3005      G     -2.265455E-03  -5.738406E-06  -1.221300E-02   6.978799E-01  -4.669564E-02  -7.883387E-04
          3006      G     -2.143455E-03   9.775934E-05  -1.174297E-04  -7.677019E-03  -7.334086E-02   2.999583E-04
          3007      G     -2.358081E-03   1.187801E-04  -1.587495E-02  -1.538342E-02   9.682451E-01   2.450413E-04
          3008      G     -2.466835E-03   1.278338E-04  -2.727538E-02  -1.098656E-02  -1.225626E-01   4.715620E-05
          3009      G     -2.142332E-03  -1.692357E-04   1.760009E-03   1.314348E-01   3.960457E-02  -1.214489E+00
          3010      G     -1.986593E-03   3.132890E-04   2.199173E-03  -5.125197E-02  -5.901869E-02  -4.851739E-01
          3011      G     -2.266672E-03   1.738625E-04  -1.463738E-03   1.395749E-01  -6.985912E-01  -2.448490E-03
          3012      G     -2.267282E-03  -1.494377E-05   1.175443E-02  -2.379206E-01  -1.097767E-01   5.781084E-01
          3013      G     -2.528153E-03   1.374932E-04  -5.603306E-03  -2.492060E-02  -1.327210E+00  -2.254473E-04
          3014      G     -2.695405E-03   1.294360E-04   1.630450E-02  -1.925421E-02  -1.130636E-01  -8.904627E-04
          3015      G     -2.168563E-03   6.847974E-04  -1.219536E-03  -1.166029E-01  -3.144952E-02  -1.109073E+00
          3016      G     -2.220239E-03   4.418270E-06  -1.867798E-03   2.558845E-02  -6.289373E-02  -8.738605E-01
          3017      G     -2.341822E-03   1.246509E-04   9.555919E-03  -3.360766E-01   1.819075E-01  -2.334329E-03
          3018      G     -2.307375E-03   2.222612E-04   1.232743E-02  -6.982599E-01  -3.804131E-02  -8.989045E-04
          3019      G     -2.369140E-03   8.666427E-05   1.580581E-02  -4.894443E-03   9.803398E-01   3.188038E-04
          3020      G     -2.484295E-03   6.902560E-05   2.745987E-02  -5.745595E-03  -1.224621E-01   3.144866E-04
          3021      G     -2.225160E-03   4.196746E-04  -1.668921E-03  -1.799490E-01   7.106046E-02  -1.358909E+00
          3022      G     -2.112991E-03  -1.439754E-05  -2.131220E-03   4.023131E-02  -6.125815E-02  -4.729991E-01
          3023      G     -2.328349E-03   4.928031E-05   1.711390E-03  -1.107640E-01  -7.009027E-01  -1.935638E-03
          3024      G     -2.321741E-03   2.215717E-04  -1.179950E-02   2.470534E-01  -1.123039E-01   6.796959E-01
          3025      G     -2.542723E-03   6.087382E-05   5.712341E-03  -4.488742E-03  -1.331904E+00   2.386470E-04
          3026      G     -2.708912E-03   5.227671E-05  -1.631895E-02  -7.694516E-04  -1.123796E-01   1.870484E-02
          3027      G     -2.069899E-03   9.526175E-05  -3.001205E-05  -7.036500E-03  -1.199201E-01   1.070344E+00
          3028      G     -2.134728E-03   7.181301E-04   1.212225E-03  -1.198744E-01  -2.884172E-02   1.117038E+00
          3029      G     -2.185397E-03   4.598043E-05   1.850291E-03   2.093904E-02  -6.360263E-02   8.605339E-01
          3030      G     -2.463755E-03   1.010165E-04  -1.093274E-04   3.171635E-04   4.255277E-01   1.549638E-03
          3031      G     -2.328084E-03   1.560226E-04  -9.597126E-03  -3.329008E-01   1.760395E-01   2.960090E-03
          3032      G     -2.287205E-03   2.711780E-04  -1.228387E-02  -6.930624E-01  -3.791722E-02   1.250486E-03
1                                                       **STUDENT EDITION*    APRIL  18, 2026  MSC Nastran  3/ 3/26   PAGE    80
     DEFAULT                                                                                                                        
0                                                                                                            SUBCASE 1              
      EIGENVALUE =  6.235203E+06
          CYCLES =  3.974161E+02         R E A L   E I G E N V E C T O R   N O .          7
 
      POINT ID.   TYPE          T1             T2             T3             R1             R2             R3
          3033      G     -2.187169E-03   4.730503E-04   1.643295E-03  -1.874058E-01   7.158262E-02   1.343746E+00
          3034      G     -2.067278E-03   3.759738E-05   2.113054E-03   3.760091E-02  -6.414256E-02   4.402024E-01
          3035      G     -2.306782E-03   1.064667E-04  -1.639532E-03  -1.003220E-01  -7.023595E-01   2.250739E-03
          3036      G     -2.304854E-03   2.883185E-04   1.181351E-02   2.487130E-01  -1.099098E-01  -7.412133E-01
          3037      G     -2.132991E-03  -5.218947E-04  -1.271799E-03   1.039541E-01  -2.913722E-02   1.118160E+00
          3038      G     -2.185029E-03   1.277576E-04  -1.916952E-03  -3.609153E-02  -6.358059E-02   8.673824E-01
          3039      G     -2.333558E-03   3.862430E-05   9.468972E-03   3.405169E-01   1.809806E-01   3.158924E-03
          3040      G     -2.295795E-03  -8.201532E-05   1.227670E-02   7.039686E-01  -3.532412E-02   1.576277E-03
          3041      G     -2.194945E-03  -3.052923E-04  -1.709966E-03   1.702123E-01   7.091347E-02   1.355991E+00
          3042      G     -2.091802E-03   1.005212E-04  -2.159630E-03  -4.377227E-02  -5.785257E-02   4.899390E-01
          3043      G     -2.315493E-03   6.536688E-05   1.695707E-03   1.159128E-01  -7.004194E-01   2.476853E-03
          3044      G     -2.305098E-03  -1.183038E-04  -1.180328E-02  -2.478962E-01  -1.118496E-01  -6.405275E-01
          4000      G      2.322719E-02   6.936292E-07  -1.193420E-05   8.767327E-04   8.106077E-01   8.951436E+00
          4001      G      2.434381E-02   6.785026E-03   1.702337E-02  -3.148030E+00   9.459260E-01   7.495626E+00
          4002      G      2.405262E-02   4.504643E-03   9.445101E-03  -1.302415E+00   9.173833E-01   8.050171E+00
          4003      G      2.799594E-02   2.512642E-07   6.231535E-06  -1.333240E-03  -3.456033E+01  -7.645109E-02
          4004      G      2.527693E-02  -1.122156E-04   8.693312E-01  -2.840471E+01  -2.349918E+01  -1.474938E-02
          4005      G      2.495949E-02   6.283530E-04   1.321761E+00  -5.352456E+01  -4.216528E+00   8.407509E-03
          4006      G      1.107182E-02   5.204461E-07   3.313772E-05   1.015602E-03  -1.027823E+00  -5.247873E-05
          4007      G      2.097027E-02  -1.413799E-06   1.385567E+00   8.595838E-04  -8.200713E+01  -3.503155E-05
          4008      G      2.681870E-02  -2.665292E-06   2.463455E+00   1.056454E-03   4.168666E+00  -2.597252E-05
          4009      G      2.255771E-02   2.141955E-03   1.411149E-02  -3.781827E+00  -2.740087E+00   2.191322E+01
          4010      G      1.955302E-02  -1.870214E-03   7.871422E-03  -3.833187E-01   1.192431E+00   3.373820E+00
          4011      G      2.608164E-02  -1.007864E-03   7.835175E-01  -2.667786E+01   3.943555E+01   7.059091E-02
          4012      G      2.803777E-02   2.321436E-03   3.841439E-02   1.280974E+00   5.381040E+00  -6.846752E+00
          4013      G      3.143120E-02  -4.082158E-06   1.362524E+00   1.232497E-04   7.306722E+01  -1.356320E-05
          4014      G      3.718948E-02  -4.288671E-06   5.311174E-02  -3.902579E-04   7.368405E+00   5.540215E-03
          4015      G      2.434354E-02  -6.784840E-03  -1.704517E-02   3.149993E+00   9.459061E-01   7.499226E+00
          4016      G      2.405251E-02  -4.505071E-03  -9.470512E-03   1.304360E+00   9.178862E-01   8.055261E+00
          4017      G      2.527732E-02   1.126288E-04  -8.693316E-01   2.840298E+01  -2.349970E+01  -1.473704E-02
          4018      G      2.496029E-02  -6.290449E-04  -1.321788E+00   5.352351E+01  -4.217947E+00   8.425235E-03
          4019      G      2.097020E-02   1.614967E-06  -1.385531E+00   6.157649E-04  -8.200931E+01  -3.045524E-05
          4020      G      2.681834E-02   2.906696E-06  -2.463453E+00   6.264656E-04   4.168932E+00  -2.427539E-05
          4021      G      2.255866E-02  -2.144187E-03  -1.415502E-02   3.786427E+00  -2.740045E+00   2.192688E+01
          4022      G      1.955570E-02   1.865618E-03  -7.891283E-03   3.876057E-01   1.193738E+00   3.374638E+00
          4023      G      2.608260E-02   1.006246E-03  -7.835929E-01   2.667622E+01   3.943459E+01   7.058259E-02
          4024      G      2.803823E-02  -2.322086E-03  -3.848182E-02  -1.281150E+00   5.382262E+00  -6.860004E+00
          4025      G      3.143085E-02   3.469931E-06  -1.362543E+00   4.610296E-04   7.306608E+01  -1.715402E-05
          4026      G      3.718925E-02   4.012573E-06  -5.313874E-02   1.875912E-04   7.368802E+00  -5.520642E-04
          4027      G      2.322319E-02   7.921338E-07   8.614570E-06   9.293977E-04   8.100965E-01  -8.949700E+00
          4028      G      2.433975E-02  -6.787603E-03   1.705690E-02   3.150378E+00   9.455167E-01  -7.494196E+00
          4029      G      2.404913E-02  -4.510088E-03   9.480797E-03   1.304588E+00   9.178976E-01  -8.050950E+00
          4030      G      2.799473E-02   3.913484E-07   2.889212E-05  -5.378544E-05  -3.456111E+01   7.637084E-02
          4031      G      2.527606E-02   1.099081E-04   8.693673E-01   2.840301E+01  -2.349910E+01   1.466180E-02
          4032      G      2.495925E-02  -6.344067E-04   1.321803E+00   5.352278E+01  -4.217352E+00  -8.495911E-03
          4033      G      2.255589E-02  -2.151746E-03   1.415979E-02   3.785853E+00  -2.740089E+00  -2.192486E+01
          4034      G      1.955384E-02   1.854275E-03   7.895624E-03   3.868624E-01   1.193147E+00  -3.376052E+00
          4035      G      2.608199E-02   9.985008E-04   7.835942E-01   2.667587E+01   3.943469E+01  -7.063761E-02
          4036      G      2.803762E-02  -2.331177E-03   3.848408E-02  -1.281579E+00   5.381808E+00   6.855915E+00
          4037      G      2.434015E-02   6.788245E-03  -1.704522E-02  -3.148528E+00   9.455017E-01  -7.492616E+00
1                                                       **STUDENT EDITION*    APRIL  18, 2026  MSC Nastran  3/ 3/26   PAGE    81
     DEFAULT                                                                                                                        
0                                                                                                            SUBCASE 1              
      EIGENVALUE =  6.235203E+06
          CYCLES =  3.974161E+02         R E A L   E I G E N V E C T O R   N O .          7
 
      POINT ID.   TYPE          T1             T2             T3             R1             R2             R3
          4038      G      2.404983E-02   4.510940E-03  -9.466853E-03  -1.303193E+00   9.178313E-01  -8.047937E+00
          4039      G      2.527597E-02  -1.089858E-04  -8.693229E-01  -2.840341E+01  -2.349992E+01   1.467042E-02
          4040      G      2.495905E-02   6.345815E-04  -1.321782E+00  -5.352396E+01  -4.218029E+00  -8.476264E-03
          4041      G      2.255669E-02   2.151269E-03  -1.415104E-02  -3.784632E+00  -2.740088E+00  -2.191962E+01
          4042      G      1.955433E-02  -1.856591E-03  -7.886234E-03  -3.864338E-01   1.192661E+00  -3.372204E+00
          4043      G      2.608152E-02  -9.989580E-04  -7.835851E-01  -2.667684E+01   3.943462E+01  -7.061863E-02
          4044      G      2.803715E-02   2.330111E-03  -3.847902E-02   1.281119E+00   5.381517E+00   6.857023E+00
1                                                       **STUDENT EDITION*    APRIL  18, 2026  MSC Nastran  3/ 3/26   PAGE    82
     DEFAULT                                                                                                                        
0                                                                                                            SUBCASE 1              
      EIGENVALUE =  6.806971E+06
          CYCLES =  4.152380E+02         R E A L   E I G E N V E C T O R   N O .          8
 
      POINT ID.   TYPE          T1             T2             T3             R1             R2             R3
             1      G      0.0            0.0            0.0            0.0            0.0            0.0
             2      G      0.0            0.0            0.0            0.0            0.0            0.0
             3      G      0.0            0.0            0.0            0.0            0.0            0.0
             4      G      0.0            0.0            0.0            0.0            0.0            0.0
             5      G      0.0            0.0            0.0            0.0            0.0            0.0
             6      G      0.0            0.0            0.0            0.0            0.0            0.0
             7      G      0.0            0.0            0.0            0.0            0.0            0.0
             8      G      0.0            0.0            0.0            0.0            0.0            0.0
            10      G      2.077142E-04   1.764510E-04  -4.779461E-04  -1.135866E-03   2.152732E-04   2.149043E-02
            11      G      2.078798E-04  -1.765737E-04  -4.778425E-04   1.136119E-03   2.155463E-04  -2.149656E-02
            12      G     -1.920343E-04  -2.763323E-05  -4.240570E-04  -7.717943E-04  -2.107277E-04  -2.907562E-02
            13      G     -1.918053E-04   2.728790E-05  -4.240882E-04   7.732949E-04  -2.102800E-04   2.910468E-02
            14      G     -1.919681E-04   2.703664E-05   4.249144E-04   7.724027E-04  -2.096931E-04  -2.899110E-02
            15      G     -1.906344E-04  -2.812211E-05   4.244906E-04  -7.719079E-04  -2.076914E-04   2.899897E-02
            16      G      2.077738E-04  -1.746045E-04   4.782305E-04   1.131208E-03   2.142386E-04   2.194733E-02
            17      G      2.075767E-04   1.761892E-04   4.803759E-04  -1.149547E-03   2.155961E-04  -2.096899E-02
           100      G     -9.388678E-03  -4.111901E-03   1.359070E+00  -4.427720E+01  -1.860822E+00  -1.684341E-01
           101      G     -1.382466E-02  -2.598582E-06   2.556848E+00  -1.735788E-04   3.614586E+00   1.680184E-04
           102      G     -9.854239E-03   3.342468E-03   7.708561E-01  -2.401720E+01  -2.461323E+01   6.550139E-02
           103      G      1.786579E-02  -1.054792E-06   1.361493E+00  -2.762121E-04  -5.405464E+01  -9.082307E-05
           104      G     -4.431044E-03  -3.504556E-07   8.524366E-06  -2.838882E-04  -1.609264E+01   2.481986E-01
           105      G      1.110030E-02  -4.130831E-07   2.019371E-05  -2.875872E-05  -2.014951E+00  -1.186230E-05
           106      G      2.685783E-05   5.169134E-04   4.341835E-04  -7.719079E-04  -2.076914E-04   2.899897E-02
           107      G      2.685783E-05  -2.569965E-04   4.286407E-04  -7.719079E-04  -2.076914E-04   2.899897E-02
           108      G     -2.775640E-03  -2.611391E-07   2.993802E-06  -1.264412E-06   1.557927E+00  -1.060153E-01
           109      G      5.030932E-05   1.892175E-05   4.873805E-04  -1.149547E-03   2.155961E-04  -2.096899E-02
           110      G     -2.404952E-02  -3.795127E-03   1.964502E-02   1.193963E+00   5.356851E+00   7.508257E-01
           111      G      5.030932E-05   6.047429E-04   4.934037E-04  -1.149547E-03   2.155961E-04  -2.096899E-02
           112      G     -1.285981E-02   2.294009E-03   7.517902E-01  -2.328039E+01   3.101906E+01  -2.253770E-01
           113      G     -3.264152E-02  -3.161964E-05   3.115896E-02  -3.419283E-03   7.700418E+00   3.586493E-03
           114      G     -3.908815E-02  -5.268289E-06   1.366939E+00  -2.138529E-04   5.026284E+01  -1.521160E-03
           115      G     -9.390516E-03   4.108493E-03  -1.359083E+00   4.427731E+01  -1.860619E+00  -1.683948E-01
           116      G     -1.382405E-02  -1.349326E-07  -2.556853E+00  -7.773966E-05   3.614576E+00  -3.896880E-06
           117      G     -9.854992E-03  -3.343888E-03  -7.708565E-01   2.401698E+01  -2.461405E+01   6.553317E-02
           118      G      1.786651E-02  -1.417623E-07  -1.361475E+00  -4.990281E-05  -5.405561E+01  -5.416687E-06
           119      G      2.647979E-05  -5.197345E-04  -4.338401E-04   7.732949E-04  -2.102800E-04   2.910468E-02
           120      G      2.647979E-05   2.569966E-04  -4.282283E-04   7.732949E-04  -2.102800E-04   2.910468E-02
           121      G      4.665559E-05  -1.534953E-05  -4.847468E-04   1.136119E-03   2.155463E-04  -2.149656E-02
           122      G     -2.405105E-02   3.792013E-03  -1.970999E-02  -1.191215E+00   5.356761E+00   7.514263E-01
           123      G      4.665559E-05  -6.159096E-04  -4.907686E-04   1.136119E-03   2.155463E-04  -2.149656E-02
           124      G     -1.286382E-02  -2.301874E-03  -7.518210E-01   2.328113E+01   3.101744E+01  -2.253563E-01
           125      G     -3.264271E-02   5.717886E-08  -3.119506E-02   3.154020E-05   7.700818E+00  -4.984681E-06
           126      G     -3.908781E-02  -5.302851E-08  -1.366962E+00  -5.159077E-05   5.026202E+01  -1.790207E-07
           127      G     -9.395121E-03   4.106294E-03   1.359082E+00   4.427660E+01  -1.859735E+00   1.683160E-01
           128      G     -9.858280E-03  -3.344580E-03   7.708708E-01   2.401702E+01  -2.461394E+01  -6.555260E-02
           129      G     -4.433354E-03  -6.560147E-07   1.410462E-05   1.677369E-04  -1.609267E+01  -2.482337E-01
           130      G      2.546516E-05  -5.178511E-04   4.346486E-04   7.724027E-04  -2.096931E-04  -2.899110E-02
           131      G      2.546516E-05   2.558490E-04   4.290524E-04   7.724027E-04  -2.096931E-04  -2.899110E-02
           132      G     -2.776860E-03  -1.315837E-06   4.583004E-06  -9.544361E-05   1.557884E+00   1.060841E-01
           133      G      4.316883E-05  -9.999434E-06   4.851077E-04   1.131208E-03   2.142386E-04   2.194733E-02
1                                                       **STUDENT EDITION*    APRIL  18, 2026  MSC Nastran  3/ 3/26   PAGE    83
     DEFAULT                                                                                                                        
0                                                                                                            SUBCASE 1              
      EIGENVALUE =  6.806971E+06
          CYCLES =  4.152380E+02         R E A L   E I G E N V E C T O R   N O .          8
 
      POINT ID.   TYPE          T1             T2             T3             R1             R2             R3
           134      G     -2.405900E-02   3.786266E-03   1.972580E-02  -1.191137E+00   5.357102E+00  -7.515699E-01
           135      G      4.316883E-05  -6.231531E-04   4.910930E-04   1.131208E-03   2.142386E-04   2.194733E-02
           136      G     -1.287114E-02  -2.307804E-03   7.518178E-01   2.328002E+01   3.101618E+01   2.253062E-01
           137      G     -9.391348E-03  -4.108785E-03  -1.359079E+00  -4.427728E+01  -1.860654E+00   1.683812E-01
           138      G     -9.856422E-03   3.343246E-03  -7.708517E-01  -2.401703E+01  -2.461407E+01  -6.554248E-02
           139      G      2.603279E-05   5.188429E-04  -4.338061E-04  -7.717943E-04  -2.107277E-04  -2.907562E-02
           140      G      2.603279E-05  -2.571126E-04  -4.281823E-04  -7.717943E-04  -2.107277E-04  -2.907562E-02
           141      G      4.653597E-05   1.527279E-05  -4.848505E-04  -1.135866E-03   2.152732E-04   2.149043E-02
           142      G     -2.405154E-02  -3.792083E-03  -1.971001E-02   1.191125E+00   5.356618E+00  -7.514052E-01
           143      G      4.653597E-05   6.156617E-04  -4.908647E-04  -1.135866E-03   2.152732E-04   2.149043E-02
           144      G     -1.286438E-02   2.301665E-03  -7.518183E-01  -2.328112E+01   3.101738E+01   2.253536E-01
           200      G      5.710060E-05   5.513248E-05   4.873805E-04  -1.149547E-03   2.155961E-04  -2.096899E-02
           201      G      5.710060E-05   6.409536E-04   4.934037E-04  -1.149547E-03   2.155961E-04  -2.096899E-02
           202      G      2.031555E-05   5.412285E-04   4.341835E-04  -7.719079E-04  -2.076914E-04   2.899897E-02
           203      G      2.031555E-05  -2.326814E-04   4.286407E-04  -7.719079E-04  -2.076914E-04   2.899897E-02
           204      G      1.031144E-04   9.042812E-06   2.723483E-06   1.092711E-03   2.933643E-02  -1.181460E-03
           205      G     -1.179666E-03   8.184933E-04   1.548465E-02  -2.381734E-01   4.374804E-01  -9.598770E-02
           206      G     -9.552653E-04   2.888026E-07   2.181997E-02  -1.147097E-02   5.515861E-01   2.508943E-02
           207      G      5.344530E-05  -5.113728E-05  -4.847468E-04   1.136119E-03   2.155463E-04  -2.149656E-02
           208      G      5.344530E-05  -6.516974E-04  -4.907686E-04   1.136119E-03   2.155463E-04  -2.149656E-02
           209      G      1.985597E-05  -5.440933E-04  -4.338401E-04   7.732949E-04  -2.102800E-04   2.910468E-02
           210      G      1.985597E-05   2.326379E-04  -4.282283E-04   7.732949E-04  -2.102800E-04   2.910468E-02
           211      G     -1.032594E-03  -9.945770E-04  -1.556113E-02   1.863937E-01   4.179234E-01  -8.732693E-02
           212      G     -9.619230E-04  -1.596740E-07  -2.181158E-02  -2.697431E-04   5.325035E-01  -5.550512E-05
           213      G      4.991735E-05  -4.563248E-05   4.851077E-04   1.131208E-03   2.142386E-04   2.194733E-02
           214      G      4.991735E-05  -6.587862E-04   4.910930E-04   1.131208E-03   2.142386E-04   2.194733E-02
           215      G      1.885983E-05  -5.421818E-04   4.346486E-04   7.724027E-04  -2.096931E-04  -2.899110E-02
           216      G      1.885983E-05   2.315183E-04   4.290524E-04   7.724027E-04  -2.096931E-04  -2.899110E-02
           217      G      1.025379E-04  -1.295603E-05   4.532381E-06  -1.601252E-03   2.955953E-02   1.093883E-03
           218      G     -1.181521E-03  -9.422566E-04   1.558615E-02   1.889177E-01   4.393827E-01   8.144307E-02
           219      G      5.331708E-05   5.105256E-05  -4.848505E-04  -1.135866E-03   2.152732E-04   2.149043E-02
           220      G      5.331708E-05   6.514415E-04  -4.908647E-04  -1.135866E-03   2.152732E-04   2.149043E-02
           221      G      1.939487E-05   5.431545E-04  -4.338061E-04  -7.717943E-04  -2.107277E-04  -2.907562E-02
           222      G      1.939487E-05  -2.328011E-04  -4.281823E-04  -7.717943E-04  -2.107277E-04  -2.907562E-02
           223      G     -1.032950E-03   9.942997E-04  -1.556157E-02  -1.867304E-01   4.184958E-01   8.723886E-02
           224      G      1.954556E-04  -3.009236E-04   1.293148E-01  -4.133590E+00  -2.505251E-01   1.900810E-03
           225      G      2.817074E-04  -7.451021E-06   2.390406E-01  -1.531315E-03   2.141073E-01   4.170817E-04
           226      G      1.492410E-04   3.189885E-04   7.401673E-02  -2.259852E+00  -2.308388E+00   1.460557E-02
           227      G      2.992862E-03  -5.147071E-06   1.288121E-01  -1.935805E-03  -4.936906E+00  -1.957062E-04
           228      G      5.052588E-04  -9.810475E-06   2.003680E-03  -5.304047E-02  -1.568724E+00   3.840759E-02
           229      G      2.411115E-03  -2.126147E-06   3.422035E-03  -2.219631E-04  -2.955034E-01  -3.411695E-05
           230      G     -2.108964E-04   3.364797E-04   7.842824E-02  -2.349717E+00   2.636502E+00  -2.773398E-04
           231      G     -1.708418E-03  -3.152501E-05   1.373257E-01  -1.914097E-03   4.325397E+00  -5.336478E-03
           232      G      2.831088E-04   3.414875E-04  -1.288825E-01   4.146452E+00  -2.500257E-01   3.747994E-03
           233      G      4.209582E-04  -6.512816E-07  -2.393007E-01   1.648029E-04   1.819042E-01  -1.784463E-05
           234      G      1.856349E-04  -3.011530E-04  -7.170270E-02   2.206607E+00  -2.396340E+00   1.467016E-02
           235      G      3.100170E-03  -1.220592E-06  -1.252178E-01  -2.101832E-05  -5.079548E+00  -1.795487E-05
           236      G     -2.074730E-04  -3.634110E-04  -7.828066E-02   2.337624E+00   2.745820E+00   5.129197E-03
           237      G     -1.117337E-03  -2.573582E-07  -1.377797E-01   9.436233E-05   4.726624E+00  -7.335721E-06
           238      G      1.884028E-04   2.812517E-04   1.293089E-01   4.115899E+00  -2.465396E-01  -2.131410E-03
1                                                       **STUDENT EDITION*    APRIL  18, 2026  MSC Nastran  3/ 3/26   PAGE    84
     DEFAULT                                                                                                                        
0                                                                                                            SUBCASE 1              
      EIGENVALUE =  6.806971E+06
          CYCLES =  4.152380E+02         R E A L   E I G E N V E C T O R   N O .          8
 
      POINT ID.   TYPE          T1             T2             T3             R1             R2             R3
           239      G      1.438539E-04  -3.254328E-04   7.403797E-02   2.250695E+00  -2.310063E+00  -1.475011E-02
           240      G      5.015477E-04   4.661806E-06   1.995769E-03   4.875924E-02  -1.568937E+00  -3.838498E-02
           241      G     -2.139287E-04  -3.502560E-04   7.842786E-02   2.315210E+00   2.630402E+00  -6.960114E-04
           242      G      2.817960E-04  -3.428223E-04  -1.288913E-01  -4.147939E+00  -2.501431E-01  -3.756851E-03
           243      G      1.835241E-04   2.987452E-04  -7.171074E-02  -2.209362E+00  -2.396171E+00  -1.470858E-02
           244      G     -2.082143E-04   3.628480E-04  -7.828930E-02  -2.338589E+00   2.745897E+00  -5.139407E-03
           300      G     -4.758499E-04   1.114252E-04   5.931002E-04   9.180179E-03  -1.142217E-02   1.235399E-02
           301      G     -5.182443E-04   1.041853E-04   2.652628E-04   1.527385E-02  -1.508633E-02   2.842215E-03
           302      G     -5.481479E-04   1.194415E-06   1.792820E-06  -1.497423E-03  -1.722627E-02  -5.384061E-05
           303      G     -7.107146E-04   1.011702E-03   3.172472E-03  -7.232757E-02  -8.515266E-02  -2.545218E-02
           304      G     -4.667510E-04   4.327688E-04   1.207454E-03   4.927093E-04  -3.192605E-02   3.327417E-02
           305      G      2.498510E-04   9.735036E-04   1.326036E-02  -2.162777E-01  -1.005617E-01  -6.521297E-02
           306      G      4.943894E-04   5.923162E-05   1.795581E-02  -1.337436E-02  -1.474695E-01   3.432786E-02
           307      G     -4.643820E-04  -1.234355E-04  -5.940429E-04  -1.535734E-02  -1.164013E-02   1.557072E-02
           308      G     -5.130488E-04  -1.163062E-04  -2.627688E-04  -2.116247E-02  -1.909011E-02   4.275203E-03
           309      G     -7.688466E-04  -1.187041E-03  -3.184470E-03   4.817994E-02  -8.314095E-02  -3.334573E-02
           310      G     -4.729333E-04  -4.743110E-04  -1.212508E-03  -1.437496E-02  -2.719960E-02   3.766816E-02
           311      G      3.085488E-04  -1.068520E-03  -1.330642E-02   2.087795E-01  -1.080464E-01  -7.173622E-02
           312      G      5.200133E-04  -3.308755E-07  -1.793433E-02   8.163638E-05  -1.511828E-01  -2.073446E-05
           313      G     -4.615922E-04  -1.210432E-04   5.934619E-04  -1.725042E-02  -1.148922E-02  -1.530590E-02
           314      G     -5.132531E-04  -1.232513E-04   2.657088E-04  -2.334489E-02  -1.827678E-02  -4.158721E-03
           315      G     -5.519505E-04  -6.447188E-06   1.284087E-06  -2.627169E-03  -1.892412E-02  -6.541943E-04
           316      G     -7.633697E-04  -1.154463E-03   3.182491E-03   4.805578E-02  -8.211260E-02   3.414374E-02
           317      G     -4.679669E-04  -4.543199E-04   1.213264E-03  -1.432042E-02  -2.723652E-02  -3.736923E-02
           318      G      3.202926E-04  -1.028745E-03   1.331532E-02   2.136681E-01  -1.080895E-01   7.576673E-02
           319      G     -4.665807E-04   1.212154E-04  -5.948781E-04   1.340903E-02  -1.168576E-02  -1.569934E-02
           320      G     -5.158899E-04   1.124408E-04  -2.625675E-04   1.786555E-02  -1.855959E-02  -4.370034E-03
           321      G     -7.699181E-04   1.187906E-03  -3.185150E-03  -4.905345E-02  -8.240740E-02   3.329822E-02
           322      G     -4.745271E-04   4.733676E-04  -1.212800E-03   1.227387E-02  -2.711115E-02  -3.779764E-02
           323      G      3.093396E-04   1.068232E-03  -1.330677E-02  -2.091007E-01  -1.071773E-01   7.163644E-02
           324      G      9.924131E-05   1.224796E-04  -1.467783E-02   4.021951E-01  -1.110697E-01   1.035596E-02
           325      G      4.182565E-04  -1.271394E-05  -2.106684E-02  -5.176113E-03  -1.142684E-01   5.648996E-04
           326      G      9.369295E-05   7.762095E-06  -1.084142E-02   2.628599E-01   2.946614E-01   4.700943E-03
           327      G      8.343460E-05  -1.069191E-05  -1.351616E-02  -1.107004E-02   4.609060E-01  -2.271535E-04
           328      G      4.866827E-05  -4.831320E-06  -3.772255E-04  -2.229624E-03   2.507061E-01   1.095022E-02
           329      G      1.747227E-04  -7.512139E-06  -3.165409E-05  -3.158618E-03  -4.149789E-02   6.318218E-05
           330      G      1.094648E-04   2.370889E-04  -1.177010E-03   6.557325E-02  -6.693886E-01   1.477386E-02
           331      G      7.609256E-04  -2.561086E-05  -2.096833E-03   4.056942E-03  -7.942685E-01  -5.848087E-03
           332      G      1.232244E-04  -1.396986E-04   1.422698E-02  -4.116973E-01  -9.723523E-02   9.821815E-03
           333      G      4.380554E-04  -2.593759E-06   2.120150E-02  -1.283990E-03  -1.168074E-01   4.541153E-05
           334      G      1.064699E-04  -1.778670E-05   1.010307E-02  -2.633025E-01   2.964949E-01   4.787237E-03
           335      G      9.128981E-05  -4.779946E-06   1.355140E-02  -6.335880E-03   4.650554E-01  -1.069094E-04
           336      G      1.560525E-04  -2.640482E-04   1.084842E-03  -8.059332E-02  -6.580014E-01   1.567152E-02
           337      G      7.892973E-04  -9.334434E-07   2.195016E-03   4.488539E-05  -7.985074E-01  -2.900455E-05
           338      G      1.201519E-04  -1.448393E-04  -1.432670E-02  -4.081218E-01  -9.330282E-02  -9.661807E-03
           339      G      1.051823E-04  -2.537958E-05  -1.026561E-02  -2.594290E-01   2.911466E-01  -4.770398E-03
           340      G      5.566086E-05  -7.007316E-06   1.160522E-04  -1.193568E-03   2.496468E-01  -1.089750E-02
           341      G      1.614719E-04  -2.505100E-04  -1.197829E-03  -8.248080E-02  -6.619818E-01  -1.507520E-02
           342      G      1.237228E-04   1.359533E-04   1.457256E-02   4.100465E-01  -1.050045E-01  -9.865629E-03
           343      G      1.087422E-04   1.096009E-05   1.061167E-02   2.650489E-01   2.950786E-01  -4.879619E-03
1                                                       **STUDENT EDITION*    APRIL  18, 2026  MSC Nastran  3/ 3/26   PAGE    85
     DEFAULT                                                                                                                        
0                                                                                                            SUBCASE 1              
      EIGENVALUE =  6.806971E+06
          CYCLES =  4.152380E+02         R E A L   E I G E N V E C T O R   N O .          8
 
      POINT ID.   TYPE          T1             T2             T3             R1             R2             R3
           344      G      1.562959E-04   2.624595E-04   1.220868E-03   7.944776E-02  -6.663695E-01  -1.571175E-02
           400      G     -1.636347E-03   3.127473E-04   6.550103E-04   6.408051E-02  -7.229629E-02   1.363061E-02
           401      G     -1.649237E-03   8.797005E-04   1.458495E-04   1.565245E-01  -6.277925E-02   7.035004E-04
           402      G     -1.572604E-03  -5.384208E-06   1.130260E-06   2.036101E-04  -5.951463E-02   3.999103E-02
           403      G     -2.104310E-03   1.002852E-03   4.418494E-03  -3.094274E-03  -1.671839E-01  -3.851197E-02
           404      G     -1.739765E-03   5.889635E-04   1.853954E-03   1.854247E-01   7.277536E-02   3.761996E-03
           405      G     -4.020073E-04   9.390325E-04   1.208187E-02  -2.244553E-01  -3.649083E-01  -4.835164E-02
           406      G      4.433530E-05  -1.092349E-05   1.575130E-02   4.081040E-04  -4.807972E-01   2.433679E-03
           407      G     -1.640298E-03  -3.256017E-04  -6.619220E-04  -6.381823E-02  -7.269325E-02   1.399200E-02
           408      G     -1.650316E-03  -8.901957E-04  -1.437578E-04  -1.560015E-01  -6.292531E-02   1.025756E-03
           409      G     -2.113261E-03  -1.032072E-03  -4.442644E-03   3.769667E-03  -1.679187E-01  -3.992031E-02
           410      G     -1.747793E-03  -6.062124E-04  -1.871264E-03  -1.850225E-01   7.263036E-02   3.378648E-03
           411      G     -3.977030E-04  -9.637523E-04  -1.208939E-02   2.233791E-01  -3.657556E-01  -5.143692E-02
           412      G      4.733098E-05  -4.830606E-07  -1.573079E-02   9.363031E-06  -4.811423E-01  -4.339210E-05
           413      G     -1.642434E-03  -3.297287E-04   6.626452E-04  -6.342738E-02  -7.275091E-02  -1.390382E-02
           414      G     -1.653829E-03  -8.937239E-04   1.448113E-04  -1.559683E-01  -6.294352E-02  -1.021368E-03
           415      G     -1.577104E-03  -6.657943E-06   2.000198E-06   5.900801E-05  -5.948083E-02  -4.015358E-02
           416      G     -2.112392E-03  -1.024174E-03   4.439438E-03   4.728086E-03  -1.677775E-01   3.993662E-02
           417      G     -1.748388E-03  -6.065698E-04   1.870146E-03  -1.843618E-01   7.261800E-02  -3.194489E-03
           418      G     -4.015538E-04  -9.587804E-04   1.209745E-02   2.236065E-01  -3.660058E-01   5.190578E-02
           419      G     -1.645341E-03   3.190338E-04  -6.614437E-04   6.388579E-02  -7.275255E-02  -1.406055E-02
           420      G     -1.655365E-03   8.809803E-04  -1.438436E-04   1.561952E-01  -6.301669E-02  -1.076114E-03
           421      G     -2.118297E-03   1.031188E-03  -4.443539E-03  -3.489243E-03  -1.681816E-01   3.984848E-02
           422      G     -1.752736E-03   6.025745E-04  -1.871537E-03   1.853488E-01   7.258704E-02  -3.465743E-03
           423      G     -4.003544E-04   9.628973E-04  -1.208906E-02  -2.234200E-01  -3.660743E-01   5.136259E-02
           424      G     -1.044526E-03   4.484402E-04  -6.138793E-02   2.067114E+00   2.892700E-03   9.361245E-03
           425      G     -6.220217E-04  -8.278674E-06  -1.164785E-01   3.578694E-04  -3.239552E-01   3.685575E-05
           426      G     -8.983943E-04  -1.513467E-05  -3.590803E-02   1.051539E+00   1.046695E+00   1.326633E-03
           427      G     -2.150708E-03  -7.062140E-06  -6.204875E-02   1.506312E-04   2.471163E+00  -7.042884E-05
           428      G     -1.032057E-03  -5.316905E-06  -7.698865E-06   3.718631E-04   7.850134E-01  -1.654932E-02
           429      G     -1.849844E-03  -5.850519E-06  -1.340438E-05   1.619753E-04  -4.590812E-02  -4.021985E-05
           430      G     -9.173742E-04   1.839405E-04  -2.825503E-02   8.879948E-01  -1.667867E+00   1.766478E-02
           431      G      5.368544E-04  -9.870589E-06  -5.302425E-02   1.188543E-03  -2.623764E+00  -6.308777E-04
           432      G     -1.042660E-03  -4.600954E-04   6.138475E-02  -2.067049E+00   3.118019E-03   9.414529E-03
           433      G     -6.190041E-04  -3.324646E-06   1.164802E-01   2.078005E-05  -3.242665E-01  -4.529294E-05
           434      G     -8.976597E-04   4.420818E-06   3.589809E-02  -1.051155E+00   1.046799E+00   1.350253E-03
           435      G     -2.149377E-03  -4.592268E-06   6.203787E-02   1.059773E-04   2.471747E+00  -5.303766E-05
           436      G     -9.138531E-04  -1.991808E-04   2.825681E-02  -8.888963E-01  -1.668165E+00   1.785251E-02
           437      G      5.409721E-04  -1.883250E-06   5.303524E-02   3.924985E-06  -2.623902E+00  -5.393894E-05
           438      G     -1.046968E-03  -4.647024E-04  -6.138760E-02  -2.067116E+00   3.337946E-03  -9.426714E-03
           439      G     -9.010450E-04   1.076103E-06  -3.590690E-02  -1.051334E+00   1.046396E+00  -1.394764E-03
           440      G     -1.034607E-03  -6.530476E-06  -9.034451E-06  -2.449812E-04   7.850318E-01   1.652836E-02
           441      G     -9.186120E-04  -2.027395E-04  -2.826017E-02  -8.892099E-01  -1.668158E+00  -1.774625E-02
           442      G     -1.045087E-03   4.535645E-04   6.138439E-02   2.067174E+00   3.147656E-03  -9.465510E-03
           443      G     -9.000284E-04  -1.371673E-05   3.589678E-02   1.051252E+00   1.046786E+00  -1.429493E-03
           444      G     -9.163936E-04   1.954312E-04   2.825875E-02   8.888672E-01  -1.668068E+00  -1.793212E-02
           445      G     -3.728549E-03   2.724589E-03   4.717622E-03  -1.223681E-01  -6.952669E-02  -6.955910E-02
           446      G     -3.416863E-03   8.979595E-04   2.282919E-03  -1.089750E-01  -8.260367E-02   1.939342E-02
           447      G     -3.054965E-03   2.757810E-04   8.232271E-04  -5.361646E-02  -2.770143E-02   2.523403E-02
           448      G     -2.778131E-03   3.744199E-05   2.511891E-04  -5.227017E-02  -7.702559E-03   3.309495E-02
1                                                       **STUDENT EDITION*    APRIL  18, 2026  MSC Nastran  3/ 3/26   PAGE    86
     DEFAULT                                                                                                                        
0                                                                                                            SUBCASE 1              
      EIGENVALUE =  6.806971E+06
          CYCLES =  4.152380E+02         R E A L   E I G E N V E C T O R   N O .          8
 
      POINT ID.   TYPE          T1             T2             T3             R1             R2             R3
           449      G     -2.705593E-03  -2.578402E-06   1.136724E-06   7.963121E-05   1.066612E-03   2.562793E-02
           450      G     -2.526104E-03   2.023080E-03   1.175455E-02  -1.618209E-01  -1.827606E-01  -1.076916E-01
           451      G     -2.280310E-03  -6.533948E-06   1.499540E-02  -2.970035E-04  -2.552537E-01   8.809591E-05
           452      G     -3.737198E-03  -2.733944E-03  -4.741772E-03   1.214809E-01  -6.960655E-02  -6.993936E-02
           453      G     -3.424668E-03  -9.046482E-04  -2.300374E-03   1.086146E-01  -8.304022E-02   1.928793E-02
           454      G     -3.061522E-03  -2.817743E-04  -8.311631E-04   5.373479E-02  -2.802255E-02   2.503623E-02
           455      G     -2.781681E-03  -4.289162E-05  -2.522614E-04   5.240567E-02  -7.931667E-03   3.303336E-02
           456      G     -2.528899E-03  -2.030156E-03  -1.175846E-02   1.613165E-01  -1.834400E-01  -1.077839E-01
           457      G     -2.281306E-03  -1.976576E-07  -1.497615E-02  -1.069248E-05  -2.554187E-01  -3.992114E-05
           458      G     -3.740116E-03  -2.739943E-03   4.738401E-03   1.216678E-01  -6.962605E-02   6.983225E-02
           459      G     -3.427708E-03  -9.095444E-04   2.298587E-03   1.086054E-01  -8.292199E-02  -1.944829E-02
           460      G     -3.065617E-03  -2.850611E-04   8.308448E-04   5.352294E-02  -2.796294E-02  -2.515357E-02
           461      G     -2.787066E-03  -4.463053E-05   2.534072E-04   5.207750E-02  -7.843727E-03  -3.317681E-02
           462      G     -2.712928E-03  -2.851270E-06   9.508184E-07  -3.101683E-04   1.043462E-03  -2.578788E-02
           463      G     -2.531069E-03  -2.037585E-03   1.176956E-02   1.617471E-01  -1.829735E-01   1.079698E-01
           464      G     -3.743138E-03   2.733190E-03  -4.742597E-03  -1.215636E-01  -6.959195E-02   6.985207E-02
           465      G     -3.430750E-03   9.029843E-04  -2.300616E-03  -1.087455E-01  -8.306399E-02  -1.933950E-02
           466      G     -3.067714E-03   2.789480E-04  -8.310240E-04  -5.385560E-02  -2.803067E-02  -2.512218E-02
           467      G     -2.788267E-03   3.884660E-05  -2.520041E-04  -5.257325E-02  -7.911138E-03  -3.314012E-02
           468      G     -2.532186E-03   2.029558E-03  -1.175845E-02  -1.612780E-01  -1.834300E-01   1.076912E-01
           469      G     -2.895071E-03   1.987715E-03   8.043161E-03  -1.776059E-01  -1.217899E-01   7.298022E-02
           470      G     -2.791410E-03   9.031966E-04   6.489601E-03  -2.614230E-01  -5.665317E-02   2.342996E-02
           471      G     -2.690998E-03   1.961936E-04   4.896102E-03  -2.378997E-01  -5.950252E-02   1.580971E-02
           472      G     -2.633403E-03   2.627103E-05   2.987578E-03  -1.543431E-01  -7.927279E-02   3.165300E-03
           473      G     -2.611684E-03  -2.376233E-06  -5.537036E-06   3.276762E-04  -1.058900E-01   4.568017E-03
           474      G     -2.348965E-03   5.587716E-04   1.133797E-02  -1.578757E-01   2.332209E-02   3.851411E-02
           475      G     -2.337514E-03   1.775063E-04   1.100016E-02  -2.642552E-01  -7.286293E-02   9.815731E-03
           476      G     -2.382653E-03   1.506127E-05   7.018511E-03  -1.696223E-01  -2.065588E-01   8.066031E-03
           477      G     -2.400293E-03  -2.393399E-06  -1.646790E-05   4.732556E-04  -2.576492E-01   8.527374E-03
           478      G     -2.345569E-03   8.069625E-04   1.426980E-02  -8.364480E-02  -2.049614E-01   2.834514E-02
           479      G     -2.056898E-03   3.794104E-04   1.469194E-02  -1.447045E-01   7.840532E-02   6.093990E-03
           480      G     -2.121190E-03   7.553245E-05   1.547791E-02  -1.402937E-01  -7.470913E-02   7.568400E-03
           481      G     -2.197424E-03   1.256147E-05   1.018183E-02  -1.099886E-01  -2.917113E-01   3.774333E-03
           482      G     -2.010312E-03  -5.629139E-06   1.584153E-02  -1.832447E-04   9.902001E-02  -6.220873E-05
           483      G     -2.028880E-03  -4.508227E-06   1.693173E-02  -2.804423E-05  -7.059490E-02  -4.266791E-05
           484      G     -2.141365E-03  -3.475999E-06   1.137638E-02   5.100379E-05  -3.101989E-01  -4.282088E-05
           485      G     -2.238345E-03  -2.500827E-06  -2.705285E-05   3.955499E-04  -3.890141E-01   3.655303E-03
           486      G     -2.180309E-03  -2.629472E-06  -3.305512E-05   1.018935E-04  -4.466827E-01  -3.933325E-05
           487      G     -2.900031E-03  -1.995398E-03  -8.055220E-03   1.773206E-01  -1.221291E-01   7.313662E-02
           488      G     -2.795712E-03  -9.099073E-04  -6.500297E-03   2.611245E-01  -5.668685E-02   2.352603E-02
           489      G     -2.694280E-03  -2.017981E-04  -4.908631E-03   2.380222E-01  -5.956868E-02   1.591913E-02
           490      G     -2.635224E-03  -3.121468E-05  -2.999597E-03   1.548667E-01  -7.936298E-02   3.214804E-03
           491      G     -2.351201E-03  -5.652185E-04  -1.134199E-02   1.575291E-01   2.359337E-02   3.857634E-02
           492      G     -2.339155E-03  -1.831033E-04  -1.101819E-02   2.644536E-01  -7.246578E-02   9.850161E-03
           493      G     -2.383536E-03  -2.003290E-05  -7.047712E-03   1.703446E-01  -2.063201E-01   8.087617E-03
           494      G     -2.347080E-03  -8.135176E-04  -1.426122E-02   8.298577E-02  -2.053446E-01   2.837626E-02
           495      G     -2.058141E-03  -3.858303E-04  -1.469053E-02   1.444735E-01   7.888999E-02   6.115464E-03
           496      G     -2.122030E-03  -8.121963E-05  -1.550073E-02   1.404253E-01  -7.388027E-02   7.593394E-03
           497      G     -2.197854E-03  -1.773735E-05  -1.022701E-02   1.105589E-01  -2.911257E-01   3.785258E-03
           498      G     -2.011068E-03  -7.791132E-07  -1.583583E-02   6.361608E-06   9.972285E-02  -2.657692E-05
1                                                       **STUDENT EDITION*    APRIL  18, 2026  MSC Nastran  3/ 3/26   PAGE    87
     DEFAULT                                                                                                                        
0                                                                                                            SUBCASE 1              
      EIGENVALUE =  6.806971E+06
          CYCLES =  4.152380E+02         R E A L   E I G E N V E C T O R   N O .          8
 
      POINT ID.   TYPE          T1             T2             T3             R1             R2             R3
           499      G     -2.029368E-03  -1.350302E-06  -1.695666E-02   5.607381E-05  -6.956447E-02  -2.880913E-05
           500      G     -2.141615E-03  -1.933737E-06  -1.143008E-02   9.012629E-05  -3.093532E-01  -3.276900E-05
           501      G     -2.902801E-03  -2.001814E-03   8.057681E-03   1.776136E-01  -1.219281E-01  -7.319330E-02
           502      G     -2.799018E-03  -9.149239E-04   6.501171E-03   2.613865E-01  -5.685001E-02  -2.353730E-02
           503      G     -2.698063E-03  -2.052075E-04   4.901345E-03   2.377341E-01  -5.974756E-02  -1.595459E-02
           504      G     -2.639934E-03  -3.316826E-05   2.986403E-03   1.541706E-01  -7.947579E-02  -3.255783E-03
           505      G     -2.617575E-03  -2.883149E-06  -9.883684E-06  -4.922863E-04  -1.059208E-01  -4.623269E-03
           506      G     -2.353573E-03  -5.700776E-04   1.134782E-02   1.576508E-01   2.313178E-02  -3.867043E-02
           507      G     -2.341939E-03  -1.865162E-04   1.100340E-02   2.641682E-01  -7.312009E-02  -9.906087E-03
           508      G     -2.386836E-03  -2.195926E-05   7.015544E-03   1.695814E-01  -2.067371E-01  -8.154669E-03
           509      G     -2.404206E-03  -2.839875E-06  -2.244812E-05  -4.993134E-04  -2.576895E-01  -8.610781E-03
           510      G     -2.347895E-03  -8.200077E-04   1.428000E-02   8.326878E-02  -2.050725E-01  -2.848904E-02
           511      G     -2.059055E-03  -3.908116E-04   1.469797E-02   1.445201E-01   7.825185E-02  -6.171812E-03
           512      G     -2.123340E-03  -8.449902E-05   1.547948E-02   1.401910E-01  -7.486552E-02  -7.666251E-03
           513      G     -2.199495E-03  -1.950886E-05   1.017961E-02   1.100629E-01  -2.918238E-01  -3.860481E-03
           514      G     -2.240310E-03  -2.745051E-06  -3.125530E-05  -2.522715E-04  -3.890432E-01  -3.732063E-03
           515      G     -2.904759E-03   1.994871E-03  -8.056295E-03  -1.772856E-01  -1.221166E-01  -7.316917E-02
           516      G     -2.800505E-03   9.082358E-04  -6.501724E-03  -2.611204E-01  -5.665048E-02  -2.358070E-02
           517      G     -2.699272E-03   1.990314E-04  -4.910984E-03  -2.381133E-01  -5.951834E-02  -1.596735E-02
           518      G     -2.640554E-03   2.727874E-05  -3.003140E-03  -1.550174E-01  -7.929610E-02  -3.266909E-03
           519      G     -2.354509E-03   5.636345E-04  -1.134315E-02  -1.575302E-01   2.367213E-02  -3.862895E-02
           520      G     -2.342586E-03   1.803763E-04  -1.102152E-02  -2.644565E-01  -7.237249E-02  -9.911647E-03
           521      G     -2.387179E-03   1.616049E-05  -7.053016E-03  -1.703650E-01  -2.062544E-01  -8.153715E-03
           522      G     -2.348751E-03   8.131618E-04  -1.426091E-02  -8.299369E-02  -2.053365E-01  -2.842838E-02
           523      G     -2.059854E-03   3.842343E-04  -1.469119E-02  -1.444375E-01   7.894560E-02  -6.182262E-03
           524      G     -2.123792E-03   7.852418E-05  -1.550306E-02  -1.403547E-01  -7.381100E-02  -7.658836E-03
           525      G     -2.199706E-03   1.386869E-05  -1.023080E-02  -1.104343E-01  -2.910827E-01  -3.856091E-03
          1000      G      1.420707E-02  -2.516134E-07   2.995067E-06  -1.229223E-06   1.558627E+00   2.241618E+00
          1001      G      1.451473E-02  -3.473608E-04   6.344714E-04  -5.517258E-03   1.088424E-03   7.194564E+00
          1002      G      1.307457E-02   1.303189E-04   6.173038E-04  -8.594973E-04   1.647992E-04   6.478413E+00
          1003      G      1.480352E-02  -1.063688E-07   6.401919E-06  -3.828485E-04  -3.313136E+01  -1.448556E-01
          1004      G      1.305489E-02  -2.385259E-03   8.692730E-01  -3.132927E+01  -2.555053E+01  -6.890011E-02
          1005      G      1.381930E-02  -3.200236E-03   1.348732E+00  -5.607824E+01  -3.811562E+00  -9.621809E-04
          1006      G     -2.171325E-03  -1.841355E-07   2.019565E-05  -2.877516E-05  -2.020062E+00  -4.712786E-05
          1007      G      8.150935E-03  -1.129819E-06   1.441586E+00   1.456332E-05  -8.451745E+01  -2.923379E-05
          1008      G      1.548574E-02  -1.190945E-06   2.557073E+00  -1.736303E-04   3.615837E+00  -3.961442E-05
          1009      G      1.025624E-02  -4.364966E-03   6.442653E-04  -4.120126E-03  -1.990828E-03   5.094303E+00
          1010      G      6.071087E-03  -5.298177E-03   2.912031E-04  -8.850095E-04   2.420995E-04   2.855350E+00
          1011      G      1.586824E-02  -4.038597E-03   7.870381E-01  -2.978820E+01   4.048725E+01   1.017690E-01
          1012      G      1.910124E-02   2.103144E-05   4.133912E-02   1.194587E+00   5.358936E+00  -7.505888E+00
          1013      G      2.181908E-02  -3.076038E-06   1.426002E+00  -1.871277E-03   7.627975E+01  -7.402806E-05
          1014      G      2.878617E-02  -4.654862E-06   6.235211E-02  -3.419138E-03   7.703565E+00  -3.127460E-03
          1015      G      1.451377E-02   3.472372E-04  -6.340580E-04   5.518994E-03   1.085788E-03   7.194179E+00
          1016      G      1.307322E-02  -1.331012E-04  -6.169669E-04   8.607936E-04   1.622350E-04   6.477835E+00
          1017      G      1.305500E-02   2.384533E-03  -8.692720E-01   3.132886E+01  -2.555105E+01  -6.886966E-02
          1018      G      1.381922E-02   3.197629E-03  -1.348750E+00   5.607844E+01  -3.812442E+00  -9.406629E-04
          1019      G      8.151288E-03   1.457469E-07  -1.441567E+00  -7.953216E-05  -8.451886E+01  -2.183707E-05
          1020      G      1.548632E-02   4.971737E-07  -2.557078E+00  -7.774699E-05   3.615827E+00  -1.846392E-05
          1021      G      1.025554E-02   4.356027E-03  -6.415816E-04   4.104825E-03  -1.991796E-03   5.096432E+00
          1022      G      6.067529E-03   5.301286E-03  -2.885200E-04   8.728796E-04   2.434100E-04   2.855758E+00
1                                                       **STUDENT EDITION*    APRIL  18, 2026  MSC Nastran  3/ 3/26   PAGE    88
     DEFAULT                                                                                                                        
0                                                                                                            SUBCASE 1              
      EIGENVALUE =  6.806971E+06
          CYCLES =  4.152380E+02         R E A L   E I G E N V E C T O R   N O .          8
 
      POINT ID.   TYPE          T1             T2             T3             R1             R2             R3
          1023      G      1.586619E-02   4.036847E-03  -7.870840E-01   2.978979E+01   4.048607E+01   1.018055E-01
          1024      G      1.909899E-02  -2.614896E-05  -4.140374E-02  -1.191840E+00   5.358846E+00  -7.496318E+00
          1025      G      2.182038E-02   8.678993E-07  -1.426028E+00  -5.468238E-05   7.627845E+01  -1.725010E-05
          1026      G      2.878809E-02   1.249711E-06  -6.238982E-02   3.154560E-05   7.703965E+00   7.280615E-04
          1027      G      1.420258E-02  -5.344031E-07   4.196984E-06  -9.545741E-05   1.558585E+00  -2.240226E+00
          1028      G      1.450903E-02   3.460822E-04   6.348877E-04   5.518249E-03   1.086381E-03  -7.192430E+00
          1029      G      1.306810E-02  -1.315765E-04   6.177743E-04   8.613754E-04   1.627609E-04  -6.475896E+00
          1030      G      1.480053E-02  -4.375602E-07   1.573279E-05   2.760789E-04  -3.313145E+01   1.448175E-01
          1031      G      1.305159E-02   2.384102E-03   8.692842E-01   3.132900E+01  -2.555059E+01   6.882110E-02
          1032      G      1.381564E-02   3.194982E-03   1.348753E+00   5.607801E+01  -3.812267E+00   8.947506E-04
          1033      G      1.025057E-02   4.348541E-03   6.418822E-04   4.098527E-03  -1.993805E-03  -5.096238E+00
          1034      G      6.060351E-03   5.302434E-03   2.888642E-04   8.691499E-04   2.432325E-04  -2.854229E+00
          1035      G      1.586147E-02   4.034511E-03   7.870936E-01   2.978958E+01   4.048527E+01  -1.018567E-01
          1036      G      1.909392E-02  -3.178785E-05   4.142091E-02  -1.191762E+00   5.359187E+00   7.496090E+00
          1037      G      1.450995E-02  -3.473716E-04  -6.340048E-04  -5.517463E-03   1.085296E-03  -7.192527E+00
          1038      G      1.306971E-02   1.323252E-04  -6.169272E-04  -8.597853E-04   1.617553E-04  -6.476336E+00
          1039      G      1.305243E-02  -2.384562E-03  -8.692639E-01  -3.132889E+01  -2.555107E+01   6.883466E-02
          1040      G      1.381715E-02  -3.196932E-03  -1.348744E+00  -5.607844E+01  -3.812535E+00   9.046283E-04
          1041      G      1.025213E-02  -4.354627E-03  -6.416757E-04  -4.104607E-03  -1.992088E-03  -5.094785E+00
          1042      G      1.586453E-02  -4.035345E-03  -7.870801E-01  -2.978979E+01   4.048597E+01  -1.018448E-01
          1043      G      1.909733E-02   2.876188E-05  -4.140318E-02   1.191750E+00   5.358703E+00   7.497270E+00
          1044      G      6.064339E-03  -5.298344E-03  -2.886223E-04  -8.725620E-04   2.430384E-04  -2.854231E+00
          2000      G      1.703123E-03  -5.496150E-07  -1.380184E-06   1.092836E-03   2.943118E-02   6.827088E-01
          2001      G      1.714909E-03  -2.141899E-04   4.502168E-04  -1.267378E-03  -8.544166E-05   8.168926E-01
          2002      G      1.575388E-03   4.796316E-04   4.524909E-04  -6.546538E-04  -1.729592E-04   7.475017E-01
          2003      G      1.844660E-03  -6.684949E-06   2.095037E-03  -8.239231E-02  -3.096433E+00  -1.118835E-02
          2004      G      1.739985E-03  -1.611781E-04   8.235167E-02  -2.931950E+00  -2.381159E+00  -4.398526E-03
          2005      G      1.812538E-03  -2.019479E-04   1.280288E-01  -5.214011E+00  -4.523458E-01   1.402828E-03
          2006      G      3.440157E-04  -4.433969E-07   3.422373E-03  -2.221076E-04  -2.959202E-01   6.381983E-05
          2007      G      1.294818E-03   4.814665E-08   1.356196E-01  -8.126275E-04  -7.719275E+00   1.077703E-04
          2008      G      1.974377E-03   4.513047E-06   2.390605E-01  -1.531898E-03   2.142038E-01   1.291994E-04
          2009      G      1.336679E-03  -1.748595E-06   5.120148E-04  -1.358301E-03  -4.182568E-06   6.617335E-01
          2010      G      7.748308E-04  -5.585146E-04   4.772187E-04  -1.218521E-03   2.852080E-04   3.554623E-01
          2011      G      1.891584E-03  -2.703652E-04   8.135871E-02  -2.942630E+00   3.476787E+00   1.310739E-02
          2012      G      2.244113E-03   3.194771E-04   1.725612E-02  -2.380910E-01   4.376061E-01   1.289015E+00
          2013      G      2.658024E-03   6.962049E-06   1.423717E-01  -9.814460E-03   6.655189E+00   1.145574E-04
          2014      G      3.299626E-03   1.122001E-05   2.406243E-02  -1.146183E-02   5.518129E-01   1.498735E-02
          2015      G      1.719061E-03   2.127775E-04  -4.493067E-04   1.263499E-03  -8.288337E-05   8.190869E-01
          2016      G      1.584223E-03  -4.832280E-04  -4.522555E-04   6.533531E-04  -1.740321E-04   7.520389E-01
          2017      G      1.727604E-03   1.458095E-04  -7.956484E-02   2.836225E+00  -2.470839E+00  -4.716088E-03
          2018      G      1.797153E-03   1.918398E-04  -1.274376E-01   5.203558E+00  -5.030418E-01   5.422721E-04
          2019      G      1.252044E-03  -1.521180E-06  -1.318252E-01  -1.118064E-04  -7.935505E+00   5.551375E-05
          2020      G      1.868750E-03  -1.988267E-06  -2.393188E-01   1.647470E-04   1.820280E-01   4.632112E-05
          2021      G      1.363901E-03   7.647255E-06  -5.093361E-04   1.341920E-03  -8.075579E-06   6.778903E-01
          2022      G      7.964438E-04   5.885079E-04  -4.750575E-04   1.215662E-03   2.843204E-04   3.687828E-01
          2023      G      1.862426E-03   2.718869E-04  -8.123310E-02   2.919581E+00   3.481598E+00   1.172340E-02
          2024      G      2.233978E-03  -2.722475E-04  -1.725406E-02   1.863304E-01   4.180433E-01   1.186468E+00
          2025      G      2.549321E-03  -2.987762E-06  -1.425691E-01   5.270578E-05   6.682466E+00   4.596450E-05
          2026      G      3.148968E-03  -3.968998E-06  -2.397802E-02  -2.700224E-04   5.327667E-01  -2.914643E-03
          2027      G      1.714653E-03   6.587497E-07  -1.610543E-06  -1.601425E-03   2.965438E-02  -6.877749E-01
1                                                       **STUDENT EDITION*    APRIL  18, 2026  MSC Nastran  3/ 3/26   PAGE    89
     DEFAULT                                                                                                                        
0                                                                                                            SUBCASE 1              
      EIGENVALUE =  6.806971E+06
          CYCLES =  4.152380E+02         R E A L   E I G E N V E C T O R   N O .          8
 
      POINT ID.   TYPE          T1             T2             T3             R1             R2             R3
          2028      G      1.729258E-03   2.132062E-04   4.506025E-04   1.266151E-03  -8.737047E-05  -8.247912E-01
          2029      G      1.594940E-03  -4.800512E-04   4.529477E-04   6.530865E-04  -1.745450E-04  -7.579953E-01
          2030      G      1.853108E-03   5.255289E-06   2.061677E-03   7.452223E-02  -3.096846E+00   1.127902E-02
          2031      G      1.750198E-03   1.614974E-04   8.231521E-02   2.918858E+00  -2.379930E+00   4.521618E-03
          2032      G      1.823106E-03   2.042898E-04   1.280131E-01   5.192501E+00  -4.560558E-01  -1.151884E-03
          2033      G      1.363256E-03   2.574200E-06   5.095917E-04   1.333087E-03  -7.530561E-06  -6.798845E-01
          2034      G      7.940976E-04   5.933296E-04   4.752691E-04   1.210700E-03   2.868341E-04  -3.693469E-01
          2035      G      1.899895E-03   2.845097E-04   8.145764E-02   2.914965E+00   3.473214E+00  -1.271207E-02
          2036      G      2.256777E-03  -2.929848E-04   1.736530E-02   1.888553E-01   4.395063E-01  -1.154172E+00
          2037      G      1.728842E-03  -2.130641E-04  -4.492615E-04  -1.261946E-03  -8.326208E-05  -8.242259E-01
          2038      G      1.593305E-03   4.820995E-04  -4.522177E-04  -6.512392E-04  -1.743500E-04  -7.568293E-01
          2039      G      1.734438E-03  -1.476419E-04  -7.959256E-02  -2.841067E+00  -2.470231E+00   4.794540E-03
          2040      G      1.802547E-03  -1.952582E-04  -1.274601E-01  -5.206586E+00  -5.030862E-01  -4.518266E-04
          2041      G      1.372765E-03  -1.245216E-05  -5.094338E-04  -1.341602E-03  -8.350602E-06  -6.823825E-01
          2042      G      8.049828E-04  -5.971929E-04  -4.751685E-04  -1.215719E-03   2.842355E-04  -3.730911E-01
          2043      G      1.866900E-03  -2.773922E-04  -8.124893E-02  -2.921173E+00   3.482070E+00  -1.162536E-02
          2044      G      2.238197E-03   2.642831E-04  -1.725680E-02  -1.866674E-01   4.186157E-01  -1.191550E+00
          3000      G     -4.769083E-04   1.324621E-05   7.804423E-06  -1.498069E-03  -1.722971E-02   1.040337E-01
          3001      G     -4.888626E-04  -1.464357E-05   2.030411E-04   1.528997E-02  -1.509184E-02   7.174585E-02
          3002      G     -4.765095E-04   4.224344E-05   5.554241E-04   9.172227E-03  -1.142112E-02   3.268396E-02
          3003      G     -4.637176E-04   1.696001E-05  -7.043389E-05  -1.392964E-03   2.771375E-01   2.613004E-03
          3004      G     -4.219350E-04   5.891220E-05  -7.627100E-03   2.923186E-01   2.122472E-01   1.739431E-03
          3005      G     -4.028585E-04   1.073573E-04  -9.890466E-03   5.090326E-01  -1.027852E-01   1.227122E-03
          3006      G     -1.774448E-04   1.756076E-05  -3.165397E-05  -3.158333E-03  -4.149536E-02   1.567551E-04
          3007      G     -3.429195E-04   2.325597E-05  -1.273949E-02  -5.027157E-03   7.443811E-01   1.452656E-04
          3008      G     -4.839529E-04   2.847042E-05  -2.106745E-02  -5.175904E-03  -1.142806E-01   1.248655E-04
          3009      G     -4.044383E-04   2.675633E-04   1.142032E-03   4.973128E-04  -3.191597E-02   1.253040E-01
          3010      G     -2.641177E-04   4.490194E-04   3.122403E-03  -7.231357E-02  -8.517272E-02   5.906040E-01
          3011      G     -4.422894E-04   1.928576E-04   1.170853E-03   1.083780E-01  -6.407089E-01   6.765455E-05
          3012      G     -5.454514E-04   2.104660E-04   1.285723E-02  -2.162804E-01  -1.005734E-01   1.304943E+00
          3013      G     -5.558655E-04   3.265121E-05  -2.018143E-03  -4.214788E-03  -1.147888E+00   1.403346E-04
          3014      G     -6.683901E-04   3.853578E-05   1.736515E-02  -1.337238E-02  -1.474677E-01   2.914544E-02
          3015      G     -4.897614E-04   4.933779E-05  -1.770068E-04  -2.117822E-02  -1.909490E-02   8.316592E-02
          3016      G     -4.789697E-04  -5.098735E-06  -5.316899E-04  -1.534971E-02  -1.163912E-02   2.338015E-02
          3017      G     -4.246254E-04  -2.450463E-05   7.549483E-03  -2.964035E-01   2.138981E-01   1.691867E-03
          3018      G     -4.074828E-04  -6.829335E-05   9.878536E-03  -5.182585E-01  -1.009981E-01   1.174561E-03
          3019      G     -3.437165E-04   1.198648E-05   1.278620E-02  -2.197107E-03   7.511679E-01   1.486943E-04
          3020      G     -4.844850E-04   7.584482E-06   2.120212E-02  -1.283793E-03  -1.168196E-01   1.300247E-04
          3021      G     -4.128846E-04  -2.190766E-04  -1.101009E-03  -1.437822E-02  -2.718975E-02   1.009306E-01
          3022      G     -2.776982E-04  -4.042537E-04  -3.045945E-03   4.816908E-02  -8.316024E-02   6.126662E-01
          3023      G     -4.457211E-04  -1.516768E-04  -1.121491E-03  -1.188920E-01  -6.375543E-01   1.126204E-04
          3024      G     -5.462462E-04  -1.720014E-04  -1.287331E-02   2.087849E-01  -1.080578E-01   1.348357E+00
          3025      G     -5.579046E-04   3.850282E-06   2.122185E-03  -6.013753E-04  -1.148753E+00   1.138268E-04
          3026      G     -6.721357E-04   8.675740E-07  -1.732878E-02   8.149951E-05  -1.511805E-01   9.432107E-04
          3027      G     -4.570531E-04   1.453448E-05  -9.227134E-06  -2.627460E-03  -1.892685E-02  -1.218811E-01
          3028      G     -4.689927E-04   5.973979E-05   1.712234E-04  -2.336068E-02  -1.828135E-02  -9.052661E-02
          3029      G     -4.583167E-04   1.244719E-05   5.235399E-04  -1.724314E-02  -1.148822E-02  -3.196657E-02
          3030      G     -4.552396E-04   1.665599E-05  -4.815103E-05   6.813123E-04   2.768064E-01  -2.287762E-03
          3031      G     -4.147641E-04  -1.438559E-05  -7.609787E-03  -2.917913E-01   2.106738E-01  -1.381900E-03
          3032      G     -3.969194E-04  -4.854798E-05  -9.884868E-03  -5.126244E-01  -1.007530E-01  -8.724316E-04
1                                                       **STUDENT EDITION*    APRIL  18, 2026  MSC Nastran  3/ 3/26   PAGE    90
     DEFAULT                                                                                                                        
0                                                                                                            SUBCASE 1              
      EIGENVALUE =  6.806971E+06
          CYCLES =  4.152380E+02         R E A L   E I G E N V E C T O R   N O .          8
 
      POINT ID.   TYPE          T1             T2             T3             R1             R2             R3
          3033      G     -3.933218E-04  -1.920639E-04   1.101918E-03  -1.432345E-02  -2.722672E-02  -1.086696E-01
          3034      G     -2.601399E-04  -3.669599E-04   3.047567E-03   4.804497E-02  -8.213160E-02  -6.153718E-01
          3035      G     -4.350767E-04  -1.227111E-04   1.115339E-03  -1.164227E-01  -6.376974E-01   1.255347E-04
          3036      G     -5.349073E-04  -1.386672E-04   1.288206E-02   2.136736E-01  -1.081012E-01  -1.368576E+00
          3037      G     -4.705523E-04  -2.693813E-05  -1.899995E-04   1.788120E-02  -1.856422E-02  -9.197653E-02
          3038      G     -4.610375E-04   1.843941E-05  -5.403183E-04   1.340111E-02  -1.168467E-02  -3.348633E-02
          3039      G     -4.154278E-04   4.727523E-05   7.565347E-03   2.962950E-01   2.134273E-01  -1.396305E-03
          3040      G     -3.986929E-04   8.289985E-05   9.886742E-03   5.179462E-01  -1.012204E-01  -9.136241E-04
          3041      G     -3.966949E-04   2.263482E-04  -1.109884E-03   1.227704E-02  -2.710118E-02  -1.093231E-01
          3042      G     -2.631031E-04   4.024278E-04  -3.053055E-03  -4.904305E-02  -8.242634E-02  -6.174850E-01
          3043      G     -4.375481E-04   1.585273E-04  -1.126272E-03   1.190482E-01  -6.381298E-01   1.100423E-04
          3044      G     -5.384866E-04   1.737800E-04  -1.287714E-02  -2.091063E-01  -1.071885E-01  -1.348501E+00
          4000      G     -3.010961E-03  -7.018602E-06   3.161849E-07   2.036655E-04  -5.954419E-02  -5.212203E-01
          4001      G     -3.070618E-03  -3.362874E-04  -4.896144E-04   1.566418E-01  -6.281673E-02  -4.605900E-01
          4002      G     -3.065745E-03  -1.741322E-04   3.910834E-04   6.408575E-02  -7.231273E-02  -4.397931E-01
          4003      G     -3.231087E-03  -7.110583E-06  -8.221287E-06   2.718995E-04   1.647835E+00   4.275907E-03
          4004      G     -3.091054E-03   1.177317E-05  -4.153146E-02   1.383598E+00   1.100208E+00   1.276862E-03
          4005      G     -3.067103E-03  -2.326482E-07  -6.137956E-02   2.588518E+00   8.138562E-02   3.589901E-04
          4006      G     -2.369817E-03  -7.141768E-06  -1.340607E-05   1.619683E-04  -4.566753E-02  -6.958355E-05
          4007      G     -2.872386E-03  -9.138350E-06  -6.635620E-02   1.902433E-04   3.957209E+00  -7.296729E-05
          4008      G     -3.184961E-03  -1.113622E-05  -1.164895E-01   3.578433E-04  -3.240311E-01  -7.377084E-05
          4009      G     -2.981100E-03   3.007759E-05   1.253134E-03   1.854714E-01   7.286413E-02  -9.131130E-01
          4010      G     -2.779184E-03   3.338615E-04   3.772083E-03  -3.112812E-03  -1.671979E-01   3.752665E-01
          4011      G     -3.135537E-03   1.262967E-04  -3.026752E-02   1.174203E+00  -2.146519E+00  -2.460819E-03
          4012      G     -3.279569E-03   1.990826E-05   1.060897E-02  -2.244911E-01  -3.650365E-01   1.396614E+00
          4013      G     -3.415183E-03  -1.302466E-05  -5.595685E-02   5.109297E-04  -3.893358E+00  -8.276233E-05
          4014      G     -3.717836E-03  -1.555693E-05   1.381129E-02   4.079852E-04  -4.809489E-01  -1.734692E-03
          4015      G     -3.071311E-03   3.216388E-04   4.896101E-04  -1.561187E-01  -6.296280E-02  -4.601395E-01
          4016      G     -3.067044E-03   1.591527E-04  -3.990481E-04  -6.382330E-02  -7.270969E-02  -4.372568E-01
          4017      G     -3.091144E-03  -2.607329E-05   4.152027E-02  -1.383456E+00   1.100484E+00   1.290117E-03
          4018      G     -3.067353E-03  -1.478056E-05   6.137573E-02  -2.588719E+00   8.156614E-02   3.888221E-04
          4019      G     -2.872124E-03  -5.306594E-06   6.634397E-02   1.549997E-04   3.958256E+00  -6.778583E-05
          4020      G     -3.184463E-03  -3.491651E-06   1.164912E-01   2.077334E-05  -3.243423E-01  -6.554818E-05
          4021      G     -2.982401E-03  -4.659429E-05  -1.271753E-03  -1.850693E-01   7.271919E-02  -9.088004E-01
          4022      G     -2.778912E-03  -3.530899E-04  -3.795996E-03   3.787550E-03  -1.679332E-01   3.842755E-01
          4023      G     -3.136152E-03  -1.425794E-04   3.026677E-02  -1.174937E+00  -2.146371E+00  -2.435256E-03
          4024      G     -3.281820E-03  -3.660612E-05  -1.061311E-02   2.234148E-01  -3.658830E-01   1.399425E+00
          4025      G     -3.414960E-03  -1.842053E-06   5.596896E-02  -2.293854E-05  -3.892480E+00  -6.337700E-05
          4026      G     -3.717579E-03  -2.072951E-07  -1.378940E-02   9.362827E-06  -4.812939E-01   2.177530E-04
          4027      G     -3.022044E-03  -7.143005E-06   2.233956E-06   5.906232E-05  -5.951045E-02   5.247986E-01
          4028      G     -3.082133E-03   3.178421E-04  -4.884258E-04  -1.560856E-01  -6.298105E-02   4.637079E-01
          4029      G     -3.077676E-03   1.519016E-04   4.013328E-04  -6.343240E-02  -7.276739E-02   4.411776E-01
          4030      G     -3.236837E-03  -7.252359E-06  -1.044785E-05  -3.238726E-04   1.647758E+00  -4.414937E-03
          4031      G     -3.096973E-03  -2.996378E-05  -4.153309E-02  -1.383695E+00   1.100200E+00  -1.423010E-03
          4032      G     -3.073226E-03  -2.221360E-05  -6.137983E-02  -2.588897E+00   8.127555E-02  -5.153557E-04
          4033      G     -2.992844E-03  -5.707335E-05   1.273255E-03  -1.844086E-01   7.270677E-02   9.134807E-01
          4034      G     -2.789630E-03  -3.656134E-04   3.797183E-03   4.746066E-03  -1.677919E-01  -3.779178E-01
          4035      G     -3.142223E-03  -1.532638E-04  -3.026581E-02  -1.174985E+00  -2.146447E+00   2.313443E-03
          4036      G     -3.287653E-03  -5.019220E-05   1.062017E-02   2.236422E-01  -3.661332E-01  -1.391540E+00
          4037      G     -3.082053E-03  -3.323952E-04   4.903006E-04   1.563124E-01  -6.305422E-02   4.626666E-01
1                                                       **STUDENT EDITION*    APRIL  18, 2026  MSC Nastran  3/ 3/26   PAGE    91
     DEFAULT                                                                                                                        
0                                                                                                            SUBCASE 1              
      EIGENVALUE =  6.806971E+06
          CYCLES =  4.152380E+02         R E A L   E I G E N V E C T O R   N O .          8
 
      POINT ID.   TYPE          T1             T2             T3             R1             R2             R3
          4038      G     -3.077495E-03  -1.662625E-04  -3.982995E-04   6.389088E-02  -7.276900E-02   4.397867E-01
          4039      G     -3.096737E-03   1.548814E-05   4.151736E-02   1.383398E+00   1.100510E+00  -1.424118E-03
          4040      G     -3.072774E-03   7.708778E-06   6.137522E-02   2.588809E+00   8.167957E-02  -5.186136E-04
          4041      G     -2.992623E-03   4.282088E-05  -1.270631E-03   1.853956E-01   7.267587E-02   9.113478E-01
          4042      G     -2.788987E-03   3.528873E-04  -3.794721E-03  -3.507086E-03  -1.681961E-01  -3.827394E-01
          4043      G     -3.141433E-03   1.389273E-04   3.026985E-02   1.174914E+00  -2.146280E+00   2.308948E-03
          4044      G     -3.287019E-03   3.615232E-05  -1.061150E-02  -2.234556E-01  -3.662017E-01  -1.399314E+00
1                                                       **STUDENT EDITION*    APRIL  18, 2026  MSC Nastran  3/ 3/26   PAGE    92
     DEFAULT                                                                                                                        
0                                                                                                            SUBCASE 1              
      EIGENVALUE =  7.099665E+06
          CYCLES =  4.240715E+02         R E A L   E I G E N V E C T O R   N O .          9
 
      POINT ID.   TYPE          T1             T2             T3             R1             R2             R3
             1      G      0.0            0.0            0.0            0.0            0.0            0.0
             2      G      0.0            0.0            0.0            0.0            0.0            0.0
             3      G      0.0            0.0            0.0            0.0            0.0            0.0
             4      G      0.0            0.0            0.0            0.0            0.0            0.0
             5      G      0.0            0.0            0.0            0.0            0.0            0.0
             6      G      0.0            0.0            0.0            0.0            0.0            0.0
             7      G      0.0            0.0            0.0            0.0            0.0            0.0
             8      G      0.0            0.0            0.0            0.0            0.0            0.0
            10      G      2.098666E-05   1.810965E-06   8.460811E-05   1.273929E-04  -3.252546E-06  -1.675074E-03
            11      G     -2.123810E-05   1.495023E-06  -8.429085E-05   1.270837E-04   1.389563E-06  -1.667109E-03
            12      G      1.778252E-05   4.388706E-06   2.195467E-04   1.294115E-04   3.653557E-05  -3.335309E-03
            13      G     -1.797150E-05   4.203632E-06  -2.194016E-04   1.293826E-04  -3.702513E-05  -3.403473E-03
            14      G     -1.860699E-05   4.276507E-06   2.188232E-04   1.294028E-04  -4.028140E-05   3.409300E-03
            15      G      1.963535E-05   4.097513E-06  -2.190107E-04   1.302855E-04   4.459446E-05   3.231203E-03
            16      G     -2.225828E-05  -2.330239E-07   8.408708E-05   1.341519E-04  -2.938970E-06   1.583409E-03
            17      G      2.086273E-05   7.042480E-06  -8.356139E-05   1.006257E-04   3.967161E-06   2.159341E-03
           100      G      3.026458E-05  -1.430006E-05  -6.254059E-04  -9.594692E-03  -3.823040E-06  -1.702952E-03
           101      G      2.802174E-06  -2.681101E-05  -1.150961E-04  -7.497982E-03   8.817378E-05   1.089325E-03
           102      G      2.126827E-05  -8.419670E-06  -5.611678E-04  -4.092578E-03   4.356366E-03  -1.805817E-04
           103      G      1.448771E-06  -9.474737E-06  -7.395317E-05  -6.907141E-03   1.836851E-03  -5.016379E-04
           104      G      1.192228E-06  -2.142763E-05  -7.464152E-04  -9.275626E-03   2.707589E-04   2.858356E-05
           105      G      1.262077E-06  -1.676315E-05  -2.774866E-05  -6.789605E-03   2.100289E-04  -2.009460E-06
           106      G      4.386938E-05   6.482797E-05  -2.208260E-04   1.302855E-04   4.459446E-05   3.231203E-03
           107      G      4.386938E-05  -2.140476E-05  -2.196359E-04   1.302855E-04   4.459446E-05   3.231203E-03
           108      G      1.327355E-07  -7.310101E-05  -1.030583E-03  -1.621730E-02   5.887711E-05  -3.277951E-05
           109      G      3.705779E-05   2.323754E-05  -8.434583E-05   1.006257E-04   3.967161E-06   2.159341E-03
           110      G      1.868251E-05  -5.153873E-05  -1.082320E-03   6.954415E-03   5.234491E-04  -6.981511E-03
           111      G      3.705779E-05  -3.708906E-05  -8.423500E-05   1.006257E-04   3.967161E-06   2.159341E-03
           112      G      4.050615E-05  -5.424235E-05  -7.912729E-04  -2.237785E-03   1.656414E-02  -5.292856E-04
           113      G     -2.160139E-06  -2.921075E-04  -5.672368E-05  -4.409936E-02   1.099357E-03   1.761555E-02
           114      G      3.434463E-06  -5.519227E-05  -8.019906E-05  -1.981801E-02  -2.262515E-03  -1.017808E-02
           115      G     -2.704094E-05  -1.521370E-05  -5.801216E-04  -1.342967E-02  -6.549295E-04   1.830563E-03
           116      G      1.940320E-06  -2.895546E-05   8.251585E-05  -7.778977E-03   1.504583E-05  -1.136577E-03
           117      G     -1.874800E-05  -8.129007E-06  -5.316733E-04  -6.092796E-03  -3.726710E-03   2.000531E-04
           118      G      7.945910E-07  -9.903439E-06   3.015939E-05  -7.112704E-03   2.319090E-03   5.637640E-04
           119      G     -4.349755E-05   6.817190E-05  -2.210679E-04   1.293826E-04  -3.702513E-05  -3.403473E-03
           120      G     -4.349755E-05  -2.265828E-05  -2.200798E-04   1.293826E-04  -3.702513E-05  -3.403473E-03
           121      G     -3.374142E-05   1.399834E-05  -8.523355E-05   1.270837E-04   1.389563E-06  -1.667109E-03
           122      G     -6.422554E-06  -6.968790E-05  -1.209960E-03   5.201655E-03  -1.605540E-03   6.246953E-03
           123      G     -3.374142E-05  -3.257652E-05  -8.527237E-05   1.270837E-04   1.389563E-06  -1.667109E-03
           124      G     -3.510127E-05  -6.037785E-05  -8.266559E-04  -5.130576E-03  -2.099242E-02   7.014044E-04
           125      G      2.812454E-06  -3.104465E-04   8.502511E-06  -4.527640E-02  -1.416066E-04  -1.916125E-02
           126      G      2.949330E-06  -6.000106E-05   4.825194E-05  -2.015066E-02  -1.507623E-03   1.093586E-02
           127      G     -2.509452E-05  -1.408368E-05   5.863926E-04  -1.383173E-02  -1.114118E-03  -1.844348E-03
           128      G     -1.760228E-05  -7.272916E-06   5.321988E-04  -6.802248E-03  -3.642969E-03  -1.968500E-04
           129      G      1.556217E-06  -2.146949E-05   7.476214E-04  -1.014269E-02   5.847455E-04  -7.284673E-06
           130      G     -4.417674E-05   6.835430E-05   2.205508E-04   1.294028E-04  -4.028140E-05   3.409300E-03
           131      G     -4.417674E-05  -2.263140E-05   2.194758E-04   1.294028E-04  -4.028140E-05   3.409300E-03
           132      G     -2.790456E-07  -7.198022E-05   1.024073E-03  -1.609257E-02   1.431234E-06  -8.217117E-05
           133      G     -3.413385E-05   1.164254E-05   8.511526E-05   1.341519E-04  -2.938970E-06   1.583409E-03
1                                                       **STUDENT EDITION*    APRIL  18, 2026  MSC Nastran  3/ 3/26   PAGE    93
     DEFAULT                                                                                                                        
0                                                                                                            SUBCASE 1              
      EIGENVALUE =  7.099665E+06
          CYCLES =  4.240715E+02         R E A L   E I G E N V E C T O R   N O .          9
 
      POINT ID.   TYPE          T1             T2             T3             R1             R2             R3
           134      G     -2.596614E-06  -7.445652E-05   1.216199E-03   4.094321E-03  -2.112044E-03  -4.398802E-03
           135      G     -3.413385E-05  -3.259395E-05   8.503316E-05   1.341519E-04  -2.938970E-06   1.583409E-03
           136      G     -3.213852E-05  -5.728112E-05   8.356915E-04  -5.528975E-03  -2.076944E-02  -7.593056E-04
           137      G      2.958633E-05  -1.498522E-05   6.817078E-04  -1.038052E-02   8.841441E-04   1.740083E-03
           138      G      2.138312E-05  -8.291596E-06   5.882048E-04  -4.932732E-03   5.516672E-03   1.841714E-04
           139      G      4.279734E-05   6.707583E-05   2.212040E-04   1.294115E-04   3.653557E-05  -3.335309E-03
           140      G      4.279734E-05  -2.193523E-05   2.202289E-04   1.294115E-04   3.653557E-05  -3.335309E-03
           141      G      3.354971E-05   1.437402E-05   8.553916E-05   1.273929E-04  -3.252546E-06  -1.675074E-03
           142      G      1.046437E-05  -6.716587E-05   1.224648E-03   5.552159E-03   1.532380E-03   6.517267E-03
           143      G      3.354971E-05  -3.242335E-05   8.563003E-05   1.273929E-04  -3.252546E-06  -1.675074E-03
           144      G      3.803024E-05  -6.058468E-05   8.884006E-04  -3.321864E-03   1.878343E-02   6.453681E-04
           200      G      3.718275E-05   2.006783E-05  -8.434583E-05   1.006257E-04   3.967161E-06   2.159341E-03
           201      G      3.718275E-05  -4.025877E-05  -8.423500E-05   1.006257E-04   3.967161E-06   2.159341E-03
           202      G      4.527410E-05   6.072397E-05  -2.208260E-04   1.302855E-04   4.459446E-05   3.231203E-03
           203      G      4.527410E-05  -2.550876E-05  -2.196359E-04   1.302855E-04   4.459446E-05   3.231203E-03
           204      G      3.414319E-06   1.470865E-04  -1.432138E-03   8.243757E-04  -4.852888E-04  -1.034420E-03
           205      G     -1.445875E-05   9.770386E-05  -1.295277E-03   3.240204E-02   9.888768E-03  -2.226589E-02
           206      G      6.882292E-06   2.298443E-05  -1.005525E-04  -1.041371E-01  -1.169306E-03   2.457896E-02
           207      G     -3.369765E-05   9.995205E-06  -8.523355E-05   1.270837E-04   1.389563E-06  -1.667109E-03
           208      G     -3.369765E-05  -3.657966E-05  -8.527237E-05   1.270837E-04   1.389563E-06  -1.667109E-03
           209      G     -4.466384E-05   6.409634E-05  -2.210679E-04   1.293826E-04  -3.702513E-05  -3.403473E-03
           210      G     -4.466384E-05  -2.673384E-05  -2.200798E-04   1.293826E-04  -3.702513E-05  -3.403473E-03
           211      G      6.092716E-05   8.516190E-05  -1.469222E-03   5.337550E-02  -1.721849E-02   2.585935E-02
           212      G      1.279764E-05   2.068834E-05   1.027592E-05  -1.475833E-01  -2.611531E-03  -3.645414E-02
           213      G     -3.422643E-05   7.416760E-06   8.511526E-05   1.341519E-04  -2.938970E-06   1.583409E-03
           214      G     -3.422643E-05  -3.681973E-05   8.503316E-05   1.341519E-04  -2.938970E-06   1.583409E-03
           215      G     -4.544561E-05   6.427811E-05   2.205508E-04   1.294028E-04  -4.028140E-05   3.409300E-03
           216      G     -4.544561E-05  -2.670759E-05   2.194758E-04   1.294028E-04  -4.028140E-05   3.409300E-03
           217      G     -1.572092E-06   1.509395E-04   1.421930E-03   4.333243E-04  -3.179952E-04   7.958482E-05
           218      G      6.180026E-05   5.934587E-05   1.493832E-03   3.617185E-02  -1.759767E-02  -1.865691E-02
           219      G      3.344726E-05   1.036114E-05   8.553916E-05   1.273929E-04  -3.252546E-06  -1.675074E-03
           220      G      3.344726E-05  -3.643623E-05   8.563003E-05   1.273929E-04  -3.252546E-06  -1.675074E-03
           221      G      4.394821E-05   6.299937E-05   2.212040E-04   1.294115E-04   3.653557E-05  -3.335309E-03
           222      G      4.394821E-05  -2.601169E-05   2.202289E-04   1.294115E-04   3.653557E-05  -3.335309E-03
           223      G     -4.167219E-05   8.392254E-05   1.486071E-03   5.267886E-02   1.351065E-02   2.528392E-02
           224      G     -1.817083E-07   1.628579E-05  -7.653222E-04  -1.112446E-03   2.372086E-03  -1.662223E-03
           225      G      9.131661E-06   2.703864E-05  -8.839156E-04  -3.076524E-03  -1.310050E-03   1.429981E-03
           226      G     -2.927959E-06   6.113182E-05  -6.324670E-04  -2.159236E-03   2.123907E-03  -5.496232E-04
           227      G     -2.275646E-06   3.605895E-05  -4.819280E-04  -1.003177E-02   1.822625E-02  -1.056476E-03
           228      G      4.516055E-06   4.536078E-05  -8.541679E-04  -4.272640E-02   5.712725E-03   1.737841E-04
           229      G     -7.700499E-07   5.677016E-05  -2.256923E-05  -7.287960E-04   6.286018E-04  -2.401888E-05
           230      G     -4.794662E-06   2.466950E-05  -9.257729E-04   1.153686E-02   1.668819E-02   6.137829E-04
           231      G      1.749607E-05   2.893867E-05  -5.078199E-04  -4.033235E-02  -1.744132E-02  -3.407818E-03
           232      G      1.684988E-05   1.395214E-05   2.309666E-04  -3.130140E-02  -1.223005E-03   1.871504E-03
           233      G      6.062053E-06   2.742409E-05   8.485041E-04  -2.963956E-03  -1.183093E-03  -1.369817E-03
           234      G      1.734824E-05   6.442277E-05  -6.880408E-05  -1.869645E-02   1.699713E-02   5.317213E-04
           235      G     -3.933426E-06   3.576127E-05   4.408703E-04  -9.627325E-03   1.840524E-02   1.045771E-03
           236      G      3.026387E-05   2.353405E-05  -4.357123E-04   2.577161E-03  -4.587175E-02  -3.676380E-04
           237      G      1.253662E-05   2.977971E-05   4.556274E-04  -5.595923E-02  -1.806332E-02   4.951605E-03
           238      G      1.621427E-05   1.436887E-05  -4.645080E-05  -3.004568E-02  -3.296870E-03  -1.957652E-03
1                                                       **STUDENT EDITION*    APRIL  18, 2026  MSC Nastran  3/ 3/26   PAGE    94
     DEFAULT                                                                                                                        
0                                                                                                            SUBCASE 1              
      EIGENVALUE =  7.099665E+06
          CYCLES =  4.240715E+02         R E A L   E I G E N V E C T O R   N O .          9
 
      POINT ID.   TYPE          T1             T2             T3             R1             R2             R3
           239      G      1.603554E-05   6.503984E-05   1.697380E-04  -1.835002E-02   1.290740E-02  -5.523689E-04
           240      G      2.764835E-06   4.646315E-05   8.719928E-04  -4.295510E-02   4.268825E-03  -2.657393E-05
           241      G      2.934759E-05   2.164745E-05   5.683642E-04  -2.220756E-03  -3.990230E-02   1.008913E-04
           242      G     -8.094272E-06   1.729668E-05   6.926097E-04  -1.622505E-03   1.956290E-03   1.689132E-03
           243      G     -7.804827E-06   6.314826E-05   6.019248E-04  -2.950003E-03  -3.556139E-04   5.524154E-04
           244      G     -1.824882E-05   2.187143E-05   9.476240E-04   1.829226E-02   2.406594E-02  -4.742777E-04
           300      G     -2.234191E-04   7.625641E-03  -2.262924E-03   1.154190E+00   3.637468E-02  -2.019523E-01
           301      G     -8.369645E-05   6.226656E-03  -2.036604E-03   6.907484E-01  -6.332655E-02  -6.868896E-02
           302      G     -3.303950E-05   1.096192E-02  -4.056633E-03   2.099454E+00   2.123100E-02  -4.712522E-02
           303      G     -1.613263E-04   7.092884E-04   1.340250E-04  -9.811281E-01   6.383375E-02  -2.472321E-03
           304      G     -3.633200E-05   7.663287E-04  -5.680803E-04  -5.616006E-01   1.204959E-01  -1.024995E-01
           305      G      1.663012E-03   6.809561E-04  -2.190261E-03  -7.890309E-01  -2.771558E-01   1.348280E-01
           306      G     -1.429962E-04   3.814700E-04  -3.026301E-04   3.632328E+00   9.305543E-03  -3.317522E-01
           307      G      2.431470E-04   7.959192E-03  -2.286150E-03   1.234892E+00  -4.890985E-02   2.607913E-01
           308      G      1.017417E-04   5.789925E-03  -2.068824E-03   6.065880E-01   1.035501E-01   6.054001E-02
           309      G      3.756337E-04   5.377430E-04   2.150566E-04  -1.163473E+00  -4.947374E-02   7.676838E-03
           310      G      5.468489E-05   3.210682E-04  -6.149128E-04  -6.802721E-01  -1.471922E-01   1.028102E-01
           311      G     -1.719018E-03   5.939019E-04  -2.489966E-03  -1.118068E+00   2.045503E-01  -2.186655E-01
           312      G     -4.895274E-05   4.631269E-04   1.090980E-05   4.834186E+00  -1.407900E-02   4.511350E-01
           313      G      2.262133E-04   7.942224E-03   2.263345E-03   1.214447E+00  -4.826086E-02  -2.617685E-01
           314      G      8.293663E-05   5.788328E-03   2.067437E-03   6.042532E-01   1.107953E-01  -6.548083E-02
           315      G     -1.353503E-05   1.117140E-02   4.063811E-03   2.149408E+00  -1.819769E-03  -1.444877E-03
           316      G      3.562733E-04   4.630783E-04  -2.369706E-04  -1.197173E+00  -3.458056E-02  -1.115506E-03
           317      G      4.569877E-05   3.240205E-04   6.247368E-04  -6.801267E-01  -1.508549E-01  -1.061640E-01
           318      G     -1.623089E-03   5.358416E-04   2.622679E-03  -8.297578E-01   1.998129E-01   1.416305E-01
           319      G     -2.582341E-04   7.984905E-03   2.288897E-03   1.242447E+00   4.598869E-02   2.619809E-01
           320      G     -1.134847E-04   5.822245E-03   2.072636E-03   6.185649E-01  -1.101187E-01   6.514856E-02
           321      G     -4.109461E-04   5.053534E-04  -2.149418E-04  -1.155766E+00   3.556940E-02   8.340308E-03
           322      G     -8.085401E-05   3.213051E-04   6.216660E-04  -6.589826E-01   1.482111E-01   1.054597E-01
           323      G      1.624477E-03   5.813507E-04   2.517286E-03  -1.120412E+00  -2.329978E-01  -2.180576E-01
           324      G     -1.248923E-03   1.246019E-04  -2.874324E+00  -3.595376E+00  -6.303551E+01   4.599618E-01
           325      G     -3.076848E-05  -6.786971E-03  -8.373289E-05  -2.905341E+00  -2.272891E-02  -1.245771E+00
           326      G     -9.148072E-04   7.313648E-04  -4.147877E+00   2.955685E+01  -7.160415E+00   8.260643E-03
           327      G     -1.860603E-05  -2.802965E-03  -5.297839E-04  -7.513128E+01  -2.436318E-02   3.076292E-01
           328      G      2.159085E-05  -7.167023E-04  -3.870081E+00  -5.684957E+00  -1.003527E-01   1.091737E-02
           329      G     -2.822553E-05  -8.785750E-03  -1.287919E-03  -3.960201E+00  -2.222199E-02  -2.627982E-03
           330      G     -9.549903E-04   6.057548E-04  -1.199846E+00  -6.229779E+00  -6.794516E+01   4.731298E-03
           331      G     -7.819401E-05   9.927740E-04   1.609558E-04   9.499450E+00  -4.939752E-03   3.758291E-01
           332      G      1.243101E-03   2.213990E-05  -2.884140E+00  -3.625474E+00   6.296079E+01  -4.780037E-01
           333      G     -4.172401E-05  -6.862008E-03   9.881278E-05  -2.913550E+00  -1.604665E-02   1.258144E+00
           334      G      8.837577E-04   7.225449E-04  -4.153941E+00   2.968953E+01   6.941003E+00  -7.782949E-03
           335      G     -4.603490E-05  -2.820847E-03  -5.708647E-04  -7.531209E+01   2.994572E-02  -3.074275E-01
           336      G      9.974969E-04   5.457830E-04  -1.205805E+00  -6.265062E+00   6.830071E+01  -5.736140E-03
           337      G     -5.214082E-05   9.930365E-04   1.351375E-04   9.876310E+00   1.658957E-03  -3.786830E-01
           338      G      1.253071E-03   1.469274E-05   2.878589E+00  -3.711085E+00   6.298362E+01   4.749876E-01
           339      G      8.939692E-04   7.771297E-04   4.150446E+00   2.952795E+01   7.115786E+00   7.824680E-03
           340      G     -1.837649E-05  -7.573827E-04   3.872243E+00  -5.792544E+00   1.177277E-01   1.814481E-03
           341      G      1.021815E-03   5.146513E-04   1.202194E+00  -6.266447E+00   6.810776E+01   5.382752E-03
           342      G     -1.311904E-03   3.064190E-05   2.886476E+00  -3.630861E+00  -6.296563E+01  -4.766310E-01
           343      G     -9.329480E-04   7.741377E-04   4.156305E+00   2.964449E+01  -6.967743E+00  -7.775295E-03
1                                                       **STUDENT EDITION*    APRIL  18, 2026  MSC Nastran  3/ 3/26   PAGE    95
     DEFAULT                                                                                                                        
0                                                                                                            SUBCASE 1              
      EIGENVALUE =  7.099665E+06
          CYCLES =  4.240715E+02         R E A L   E I G E N V E C T O R   N O .          9
 
      POINT ID.   TYPE          T1             T2             T3             R1             R2             R3
           344      G     -1.076339E-03   5.438229E-04   1.207292E+00  -6.272047E+00  -6.837319E+01  -5.092273E-03
           400      G     -2.065957E-04   5.656442E-04  -1.388672E-03   9.283474E-02  -2.807754E-02   1.622638E-03
           401      G     -1.558367E-04   5.742044E-04  -2.362253E-03   1.009813E-01  -1.093621E-02  -1.161940E-02
           402      G      9.397647E-06   4.118589E-04  -2.123883E-03   7.908765E-02  -3.583009E-04  -2.068653E-03
           403      G     -2.245232E-04   1.096519E-03  -3.920478E-04   1.560040E-01   4.857960E-03  -5.677049E-03
           404      G     -2.892253E-04   8.354959E-04  -8.768976E-04   1.096440E-01  -1.439735E-02  -6.729074E-03
           405      G     -1.421051E-04   8.406139E-04  -1.407055E-03   1.491185E-02   1.378821E-02   4.231739E-02
           406      G     -4.636071E-06   9.600375E-04  -1.319328E-04  -7.805446E-02   2.983335E-03  -1.442904E-02
           407      G      2.370230E-04   5.659160E-04  -1.372631E-03   9.331972E-02   2.852029E-02  -4.631760E-04
           408      G      1.730973E-04   5.884253E-04  -2.361313E-03   1.037491E-01   1.157742E-02   9.293167E-03
           409      G      2.538186E-04   1.145440E-03  -3.958675E-04   1.784996E-01  -1.583847E-02   4.905003E-03
           410      G      3.378616E-04   8.731384E-04  -8.508287E-04   1.152121E-01   1.581007E-02   9.593476E-03
           411      G      1.748266E-04   8.643527E-04  -1.545808E-03   1.914095E-02  -1.489758E-02  -4.566405E-02
           412      G     -3.414647E-08   9.699005E-04   3.996857E-06  -1.045397E-01   1.638370E-03   1.567734E-02
           413      G      2.204792E-04   5.638028E-04   1.371064E-03   9.331097E-02   2.840971E-02  -8.064087E-05
           414      G      1.591315E-04   5.920171E-04   2.360051E-03   1.043843E-01   1.128816E-02  -1.122618E-02
           415      G     -1.019497E-05   4.120832E-04   2.109307E-03   7.928029E-02   4.086231E-04  -1.126243E-04
           416      G      2.374394E-04   1.121615E-03   4.053404E-04   1.841964E-01  -2.089288E-02  -7.049819E-03
           417      G      3.205304E-04   8.622473E-04   8.453012E-04   1.143020E-01   1.724593E-02  -9.626628E-03
           418      G      1.758706E-04   8.464969E-04   1.574061E-03   3.719448E-03  -1.593381E-02   4.610631E-02
           419      G     -2.428152E-04   5.670653E-04   1.371283E-03   9.342358E-02  -2.812364E-02  -2.815744E-04
           420      G     -1.789706E-04   5.925230E-04   2.365737E-03   1.043092E-01  -1.084977E-02   1.062347E-02
           421      G     -2.607128E-04   1.137388E-03   4.029294E-04   1.762907E-01   1.842407E-02   4.790191E-03
           422      G     -3.449734E-04   8.682771E-04   8.510369E-04   1.123452E-01  -1.595221E-02   9.651751E-03
           423      G     -1.776118E-04   8.582992E-04   1.550748E-03   1.976004E-02   1.845632E-02  -4.596702E-02
           424      G     -6.017334E-05   5.749462E-04  -1.828081E-04  -1.924790E-02  -6.053657E-03   2.836125E-03
           425      G      2.526126E-06   5.647960E-04  -1.361682E-05   9.274645E-02   1.611194E-03   3.589459E-03
           426      G     -1.840981E-05   4.675720E-04  -7.314693E-04  -4.291528E-02  -1.474578E-02   2.465613E-03
           427      G      2.626116E-06   4.706946E-04   1.022740E-05   9.048597E-02   8.262397E-04   2.904319E-03
           428      G      6.477733E-06   4.103770E-04  -7.069456E-04  -8.734568E-03   5.128506E-05   4.177955E-04
           429      G      2.407038E-06   4.122754E-04   2.992119E-05   7.631725E-02   1.572841E-03  -1.201543E-04
           430      G     -7.738651E-05   7.846567E-04  -7.923676E-04   8.826579E-03   3.889743E-02   4.076864E-03
           431      G      2.242661E-06   7.134444E-04  -5.048712E-05  -9.364308E-03   6.976427E-04   1.709954E-02
           432      G      7.515811E-05   5.835675E-04  -7.372639E-05  -1.674973E-02   9.694370E-03  -3.444012E-03
           433      G      8.102554E-07   5.734091E-04  -3.500568E-05   9.415538E-02   1.612430E-03  -3.875729E-03
           434      G      3.437181E-05   4.694544E-04  -7.012009E-04  -4.351575E-02   1.803906E-02  -2.618254E-03
           435      G      2.307106E-06   4.738077E-04  -1.630283E-06   9.196501E-02  -1.430658E-03  -2.982879E-03
           436      G      9.135840E-05   8.021894E-04  -7.740876E-04   1.503389E-02  -4.914351E-02  -4.481421E-03
           437      G      2.127051E-07   7.248829E-04  -1.548681E-05  -2.043379E-02   8.394331E-04  -1.806992E-02
           438      G      6.935700E-05   5.789140E-04   1.715236E-04  -1.576765E-02   1.141621E-02   3.327374E-03
           439      G      2.476022E-05   4.672752E-04   7.858560E-04  -4.175400E-02   1.482152E-02   2.464151E-03
           440      G     -4.556749E-06   4.132825E-04   7.414768E-04  -5.933867E-03  -3.490696E-04  -1.839929E-04
           441      G      8.879219E-05   7.902603E-04   8.199815E-04   1.122103E-02  -4.830822E-02   4.250387E-03
           442      G     -7.714832E-05   5.836698E-04   4.566843E-05  -1.791970E-02  -1.015835E-02  -3.658777E-03
           443      G     -3.405230E-05   4.699452E-04   7.130733E-04  -4.321542E-02  -1.796057E-02  -2.653147E-03
           444      G     -9.427502E-05   8.003807E-04   7.392925E-04   1.571534E-02   5.002223E-02  -4.470284E-03
           445      G     -4.122606E-04   8.211504E-04  -5.170349E-04  -2.556336E-02  -8.591497E-03   2.015634E-02
           446      G     -4.401976E-04   8.665607E-04  -8.676402E-04   1.207790E-03  -1.392662E-02  -6.229463E-03
           447      G     -4.058104E-04   7.506301E-04  -1.439986E-03   3.195209E-02  -2.176354E-02  -1.649586E-02
           448      G     -2.113872E-04   6.813785E-04  -1.979092E-03   3.019145E-02  -1.607213E-02  -4.352589E-03
1                                                       **STUDENT EDITION*    APRIL  18, 2026  MSC Nastran  3/ 3/26   PAGE    96
     DEFAULT                                                                                                                        
0                                                                                                            SUBCASE 1              
      EIGENVALUE =  7.099665E+06
          CYCLES =  4.240715E+02         R E A L   E I G E N V E C T O R   N O .          9
 
      POINT ID.   TYPE          T1             T2             T3             R1             R2             R3
           449      G      1.275966E-05   6.341992E-04  -2.173444E-03   3.740607E-02   3.992441E-05  -3.831808E-04
           450      G     -1.586691E-04   1.044982E-03  -1.184531E-03   6.777068E-03   2.484606E-02   1.351573E-03
           451      G      2.694570E-06   1.257253E-03  -7.665095E-05  -5.006590E-02   5.456232E-03  -2.414513E-02
           452      G      4.279174E-04   8.212230E-04  -5.319132E-04  -2.928422E-02   9.180166E-03  -2.264338E-02
           453      G      4.606681E-04   8.829059E-04  -8.525234E-04  -1.017483E-04   1.240394E-02   6.130428E-03
           454      G      4.335984E-04   7.620312E-04  -1.418887E-03   3.115631E-02   2.223072E-02   1.704715E-02
           455      G      2.393363E-04   6.871842E-04  -1.971902E-03   2.941727E-02   1.652075E-02   4.341967E-03
           456      G      1.726688E-04   1.077624E-03  -1.276938E-03   5.271276E-03  -2.953199E-02   5.892598E-04
           457      G      1.277749E-06   1.288285E-03   3.378050E-06  -5.135379E-02   4.149919E-04   2.527068E-02
           458      G      4.025435E-04   8.012900E-04   5.443626E-04  -3.085680E-02   9.279838E-03   2.292134E-02
           459      G      4.377694E-04   8.694747E-04   8.521052E-04  -9.636809E-05   1.189003E-02  -6.482004E-03
           460      G      4.122239E-04   7.525912E-04   1.417085E-03   3.138639E-02   2.225172E-02  -1.758103E-02
           461      G      2.159784E-04   6.819924E-04   1.965969E-03   2.990510E-02   1.626601E-02  -4.444972E-03
           462      G     -9.711594E-06   6.336086E-04   2.164766E-03   3.844036E-02   3.682873E-05  -2.224684E-04
           463      G      1.596205E-04   1.068173E-03   1.277558E-03   3.710898E-03  -3.229544E-02  -2.810774E-03
           464      G     -4.265751E-04   8.200202E-04   5.394538E-04  -2.877539E-02  -9.250224E-03  -2.270049E-02
           465      G     -4.597187E-04   8.822320E-04   8.539320E-04   6.951663E-04  -1.220645E-02   6.167899E-03
           466      G     -4.333044E-04   7.613382E-04   1.419161E-03   3.168032E-02  -2.222868E-02   1.736276E-02
           467      G     -2.366601E-04   6.867072E-04   1.968050E-03   3.009440E-02  -1.624867E-02   4.293542E-03
           468      G     -1.703037E-04   1.076329E-03   1.283036E-03   5.179605E-03   3.005248E-02   4.328869E-04
           469      G     -2.765779E-04   9.482350E-04  -6.801573E-04   2.838519E-02   5.506798E-03   1.156270E-04
           470      G     -2.836254E-04   8.591419E-04  -1.199513E-03   1.342357E-02  -4.085684E-02   7.003880E-03
           471      G     -2.064699E-04   7.375870E-04  -2.249064E-03   2.127828E-02  -3.190494E-02   8.086295E-03
           472      G     -1.123392E-04   6.390426E-04  -2.935221E-03   3.233275E-02  -1.997846E-02   3.754465E-03
           473      G      1.031684E-05   6.065512E-04  -3.167298E-03   2.873194E-02   3.365359E-04  -7.921584E-05
           474      G     -1.616094E-04   8.686679E-04  -1.391196E-03  -1.903742E-03  -3.363179E-02   5.337119E-03
           475      G     -1.209889E-04   7.300499E-04  -2.360264E-03  -1.807107E-02  -3.501186E-02   3.391904E-03
           476      G     -5.725304E-05   6.335742E-04  -3.102347E-03  -2.181425E-02  -1.896705E-02   2.002318E-03
           477      G      6.903510E-06   6.030304E-04  -3.343872E-03  -1.525708E-02   3.601266E-04  -1.459468E-04
           478      G     -6.274804E-05   1.098035E-03  -9.300289E-04  -3.048700E-02   1.390094E-02   1.084338E-02
           479      G     -8.744735E-05   8.950790E-04  -9.585240E-04  -4.136921E-02  -1.846959E-02   3.461490E-03
           480      G     -5.579135E-05   7.244953E-04  -1.525561E-03  -5.374195E-02  -1.973226E-02   3.780848E-03
           481      G     -2.739990E-05   6.356194E-04  -1.986774E-03  -7.321370E-02  -1.369088E-02   1.621056E-03
           482      G      5.335526E-08   8.743520E-04  -1.442930E-05  -3.742267E-02   1.699780E-04   1.258544E-02
           483      G     -2.782583E-08   7.303881E-04  -1.276339E-05  -7.334519E-02  -3.993211E-05   2.974682E-03
           484      G      4.517138E-07   6.352624E-04  -9.613126E-06  -9.298773E-02   2.529054E-04   2.223568E-03
           485      G      3.758796E-06   6.054583E-04  -2.180756E-03  -8.025952E-02   2.895269E-04  -1.240565E-04
           486      G      6.211586E-07   6.070465E-04  -6.925659E-07  -1.036007E-01   2.712792E-04  -1.236294E-04
           487      G      2.935296E-04   9.636214E-04  -7.218180E-04   3.248590E-02  -7.429659E-03   2.809178E-04
           488      G      3.051938E-04   8.754020E-04  -1.187060E-03   1.339661E-02   4.048117E-02  -7.106506E-03
           489      G      2.263659E-04   7.492454E-04  -2.227077E-03   2.109998E-02   3.143291E-02  -8.440099E-03
           490      G      1.326481E-04   6.444238E-04  -2.918102E-03   3.206458E-02   2.046829E-02  -4.058905E-03
           491      G      1.768504E-04   8.840252E-04  -1.393671E-03  -1.186049E-03   3.260933E-02  -5.942784E-03
           492      G      1.355807E-04   7.410403E-04  -2.341503E-03  -1.804349E-02   3.466462E-02  -3.581935E-03
           493      G      7.109471E-05   6.388903E-04  -3.085359E-03  -2.178291E-02   1.921478E-02  -2.253344E-03
           494      G      7.159461E-05   1.125957E-03  -9.349311E-04  -3.678421E-02  -1.337263E-02  -1.185695E-02
           495      G      9.569532E-05   9.128065E-04  -9.561114E-04  -4.257977E-02   1.821203E-02  -3.631397E-03
           496      G      6.365139E-05   7.343893E-04  -1.510063E-03  -5.353493E-02   1.936844E-02  -4.096506E-03
           497      G      3.498593E-05   6.407508E-04  -1.971473E-03  -7.315772E-02   1.395604E-02  -1.870075E-03
           498      G      9.525120E-07   8.897048E-04   1.497814E-06  -3.779871E-02  -6.463860E-05  -1.318805E-02
1                                                       **STUDENT EDITION*    APRIL  18, 2026  MSC Nastran  3/ 3/26   PAGE    97
     DEFAULT                                                                                                                        
0                                                                                                            SUBCASE 1              
      EIGENVALUE =  7.099665E+06
          CYCLES =  4.240715E+02         R E A L   E I G E N V E C T O R   N O .          9
 
      POINT ID.   TYPE          T1             T2             T3             R1             R2             R3
           499      G      8.434715E-07   7.404249E-04   5.112458E-06  -7.373003E-02  -5.242028E-05  -3.163078E-03
           500      G      7.654456E-07   6.401502E-04   5.084067E-06  -9.298327E-02   8.968333E-05  -2.468085E-03
           501      G      2.749487E-04   9.459253E-04   7.286173E-04   3.302244E-02  -8.619165E-03  -3.991101E-04
           502      G      2.881991E-04   8.623800E-04   1.172838E-03   1.200042E-02   4.054741E-02   6.898035E-03
           503      G      2.086086E-04   7.393961E-04   2.220645E-03   2.077785E-02   3.144913E-02   8.317048E-03
           504      G      1.151767E-04   6.391829E-04   2.916053E-03   3.215759E-02   2.080643E-02   3.814800E-03
           505      G     -7.823227E-06   6.061701E-04   3.168393E-03   2.885532E-02   1.534399E-04  -7.096842E-05
           506      G      1.644983E-04   8.685294E-04   1.361985E-03  -1.101626E-03   3.280275E-02   6.059875E-03
           507      G      1.231814E-04   7.312616E-04   2.325466E-03  -1.830761E-02   3.517222E-02   3.322979E-03
           508      G      5.890208E-05   6.336594E-04   3.081075E-03  -2.183209E-02   1.952986E-02   2.042133E-03
           509      G     -5.153799E-06   6.026874E-04   3.343488E-03  -1.531792E-02   2.926975E-04  -1.179051E-04
           510      G      6.651165E-05   1.105586E-03   8.836691E-04  -3.995294E-02  -1.229923E-02   1.183426E-02
           511      G      8.739101E-05   8.976794E-04   9.273681E-04  -4.213844E-02   1.837030E-02   3.349299E-03
           512      G      5.681386E-05   7.243360E-04   1.493211E-03  -5.329931E-02   1.989283E-02   3.858875E-03
           513      G      2.850813E-05   6.356791E-04   1.965830E-03  -7.317199E-02   1.420570E-02   1.626287E-03
           514      G     -2.383204E-06   6.052633E-04   2.179009E-03  -8.027400E-02   3.083775E-04  -1.156760E-04
           515      G     -2.920062E-04   9.628164E-04   7.320181E-04   3.239894E-02   7.636940E-03   2.971401E-04
           516      G     -3.036272E-04   8.747850E-04   1.195489E-03   1.348509E-02  -4.051444E-02  -7.125932E-03
           517      G     -2.245313E-04   7.485604E-04   2.235997E-03   2.147016E-02  -3.132554E-02  -8.502878E-03
           518      G     -1.307765E-04   6.436941E-04   2.925609E-03   3.254607E-02  -2.046049E-02  -4.032596E-03
           519      G     -1.749390E-04   8.836132E-04   1.399313E-03  -1.309405E-03  -3.280559E-02  -5.923251E-03
           520      G     -1.337943E-04   7.405363E-04   2.353834E-03  -1.795821E-02  -3.477411E-02  -3.578358E-03
           521      G     -6.930356E-05   6.383867E-04   3.097094E-03  -2.170630E-02  -1.899592E-02  -2.250221E-03
           522      G     -6.937946E-05   1.125510E-03   9.410194E-04  -3.671281E-02   1.400206E-02  -1.183092E-02
           523      G     -9.376960E-05   9.124890E-04   9.599679E-04  -4.259835E-02  -1.832721E-02  -3.633901E-03
           524      G     -6.190566E-05   7.341563E-04   1.521462E-03  -5.360157E-02  -1.951532E-02  -4.094739E-03
           525      G     -3.341211E-05   6.404902E-04   1.982427E-03  -7.320502E-02  -1.370383E-02  -1.866126E-03
          1000      G      2.431756E-06   5.611634E-05  -9.646334E-04  -1.620390E-02   5.883253E-05   9.400609E-04
          1001      G      6.725001E-06  -1.872717E-05  -2.208841E-04   1.169326E-04   3.526781E-05  -2.190958E-02
          1002      G      8.778340E-06   6.004283E-05  -2.213919E-04   1.484508E-04   4.261411E-05  -2.090127E-02
          1003      G      2.459521E-06   1.499524E-05  -1.076214E-03  -1.586998E-02   6.303257E-04  -2.283911E-06
          1004      G      6.111434E-06   3.470806E-05  -8.791147E-04  -2.262513E-03   5.113870E-04  -4.360156E-05
          1005      G      9.545631E-06   1.278553E-05  -8.769501E-04  -6.011204E-03   1.664974E-03  -9.185307E-05
          1006      G      2.861275E-06   3.745672E-05  -2.774979E-05  -6.793021E-03   2.102065E-04  -4.272352E-06
          1007      G      2.980574E-06   2.180429E-05  -7.653968E-05  -1.298684E-02   2.781422E-03  -8.207907E-05
          1008      G      3.539211E-06   3.349100E-05  -1.151011E-04  -7.501111E-03   8.811346E-05  -1.210447E-04
          1009      G      4.212676E-06  -1.774659E-05  -8.483949E-05   9.029696E-05   7.557645E-06  -1.930162E-02
          1010      G      1.312542E-05   4.416950E-05  -8.486563E-05   1.075331E-04  -5.693052E-07  -1.358164E-02
          1011      G      1.583502E-05   2.841312E-05  -9.841713E-04   5.893503E-03   7.871556E-03  -6.514037E-05
          1012      G      2.206969E-05   6.022097E-06  -1.080295E-03   6.956334E-03   5.198356E-04  -5.001578E-02
          1013      G      4.220713E-06   1.783296E-05  -7.920311E-05  -3.238783E-02  -2.472303E-03  -3.070616E-04
          1014      G      6.499963E-06   1.726007E-05  -5.230536E-05  -4.409689E-02   1.097909E-03   7.380738E-03
          1015      G     -1.856386E-06  -1.980351E-05  -2.213075E-04   1.150018E-04  -2.778140E-05   2.429335E-02
          1016      G     -4.351972E-06   6.317343E-05  -2.216262E-04   1.484879E-04  -3.501450E-05   2.306430E-02
          1017      G     -1.385066E-06   3.523230E-05  -8.452772E-04  -4.713971E-03   4.409451E-04   3.445145E-05
          1018      G     -4.718672E-06   1.406477E-05  -8.392724E-04  -1.055939E-02  -2.848155E-03   1.024537E-04
          1019      G      2.351294E-06   2.200585E-05   3.294083E-05  -1.316352E-02   3.509395E-03   7.722916E-05
          1020      G      2.057527E-06   3.360610E-05   8.252370E-05  -7.782204E-03   1.501220E-05   1.153616E-04
          1021      G     -7.766085E-07  -1.386800E-05  -8.599484E-05   1.181547E-04  -1.286792E-06   1.875711E-02
          1022      G     -6.311679E-06   3.877225E-05  -8.594211E-05   1.339614E-04   4.890205E-06   1.496747E-02
1                                                       **STUDENT EDITION*    APRIL  18, 2026  MSC Nastran  3/ 3/26   PAGE    98
     DEFAULT                                                                                                                        
0                                                                                                            SUBCASE 1              
      EIGENVALUE =  7.099665E+06
          CYCLES =  4.240715E+02         R E A L   E I G E N V E C T O R   N O .          9
 
      POINT ID.   TYPE          T1             T2             T3             R1             R2             R3
          1023      G     -1.000376E-05   2.857506E-05  -1.026954E-03   3.193977E-03  -1.220608E-02   9.309959E-05
          1024      G     -1.839851E-05   6.083779E-06  -1.203519E-03   5.203921E-03  -1.601450E-03   5.270713E-02
          1025      G      1.867939E-06   1.811503E-05   5.029139E-05  -3.382652E-02  -2.285535E-03   2.989515E-04
          1026      G      1.698360E-06   1.721259E-05   9.078898E-06  -4.527445E-02  -1.417274E-04  -1.502022E-03
          1027      G      1.785276E-06   5.624937E-05   9.586324E-04  -1.607922E-02   1.414090E-06  -9.417897E-04
          1028      G     -2.239073E-06  -1.975122E-05   2.206992E-04   1.148970E-04  -3.105801E-05  -2.446032E-02
          1029      G     -4.679715E-06   6.336378E-05   2.211088E-04   1.484248E-04  -3.825896E-05  -2.325863E-02
          1030      G      2.062440E-06   1.504069E-05   1.091417E-03  -1.692998E-02   1.256188E-03  -5.322414E-06
          1031      G     -1.369506E-06   3.539935E-05   8.556514E-04  -5.552349E-03   3.899407E-04  -3.978585E-05
          1032      G     -4.314126E-06   1.420148E-05   8.493502E-04  -1.110725E-02  -2.683849E-03  -1.151726E-04
          1033      G     -1.311263E-06  -1.403811E-05   8.577568E-05   1.253574E-04  -5.562809E-06  -1.861200E-02
          1034      G     -6.014002E-06   3.719173E-05   8.583914E-05   1.409132E-04   3.595315E-07  -1.527325E-02
          1035      G     -9.243614E-06   2.856823E-05   1.029565E-03   2.222490E-03  -1.181839E-02  -1.219110E-04
          1036      G     -1.863747E-05   5.063558E-06   1.207719E-03   4.096560E-03  -2.107712E-03  -5.191917E-02
          1037      G      5.712960E-06  -1.913479E-05   2.214681E-04   1.155761E-04   2.729008E-05   2.195085E-02
          1038      G      7.831072E-06   6.215853E-05   2.217771E-04   1.483502E-04   3.454626E-05   2.091004E-02
          1039      G      5.467866E-06   3.526499E-05   9.180898E-04  -3.191916E-03   1.325912E-03   3.222534E-05
          1040      G      8.321765E-06   1.379548E-05   9.467968E-04  -6.833675E-03   3.187795E-03   1.059130E-04
          1041      G      3.470067E-06  -1.507168E-05   8.636793E-05   1.183588E-04  -2.098328E-07   1.733742E-02
          1042      G      1.346362E-05   2.783427E-05   1.094009E-03   5.400491E-03   9.158343E-03   8.802398E-05
          1043      G      2.189103E-05   5.679619E-06   1.218530E-03   5.554363E-03   1.528130E-03   5.240264E-02
          1044      G      8.344708E-06   3.707940E-05   8.623545E-05   1.337242E-04  -6.289115E-06   1.389954E-02
          2000      G     -2.641570E-06   1.328147E-04  -1.433625E-03   8.524476E-04  -4.855286E-04  -6.384375E-05
          2001      G      1.407736E-05  -2.125963E-05  -2.212725E-04   1.130328E-04   3.050036E-05  -1.893465E-02
          2002      G      2.044022E-05   5.702531E-05  -2.213877E-04   1.433121E-04   4.288453E-05  -1.578422E-02
          2003      G     -2.693208E-06   3.799244E-05  -1.081937E-03  -3.943510E-02   1.243988E-02   4.532196E-05
          2004      G     -1.797858E-07   6.044124E-05  -8.887767E-04   8.523330E-03   4.519119E-04  -2.605286E-04
          2005      G      1.410485E-05   1.925234E-05  -9.126612E-04   6.110666E-03   1.651767E-03  -4.027053E-04
          2006      G      3.174076E-06   6.147858E-05  -2.256836E-05  -7.312948E-04   6.301586E-04  -3.504329E-06
          2007      G      1.835757E-07   4.146961E-05  -5.062825E-04  -1.849402E-02   2.863480E-02  -1.218932E-04
          2008      G     -1.267425E-06   5.085856E-05  -8.839833E-04  -3.078799E-03  -1.310384E-03  -3.225284E-04
          2009      G      1.446831E-05  -2.590279E-05  -8.488339E-05   9.229940E-05   8.118506E-06  -1.426156E-02
          2010      G      1.076377E-05   4.462959E-05  -8.472572E-05   1.026401E-04   1.875806E-06  -1.510218E-02
          2011      G      3.273064E-05   3.203038E-05  -1.013831E-03   1.718588E-02   9.953169E-03  -2.568031E-04
          2012      G      6.037851E-05   3.498239E-06  -1.256037E-03   3.240390E-02   9.873737E-03  -5.929109E-02
          2013      G     -2.692106E-06   2.832644E-05  -5.240858E-04  -4.436299E-02  -2.425302E-02  -6.453602E-04
          2014      G     -2.319844E-06   2.811703E-05  -1.052452E-04  -1.041215E-01  -1.171447E-03   3.858151E-01
          2015      G     -1.966636E-05  -2.240118E-05  -2.215757E-04   1.084467E-04  -2.375580E-05   1.598603E-02
          2016      G     -2.585352E-05   6.000153E-05  -2.215062E-04   1.428217E-04  -3.567128E-05   1.292227E-02
          2017      G     -4.215574E-06   5.940018E-05  -2.462125E-04  -1.381721E-02   1.845686E-02   3.032926E-04
          2018      G     -1.868898E-05   1.802200E-05   7.987429E-05  -3.241311E-02   1.207294E-03   4.135822E-04
          2019      G     -6.650501E-07   4.148554E-05   4.667125E-04  -1.651288E-02   2.877119E-02   1.194500E-04
          2020      G     -3.337512E-06   5.043761E-05   8.485704E-04  -2.965951E-03  -1.183602E-03   3.171611E-04
          2021      G     -2.031267E-05  -2.745377E-05  -8.597364E-05   1.192712E-04  -5.789256E-07   9.023759E-03
          2022      G     -9.539895E-06   3.315681E-05  -8.577480E-05   1.258146E-04   2.218534E-06   1.373537E-02
          2023      G     -3.722389E-05   3.036496E-05  -4.895208E-04   2.709579E-03  -4.472295E-02   2.809367E-04
          2024      G     -7.141376E-05  -1.701389E-06  -1.400637E-03   5.337526E-02  -1.720362E-02   1.425326E-01
          2025      G     -5.461612E-06   2.778839E-05   4.735413E-04  -5.841739E-02  -2.528972E-02   5.228848E-04
          2026      G     -7.565807E-06   3.784034E-05   2.083638E-05  -1.475578E-01  -2.612631E-03  -5.402288E-01
          2027      G     -3.496186E-06   1.393445E-04   1.421880E-03   4.633047E-04  -3.182531E-04  -3.811719E-04
1                                                       **STUDENT EDITION*    APRIL  18, 2026  MSC Nastran  3/ 3/26   PAGE    99
     DEFAULT                                                                                                                        
0                                                                                                            SUBCASE 1              
      EIGENVALUE =  7.099665E+06
          CYCLES =  4.240715E+02         R E A L   E I G E N V E C T O R   N O .          9
 
      POINT ID.   TYPE          T1             T2             T3             R1             R2             R3
          2028      G     -2.107919E-05  -2.227834E-05   2.209738E-04   1.083047E-04  -2.715191E-05  -1.569046E-02
          2029      G     -2.739418E-05   6.013704E-05   2.210137E-04   1.435703E-04  -3.880268E-05  -1.256226E-02
          2030      G     -3.252850E-06   3.922430E-05   1.121355E-03  -3.890225E-02   8.845972E-03  -5.243587E-05
          2031      G     -3.910848E-06   6.104719E-05   3.862781E-04  -1.181767E-02   1.520096E-02  -3.264525E-04
          2032      G     -1.879507E-05   1.825806E-05   1.283029E-04  -2.998321E-02  -7.063860E-04  -4.685330E-04
          2033      G     -2.106301E-05  -2.786919E-05   8.573663E-05   1.253975E-04  -5.161871E-06  -8.841399E-03
          2034      G     -9.174407E-06   3.154113E-05   8.578241E-05   1.355732E-04  -2.349019E-06  -1.414124E-02
          2035      G     -3.822749E-05   2.855273E-05   6.341463E-04  -5.981825E-04  -3.746819E-02  -2.998250E-04
          2036      G     -7.347406E-05  -1.191433E-06   1.423475E-03   3.617162E-02  -1.758178E-02  -9.462946E-02
          2037      G      1.370280E-05  -2.157745E-05   2.218479E-04   1.113446E-04   2.254286E-05   1.853237E-02
          2038      G      2.050059E-05   5.922874E-05   2.217592E-04   1.426733E-04   3.498290E-05   1.516500E-02
          2039      G     -1.547894E-06   6.228967E-05   8.565851E-04   7.151374E-03  -1.652442E-03   2.683857E-04
          2040      G      1.244229E-05   1.995497E-05   8.434527E-04   5.266068E-03   1.016762E-03   4.308153E-04
          2041      G      1.610138E-05  -2.537118E-05   8.642898E-05   1.213431E-04   2.329002E-07   1.099858E-02
          2042      G      7.573890E-06   3.492731E-05   8.595330E-05   1.255320E-04  -3.770905E-06   1.451961E-02
          2043      G      2.962170E-05   3.229167E-05   1.027171E-03   2.274301E-02   1.718772E-02   3.453843E-04
          2044      G      6.155429E-05  -2.195772E-06   1.432503E-03   5.267823E-02   1.349453E-02   1.407153E-01
          3000      G     -3.006522E-04  -5.262827E-03  -1.246835E-02   2.098214E+00   2.122464E-02  -1.708659E-01
          3001      G     -3.482176E-06   9.035518E-04  -4.817972E-03   6.903001E-01  -6.336935E-02   3.602510E-01
          3002      G      6.357537E-04  -1.238921E-03  -6.886705E-03   1.153326E+00   3.635643E-02   4.864976E-01
          3003      G     -3.037638E-04   4.840825E-03  -2.330749E-01   3.126129E-01  -6.642268E-02   6.704185E-04
          3004      G      1.434030E-03   6.647145E-03  -2.320244E-01   3.329330E+00  -5.563537E-01   1.662073E-03
          3005      G      1.926835E-03   5.162565E-03  -1.662585E-01   6.051310E-01  -3.842236E+00  -1.018744E-02
          3006      G     -2.054259E-04   2.142823E-02  -1.288068E-03  -3.956098E+00  -2.222352E-02   1.034148E-03
          3007      G     -2.245151E-04   6.677768E-03  -7.358316E-04  -8.132162E+00  -1.328355E-02  -7.551921E-02
          3008      G     -2.118745E-04   1.550413E-02  -8.381824E-05  -2.902700E+00  -2.272804E-02  -4.001075E-02
          3009      G      4.985985E-04   5.465913E-03   1.914371E-03  -5.616667E-01   1.204667E-01  -1.133865E-01
          3010      G      2.161115E-03   6.666501E-03   4.324165E-03  -9.812637E-01   6.379020E-02   9.168197E-01
          3011      G      2.369779E-03   6.120561E-03  -6.532428E-02   1.691933E-01  -3.795073E+00  -2.955311E-03
          3012      G     -3.939744E-04   5.274637E-03  -3.320461E-03  -7.891074E-01  -2.767787E-01   7.040401E-01
          3013      G     -1.612053E-04   5.233430E-03   7.957622E-06   6.171933E-01  -3.908865E-03  -1.448887E-01
          3014      G     -7.507961E-05   3.760316E-03  -2.654530E-04   3.632318E+00   9.283493E-03  -1.577777E+01
          3015      G     -6.343540E-04   1.126308E-03  -4.514105E-03   6.061873E-01   1.035792E-01  -8.393443E-01
          3016      G     -1.344610E-03  -1.535380E-03  -7.232239E-03   1.233990E+00  -4.889146E-02  -8.593734E-01
          3017      G     -2.004505E-03   6.637752E-03  -2.362734E-01   3.499381E+00   3.960407E-01  -7.716368E-04
          3018      G     -2.536951E-03   5.208879E-03  -1.736289E-01   6.254935E-01   3.803697E+00   1.289302E-02
          3019      G     -1.968006E-04   6.667985E-03  -6.749826E-04  -8.323067E+00   6.566207E-02   7.739531E-02
          3020      G     -1.701638E-04   1.549107E-02   9.879885E-05  -2.910914E+00  -1.604742E-02   4.293137E-02
          3021      G     -1.315522E-03   5.641037E-03   2.395239E-03  -6.803083E-01  -1.471432E-01  -2.004776E-01
          3022      G     -3.040008E-03   6.727352E-03   5.075390E-03  -1.163548E+00  -4.941028E-02  -1.527962E+00
          3023      G     -3.032398E-03   6.036788E-03  -6.912794E-02   1.655263E-01   4.068951E+00   7.068579E-03
          3024      G     -2.381214E-04   5.204711E-03  -3.326318E-03  -1.118149E+00   2.041899E-01  -1.918173E+00
          3025      G     -1.663817E-04   5.147185E-03   1.175055E-04   9.984597E-01   1.072662E-02   1.521976E-01
          3026      G     -1.614997E-04   3.273465E-03   6.720140E-05   4.834009E+00  -1.408157E-02   2.014610E+01
          3027      G     -8.229879E-05  -5.444119E-03   1.267511E-02   2.148135E+00  -1.820361E-03   2.856078E-02
          3028      G     -4.195058E-04   1.143265E-03   4.503229E-03   6.038506E-01   1.108277E-01   7.563661E-01
          3029      G     -1.142363E-03  -1.391659E-03   7.127187E-03   1.213537E+00  -4.824213E-02   7.534637E-01
          3030      G     -1.468337E-04   4.845870E-03   2.327570E-01   2.079835E-01   1.274737E-01   1.229081E-03
          3031      G     -1.900065E-03   6.635188E-03   2.314333E-01   3.313098E+00   5.032620E-01   2.911894E-03
          3032      G     -2.424175E-03   5.284025E-03   1.680585E-01   5.094194E-01   3.782564E+00  -9.372454E-03
1                                                       **STUDENT EDITION*    APRIL  18, 2026  MSC Nastran  3/ 3/26   PAGE   100
     DEFAULT                                                                                                                        
0                                                                                                            SUBCASE 1              
      EIGENVALUE =  7.099665E+06
          CYCLES =  4.240715E+02         R E A L   E I G E N V E C T O R   N O .          9
 
      POINT ID.   TYPE          T1             T2             T3             R1             R2             R3
          3033      G     -1.155571E-03   5.742808E-03  -2.392026E-03  -6.801549E-01  -1.508048E-01   1.046974E-01
          3034      G     -2.880309E-03   6.979210E-03  -5.173166E-03  -1.197263E+00  -3.451149E-02   1.491617E+00
          3035      G     -2.907626E-03   6.247720E-03   6.593828E-02   1.428301E-01   3.882641E+00  -5.554194E-03
          3036      G     -1.766774E-04   5.338761E-03   3.442835E-03  -8.298138E-01   1.994548E-01   7.544037E-01
          3037      G      2.550498E-04   1.064168E-03   4.566013E-03   6.181637E-01  -1.101496E-01  -6.864647E-01
          3038      G      9.806533E-04  -1.569729E-03   7.265194E-03   1.241543E+00   4.596875E-02  -6.979282E-01
          3039      G      1.621609E-03   6.584374E-03   2.362322E-01   3.454463E+00  -4.156300E-01  -4.452512E-04
          3040      G      2.179283E-03   5.188416E-03   1.740283E-01   6.232438E-01  -3.768932E+00   1.215010E-02
          3041      G      9.730066E-04   5.633914E-03  -2.305233E-03  -6.590161E-01   1.481615E-01  -4.111370E-02
          3042      G      2.723665E-03   6.800882E-03  -4.988960E-03  -1.155837E+00   3.550032E-02  -1.444231E+00
          3043      G      2.701593E-03   6.046392E-03   6.974968E-02   1.580441E-01  -4.086785E+00   6.724128E-03
          3044      G     -8.378954E-05   5.213797E-03   3.467562E-03  -1.120494E+00  -2.326409E-01  -1.917284E+00
          4000      G      1.566367E-05  -2.165509E-04  -2.441524E-03   7.909494E-02  -3.581821E-04   6.608884E-03
          4001      G     -3.508074E-05  -2.266934E-04  -2.765401E-03   1.009591E-01  -1.093389E-02   1.151696E-01
          4002      G     -7.781005E-05  -1.735152E-04  -1.760864E-03   9.284545E-02  -2.807615E-02   1.739367E-01
          4003      G      1.747935E-05  -2.374458E-04  -1.538431E-03  -7.799462E-02   7.544947E-04   2.466085E-05
          4004      G     -1.874634E-06  -2.136709E-04  -1.704438E-03  -8.773020E-02  -1.542729E-02   6.393731E-04
          4005      G     -2.356371E-05  -2.023796E-04  -7.886891E-04  -7.488582E-02  -2.496140E-02   1.028482E-03
          4006      G      1.500595E-05  -2.004707E-04   2.992634E-05   7.630295E-02   1.572767E-03  -9.500537E-06
          4007      G      1.574890E-05  -2.293640E-04   1.447388E-05   5.976690E-02   3.132009E-04   4.248529E-04
          4008      G      1.542462E-05  -1.776694E-04  -1.361246E-05   9.273411E-02   1.610946E-03   1.137901E-03
          4009      G     -1.188274E-04  -1.757364E-04  -1.343956E-03   1.096286E-01  -1.439224E-02   1.482935E-01
          4010      G     -1.502732E-04  -1.717383E-04  -9.958624E-04   1.559684E-01   4.872632E-03   2.159899E-02
          4011      G     -3.753042E-05  -1.654411E-04  -9.783761E-04  -2.109145E-02   2.452625E-02   1.742884E-03
          4012      G     -3.260866E-05  -1.064658E-04  -1.353433E-03   1.490966E-02   1.378374E-02   3.710121E-01
          4013      G      1.498325E-05  -1.597840E-04  -4.299738E-05  -2.661419E-03   1.950424E-03   1.534962E-03
          4014      G      1.865482E-05  -8.433359E-05  -1.199713E-04  -7.802043E-02   2.981976E-03   8.446257E-01
          4015      G      6.768652E-05  -2.340818E-04  -2.775507E-03   1.037252E-01   1.157531E-02  -1.077390E-01
          4016      G      1.132948E-04  -1.773290E-04  -1.746785E-03   9.333091E-02   2.851841E-02  -1.743252E-01
          4017      G      3.617714E-05  -2.167329E-04  -1.653156E-03  -8.979916E-02   1.831468E-02  -5.868133E-04
          4018      G      5.831807E-05  -2.094242E-04  -6.627869E-04  -7.313075E-02   2.768035E-02  -1.026071E-03
          4019      G      1.466084E-05  -2.310674E-04  -4.592918E-07   6.323072E-02  -3.436034E-03  -4.508195E-04
          4020      G      1.372247E-05  -1.802170E-04  -3.501045E-05   9.414332E-02   1.612337E-03  -1.192141E-03
          4021      G      1.601293E-04  -1.908840E-04  -1.342915E-03   1.151957E-01   1.580424E-02  -1.602644E-01
          4022      G      2.006935E-04  -1.913385E-04  -1.045632E-03   1.784558E-01  -1.585543E-02   3.381713E-02
          4023      G      7.116171E-05  -1.728366E-04  -9.542060E-04  -1.627007E-02  -3.450491E-02  -1.837339E-03
          4024      G      5.731567E-05  -1.118657E-04  -1.487950E-03   1.913663E-02  -1.489108E-02  -3.654429E-01
          4025      G      1.346713E-05  -1.617346E-04  -2.105243E-05  -1.209667E-02   4.048392E-05  -1.682630E-03
          4026      G      1.307296E-05  -7.787330E-05  -2.557528E-06  -1.044987E-01   1.638681E-03  -9.525607E-01
          4027      G      1.088845E-05  -2.178424E-04   2.427760E-03   7.928780E-02   4.087165E-04  -8.782095E-03
          4028      G      6.338342E-05  -2.354384E-04   2.776779E-03   1.043602E-01   1.128604E-02   1.037011E-01
          4029      G      1.090924E-04  -1.793035E-04   1.745205E-03   9.332196E-02   2.840785E-02   1.682742E-01
          4030      G      1.324063E-05  -2.393212E-04   1.575634E-03  -7.499735E-02  -2.210837E-03  -2.462837E-05
          4031      G      3.330052E-05  -2.167484E-04   1.770588E-03  -8.661898E-02   1.605908E-02   5.697400E-04
          4032      G      5.590301E-05  -2.096023E-04   7.729305E-04  -7.148690E-02   3.006974E-02   9.596559E-04
          4033      G      1.575151E-04  -1.929191E-04   1.336585E-03   1.142856E-01   1.724016E-02   1.586559E-01
          4034      G      2.026545E-04  -2.010564E-04   1.057763E-03   1.841522E-01  -2.091089E-02  -6.113570E-02
          4035      G      6.825620E-05  -1.760414E-04   1.007701E-03  -1.892360E-02  -3.251630E-02   1.811751E-03
          4036      G      5.046010E-05  -1.120777E-04   1.511893E-03   3.715809E-03  -1.592603E-02   4.173456E-01
          4037      G     -4.176104E-05  -2.343896E-04   2.782146E-03   1.042850E-01  -1.084747E-02  -1.220391E-01
1                                                       **STUDENT EDITION*    APRIL  18, 2026  MSC Nastran  3/ 3/26   PAGE   101
     DEFAULT                                                                                                                        
0                                                                                                            SUBCASE 1              
      EIGENVALUE =  7.099665E+06
          CYCLES =  4.240715E+02         R E A L   E I G E N V E C T O R   N O .          9
 
      POINT ID.   TYPE          T1             T2             T3             R1             R2             R3
          4038      G     -8.799216E-05  -1.769666E-04   1.745855E-03   9.343460E-02  -2.812175E-02  -1.884418E-01
          4039      G     -7.295199E-06  -2.168077E-04   1.669999E-03  -8.953942E-02  -1.839617E-02  -6.289006E-04
          4040      G     -3.057012E-05  -2.090242E-04   6.364019E-04  -7.457053E-02  -2.958402E-02  -1.041232E-03
          4041      G     -1.352761E-04  -1.895169E-04   1.331913E-03   1.123289E-01  -1.594651E-02  -1.768403E-01
          4042      G     -1.764576E-04  -1.921725E-04   1.033562E-03   1.762470E-01   1.844100E-02   2.870578E-02
          4043      G     -4.475581E-05  -1.726948E-04   9.051431E-04  -1.582073E-02   3.530406E-02  -1.851857E-03
          4044      G     -3.168332E-05  -1.112801E-04   1.478638E-03   1.975586E-02   1.845007E-02  -3.593747E-01
1                                                       **STUDENT EDITION*    APRIL  18, 2026  MSC Nastran  3/ 3/26   PAGE   102
     DEFAULT                                                                                                                        
0                                                                                                            SUBCASE 1              
      EIGENVALUE =  7.222559E+06
          CYCLES =  4.277260E+02         R E A L   E I G E N V E C T O R   N O .         10
 
      POINT ID.   TYPE          T1             T2             T3             R1             R2             R3
             1      G      0.0            0.0            0.0            0.0            0.0            0.0
             2      G      0.0            0.0            0.0            0.0            0.0            0.0
             3      G      0.0            0.0            0.0            0.0            0.0            0.0
             4      G      0.0            0.0            0.0            0.0            0.0            0.0
             5      G      0.0            0.0            0.0            0.0            0.0            0.0
             6      G      0.0            0.0            0.0            0.0            0.0            0.0
             7      G      0.0            0.0            0.0            0.0            0.0            0.0
             8      G      0.0            0.0            0.0            0.0            0.0            0.0
            10      G      1.413895E-04  -2.926878E-05  -3.930947E-04  -1.392175E-03   5.331074E-04   1.385239E-02
            11      G      1.413534E-04   2.871285E-05  -3.939890E-04   1.393707E-03   5.303613E-04  -1.428480E-02
            12      G     -1.290988E-04  -1.290597E-05  -3.891841E-04  -7.660346E-04  -4.276956E-04  -3.675981E-02
            13      G     -1.317799E-04   8.883683E-06  -3.893945E-04   7.836318E-04  -4.348800E-04   3.724315E-02
            14      G     -1.251226E-04   1.868865E-05   3.996419E-04   7.377354E-04  -4.123952E-04  -3.482015E-02
            15      G     -1.323803E-04  -5.840492E-06   4.000665E-04  -7.888381E-04  -4.251357E-04   3.639708E-02
            16      G      1.347665E-04   4.617494E-05   4.049381E-04   1.385641E-03   4.979045E-04   1.808479E-02
            17      G      1.424235E-04  -5.372913E-05   4.051862E-04  -1.357963E-03   5.257192E-04  -2.280643E-02
           100      G      8.474831E-05   5.844999E-04  -1.255017E-01   4.117320E+00   1.096174E-01  -1.684437E-02
           101      G     -5.168814E-05   8.347208E-06  -2.394525E-01  -3.616005E-04  -3.064938E-01  -4.376408E-04
           102      G      2.543380E-04  -1.685249E-04  -7.173732E-02   2.253649E+00   2.274775E+00  -1.175105E-02
           103      G     -2.800212E-03   7.054303E-06  -1.281003E-01   3.784831E-04   5.015975E+00   2.311190E-04
           104      G     -2.844329E-04   8.420987E-06  -1.819257E-04   8.038911E-03   1.458956E+00  -3.561822E-02
           105      G     -2.115142E-03   3.319293E-06  -3.824348E-04   2.530837E-05   2.249454E-01   6.285060E-05
           106      G      1.405978E-04   6.782426E-04   4.139732E-04  -7.888381E-04  -4.251357E-04   3.639708E-02
           107      G      1.405978E-04  -2.931045E-04   4.026274E-04  -7.888381E-04  -4.251357E-04   3.639708E-02
           108      G      4.558132E-04   1.102386E-05   4.936165E-05   8.357452E-04  -2.547584E-01  -1.743937E-02
           109      G     -2.862470E-05  -2.247773E-04   4.114280E-04  -1.357963E-03   5.257192E-04  -2.280643E-02
           110      G      9.753737E-04  -2.081298E-03   1.231080E-02  -5.570727E-01  -4.838967E-01   2.404312E-01
           111      G     -2.862470E-05   4.123773E-04   4.261153E-04  -1.357963E-03   5.257192E-04  -2.280643E-02
           112      G      1.614431E-04  -5.220059E-05  -6.204748E-02   1.943775E+00  -3.155669E+00  -1.243341E-02
           113      G      1.042604E-03   3.117354E-05   1.498954E-02   2.324437E-03  -6.466784E-01  -8.759609E-03
           114      G      1.930198E-03   4.845015E-06  -1.186405E-01  -1.959929E-03  -4.995726E+00   2.612456E-03
           115      G      1.126385E-04  -5.609391E-04   1.255131E-01  -4.109661E+00   1.123603E-01  -1.680654E-02
           116      G     -2.259624E-05  -1.208685E-06   2.394339E-01   5.112135E-04  -3.073229E-01   3.283929E-05
           117      G      2.706693E-04   1.786040E-04   7.152907E-02  -2.242569E+00   2.283610E+00  -1.181255E-02
           118      G     -2.793017E-03   3.041660E-07   1.276922E-01   2.117764E-04   5.032761E+00   1.139613E-04
           119      G      1.475437E-04  -6.911012E-04  -4.034453E-04   7.836318E-04  -4.348800E-04   3.724315E-02
           120      G      1.475437E-04   3.028253E-04  -3.918395E-04   7.836318E-04  -4.348800E-04   3.724315E-02
           121      G      3.421735E-05   1.358488E-04  -4.004641E-04   1.393707E-03   5.303613E-04  -1.428480E-02
           122      G      1.056862E-03   1.990868E-03  -1.195741E-02   5.556375E-01  -4.877157E-01   2.287447E-01
           123      G      3.421735E-05  -2.632328E-04  -4.152811E-04   1.393707E-03   5.303613E-04  -1.428480E-02
           124      G      2.131315E-04   5.177706E-05   6.226067E-02  -1.941348E+00  -3.149700E+00  -1.149271E-02
           125      G      1.096104E-03  -1.585171E-06  -1.445034E-02   1.411022E-04  -6.530065E-01  -1.834078E-04
           126      G      1.979431E-03  -1.451944E-06   1.189550E-01   6.701156E-04  -4.989243E+00   3.469896E-05
           127      G      9.201707E-05  -5.591139E-04  -1.254811E-01  -4.115410E+00   1.065372E-01   1.663479E-02
           128      G      2.559890E-04   1.848622E-04  -7.174251E-02  -2.253113E+00   2.275551E+00   1.190973E-02
           129      G     -2.834036E-04  -2.817433E-06  -1.788027E-04  -7.746655E-03   1.459009E+00   3.567296E-02
           130      G      1.360285E-04  -6.357560E-04   4.129259E-04   7.377354E-04  -4.123952E-04  -3.482015E-02
           131      G      1.360285E-04   2.935068E-04   4.019201E-04   7.377354E-04  -4.123952E-04  -3.482015E-02
           132      G      4.550692E-04  -4.900056E-06   4.926200E-05  -7.540966E-04  -2.543225E-01   1.707255E-02
           133      G     -8.694514E-07   1.818109E-04   4.115962E-04   1.385641E-03   4.979045E-04   1.808479E-02
1                                                       **STUDENT EDITION*    APRIL  18, 2026  MSC Nastran  3/ 3/26   PAGE   103
     DEFAULT                                                                                                                        
0                                                                                                            SUBCASE 1              
      EIGENVALUE =  7.222559E+06
          CYCLES =  4.277260E+02         R E A L   E I G E N V E C T O R   N O .         10
 
      POINT ID.   TYPE          T1             T2             T3             R1             R2             R3
           134      G      1.007133E-03   2.071545E-03   1.229960E-02   5.644422E-01  -4.847538E-01  -2.423879E-01
           135      G     -8.694514E-07  -3.234330E-04   4.255064E-04   1.385641E-03   4.979045E-04   1.808479E-02
           136      G      1.847968E-04   7.347005E-05  -6.200641E-02  -1.936833E+00  -3.152901E+00   1.228080E-02
           137      G      1.139422E-04   5.567213E-04   1.255045E-01   4.110324E+00   1.121639E-01   1.667131E-02
           138      G      2.708318E-04  -1.790319E-04   7.152705E-02   2.243064E+00   2.283338E+00   1.189904E-02
           139      G      1.465998E-04   6.779946E-04  -4.029679E-04  -7.660346E-04  -4.276956E-04  -3.675981E-02
           140      G      1.465998E-04  -3.030329E-04  -3.915538E-04  -7.660346E-04  -4.276956E-04  -3.675981E-02
           141      G      3.749661E-05  -1.331617E-04  -3.995378E-04  -1.392175E-03   5.331074E-04   1.385239E-02
           142      G      1.060431E-03  -1.993105E-03  -1.195358E-02  -5.551179E-01  -4.864943E-01  -2.295219E-01
           143      G      3.749661E-05   2.538395E-04  -4.144314E-04  -1.392175E-03   5.331074E-04   1.385239E-02
           144      G      2.160145E-04  -5.566256E-05   6.224923E-02   1.941548E+00  -3.149743E+00   1.149410E-02
           200      G     -1.206455E-05  -1.820015E-04   4.114280E-04  -1.357963E-03   5.257192E-04  -2.280643E-02
           201      G     -1.206455E-05   4.551531E-04   4.261153E-04  -1.357963E-03   5.257192E-04  -2.280643E-02
           202      G      1.272060E-04   7.030910E-04   4.139732E-04  -7.888381E-04  -4.251357E-04   3.639708E-02
           203      G      1.272060E-04  -2.682561E-04   4.026274E-04  -7.888381E-04  -4.251357E-04   3.639708E-02
           204      G     -1.074080E-03   1.157949E-04   5.387614E-05   1.379249E-02   1.052733E+00  -3.761485E-01
           205      G     -1.916995E-02  -1.233897E-03   1.495535E-02   9.797792E-01   4.526966E+00  -1.326641E-01
           206      G     -2.483322E-02  -5.138423E-05   2.209557E-02  -1.145853E-02   6.609922E+00  -7.134515E-02
           207      G      5.092373E-05   9.194707E-05  -4.004641E-04   1.393707E-03   5.303613E-04  -1.428480E-02
           208      G      5.092373E-05  -3.071345E-04  -4.152811E-04   1.393707E-03   5.303613E-04  -1.428480E-02
           209      G      1.338450E-04  -7.157856E-04  -4.034453E-04   7.836318E-04  -4.348800E-04   3.724315E-02
           210      G      1.338450E-04   2.781409E-04  -3.918395E-04   7.836318E-04  -4.348800E-04   3.724315E-02
           211      G     -1.769219E-02   1.098666E-03  -1.451834E-02  -1.494872E+00   4.337315E+00  -2.507308E-01
           212      G     -2.560379E-02  -1.108768E-06  -2.136505E-02  -1.262193E-03   6.459060E+00  -5.218014E-04
           213      G      1.481454E-05   1.381632E-04   4.115962E-04   1.385641E-03   4.979045E-04   1.808479E-02
           214      G      1.481454E-05  -3.670807E-04   4.255064E-04   1.385641E-03   4.979045E-04   1.808479E-02
           215      G      1.230381E-04  -6.589946E-04   4.129259E-04   7.377354E-04  -4.123952E-04  -3.482015E-02
           216      G      1.230381E-04   2.702681E-04   4.019201E-04   7.377354E-04  -4.123952E-04  -3.482015E-02
           217      G     -1.072294E-03  -1.103454E-04   5.269160E-05  -1.497057E-02   1.055953E+00   3.756103E-01
           218      G     -1.949673E-02   1.497974E-03   1.499589E-02  -1.491682E+00   4.599002E+00   1.644335E-01
           219      G      5.428949E-05  -8.930820E-05  -3.995378E-04  -1.392175E-03   5.331074E-04   1.385239E-02
           220      G      5.428949E-05   2.976930E-04  -4.144314E-04  -1.392175E-03   5.331074E-04   1.385239E-02
           221      G      1.331274E-04   7.021247E-04  -4.029679E-04  -7.660346E-04  -4.276956E-04  -3.675981E-02
           222      G      1.331274E-04  -2.789028E-04  -3.915538E-04  -7.660346E-04  -4.276956E-04  -3.675981E-02
           223      G     -1.767862E-02  -1.100387E-03  -1.451712E-02   1.493074E+00   4.345391E+00   2.493612E-01
           224      G     -5.585048E-03  -4.607913E-03   1.440036E+00  -4.674859E+01  -1.948034E+00  -1.015679E-01
           225      G     -8.681825E-03   1.289242E-05   2.693311E+00  -8.466215E-03   2.806570E+00  -3.270150E-04
           226      G     -6.084173E-03   3.277037E-03   8.315175E-01  -2.575860E+01  -2.579861E+01   9.310032E-02
           227      G      2.334052E-02   1.238079E-05   1.458729E+00  -2.260039E-03  -5.580555E+01   5.941361E-04
           228      G     -9.237771E-04  -9.727513E-05   2.403530E-02  -6.260490E-01  -1.743719E+01   3.700625E-01
           229      G      1.701697E-02   2.040827E-06   4.087036E-02   1.343826E-04  -3.315397E+00   5.199015E-06
           230      G     -8.454312E-03   1.985709E-03   7.892171E-01  -2.463937E+01   3.318681E+01  -1.684008E-01
           231      G     -3.407100E-02   9.370228E-05   1.433297E+00  -6.012216E-02   5.334889E+01   1.467308E-02
           232      G     -4.655609E-03   5.224460E-03  -1.437131E+00   4.704184E+01  -1.968185E+00  -8.282362E-02
           233      G     -7.154378E-03  -2.340019E-06  -2.701130E+00   3.909621E-03   2.435297E+00   2.305746E-05
           234      G     -5.708806E-03  -3.028880E-03  -8.047486E-01   2.519169E+01  -2.689450E+01   9.277010E-02
           235      G      2.459360E-02  -9.778675E-07  -1.418222E+00   1.446093E-03  -5.760897E+01   2.129267E-04
           236      G     -8.621235E-03  -2.261068E-03  -7.885937E-01   2.465578E+01   3.463210E+01  -1.232005E-01
           237      G     -2.740991E-02  -6.346508E-07  -1.440746E+00   3.398865E-03   5.837402E+01  -4.977937E-05
           238      G     -5.654844E-03   4.633198E-03   1.440331E+00   4.661181E+01  -1.978426E+00   1.011203E-01
1                                                       **STUDENT EDITION*    APRIL  18, 2026  MSC Nastran  3/ 3/26   PAGE   104
     DEFAULT                                                                                                                        
0                                                                                                            SUBCASE 1              
      EIGENVALUE =  7.222559E+06
          CYCLES =  4.277260E+02         R E A L   E I G E N V E C T O R   N O .         10
 
      POINT ID.   TYPE          T1             T2             T3             R1             R2             R3
           239      G     -6.120560E-03  -3.258170E-03   8.315672E-01   2.567862E+01  -2.579270E+01  -9.282946E-02
           240      G     -9.412143E-04   9.105029E-05   2.406449E-02   5.927994E-01  -1.744025E+01  -3.698949E-01
           241      G     -8.618492E-03  -1.962252E-03   7.902873E-01   2.439147E+01   3.317706E+01   1.706944E-01
           242      G     -4.656916E-03  -5.232966E-03  -1.437211E+00  -4.705303E+01  -1.970069E+00   8.268776E-02
           243      G     -5.716913E-03   3.026130E-03  -8.047742E-01  -2.521192E+01  -2.689561E+01  -9.275291E-02
           244      G     -8.615565E-03   2.256964E-03  -7.886922E-01  -2.466370E+01   3.463204E+01   1.231595E-01
           300      G     -1.087307E-04   1.084510E-04   5.499206E-04   1.572387E-02  -3.482038E-03   1.367423E-02
           301      G     -1.974741E-04   1.503016E-04   1.509327E-04   2.796416E-02  -5.926478E-03  -1.483660E-02
           302      G     -1.086024E-04   4.355998E-05   2.830135E-05   2.632823E-03  -2.233835E-02   1.227416E-02
           303      G     -2.315252E-04   9.551112E-04   2.751533E-03  -9.660653E-02   1.035728E-02   1.129251E-03
           304      G     -7.799355E-05   4.981838E-04   1.147825E-03  -5.869494E-02  -3.096531E-02   3.623878E-02
           305      G      8.367164E-04   1.045560E-03   1.157254E-02  -2.066753E-01   1.114377E-01  -6.267031E-02
           306      G      1.177344E-03   1.490370E-04   1.617188E-02  -1.744644E-02   7.947240E-02   2.904988E-02
           307      G     -1.006614E-04  -5.431322E-05  -5.272379E-04  -1.830314E-02   2.329314E-06   1.910582E-02
           308      G     -2.117980E-04  -7.890095E-05  -1.042466E-04  -2.635268E-02  -5.292849E-03  -1.759512E-02
           309      G     -2.766224E-04  -9.908668E-04  -2.694225E-03   7.109445E-02   3.187625E-02  -5.370534E-04
           310      G     -7.827442E-05  -4.507903E-04  -1.095179E-03   5.529745E-02  -2.425687E-02   4.317967E-02
           311      G      8.851526E-04  -1.062609E-03  -1.122560E-02   2.197007E-01   1.049913E-01  -6.958889E-02
           312      G      1.176341E-03   6.660788E-06  -1.557521E-02   1.340461E-03   7.895080E-02   1.326497E-04
           313      G     -7.817539E-05  -1.640367E-05   5.490477E-04  -1.866590E-02   7.137008E-04  -1.751529E-02
           314      G     -1.831291E-04  -7.467022E-05   1.453139E-04  -2.945375E-02  -1.595389E-03   1.802852E-02
           315      G     -8.513609E-05   3.097103E-05   3.419460E-05  -9.842729E-04  -2.857530E-02  -1.060759E-02
           316      G     -2.482230E-04  -8.831911E-04   2.748087E-03   7.248760E-02   3.657034E-02  -4.331371E-03
           317      G     -5.684131E-05  -3.866900E-04   1.129215E-03   5.941807E-02  -2.617734E-02  -4.225142E-02
           318      G      9.002451E-04  -9.877835E-04   1.157101E-02   2.344984E-01   1.106776E-01   7.250818E-02
           319      G     -7.817812E-05   9.599613E-05  -5.239298E-04   1.975572E-02   3.523821E-05  -1.852580E-02
           320      G     -1.879524E-04   1.339126E-04  -1.058171E-04   2.734740E-02  -3.645955E-03   1.859658E-02
           321      G     -2.549797E-04   1.006081E-03  -2.688095E-03  -7.221602E-02   3.266436E-02   8.142903E-04
           322      G     -5.674342E-05   4.762646E-04  -1.092877E-03  -5.593545E-02  -2.392398E-02  -4.265379E-02
           323      G      9.010543E-04   1.076582E-03  -1.122077E-02  -2.201477E-01   1.062231E-01   6.948761E-02
           324      G      6.574530E-04   1.611753E-04  -1.447054E-02   3.489047E-01  -1.139070E-01   1.809800E-02
           325      G      1.080971E-03   4.335690E-05  -1.864442E-02  -1.279483E-03   6.720563E-02   1.305179E-04
           326      G      6.318112E-04   3.365666E-05  -1.185359E-02   2.427393E-01   3.004825E-01   7.085125E-03
           327      G      8.177517E-04   3.522777E-05  -1.256349E-02  -2.499060E-02   3.811048E-01   3.156116E-04
           328      G      5.731893E-04   3.676484E-05  -1.837200E-03   6.886826E-03   2.757438E-01   1.476197E-02
           329      G      8.276813E-04   2.857700E-05  -5.442912E-04  -1.230756E-03   1.255690E-01   2.575351E-04
           330      G      6.706676E-04   2.815822E-04  -6.914478E-04   6.197304E-02  -6.410353E-01   1.697492E-02
           331      G      1.475967E-03   3.708226E-05  -1.370140E-03   9.533424E-03  -7.283077E-01  -3.472368E-03
           332      G      6.732772E-04  -1.054598E-04   1.274509E-02  -3.626317E-01  -5.451011E-02   1.654354E-02
           333      G      1.086604E-03   1.733897E-05   1.930607E-02  -2.184148E-04   6.717403E-02   6.170372E-04
           334      G      6.479329E-04   3.081267E-05   8.489827E-03  -2.177398E-01   3.336395E-01   7.275119E-03
           335      G      8.073922E-04   2.417913E-05   1.223766E-02  -2.453141E-02   4.178397E-01   1.349438E-04
           336      G      7.035270E-04  -2.211732E-04   4.262120E-04  -8.217288E-02  -5.899290E-01   1.769118E-02
           337      G      1.486855E-03   1.339910E-05   2.174589E-03   3.589052E-03  -7.322137E-01   1.474604E-04
           338      G      6.837035E-04  -7.574206E-05  -1.279094E-02  -3.512534E-01  -6.477995E-02  -1.658516E-02
           339      G      6.546325E-04   4.190119E-05  -9.270803E-03  -2.231663E-01   3.064348E-01  -6.792631E-03
           340      G      5.882677E-04   2.637373E-05   6.130847E-04  -1.149327E-02   2.764506E-01  -1.495654E-02
           341      G      7.218929E-04  -1.526574E-04  -1.753521E-04  -7.428342E-02  -5.996059E-01  -1.709908E-02
           342      G      6.850762E-04   1.431510E-04   1.458600E-02   3.595418E-01  -9.505154E-02  -1.664996E-02
           343      G      6.600254E-04   2.084355E-05   1.115363E-02   2.367242E-01   3.292747E-01  -6.897695E-03
1                                                       **STUDENT EDITION*    APRIL  18, 2026  MSC Nastran  3/ 3/26   PAGE   105
     DEFAULT                                                                                                                        
0                                                                                                            SUBCASE 1              
      EIGENVALUE =  7.222559E+06
          CYCLES =  4.277260E+02         R E A L   E I G E N V E C T O R   N O .         10
 
      POINT ID.   TYPE          T1             T2             T3             R1             R2             R3
           344      G      7.164850E-04   2.472970E-04   1.187874E-03   7.797052E-02  -6.337159E-01  -1.735339E-02
           400      G     -1.047135E-03   2.369744E-04   6.261511E-04   3.288533E-02  -4.694197E-02   1.104255E-02
           401      G     -1.028848E-03   5.059845E-04   1.823395E-04   8.070051E-02  -3.659456E-02   4.201359E-03
           402      G     -9.915314E-04   3.843936E-05   2.398283E-05  -2.002243E-04  -3.537960E-02   2.198884E-02
           403      G     -1.380507E-03   1.026296E-03   3.822588E-03  -6.093067E-03  -1.264800E-01  -3.033397E-02
           404      G     -1.129123E-03   5.088357E-04   1.674135E-03   9.757409E-02   1.749502E-02   9.782773E-03
           405      G     -1.730422E-04   9.054004E-04   1.064333E-02  -1.734002E-01  -2.208308E-01  -4.502175E-02
           406      G      1.470465E-04   5.734631E-05   1.408373E-02   1.172719E-03  -2.905278E-01   3.110157E-03
           407      G     -1.046637E-03  -1.633529E-04  -5.896816E-04  -3.409664E-02  -4.745211E-02   1.120278E-02
           408      G     -1.028192E-03  -4.263076E-04  -1.407177E-04  -8.080357E-02  -3.711965E-02   4.357506E-03
           409      G     -1.373723E-03  -9.420097E-04  -3.739117E-03   6.423183E-03  -1.274843E-01  -3.023725E-02
           410      G     -1.127429E-03  -4.323140E-04  -1.627994E-03  -9.960593E-02   1.920264E-02   9.212603E-03
           411      G     -1.788701E-04  -8.153542E-04  -1.028326E-02   1.659658E-01  -2.200537E-01  -4.507830E-02
           412      G      1.363761E-04   1.239067E-05  -1.356378E-02  -2.123016E-04  -2.887677E-01   1.754083E-04
           413      G     -1.018730E-03  -1.372840E-04   6.221369E-04  -3.348806E-02  -4.720652E-02  -1.076665E-02
           414      G     -9.988166E-04  -4.167530E-04   1.800945E-04  -8.120913E-02  -3.637176E-02  -4.016872E-03
           415      G     -9.627128E-04   3.838734E-05   2.521577E-05  -4.482705E-04  -3.510507E-02  -2.137972E-02
           416      G     -1.350837E-03  -9.029175E-04   3.820975E-03   9.267705E-03  -1.292878E-01   3.089311E-02
           417      G     -1.101259E-03  -3.947045E-04   1.670713E-03  -9.784063E-02   1.839956E-02  -9.117062E-03
           418      G     -1.573652E-04  -7.728518E-04   1.062182E-02   1.712522E-01  -2.209213E-01   4.618527E-02
           419      G     -1.016686E-03   2.156741E-04  -5.885564E-04   3.331202E-02  -4.732740E-02  -1.076554E-02
           420      G     -9.988813E-04   4.914393E-04  -1.390295E-04   8.015488E-02  -3.713335E-02  -3.884194E-03
           421      G     -1.342499E-03   9.679944E-04  -3.731188E-03  -6.964235E-03  -1.267813E-01   3.065687E-02
           422      G     -1.097061E-03   4.720439E-04  -1.624238E-03   9.856772E-02   1.929221E-02  -8.756969E-03
           423      G     -1.641065E-04   8.402219E-04  -1.027853E-02  -1.660994E-01  -2.197804E-01   4.539849E-02
           424      G     -5.275013E-04   2.961211E-04  -3.028376E-02   1.048066E+00  -3.325663E-02   8.750671E-03
           425      G     -1.985828E-04   5.038414E-05  -5.811670E-02  -2.223044E-04  -2.088621E-01   3.463447E-04
           426      G     -4.711766E-04   3.541589E-05  -1.800439E-02   5.364059E-01   5.132671E-01   2.442680E-03
           427      G     -1.021422E-03   4.461070E-05  -3.126439E-02  -4.044476E-04   1.235770E+00   1.879687E-04
           428      G     -5.433558E-04   3.998746E-05  -1.366899E-04   4.963595E-03   3.839527E-01  -5.226172E-03
           429      G     -8.858306E-04   3.870004E-05  -2.881585E-04  -2.731190E-04  -5.673006E-02   2.207840E-04
           430      G     -4.443065E-04   2.495666E-04  -1.166543E-02   4.098529E-01  -9.262822E-01   1.457230E-02
           431      G      4.349856E-04   5.681769E-05  -2.327901E-02   8.693266E-04  -1.437688E+00  -6.392263E-04
           432      G     -5.305676E-04  -2.200506E-04   3.036471E-02  -1.048531E+00  -2.803707E-02   8.593567E-03
           433      G     -2.086800E-04   2.641952E-05   5.818730E-02  -3.460261E-04  -2.070484E-01   2.194162E-04
           434      G     -4.720417E-04   4.001240E-05   1.787516E-02  -5.314312E-01   5.197687E-01   2.423793E-03
           435      G     -1.030278E-03   3.258774E-05   3.098978E-02  -2.710983E-04   1.249007E+00   2.321985E-04
           436      G     -4.489421E-04  -1.739276E-04   1.191397E-02  -4.137844E-01  -9.216889E-01   1.435869E-02
           437      G      4.214945E-04   1.947548E-05   2.358730E-02  -3.268228E-04  -1.428551E+00   2.782899E-04
           438      G     -5.132954E-04  -1.948414E-04  -3.030171E-02  -1.047490E+00  -3.185660E-02  -8.491388E-03
           439      G     -4.571813E-04   5.347409E-05  -1.800851E-02  -5.359699E-01   5.130574E-01  -2.043409E-03
           440      G     -5.288893E-04   3.736300E-05  -1.414991E-04  -4.881012E-03   3.840999E-01   5.480820E-03
           441      G     -4.300283E-04  -1.387471E-04  -1.169877E-02  -4.102003E-01  -9.269483E-01  -1.413002E-02
           442      G     -5.158350E-04   2.729147E-04   3.036341E-02   1.048678E+00  -2.808657E-02  -8.279967E-03
           443      G     -4.574826E-04   2.506207E-05   1.787289E-02   5.314814E-01   5.199101E-01  -2.023505E-03
           444      G     -4.339990E-04   2.131407E-04   1.191354E-02   4.140591E-01  -9.214968E-01  -1.393110E-02
           445      G     -2.816055E-03   2.508742E-03   4.096187E-03  -1.056253E-01  -6.019572E-02  -6.033260E-02
           446      G     -2.538007E-03   8.699376E-04   2.006817E-03  -8.536072E-02  -7.065206E-02   1.990872E-02
           447      G     -2.235792E-03   3.015075E-04   7.701266E-04  -5.262651E-02  -2.445563E-02   2.247733E-02
           448      G     -2.006116E-03   7.979467E-05   2.648674E-04  -4.138483E-02  -6.693914E-03   2.707231E-02
1                                                       **STUDENT EDITION*    APRIL  18, 2026  MSC Nastran  3/ 3/26   PAGE   106
     DEFAULT                                                                                                                        
0                                                                                                            SUBCASE 1              
      EIGENVALUE =  7.222559E+06
          CYCLES =  4.277260E+02         R E A L   E I G E N V E C T O R   N O .         10
 
      POINT ID.   TYPE          T1             T2             T3             R1             R2             R3
           449      G     -1.934947E-03   3.763067E-05   2.236877E-05   6.032914E-04  -1.390261E-03   2.318339E-02
           450      G     -1.712845E-03   1.899243E-03   1.032963E-02  -1.471109E-01  -1.436772E-01  -9.808655E-02
           451      G     -1.472481E-03   6.045926E-05   1.331957E-02   1.592499E-04  -2.079570E-01   4.483258E-04
           452      G     -2.786126E-03  -2.344334E-03  -4.001264E-03   1.006933E-01  -5.859771E-02  -5.836329E-02
           453      G     -2.517541E-03  -7.646469E-04  -1.953424E-03   8.348696E-02  -6.964114E-02   1.907373E-02
           454      G     -2.223948E-03  -2.167316E-04  -7.314713E-04   5.176582E-02  -2.446110E-02   2.187454E-02
           455      G     -2.001726E-03  -3.631575E-06  -2.229181E-04   4.191018E-02  -7.066364E-03   2.657993E-02
           456      G     -1.715759E-03  -1.755560E-03  -9.979392E-03   1.410484E-01  -1.400294E-01  -9.444044E-02
           457      G     -1.482464E-03   1.488296E-05  -1.283669E-02  -5.378288E-05  -2.007039E-01   1.722708E-04
           458      G     -2.785221E-03  -2.382121E-03   4.091526E-03   1.042878E-01  -5.966642E-02   6.056749E-02
           459      G     -2.507379E-03  -7.576295E-04   2.003833E-03   8.505161E-02  -7.082086E-02  -1.944740E-02
           460      G     -2.204550E-03  -2.009260E-04   7.671085E-04   5.253833E-02  -2.439396E-02  -2.206356E-02
           461      G     -1.974433E-03   9.586939E-06   2.631797E-04   4.119204E-02  -6.609361E-03  -2.664491E-02
           462      G     -1.902654E-03   4.052495E-05   2.311371E-05  -8.659247E-04  -1.321258E-03  -2.280743E-02
           463      G     -1.697876E-03  -1.777507E-03   1.031391E-02   1.475724E-01  -1.429018E-01   9.887390E-02
           464      G     -2.752220E-03   2.373849E-03  -3.993197E-03  -1.006496E-01  -5.858893E-02   5.872802E-02
           465      G     -2.483891E-03   8.071138E-04  -1.949022E-03  -8.341610E-02  -6.949260E-02  -1.868109E-02
           466      G     -2.191115E-03   2.716173E-04  -7.292077E-04  -5.180540E-02  -2.443596E-02  -2.141589E-02
           467      G     -1.969452E-03   7.021743E-05  -2.212784E-04  -4.205673E-02  -7.066892E-03  -2.609292E-02
           468      G     -1.699754E-03   1.785249E-03  -9.974578E-03  -1.411685E-01  -1.399682E-01   9.478675E-02
           469      G     -2.062916E-03   1.856353E-03   7.005036E-03  -1.556434E-01  -9.857386E-02   6.581638E-02
           470      G     -1.976246E-03   8.768086E-04   5.912272E-03  -2.487651E-01  -4.287938E-02   2.099031E-02
           471      G     -1.891648E-03   2.338313E-04   4.702670E-03  -2.292319E-01  -5.193571E-02   1.479250E-02
           472      G     -1.845746E-03   7.221540E-05   2.855478E-03  -1.499396E-01  -7.874198E-02   4.022776E-03
           473      G     -1.829290E-03   3.637020E-05  -6.900797E-05   5.668520E-03  -1.032949E-01   4.991857E-03
           474      G     -1.564713E-03   5.652395E-04   1.060971E-02  -1.546525E-01   3.688725E-02   3.535000E-02
           475      G     -1.560469E-03   2.162738E-04   1.062230E-02  -2.558239E-01  -6.584708E-02   9.234412E-03
           476      G     -1.606278E-03   6.171210E-05   6.743793E-03  -1.627470E-01  -2.035271E-01   7.643183E-03
           477      G     -1.624198E-03   3.653486E-05  -2.251056E-04   6.703481E-03  -2.542191E-01   8.333305E-03
           478      G     -1.550976E-03   7.974196E-04   1.264260E-02  -7.751730E-02  -1.626189E-01   2.609163E-02
           479      G     -1.289389E-03   4.039199E-04   1.385986E-02  -1.376563E-01   9.345988E-02   5.817241E-03
           480      G     -1.355896E-03   1.227893E-04   1.497058E-02  -1.358241E-01  -6.910510E-02   7.172702E-03
           481      G     -1.430765E-03   5.913919E-05   9.773171E-03  -1.050352E-01  -2.880089E-01   3.711212E-03
           482      G     -1.239910E-03   5.594441E-05   1.496695E-02   3.394133E-05   1.118448E-01   1.387819E-04
           483      G     -1.265693E-03   5.029810E-05   1.637244E-02   1.415379E-04  -6.505134E-02   2.019778E-04
           484      G     -1.375481E-03   4.479259E-05   1.091375E-02   1.069108E-04  -3.060876E-01   1.960631E-04
           485      G     -1.471664E-03   3.753506E-05  -3.556697E-04   4.580026E-03  -3.830868E-01   3.600300E-03
           486      G     -1.414794E-03   3.910909E-05  -4.105804E-04   8.054946E-05  -4.401449E-01   1.977008E-04
           487      G     -2.055375E-03  -1.715205E-03  -6.788688E-03   1.495404E-01  -9.584552E-02   6.349443E-02
           488      G     -1.970889E-03  -7.714114E-04  -5.795100E-03   2.437875E-01  -3.923168E-02   2.034226E-02
           489      G     -1.888710E-03  -1.523896E-04  -4.712872E-03   2.328083E-01  -4.841454E-02   1.431643E-02
           490      G     -1.844193E-03   2.601200E-06  -2.957432E-03   1.590507E-01  -7.657226E-02   3.903254E-03
           491      G     -1.570629E-03  -4.713149E-04  -1.043908E-02   1.540028E-01   4.412231E-02   3.408526E-02
           492      G     -1.565468E-03  -1.352778E-04  -1.073351E-02   2.595735E-01  -5.670668E-02   8.961788E-03
           493      G     -1.608631E-03   1.287791E-05  -7.097745E-03   1.735152E-01  -1.973037E-01   7.465467E-03
           494      G     -1.557151E-03  -6.943485E-04  -1.219469E-02   7.390502E-02  -1.568439E-01   2.511495E-02
           495      G     -1.303280E-03  -3.152985E-04  -1.366833E-02   1.358710E-01   1.027216E-01   5.657472E-03
           496      G     -1.365197E-03  -4.392438E-05  -1.516380E-02   1.386010E-01  -5.574082E-02   6.976418E-03
           497      G     -1.435451E-03   1.704889E-05  -1.033076E-02   1.117095E-01  -2.780886E-01   3.607893E-03
           498      G     -1.253255E-03   2.126149E-05  -1.476830E-02  -5.650193E-05   1.224002E-01   2.185516E-04
1                                                       **STUDENT EDITION*    APRIL  18, 2026  MSC Nastran  3/ 3/26   PAGE   107
     DEFAULT                                                                                                                        
0                                                                                                            SUBCASE 1              
      EIGENVALUE =  7.222559E+06
          CYCLES =  4.277260E+02         R E A L   E I G E N V E C T O R   N O .         10
 
      POINT ID.   TYPE          T1             T2             T3             R1             R2             R3
           499      G     -1.276624E-03   2.747271E-05  -1.659968E-02  -4.342669E-06  -5.103354E-02   2.089776E-04
           500      G     -1.381068E-03   3.334481E-05  -1.154961E-02   3.262154E-05  -2.936832E-01   2.050218E-04
           501      G     -2.039904E-03  -1.732130E-03   6.984896E-03   1.554654E-01  -9.793239E-02  -6.543338E-02
           502      G     -1.953729E-03  -7.644844E-04   5.903380E-03   2.486322E-01  -4.271544E-02  -2.060143E-02
           503      G     -1.868646E-03  -1.331598E-04   4.696527E-03   2.290966E-01  -5.192203E-02  -1.440421E-02
           504      G     -1.822308E-03   1.727340E-05   2.850015E-03   1.498244E-01  -7.866683E-02  -3.631268E-03
           505      G     -1.805560E-03   4.177396E-05  -7.244807E-05  -5.774939E-03  -1.032286E-01  -4.591857E-03
           506      G     -1.549915E-03  -4.530087E-04   1.060201E-02   1.546946E-01   3.689172E-02  -3.503391E-02
           507      G     -1.545532E-03  -1.156191E-04   1.061551E-02   2.558707E-01  -6.583512E-02  -8.841776E-03
           508      G     -1.591055E-03   2.783679E-05   6.737340E-03   1.627585E-01  -2.034876E-01  -7.249893E-03
           509      G     -1.608716E-03   4.164454E-05  -2.297721E-04  -6.716646E-03  -2.541311E-01  -7.941985E-03
           510      G     -1.543396E-03  -6.748689E-04   1.263541E-02   7.797445E-02  -1.622528E-01  -2.582864E-02
           511      G     -1.281990E-03  -2.923284E-04   1.385589E-02   1.380326E-01   9.343826E-02  -5.416459E-03
           512      G     -1.348432E-03  -2.206890E-05   1.496600E-02   1.359693E-01  -6.913030E-02  -6.800010E-03
           513      G     -1.423173E-03   3.041297E-05   9.768720E-03   1.051991E-01  -2.879775E-01  -3.320373E-03
           514      G     -1.463943E-03   4.068149E-05  -3.589836E-04  -4.468970E-03  -3.830309E-01  -3.202317E-03
           515      G     -2.030677E-03   1.745134E-03  -6.781341E-03  -1.496281E-01  -9.580788E-02  -6.304066E-02
           516      G     -1.946315E-03   8.138702E-04  -5.790284E-03  -2.438035E-01  -3.911909E-02  -1.991857E-02
           517      G     -1.864351E-03   2.073907E-04  -4.711271E-03  -2.328548E-01  -4.830178E-02  -1.390974E-02
           518      G     -1.820105E-03   6.401684E-05  -2.958527E-03  -1.591342E-01  -7.647264E-02  -3.510201E-03
           519      G     -1.554692E-03   5.138540E-04  -1.043584E-02  -1.541148E-01   4.418078E-02  -3.366141E-02
           520      G     -1.549621E-03   1.902387E-04  -1.073265E-02  -2.595922E-01  -5.659474E-02  -8.552294E-03
           521      G     -1.592946E-03   5.379617E-05  -7.099790E-03  -1.735292E-01  -1.971966E-01  -7.058970E-03
           522      G     -1.549196E-03   7.243940E-04  -1.219234E-02  -7.403116E-02  -1.568147E-01  -2.467664E-02
           523      G     -1.295345E-03   3.577424E-04  -1.366669E-02  -1.359154E-01   1.027531E-01  -5.254083E-03
           524      G     -1.357301E-03   9.889867E-05  -1.516343E-02  -1.386342E-01  -5.567939E-02  -6.569070E-03
           525      G     -1.427623E-03   4.962924E-05  -1.033225E-02  -1.116593E-01  -2.780112E-01  -3.206424E-03
          1000      G     -2.184264E-03   4.303800E-06   4.593310E-05   8.356163E-04  -2.548022E-01  -2.637040E-01
          1001      G     -2.221378E-03  -2.383835E-04   3.869275E-04  -4.834414E-04  -5.519882E-04  -1.212247E+00
          1002      G     -2.011873E-03   6.827509E-04   3.992706E-04  -6.231080E-04  -4.663599E-04  -1.107972E+00
          1003      G     -2.255612E-03   4.323078E-06  -1.820588E-04   1.065449E-02   3.044866E+00   1.657808E-02
          1004      G     -2.014115E-03   3.644345E-04  -8.144245E-02   2.970401E+00   2.391777E+00   8.656582E-03
          1005      G     -2.095437E-03   5.573308E-04  -1.241712E-01   5.258453E+00   1.943632E-01   2.721911E-04
          1006      G     -5.804591E-04   3.128634E-06  -3.824771E-04   2.531587E-05   2.254479E-01   2.025519E-04
          1007      G     -1.653022E-03   9.426297E-06  -1.361743E-01  -2.916407E-04   7.853256E+00   1.572225E-04
          1008      G     -2.519661E-03   1.133038E-05  -2.394745E-01  -3.614543E-04  -3.066366E-01   1.825301E-04
          1009      G     -1.480317E-03   1.095028E-03   4.199255E-04  -9.752047E-04   6.772737E-04  -6.930975E-01
          1010      G     -9.930018E-04   6.740313E-04   4.396545E-04  -1.374212E-03   5.035712E-04  -4.409995E-01
          1011      G     -2.505003E-03   7.199544E-04  -6.460473E-02   2.561188E+00  -4.111760E+00  -1.456222E-02
          1012      G     -2.910881E-03   1.464120E-04   1.034750E-02  -5.571084E-01  -4.840990E-01   9.134537E-01
          1013      G     -3.213672E-03   1.907389E-05  -1.237640E-01   1.660693E-03  -7.779383E+00   3.183618E-04
          1014      G     -4.072584E-03   2.576404E-05   1.236959E-02   2.322899E-03  -6.468853E-01   1.990933E-03
          1015      G     -2.215194E-03   2.486962E-04  -3.761210E-04   4.778051E-04  -5.631471E-04  -1.213428E+00
          1016      G     -2.002816E-03  -6.929451E-04  -3.887004E-04   6.074842E-04  -4.764387E-04  -1.107725E+00
          1017      G     -2.007013E-03  -3.581427E-04   8.119222E-02  -2.957196E+00   2.400434E+00   8.507296E-03
          1018      G     -2.086034E-03  -5.322654E-04   1.241892E-01  -5.253141E+00   2.041100E-01   4.823617E-04
          1019      G     -1.646098E-03  -1.938136E-06   1.357383E-01   2.821261E-04   7.878658E+00   1.663781E-04
          1020      G     -2.498305E-03  -5.377634E-06   2.394559E-01   5.112244E-04  -3.074639E-01   1.509727E-04
          1021      G     -1.483922E-03  -9.895831E-04  -4.092585E-04   1.042522E-03   6.968353E-04  -7.368029E-01
          1022      G     -9.545749E-04  -7.770445E-04  -4.286511E-04   1.386829E-03   4.863061E-04  -4.590701E-01
1                                                       **STUDENT EDITION*    APRIL  18, 2026  MSC Nastran  3/ 3/26   PAGE   108
     DEFAULT                                                                                                                        
0                                                                                                            SUBCASE 1              
      EIGENVALUE =  7.222559E+06
          CYCLES =  4.277260E+02         R E A L   E I G E N V E C T O R   N O .         10
 
      POINT ID.   TYPE          T1             T2             T3             R1             R2             R3
          1023      G     -2.465400E-03  -7.278660E-04   6.488140E-02  -2.562334E+00  -4.103411E+00  -1.444047E-02
          1024      G     -2.861820E-03  -1.236461E-04  -9.978853E-03   5.556683E-01  -4.879217E-01   9.757191E-01
          1025      G     -3.200994E-03  -9.143492E-06   1.241093E-01   7.141745E-04  -7.757105E+00   1.597639E-04
          1026      G     -4.069894E-03  -1.300104E-05  -1.180513E-02   1.411624E-04  -6.532094E-01  -4.936216E-03
          1027      G     -2.156851E-03   1.168585E-06   4.616074E-05  -7.539841E-04  -2.543662E-01   2.518001E-01
          1028      G     -2.190292E-03   2.408355E-04   3.860049E-04   4.260208E-04  -5.388659E-04   1.192947E+00
          1029      G     -1.981514E-03  -6.408170E-04   3.980297E-04   5.759025E-04  -4.532407E-04   1.089034E+00
          1030      G     -2.239883E-03  -2.449511E-07  -1.735859E-04  -9.337628E-03   3.044683E+00  -1.622636E-02
          1031      G     -2.000729E-03  -3.478962E-04  -8.142359E-02  -2.967868E+00   2.391234E+00  -8.173965E-03
          1032      G     -2.080280E-03  -5.220293E-04  -1.241513E-01  -5.254416E+00   1.950358E-01   6.190464E-05
          1033      G     -1.457089E-03  -1.013377E-03   4.194147E-04   1.018989E-03   6.571275E-04   7.009355E-01
          1034      G     -9.422639E-04  -6.877877E-04   4.397099E-04   1.388120E-03   4.632507E-04   4.325656E-01
          1035      G     -2.475158E-03  -6.877956E-04  -6.461409E-02  -2.556898E+00  -4.110480E+00   1.485816E-02
          1036      G     -2.885701E-03  -9.514658E-05   1.033286E-02   5.644738E-01  -4.849545E-01  -9.718780E-01
          1037      G     -2.189318E-03  -2.492857E-04  -3.757573E-04  -4.592108E-04  -5.557289E-04   1.199602E+00
          1038      G     -1.977811E-03   6.799218E-04  -3.881554E-04  -5.908192E-04  -4.689704E-04   1.094332E+00
          1039      G     -1.992578E-03   3.550332E-04   8.119155E-02   2.957852E+00   2.400119E+00  -8.205862E-03
          1040      G     -2.072269E-03   5.210597E-04   1.241807E-01   5.253348E+00   2.038443E-01  -1.894083E-04
          1041      G     -1.459611E-03   9.698969E-04  -4.084123E-04  -1.041668E-03   7.001358E-04   7.267962E-01
          1042      G     -2.451033E-03   7.100196E-04   6.486729E-02   2.562255E+00  -4.103563E+00   1.472579E-02
          1043      G     -2.848249E-03   9.826531E-05  -9.979913E-03  -5.551485E-01  -4.867001E-01  -9.843733E-01
          1044      G     -9.284223E-04   7.564141E-04  -4.277268E-04  -1.384334E-03   4.882002E-04   4.479707E-01
          2000      G      1.171155E-02  -4.551326E-06   2.024655E-06   1.379440E-02   1.053614E+00   2.576298E+00
          2001      G      1.208791E-02  -3.514103E-04   6.191898E-04  -5.673988E-03   8.895453E-04   5.928479E+00
          2002      G      1.067586E-02   3.346442E-04   6.001241E-04  -1.055121E-03  -1.208415E-04   5.226348E+00
          2003      G      1.232289E-02  -7.730387E-05   2.513427E-02  -9.658728E-01  -3.456785E+01  -1.548600E-01
          2004      G      1.048866E-02  -2.541569E-03   9.291208E-01  -3.364945E+01  -2.676169E+01  -6.881621E-02
          2005      G      1.132281E-02  -3.001281E-03   1.421450E+00  -5.934909E+01  -3.459654E+00   7.788806E-03
          2006      G     -6.092657E-03   1.492618E-07   4.087461E-02   1.325246E-04  -3.320314E+00   1.271099E-03
          2007      G      5.314869E-03   2.339642E-05   1.540893E+00  -6.742985E-03  -8.690110E+01   1.728002E-03
          2008      G      1.338522E-02   7.780357E-05   2.693542E+00  -8.471629E-03   2.807965E+00   2.146654E-03
          2009      G      8.093770E-03  -3.507994E-03   5.744217E-04  -4.049858E-03  -1.875663E-03   4.056543E+00
          2010      G      4.429844E-03  -4.050040E-03   2.072720E-04  -7.225051E-04   1.811860E-04   2.100493E+00
          2011      G      1.345868E-02  -3.465818E-03   8.156677E-01  -3.145789E+01   4.313887E+01   1.054847E-01
          2012      G      1.636374E-02   6.985121E-04   3.333712E-02   9.806674E-01   4.529523E+00  -4.717982E+00
          2013      G      1.951002E-02   1.382689E-04   1.488214E+00  -6.784952E-02   8.189818E+01   2.278598E-03
          2014      G      2.645603E-02   1.938069E-04   4.893632E-02  -1.139130E-02   6.613620E+00  -5.816008E-03
          2015      G      1.215788E-02   3.462392E-04  -6.022510E-04   5.602098E-03   9.456397E-04   5.959124E+00
          2016      G      1.081163E-02  -3.546358E-04  -5.912645E-04   1.018874E-03  -1.111561E-04   5.289899E+00
          2017      G      1.034046E-02   2.365278E-03  -8.967387E-01   3.260373E+01  -2.790058E+01  -7.325924E-02
          2018      G      1.114294E-02   2.932799E-03  -1.416526E+00   5.939511E+01  -4.071198E+00  -2.858926E-03
          2019      G      4.790314E-03  -2.093279E-05  -1.497886E+00  -7.104015E-04  -8.963846E+01   1.045120E-03
          2020      G      1.209704E-02  -3.372399E-05  -2.701339E+00   3.908909E-03   2.437021E+00   8.964702E-04
          2021      G      8.440010E-03   3.794014E-03  -5.641561E-04   4.106296E-03  -1.896585E-03   4.188750E+00
          2022      G      4.786589E-03   4.279419E-03  -2.012629E-04   8.256378E-04   1.357162E-04   2.245359E+00
          2023      G      1.316108E-02   3.493555E-03  -8.150567E-01   3.132644E+01   4.329048E+01   8.798260E-02
          2024      G      1.631129E-02  -2.219858E-05  -3.213781E-02  -1.495578E+00   4.339800E+00  -6.237659E+00
          2025      G      1.816838E-02  -5.315013E-05  -1.493279E+00   3.801357E-03   8.235274E+01   8.715189E-04
          2026      G      2.458304E-02  -7.234081E-05  -4.760768E-02  -1.263861E-03   6.463221E+00  -4.001400E-02
          2027      G      1.192123E-02   1.922032E-05  -3.880080E-06  -1.497207E-02   1.056836E+00  -2.666678E+00
1                                                       **STUDENT EDITION*    APRIL  18, 2026  MSC Nastran  3/ 3/26   PAGE   109
     DEFAULT                                                                                                                        
0                                                                                                            SUBCASE 1              
      EIGENVALUE =  7.222559E+06
          CYCLES =  4.277260E+02         R E A L   E I G E N V E C T O R   N O .         10
 
      POINT ID.   TYPE          T1             T2             T3             R1             R2             R3
          2028      G      1.234770E-02   3.587286E-04   6.180193E-04   5.595044E-03   9.038609E-04  -6.061651E+00
          2029      G      1.100414E-02  -2.818793E-04   5.988455E-04   9.742731E-04  -1.027132E-04  -5.393674E+00
          2030      G      1.246849E-02   7.152279E-05   2.515141E-02   8.966975E-01  -3.457620E+01   1.566857E-01
          2031      G      1.065526E-02   2.575639E-03   9.292194E-01   3.353917E+01  -2.675300E+01   7.161281E-02
          2032      G      1.149831E-02   3.124420E-03   1.421827E+00   5.916253E+01  -3.498744E+00  -3.853718E-03
          2033      G      8.493936E-03   3.785198E-03   5.735640E-04   4.050000E-03  -1.902294E-03  -4.238714E+00
          2034      G      4.837770E-03   4.392374E-03   2.111332E-04   8.170056E-04   1.472833E-04  -2.287646E+00
          2035      G      1.365191E-02   3.702732E-03   8.169394E-01   3.120604E+01   4.312657E+01  -9.944963E-02
          2036      G      1.660264E-02  -2.031590E-04   3.366582E-02  -1.492381E+00   4.601532E+00   6.600472E+00
          2037      G      1.233815E-02  -3.485675E-04  -6.019278E-04  -5.582226E-03   9.541594E-04  -6.049846E+00
          2038      G      1.097926E-02   3.376553E-04  -5.907133E-04  -9.892049E-04  -1.019503E-04  -5.374314E+00
          2039      G      1.046164E-02  -2.389194E-03  -8.967811E-01  -3.264380E+01  -2.789889E+01   7.485148E-02
          2040      G      1.124112E-02  -2.990853E-03  -1.416641E+00  -5.942188E+01  -4.076186E+00   4.582587E-03
          2041      G      8.603224E-03  -3.883806E-03  -5.633433E-04  -4.104184E-03  -1.893133E-03  -4.268159E+00
          2042      G      4.946141E-03  -4.432122E-03  -2.004672E-04  -8.278172E-04   1.408128E-04  -2.322754E+00
          2043      G      1.324421E-02  -3.590981E-03  -8.152028E-01  -3.134161E+01   4.329207E+01  -8.614221E-02
          2044      G      1.638956E-02  -1.232269E-04  -3.216889E-02   1.493778E+00   4.347878E+00   6.160217E+00
          3000      G      1.483657E-03   2.302496E-05   1.774045E-05   2.631410E-03  -2.233178E-02   8.716257E-01
          3001      G      1.463508E-03  -6.901673E-05   3.814349E-05   2.797686E-02  -5.924435E-03   8.678764E-01
          3002      G      1.427484E-03  -1.496259E-05   4.861084E-04   1.572422E-02  -3.475399E-03   7.673890E-01
          3003      G      1.559715E-03   3.082855E-05  -3.262679E-04   1.274237E-02   2.195849E-01   1.942873E-03
          3004      G      1.604562E-03   2.984838E-05  -7.212900E-03   2.573537E-01   2.296825E-01   1.298181E-03
          3005      G      1.658946E-03   1.488366E-05  -8.693336E-03   4.402784E-01  -1.489773E-01   1.504327E-03
          3006      G      1.810190E-03   3.798620E-05  -5.443063E-04  -1.229262E-03   1.255768E-01   3.545603E-04
          3007      G      1.700182E-03   4.184996E-05  -1.174622E-02  -2.594042E-04   5.037247E-01   3.471502E-04
          3008      G      1.627437E-03   5.336299E-05  -1.864474E-02  -1.278570E-03   6.719532E-02   4.005193E-04
          3009      G      1.379784E-03   1.134653E-04   1.321693E-03  -5.870693E-02  -3.094769E-02   8.148634E-01
          3010      G      1.316570E-03   2.595483E-04   3.179992E-03  -9.661431E-02   1.036279E-02   7.310048E-01
          3011      G      1.670188E-03   5.946202E-05   2.751299E-03   9.403596E-02  -6.010819E-01   4.754236E-03
          3012      G      1.717324E-03   2.678836E-04   1.201756E-02  -2.066741E-01   1.113808E-01   1.271591E+00
          3013      G      1.758399E-03   5.864287E-05  -7.646226E-04   2.535397E-03  -1.175799E+00   5.403999E-04
          3014      G      1.803477E-03   8.001586E-05   1.648870E-02  -1.744520E-02   7.941096E-02   7.472153E-02
          3015      G      1.467054E-03   1.278006E-04   2.040325E-06  -2.636528E-02  -5.291775E-03   8.770423E-01
          3016      G      1.434950E-03   8.922770E-05  -4.531015E-04  -1.830207E-02   7.609495E-06   7.478305E-01
          3017      G      1.603139E-03   3.564202E-05   6.982015E-03  -2.486638E-01   2.555257E-01   1.275336E-03
          3018      G      1.659455E-03   4.786972E-05   9.037111E-03  -4.511206E-01  -1.355782E-01   1.480249E-03
          3019      G      1.701672E-03   2.459506E-05   1.149260E-02  -3.107806E-03   5.601064E-01   3.669926E-04
          3020      G      1.631930E-03   1.881842E-05   1.930644E-02  -2.174939E-04   6.716404E-02   3.424829E-04
          3021      G      1.392254E-03  -5.886320E-05  -1.268882E-03   5.530660E-02  -2.424263E-02   7.877571E-01
          3022      G      1.336628E-03  -1.978273E-04  -3.106588E-03   7.110165E-02   3.187839E-02   6.798718E-01
          3023      G      1.673113E-03   6.648673E-06  -2.220500E-03  -1.073164E-01  -5.968763E-01   4.663920E-03
          3024      G      1.714721E-03  -2.062893E-04  -1.164476E-02   2.196979E-01   1.049356E-01   1.369491E+00
          3025      G      1.754275E-03   7.391413E-06   1.516722E-03   5.363222E-04  -1.175663E+00   3.621122E-04
          3026      G      1.798581E-03  -9.418754E-07  -1.588990E-02   1.340303E-03   7.888886E-02   1.392782E-03
          3027      G      1.543235E-03   3.871528E-05   3.022949E-05  -9.840787E-04  -2.856767E-02  -9.160854E-01
          3028      G      1.528799E-03   1.564874E-04   2.663003E-05  -2.946628E-02  -1.593636E-03  -8.793118E-01
          3029      G      1.498076E-03   1.301476E-04   4.734685E-04  -1.866546E-02   7.190317E-04  -7.668904E-01
          3030      G      1.591806E-03   3.552767E-05  -2.842405E-04  -1.314430E-02   2.231427E-01  -1.227220E-03
          3031      G      1.638380E-03   5.760890E-05  -7.261062E-03  -2.568129E-01   2.313220E-01  -5.587514E-04
          3032      G      1.699098E-03   8.777743E-05  -8.770948E-03  -4.382467E-01  -1.452804E-01  -6.935480E-04
1                                                       **STUDENT EDITION*    APRIL  18, 2026  MSC Nastran  3/ 3/26   PAGE   110
     DEFAULT                                                                                                                        
0                                                                                                            SUBCASE 1              
      EIGENVALUE =  7.222559E+06
          CYCLES =  4.277260E+02         R E A L   E I G E N V E C T O R   N O .         10
 
      POINT ID.   TYPE          T1             T2             T3             R1             R2             R3
          3033      G      1.454777E-03   7.789610E-07   1.315665E-03   5.942856E-02  -2.616343E-02  -8.168634E-01
          3034      G      1.387565E-03  -1.166115E-04   3.184732E-03   7.249504E-02   3.657307E-02  -6.674651E-01
          3035      G      1.717393E-03   6.788781E-05   2.623218E-03  -9.816789E-02  -5.983219E-01  -3.991318E-03
          3036      G      1.774012E-03  -1.336568E-04   1.201299E-02   2.344957E-01   1.106174E-01  -1.430065E+00
          3037      G      1.523624E-03  -8.057930E-05   4.428601E-06   2.735961E-02  -3.644619E-03  -8.878460E-01
          3038      G      1.489388E-03  -5.896645E-05  -4.439795E-04   1.975425E-02   4.052049E-05  -7.642376E-01
          3039      G      1.634347E-03   1.431803E-05   7.073205E-03   2.508742E-01   2.543537E-01  -6.050537E-04
          3040      G      1.689279E-03  -1.613103E-05   9.087804E-03   4.502880E-01  -1.368693E-01  -8.236187E-04
          3041      G      1.445142E-03   7.508853E-05  -1.269799E-03  -5.594468E-02  -2.390971E-02  -8.026178E-01
          3042      G      1.389985E-03   1.965710E-04  -3.108089E-03  -7.222321E-02   3.266656E-02  -6.928540E-01
          3043      G      1.701694E-03   9.244447E-06  -2.209782E-03   1.072218E-01  -5.982681E-01  -4.026960E-03
          3044      G      1.740575E-03   2.055043E-04  -1.164486E-02  -2.201450E-01   1.061680E-01  -1.378535E+00
          4000      G     -1.785720E-03   4.011544E-05   2.476718E-05  -2.004454E-04  -3.539536E-02  -2.777134E-01
          4001      G     -1.818581E-03  -1.206561E-04  -1.454161E-04   8.076200E-02  -3.661431E-02  -2.529147E-01
          4002      G     -1.821106E-03  -1.312066E-05   4.906425E-04   3.288862E-02  -4.694911E-02  -2.108769E-01
          4003      G     -1.881552E-03   4.078702E-05  -1.263687E-04   7.405129E-03   8.298393E-01   2.638106E-03
          4004      G     -1.807457E-03   6.169121E-05  -2.098159E-02   7.090251E-01   5.419314E-01   1.116032E-03
          4005      G     -1.791812E-03   7.030053E-05  -3.023984E-02   1.313435E+00  -3.657117E-03   7.278705E-04
          4006      G     -1.417694E-03   4.089233E-05  -2.881911E-04  -2.730679E-04  -5.660348E-02   2.102921E-04
          4007      G     -1.681313E-03   4.675169E-05  -3.358173E-02  -1.761639E-05   1.994969E+00   2.063477E-04
          4008      G     -1.850451E-03   5.217536E-05  -5.812234E-02  -2.222381E-04  -2.089067E-01   2.048732E-04
          4009      G     -1.776475E-03   1.278302E-04   1.316885E-03   9.759358E-02   1.754257E-02  -4.025790E-01
          4010      G     -1.660975E-03   3.254922E-04   3.346690E-03  -6.102699E-03  -1.264916E-01   3.986790E-01
          4011      G     -1.830899E-03   1.571880E-04  -1.263146E-02   5.527926E-01  -1.172722E+00  -5.453692E-04
          4012      G     -1.916280E-03   1.346887E-04   9.753308E-03  -1.734213E-01  -2.208994E-01   1.116830E+00
          4013      G     -1.967112E-03   5.783704E-05  -2.474638E-02  -2.877150E-04  -2.103866E+00   1.914249E-04
          4014      G     -2.130840E-03   6.201480E-05   1.291346E-02   1.172518E-03  -2.906006E-01  -1.007895E-02
          4015      G     -1.818432E-03   2.012876E-04   1.874208E-04  -8.086446E-02  -3.713961E-02  -2.512409E-01
          4016      G     -1.820752E-03   9.630950E-05  -4.493284E-04  -3.409977E-02  -4.745936E-02  -2.090861E-01
          4017      G     -1.807541E-03   2.035997E-05   2.085260E-02  -7.010867E-01   5.493935E-01   1.113588E-03
          4018      G     -1.792203E-03   1.222793E-05   3.033672E-02  -1.312505E+00   3.957535E-03   7.452691E-04
          4019      G     -1.680102E-03   3.516419E-05   3.328943E-02  -1.400023E-04   2.015246E+00   2.109575E-04
          4020      G     -1.846774E-03   2.918675E-05   5.819295E-02  -3.459848E-04  -2.070918E-01   2.095335E-04
          4021      G     -1.776425E-03  -4.293142E-05  -1.265943E-03  -9.962597E-02   1.925025E-02  -4.096384E-01
          4022      G     -1.660718E-03  -2.423987E-04  -3.260514E-03   6.432399E-03  -1.274955E-01   3.993032E-01
          4023      G     -1.830371E-03  -7.482902E-05   1.290026E-02  -5.560520E-01  -1.168050E+00  -5.455998E-04
          4024      G     -1.915841E-03  -5.058646E-05  -9.396327E-03   1.659867E-01  -2.201213E-01   1.084445E+00
          4025      G     -1.964620E-03   2.370707E-05   2.507066E-02  -3.881184E-04  -2.090360E+00   2.061121E-04
          4026      G     -2.127650E-03   1.820669E-05  -1.240052E-02  -2.123317E-04  -2.888411E-01   1.884286E-03
          4027      G     -1.752207E-03   4.186363E-05   2.340450E-05  -4.481053E-04  -3.512088E-02   2.758538E-01
          4028      G     -1.785331E-03   2.139400E-04  -1.497021E-04  -8.127060E-02  -3.639150E-02   2.520097E-01
          4029      G     -1.788292E-03   1.175818E-04   4.842275E-04  -3.349132E-02  -4.721367E-02   2.073549E-01
          4030      G     -1.864684E-03   4.120972E-05  -1.415114E-04  -6.978113E-03   8.301159E-01  -2.216724E-03
          4031      G     -1.790698E-03   3.170642E-05  -2.100344E-02  -7.087513E-01   5.421267E-01  -7.003892E-04
          4032      G     -1.775229E-03   3.435665E-05  -3.026585E-02  -1.312709E+00  -3.494954E-03  -3.252779E-04
          4033      G     -1.743564E-03  -1.267720E-05   1.314173E-03  -9.786008E-02   1.844718E-02   4.029904E-01
          4034      G     -1.627416E-03  -2.010155E-04   3.346553E-03   9.276755E-03  -1.292992E-01  -4.123654E-01
          4035      G     -1.814817E-03  -4.254107E-05  -1.265264E-02  -5.520242E-01  -1.173060E+00   9.538349E-04
          4036      G     -1.901173E-03  -8.537285E-06   9.731438E-03   1.712734E-01  -2.209892E-01  -1.106283E+00
          4037      G     -1.784808E-03  -1.309904E-04   1.865150E-04   8.021580E-02  -3.715330E-02   2.485647E-01
1                                                       **STUDENT EDITION*    APRIL  18, 2026  MSC Nastran  3/ 3/26   PAGE   111
     DEFAULT                                                                                                                        
0                                                                                                            SUBCASE 1              
      EIGENVALUE =  7.222559E+06
          CYCLES =  4.277260E+02         R E A L   E I G E N V E C T O R   N O .         10
 
      POINT ID.   TYPE          T1             T2             T3             R1             R2             R3
          4038      G     -1.787183E-03  -3.774582E-05  -4.513415E-04   3.331512E-02  -4.733466E-02   2.073408E-01
          4039      G     -1.790673E-03   4.993632E-05   2.084078E-02   7.012831E-01   5.495384E-01  -6.884397E-04
          4040      G     -1.775433E-03   4.633709E-05   3.032946E-02   1.312919E+00   4.138640E-03  -3.187431E-04
          4041      G     -1.743268E-03   8.991747E-05  -1.266521E-03   9.858773E-02   1.933982E-02   4.081561E-01
          4042      G     -1.628279E-03   2.772401E-04  -3.257551E-03  -6.973695E-03  -1.267923E-01  -3.974916E-01
          4043      G     -1.813674E-03   1.218432E-04   1.289772E-02   5.565169E-01  -1.167755E+00   9.637328E-04
          4044      G     -1.898903E-03   8.681016E-05  -9.392693E-03  -1.661203E-01  -2.198480E-01  -1.079629E+00
1                                                       **STUDENT EDITION*    APRIL  18, 2026  MSC Nastran  3/ 3/26   PAGE   112
     DEFAULT                                                                                                                        
0                                                                                                            SUBCASE 1              
      EIGENVALUE =  1.439371E+06
                               F O R C E S   O F   S I N G L E - P O I N T   C O N S T R A I N T
 
      POINT ID.   TYPE          T1             T2             T3             R1             R2             R3
             1      G      6.582749E+03   7.710084E+04   1.355870E+05  -8.269909E+01   7.443124E+02  -7.469854E-01
             2      G      5.399022E+03  -7.606338E+04   1.349417E+05   6.225889E+01   6.990021E+02   7.361397E-01
             3      G      3.366405E+04  -4.860229E+03   1.124934E+05   9.309077E+02   1.091345E+03  -1.005888E-01
             4      G      3.188746E+04   4.774407E+03   1.113417E+05  -9.219666E+02   1.027181E+03   8.074376E-02
             5      G     -3.303440E+04  -4.963555E+03   1.124495E+05   9.334435E+02  -1.074958E+03   9.214718E-02
             6      G     -3.210918E+04   4.800582E+03   1.151208E+05  -9.491613E+02  -1.001509E+03  -1.144381E-01
             7      G     -6.258160E+03   7.445522E+04   1.348050E+05  -1.724791E+01  -7.283946E+02   7.325570E-01
             8      G     -6.127352E+03  -7.505351E+04   1.341724E+05   7.795973E+00  -7.560293E+02  -7.340907E-01
1                                                       **STUDENT EDITION*    APRIL  18, 2026  MSC Nastran  3/ 3/26   PAGE   113
     DEFAULT                                                                                                                        
0                                                                                                            SUBCASE 1              
      EIGENVALUE =  2.112220E+06
                               F O R C E S   O F   S I N G L E - P O I N T   C O N S T R A I N T
 
      POINT ID.   TYPE          T1             T2             T3             R1             R2             R3
             1      G     -6.934585E+03  -8.241463E+04  -2.206191E+05  -1.066977E+03  -1.076964E+03   7.078416E-01
             2      G     -6.381998E+03   8.242634E+04  -2.205819E+05   1.066283E+03  -1.059101E+03  -7.042883E-01
             3      G     -3.121232E+04   1.647127E+03  -1.801173E+05  -1.526888E+03  -1.226162E+03   4.622985E-02
             4      G     -3.043024E+04  -1.546479E+03  -1.798789E+05   1.521886E+03  -1.195737E+03  -4.108783E-02
             5      G      3.119684E+04   1.623917E+03  -1.800420E+05  -1.520018E+03   1.227061E+03  -4.983251E-02
             6      G      3.084480E+04  -1.595102E+03  -1.806859E+05   1.528867E+03   1.219010E+03   4.535254E-02
             7      G      7.047289E+03  -8.079063E+04  -2.204795E+05  -1.115235E+03   1.072022E+03  -7.031909E-01
             8      G      5.854754E+03   8.063090E+04  -2.205941E+05   1.156794E+03   1.023399E+03   6.921455E-01
1                                                       **STUDENT EDITION*    APRIL  18, 2026  MSC Nastran  3/ 3/26   PAGE   114
     DEFAULT                                                                                                                        
0                                                                                                            SUBCASE 1              
      EIGENVALUE =  2.302374E+06
                               F O R C E S   O F   S I N G L E - P O I N T   C O N S T R A I N T
 
      POINT ID.   TYPE          T1             T2             T3             R1             R2             R3
             1      G      4.330492E+04   9.828952E+04   1.468173E+05   2.006009E+03   1.835404E+02  -2.193654E+00
             2      G      4.349341E+04  -9.852451E+04   1.470642E+05  -2.001540E+03   1.890918E+02   2.194714E+00
             3      G      1.997067E+05   1.035158E+05   2.713213E+05   5.113095E+03   1.745027E+03   3.148639E+00
             4      G      2.000161E+05  -1.037663E+05   2.713088E+05  -5.102166E+03   1.753401E+03  -3.145862E+00
             5      G     -2.005121E+05   1.029274E+05   2.709781E+05   5.106408E+03  -1.769085E+03  -3.131974E+00
             6      G     -1.990145E+05  -1.040918E+05   2.708351E+05  -5.091528E+03  -1.739371E+03   3.130371E+00
             7      G     -4.332609E+04   9.652878E+04   1.464891E+05   2.061193E+03  -1.646118E+02   2.210652E+00
             8      G     -4.363177E+04  -9.491427E+04   1.476908E+05  -2.207007E+03  -1.588816E+02  -2.125323E+00
1                                                       **STUDENT EDITION*    APRIL  18, 2026  MSC Nastran  3/ 3/26   PAGE   115
     DEFAULT                                                                                                                        
0                                                                                                            SUBCASE 1              
      EIGENVALUE =  2.435608E+06
                               F O R C E S   O F   S I N G L E - P O I N T   C O N S T R A I N T
 
      POINT ID.   TYPE          T1             T2             T3             R1             R2             R3
             1      G      2.724103E+04   1.286262E+05   1.298113E+05  -6.871053E+02   3.688715E+03  -1.298201E+00
             2      G      2.751871E+04  -1.296040E+05   1.295588E+05   7.082157E+02   3.672531E+03   1.259041E+00
             3      G      1.729630E+05   8.951088E+04   2.409230E+05   2.769195E+03   5.690312E+03   3.141354E+00
             4      G      1.708321E+05  -9.371209E+04   2.408535E+05  -2.584424E+03   5.633688E+03  -3.089575E+00
             5      G     -1.738655E+05   9.310837E+04   2.357820E+05   2.308990E+03  -5.738714E+03  -2.780678E+00
             6      G     -1.796302E+05  -8.151015E+04   2.364415E+05  -2.817658E+03  -5.845768E+03   2.938340E+00
             7      G     -2.601768E+04   1.217666E+05   1.305414E+05  -4.985732E+01  -3.347858E+03   1.500452E+00
             8      G     -1.859710E+04  -1.280584E+05   1.314200E+05   2.302485E+02  -3.116006E+03  -1.878591E+00
1                                                       **STUDENT EDITION*    APRIL  18, 2026  MSC Nastran  3/ 3/26   PAGE   116
     DEFAULT                                                                                                                        
0                                                                                                            SUBCASE 1              
      EIGENVALUE =  4.249153E+06
                               F O R C E S   O F   S I N G L E - P O I N T   C O N S T R A I N T
 
      POINT ID.   TYPE          T1             T2             T3             R1             R2             R3
             1      G      7.029556E+03  -1.666612E+05  -3.064412E+05  -5.617023E+01  -4.979884E+02   9.741038E-01
             2      G      6.292291E+03   1.660895E+05  -3.069613E+05   7.691357E+01  -5.229647E+02  -9.760722E-01
             3      G      3.433067E+03  -2.755773E+02  -1.276812E+05  -9.459088E+02  -4.554775E+02  -2.596393E-01
             4      G      2.538240E+03   6.890574E+01  -1.276649E+05   9.539700E+02  -4.993298E+02   2.548250E-01
             5      G      3.356467E+03   5.674880E+02   1.277858E+05   9.361820E+02  -4.551569E+02  -2.590589E-01
             6      G      5.547675E+03  -6.168410E+02   1.315352E+05  -9.514925E+02  -3.537537E+02   2.426854E-01
             7      G      6.559971E+03   1.652519E+05   3.067394E+05   9.268186E+01  -5.102607E+02   9.649351E-01
             8      G      7.480802E+03  -1.642866E+05   3.037003E+05  -1.458338E+02  -4.687195E+02  -1.000260E+00
1                                                       **STUDENT EDITION*    APRIL  18, 2026  MSC Nastran  3/ 3/26   PAGE   117
     DEFAULT                                                                                                                        
0                                                                                                            SUBCASE 1              
      EIGENVALUE =  4.448153E+06
                               F O R C E S   O F   S I N G L E - P O I N T   C O N S T R A I N T
 
      POINT ID.   TYPE          T1             T2             T3             R1             R2             R3
             1      G      1.080876E+04   2.406242E+04   4.984247E+04   1.489341E+02   3.559797E+02  -2.621952E-01
             2      G      1.046744E+04  -2.399700E+04   4.981262E+04  -1.502376E+02   3.449741E+02   2.601054E-01
             3      G      1.416539E+04  -3.027286E+03   9.787120E+04   7.538536E+02   5.568640E+02  -1.255226E-01
             4      G      1.366428E+04   3.011616E+03   9.771634E+04  -7.526095E+02   5.379926E+02   1.214596E-01
             5      G     -1.412324E+04  -3.041593E+03   9.788716E+04   7.547100E+02  -5.559076E+02   1.239620E-01
             6      G     -1.397639E+04   2.966692E+03   9.822201E+04  -7.557247E+02  -5.531421E+02  -1.233538E-01
             7      G     -1.082698E+04   2.355355E+04   4.978542E+04   1.613661E+02  -3.558232E+02   2.591568E-01
             8      G     -1.016026E+04  -2.348681E+04   4.974715E+04  -1.728029E+02  -3.287937E+02  -2.509546E-01
1                                                       **STUDENT EDITION*    APRIL  18, 2026  MSC Nastran  3/ 3/26   PAGE   118
     DEFAULT                                                                                                                        
0                                                                                                            SUBCASE 1              
      EIGENVALUE =  6.235203E+06
                               F O R C E S   O F   S I N G L E - P O I N T   C O N S T R A I N T
 
      POINT ID.   TYPE          T1             T2             T3             R1             R2             R3
             1      G     -2.660339E+04   1.856852E+05   4.805282E+05   2.468020E+03   1.383304E+03  -1.284267E+00
             2      G     -2.590053E+04  -1.863375E+05   4.807147E+05  -2.452645E+03   1.410695E+03   1.291264E+00
             3      G     -7.946328E+03  -1.013714E+03   1.862646E+05   1.675392E+03   1.246698E+03   3.863716E-01
             4      G     -6.744024E+03   1.057411E+03   1.867040E+05  -1.678782E+03   1.290706E+03  -3.754576E-01
             5      G     -7.632819E+03   9.097965E+02  -1.865143E+05  -1.667006E+03   1.262420E+03   3.829906E-01
             6      G     -7.604015E+03  -6.879856E+02  -1.865732E+05   1.669470E+03   1.268170E+03  -3.802496E-01
             7      G     -2.556428E+04  -1.834330E+05  -4.804701E+05  -2.530837E+03   1.418149E+03  -1.281273E+00
             8      G     -2.669601E+04   1.834193E+05  -4.820344E+05   2.624773E+03   1.371985E+03   1.260197E+00
1                                                       **STUDENT EDITION*    APRIL  18, 2026  MSC Nastran  3/ 3/26   PAGE   119
     DEFAULT                                                                                                                        
0                                                                                                            SUBCASE 1              
      EIGENVALUE =  6.806971E+06
                               F O R C E S   O F   S I N G L E - P O I N T   C O N S T R A I N T
 
      POINT ID.   TYPE          T1             T2             T3             R1             R2             R3
             1      G     -2.076066E+05  -1.758831E+05   4.779461E+05   1.144660E+04  -2.256535E+03  -2.149043E+00
             2      G     -2.077720E+05   1.760057E+05   4.778425E+05  -1.144919E+04  -2.259349E+03   2.149656E+00
             3      G      1.919290E+05   2.801913E+04   4.240570E+05   7.703933E+03   2.203241E+03   2.907562E+00
             4      G      1.917002E+05  -2.767455E+04   4.240882E+05  -7.719112E+03   2.198650E+03  -2.910468E+00
             5      G      1.918633E+05  -2.742284E+04  -4.249144E+05  -7.710316E+03   2.192863E+03   2.899110E+00
             6      G      1.905306E+05   2.850807E+04  -4.244906E+05   7.704825E+03   2.172180E+03  -2.899897E+00
             7      G     -2.076667E+05   1.740388E+05  -4.782305E+05  -1.139910E+04  -2.246220E+03  -2.194733E+00
             8      G     -2.074689E+05  -1.756144E+05  -4.803759E+05   1.158328E+04  -2.259695E+03   2.096899E+00
1                                                       **STUDENT EDITION*    APRIL  18, 2026  MSC Nastran  3/ 3/26   PAGE   120
     DEFAULT                                                                                                                        
0                                                                                                            SUBCASE 1              
      EIGENVALUE =  7.099665E+06
                               F O R C E S   O F   S I N G L E - P O I N T   C O N S T R A I N T
 
      POINT ID.   TYPE          T1             T2             T3             R1             R2             R3
             1      G     -2.098829E+04  -1.874661E+03  -8.460811E+04  -1.272991E+03   2.203132E+01   1.675074E-01
             2      G      2.123880E+04  -1.558565E+03   8.429085E+04  -1.270057E+03  -3.276227E+00   1.667109E-01
             3      G     -1.776425E+04  -4.453412E+03  -2.195467E+05  -1.291888E+03  -3.742378E+02   3.335309E-01
             4      G      1.795299E+04  -4.268323E+03   2.194016E+05  -1.291692E+03   3.792278E+02   3.403473E-01
             5      G      1.858685E+04  -4.341209E+03  -2.188232E+05  -1.291858E+03   4.121075E+02  -3.409300E-01
             6      G     -1.961306E+04  -4.162656E+03   2.190107E+05  -1.300773E+03  -4.557511E+02  -3.231203E-01
             7      G      2.225681E+04   1.659479E+02  -8.408708E+04  -1.341602E+03   4.051810E+01  -1.583409E-01
             8      G     -2.086074E+04  -7.092792E+03   8.356139E+04  -1.002711E+03  -5.010198E+01  -2.159341E-01
1                                                       **STUDENT EDITION*    APRIL  18, 2026  MSC Nastran  3/ 3/26   PAGE   121
     DEFAULT                                                                                                                        
0                                                                                                            SUBCASE 1              
      EIGENVALUE =  7.222559E+06
                               F O R C E S   O F   S I N G L E - P O I N T   C O N S T R A I N T
 
      POINT ID.   TYPE          T1             T2             T3             R1             R2             R3
             1      G     -1.411230E+05   2.996486E+04   3.930947E+05   1.390677E+04  -5.401635E+03  -1.385239E+00
             2      G     -1.410882E+05  -2.940970E+04   3.939890E+05  -1.392237E+04  -5.374158E+03   1.428480E+00
             3      G      1.288849E+05   1.328899E+04   3.891841E+05   7.653702E+03   4.341398E+03   3.675981E+00
             4      G      1.315625E+05  -9.275499E+03   3.893945E+05  -7.831680E+03   4.414581E+03  -3.724315E+00
             5      G      1.249164E+05  -1.905752E+04  -3.996419E+05  -7.367825E+03   4.186410E+03   3.482015E+00
             6      G      1.321678E+05   6.234911E+03  -4.000665E+05   7.885264E+03   4.317441E+03  -3.639708E+00
             7      G     -1.345175E+05  -4.686776E+04  -4.049381E+05  -1.383298E+04  -5.046304E+03  -1.808479E+00
             8      G     -1.421606E+05   5.440811E+04  -4.051862E+05   1.355242E+04  -5.328272E+03   2.280643E+00
 *** USER INFORMATION MESSAGE 3 (crdb::nastran::Processor::writeOutput)
 *** USER INFORMATION MESSAGE  (WRITE DATA BLOCK I4 OUG1, TRAILER[101, 0, 36560, 0, 0, 0, 1])
 *** USER INFORMATION MESSAGE 3 (crdb::nastran::Processor::writeOutput)
 *** USER INFORMATION MESSAGE  (WRITE DATA BLOCK I4 OQG1, TRAILER[102, 0, 36560, 0, 0, 0, 1])
1                                                       **STUDENT EDITION*    APRIL  18, 2026  MSC Nastran  3/ 3/26   PAGE   122
                                                                                                                                    
0                                                                                                            SUBCASE 1              
 * * * *  D B D I C T   P R I N T  * * * *      SUBDMAP = PRTSUM  ,  DMAP STATEMENT NO.     75



0                                   * * * *  A N A L Y S I S  S U M M A R Y  T A B L E  * * * *
0 SEID  PEID PROJ VERS APRCH      SEMG SEMR SEKR SELG SELR MODES DYNRED SOLLIN SOLNL LOOPID DESIGN CYCLE SENSITIVITY
 -------------------------------------------------------------------------------------------------------------------
     0     0    1    1 '        '    T    T    T    T    T     T      F      T     F     -1            0           F
0SEID = SUPERELEMENT ID.
 PEID = PRIMARY SUPERELEMENT ID OF IMAGE SUPERELEMENT.
 PROJ = PROJECT ID NUMBER.
 VERS = VERSION ID.
 APRCH = BLANK FOR STRUCTURAL ANALYSIS.  HEAT FOR HEAT TRANSFER ANALYSIS.
 SEMG = STIFFNESS AND MASS MATRIX GENERATION STEP.
 SEMR = MASS MATRIX REDUCTION STEP (INCLUDES EIGENVALUE SOLUTION FOR MODES).
 SEKR = STIFFNESS MATRIX REDUCTION STEP.
 SELG = LOAD MATRIX GENERATION STEP.
 SELR = LOAD MATRIX REDUCTION STEP. 
 MODES = T (TRUE) IF NORMAL MODES OR BUCKLING MODES CALCULATED.
 DYNRED = T (TRUE) MEANS GENERALIZED DYNAMIC AND/OR COMPONENT MODE REDUCTION PERFORMED.
 SOLLIN = T (TRUE) IF LINEAR SOLUTION EXISTS IN DATABASE.
 LOOPID = THE LAST LOOPID VALUE USED IN THE NONLINEAR ANALYSIS.  USEFUL FOR RESTARTS.
 SOLNL = T (TRUE) IF NONLINEAR SOLUTION EXISTS IN DATABASE.
 DESIGN CYCLE = THE LAST DESIGN CYCLE (ONLY VALID IN OPTIMIZATION).
 SENSITIVITY = SENSITIVITY MATRIX GENERATION FLAG.
 
 No PARAM values were set in the Control File.
 
1                                        * * * END OF JOB * * *
 
 
 No Symbolic Replacement variables or values were specified.

