1
 
 
 
 
                      Warning: This computer program is protected by copyright law and international treaties.       
                  Unauthorized use, reproduction or distribution of this computer program, or any portion of it, may 
                                          result in severe civil and criminal penalties.                             
                         Copyright (C) 2026 Hexagon AB and/or its subsidiaries. All rights reserved.                 
 
 
                                              * * * * * * * * * * * * * * * * * * * *
                                              * * * * * * * * * * * * * * * * * * * *
                                              * *                                 * *
                                              * *           Hexagon AB            * *
                                              * *                                 * *
                                              * *                                 * *
                                              * *      M S C   N a s t r a n      * *
                                              * *                                 * *
                                              * *  S T U D E N T   E D I T I O N  * *
                                              * *                                 * *
                                              * *     Version 2025.2-bad99147     * *
                                              * *                                 * *
                                              * *                                 * *
                                              * *                                 * *
                                              * *          MAR  3, 2026           * *
                                              * *                                 * *
                                              * *              Intel              * *
                                              * *MODEL Intel(R) Core(TM) i7-8550U * *
                                              * *      Windows 11 10.0 26200      * *
                                              * *        Compiled for 8664        * *
                                              * *                                 * *
                                              * * * * * * * * * * * * * * * * * * * *
                                              * * * * * * * * * * * * * * * * * * * *

 
 
                                                 This Student Edition version is  
                                                    valid until NOV 15, 2027.     
 
 
                  This program is being distributed as part of the Hexagon AB Student Edition. Use of this program   
                     or its results at a commercial installation, for commercial purposes, or for production work    
                                             I S   S T R I C T L Y  P R O H I B I T E D.                             
                  ==================================== FOR EDUCATIONAL USE ONLY =====================================
 
 
1News file
  
               Welcome to MSC Nastran 2025.2
  
   MSC Nastran brings powerful new features and enhancements for engineering
   solutions in several releases through the year. Key enhancements in
   Version 2025.2 are summarized below. Additional details can be found in
   the MSC Nastran Version 2025.2 Release Guide.
  
     MSC Nastran 2025.2 Features and Enhancements
  
     Aeroelasticity
     - Mach1+ New Supersonic Panel Method now available in all aeroelasticity
       solutions
  
     SOL 400 Nonlinear (NLPERF) New Features and Enhancements
     - GPFORCE and ESE output for Nonlinear Statics and Nonlinear Transient
       analysis
     - Nonlinear transient analysis support
     - Enforced motion (SPCD/SPCR) with the Arc-Length Method
     - Contact support with the Arc-Length Method
     - Arbitrary DOF combination for all rigid elements
     - MSC Nastran (NLSTATIC) -Adams Co-simulation enabled
     - Improved contact output control
     - Element formulation summary output
     - Expanded total energy report
     - CGAP contact result output
  
     SOL 400 Nonlinear (CNLS)
     - MSC Nastran-scFlow Co-Simulation supports multiple interface group
       definitions
  
     High Performance Computing (HPC)
     - MUMPS linear solver added for frequency and transient response
     - UMFPack unsymmetric solver retired
  
     SOL 200 NEO Topology Optimization Enhancements
     - Dynamic response optimization with displacement (FRDISP) constraints
     - Enhanced optimizer for natural frequency/eigenvalue constraints
     - Maximum displacement constraint for design and non-design regions
  
     Linear
     - Linear Gap element introduced in SOL 101 (Statics)
     - Angled double-sided PBARL/PBEAML stiffener definition
  
     Frequency Analysis
     - MONPNT3 monitor point supported added in SOL 111 Random Response analysis
     - Frequency-dependent scaling for PBUSH via PBUSHT tables
     - Option to export structural damping matrix to AVL EXB file.
  
1    Rotor Dynamics
     - DMIG rotor matrices input at unit speed allowing frequency dependent
       and speed scaling entry for all rotor dynamic analysis. Supported in
       complex eigenvalue analysis and unbalance response in linear and
       nonlinear frequency and time domains
     - Bush element supports 6x6 frequency-dependent stiffness and damping
  
     Documentation
     - The complete documentation set is provided in a separate installer and
       when installed is available at: MSC_DOC_DIR/doc/pdf_nastran directory,
       where MSC_DOC_DIR is the directory where documentation was installed.
       This help set includes cross references between documents, and links to
       how-to videos, and example files
  
     Individual MSC Nastran documents are available for download from the
       Simcompanion Website at:
       http://simcompanion.hexagon.com/
  
     The documentation set includes the following:
  
         1.  MSC Nastran 2025.2 Installation and Operations Guide
         2.  MSC Nastran 2025.2 Quick Reference Guide
         3.  MSC Nastran 2025.2 Release Guide
         4.  MSC Nastran 2025.2 Linear Statics Analysis User's Guide
         5.  MSC Nastran 2025.2 Dynamic Analysis User's Guide
         6.  MSC Nastran 2025.2 Superelements User's Guide
         7.  MSC Nastran 2025.2 Rotor Dynamics User's Guide
         8.  MSC Nastran 2025.2 Demonstration Problems Manual
         9.  MSC Nastran 2025.2 MSC Nastran Embedded Fatigue User's Guide
        10.  MSC Nastran 2025.2 Design Sensitivity and Optimization
        11.  MSC Nastran 2025.2 Nonlinear User's Guide SOL 400
        12.  MSC Nastran 2025.2 DMAP Programmer's Guide
        13.  MSC Nastran 2025.2 High Performance Computing User's Guide
        14.  MSC Nastran 2025.2 New Verification Manual
        15.  MSC Nastran 2025.2 DEMATD Guide
        16.  MSC Nastran 2025.2 Explicit Nonlinear (SOL 700) User's Guide
        17.  MSC Nastran 2025.2 ACMS User's Guide
  
   Please refer to  MSC_DOC_DIR/doc/pdf_nastran/nastran_library.pdf
   for the complete document set:
  
   Additional information about the release can be found at the MSC Nastran
   Product Support page: http://simcompanion.hexagon.com
  
   The support page provides links to these valuable information:
      * A searchable Knowledge Base containing examples and answers to thousands
        of frequently asked questions written by MSC Software subject-matter
        experts.
      * Peer-to-peer Discussion Forums enabling you to post questions for your
        MSC Software products and receive answers from other users worldwide.
1     * A list of known issues with the product and any workarounds.
      * Instructions on how to contact technical support
      * A mechanism for sending us product feedback or enhancement requests.
      * Hardware and software requirements.
      * Examples and Tutorials
      * and much more.
  
   For information on training, please visit our Training web site
  
      https://hexagon.com/support-success/manufacturing-intelligence/
      design-engineering-support/training-materials
  
1                                                       **STUDENT EDITION*    APRIL  18, 2026  MSC Nastran  3/ 3/26   PAGE     1
                                                                                                                                    
0        N A S T R A N    F I L E    A N D    S Y S T E M    P A R A M E T E R    E C H O                                           
0                                                                                                                                   
                                                                                                                                    
                                                                                                                                    
     NASTRAN BUFFSIZE=8193 $(C:/PROGRAM FILES/MSC.SOFTWARE/NAPA_SE/20252/NASTRAN/CONF
     $ MSC.NASTRAN INPUT FILE CREATED ON APRIL     17, 2026 AT 18:13:48 BY           
     $ PATRAN 2025.2  (STUDENT EDITION)                                              
     $ DIRECT TEXT INPUT FOR NASTRAN SYSTEM CELL SECTION                             
     $ NORMAL MODES ANALYSIS, DATABASE                                               
1                                                       **STUDENT EDITION*    APRIL  18, 2026  MSC Nastran  3/ 3/26   PAGE     2
                                                                                                                                    
0        N A S T R A N    E X E C U T I V E    C O N T R O L    E C H O                                                             
0                                                                                                                                   
                                                                                                                                    
                                                                                                                                    
     SOL 103                                                                                 
     CEND                                                                                    
1                                                       **STUDENT EDITION*    APRIL  18, 2026  MSC Nastran  3/ 3/26   PAGE     3
                                                                                                                                    
0                                                                                                                                   
0                                        C A S E    C O N T R O L    E C H O                                                        
                 COMMAND                                                                                                            
                 COUNT                                                                                                              
                  1      ECHO = NONE                                                                             
                  2      $ USING NASTRAN DEFAULT VALUES FOR RESVEC                                               
                  3      SUBCASE 1                                                                               
                  4      $ SUBCASE NAME : DEFAULT                                                                
                  5         SUBTITLE=DEFAULT                                                                     
                  6         METHOD = 1                                                                           
                  7         SPC = 2                                                                              
                  8         VECTOR(SORT1,REAL)=ALL                                                               
                  9         SPCFORCES(SORT1,REAL)=ALL                                                            
                 10      BEGIN BULK                                                                              
1                                                       **STUDENT EDITION*    APRIL  18, 2026  MSC Nastran  3/ 3/26   PAGE     4
                                                                                                                                    
0                                                                                                                                   
                                              I N P U T   B U L K   D A T A   E C H O                                               
                 ENTRY                                                                                                              
                 COUNT        .   1  ..   2  ..   3  ..   4  ..   5  ..   6  ..   7  ..   8  ..   9  ..  10  .                      
 *** USER INFORMATION MESSAGE 9991 (SDLWIF)
     Messages are being generated at include level 0.
     File: c:/users/pablo castillo/desktop/muse/segundo cuatrimestre/estructuras/eue-trabajo-1/06_codigo/runs/016_al0.500_psu1.586_mod1.430_proc1.701_fpga1.102_bfpga3.063_efpga0.950/sfem_mass_fit.bdf
 *** USER WARNING MESSAGE 9994 (BULFUN)
     MAT1 with MID=5 near line 1886
     User information:  Material has unreasonable or inconsistent values of E, G or NU.
1                                                       **STUDENT EDITION*    APRIL  18, 2026  MSC Nastran  3/ 3/26   PAGE     5
                                                                                                                                    
0                                                                                                                                   
                                        M O D E L   S U M M A R Y          BULK = 0
                                   ENTRY NAME        NUMBER OF ENTRIES
                                   ----------        -----------------
                                         CBAR                      452
                                        CBUSH                      116
                                       CORD2R                        1
                                       CQUAD4                      416
                                        EIGRL                        1
                                         GRID                      457
                                      HDF5OUT                        1
                                         MAT1                        6
                                        PARAM                        1
                                        PBARL                       18
                                        PBUSH                        2
                                       PSHELL                        9
                                         RBE2                        8
                                         SPC1                        1
                                       SPCADD                        1

 ^^^     
 ^^^ >>> IFP OPERATIONS COMPLETE <<< 
 ^^^     
 *** USER INFORMATION MESSAGE 3 (crdb::nastran::Processor::writeInput)
 *** USER INFORMATION MESSAGE  (WRITE DATA BLOCK I4 PVT, TRAILER[101, 5, 0, 0, 0, 0, 0])
 *** USER INFORMATION MESSAGE 3 (crdb::nastran::Processor::writeInput)
 *** USER INFORMATION MESSAGE  (WRITE DATA BLOCK I4 CASECC, TRAILER[102, 1, 0, 1000, 0, 0, 0])
 *** USER INFORMATION MESSAGE 3 (crdb::nastran::Processor::writeInput)
 *** USER INFORMATION MESSAGE  (WRITE DATA BLOCK I4 CSTM, TRAILER[104, 457, 1, 1, 1, 12, 0])
 *** USER INFORMATION MESSAGE 3 (crdb::nastran::Processor::writeInput)
 *** USER INFORMATION MESSAGE  (WRITE DATA BLOCK I4 GEOM1Q, TRAILER[101, 0, 2048, 8, 0, 0, 0])
 *** USER INFORMATION MESSAGE 3 (crdb::nastran::Processor::writeInput)
 *** USER INFORMATION MESSAGE  (WRITE DATA BLOCK I4 EPT, TRAILER[101, 4, 4608, 0, 0, 0, 32])
 *** USER INFORMATION MESSAGE 3 (crdb::nastran::Processor::writeInput)
 *** USER INFORMATION MESSAGE  (WRITE DATA BLOCK I4 MPT, TRAILER[102, 32768, 0, 0, 0, 0, 0])
 *** USER INFORMATION MESSAGE 3 (crdb::nastran::Processor::writeInput)
 *** USER INFORMATION MESSAGE  (WRITE DATA BLOCK I4 GEOM2, TRAILER[103, 0, 320, 0, 8192, 0, 0])
 *** USER INFORMATION MESSAGE 3 (crdb::nastran::Processor::writeInput)
 *** USER INFORMATION MESSAGE  (WRITE DATA BLOCK I4 GEOM4S, TRAILER[105, 0, 0, 0, 96, 2048, 0])
 *** USER INFORMATION MESSAGE 3 (crdb::nastran::Processor::writeInput)
 *** USER INFORMATION MESSAGE  (DATA BLOCK GEOM4S IS NOT SUPPORTED)
 *** USER INFORMATION MESSAGE 3 (crdb::nastran::Processor::writeInput)
 *** USER INFORMATION MESSAGE  (WRITE DATA BLOCK I4 GEOM1, TRAILER[101, 0, 2048, 8, 0, 0, 0])
 *** USER INFORMATION MESSAGE 3 (crdb::nastran::Processor::writeInput)
 *** USER INFORMATION MESSAGE  (WRITE DATA BLOCK I4 DYNAMIC, TRAILER[102, 256, 0, 0, 0, 0, 0])
 *** USER INFORMATION MESSAGE 3 (crdb::nastran::Processor::writeInput)
 *** USER INFORMATION MESSAGE  (WRITE DATA BLOCK I4 EDT, TRAILER[103, 0, 0, 524288, 0, 0, 0])
 *** USER INFORMATION MESSAGE 3 (crdb::nastran::Processor::writeInput)
 *** USER INFORMATION MESSAGE  (WRITE DATA BLOCK I4 GEOM4, TRAILER[102, 0, 0, 0, 96, 2048, 0])
1                                                       **STUDENT EDITION*    APRIL  18, 2026  MSC Nastran  3/ 3/26   PAGE     6
                                                                                                                                    
0                                                                                                                                   
 *** USER INFORMATION MESSAGE 7310 (VECPRN)
     ORIGIN OF SUPERELEMENT OR MODULE BASIC COORDINATE SYSTEM WILL BE USED AS REFERENCE LOCATION.
     RESULTANTS ABOUT ORIGIN OF SUPERELEMENT OR MODULE BASIC COORDINATE SYSTEM IN SUPERELEMENT OR MODULE
     BASIC SYSTEM COORDINATES.
0                                                  OLOAD    RESULTANT       
  SUBCASE/    LOAD
  DAREA ID    TYPE       T1            T2            T3            R1            R2            R3
0        1     FX    0.000000E+00     ----          ----          ----       0.000000E+00  0.000000E+00                             
               FY       ----       0.000000E+00     ----       0.000000E+00     ----       0.000000E+00                             
               FZ       ----          ----       0.000000E+00  0.000000E+00  0.000000E+00     ----                                  
               MX       ----          ----          ----       0.000000E+00     ----          ----                                  
               MY       ----          ----          ----          ----       0.000000E+00     ----                                  
               MZ       ----          ----          ----          ----          ----       0.000000E+00                             
             TOTALS  0.000000E+00  0.000000E+00  0.000000E+00  0.000000E+00  0.000000E+00  0.000000E+00
 *** USER INFORMATION MESSAGE 5010 (LNCILS)
     STURM SEQUENCE DATA FOR EIGENVALUE EXTRACTION.
     TRIAL EIGENVALUE = 3.045832D+04, CYCLES = 2.777622D+01 THE STURM COUNT = 0
 *** USER INFORMATION MESSAGE 5010 (LNCILS)
     STURM SEQUENCE DATA FOR EIGENVALUE EXTRACTION.
     TRIAL EIGENVALUE = 7.812451D+06, CYCLES = 4.448502D+02 THE STURM COUNT = 10

 TABLE OF SHIFTS:  (LNNRIGL)
 SHIFT #        SHIFT VALUE         FREQUENCY, CYCLES     # EIGENVALUES BELOW    # NEW EIGENVALUES FOUND
     1.        3.0458318E+04          2.7776217E+01                 0                       12
     2.        7.8124506E+06          4.4485018E+02                10                        0

1                                                       **STUDENT EDITION*    APRIL  18, 2026  MSC Nastran  3/ 3/26   PAGE     7
                                                                                                                                    
0                                                                                                            SUBCASE 1              
0


                          E I G E N V A L U E  A N A L Y S I S   S U M M A R Y   (READ MODULE) 



                                     BLOCK SIZE USED ......................     7

                                     NUMBER OF DECOMPOSITIONS .............     2

                                     NUMBER OF ROOTS FOUND ................    10

                                     NUMBER OF SOLVES REQUIRED ............    11

1                                                       **STUDENT EDITION*    APRIL  18, 2026  MSC Nastran  3/ 3/26   PAGE     8
                                                                                                                                    
0                                                                                                            SUBCASE 1              
 
                                              R E A L   E I G E N V A L U E S
   MODE    EXTRACTION      EIGENVALUE            RADIANS             CYCLES            GENERALIZED         GENERALIZED
    NO.       ORDER                                                                       MASS              STIFFNESS
        1         1        1.479298E+06        1.216264E+03        1.935744E+02        1.000000E+00        1.479298E+06
        2         2        2.101240E+06        1.449565E+03        2.307055E+02        1.000000E+00        2.101240E+06
        3         3        2.291142E+06        1.513652E+03        2.409052E+02        1.000000E+00        2.291142E+06
        4         4        2.515686E+06        1.586091E+03        2.524343E+02        1.000000E+00        2.515686E+06
        5         5        4.360628E+06        2.088212E+03        3.323492E+02        1.000000E+00        4.360628E+06
        6         6        4.364459E+06        2.089129E+03        3.324952E+02        1.000000E+00        4.364459E+06
        7         7        6.202805E+06        2.490543E+03        3.963822E+02        1.000000E+00        6.202805E+06
        8         8        6.774501E+06        2.602787E+03        4.142464E+02        1.000000E+00        6.774501E+06
        9         9        7.067890E+06        2.658550E+03        4.231214E+02        1.000000E+00        7.067890E+06
       10        10        7.458314E+06        2.730991E+03        4.346508E+02        1.000000E+00        7.458314E+06
1                                                       **STUDENT EDITION*    APRIL  18, 2026  MSC Nastran  3/ 3/26   PAGE     9
                                                                                                                                    
0                                                                                                            SUBCASE 1              
 *** USER INFORMATION MESSAGE 7310 (VECPRN)
     ORIGIN OF SUPERELEMENT OR MODULE BASIC COORDINATE SYSTEM WILL BE USED AS REFERENCE LOCATION.
     RESULTANTS ABOUT ORIGIN OF SUPERELEMENT OR MODULE BASIC COORDINATE SYSTEM IN SUPERELEMENT OR MODULE
     BASIC SYSTEM COORDINATES.
0                                                  SPCFORCE RESULTANT       
  SUBCASE/    LOAD
  DAREA ID    TYPE       T1            T2            T3            R1            R2            R3
0        1     FX    5.086105E+00     ----          ----          ----      -5.086105E-03  1.838262E+02                             
               FY       ----       2.047929E+02     ----       2.047929E-01     ----      -1.748101E+02                             
               FZ       ----          ----       1.020030E+06  2.272909E+01  3.081261E+01     ----                                  
               MX       ----          ----          ----      -3.779831E+01     ----          ----                                  
               MY       ----          ----          ----          ----      -6.941840E-02     ----                                  
               MZ       ----          ----          ----          ----          ----      -5.466661E-02                             
             TOTALS  5.086105E+00  2.047929E+02  1.020030E+06 -1.486443E+01  3.073811E+01  8.961391E+00
0        2     FX   -1.295483E+01     ----          ----          ----       1.295483E-02  1.919715E+01                             
               FY       ----      -1.768618E+01     ----      -1.768618E-02     ----      -1.949338E+01                             
               FZ       ----          ----      -1.588977E+06 -4.424163E+01  1.237850E+01     ----                                  
               MX       ----          ----          ----       4.387138E+01     ----          ----                                  
               MY       ----          ----          ----          ----      -1.396352E+01     ----                                  
               MZ       ----          ----          ----          ----          ----      -6.938834E-03                             
             TOTALS -1.295483E+01 -1.768618E+01 -1.588977E+06 -3.879383E-01 -1.572068E+00 -3.031737E-01
0        3     FX   -2.321428E+01     ----          ----          ----       2.321428E-02  1.550655E+02                             
               FY       ----       3.796168E+01     ----       3.796168E-02     ----      -1.535059E+02                             
               FZ       ----          ----      -1.625239E+06 -1.162093E+02  3.820678E+00     ----                                  
               MX       ----          ----          ----       1.109871E+02     ----          ----                                  
               MY       ----          ----          ----          ----      -2.099394E+01     ----                                  
               MZ       ----          ----          ----          ----          ----      -9.084193E-02                             
             TOTALS -2.321428E+01  3.796168E+01 -1.625239E+06 -5.184233E+00 -1.715004E+01  1.468748E+00
0        4     FX   -4.034978E+02     ----          ----          ----       4.034978E-01 -8.096065E-01                             
               FY       ----      -1.294371E+02     ----      -1.294371E-01     ----      -2.422526E+01                             
               FZ       ----          ----      -1.579566E+06 -1.260993E+02 -6.029425E+01     ----                                  
               MX       ----          ----          ----       1.351244E+02     ----          ----                                  
               MY       ----          ----          ----          ----      -6.194737E+02     ----                                  
               MZ       ----          ----          ----          ----          ----       2.079472E-01                             
             TOTALS -4.034978E+02 -1.294371E+02 -1.579566E+06  8.895668E+00 -6.793645E+02 -2.482692E+01
0        5     FX   -4.563009E+04     ----          ----          ----       4.563009E+01  1.586734E+02                             
               FY       ----      -1.327700E+02     ----      -1.327700E-01     ----      -1.855379E+02                             
               FZ       ----          ----      -1.380955E+03 -2.082061E+01  1.462893E+05     ----                                  
               MX       ----          ----          ----       4.109258E+01     ----          ----                                  
               MY       ----          ----          ----          ----       3.916511E+03     ----                                  
               MZ       ----          ----          ----          ----          ----       5.589856E-02                             
             TOTALS -4.563009E+04 -1.327700E+02 -1.380955E+03  2.013919E+01  1.502514E+05 -2.680856E+01
0        6     FX    9.674766E+00     ----          ----          ----      -9.674766E-03 -2.930737E+00                             
               FY       ----      -3.974925E+01     ----      -3.974925E-02     ----       2.191795E+00                             
               FZ       ----          ----      -5.787654E+05 -1.017246E+01 -8.215892E+01     ----                                  
               MX       ----          ----          ----       1.211409E+01     ----          ----                                  
               MY       ----          ----          ----          ----      -4.284238E+00     ----                                  
               MZ       ----          ----          ----          ----          ----      -2.479088E-03                             
             TOTALS  9.674766E+00 -3.974925E+01 -5.787654E+05  1.901882E+00 -8.645284E+01 -7.414206E-01
0        7     FX    1.350467E+05     ----          ----          ----      -1.350467E+02  7.631302E+01                             
               FY       ----       3.952316E+02     ----       3.952316E-01     ----      -7.316698E+01                             
               FZ       ----          ----       1.147684E+03  9.251409E+01 -2.193004E+05     ----                                  
               MX       ----          ----          ----      -1.073443E+02     ----          ----                                  
               MY       ----          ----          ----          ----      -1.049594E+04     ----                                  
               MZ       ----          ----          ----          ----          ----       5.066072E-04                             
             TOTALS  1.350467E+05  3.952316E+02  1.147684E+03 -1.443500E+01 -2.299314E+05  3.146548E+00
0        8     FX   -6.205916E+04     ----          ----          ----       6.205916E+01  1.456093E+02                             
               FY       ----      -6.867336E+00     ----      -6.867336E-03     ----      -1.476378E+02                             
               FZ       ----          ----      -2.553740E+03 -1.656178E+02  2.455211E+05     ----                                  
               MX       ----          ----          ----       1.584681E+02     ----          ----                                  
               MY       ----          ----          ----          ----      -2.587897E+02     ----                                  
               MZ       ----          ----          ----          ----          ----      -1.081208E-01                             
             TOTALS -6.205916E+04 -6.867336E+00 -2.553740E+03 -7.156565E+00  2.453244E+05 -2.136616E+00
0        9     FX    7.499618E+02     ----          ----          ----      -7.499618E-01  2.993711E+02                             
               FY       ----      -2.719029E+04     ----      -2.719029E+01     ----      -3.332912E+02                             
               FZ       ----          ----      -7.572901E+02  1.110264E+05  5.167149E+01     ----                                  
               MX       ----          ----          ----      -9.859682E+03     ----          ----                                  
               MY       ----          ----          ----          ----      -2.953886E+01     ----                                  
               MZ       ----          ----          ----          ----          ----      -2.980205E-02                             
             TOTALS  7.499618E+02 -2.719029E+04 -7.572901E+02  1.011395E+05  2.138267E+01 -3.394989E+01
0       10     FX   -4.491534E+04     ----          ----          ----       4.491534E+01 -2.098653E+02                             
               FY       ----      -7.628884E+02     ----      -7.628884E-01     ----       1.167569E+02                             
               FZ       ----          ----      -4.321544E+04  5.525615E+00  2.353197E+05     ----                                  
               MX       ----          ----          ----       5.885873E+01     ----          ----                                  
               MY       ----          ----          ----          ----      -4.332357E+03     ----                                  
               MZ       ----          ----          ----          ----          ----       3.128866E-01                             
             TOTALS -4.491534E+04 -7.628884E+02 -4.321544E+04  6.362146E+01  2.310323E+05 -9.279545E+01
1                                                       **STUDENT EDITION*    APRIL  18, 2026  MSC Nastran  3/ 3/26   PAGE    10
                                                                                                                                    
0                                                                                                            SUBCASE 1              
0                                                  MAXIMUM  SPCFORCES       
  SUBCASE/
  DAREA ID        T1             T2             T3             R1             R2             R3
0        1   3.4260721E+04  7.8718977E+04  1.3910608E+05  9.8148398E+02  1.1172647E+03  7.6020643E-01
0        2   3.0373218E+04  8.1468540E+04  2.1880000E+05  1.5148697E+03  1.1973028E+03  6.9824824E-01
0        3   1.9255590E+05  1.0017141E+05  2.6378244E+05  5.0500742E+03  1.5672855E+03  2.9787780E+00
0        4   1.8585778E+05  1.3402562E+05  2.5747311E+05  3.2008009E+03  5.9631531E+03  3.1208964E+00
0        5   7.7908065E+03  1.7142601E+05  3.1517225E+05  9.9574869E+02  5.3424413E+02  1.0281099E+00
0        6   1.3890528E+04  2.3702953E+04  9.6275260E+04  7.4086593E+02  5.4579023E+02  2.5655735E-01
0        7   2.5813455E+04  1.8535068E+05  4.7746343E+05  2.5505890E+03  1.4191056E+03  1.2771023E+00
0        8   2.0283257E+05  1.7867777E+05  4.6544199E+05  1.1109783E+04  2.0700554E+03  2.6553381E+00
0        9   2.1396674E+04  7.1624322E+03  2.1562805E+05  1.3035467E+03  4.6094828E+02  3.2616602E-01
0       10   1.5718026E+05  4.0862540E+04  4.4032043E+05  1.5336971E+04  5.9275768E+03  3.5864138E+00
1                                                       **STUDENT EDITION*    APRIL  18, 2026  MSC Nastran  3/ 3/26   PAGE    11
                                                                                                                                    
0                                                                                                            SUBCASE 1              
0                                                  MAXIMUM  DISPLACEMENTS   
  SUBCASE/
  DAREA ID        T1             T2             T3             R1             R2             R3
0        1   1.9545621E-02  1.3940753E-02  2.4606791E+00  4.9569460E+01  5.3819880E+01  7.3528971E+00
0        2   2.4783760E-02  1.6739274E-02  2.3251111E+00  4.6575664E+01  4.8976535E+01  7.7461392E+00
0        3   2.9840766E-02  8.7735467E-03  2.4068885E+00  4.8599016E+01  5.0638686E+01  1.0139027E+01
0        4   2.9052222E-02  9.4764103E-03  2.5267015E+00  5.1106050E+01  5.4797927E+01  8.8295004E+00
0        5   3.2207232E-02  1.0598030E-02  2.6130405E+00  5.7151856E+01  8.5959967E+01  1.5515095E+01
0        6   1.9524889E-02  1.8059021E-02  1.2759930E+01  1.9543366E+02  1.5028670E+02  5.8797977E-01
0        7   3.7352967E-02  1.7940501E-02  2.4642361E+00  5.3532140E+01  8.2052608E+01  2.2092412E+01
0        8   3.9523823E-02  5.3224962E-03  2.5643229E+00  5.6232589E+01  8.4763653E+01  7.5459234E+00
0        9   2.8971594E-03  2.0230895E-02  4.1593013E+00  7.5093469E+01  6.8458438E+01  1.9829964E+01
0       10   3.5288830E-02  5.1155962E-03  2.7089860E+00  5.9492782E+01  8.9800302E+01  6.5866268E+00
 *** USER INFORMATION MESSAGE 3 (crdb::nastran::Processor::writeOutput)
 *** USER INFORMATION MESSAGE  (WRITE DATA BLOCK I4 OLAMA, TRAILER[101, 10, 0, 0, 0, 0, 0])
1                                                       **STUDENT EDITION*    APRIL  18, 2026  MSC Nastran  3/ 3/26   PAGE    12
     DEFAULT                                                                                                                        
0                                                                                                            SUBCASE 1              
      EIGENVALUE =  1.479298E+06
          CYCLES =  1.935744E+02         R E A L   E I G E N V E C T O R   N O .          1
 
      POINT ID.   TYPE          T1             T2             T3             R1             R2             R3
             1      G      0.0            0.0            0.0            0.0            0.0            0.0
             2      G      0.0            0.0            0.0            0.0            0.0            0.0
             3      G      0.0            0.0            0.0            0.0            0.0            0.0
             4      G      0.0            0.0            0.0            0.0            0.0            0.0
             5      G      0.0            0.0            0.0            0.0            0.0            0.0
             6      G      0.0            0.0            0.0            0.0            0.0            0.0
             7      G      0.0            0.0            0.0            0.0            0.0            0.0
             8      G      0.0            0.0            0.0            0.0            0.0            0.0
            10      G     -6.691751E-06  -7.872017E-05  -1.391061E-04   2.378865E-06  -7.521141E-05   7.602064E-03
            11      G     -5.487467E-06   7.764838E-05  -1.384392E-04  -3.204601E-07  -7.063224E-05  -7.491666E-03
            12      G     -3.431573E-05   4.976012E-06  -1.162721E-04  -9.607104E-05  -1.100134E-04   1.039974E-03
            13      G     -3.250135E-05  -4.897757E-06  -1.151144E-04   9.520902E-05  -1.035533E-04  -8.393095E-04
            14      G      3.366865E-05   5.086104E-06  -1.162274E-04  -9.634518E-05   1.083634E-04  -9.533108E-04
            15      G      3.275040E-05  -4.913578E-06  -1.188997E-04   9.790517E-05   1.010165E-04   1.173406E-03
            16      G      6.348980E-06  -7.603531E-05  -1.382876E-04  -4.081079E-06   7.357119E-05  -7.455663E-03
            17      G      6.223188E-06   7.664963E-05  -1.376836E-04   5.094301E-06   7.646640E-05   7.471171E-03
           100      G      6.204181E-05   3.293175E-06  -4.849235E-03   1.062629E-01  -1.813925E-02   7.468190E-04
           101      G      1.111668E-04   5.657367E-07  -8.226243E-03  -1.390828E-05  -1.274682E-02   5.778348E-05
           102      G      3.272927E-05  -1.472603E-05  -5.304859E-03   1.205120E-01  -9.628985E-03  -1.250173E-04
           103      G      5.728354E-05   2.478244E-07  -9.082392E-03  -5.728368E-05  -2.771659E-02   1.907660E-06
           104      G      1.427127E-08   2.643151E-05  -5.695224E-03   1.189863E-01  -4.012083E-05  -4.093896E-05
           105      G     -3.960895E-07  -4.236889E-08  -9.761437E-03   2.170708E-06  -8.969882E-05   8.121250E-06
           106      G      4.155094E-05   1.714059E-05  -1.215326E-04   9.790517E-05   1.010165E-04   1.173406E-03
           107      G      4.155094E-05  -1.417469E-05  -1.188367E-04   9.790517E-05   1.010165E-04   1.173406E-03
           108      G      1.644226E-06  -4.956071E-05  -4.778820E-04  -5.640392E-03  -1.355627E-04   2.710162E-05
           109      G      6.225698E-05   1.326834E-04  -1.382953E-04   5.094301E-06   7.646640E-05   7.471171E-03
           110      G      1.123892E-04   4.884724E-04  -3.192115E-03   8.057043E-02  -9.639094E-03  -5.515770E-02
           111      G      6.225698E-05  -7.604244E-05  -1.361590E-04   5.094301E-06   7.646640E-05   7.471171E-03
           112      G      7.954345E-05   2.976815E-05  -3.989562E-03   9.492779E-02  -3.397869E-02   5.111337E-03
           113      G      1.258793E-04   7.899639E-08  -4.442224E-03  -6.695489E-04  -1.353340E-02   1.083280E-03
           114      G      1.942588E-04   8.476889E-07  -6.358670E-03  -3.227696E-05  -9.770302E-02  -2.552901E-04
           115      G     -6.204540E-05   2.233244E-06  -4.851763E-03   1.068557E-01   1.797536E-02  -9.043853E-04
           116      G     -1.123442E-04  -6.473506E-07  -8.230928E-03   2.602346E-05   1.256520E-02   7.155718E-06
           117      G     -3.211068E-05  -1.594482E-05  -5.304293E-03   1.208057E-01   9.530539E-03   1.127975E-04
           118      G     -5.832730E-05  -3.338421E-07  -9.084338E-03   6.493011E-06   2.764126E-02   1.347876E-05
           119      G     -3.879617E-05   1.087706E-05  -1.177748E-04   9.520902E-05  -1.035533E-04  -8.393095E-04
           120      G     -3.879617E-05  -1.152201E-05  -1.150112E-04   9.520902E-05  -1.035533E-04  -8.393095E-04
           121      G     -6.167496E-05   1.338359E-04  -1.389666E-04  -3.204601E-07  -7.063224E-05  -7.491666E-03
           122      G     -1.123686E-04   4.875721E-04  -3.197950E-03   8.026147E-02   9.212561E-03   5.654251E-02
           123      G     -6.167496E-05  -7.546255E-05  -1.369933E-04  -3.204601E-07  -7.063224E-05  -7.491666E-03
           124      G     -7.985588E-05   2.828376E-05  -3.994444E-03   9.509545E-02   3.415680E-02  -5.124714E-03
           125      G     -1.271272E-04  -2.013770E-06  -4.450173E-03  -3.823538E-05   1.328430E-02  -9.386426E-05
           126      G     -1.957258E-04  -1.055351E-06  -6.364768E-03   1.080620E-04   9.775672E-02   5.334820E-05
           127      G      6.152998E-05  -2.240309E-06  -4.847800E-03  -1.066287E-01  -1.790081E-02  -8.352738E-04
           128      G      3.181539E-05   1.555430E-05  -5.301977E-03  -1.207182E-01  -9.723122E-03   1.322442E-04
           129      G     -5.601981E-07  -2.660604E-05  -5.696787E-03  -1.190269E-01  -4.594985E-05   9.067025E-07
           130      G      4.081848E-05  -1.283137E-05  -1.189867E-04  -9.634518E-05   1.083634E-04  -9.533108E-04
           131      G      4.081848E-05   1.261011E-05  -1.160947E-04  -9.634518E-05   1.083634E-04  -9.533108E-04
           132      G     -5.000548E-07   4.996949E-05  -4.830268E-04   5.735068E-03  -5.109919E-06  -1.432157E-05
           133      G      6.226646E-05  -1.319528E-04  -1.388700E-04  -4.081079E-06   7.357119E-05  -7.455663E-03
1                                                       **STUDENT EDITION*    APRIL  18, 2026  MSC Nastran  3/ 3/26   PAGE    13
     DEFAULT                                                                                                                        
0                                                                                                            SUBCASE 1              
      EIGENVALUE =  1.479298E+06
          CYCLES =  1.935744E+02         R E A L   E I G E N V E C T O R   N O .          1
 
      POINT ID.   TYPE          T1             T2             T3             R1             R2             R3
           134      G      1.119193E-04  -4.847690E-04  -3.179962E-03  -7.984725E-02  -9.449556E-03   5.677222E-02
           135      G      6.226646E-05   7.633982E-05  -1.368146E-04  -4.081079E-06   7.357119E-05  -7.455663E-03
           136      G      7.923539E-05  -2.836708E-05  -3.986511E-03  -9.500653E-02  -3.455303E-02  -5.087564E-03
           137      G     -6.284031E-05  -3.048699E-06  -4.853619E-03  -1.065579E-01   1.788924E-02   8.020597E-04
           138      G     -3.299900E-05   1.498204E-05  -5.305185E-03  -1.207010E-01   9.535558E-03  -1.261484E-04
           139      G     -4.211553E-05  -1.457030E-05  -1.190603E-04  -9.607104E-05  -1.100134E-04   1.039974E-03
           140      G     -4.211553E-05   1.318401E-05  -1.161243E-04  -9.607104E-05  -1.100134E-04   1.039974E-03
           141      G     -6.370724E-05  -1.357357E-04  -1.396523E-04   2.378865E-06  -7.521141E-05   7.602064E-03
           142      G     -1.138211E-04  -4.904343E-04  -3.198685E-03  -8.021124E-02   9.447981E-03  -5.661072E-02
           143      G     -6.370724E-05   7.664703E-05  -1.375511E-04   2.378865E-06  -7.521141E-05   7.602064E-03
           144      G     -8.080447E-05  -3.031418E-05  -3.997878E-03  -9.505298E-02   3.411799E-02   5.131179E-03
           200      G      6.466567E-05   1.325230E-04  -1.382953E-04   5.094301E-06   7.646640E-05   7.471171E-03
           201      G      6.466567E-05  -7.620291E-05  -1.361590E-04   5.094301E-06   7.646640E-05   7.471171E-03
           202      G      4.473296E-05   1.405657E-05  -1.215326E-04   9.790517E-05   1.010165E-04   1.173406E-03
           203      G      4.473296E-05  -1.725870E-05  -1.188367E-04   9.790517E-05   1.010165E-04   1.173406E-03
           204      G     -7.444717E-06   7.527590E-05  -6.966191E-04   3.078065E-02   8.326273E-04   3.081963E-04
           205      G      3.891323E-04   2.029168E-04  -3.366849E-03   7.111156E-02  -3.627730E-02  -3.735877E-02
           206      G      4.296099E-04   1.341098E-05  -4.655601E-03   4.323566E-03  -4.589739E-02   8.661212E-03
           207      G     -6.389988E-05   1.338460E-04  -1.389666E-04  -3.204601E-07  -7.063224E-05  -7.491666E-03
           208      G     -6.389988E-05  -7.545246E-05  -1.369933E-04  -3.204601E-07  -7.063224E-05  -7.491666E-03
           209      G     -4.205810E-05   7.877979E-06  -1.177748E-04   9.520902E-05  -1.035533E-04  -8.393095E-04
           210      G     -4.205810E-05  -1.452109E-05  -1.150112E-04   9.520902E-05  -1.035533E-04  -8.393095E-04
           211      G     -3.982958E-04   2.072584E-04  -3.375010E-03   8.146021E-02   3.555984E-02   4.890827E-02
           212      G     -4.591657E-04  -5.465281E-06  -4.667324E-03  -1.241212E-05   4.793166E-02  -1.185481E-04
           213      G      6.458395E-05  -1.318242E-04  -1.388700E-04  -4.081079E-06   7.357119E-05  -7.455663E-03
           214      G      6.458395E-05   7.646837E-05  -1.368146E-04  -4.081079E-06   7.357119E-05  -7.455663E-03
           215      G      4.423193E-05  -9.796498E-06  -1.189867E-04  -9.634518E-05   1.083634E-04  -9.533108E-04
           216      G      4.423193E-05   1.564498E-05  -1.160947E-04  -9.634518E-05   1.083634E-04  -9.533108E-04
           217      G     -1.459643E-06  -6.878090E-05  -7.049449E-04  -3.066273E-02  -2.717028E-05   1.716113E-04
           218      G      3.963887E-04  -1.964074E-04  -3.355829E-03  -8.245317E-02  -3.600329E-02   5.069052E-02
           219      G     -6.607640E-05  -1.358106E-04  -1.396523E-04   2.378865E-06  -7.521141E-05   7.602064E-03
           220      G     -6.607640E-05   7.657210E-05  -1.375511E-04   2.378865E-06  -7.521141E-05   7.602064E-03
           221      G     -4.558096E-05  -1.154406E-05  -1.190603E-04  -9.607104E-05  -1.100134E-04   1.039974E-03
           222      G     -4.558096E-05   1.621025E-05  -1.161243E-04  -9.607104E-05  -1.100134E-04   1.039974E-03
           223      G     -3.977288E-04  -2.168498E-04  -3.374448E-03  -8.153557E-02   3.570232E-02  -4.947784E-02
           224      G      1.567217E-04  -7.371659E-06  -5.422186E-03   1.135824E-01  -1.751021E-02   2.290466E-03
           225      G      2.245282E-04   1.460245E-06  -9.151524E-03  -4.811776E-05  -2.244428E-02   2.772407E-04
           226      G      6.613770E-05  -5.052991E-06  -5.991403E-03   1.305488E-01  -2.391640E-02  -2.833484E-06
           227      G      1.123178E-04   4.331245E-07  -1.008752E-02  -4.497162E-04  -2.625422E-02  -4.254459E-05
           228      G     -3.793365E-07   3.499895E-05  -6.722317E-03   1.028702E-01   1.333369E-04   2.447524E-05
           229      G     -2.048839E-08   7.056393E-07  -1.071336E-02   4.328149E-05  -4.964113E-04   1.323958E-05
           230      G      2.560912E-04   2.226772E-06  -4.505917E-03   9.816539E-02  -3.418323E-02   3.643240E-03
           231      G      3.667569E-04   6.453207E-07  -7.102690E-03   3.522966E-03  -9.602425E-02  -1.835545E-03
           232      G     -1.650480E-04  -9.301333E-06  -5.437618E-03   1.171883E-01   1.650908E-02  -2.429228E-03
           233      G     -2.211218E-04  -9.790046E-07  -9.221456E-03   2.050603E-05   2.093712E-02   4.051919E-05
           234      G     -7.168929E-05  -8.240657E-06  -5.993696E-03   1.320614E-01   2.403317E-02   1.170732E-05
           235      G     -1.112213E-04   6.091611E-08  -1.012012E-02  -2.543358E-05   2.525387E-02   3.291542E-05
           236      G     -2.665553E-04  -6.546608E-06  -4.530944E-03   1.056700E-01   3.640898E-02  -3.758872E-03
           237      G     -3.761976E-04  -2.624085E-06  -7.165008E-03   1.121172E-04   1.014502E-01   1.317265E-04
           238      G      1.601644E-04   8.502694E-06  -5.379698E-03  -1.160926E-01  -1.595700E-02  -2.468190E-03
1                                                       **STUDENT EDITION*    APRIL  18, 2026  MSC Nastran  3/ 3/26   PAGE    14
     DEFAULT                                                                                                                        
0                                                                                                            SUBCASE 1              
      EIGENVALUE =  1.479298E+06
          CYCLES =  1.935744E+02         R E A L   E I G E N V E C T O R   N O .          1
 
      POINT ID.   TYPE          T1             T2             T3             R1             R2             R3
           239      G      6.869012E-05   8.646361E-06  -5.951165E-03  -1.319160E-01  -2.539099E-02  -2.253209E-06
           240      G     -4.968079E-07  -3.363678E-05  -6.708576E-03  -1.040426E-01  -3.570336E-04  -5.879831E-05
           241      G      2.623772E-04   4.265313E-06  -4.499967E-03  -1.058505E-01  -3.401504E-02  -3.595588E-03
           242      G     -1.640087E-04   7.921274E-06  -5.432419E-03  -1.172626E-01   1.629324E-02   2.312062E-03
           243      G     -7.070108E-05   7.640014E-06  -5.982769E-03  -1.326340E-01   2.382146E-02  -6.560433E-06
           244      G     -2.655182E-04   2.580897E-06  -4.530401E-03  -1.058498E-01   3.627607E-02   3.819660E-03
           300      G      3.723689E-04   2.187896E-03  -1.239844E-03   8.400809E-01   6.127510E-02  -2.307364E-01
           301      G      8.114620E-04   1.081385E-02  -1.544264E-03   2.009863E+00   9.170728E-02   8.491035E-02
           302      G      1.696371E-04   1.364242E-03  -1.967532E-03   1.062154E+00  -4.501070E-02   5.645880E-02
           303      G      3.140439E-04   2.821960E-04  -2.087620E-04   8.445224E-03  -1.060982E-01   2.535377E-02
           304      G      1.151187E-03   3.488056E-04  -4.837524E-04   2.542782E-01   3.850895E-01   6.592599E-02
           305      G      9.347488E-03   9.805122E-04  -4.650596E-03  -8.701965E-01  -2.105686E+00   2.052731E-02
           306      G      8.610991E-03   6.161189E-05  -6.817428E-03   1.085873E-02  -3.016394E+00   3.099496E-02
           307      G     -5.189580E-04   2.070809E-03  -1.253123E-03   7.983611E-01  -4.086410E-02   2.156795E-01
           308      G     -8.087717E-04   1.156443E-02  -1.520591E-03   2.131091E+00  -1.467802E-01  -8.377028E-02
           309      G     -1.156771E-04   2.285125E-04  -1.925360E-04   2.179075E-03   6.937345E-02  -1.296087E-02
           310      G     -1.220183E-03   2.582836E-04  -4.191461E-04   3.137917E-01  -6.105419E-01  -5.714605E-02
           311      G     -9.585305E-03   1.087501E-03  -4.678326E-03  -1.381287E+00   2.153266E+00  -6.330145E-02
           312      G     -8.735383E-03  -1.413066E-05  -6.858610E-03   1.741193E-03   3.031869E+00  -2.462693E-04
           313      G      5.555117E-04  -2.159639E-03  -1.235567E-03  -7.669146E-01   3.830165E-02   2.185057E-01
           314      G      8.623460E-04  -1.168621E-02  -1.511549E-03  -2.101764E+00   1.562762E-01  -8.088971E-02
           315      G     -1.257497E-05  -1.323503E-03  -1.975845E-03  -1.001721E+00  -1.135500E-04   6.657689E-04
           316      G      1.619043E-04  -2.388651E-04  -1.950553E-04   7.807437E-03  -6.011014E-02  -9.783666E-03
           317      G      1.258183E-03  -3.132288E-04  -4.144053E-04  -2.833044E-01   6.068689E-01  -5.528280E-02
           318      G      9.559758E-03  -1.074484E-03  -4.666722E-03   1.385011E+00  -2.154770E+00  -5.554902E-02
           319      G     -5.738515E-04  -2.141328E-03  -1.244994E-03  -7.833952E-01  -3.939379E-02  -2.174680E-01
           320      G     -8.849620E-04  -1.167632E-02  -1.510647E-03  -2.110874E+00  -1.576358E-01   8.159257E-02
           321      G     -1.691722E-04  -2.672518E-04  -1.945664E-04   4.059656E-03   6.290216E-02   1.189522E-02
           322      G     -1.271860E-03  -3.201334E-04  -4.150606E-04  -2.996451E-01  -6.112714E-01   5.629824E-02
           323      G     -9.620557E-03  -1.117505E-03  -4.673434E-03   1.383274E+00   2.146306E+00   6.300961E-02
           324      G      3.774771E-03   6.090718E-03  -1.098334E+00   2.356359E+01  -1.024412E+01   1.537226E-01
           325      G      8.282868E-03  -5.415331E-05  -1.709513E+00   2.776221E-02  -2.855656E+00  -1.342605E-03
           326      G      1.052423E-03   1.275410E-03  -1.424547E+00   3.066460E+01  -7.727688E+00  -2.783743E-02
           327      G      8.287491E-03  -8.276413E-05  -2.178548E+00  -4.070252E-02  -1.538795E+01  -3.157623E-04
           328      G     -1.128763E-04   1.371580E-02  -1.561457E+00   3.334480E+01  -4.860351E-02  -1.616536E-02
           329      G     -3.628017E-05  -7.388758E-05  -2.460637E+00   1.262925E-02   6.915964E-04   3.302534E-03
           330      G      3.797711E-03   5.680076E-04  -5.357978E-01   1.232461E+01  -2.252062E+01   6.077836E-02
           331      G      1.941730E-02  -8.124384E-05  -8.844841E-01   3.866820E-02  -3.410461E+01  -3.305960E-03
           332      G     -3.756665E-03   6.175009E-03  -1.100070E+00   2.353100E+01   1.021556E+01  -1.493561E-01
           333      G     -8.381133E-03  -3.959749E-05  -1.712540E+00   6.560440E-03   2.863217E+00  -7.077697E-04
           334      G     -1.111029E-03   1.381131E-03  -1.425957E+00   3.055785E+01   7.712273E+00   2.663548E-02
           335      G     -8.355516E-03  -8.207002E-05  -2.180048E+00  -3.540126E-04   1.532029E+01  -1.678685E-03
           336      G     -3.883799E-03   4.822672E-04  -5.376144E-01   1.205272E+01   2.248190E+01  -6.132739E-02
           337      G     -1.954562E-02  -3.013901E-05  -8.861906E-01   3.923682E-03   3.415178E+01  -5.696318E-04
           338      G      3.721319E-03  -6.280873E-03  -1.098422E+00  -2.349262E+01  -1.020054E+01  -1.477177E-01
           339      G      1.058618E-03  -1.463491E-03  -1.424460E+00  -3.051423E+01  -7.722803E+00   2.846008E-02
           340      G     -2.778339E-05  -1.394075E-02  -1.561199E+00  -3.337982E+01  -2.477050E-02  -6.182792E-04
           341      G      3.860589E-03  -5.356860E-04  -5.368362E-01  -1.204204E+01  -2.245005E+01  -5.929377E-02
           342      G     -3.785178E-03  -6.265513E-03  -1.100048E+00  -2.353693E+01   1.021355E+01   1.491814E-01
           343      G     -1.120277E-03  -1.452013E-03  -1.425754E+00  -3.055978E+01   7.698966E+00  -2.833919E-02
1                                                       **STUDENT EDITION*    APRIL  18, 2026  MSC Nastran  3/ 3/26   PAGE    15
     DEFAULT                                                                                                                        
0                                                                                                            SUBCASE 1              
      EIGENVALUE =  1.479298E+06
          CYCLES =  1.935744E+02         R E A L   E I G E N V E C T O R   N O .          1
 
      POINT ID.   TYPE          T1             T2             T3             R1             R2             R3
           344      G     -3.916535E-03  -5.381890E-04  -5.375719E-01  -1.205650E+01   2.248432E+01   6.048468E-02
           400      G      1.975677E-04   4.939814E-05  -8.283510E-04   1.664769E-02  -2.389938E-02   1.949308E-02
           401      G      4.755022E-05   4.008064E-05  -1.493731E-03   6.751889E-03  -8.970016E-03  -9.627540E-03
           402      G      1.374727E-06   8.222963E-05  -1.431854E-03   2.294486E-02  -5.493475E-04   1.239279E-03
           403      G      2.869820E-04  -2.235299E-04  -6.505285E-04   2.346416E-02  -3.784001E-03   7.548297E-03
           404      G      1.383792E-04  -5.613137E-05  -6.748122E-04   1.537758E-02   7.565066E-03  -2.247864E-02
           405      G      9.443977E-05  -2.549443E-04  -3.510300E-03   6.206622E-02  -3.301541E-02   1.495021E-02
           406      G     -3.968129E-05  -2.500365E-05  -5.061389E-03   2.508084E-03  -2.264157E-02   1.696125E-03
           407      G     -1.847410E-04   5.811551E-05  -8.469398E-04   1.709886E-02   2.659543E-02  -2.079939E-02
           408      G     -2.527320E-05   2.913223E-05  -1.551072E-03   4.343521E-03   7.948221E-03   1.394521E-02
           409      G     -3.007404E-04  -2.079324E-04  -6.189895E-04   2.316488E-02   5.819334E-03  -8.989899E-03
           410      G     -1.281197E-04  -6.525391E-05  -6.121934E-04   1.178176E-02  -6.791761E-03   2.452600E-02
           411      G     -8.986735E-05  -2.568548E-04  -3.516805E-03   7.234584E-02   3.243042E-02  -1.943824E-02
           412      G      3.259596E-05  -1.522262E-05  -5.104416E-03   1.873219E-05   2.318606E-02  -9.262145E-05
           413      G      2.054999E-04  -1.103489E-04  -8.481919E-04  -1.635347E-02  -2.634342E-02  -2.063004E-02
           414      G      4.322505E-05  -8.213334E-05  -1.540043E-03  -3.434739E-03  -9.067331E-03   1.131910E-02
           415      G     -6.246332E-06  -1.413913E-04  -1.473743E-03  -2.273483E-02  -9.851013E-06   3.292079E-05
           416      G      3.273103E-04   1.833745E-04  -6.202083E-04  -2.333678E-02  -6.011661E-03  -8.278880E-03
           417      G      1.527792E-04   2.360588E-05  -6.092438E-04  -1.162294E-02   6.603394E-03   2.490483E-02
           418      G      9.074675E-05   2.322632E-04  -3.506111E-03  -7.182392E-02  -3.296655E-02  -1.881830E-02
           419      G     -2.164088E-04  -1.064672E-04  -8.440035E-04  -1.636993E-02   2.635224E-02   2.083024E-02
           420      G     -5.569168E-05  -8.015020E-05  -1.539983E-03  -3.431936E-03   9.182250E-03  -1.109168E-02
           421      G     -3.342459E-04   1.745682E-04  -6.157664E-04  -2.400025E-02   6.410930E-03   8.557330E-03
           422      G     -1.609908E-04   2.399158E-05  -6.082506E-04  -1.202388E-02  -6.628481E-03  -2.479786E-02
           423      G     -1.039430E-04   2.249540E-04  -3.518424E-03  -7.197454E-02   3.349505E-02   1.908455E-02
           424      G      1.483362E-05   3.790556E-05  -7.554664E-03   1.598823E-01  -3.928339E-02  -7.317288E-03
           425      G      9.254601E-06  -2.786251E-05  -1.266237E-02   4.931484E-04  -1.800663E-02   1.755012E-04
           426      G      2.297279E-05   4.082556E-05  -8.850901E-03   1.783317E-01  -3.667805E-02  -5.850201E-04
           427      G      1.476401E-05  -2.887801E-05  -1.448277E-02   1.103933E-03  -6.211820E-02   7.659331E-06
           428      G      4.036057E-06   7.994868E-05  -9.567628E-03   1.815093E-01   2.828655E-04  -3.437012E-04
           429      G     -2.651759E-06  -2.957359E-05  -1.582253E-02   1.395420E-04  -4.193197E-05  -4.747634E-05
           430      G      6.224959E-05  -3.702239E-05  -5.514694E-03   1.181917E-01  -6.528832E-02  -3.401756E-03
           431      G      4.407481E-06  -2.061236E-05  -8.947309E-03   2.866675E-03  -1.422570E-01  -4.033731E-04
           432      G     -1.320737E-05   3.877379E-05  -7.559374E-03   1.602094E-01   4.018713E-02   7.240374E-03
           433      G     -1.509090E-05  -2.500653E-05  -1.266144E-02   2.645281E-04   1.808321E-02  -1.151159E-04
           434      G     -2.251852E-05   4.089081E-05  -8.860394E-03   1.790099E-01   3.591591E-02   4.212683E-04
           435      G     -1.917556E-05  -2.731790E-05  -1.448644E-02   5.330976E-04   6.171441E-02  -8.418129E-05
           436      G     -6.283261E-05  -2.829768E-05  -5.480262E-03   1.267653E-01   6.584526E-02   3.335114E-03
           437      G     -9.841629E-06  -2.043530E-05  -8.966988E-03   2.600341E-04   1.411715E-01  -2.137582E-04
           438      G      1.506390E-05  -8.963191E-05  -7.554463E-03  -1.598768E-01  -3.973506E-02   7.580094E-03
           439      G      2.093537E-05  -9.963194E-05  -8.854758E-03  -1.796102E-01  -3.699378E-02   6.104569E-04
           440      G     -4.425317E-06  -1.370826E-04  -9.581829E-03  -1.801373E-01   1.022618E-04  -5.699386E-05
           441      G      6.401984E-05  -1.455581E-05  -5.483354E-03  -1.271496E-01  -6.577224E-02   3.745633E-03
           442      G     -2.505360E-05  -8.720076E-05  -7.553446E-03  -1.602378E-01   4.000188E-02  -7.728129E-03
           443      G     -3.018469E-05  -9.770925E-05  -8.854540E-03  -1.796129E-01   3.666851E-02  -6.801995E-04
           444      G     -7.664603E-05  -1.257793E-05  -5.483693E-03  -1.266582E-01   6.531672E-02  -3.674667E-03
           445      G      1.650363E-04  -9.491936E-04  -7.989407E-04   4.127821E-02   1.181630E-03   2.166540E-02
           446      G      8.761513E-05  -3.230828E-04  -7.087002E-04   3.699742E-02   1.228021E-03  -6.418216E-03
           447      G     -2.573247E-05  -1.005338E-04  -9.618549E-04   4.763185E-02  -1.346471E-02  -1.681744E-02
           448      G     -2.247434E-05   1.384533E-06  -1.328753E-03   4.784548E-02  -1.290541E-02  -6.070869E-03
1                                                       **STUDENT EDITION*    APRIL  18, 2026  MSC Nastran  3/ 3/26   PAGE    16
     DEFAULT                                                                                                                        
0                                                                                                            SUBCASE 1              
      EIGENVALUE =  1.479298E+06
          CYCLES =  1.935744E+02         R E A L   E I G E N V E C T O R   N O .          1
 
      POINT ID.   TYPE          T1             T2             T3             R1             R2             R3
           449      G      4.056867E-06   1.815337E-05  -1.504666E-03   4.233963E-02  -6.630523E-04  -2.928698E-04
           450      G     -8.284207E-05  -7.345679E-04  -3.371412E-03   6.272567E-02   2.414321E-02   4.275985E-02
           451      G     -1.157762E-04  -1.252769E-05  -4.691023E-03  -2.666734E-04   5.393713E-02  -2.153094E-04
           452      G     -1.503839E-04  -9.604629E-04  -7.637532E-04   4.256009E-02  -1.139885E-03  -2.249237E-02
           453      G     -6.928911E-05  -3.269709E-04  -6.814818E-04   3.756117E-02  -1.986358E-04   6.370291E-03
           454      G      5.087020E-05  -1.026195E-04  -9.735415E-04   4.687524E-02   1.486691E-02   1.883733E-02
           455      G      3.362670E-05   3.395028E-07  -1.358094E-03   4.817917E-02   1.242512E-02   5.353219E-03
           456      G      9.663116E-05  -7.415033E-04  -3.380729E-03   6.327537E-02  -2.368737E-02  -4.342420E-02
           457      G      1.242709E-04  -1.415417E-05  -4.726492E-03   5.351706E-05  -5.439682E-02  -1.686900E-04
           458      G      1.629816E-04   9.287109E-04  -7.637213E-04  -4.219040E-02   9.766000E-04  -2.257223E-02
           459      G      8.123588E-05   2.955622E-04  -6.821463E-04  -3.716363E-02   3.533153E-04   6.109472E-03
           460      G     -4.118697E-05   7.151771E-05  -9.716364E-04  -4.617432E-02  -1.504020E-02   1.823382E-02
           461      G     -3.211410E-05  -3.076254E-05  -1.371065E-03  -4.736530E-02  -1.339141E-02   5.969850E-03
           462      G     -3.030863E-06  -4.838596E-05  -1.540149E-03  -4.117313E-02   4.055947E-05   3.891295E-05
           463      G     -8.786204E-05   7.072060E-04  -3.364488E-03  -6.257169E-02   2.442996E-02  -4.263913E-02
           464      G     -1.683696E-04   9.343652E-04  -7.588047E-04  -4.252604E-02  -9.234891E-04   2.242754E-02
           465      G     -8.703547E-05   2.979358E-04  -6.785284E-04  -3.739551E-02  -3.287234E-04  -6.159314E-03
           466      G      3.537928E-05   7.217254E-05  -9.684753E-04  -4.639268E-02   1.509351E-02  -1.825385E-02
           467      G      2.643928E-05  -3.076733E-05  -1.369476E-03  -4.748216E-02   1.346703E-02  -6.010368E-03
           468      G      9.010791E-05   7.140089E-04  -3.381865E-03  -6.338721E-02  -2.355341E-02   4.310853E-02
           469      G     -1.101724E-05  -7.003726E-04  -1.968106E-03   6.294204E-02   1.259543E-02  -2.382754E-02
           470      G     -3.704327E-05  -3.255703E-04  -2.080396E-03   8.547275E-02  -1.625901E-02  -5.821704E-03
           471      G     -3.793122E-05  -7.543000E-05  -2.574676E-03   7.840379E-02  -1.992553E-02  -1.872062E-03
           472      G     -2.632759E-05  -1.082242E-05  -3.085861E-03   8.944872E-02  -1.646545E-02  -4.399624E-04
           473      G      6.668818E-06   6.466750E-06  -3.255215E-03   8.748919E-02  -8.678309E-04   1.142037E-04
           474      G     -1.174265E-04  -2.048184E-04  -3.583773E-03   4.548130E-02  -3.290387E-02  -1.265237E-02
           475      G     -9.904153E-05  -7.173171E-05  -4.527540E-03   8.354139E-02  -3.603581E-02  -2.248874E-03
           476      G     -4.724634E-05  -8.612775E-06  -5.241070E-03   8.487663E-02  -1.799227E-02  -1.278266E-03
           477      G      6.719725E-06   3.892796E-08  -5.442730E-03   8.988541E-02  -4.038208E-04  -2.413662E-05
           478      G     -8.842894E-05  -2.960522E-04  -4.364194E-03   3.471733E-02   3.698546E-02  -1.007038E-02
           479      G     -1.832383E-04  -1.474516E-04  -4.598560E-03   4.657626E-02  -5.152598E-02  -1.192723E-03
           480      G     -1.334885E-04  -3.895677E-05  -5.961278E-03   4.549521E-02  -4.514450E-02  -1.881321E-03
           481      G     -6.886948E-05  -1.325249E-05  -6.814595E-03   5.266274E-02  -2.116246E-02  -7.195367E-04
           482      G     -1.792128E-04  -1.393581E-05  -4.969743E-03  -1.168265E-04  -5.541914E-02   2.966236E-05
           483      G     -1.540146E-04  -1.429933E-05  -6.457519E-03  -6.612306E-05  -5.442224E-02  -1.911463E-05
           484      G     -7.836176E-05  -1.467366E-05  -7.403683E-03   4.533852E-05  -1.774435E-02  -2.009704E-05
           485      G      5.689506E-06  -4.632727E-06  -7.062812E-03   5.065519E-02  -4.105825E-04  -1.850605E-05
           486      G      4.479040E-06  -1.505580E-05  -7.624885E-03   1.694986E-06  -3.645459E-04  -3.239607E-05
           487      G      2.680188E-05  -7.068630E-04  -1.959097E-03   6.395661E-02  -1.237206E-02   2.411702E-02
           488      G      5.359951E-05  -3.289691E-04  -2.076777E-03   8.657514E-02   1.706285E-02   5.802103E-03
           489      G      5.248241E-05  -7.807503E-05  -2.588501E-03   7.906907E-02   2.012667E-02   1.438915E-03
           490      G      4.119439E-05  -1.333881E-05  -3.113598E-03   8.953514E-02   1.667139E-02   6.075295E-04
           491      G      1.309724E-04  -2.074795E-04  -3.599568E-03   4.611159E-02   3.322133E-02   1.269286E-02
           492      G      1.125634E-04  -7.400380E-05  -4.553751E-03   8.404093E-02   3.627503E-02   2.256999E-03
           493      G      6.033175E-05  -1.023974E-05  -5.266469E-03   8.470394E-02   1.733683E-02   1.240209E-03
           494      G      9.927811E-05  -2.988509E-04  -4.387801E-03   3.550915E-02  -3.698179E-02   1.016340E-02
           495      G      1.948852E-04  -1.497023E-04  -4.626509E-03   4.719262E-02   5.190467E-02   1.107555E-03
           496      G      1.449218E-04  -4.043615E-05  -5.993209E-03   4.559586E-02   4.495303E-02   1.828876E-03
           497      G      8.033657E-05  -1.434099E-05  -6.837523E-03   5.257490E-02   2.057471E-02   6.756833E-04
           498      G      1.882592E-04  -1.453021E-05  -5.003220E-03  -8.541630E-05   5.559194E-02  -2.103110E-05
1                                                       **STUDENT EDITION*    APRIL  18, 2026  MSC Nastran  3/ 3/26   PAGE    17
     DEFAULT                                                                                                                        
0                                                                                                            SUBCASE 1              
      EIGENVALUE =  1.479298E+06
          CYCLES =  1.935744E+02         R E A L   E I G E N V E C T O R   N O .          1
 
      POINT ID.   TYPE          T1             T2             T3             R1             R2             R3
           499      G      1.631266E-04  -1.524168E-05  -6.489925E-03  -1.127934E-04   5.420138E-02  -3.864818E-05
           500      G      8.729585E-05  -1.533793E-05  -7.424576E-03  -9.696396E-05   1.712572E-02  -2.966590E-05
           501      G     -1.664626E-05   6.750645E-04  -1.952871E-03  -6.374284E-02   1.263079E-02   2.407326E-02
           502      G     -4.438100E-05   2.974338E-04  -2.062359E-03  -8.559436E-02  -1.672963E-02   5.890020E-03
           503      G     -4.465702E-05   4.650407E-05  -2.571677E-03  -7.824666E-02  -2.046069E-02   1.533927E-03
           504      G     -3.415276E-05  -1.787242E-05  -3.109381E-03  -8.866151E-02  -1.721914E-02   4.173563E-04
           505      G     -7.721492E-07  -3.625493E-05  -3.272631E-03  -8.697403E-02  -5.387882E-05  -9.013432E-05
           506      G     -1.221657E-04   1.771508E-04  -3.570577E-03  -4.576498E-02  -3.298962E-02   1.257067E-02
           507      G     -1.038827E-04   4.300755E-05  -4.523366E-03  -8.357077E-02  -3.647441E-02   2.242996E-03
           508      G     -5.212330E-05  -2.052049E-05  -5.250039E-03  -8.435845E-02  -1.810673E-02   1.220349E-03
           509      G      1.234348E-06  -3.002315E-05  -5.448502E-03  -8.939559E-02  -2.010341E-04  -5.317462E-05
           510      G     -9.105957E-05   2.692434E-04  -4.357181E-03  -3.483640E-02   3.712683E-02   1.006083E-02
           511      G     -1.855331E-04   1.198696E-04  -4.591443E-03  -4.694232E-02  -5.163060E-02   1.131742E-03
           512      G     -1.359155E-04   1.029618E-05  -5.958358E-03  -4.557827E-02  -4.527997E-02   1.825682E-03
           513      G     -7.143591E-05  -1.604509E-05  -6.816579E-03  -5.244589E-02  -2.120059E-02   6.660313E-04
           514      G      2.965347E-06  -2.545333E-05  -7.063042E-03  -5.052508E-02  -3.122353E-04  -3.937839E-05
           515      G      1.510993E-05   6.805166E-04  -1.956353E-03  -6.416088E-02  -1.220868E-02  -2.426803E-02
           516      G      4.263304E-05   2.997962E-04  -2.071753E-03  -8.651503E-02   1.675040E-02  -6.032189E-03
           517      G      4.310246E-05   4.693577E-05  -2.578627E-03  -7.881608E-02   2.039114E-02  -1.669702E-03
           518      G      3.255358E-05  -1.785354E-05  -3.113337E-03  -8.899072E-02   1.708317E-02  -5.196904E-04
           519      G      1.245835E-04   1.782922E-04  -3.596947E-03  -4.624400E-02   3.296745E-02  -1.279520E-02
           520      G      1.064255E-04   4.317885E-05  -4.544072E-03  -8.414952E-02   3.621993E-02  -2.341491E-03
           521      G      5.461342E-05  -2.067874E-05  -5.261649E-03  -8.467173E-02   1.772473E-02  -1.318969E-03
           522      G      9.618350E-05   2.716621E-04  -4.389458E-03  -3.548315E-02  -3.693039E-02  -1.022511E-02
           523      G      1.918740E-04   1.203679E-04  -4.625263E-03  -4.717245E-02   5.176403E-02  -1.234451E-03
           524      G      1.419385E-04   9.924040E-06  -5.988144E-03  -4.587563E-02   4.492888E-02  -1.924378E-03
           525      G      7.741476E-05  -1.641197E-05  -6.833924E-03  -5.268527E-02   2.066486E-02  -7.504371E-04
          1000      G     -1.941307E-06  -3.845951E-06  -4.550366E-04  -5.632958E-03  -1.355007E-04  -1.264371E-03
          1001      G      7.772553E-06  -1.443779E-05  -1.198937E-04   1.082136E-04   9.726708E-05  -1.841868E-02
          1002      G      1.509615E-05   1.468445E-05  -1.222086E-04   1.118095E-04   1.011604E-04  -1.477595E-02
          1003      G     -1.792293E-06  -4.173245E-06  -5.661042E-03   1.831893E-01  -2.361116E-05   1.572483E-05
          1004      G      8.530870E-06   7.458040E-07  -5.320284E-03   1.746218E-01  -1.120447E-02  -5.491700E-05
          1005      G      1.767253E-05  -7.657795E-06  -4.818766E-03   1.570122E-01  -2.586158E-02   1.818833E-04
          1006      G     -1.127739E-06  -5.922205E-08  -9.761695E-03   2.168842E-06  -8.969440E-05   1.340204E-05
          1007      G      4.130616E-06   3.177952E-07  -9.120502E-03  -2.122881E-07  -4.299169E-02   1.113637E-05
          1008      G      9.326709E-06   6.799586E-07  -8.226347E-03  -1.391417E-05  -1.275017E-02   1.044879E-05
          1009      G      1.988832E-05  -4.866308E-05  -1.361595E-04  -9.234789E-06   8.738802E-05  -3.009555E-02
          1010      G      6.931149E-05   1.146189E-04  -1.381241E-04   3.227185E-05   5.388993E-05  -1.359735E-03
          1011      G      3.793866E-05   2.360279E-05  -3.967148E-03   1.192389E-01  -3.516966E-02  -4.605453E-05
          1012      G      3.333998E-05  -5.991074E-06  -3.230529E-03   8.056597E-02  -9.644882E-03  -2.586249E-02
          1013      G      9.731610E-06   9.016363E-07  -6.402013E-03  -3.567351E-04  -1.148463E-01   1.515085E-05
          1014      G      1.479845E-05   1.519188E-06  -4.497352E-03  -6.694972E-04  -1.354486E-02   9.225852E-04
          1015      G     -1.186447E-05  -1.207543E-05  -1.160664E-04   1.067852E-04  -9.980157E-05   1.468137E-02
          1016      G     -1.918706E-05   8.823534E-06  -1.184414E-04   1.075980E-04  -1.038287E-04   1.103924E-02
          1017      G     -1.149182E-05  -4.016393E-07  -5.319880E-03   1.747285E-01   1.106688E-02   7.823325E-05
          1018      G     -2.074489E-05  -9.099653E-06  -4.820531E-03   1.571536E-01   2.583649E-02  -1.550883E-04
          1019      G     -6.618702E-06  -4.231490E-07  -9.122308E-03   1.671585E-05   4.294880E-02   1.163431E-05
          1020      G     -1.198957E-05  -8.613158E-07  -8.231032E-03   2.603111E-05   1.256855E-02   8.721505E-06
          1021      G     -2.373201E-05  -5.034997E-05  -1.369792E-04  -1.443675E-05  -8.154792E-05   2.786914E-02
          1022      G     -7.295431E-05   1.115742E-04  -1.388004E-04   2.689911E-05  -4.813259E-05  -7.467286E-04
1                                                       **STUDENT EDITION*    APRIL  18, 2026  MSC Nastran  3/ 3/26   PAGE    18
     DEFAULT                                                                                                                        
0                                                                                                            SUBCASE 1              
      EIGENVALUE =  1.479298E+06
          CYCLES =  1.935744E+02         R E A L   E I G E N V E C T O R   N O .          1
 
      POINT ID.   TYPE          T1             T2             T3             R1             R2             R3
          1023      G     -4.157927E-05   2.055445E-05  -3.968947E-03   1.190639E-01   3.531727E-02   5.975947E-05
          1024      G     -3.680253E-05  -8.205404E-06  -3.234654E-03   8.025714E-02   9.218372E-03   2.257025E-02
          1025      G     -1.255189E-05  -1.012385E-06  -6.407770E-03   8.122873E-05   1.149558E-01   8.278443E-06
          1026      G     -1.803768E-05  -1.447744E-06  -4.504309E-03  -3.822840E-05   1.329595E-02   2.205384E-04
          1027      G     -4.185210E-07   3.506788E-06  -4.597928E-04   5.727557E-03  -5.111594E-06  -4.715229E-05
          1028      G      9.598279E-06   1.305321E-05  -1.171555E-04  -1.074459E-04   1.045347E-04   1.695318E-02
          1029      G      1.706260E-05  -1.063557E-05  -1.196573E-04  -1.092536E-04   1.085713E-04   1.324047E-02
          1030      G     -7.164929E-07   4.046035E-06  -5.662768E-03  -1.831241E-01  -5.065163E-05   9.319237E-06
          1031      G      9.232178E-06  -5.706984E-09  -5.318701E-03  -1.746921E-01  -1.119058E-02   7.811997E-05
          1032      G      1.849054E-05   8.815476E-06  -4.816400E-03  -1.570709E-01  -2.594179E-02  -1.535797E-04
          1033      G      2.186006E-05   5.002151E-05  -1.368129E-04   1.005664E-05   8.444581E-05   2.907396E-02
          1034      G      7.122240E-05  -1.119691E-04  -1.387073E-04  -3.130596E-05   5.100307E-05   3.817981E-04
          1035      G      3.911449E-05  -2.114960E-05  -3.958938E-03  -1.188728E-01  -3.561944E-02   6.804625E-05
          1036      G      3.441693E-05   8.179214E-06  -3.217618E-03  -7.984292E-02  -9.455400E-03   2.206857E-02
          1037      G     -1.037668E-05   1.353829E-05  -1.171832E-04  -1.068254E-04  -1.061811E-04  -1.730492E-02
          1038      G     -1.764755E-05  -1.231608E-05  -1.197312E-04  -1.092380E-04  -1.102223E-04  -1.368871E-02
          1039      G     -1.080573E-05  -5.374831E-07  -5.321421E-03  -1.747174E-01   1.105851E-02  -5.989098E-05
          1040      G     -2.022680E-05   7.985796E-06  -4.822847E-03  -1.571460E-01   2.578770E-02   1.820095E-04
          1041      G     -2.217627E-05   4.954903E-05  -1.375195E-04   1.700288E-05  -8.632709E-05  -2.981935E-02
          1042      G     -4.114201E-05  -2.333600E-05  -3.972536E-03  -1.191333E-01   3.524899E-02  -3.761345E-05
          1043      G     -3.633372E-05   5.781099E-06  -3.236329E-03  -8.020692E-02   9.453781E-03  -2.207969E-02
          1044      G     -7.224157E-05  -1.160927E-04  -1.394617E-04  -2.520372E-05  -5.234065E-05  -7.087681E-04
          2000      G     -6.577634E-06  -1.586961E-04  -8.186820E-04   3.073908E-02   8.323078E-04  -3.175570E-03
          2001      G      2.494385E-06  -1.994442E-05  -1.203073E-04   1.220630E-04   9.368746E-05  -2.261636E-02
          2002      G      2.202087E-05   1.033288E-05  -1.221781E-04   1.153021E-04   1.006788E-04  -1.289771E-02
          2003      G     -6.012159E-06  -3.233688E-05  -6.688916E-03   1.749284E-01   5.149536E-05   2.989651E-05
          2004      G      3.231982E-05  -3.237451E-05  -5.937588E-03   1.920735E-01  -2.443821E-02   2.935383E-04
          2005      G      4.412725E-05  -1.208619E-05  -5.359311E-03   1.712885E-01  -2.158703E-02   6.712434E-04
          2006      G     -3.968008E-06   3.485957E-07  -1.071361E-02   4.324775E-05  -4.964362E-04   3.488022E-05
          2007      G      1.947161E-05   8.407082E-07  -1.009146E-02  -9.931749E-05  -3.506367E-02   4.075379E-05
          2008      G      4.798065E-05   1.813562E-06  -9.151671E-03  -4.823758E-05  -2.244751E-02   4.468805E-05
          2009      G      3.396900E-05  -5.519877E-05  -1.362331E-04  -4.480284E-06   8.552062E-05  -2.415717E-02
          2010      G      6.841659E-05   1.190603E-04  -1.382486E-04   3.099090E-05   5.618593E-05  -3.331043E-03
          2011      G      7.621636E-05   2.156253E-05  -4.536063E-03   1.271492E-01  -3.602560E-02   2.053278E-04
          2012      G      9.656281E-05  -5.245853E-06  -3.511697E-03   7.110843E-02  -3.629417E-02  -1.408646E-01
          2013      G      5.676018E-05   2.536308E-06  -7.200819E-03   7.649852E-04  -1.191211E-01   5.268112E-05
          2014      G      6.209297E-05   3.568573E-06  -4.840096E-03   4.323255E-03  -4.591518E-02  -2.087117E-02
          2015      G     -1.607383E-05  -1.757745E-05  -1.164614E-04   1.210067E-04  -9.659403E-05   1.418786E-02
          2016      G     -3.599045E-05   4.343238E-06  -1.184188E-04   1.121135E-04  -1.034639E-04   4.274161E-03
          2017      G     -4.376227E-05  -3.386212E-05  -5.944921E-03   1.939092E-01   2.426556E-02  -2.291331E-04
          2018      G     -5.572351E-05  -1.544994E-05  -5.372985E-03   1.753072E-01   2.140871E-02  -5.863401E-04
          2019      G     -2.767278E-05  -4.035990E-07  -1.012418E-02  -6.467381E-05   3.385272E-02   2.914185E-05
          2020      G     -5.667120E-05  -1.148161E-06  -9.221586E-03   2.050651E-05   2.094028E-02   2.838145E-05
          2021      G     -4.743055E-05  -6.158988E-05  -1.370582E-04  -9.469782E-06  -7.987588E-05   1.704624E-02
          2022      G     -7.950575E-05   1.089107E-04  -1.388375E-04   2.326653E-05  -5.126035E-05  -2.500432E-03
          2023      G     -8.888544E-05   1.453711E-05  -4.543323E-03   1.333599E-01   3.668230E-02  -1.403285E-04
          2024      G     -1.111312E-04  -1.345872E-05  -3.517027E-03   8.145396E-02   3.557807E-02   1.641083E-01
          2025      G     -6.723607E-05  -1.998659E-06  -7.265889E-03   6.654870E-05   1.204936E-01   2.817290E-05
          2026      G     -7.506513E-05  -2.892743E-06  -4.860028E-03  -1.243056E-05   4.795106E-02   1.352004E-03
          2027      G     -1.234666E-06   1.638884E-04  -8.265174E-04  -3.061968E-02  -2.715003E-05  -3.910360E-04
1                                                       **STUDENT EDITION*    APRIL  18, 2026  MSC Nastran  3/ 3/26   PAGE    19
     DEFAULT                                                                                                                        
0                                                                                                            SUBCASE 1              
      EIGENVALUE =  1.479298E+06
          CYCLES =  1.935744E+02         R E A L   E I G E N V E C T O R   N O .          1
 
      POINT ID.   TYPE          T1             T2             T3             R1             R2             R3
          2028      G      8.741563E-06   1.866437E-05  -1.175634E-04  -1.219759E-04   1.011059E-04   1.906070E-02
          2029      G      2.997030E-05  -6.110824E-06  -1.196282E-04  -1.136257E-04   1.082093E-04   8.493397E-03
          2030      G     -2.145281E-06   3.322431E-05  -6.675809E-03  -1.756979E-01  -4.244594E-04   2.306044E-05
          2031      G      3.682050E-05   3.460291E-05  -5.910226E-03  -1.934733E-01  -2.494870E-02  -2.386616E-04
          2032      G      4.888775E-05   1.475288E-05  -5.316683E-03  -1.737173E-01  -2.233908E-02  -5.893494E-04
          2033      G      4.348556E-05   6.048657E-05  -1.369007E-04   4.231152E-06   8.237190E-05   1.929757E-02
          2034      G      7.622548E-05  -1.105664E-04  -1.387406E-04  -2.784265E-05   5.358393E-05  -6.130161E-04
          2035      G      8.217144E-05  -1.583207E-05  -4.496735E-03  -1.319684E-01  -3.482196E-02  -7.844151E-05
          2036      G      1.055257E-04   1.503822E-05  -3.499643E-03  -8.244706E-02  -3.602185E-02   1.708921E-01
          2037      G     -1.086717E-05   1.912697E-05  -1.175937E-04  -1.213589E-04  -1.027566E-04  -1.876627E-02
          2038      G     -3.100385E-05  -7.849835E-06  -1.197083E-04  -1.135725E-04  -1.098204E-04  -8.743489E-03
          2039      G     -4.124461E-05   3.392582E-05  -5.934540E-03  -1.943305E-01   2.403531E-02   2.872479E-04
          2040      G     -5.352318E-05   1.353306E-05  -5.368412E-03  -1.755996E-01   2.122186E-02   6.607559E-04
          2041      G     -4.265205E-05   5.904335E-05  -1.375989E-04   1.201763E-05  -8.461962E-05  -2.067561E-02
          2042      G     -7.568250E-05  -1.167043E-04  -1.395013E-04  -2.168452E-05  -5.537831E-05  -5.701737E-04
          2043      G     -8.699435E-05  -1.909564E-05  -4.542753E-03  -1.335931E-01   3.652807E-02   2.035822E-04
          2044      G     -1.093943E-04   8.011495E-06  -3.517032E-03  -8.152939E-02   3.572066E-02  -1.617722E-01
          3000      G      7.309522E-05  -6.792467E-03  -6.251077E-03   1.061782E+00  -4.499987E-02   7.407781E-02
          3001      G     -6.652115E-04  -4.971563E-03  -9.636070E-03   2.010726E+00   9.179203E-02  -1.186487E+00
          3002      G     -1.460312E-03  -4.295014E-03  -4.630972E-03   8.401078E-01   6.127819E-02  -9.280089E-01
          3003      G      6.493558E-05  -1.735156E-03  -1.319699E+00   4.956946E+01  -7.490498E-02  -1.133398E-03
          3004      G     -1.697791E-03  -1.309964E-03  -1.203213E+00   4.224961E+01  -6.840149E+00  -1.701210E-02
          3005      G     -2.168940E-03  -5.358786E-04  -9.091761E-01   3.404270E+01  -1.408759E+01  -6.994508E-02
          3006      G     -2.988418E-05  -1.736050E-04  -2.460679E+00   1.262993E-02   6.932374E-04  -1.677719E-03
          3007      G     -5.283522E-03  -2.105639E-04  -2.146811E+00  -5.857519E-02  -2.377912E+01  -1.689605E-03
          3008      G     -1.362832E-02  -2.732800E-04  -1.709517E+00   2.776471E-02  -2.855804E+00  -1.653485E-03
          3009      G      1.755510E-04   3.006373E-04  -7.319547E-04   2.541298E-01   3.854950E-01  -2.074034E+00
          3010      G      1.858270E-03  -2.290688E-03  -6.184387E-04   8.399463E-03  -1.059361E-01   1.197490E+00
          3011      G     -5.298916E-03  -8.388056E-04  -4.132263E-01   1.653903E+01  -2.145233E+01  -1.051008E-01
          3012      G     -7.254486E-03  -3.259178E-03  -1.313198E-02  -8.708312E-01  -2.106614E+00   5.552710E+00
          3013      G     -1.271678E-02  -3.199512E-04  -8.619806E-01   5.238688E-02  -5.375889E+01  -1.829056E-03
          3014      G     -1.501314E-02  -3.646447E-04  -1.898634E-02   1.082577E-02  -3.016654E+00   1.388619E-01
          3015      G      8.386235E-04  -5.172592E-03  -1.009725E-02   2.131900E+00  -1.468487E-01   1.489216E+00
          3016      G      1.658490E-03  -4.082122E-03  -4.476743E-03   7.983982E-01  -4.084632E-02   1.034137E+00
          3017      G      1.777710E-03  -1.256209E-03  -1.204789E+00   4.211498E+01   6.843631E+00   1.414756E-02
          3018      G      2.215971E-03  -3.712003E-04  -9.107296E-01   3.397620E+01   1.403672E+01   6.632050E-02
          3019      G      5.240805E-03  -1.210064E-04  -2.148370E+00  -5.103914E-03   2.365621E+01  -1.411571E-03
          3020      G      1.359086E-02  -9.185358E-05  -1.712544E+00   6.560408E-03   2.863365E+00  -1.179256E-03
          3021      G     -2.704321E-05   7.346644E-04  -4.542044E-04   3.136522E-01  -6.108896E-01   3.067699E+00
          3022      G     -1.675456E-03  -2.014157E-03  -4.336574E-04   2.168647E-03   6.922566E-02  -1.070697E+00
          3023      G      5.409444E-03  -5.552498E-04  -4.150376E-01   1.626993E+01   2.142110E+01   1.009266E-01
          3024      G      7.392872E-03  -2.779678E-03  -1.334994E-02  -1.381823E+00   2.154186E+00  -7.352897E+00
          3025      G      1.267893E-02  -5.652921E-05  -8.637019E-01   5.955071E-03   5.381988E+01  -1.184581E-03
          3026      G      1.500934E-02  -2.583157E-05  -1.908779E-02   1.742519E-03   3.032119E+00   1.316731E-03
          3027      G     -1.260622E-04   6.357399E-03  -6.017589E-03  -1.001370E+00  -1.140672E-04   5.555566E-02
          3028      G     -8.822692E-04   4.817996E-03  -9.970542E-03  -2.102572E+00   1.563452E-01   1.572592E+00
          3029      G     -1.703426E-03   3.742793E-03  -4.333395E-03  -7.669487E-01   3.828279E-02   1.061834E+00
          3030      G     -7.472182E-05   1.431231E-03  -1.319304E+00  -4.954458E+01  -4.145101E-02  -1.351745E-03
          3031      G     -1.823648E-03   8.948248E-04  -1.203005E+00  -4.201906E+01  -6.848950E+00   1.374097E-02
          3032      G     -2.269724E-03   2.447786E-05  -9.091797E-01  -3.391272E+01  -1.401445E+01   6.647441E-02
1                                                       **STUDENT EDITION*    APRIL  18, 2026  MSC Nastran  3/ 3/26   PAGE    20
     DEFAULT                                                                                                                        
0                                                                                                            SUBCASE 1              
      EIGENVALUE =  1.479298E+06
          CYCLES =  1.935744E+02         R E A L   E I G E N V E C T O R   N O .          1
 
      POINT ID.   TYPE          T1             T2             T3             R1             R2             R3
          3033      G     -3.509696E-05  -1.067854E-03  -3.347666E-04  -2.831631E-01   6.072157E-01   3.101351E+00
          3034      G      1.590296E-03   1.716558E-03  -3.592584E-04   7.823441E-03  -5.995844E-02  -9.706841E-01
          3035      G     -5.456834E-03   2.148790E-04  -4.144091E-01  -1.625661E+01  -2.138840E+01   1.007624E-01
          3036      G     -7.430856E-03   2.431334E-03  -1.334428E-02   1.385550E+00  -2.155691E+00  -7.194970E+00
          3037      G      6.334494E-04   4.900295E-03  -1.000612E-02  -2.111682E+00  -1.577063E-01  -1.465734E+00
          3038      G      1.457432E-03   3.892411E-03  -4.408787E-03  -7.834310E-01  -3.937649E-02  -9.535231E-01
          3039      G      1.670190E-03   9.763284E-04  -1.204412E+00  -4.207621E+01   6.828404E+00  -1.654188E-02
          3040      G      2.120093E-03   1.889093E-04  -9.106336E-01  -3.396359E+01   1.402992E+01  -6.917852E-02
          3041      G     -2.133379E-04  -8.449101E-04  -3.920339E-04  -2.995050E-01  -6.116200E-01  -3.002575E+00
          3042      G     -1.848485E-03   1.992334E-03  -3.848217E-04   4.074006E-03   6.275173E-02   1.105403E+00
          3043      G      5.318162E-03   4.467477E-04  -4.149810E-01  -1.626762E+01   2.142394E+01  -1.033534E-01
          3044      G      7.301978E-03   2.730955E-03  -1.331720E-02   1.383813E+00   2.147225E+00   7.351732E+00
          4000      G      1.481097E-06  -9.233225E-05  -1.524188E-03   2.292229E-02  -5.495641E-04   9.951470E-04
          4001      G     -2.026712E-05  -1.349989E-05  -1.521197E-03   6.771450E-03  -8.969284E-03   1.134380E-02
          4002      G     -3.274746E-05  -7.744630E-05  -8.954633E-04   1.663541E-02  -2.390014E-02  -3.955119E-02
          4003      G     -1.471906E-06  -2.229783E-05  -9.561733E-03   2.737457E-01   1.911147E-04  -6.038040E-05
          4004      G     -3.777818E-05  -3.671894E-05  -8.981235E-03   2.541833E-01  -3.707044E-02  -3.113018E-04
          4005      G     -7.609829E-05  -2.822645E-05  -7.524022E-03   2.240265E-01  -6.478373E-02  -7.405827E-04
          4006      G     -2.979433E-06  -3.071066E-05  -1.582302E-02   1.394680E-04  -4.198865E-05  -4.412126E-05
          4007      G     -6.208457E-05  -3.201303E-05  -1.461159E-02   1.472956E-03  -9.705654E-02  -2.828225E-05
          4008      G     -1.289130E-04  -3.186658E-05  -1.266263E-02   4.929659E-04  -1.801328E-02  -1.540215E-05
          4009      G     -3.168412E-05  -6.165874E-05  -7.213959E-04   1.537741E-02   7.569467E-03  -9.277278E-02
          4010      G     -1.292071E-05  -1.385288E-04  -7.591895E-04   2.345894E-02  -3.778984E-03  -1.428011E-01
          4011      G     -1.151195E-04  -5.276081E-05  -5.457533E-03   1.495863E-01  -8.390353E-02  -1.648849E-03
          4012      G     -1.590986E-04  -1.097988E-04  -3.642685E-03   6.205493E-02  -3.298879E-02  -3.333697E-01
          4013      G     -1.727210E-04  -3.189199E-05  -9.000830E-03   2.209805E-03  -2.368617E-01  -3.061999E-05
          4014      G     -2.082388E-04  -3.320604E-05  -5.153048E-03   2.508429E-03  -2.261392E-02  -7.545775E-03
          4015      G      2.298605E-05  -5.699838E-06  -1.568894E-03   4.364866E-03   7.947251E-03  -2.135290E-02
          4016      G      3.431121E-05  -7.215760E-05  -9.158075E-04   1.708559E-02   2.659636E-02   2.454684E-02
          4017      G      3.547905E-05  -3.318563E-05  -8.992686E-03   2.557135E-01   3.634627E-02   1.912591E-04
          4018      G      7.426800E-05  -2.102492E-05  -7.528446E-03   2.255230E-01   6.632179E-02   6.469688E-04
          4019      G      5.620651E-05  -2.934523E-05  -1.461491E-02   4.522242E-04   9.728551E-02  -5.765366E-05
          4020      G      1.237187E-04  -2.712152E-05  -1.266171E-02   2.645220E-04   1.808974E-02  -6.699727E-05
          4021      G      3.054073E-05  -5.123656E-05  -6.460884E-04   1.178378E-02  -6.796149E-03   8.192008E-02
          4022      G      9.583557E-06  -1.267043E-04  -7.344450E-04   2.315865E-02   5.813960E-03   1.412651E-01
          4023      G      1.137445E-04  -4.372504E-05  -5.410780E-03   1.584987E-01   8.417899E-02   1.633995E-03
          4024      G      1.589200E-04  -1.027235E-04  -3.646860E-03   7.233095E-02   3.240303E-02   3.830784E-01
          4025      G      1.689501E-04  -2.516264E-05  -9.018225E-03   2.959720E-04   2.353545E-01  -6.862571E-05
          4026      G      2.053203E-04  -2.310060E-05  -5.198298E-03   1.877408E-05   2.315786E-02  -3.762247E-03
          4027      G     -6.200136E-06   3.146022E-05  -1.565196E-03  -2.271195E-02  -9.858601E-06  -9.504520E-05
          4028      G     -2.577674E-05  -5.450717E-05  -1.554282E-03  -3.456354E-03  -9.066542E-03  -1.282617E-02
          4029      G     -3.601022E-05   1.402035E-05  -9.140581E-04  -1.634041E-02  -2.634439E-02   3.657774E-02
          4030      G     -4.657153E-06  -4.014696E-05  -9.575775E-03  -2.734566E-01   3.241106E-04  -3.921571E-05
          4031      G     -4.068434E-05  -2.719735E-05  -8.988279E-03  -2.574359E-01  -3.715716E-02   2.484861E-04
          4032      G     -7.884846E-05  -3.732665E-05  -7.521979E-03  -2.260953E-01  -6.621163E-02   7.118837E-04
          4033      G     -3.219534E-05  -4.120558E-06  -6.428947E-04  -1.162467E-02   6.607780E-03   9.393306E-02
          4034      G     -1.237096E-05   7.538634E-05  -7.371027E-04  -2.332989E-02  -6.005530E-03   1.545347E-01
          4035      G     -1.180682E-04  -1.207569E-05  -5.410569E-03  -1.590940E-01  -8.397976E-02   1.684644E-03
          4036      G     -1.623527E-04   4.828387E-05  -3.638321E-03  -7.180889E-02  -3.293944E-02   3.952765E-01
          4037      G      1.331534E-05  -5.254453E-05  -1.554210E-03  -3.453605E-03   9.181494E-03   1.305221E-02
1                                                       **STUDENT EDITION*    APRIL  18, 2026  MSC Nastran  3/ 3/26   PAGE    21
     DEFAULT                                                                                                                        
0                                                                                                            SUBCASE 1              
      EIGENVALUE =  1.479298E+06
          CYCLES =  1.935744E+02         R E A L   E I G E N V E C T O R   N O .          1
 
      POINT ID.   TYPE          T1             T2             T3             R1             R2             R3
          4038      G      2.335868E-05   1.803628E-05  -9.099394E-04  -1.635679E-02   2.635315E-02  -3.587369E-02
          4039      G      3.147766E-05  -2.511389E-05  -8.983153E-03  -2.571500E-01   3.698235E-02  -3.262740E-04
          4040      G      6.972476E-05  -3.332109E-05  -7.521582E-03  -2.263462E-01   6.608541E-02  -7.941932E-04
          4041      G      1.920064E-05   1.770984E-06  -6.434532E-04  -1.202584E-02  -6.632885E-03  -9.174764E-02
          4042      G     -1.360178E-06   8.202090E-05  -7.369130E-04  -2.399369E-02   6.405183E-03  -1.497821E-01
          4043      G      1.087710E-04  -6.129580E-06  -5.416094E-03  -1.587962E-01   8.357839E-02  -1.785402E-03
          4044      G      1.533481E-04   5.689003E-05  -3.652738E-03  -7.195954E-02   3.346771E-02  -3.882022E-01
1                                                       **STUDENT EDITION*    APRIL  18, 2026  MSC Nastran  3/ 3/26   PAGE    22
     DEFAULT                                                                                                                        
0                                                                                                            SUBCASE 1              
      EIGENVALUE =  2.101240E+06
          CYCLES =  2.307055E+02         R E A L   E I G E N V E C T O R   N O .          2
 
      POINT ID.   TYPE          T1             T2             T3             R1             R2             R3
             1      G      0.0            0.0            0.0            0.0            0.0            0.0
             2      G      0.0            0.0            0.0            0.0            0.0            0.0
             3      G      0.0            0.0            0.0            0.0            0.0            0.0
             4      G      0.0            0.0            0.0            0.0            0.0            0.0
             5      G      0.0            0.0            0.0            0.0            0.0            0.0
             6      G      0.0            0.0            0.0            0.0            0.0            0.0
             7      G      0.0            0.0            0.0            0.0            0.0            0.0
             8      G      0.0            0.0            0.0            0.0            0.0            0.0
            10      G      6.726943E-06   8.140173E-05   2.188000E-04   1.108311E-04   1.045266E-04  -6.982482E-03
            11      G      6.184593E-06  -8.141316E-05   2.187641E-04  -1.107646E-04   1.028092E-04   6.948611E-03
            12      G      3.043229E-05  -2.024989E-06   1.784250E-04   1.511797E-04   1.181531E-04  -5.866314E-04
            13      G      2.966433E-05   1.934170E-06   1.781928E-04  -1.507287E-04   1.152153E-04   5.355756E-04
            14      G     -3.041004E-05  -2.000786E-06   1.783674E-04   1.506073E-04  -1.182127E-04   6.107805E-04
            15      G     -3.005767E-05   1.956160E-06   1.789943E-04  -1.513929E-04  -1.174382E-04  -5.701375E-04
            16      G     -6.845500E-06   7.983605E-05   2.186587E-04   1.152371E-04  -1.041643E-04   6.928765E-03
            17      G     -5.681295E-06  -7.966930E-05   2.187742E-04  -1.193553E-04  -9.949323E-05  -6.815092E-03
           100      G     -2.754870E-04  -8.302978E-05   2.710268E-02  -6.508133E-01   2.042243E-01  -7.312753E-03
           101      G     -5.571768E-04  -1.807100E-07   4.885037E-02  -3.512340E-05   1.023579E-01  -3.979297E-05
           102      G     -1.329083E-04   8.346145E-05   3.334681E-02  -8.163215E-01   1.683819E-01  -5.798594E-04
           103      G     -3.659414E-04   5.446433E-08   5.944363E-02   5.070591E-06   3.808601E-01   1.191166E-06
           104      G      2.545348E-07  -2.275387E-04   3.753006E-02  -8.839192E-01   5.405799E-05  -2.978902E-06
           105      G      3.647179E-07   1.622876E-07   6.792068E-02   5.545856E-06   7.695689E-05  -1.853650E-06
           106      G     -3.433370E-05  -8.759574E-06   1.823370E-04  -1.513929E-04  -1.174382E-04  -5.701375E-04
           107      G     -3.433370E-05   6.455972E-06   1.792029E-04  -1.513929E-04  -1.174382E-04  -5.701375E-04
           108      G     -1.061390E-07   1.729745E-04   1.016010E-03   1.638972E-02   4.403695E-07   5.404407E-05
           109      G     -5.679449E-05  -1.307825E-04   2.204156E-04  -1.193553E-04  -9.949323E-05  -6.815092E-03
           110      G     -5.648263E-04  -7.120776E-04   4.751758E-03  -7.360274E-02   8.898801E-02   9.053842E-02
           111      G     -5.679449E-05   5.961415E-05   2.176360E-04  -1.193553E-04  -9.949323E-05  -6.815092E-03
           112      G     -3.496434E-04  -2.586889E-05   1.557550E-02  -3.767218E-01   4.309228E-01  -1.073516E-02
           113      G     -6.586612E-04  -2.042581E-06   6.698190E-03   1.060948E-04   1.172790E-01  -6.623531E-04
           114      G     -9.324913E-04  -1.014384E-06   2.797671E-02  -1.583889E-04   8.717348E-01   1.077945E-04
           115      G      2.763756E-04  -8.281478E-05   2.710789E-02  -6.509407E-01  -2.040391E-01   7.355662E-03
           116      G      5.579944E-04   1.397597E-07   4.885330E-02  -6.658142E-06  -1.021969E-01   9.182249E-08
           117      G      1.335320E-04   8.369120E-05   3.334882E-02  -8.163802E-01  -1.682869E-01   5.863401E-04
           118      G      3.667457E-04   1.386491E-07   5.944501E-02   1.966017E-07  -3.808152E-01   6.842460E-07
           119      G      3.368114E-05  -8.131973E-06   1.814888E-04  -1.507287E-04   1.152153E-04   5.355756E-04
           120      G      3.368114E-05   6.161202E-06   1.784140E-04  -1.507287E-04   1.152153E-04   5.355756E-04
           121      G      5.829918E-05  -1.335277E-04   2.203659E-04  -1.107646E-04   1.028092E-04   6.948611E-03
           122      G      5.652941E-04  -7.111633E-04   4.764475E-03  -7.373413E-02  -8.870080E-02  -9.111440E-02
           123      G      5.829918E-05   6.059908E-05   2.174937E-04  -1.107646E-04   1.028092E-04   6.948611E-03
           124      G      3.504297E-04  -2.584448E-05   1.558477E-02  -3.769167E-01  -4.308639E-01   1.072526E-02
           125      G      6.592326E-04   1.749498E-08   6.703586E-03   1.450996E-05  -1.170857E-01   3.621827E-06
           126      G      9.333729E-04   4.214421E-08   2.798066E-02  -1.713810E-05  -8.717671E-01   2.903604E-06
           127      G     -2.762142E-04   8.256423E-05   2.710627E-02   6.506864E-01   2.040190E-01   7.309778E-03
           128      G     -1.332925E-04  -8.326237E-05   3.334806E-02   8.162192E-01   1.683847E-01   5.699702E-04
           129      G      1.566529E-07   2.277197E-04   3.753083E-02   8.838569E-01   2.893642E-05  -4.618747E-06
           130      G     -3.499090E-05   9.478832E-06   1.817188E-04   1.506073E-04  -1.182127E-04   6.107805E-04
           131      G     -3.499090E-05  -6.821373E-06   1.785640E-04   1.506073E-04  -1.182127E-04   6.107805E-04
           132      G     -4.438749E-08  -1.728887E-04   1.015526E-03  -1.638921E-02   1.442412E-05  -1.305207E-05
           133      G     -5.881124E-05   1.318018E-04   2.203042E-04   1.152371E-04  -1.041643E-04   6.928765E-03
1                                                       **STUDENT EDITION*    APRIL  18, 2026  MSC Nastran  3/ 3/26   PAGE    23
     DEFAULT                                                                                                                        
0                                                                                                            SUBCASE 1              
      EIGENVALUE =  2.101240E+06
          CYCLES =  2.307055E+02         R E A L   E I G E N V E C T O R   N O .          2
 
      POINT ID.   TYPE          T1             T2             T3             R1             R2             R3
           134      G     -5.651403E-04   7.073605E-04   4.757064E-03   7.345464E-02   8.889713E-02  -9.123123E-02
           135      G     -5.881124E-05  -6.177059E-05   2.173941E-04   1.152371E-04  -1.041643E-04   6.928765E-03
           136      G     -3.503540E-04   2.493866E-05   1.558216E-02   3.767756E-01   4.309976E-01   1.068535E-02
           137      G      2.766033E-04   8.287012E-05   2.710855E-02   6.508176E-01  -2.040373E-01  -7.325405E-03
           138      G      1.335848E-04  -8.327561E-05   3.334951E-02   8.162874E-01  -1.682861E-01  -5.784518E-04
           139      G      3.483203E-05   9.000748E-06   1.817795E-04   1.511797E-04   1.181531E-04  -5.866314E-04
           140      G      3.483203E-05  -6.654979E-06   1.786263E-04   1.511797E-04   1.181531E-04  -5.866314E-04
           141      G      5.909556E-05   1.337703E-04   2.204152E-04   1.108311E-04   1.045266E-04  -6.982482E-03
           142      G      5.657716E-04   7.110480E-04   4.763905E-03   7.369548E-02  -8.876616E-02   9.108565E-02
           143      G      5.909556E-05  -6.130277E-05   2.174950E-04   1.108311E-04   1.045266E-04  -6.982482E-03
           144      G      3.508134E-04   2.599093E-05   1.558520E-02   3.768664E-01  -4.308725E-01  -1.071909E-02
           200      G     -5.992852E-05  -1.270228E-04   2.204156E-04  -1.193553E-04  -9.949323E-05  -6.815092E-03
           201      G     -5.992852E-05   6.337384E-05   2.176360E-04  -1.193553E-04  -9.949323E-05  -6.815092E-03
           202      G     -3.803300E-05  -3.990696E-06   1.823370E-04  -1.513929E-04  -1.174382E-04  -5.701375E-04
           203      G     -3.803300E-05   1.122485E-05   1.792029E-04  -1.513929E-04  -1.174382E-04  -5.701375E-04
           204      G     -9.429641E-07   3.365211E-05   1.378945E-03  -1.089743E-03  -1.178477E-04   2.947269E-04
           205      G     -2.183716E-04  -1.065973E-04   4.935490E-03  -8.038306E-02   3.292198E-02   1.756718E-02
           206      G     -2.011051E-04  -1.504014E-05   6.825590E-03  -3.423052E-03   4.047574E-02  -5.330295E-03
           207      G      6.153767E-05  -1.300387E-04   2.203659E-04  -1.107646E-04   1.028092E-04   6.948611E-03
           208      G      6.153767E-05   6.408817E-05   2.174937E-04  -1.107646E-04   1.028092E-04   6.948611E-03
           209      G      3.731042E-05  -3.384020E-06   1.814888E-04  -1.507287E-04   1.152153E-04   5.355756E-04
           210      G      3.731042E-05   1.090916E-05   1.784140E-04  -1.507287E-04   1.152153E-04   5.355756E-04
           211      G      2.108539E-04  -1.137802E-04   4.952547E-03  -6.739905E-02  -3.068711E-02  -2.405352E-02
           212      G      2.019918E-04  -2.597893E-07   6.829575E-03  -6.784969E-05  -3.827774E-02  -1.730922E-05
           213      G     -6.209241E-05   1.281718E-04   2.203042E-04   1.152371E-04  -1.041643E-04   6.928765E-03
           214      G     -6.209241E-05  -6.540056E-05   2.173941E-04   1.152371E-04  -1.041643E-04   6.928765E-03
           215      G     -3.871460E-05   4.734703E-06   1.817188E-04   1.506073E-04  -1.182127E-04   6.107805E-04
           216      G     -3.871460E-05  -1.156550E-05   1.785640E-04   1.506073E-04  -1.182127E-04   6.107805E-04
           217      G     -1.302346E-07  -3.376389E-05   1.378473E-03   9.535755E-04   5.458126E-05  -3.542594E-06
           218      G     -2.189344E-04   1.039246E-04   4.946815E-03   6.815588E-02   3.271977E-02  -2.528389E-02
           219      G      6.238815E-05   1.302792E-04   2.204152E-04   1.108311E-04   1.045266E-04  -6.982482E-03
           220      G      6.238815E-05  -6.479395E-05   2.174950E-04   1.108311E-04   1.045266E-04  -6.982482E-03
           221      G      3.855385E-05   4.238587E-06   1.817795E-04   1.511797E-04   1.181531E-04  -5.866314E-04
           222      G      3.855385E-05  -1.141714E-05   1.786263E-04   1.511797E-04   1.181531E-04  -5.866314E-04
           223      G      2.114239E-04   1.134255E-04   4.951864E-03   6.730032E-02  -3.061290E-02   2.401610E-02
           224      G     -1.055977E-04  -4.958616E-05   1.457067E-02  -3.346680E-01   8.489658E-02  -2.138536E-03
           225      G     -2.049429E-04  -1.530849E-06   2.551427E-02  -4.453884E-04   4.052653E-02  -1.365772E-04
           226      G     -4.629929E-05   1.974713E-05   1.734989E-02  -4.104422E-01   8.168884E-02   7.606404E-05
           227      G     -1.464811E-04  -3.840174E-07   3.024438E-02  -4.003359E-05   1.712250E-01   4.104154E-06
           228      G     -2.327920E-06  -1.252094E-04   1.969088E-02  -4.197324E-01   1.372244E-03  -9.053198E-05
           229      G     -3.879077E-06  -1.111317E-07   3.419952E-02  -6.630745E-05   1.495639E-03  -6.902385E-06
           230      G     -1.378734E-04  -2.615932E-05   9.588853E-03  -2.144752E-01   1.821665E-01  -2.079336E-03
           231      G     -3.290418E-04  -1.305421E-06   1.625320E-02  -3.360257E-03   3.792785E-01   9.700269E-04
           232      G      9.849099E-05  -5.361432E-05   1.483502E-02  -3.417108E-01  -8.623605E-02   2.193210E-03
           233      G      2.017462E-04   2.041681E-09   2.607877E-02   1.434420E-05  -3.796295E-02  -1.800971E-06
           234      G      4.138856E-05   2.042145E-05   1.750042E-02  -4.141794E-01  -7.550447E-02  -8.372810E-05
           235      G      1.379727E-04   2.289525E-09   3.053440E-02   4.973987E-08  -1.598243E-01   1.064438E-06
           236      G      1.401221E-04  -2.345459E-05   9.720727E-03  -2.127627E-01  -1.985321E-01   1.867285E-03
           237      G      2.894429E-04  -5.589764E-08   1.653029E-02  -1.677668E-05  -4.264211E-01   8.984533E-06
           238      G     -1.076131E-04   4.747633E-05   1.456013E-02   3.305030E-01   8.342986E-02   2.174257E-03
1                                                       **STUDENT EDITION*    APRIL  18, 2026  MSC Nastran  3/ 3/26   PAGE    24
     DEFAULT                                                                                                                        
0                                                                                                            SUBCASE 1              
      EIGENVALUE =  2.101240E+06
          CYCLES =  2.307055E+02         R E A L   E I G E N V E C T O R   N O .          2
 
      POINT ID.   TYPE          T1             T2             T3             R1             R2             R3
           239      G     -4.752081E-05  -2.025425E-05   1.733403E-02   4.078331E-01   8.245237E-02  -9.552051E-05
           240      G     -3.040653E-06   1.247523E-04   1.968272E-02   4.186968E-01   1.343694E-03   4.118706E-05
           241      G     -1.409566E-04   2.010045E-05   9.609458E-03   2.084360E-01   1.822032E-01   2.061681E-03
           242      G      9.866296E-05   5.344288E-05   1.483132E-02   3.412419E-01  -8.621532E-02  -2.160721E-03
           243      G      4.126690E-05  -2.033898E-05   1.749446E-02   4.134270E-01  -7.532502E-02   8.830230E-05
           244      G      1.405534E-04   2.340873E-05   9.718250E-03   2.124999E-01  -1.984699E-01  -1.860687E-03
           300      G     -5.502510E-04  -2.719527E-05   1.119482E-03  -1.975356E-02   3.100384E-02  -4.839239E-02
           301      G     -2.259692E-04   2.523043E-04   2.040601E-03   6.524119E-02   2.051084E-02   8.747331E-03
           302      G     -4.377599E-05   3.700944E-05   2.042715E-03  -1.483061E-02  -3.825524E-03   1.280330E-02
           303      G     -5.553127E-04  -5.184655E-04   1.012979E-03  -3.977927E-02   5.031330E-02   6.101621E-03
           304      G     -5.200276E-04  -1.536555E-04   9.058180E-04  -6.180673E-02  -1.225522E-02  -1.061383E-03
           305      G     -4.848917E-04  -3.424770E-04   5.363027E-03  -1.217784E-01   3.851169E-03   3.251836E-02
           306      G     -4.331837E-04  -3.867273E-05   7.572730E-03  -1.066932E-02  -6.365341E-03  -1.300033E-02
           307      G      5.755915E-04  -5.779267E-05   1.121546E-03  -2.427559E-02  -3.129632E-02   5.747522E-02
           308      G      1.847889E-04   2.567045E-04   2.062212E-03   7.017034E-02  -1.787402E-02  -7.112741E-03
           309      G      5.958006E-04  -6.078223E-04   1.016421E-03  -2.890035E-02  -7.514131E-02  -9.276191E-03
           310      G      5.428814E-04  -1.659425E-04   9.040898E-04  -6.859847E-02   1.873409E-02  -1.122237E-03
           311      G      5.107778E-04  -3.639951E-04   5.389035E-03  -1.412829E-01  -4.622651E-03  -4.364765E-02
           312      G      4.480002E-04  -8.545174E-07   7.585354E-03  -4.311132E-05   5.982985E-03   9.856820E-05
           313      G     -5.994947E-04   6.165751E-05   1.119381E-03   2.302609E-02   3.123092E-02   5.619838E-02
           314      G     -2.181410E-04  -2.479715E-04   2.063478E-03  -7.128475E-02   1.952967E-02  -9.289078E-03
           315      G      3.504320E-07  -5.547385E-06   2.041916E-03   1.741114E-02   1.337647E-05  -8.945594E-05
           316      G     -6.137069E-04   5.885574E-04   1.016625E-03   2.838801E-02   7.498088E-02  -1.045804E-02
           317      G     -5.623884E-04   1.579436E-04   9.036479E-04   6.773519E-02  -1.856518E-02  -2.047769E-03
           318      G     -5.188430E-04   3.385085E-04   5.387006E-03   1.428377E-01   6.219384E-03  -4.702265E-02
           319      G      5.984746E-04   6.514441E-05   1.119327E-03   2.328043E-02  -3.123247E-02  -5.639650E-02
           320      G      2.183429E-04  -2.476117E-04   2.063365E-03  -7.131933E-02  -1.946018E-02   9.103614E-03
           321      G      6.117344E-04   6.067788E-04   1.015598E-03   2.883280E-02  -7.502196E-02   9.708732E-03
           322      G      5.601863E-04   1.690368E-04   9.028714E-04   6.790416E-02   1.851161E-02   1.850513E-03
           323      G      5.196858E-04   3.626110E-04   5.388863E-03   1.411292E-01  -5.428859E-03   4.387839E-02
           324      G     -2.717353E-04   4.926453E-05  -7.749620E-03   1.916051E-01  -1.692542E-01   1.587130E-02
           325      G     -2.136347E-04   1.671611E-05  -1.279211E-02   9.528990E-04  -1.749241E-02  -3.528723E-04
           326      G     -1.766796E-04   4.969201E-06  -1.255061E-02   2.809148E-01  -9.659590E-02  -1.220313E-04
           327      G     -2.613414E-05   1.626159E-05  -1.940497E-02  -7.874374E-04  -2.364806E-01   4.565468E-05
           328      G      1.065541E-05   1.866784E-04  -1.436251E-02   3.746614E-01   2.999208E-04  -2.080045E-03
           329      G      1.055770E-05   1.531688E-05  -2.402315E-02   5.738522E-04  -5.419128E-04   2.689180E-04
           330      G     -4.493418E-04  -9.659742E-05  -4.670090E-04   5.023973E-02  -2.436660E-01  -1.721778E-03
           331      G     -2.141150E-04   9.996498E-06  -2.617208E-03  -3.734244E-03  -3.973686E-01   1.898511E-03
           332      G      2.858995E-04   3.127032E-05  -7.725499E-03   1.925062E-01   1.785305E-01  -1.795912E-02
           333      G      2.341927E-04   4.849341E-06  -1.283594E-02  -4.743740E-04   1.644722E-02   1.587220E-04
           334      G      1.939221E-04  -1.777955E-05  -1.257956E-02   2.775435E-01   9.254263E-02   6.503089E-04
           335      G      4.664470E-05   9.840128E-06  -1.942042E-02  -1.879597E-04   2.358530E-01   1.588233E-04
           336      G      4.807998E-04  -1.193197E-04  -4.060666E-04   4.769057E-02   2.372330E-01   1.716140E-03
           337      G      2.305939E-04   1.374813E-06  -2.660896E-03  -4.480227E-04   3.986914E-01   1.012441E-04
           338      G     -2.872938E-04  -2.203862E-05  -7.764160E-03  -1.933426E-01  -1.778810E-01  -1.829005E-02
           339      G     -1.873697E-04   3.616597E-05  -1.260637E-02  -2.775434E-01  -9.198265E-02   1.924006E-04
           340      G      5.980734E-06  -1.620918E-04  -1.437029E-02  -3.771920E-01  -2.571824E-04  -2.076750E-04
           341      G     -4.877167E-04   1.122836E-04  -4.134682E-04  -4.702153E-02  -2.398488E-01   1.195631E-03
           342      G      2.954805E-04  -2.383801E-05  -7.735300E-03  -1.924307E-01   1.785293E-01   1.802947E-02
           343      G      1.986495E-04   3.373815E-05  -1.260087E-02  -2.775377E-01   9.291490E-02  -2.939624E-04
1                                                       **STUDENT EDITION*    APRIL  18, 2026  MSC Nastran  3/ 3/26   PAGE    25
     DEFAULT                                                                                                                        
0                                                                                                            SUBCASE 1              
      EIGENVALUE =  2.101240E+06
          CYCLES =  2.307055E+02         R E A L   E I G E N V E C T O R   N O .          2
 
      POINT ID.   TYPE          T1             T2             T3             R1             R2             R3
           344      G      4.907346E-04   1.218582E-04  -4.065749E-04  -4.744729E-02   2.378567E-01  -1.536342E-03
           400      G     -1.003685E-03  -4.520889E-03   2.762411E-03  -9.555573E-01   3.979436E-02   2.675606E-01
           401      G     -1.112519E-03  -1.672885E-02   3.915642E-03  -2.714623E+00  -1.972577E-01  -4.730755E-02
           402      G     -3.527465E-06  -4.773179E-03   4.263069E-03  -1.213274E+00   7.503872E-04   6.291859E-04
           403      G     -3.025048E-04  -2.522579E-04   6.518270E-04  -7.081445E-02   1.904309E-02  -4.315491E-02
           404      G     -1.617297E-03   9.694489E-04   1.187641E-03  -2.262689E-01  -6.927586E-01  -9.214845E-03
           405      G     -1.515354E-02  -1.087619E-03   7.560037E-03   1.665071E+00   2.717922E+00  -2.213169E-01
           406      G     -1.634264E-02   1.842205E-06   1.078607E-02   9.140763E-05   3.452871E+00  -1.302475E-03
           407      G      9.946580E-04  -4.525320E-03   2.774810E-03  -9.560072E-01  -3.997384E-02  -2.677121E-01
           408      G      1.103393E-03  -1.673174E-02   3.938702E-03  -2.714967E+00   1.972387E-01   4.785173E-02
           409      G      2.966465E-04  -2.676002E-04   6.526756E-04  -7.458704E-02  -1.669685E-02   4.174461E-02
           410      G      1.615580E-03   9.628714E-04   1.191708E-03  -2.265291E-01   6.917898E-01   1.048347E-02
           411      G      1.515375E-02  -1.098091E-03   7.593053E-03   1.666072E+00  -2.718437E+00   2.198853E-01
           412      G      1.634347E-02  -9.314606E-07   1.080472E-02   1.502597E-05  -3.453211E+00   7.235496E-05
           413      G     -1.006538E-03   4.530679E-03   2.773279E-03   9.562055E-01   4.007591E-02  -2.678407E-01
           414      G     -1.113334E-03   1.673927E-02   3.937591E-03   2.715398E+00  -1.971572E-01   4.782476E-02
           415      G     -4.453917E-07   4.782368E-03   4.271231E-03   1.213946E+00  -4.005327E-06  -2.545070E-05
           416      G     -3.097074E-04   2.589694E-04   6.535174E-04   7.442246E-02   1.669970E-02   4.145605E-02
           417      G     -1.628225E-03  -9.641784E-04   1.190192E-03   2.264485E-01  -6.917024E-01   1.022220E-02
           418      G     -1.515780E-02   1.090594E-03   7.589875E-03  -1.666500E+00   2.718678E+00   2.196559E-01
           419      G      1.005072E-03   4.529783E-03   2.772448E-03   9.562598E-01  -4.009063E-02   2.677581E-01
           420      G      1.112267E-03   1.673885E-02   3.937203E-03   2.715451E+00   1.971428E-01  -4.786861E-02
           421      G      3.070864E-04   2.651415E-04   6.503629E-04   7.476366E-02  -1.695497E-02  -4.159168E-02
           422      G      1.626216E-03  -9.618533E-04   1.189030E-03   2.268997E-01   6.917789E-01  -1.034102E-02
           423      G      1.515774E-02   1.096101E-03   7.592633E-03  -1.666070E+00  -2.718703E+00  -2.197189E-01
           424      G     -4.952516E-03  -6.509921E-03   8.673665E-01  -2.150906E+01   8.239764E+00  -2.553119E-01
           425      G     -1.474702E-02   4.811700E-06   1.580210E+00   2.708841E-04   3.205087E+00  -5.243312E-05
           426      G     -1.941820E-03  -2.220689E-03   1.122958E+00  -2.719797E+01   6.605802E+00   2.172527E-02
           427      G     -1.087660E-02   5.372625E-06   1.988630E+00   2.996515E-04   1.499363E+01   3.224222E-06
           428      G     -9.804414E-07  -1.490673E-02   1.273020E+00  -3.176301E+01   4.311260E-04  -1.041421E-04
           429      G      2.711238E-07   4.928714E-06   2.325013E+00   3.513827E-04  -1.293788E-04   3.372342E-05
           430      G     -7.472437E-03  -6.240003E-04   4.166173E-01  -1.047788E+01   1.602937E+01  -8.655000E-02
           431      G     -2.478217E-02   3.872187E-06   7.983526E-01  -1.087914E-03   3.120137E+01   2.357359E-04
           432      G      4.951986E-03  -6.513945E-03   8.673880E-01  -2.150953E+01  -8.240413E+00   2.555082E-01
           433      G      1.474793E-02   2.534507E-06   1.580242E+00   1.575606E-04  -3.205394E+00   4.675497E-05
           434      G      1.940608E-03  -2.222176E-03   1.122981E+00  -2.719780E+01  -6.605346E+00  -2.163213E-02
           435      G      1.087698E-02   3.968645E-06   1.988647E+00   2.829372E-04  -1.499291E+01   4.156026E-05
           436      G      7.471169E-03  -6.302642E-04   4.166450E-01  -1.047924E+01  -1.602842E+01   8.662700E-02
           437      G      2.478376E-02   8.007323E-07   7.983809E-01   6.121886E-05  -3.120189E+01   5.933813E-05
           438      G     -4.954268E-03   6.519783E-03   8.673716E-01   2.150897E+01   8.239992E+00   2.553546E-01
           439      G     -1.941877E-03   2.231252E-03   1.122969E+00   2.719756E+01   6.605783E+00  -2.172965E-02
           440      G      2.800575E-07   1.491655E-02   1.273023E+00   3.176302E+01   2.424456E-05  -1.134897E-05
           441      G     -7.474347E-03   6.317502E-04   4.166418E-01   1.047936E+01   1.602800E+01   8.642466E-02
           442      G      4.955067E-03   6.518709E-03   8.673855E-01   2.150968E+01  -8.240337E+00  -2.553685E-01
           443      G      1.942539E-03   2.230324E-03   1.122978E+00   2.719791E+01  -6.605436E+00   2.173126E-02
           444      G      7.474963E-03   6.315832E-04   4.166456E-01   1.047926E+01  -1.602833E+01  -8.650455E-02
           445      G     -3.606311E-04   1.736886E-03   9.046474E-04  -9.106919E-02   7.310767E-02  -4.833892E-02
           446      G      9.665916E-05   4.828180E-04   1.328857E-03  -1.954508E-01  -6.738549E-03   7.545582E-02
           447      G     -2.220205E-07   1.354371E-04   2.402385E-03  -3.156053E-01   7.027482E-02  -1.606523E-02
           448      G      1.499962E-04  -8.823297E-05   3.896611E-03  -1.519645E-01   2.326548E-02   3.528184E-02
1                                                       **STUDENT EDITION*    APRIL  18, 2026  MSC Nastran  3/ 3/26   PAGE    26
     DEFAULT                                                                                                                        
0                                                                                                            SUBCASE 1              
      EIGENVALUE =  2.101240E+06
          CYCLES =  2.307055E+02         R E A L   E I G E N V E C T O R   N O .          2
 
      POINT ID.   TYPE          T1             T2             T3             R1             R2             R3
           449      G     -9.671242E-07  -2.711167E-05   4.060231E-03  -4.361381E-01   2.700760E-04   2.762733E-04
           450      G      7.352562E-04   1.438134E-03   6.330552E-03  -1.677561E-01   5.211407E-01  -8.901305E-02
           451      G      1.022925E-03   4.460175E-06   9.350270E-03  -5.673259E-04   6.603864E-01  -4.606923E-04
           452      G      3.545004E-04   1.739034E-03   9.067359E-04  -9.076140E-02  -7.352373E-02   4.862779E-02
           453      G     -1.049675E-04   4.817818E-04   1.334955E-03  -1.958012E-01   6.589710E-03  -7.585604E-02
           454      G     -6.741377E-06   1.347330E-04   2.416767E-03  -3.161705E-01  -7.050087E-02   1.593026E-02
           455      G     -1.542560E-04  -8.851024E-05   3.909941E-03  -1.522684E-01  -2.296451E-02  -3.515363E-02
           456      G     -7.415725E-04   1.436084E-03   6.359827E-03  -1.682758E-01  -5.209409E-01   8.882166E-02
           457      G     -1.028137E-03  -1.349914E-06   9.371130E-03   3.238752E-07  -6.608331E-01   3.518924E-05
           458      G     -3.630305E-04  -1.739224E-03   9.075778E-04   9.056161E-02   7.351644E-02   4.873321E-02
           459      G      9.696979E-05  -4.802232E-04   1.334270E-03   1.958225E-01  -6.709203E-03  -7.575618E-02
           460      G      3.042805E-07  -1.328120E-04   2.415547E-03   3.164338E-01   7.054132E-02   1.602882E-02
           461      G      1.503326E-04   9.048871E-05   3.912822E-03   1.527697E-01   2.319413E-02  -3.525353E-02
           462      G     -1.129172E-06   2.880923E-05   4.070874E-03   4.369900E-01  -1.251010E-05   6.452023E-06
           463      G      7.360897E-04  -1.434331E-03   6.354243E-03   1.680752E-01   5.204810E-01   8.865071E-02
           464      G      3.600786E-04  -1.742322E-03   9.039161E-04   9.076087E-02  -7.355012E-02  -4.861212E-02
           465      G     -9.964716E-05  -4.830145E-04   1.332451E-03   1.959164E-01   6.634943E-03   7.579032E-02
           466      G     -2.705377E-06  -1.344989E-04   2.414645E-03   3.164911E-01  -7.055730E-02  -1.601266E-02
           467      G     -1.526251E-04   8.971495E-05   3.912297E-03   1.527960E-01  -2.321171E-02   3.526814E-02
           468      G     -7.398277E-04  -1.439026E-03   6.359144E-03   1.683225E-01  -5.209632E-01  -8.875580E-02
           469      G      2.823199E-04   1.254816E-03   3.182343E-03  -8.244561E-02   2.919998E-01   5.495981E-02
           470      G      2.347017E-04   5.233371E-04   9.526871E-03  -4.412705E-01   1.811404E-01   1.319273E-03
           471      G      2.340786E-04   8.536816E-05   1.391146E-02  -5.568533E-01   1.267435E-01   1.421776E-02
           472      G      1.075513E-04  -1.056717E-05   1.630175E-02  -7.025747E-01   8.230769E-02  -4.272330E-03
           473      G     -2.692344E-06  -1.990528E-05   1.800643E-02  -6.497917E-01   3.522602E-04  -8.951689E-05
           474      G      5.411615E-04   3.078710E-04   1.902686E-02  -3.287696E-01   3.859889E-01   2.976956E-02
           475      G      3.818406E-04   8.674526E-05   2.826674E-02  -5.873681E-01   2.716542E-01   2.852699E-03
           476      G      1.914695E-04  -6.695666E-06   3.339690E-02  -6.708308E-01   1.233146E-01   3.507109E-03
           477      G     -2.928765E-06  -5.324438E-06   3.515168E-02  -7.099179E-01   4.193881E-04   1.068536E-05
           478      G      6.132350E-04   5.478701E-04   8.701855E-03  -5.581353E-02   5.865608E-01   2.156003E-02
           479      G      7.723838E-04   2.328315E-04   2.541405E-02  -2.358973E-01   5.978387E-01   3.326431E-03
           480      G      4.967094E-04   3.242133E-05   3.885897E-02  -3.345242E-01   3.609227E-01   4.386903E-03
           481      G      2.494776E-04   2.258672E-06   4.596614E-02  -4.154111E-01   1.774178E-01   1.052722E-03
           482      G      7.754347E-04   1.484502E-06   2.784902E-02  -2.049653E-04   6.042257E-01   1.212782E-04
           483      G      5.622914E-04   1.383523E-06   4.255963E-02  -3.726673E-04   4.335974E-01  -5.275335E-06
           484      G      2.716996E-04   1.188509E-06   5.073096E-02  -3.121670E-04   1.868919E-01   1.167876E-05
           485      G     -2.860446E-06  -5.734549E-06   4.837100E-02  -4.284005E-01   3.840539E-04   5.645015E-06
           486      G     -2.624070E-06   1.046368E-06   5.328123E-02  -2.512787E-04   3.279834E-04   1.144245E-05
           487      G     -2.890808E-04   1.254663E-03   3.193603E-03  -8.333069E-02  -2.921598E-01  -5.507453E-02
           488      G     -2.415280E-04   5.223266E-04   9.544689E-03  -4.418548E-01  -1.815376E-01  -1.235721E-03
           489      G     -2.402953E-04   8.491989E-05   1.393752E-02  -5.573361E-01  -1.267746E-01  -1.418427E-02
           490      G     -1.130623E-04  -1.044956E-05   1.632081E-02  -7.028548E-01  -8.174150E-02   4.247461E-03
           491      G     -5.476277E-04   3.065905E-04   1.905719E-02  -3.292352E-01  -3.862271E-01  -2.973480E-02
           492      G     -3.880157E-04   8.610341E-05   2.829955E-02  -5.875062E-01  -2.714813E-01  -2.843458E-03
           493      G     -1.974141E-04  -6.807791E-06   3.341881E-02  -6.708507E-01  -1.226859E-01  -3.504680E-03
           494      G     -6.189158E-04   5.448171E-04   8.732572E-03  -5.546956E-02  -5.866794E-01  -2.143000E-02
           495      G     -7.784873E-04   2.308489E-04   2.544808E-02  -2.357519E-01  -5.979778E-01  -3.318526E-03
           496      G     -5.025721E-04   3.160295E-05   3.889222E-02  -3.344484E-01  -3.606580E-01  -4.357143E-03
           497      G     -2.552303E-04   1.947719E-06   4.598694E-02  -4.153009E-01  -1.767982E-01  -1.035828E-03
           498      G     -7.807148E-04  -5.453160E-07   2.787868E-02  -2.299164E-06  -6.043654E-01   2.269593E-05
1                                                       **STUDENT EDITION*    APRIL  18, 2026  MSC Nastran  3/ 3/26   PAGE    27
     DEFAULT                                                                                                                        
0                                                                                                            SUBCASE 1              
      EIGENVALUE =  2.101240E+06
          CYCLES =  2.307055E+02         R E A L   E I G E N V E C T O R   N O .          2
 
      POINT ID.   TYPE          T1             T2             T3             R1             R2             R3
           499      G     -5.675593E-04   2.270190E-07   4.258815E-02  -4.253144E-05  -4.333624E-01   2.057938E-05
           500      G     -2.769474E-04   7.451063E-07   5.074857E-02  -1.304730E-04  -1.863909E-01   1.521130E-05
           501      G      2.824818E-04  -1.253933E-03   3.191288E-03   8.325160E-02   2.919452E-01  -5.513395E-02
           502      G      2.354918E-04  -5.206589E-04   9.540297E-03   4.415450E-01   1.815678E-01  -1.299655E-03
           503      G      2.347944E-04  -8.268282E-05   1.393629E-02   5.570894E-01   1.269434E-01  -1.421975E-02
           504      G      1.082710E-04   1.281581E-05   1.632821E-02   7.027671E-01   8.216707E-02   4.275048E-03
           505      G     -1.559991E-06   2.187813E-05   1.802677E-02   6.499277E-01   3.622023E-05   2.071344E-05
           506      G      5.422353E-04  -3.049964E-04   1.904517E-02   3.289026E-01   3.861897E-01  -2.972883E-02
           507      G      3.827857E-04  -8.399095E-05   2.829039E-02   5.870505E-01   2.717329E-01  -2.851368E-03
           508      G      1.923148E-04   9.063099E-06   3.342093E-02   6.705063E-01   1.231871E-01  -3.500217E-03
           509      G     -1.958073E-06   7.420818E-06   3.517017E-02   7.096944E-01   1.302590E-04   1.667123E-05
           510      G      6.135407E-04  -5.433086E-04   8.721261E-03   5.510037E-02   5.862354E-01  -2.135921E-02
           511      G      7.733685E-04  -2.291817E-04   2.542731E-02   2.351765E-01   5.978561E-01  -3.343661E-03
           512      G      4.973287E-04  -2.982402E-05   3.887337E-02   3.340122E-01   3.609044E-01  -4.356296E-03
           513      G      2.500150E-04   1.669854E-07   4.597984E-02   4.148236E-01   1.773394E-01  -1.037706E-03
           514      G     -2.312605E-06   7.825519E-06   4.838169E-02   4.279612E-01   2.293780E-04   1.441056E-05
           515      G     -2.857441E-04  -1.257728E-03   3.191599E-03   8.339345E-02  -2.921856E-01   5.515911E-02
           516      G     -2.385171E-04  -5.234650E-04   9.544041E-03   4.419069E-01  -1.815639E-01   1.327491E-03
           517      G     -2.379186E-04  -8.436375E-05   1.393974E-02   5.573914E-01  -1.269375E-01   1.425632E-02
           518      G     -1.113871E-04   1.203852E-05   1.633044E-02   7.029649E-01  -8.210826E-02  -4.239178E-03
           519      G     -5.459745E-04  -3.076565E-04   1.905737E-02   3.292445E-01  -3.862527E-01   2.978892E-02
           520      G     -3.865814E-04  -8.556662E-05   2.830245E-02   5.874971E-01  -2.716484E-01   2.883896E-03
           521      G     -1.962126E-04   8.366484E-06   3.342834E-02   6.707570E-01  -1.229788E-01   3.532904E-03
           522      G     -6.181199E-04  -5.476296E-04   8.732463E-03   5.548221E-02  -5.866886E-01   2.148294E-02
           523      G     -7.777465E-04  -2.319209E-04   2.544835E-02   2.357502E-01  -5.980024E-01   3.366188E-03
           524      G     -5.018820E-04  -3.112665E-05   3.889417E-02   3.343878E-01  -3.607528E-01   4.397730E-03
           525      G     -2.546183E-04  -4.331686E-07   4.599267E-02   4.150795E-01  -1.769649E-01   1.066138E-03
          1000      G      1.200488E-06   3.242985E-05   9.511611E-04   1.637516E-02   4.457369E-07   5.959347E-04
          1001      G      1.124308E-05   4.497416E-06   1.837704E-04  -2.360294E-04  -1.148302E-04   2.377036E-02
          1002      G      2.308747E-05  -1.008350E-05   1.848035E-04  -1.878236E-04  -1.213055E-04   2.969331E-02
          1003      G      1.194105E-06  -1.755936E-05   3.700711E-02  -1.348081E+00   3.237035E-05  -2.292346E-06
          1004      G      3.796533E-05  -2.365258E-05   3.369015E-02  -1.186764E+00   1.744004E-01   5.712425E-04
          1005      G      5.680307E-05  -1.651526E-05   2.662625E-02  -9.572969E-01   3.354346E-01   1.312066E-03
          1006      G      9.937776E-07   1.167079E-07   6.792328E-02   5.544725E-06   7.695513E-05  -2.691488E-06
          1007      G      1.030421E-04   1.773507E-08   6.006109E-02  -1.602650E-05   5.845041E-01  -2.896808E-06
          1008      G      2.486530E-04   1.062535E-07   4.885140E-02  -3.512489E-05   1.024038E-01  -4.097643E-06
          1009      G      6.389300E-07   2.566421E-05   2.181809E-04  -9.796656E-05  -1.350507E-04   3.706465E-02
          1010      G     -8.690086E-05  -8.414317E-05   2.184807E-04  -1.462363E-04  -8.527172E-05  -1.190454E-02
          1011      G      9.874943E-05  -3.075994E-05   1.498987E-02  -5.188324E-01   5.069950E-01   2.160502E-03
          1012      G      1.534088E-04   4.973410E-05   5.110248E-03  -7.357719E-02   8.902815E-02  -1.711190E-01
          1013      G      2.494789E-04  -7.643643E-08   2.819262E-02   1.569039E-05   1.301871E+00  -9.120232E-06
          1014      G      2.848328E-04  -2.612733E-07   7.173072E-03   1.060372E-04   1.173150E-01  -6.588338E-04
          1015      G     -8.784081E-06   4.238942E-06   1.829799E-04  -2.355382E-04   1.126337E-04  -2.217514E-02
          1016      G     -2.059552E-05  -9.488509E-06   1.839533E-04  -1.870609E-04   1.191261E-04  -2.808166E-02
          1017      G     -3.563954E-05  -2.354283E-05   3.369234E-02  -1.186829E+00  -1.742742E-01  -5.769067E-04
          1018      G     -5.441018E-05  -1.617385E-05   2.663130E-02  -9.574165E-01  -3.353439E-01  -1.314646E-03
          1019      G     -1.009863E-04   8.903230E-08   6.006246E-02   1.042846E-06  -5.845317E-01  -1.843805E-06
          1020      G     -2.465176E-04   1.944570E-07   4.885434E-02  -6.661066E-06  -1.022428E-01  -1.952014E-06
          1021      G      1.790926E-06   2.692652E-05   2.179962E-04  -8.904797E-05   1.385514E-04  -3.677001E-02
          1022      G      8.995320E-05  -8.528444E-05   2.183876E-04  -1.380281E-04   8.828253E-05   1.256921E-02
1                                                       **STUDENT EDITION*    APRIL  18, 2026  MSC Nastran  3/ 3/26   PAGE    28
     DEFAULT                                                                                                                        
0                                                                                                            SUBCASE 1              
      EIGENVALUE =  2.101240E+06
          CYCLES =  2.307055E+02         R E A L   E I G E N V E C T O R   N O .          2
 
      POINT ID.   TYPE          T1             T2             T3             R1             R2             R3
          1023      G     -9.594291E-05  -3.060807E-05   1.499728E-02  -5.189434E-01  -5.069174E-01  -2.164750E-03
          1024      G     -1.506124E-04   5.030502E-05   5.121810E-03  -7.370856E-02  -8.874100E-02   1.709882E-01
          1025      G     -2.473819E-04   1.963703E-07   2.819622E-02  -1.634293E-05  -1.301951E+00  -1.181588E-06
          1026      G     -2.826861E-04   2.783852E-07   7.177702E-03   1.451262E-05  -1.171218E-01   1.854684E-04
          1027      G      7.553646E-07  -3.234884E-05   9.506800E-04  -1.637464E-02   1.442831E-05  -3.272009E-04
          1028      G      1.066147E-05  -4.829921E-06   1.831282E-04   2.351403E-04  -1.156023E-04  -2.385173E-02
          1029      G      2.234853E-05   1.073940E-05   1.841831E-04   1.873202E-04  -1.220827E-04  -2.969626E-02
          1030      G      8.571692E-07   1.752872E-05   3.700815E-02   1.348077E+00   1.218956E-05  -8.446196E-07
          1031      G      3.749931E-05   2.385571E-05   3.369222E-02   1.186782E+00   1.743470E-01  -5.762431E-04
          1032      G      5.624359E-05   1.633054E-05   2.662972E-02   9.573285E-01   3.353862E-01  -1.316494E-03
          1033      G     -1.388546E-07  -2.702116E-05   2.179119E-04   9.342811E-05  -1.399194E-04  -3.784073E-02
          1034      G     -8.840022E-05   8.557432E-05   2.183382E-04   1.425306E-04  -8.958264E-05   1.155762E-02
          1035      G      9.782070E-05   3.097263E-05   1.499396E-02   5.187983E-01   5.070040E-01  -2.169711E-03
          1036      G      1.523804E-04  -5.038071E-05   5.115186E-03   7.342909E-02   8.893737E-02   1.703819E-01
          1037      G     -9.170921E-06  -4.683982E-06   1.831932E-04   2.357772E-04   1.155592E-04   2.300485E-02
          1038      G     -2.094555E-05   1.030330E-05   1.842460E-04   1.877140E-04   1.220428E-04   2.889302E-02
          1039      G     -3.582527E-05   2.379021E-05   3.369329E-02   1.186814E+00  -1.742758E-01   5.725595E-04
          1040      G     -5.453921E-05   1.635470E-05   2.663213E-02   9.574051E-01  -3.353498E-01   1.309191E-03
          1041      G      1.424252E-06  -2.698846E-05   2.179943E-04   8.893760E-05   1.403387E-04   3.740185E-02
          1042      G     -9.600495E-05   3.120433E-05   1.499786E-02   5.189448E-01  -5.069230E-01   2.160155E-03
          1043      G     -1.506694E-04  -4.988016E-05   5.121502E-03   7.366991E-02  -8.880636E-02  -1.708473E-01
          1044      G      8.984730E-05   8.638640E-05   2.184307E-04   1.382036E-04   8.988450E-05  -1.209161E-02
          2000      G      3.547605E-06   3.794312E-05   1.382221E-03  -1.088320E-03  -1.178075E-04   2.412754E-03
          2001      G     -7.853428E-07   1.115260E-05   1.824179E-04  -1.963264E-04  -1.070973E-04   1.958914E-02
          2002      G     -6.107554E-06  -3.329677E-06   1.838495E-04  -1.717015E-04  -1.190372E-04   1.696113E-02
          2003      G      4.818557E-06  -1.517624E-06   1.935076E-02  -6.421612E-01   2.619208E-03   2.598597E-05
          2004      G      1.097162E-05  -4.848114E-06   1.734336E-02  -5.890602E-01   8.311278E-02   2.898466E-04
          2005      G      1.261144E-05  -1.091535E-06   1.425414E-02  -4.862127E-01   1.421257E-01   5.322237E-04
          2006      G      7.771933E-06   3.935945E-07   3.420066E-02  -6.635803E-05   1.495967E-03   1.622565E-05
          2007      G      4.595198E-05   6.621190E-07   3.045197E-02  -3.178775E-04   2.596285E-01   2.488219E-05
          2008      G      1.039924E-04   1.950079E-06   2.551478E-02  -4.454978E-04   4.054682E-02   2.966374E-05
          2009      G     -2.743146E-05   4.293419E-05   2.181497E-04  -1.074846E-04  -1.187222E-04   2.437993E-02
          2010      G     -9.163854E-05  -8.174836E-05   2.200389E-04  -1.516213E-04  -8.065708E-05  -1.197570E-02
          2011      G      1.820205E-05  -1.970567E-05   9.268149E-03  -2.860313E-01   2.171816E-01   1.314868E-03
          2012      G      4.102301E-05   5.106555E-05   5.067914E-03  -8.037142E-02   3.294200E-02   2.225404E-01
          2013      G      1.053553E-04   3.025363E-06   1.633222E-02  -2.324323E-03   5.852444E-01   9.872819E-06
          2014      G      1.160272E-04   3.220398E-06   6.990265E-03  -3.420305E-03   4.049785E-02   9.775780E-03
          2015      G      7.310420E-06   1.085446E-05   1.816460E-04  -1.964637E-04   1.046930E-04  -1.593089E-02
          2016      G      1.113311E-05  -2.824782E-06   1.830260E-04  -1.705421E-04   1.168316E-04  -1.405096E-02
          2017      G     -1.167538E-06  -4.864030E-06   1.749380E-02  -5.935229E-01  -7.774832E-02  -2.380751E-04
          2018      G     -3.184115E-06  -1.235634E-06   1.450774E-02  -4.942809E-01  -1.414401E-01  -4.454314E-04
          2019      G     -3.118295E-05  -3.444618E-08   3.074505E-02  -4.537677E-05  -2.433928E-01   1.349465E-05
          2020      G     -8.736454E-05  -1.193427E-07   2.607913E-02   1.432128E-05  -3.798667E-02   1.130451E-05
          2021      G      2.861726E-05   4.290485E-05   2.179584E-04  -9.714199E-05   1.234385E-04  -2.482800E-02
          2022      G      9.155049E-05  -8.689051E-05   2.200128E-04  -1.445400E-04   8.481904E-05   1.089527E-02
          2023      G     -7.662699E-06  -2.138773E-05   9.397241E-03  -2.847945E-01  -2.255711E-01  -1.132997E-03
          2024      G     -3.072255E-05   4.179722E-05   5.076079E-03  -6.739282E-02  -3.070824E-02  -1.656405E-01
          2025      G     -8.881238E-05  -4.415915E-07   1.661616E-02  -2.681995E-05  -6.053953E-01   1.203955E-05
          2026      G     -9.798040E-05  -6.545680E-07   6.985483E-03  -6.792720E-05  -3.830287E-02  -4.487430E-04
          2027      G      5.931410E-06  -3.700162E-05   1.381205E-03   9.522549E-04   5.460233E-05  -2.803072E-03
1                                                       **STUDENT EDITION*    APRIL  18, 2026  MSC Nastran  3/ 3/26   PAGE    29
     DEFAULT                                                                                                                        
0                                                                                                            SUBCASE 1              
      EIGENVALUE =  2.101240E+06
          CYCLES =  2.307055E+02         R E A L   E I G E N V E C T O R   N O .          2
 
      POINT ID.   TYPE          T1             T2             T3             R1             R2             R3
          2028      G      1.987790E-06  -1.136091E-05   1.817668E-04   1.947898E-04  -1.078686E-04  -2.135564E-02
          2029      G     -2.461616E-06   4.199637E-06   1.832259E-04   1.704288E-04  -1.197295E-04  -1.916273E-02
          2030      G      6.433504E-06   1.788343E-06   1.933854E-02   6.401828E-01   2.596617E-03  -3.058232E-06
          2031      G      1.268687E-05   6.024488E-06   1.732901E-02   5.858369E-01   8.349892E-02  -2.564134E-04
          2032      G      1.380062E-05   3.120664E-06   1.423831E-02   4.807727E-01   1.416295E-01  -4.780105E-04
          2033      G     -2.203243E-05  -4.083924E-05   2.178706E-04   1.019750E-04  -1.237373E-04  -2.834262E-02
          2034      G     -8.583668E-05   9.085627E-05   2.199896E-04   1.496142E-04  -8.505867E-05   7.880643E-03
          2035      G      1.780723E-05   2.424098E-05   9.271075E-03   2.787178E-01   2.165831E-01  -1.214468E-03
          2036      G      3.909526E-05  -4.204592E-05   5.078468E-03   6.814990E-02   3.274086E-02  -1.722061E-01
          2037      G      9.441306E-06  -1.130774E-05   1.818584E-04   1.965870E-04   1.076256E-04   1.555089E-02
          2038      G      1.314582E-05   3.582562E-06   1.833185E-04   1.713481E-04   1.197832E-04   1.372994E-02
          2039      G      2.793180E-07   5.149266E-06   1.748543E-02   5.922964E-01  -7.749856E-02   2.577146E-04
          2040      G     -1.934361E-06   8.011032E-07   1.450217E-02   4.935243E-01  -1.414284E-01   4.661378E-04
          2041      G      3.052159E-05  -4.408275E-05   2.179558E-04   9.703186E-05   1.252357E-04   2.435247E-02
          2042      G      9.357799E-05   8.593843E-05   2.200533E-04   1.446153E-04   8.649106E-05  -1.144994E-02
          2043      G     -6.517025E-06   2.078926E-05   9.393752E-03   2.844213E-01  -2.254417E-01   1.154383E-03
          2044      G     -2.956646E-05  -4.324218E-05   5.075097E-03   6.729398E-02  -3.063404E-02   1.647425E-01
          3000      G      3.819807E-06   1.502662E-04   2.101507E-03  -1.480164E-02  -3.824779E-03   2.616803E-02
          3001      G     -8.410114E-05  -2.526063E-04   1.779264E-03   6.520167E-02   2.051189E-02  -1.932265E-02
          3002      G     -1.700243E-04   1.276971E-04   1.198204E-03  -1.973712E-02   3.100552E-02   1.151277E-01
          3003      G      1.024517E-05  -5.822923E-05  -1.139859E-02   5.507387E-01  -1.441662E-03   6.137203E-05
          3004      G     -9.115170E-05   4.159311E-05  -1.006474E-02   3.962681E-01  -8.478569E-02   4.139444E-04
          3005      G     -1.537789E-04   1.635044E-05  -5.631047E-03   2.906159E-01  -2.215484E-01  -1.226369E-03
          3006      G      6.250088E-06   1.078281E-05  -2.402375E-02   5.738722E-04  -5.419134E-04  -3.315912E-05
          3007      G     -1.306486E-04   1.087709E-05  -1.907463E-02  -2.290147E-03  -3.679466E-01  -3.654047E-05
          3008      G     -3.421176E-04   9.138485E-06  -1.279212E-02   9.529212E-04  -1.749400E-02  -5.281083E-05
          3009      G     -1.790903E-04   1.165753E-04   1.128967E-03  -6.180719E-02  -1.225356E-02   2.204179E-01
          3010      G     -1.749366E-04  -1.767908E-04   1.373715E-03  -3.979414E-02   5.032463E-02  -1.735664E-02
          3011      G     -3.229329E-04   2.329915E-05   8.748930E-04   8.811103E-02  -2.426596E-01  -1.482534E-03
          3012      G     -4.441141E-04  -9.387926E-06   5.377825E-03  -1.217828E-01   3.872268E-03   2.846676E-01
          3013      G     -3.809235E-04   6.546028E-06  -2.454032E-03   1.431439E-03  -6.596590E-01  -1.053380E-04
          3014      G     -4.722964E-04   3.741791E-06   7.546428E-03  -1.066893E-02  -6.339104E-03   3.416053E-02
          3015      G      9.699411E-05  -2.860416E-04   1.781139E-03   7.012539E-02  -1.787468E-02   3.422430E-02
          3016      G      1.882006E-04   1.327429E-04   1.218323E-03  -2.425793E-02  -3.129874E-02  -1.266153E-01
          3017      G      1.057456E-04   3.662839E-05  -1.010207E-02   3.920911E-01   8.335462E-02  -3.790281E-04
          3018      G      1.648014E-04   1.275947E-05  -5.611929E-03   2.915913E-01   2.273175E-01   1.116585E-03
          3019      G      1.437504E-04   1.109379E-05  -1.909245E-02  -7.379348E-04   3.672252E-01   1.295205E-05
          3020      G      3.544039E-04   8.634311E-06  -1.283595E-02  -4.743911E-04   1.644871E-02   3.187295E-05
          3021      G      1.955915E-04   1.289457E-04   1.141598E-03  -6.859751E-02   1.873366E-02  -2.472209E-01
          3022      G      1.900304E-04  -1.804055E-04   1.432794E-03  -2.891512E-02  -7.515075E-02   1.065576E-01
          3023      G      3.391995E-04   2.609760E-05   8.841439E-04   8.777120E-02   2.378995E-01   1.325448E-03
          3024      G      4.637068E-04  -1.742576E-07   5.406928E-03  -1.412853E-01  -4.644532E-03  -3.356372E-01
          3025      G      3.919199E-04   8.091566E-06  -2.504210E-03  -4.119742E-04   6.617016E-01   2.507062E-05
          3026      G      4.840140E-04   6.968946E-06   7.560637E-03  -4.314082E-05   5.956634E-03   3.637303E-03
          3027      G      3.908959E-06  -1.388397E-04   2.111017E-03   1.738016E-02   1.337928E-05  -1.634654E-03
          3028      G     -9.098721E-05   3.036670E-04   1.777973E-03  -7.123984E-02   1.953052E-02   2.331603E-02
          3029      G     -1.833734E-04  -1.189212E-04   1.211151E-03   2.300824E-02   3.123332E-02  -1.399478E-01
          3030      G      5.062042E-06   8.427510E-05  -1.139790E-02  -5.522892E-01  -3.749447E-04  -1.689077E-05
          3031      G     -9.467109E-05  -1.909512E-05  -1.009752E-02  -3.899233E-01  -8.318566E-02  -5.177270E-04
          3032      G     -1.556999E-04   3.112580E-06  -5.645710E-03  -2.913338E-01  -2.241061E-01   1.024465E-03
1                                                       **STUDENT EDITION*    APRIL  18, 2026  MSC Nastran  3/ 3/26   PAGE    30
     DEFAULT                                                                                                                        
0                                                                                                            SUBCASE 1              
      EIGENVALUE =  2.101240E+06
          CYCLES =  2.307055E+02         R E A L   E I G E N V E C T O R   N O .          2
 
      POINT ID.   TYPE          T1             T2             T3             R1             R2             R3
          3033      G     -1.912576E-04  -1.187721E-04   1.138053E-03   6.773441E-02  -1.856474E-02  -2.575468E-01
          3034      G     -1.846394E-04   1.898328E-04   1.430298E-03   2.840244E-02   7.499026E-02   9.544505E-02
          3035      G     -3.318111E-04  -1.345828E-05   8.535993E-04  -8.897316E-02  -2.414937E-01   1.220009E-03
          3036      G     -4.589479E-04   9.334701E-06   5.411306E-03   1.428404E-01   6.241435E-03  -3.557427E-01
          3037      G      9.863352E-05   3.043099E-04   1.777723E-03  -7.127445E-02  -1.946098E-02  -2.657253E-02
          3038      G      1.906251E-04  -1.174410E-04   1.212119E-03   2.326266E-02  -3.123487E-02   1.360085E-01
          3039      G      1.045510E-04  -1.882057E-05  -1.010803E-02  -3.905245E-01   8.311204E-02   4.683237E-04
          3040      G      1.653390E-04   4.824471E-06  -5.617901E-03  -2.905498E-01   2.271369E-01  -1.077474E-03
          3041      G      1.985190E-04  -1.140197E-04   1.138047E-03   6.790320E-02   1.851118E-02   2.527931E-01
          3042      G      1.926008E-04   1.942308E-04   1.431224E-03   2.884754E-02  -7.503137E-02  -9.983116E-02
          3043      G      3.407011E-04  -1.084558E-05   8.859075E-04  -8.712074E-02   2.385542E-01  -1.273745E-03
          3044      G      4.661517E-04   1.425168E-05   5.409977E-03   1.411316E-01  -5.450892E-03   3.425181E-01
          4000      G     -2.180802E-06   4.484840E-03   9.192455E-03  -1.213373E+00   7.503367E-04  -2.931064E-03
          4001      G      6.861691E-04   4.476484E-03   1.487444E-02  -2.716230E+00  -1.973844E-01   1.726533E+00
          4002      G      1.445632E-03   2.789629E-03   6.643100E-03  -9.560555E-01   3.986221E-02   7.966351E-01
          4003      G     -1.777572E-06   1.498094E-03   1.262002E+00  -4.657566E+01   4.592237E-04   1.270424E-05
          4004      G      1.317404E-03   9.309523E-04   1.149730E+00  -3.894135E+01   6.866903E+00   7.249604E-03
          4005      G      1.681352E-03   3.205401E-04   8.550921E-01  -3.092950E+01   1.376501E+01   4.378260E-02
          4006      G     -7.827004E-07   2.117100E-06   2.325111E+00   3.513543E-04  -1.293488E-04   1.521364E-05
          4007      G      3.675040E-03   2.329902E-06   2.016936E+00   2.923558E-04   2.337776E+01   1.317763E-05
          4008      G      9.594848E-03   2.643503E-06   1.580247E+00   2.708543E-04   3.206852E+00   1.924963E-05
          4009      G      2.822650E-04  -8.530995E-04   7.119435E-04  -2.259893E-01  -6.933074E-01   3.689621E+00
          4010      G     -1.106509E-03   1.434642E-03   9.280344E-04  -7.069134E-02   1.871391E-02  -4.760889E-01
          4011      G      4.229907E-03   2.932090E-04   3.924134E-01  -1.482611E+01   1.942990E+01   6.611876E-02
          4012      G      6.169915E-03   1.629094E-03   1.854728E-02   1.665928E+00   2.719546E+00  -7.737429E+00
          4013      G      9.030535E-03   2.887999E-06   8.024849E-01  -1.149004E-03   4.897637E+01   1.494448E-05
          4014      G      1.057217E-02   3.309565E-06   2.478039E-02   9.144059E-05   3.453894E+00   2.049959E-04
          4015      G     -6.909067E-04   4.476286E-03   1.489887E-02  -2.716573E+00   1.973654E-01  -1.724812E+00
          4016      G     -1.450713E-03   2.788730E-03   6.657311E-03  -9.565052E-01  -4.004160E-02  -7.938045E-01
          4017      G     -1.320833E-03   9.305089E-04   1.149752E+00  -3.894106E+01  -6.866386E+00  -7.219064E-03
          4018      G     -1.684755E-03   3.192809E-04   8.551151E-01  -3.092982E+01  -1.376537E+01  -4.374404E-02
          4019      G     -3.676713E-03   1.674467E-06   2.016954E+00   1.677271E-04  -2.337647E+01   1.747707E-05
          4020      G     -9.596417E-03   1.276649E-06   1.580279E+00   1.575407E-04  -3.207159E+00   1.314140E-05
          4021      G     -2.875005E-04  -8.555337E-04   7.189721E-04  -2.262496E-01   6.923385E-01  -3.688803E+00
          4022      G      1.101576E-03   1.431560E-03   9.345932E-04  -7.446356E-02  -1.636801E-02   4.686397E-01
          4023      G     -4.233418E-03   2.909672E-04   3.924449E-01  -1.482746E+01  -1.942896E+01  -6.607233E-02
          4024      G     -6.173759E-03   1.625263E-03   1.858237E-02   1.666930E+00  -2.720061E+00   7.746139E+00
          4025      G     -9.032233E-03   7.099169E-07   8.025150E-01   7.525112E-05  -4.897654E+01   2.193057E-05
          4026      G     -1.057403E-02   1.331492E-07   2.480039E-02   1.503245E-05  -3.454234E+00   5.183047E-04
          4027      G      2.559590E-07  -4.480982E-03   9.203309E-03   1.214045E+00  -4.004730E-06  -3.401407E-04
          4028      G      6.883909E-04  -4.472189E-03   1.489948E-02   2.717004E+00  -1.972838E-01  -1.728165E+00
          4029      G      1.447741E-03  -2.784946E-03   6.656576E-03   9.567036E-01   4.014372E-02  -7.977142E-01
          4030      G     -2.667833E-07  -1.494068E-03   1.262009E+00   4.657503E+01   1.906582E-04   1.289589E-05
          4031      G      1.318777E-03  -9.264041E-04   1.149744E+00   3.894043E+01   6.866843E+00  -7.225180E-03
          4032      G      1.682625E-03  -3.153573E-04   8.551020E-01   3.092895E+01   1.376514E+01  -4.375888E-02
          4033      G      2.841571E-04   8.591349E-04   7.173055E-04   2.261690E-01  -6.922511E-01  -3.692830E+00
          4034      G     -1.104949E-03  -1.429200E-03   9.347915E-04   7.429907E-02   1.637079E-02   4.640938E-01
          4035      G      4.231326E-03  -2.875220E-04   3.924419E-01   1.482747E+01   1.942861E+01  -6.609278E-02
          4036      G      6.171626E-03  -1.622417E-03   1.858014E-02  -1.667358E+00   2.720302E+00   7.742907E+00
          4037      G     -6.879040E-04  -4.473024E-03   1.489930E-02   2.717057E+00   1.972695E-01   1.727377E+00
1                                                       **STUDENT EDITION*    APRIL  18, 2026  MSC Nastran  3/ 3/26   PAGE    31
     DEFAULT                                                                                                                        
0                                                                                                            SUBCASE 1              
      EIGENVALUE =  2.101240E+06
          CYCLES =  2.307055E+02         R E A L   E I G E N V E C T O R   N O .          2
 
      POINT ID.   TYPE          T1             T2             T3             R1             R2             R3
          4038      G     -1.447251E-03  -2.786281E-03   6.655961E-03   9.567578E-01  -4.015842E-02   7.967629E-01
          4039      G     -1.319234E-03  -9.271026E-04   1.149754E+00   3.894089E+01  -6.866548E+00   7.251833E-03
          4040      G     -1.683044E-03  -3.167924E-04   8.551147E-01   3.092976E+01  -1.376539E+01   4.378336E-02
          4041      G     -2.836860E-04   8.569561E-04   7.178005E-04   2.266203E-01   6.923276E-01   3.692019E+00
          4042      G      1.105587E-03  -1.431088E-03   9.340160E-04   7.464024E-02  -1.662616E-02  -4.666159E-01
          4043      G     -4.231602E-03  -2.894716E-04   3.924464E-01   1.482737E+01  -1.942888E+01   6.611769E-02
          4044      G     -6.171895E-03  -1.625060E-03   1.858301E-02  -1.666927E+00  -2.720327E+00  -7.745201E+00
1                                                       **STUDENT EDITION*    APRIL  18, 2026  MSC Nastran  3/ 3/26   PAGE    32
     DEFAULT                                                                                                                        
0                                                                                                            SUBCASE 1              
      EIGENVALUE =  2.291142E+06
          CYCLES =  2.409052E+02         R E A L   E I G E N V E C T O R   N O .          3
 
      POINT ID.   TYPE          T1             T2             T3             R1             R2             R3
             1      G      0.0            0.0            0.0            0.0            0.0            0.0
             2      G      0.0            0.0            0.0            0.0            0.0            0.0
             3      G      0.0            0.0            0.0            0.0            0.0            0.0
             4      G      0.0            0.0            0.0            0.0            0.0            0.0
             5      G      0.0            0.0            0.0            0.0            0.0            0.0
             6      G      0.0            0.0            0.0            0.0            0.0            0.0
             7      G      0.0            0.0            0.0            0.0            0.0            0.0
             8      G      0.0            0.0            0.0            0.0            0.0            0.0
            10      G      4.231246E-05   9.365625E-05   1.424891E-04   2.049964E-04   7.840143E-06  -2.152245E-02
            11      G      4.248892E-05  -9.386264E-05   1.427381E-04  -2.046196E-04   8.410179E-06   2.154246E-02
            12      G      1.918709E-04   9.914279E-05   2.637824E-04   5.094641E-04   1.449380E-04   2.978778E-02
            13      G      1.922246E-04  -9.928509E-05   2.637718E-04  -5.088557E-04   1.458735E-04  -2.977380E-02
            14      G     -1.926294E-04   9.848652E-05   2.635838E-04   5.099445E-04  -1.471008E-04  -2.972206E-02
            15      G     -1.910298E-04  -9.991777E-05   2.634238E-04  -5.072891E-04  -1.440312E-04   2.966680E-02
            16      G     -4.237440E-05   9.212363E-05   1.421413E-04   2.085339E-04  -6.929641E-06   2.163217E-02
            17      G     -4.283892E-05  -9.037610E-05   1.433092E-04  -2.232750E-04  -6.901995E-06  -2.070248E-02
           100      G     -8.857622E-03  -3.134845E-03   8.971280E-01  -2.201158E+01   7.993059E+00  -2.644817E-01
           101      G     -1.824464E-02  -2.333283E-06   1.648996E+00  -1.168041E-04   3.730454E+00   4.262320E-05
           102      G     -3.963418E-03   2.498151E-03   1.148659E+00  -2.857958E+01   6.957646E+00  -2.278470E-02
           103      G     -1.293500E-02  -1.201389E-06   2.070663E+00  -1.518916E-04   1.536592E+01  -5.337420E-05
           104      G      1.598819E-06  -8.773547E-03   1.307021E+00  -3.188340E+01   1.642099E-04  -6.500144E-06
           105      G      1.049744E-06  -4.985340E-07   2.406788E+00  -2.458095E-05   2.881527E-05  -1.635370E-05
           106      G      3.147121E-05   4.576698E-04   2.699355E-04  -5.072891E-04  -1.440312E-04   2.966680E-02
           107      G      3.147121E-05  -3.340631E-04   2.660917E-04  -5.072891E-04  -1.440312E-04   2.966680E-02
           108      G      5.685318E-07   3.470751E-03   2.107150E-03   1.527152E-01   3.589292E-05   7.176504E-05
           109      G     -1.981075E-04  -2.456447E-04   1.450355E-04  -2.232750E-04  -6.901995E-06  -2.070248E-02
           110      G     -1.946251E-02  -1.690583E-03   9.190436E-03   1.917341E+00   3.402858E+00   5.947015E-01
           111      G     -1.981075E-04   3.327308E-04   1.448427E-04  -2.232750E-04  -6.901995E-06  -2.070248E-02
           112      G     -1.159447E-02   3.654262E-04   4.387936E-01  -1.059376E+01   1.693904E+01  -1.598965E-01
           113      G     -2.171734E-02  -2.080082E-05   1.501172E-02  -1.481778E-03   4.304055E+00   1.355074E-03
           114      G     -2.983691E-02  -5.103422E-06   8.386109E-01  -7.978466E-05   3.265403E+01  -7.616753E-04
           115      G      8.862152E-03  -3.131509E-03   8.971502E-01  -2.201198E+01  -7.993098E+00   2.645336E-01
           116      G      1.824764E-02  -1.105043E-07   1.649034E+00  -7.749764E-05  -3.730463E+00  -4.348566E-06
           117      G      3.967021E-03   2.499459E-03   1.148672E+00  -2.857984E+01  -6.957172E+00   2.276333E-02
           118      G      1.293709E-02  -1.820301E-07   2.070682E+00  -3.804147E-05  -1.536503E+01  -7.347489E-06
           119      G     -3.107893E-05   4.603134E-04   2.703299E-04  -5.088557E-04   1.458735E-04  -2.977380E-02
           120      G     -3.107893E-05  -3.342749E-04   2.664369E-04  -5.088557E-04   1.458735E-04  -2.977380E-02
           121      G      2.040573E-04  -2.554311E-04   1.443358E-04  -2.046196E-04   8.410179E-06   2.154246E-02
           122      G      1.946876E-02  -1.689346E-03   9.232711E-03   1.915828E+00  -3.402601E+00  -5.956031E-01
           123      G      2.040573E-04   3.464113E-04   1.441008E-04  -2.046196E-04   8.410179E-06   2.154246E-02
           124      G      1.160117E-02   3.699413E-04   4.388214E-01  -1.059443E+01  -1.693859E+01   1.599031E-01
           125      G      2.172145E-02  -9.231572E-08   1.505616E-02  -5.759520E-06  -4.304376E+00  -5.303843E-07
           126      G      2.984077E-02  -9.819290E-08   8.386544E-01  -6.837008E-05  -3.265403E+01   2.409996E-06
           127      G     -8.862274E-03   3.129266E-03   8.971310E-01   2.201101E+01   7.993590E+00   2.644441E-01
           128      G     -3.966319E-03  -2.500504E-03   1.148663E+00   2.857934E+01   6.957332E+00   2.273562E-02
           129      G     -1.338884E-07   8.772469E-03   1.307022E+00   3.188331E+01   1.516027E-04  -2.066307E-05
           130      G      3.028602E-05  -4.601396E-04   2.701732E-04   5.099445E-04  -1.471008E-04  -2.972206E-02
           131      G      3.028602E-05   3.330680E-04   2.662474E-04   5.099445E-04  -1.471008E-04  -2.972206E-02
           132      G     -5.209492E-07  -3.472306E-03   2.108376E-03  -1.528043E-01  -1.144674E-05  -1.491963E-05
           133      G     -2.046157E-04   2.543649E-04   1.437573E-04   2.085339E-04  -6.929641E-06   2.163217E-02
1                                                       **STUDENT EDITION*    APRIL  18, 2026  MSC Nastran  3/ 3/26   PAGE    33
     DEFAULT                                                                                                                        
0                                                                                                            SUBCASE 1              
      EIGENVALUE =  2.291142E+06
          CYCLES =  2.409052E+02         R E A L   E I G E N V E C T O R   N O .          3
 
      POINT ID.   TYPE          T1             T2             T3             R1             R2             R3
           134      G     -1.946944E-02   1.676978E-03   9.218946E-03  -1.916658E+00   3.402859E+00  -5.953317E-01
           135      G     -2.046157E-04  -3.499839E-04   1.435637E-04   2.085339E-04  -6.929641E-06   2.163217E-02
           136      G     -1.160257E-02  -3.755534E-04   4.388002E-01   1.059319E+01   1.693795E+01   1.597867E-01
           137      G      8.861441E-03   3.131345E-03   8.971520E-01   2.201199E+01  -7.993104E+00  -2.645435E-01
           138      G      3.965914E-03  -2.500049E-03   1.148673E+00   2.857978E+01  -6.957131E+00  -2.277456E-02
           139      G     -3.153744E-05  -4.607185E-04   2.703275E-04   5.094641E-04   1.449380E-04   2.978778E-02
           140      G     -3.153744E-05   3.342429E-04   2.664595E-04   5.094641E-04   1.449380E-04   2.978778E-02
           141      G      2.037309E-04   2.550746E-04   1.440854E-04   2.049964E-04   7.840143E-06  -2.152245E-02
           142      G      1.946812E-02   1.689074E-03   9.232113E-03  -1.915907E+00  -3.402741E+00   5.956322E-01
           143      G      2.037309E-04  -3.462089E-04   1.438663E-04   2.049964E-04   7.840143E-06  -2.152245E-02
           144      G      1.160057E-02  -3.701480E-04   4.388228E-01   1.059442E+01  -1.693860E+01  -1.599040E-01
           200      G     -1.983249E-04  -2.386115E-04   1.450355E-04  -2.232750E-04  -6.901995E-06  -2.070248E-02
           201      G     -1.983249E-04   3.397640E-04   1.448427E-04  -2.232750E-04  -6.901995E-06  -2.070248E-02
           202      G      2.693422E-05   4.736494E-04   2.699355E-04  -5.072891E-04  -1.440312E-04   2.966680E-02
           203      G      2.693422E-05  -3.180835E-04   2.660917E-04  -5.072891E-04  -1.440312E-04   2.966680E-02
           204      G     -7.394086E-07   2.165274E-04   1.216946E-03   3.447660E-02  -2.407427E-05  -2.159245E-04
           205      G     -8.987180E-04   2.594034E-04   6.910071E-03  -1.172155E-01   1.632465E-01  -3.975951E-02
           206      G     -6.820879E-04  -2.903723E-05   9.914441E-03  -6.972509E-03   1.778313E-01   7.872712E-03
           207      G      2.043223E-04  -2.489855E-04   1.443358E-04  -2.046196E-04   8.410179E-06   2.154246E-02
           208      G      2.043223E-04   3.528568E-04   1.441008E-04  -2.046196E-04   8.410179E-06   2.154246E-02
           209      G     -2.648392E-05   4.763424E-04   2.703299E-04  -5.088557E-04   1.458735E-04  -2.977380E-02
           210      G     -2.648392E-05  -3.182459E-04   2.664369E-04  -5.088557E-04   1.458735E-04  -2.977380E-02
           211      G      8.732170E-04   3.572181E-04   6.965530E-03  -9.514361E-02  -1.585797E-01   2.597004E-02
           212      G      6.487725E-04  -7.035548E-07   9.938472E-03  -1.198885E-04  -1.684199E-01  -3.336209E-05
           213      G     -2.048340E-04   2.477961E-04   1.437573E-04   2.085339E-04  -6.929641E-06   2.163217E-02
           214      G     -2.048340E-04  -3.565527E-04   1.435637E-04   2.085339E-04  -6.929641E-06   2.163217E-02
           215      G      2.565234E-05  -4.762028E-04   2.701732E-04   5.099445E-04  -1.471008E-04  -2.972206E-02
           216      G      2.565234E-05   3.170047E-04   2.662474E-04   5.099445E-04  -1.471008E-04  -2.972206E-02
           217      G     -1.624693E-06  -2.196033E-04   1.218566E-03  -3.475880E-02   5.179129E-05   1.676335E-04
           218      G     -9.081985E-04  -3.538326E-04   6.956152E-03   9.746355E-02   1.646715E-01   2.344893E-02
           219      G      2.039778E-04   2.486173E-04   1.440854E-04   2.049964E-04   7.840143E-06  -2.152245E-02
           220      G      2.039778E-04  -3.526663E-04   1.438663E-04   2.049964E-04   7.840143E-06  -2.152245E-02
           221      G     -2.697189E-05  -4.767666E-04   2.703275E-04   5.094641E-04   1.449380E-04   2.978778E-02
           222      G     -2.697189E-05   3.181948E-04   2.664595E-04   5.094641E-04   1.449380E-04   2.978778E-02
           223      G      8.724309E-04  -3.584634E-04   6.964790E-03   9.494189E-02  -1.584237E-01  -2.605708E-02
           224      G     -3.367992E-04  -1.114867E-04   4.173851E-02  -1.048923E+00   3.245021E-01  -1.632588E-02
           225      G     -6.764546E-04  -6.641628E-06   7.482743E-02  -9.406982E-04   1.581916E-01  -1.802170E-05
           226      G     -1.315129E-04   1.591235E-04   5.157654E-02  -1.298882E+00   2.599373E-01   2.543763E-04
           227      G     -4.916671E-04  -3.354071E-06   9.153239E-02  -8.630455E-04   6.027012E-01  -1.078655E-04
           228      G     -1.354867E-05  -4.614441E-04   5.793703E-02  -1.415629E+00   4.576787E-03  -2.370102E-04
           229      G     -2.343949E-05  -1.324292E-06   1.048412E-01  -1.213323E-04   5.335948E-03  -4.654668E-05
           230      G     -5.331381E-04   4.515167E-05   2.382956E-02  -6.056899E-01   6.417850E-01  -1.641257E-03
           231      G     -1.048999E-03  -2.396112E-05   4.269048E-02  -2.477648E-03   1.289674E+00  -2.212293E-03
           232      G      3.016207E-04  -1.235021E-04   4.267410E-02  -1.079577E+00  -3.327990E-01   1.595786E-02
           233      G      6.406486E-04  -3.738410E-07   7.680759E-02   5.541666E-06  -1.486643E-01  -9.551639E-06
           234      G      1.038969E-04   1.617341E-04   5.212438E-02  -1.315112E+00  -2.361960E-01  -4.374969E-04
           235      G      4.414088E-04  -5.589371E-07   9.254777E-02  -4.906151E-05  -5.634492E-01  -9.831262E-06
           236      G      5.342259E-04   5.594935E-05   2.425495E-02  -6.096899E-01  -6.955854E-01  -4.096888E-04
           237      G      8.718132E-04  -3.770951E-07   4.365314E-02  -2.032966E-05  -1.452837E+00   1.470271E-05
           238      G     -3.470909E-04   9.649884E-05   4.172766E-02   1.040860E+00   3.258048E-01   1.630281E-02
1                                                       **STUDENT EDITION*    APRIL  18, 2026  MSC Nastran  3/ 3/26   PAGE    34
     DEFAULT                                                                                                                        
0                                                                                                            SUBCASE 1              
      EIGENVALUE =  2.291142E+06
          CYCLES =  2.409052E+02         R E A L   E I G E N V E C T O R   N O .          3
 
      POINT ID.   TYPE          T1             T2             T3             R1             R2             R3
           239      G     -1.382478E-04  -1.645155E-04   5.157607E-02   1.294570E+00   2.594598E-01  -3.727763E-04
           240      G     -1.761379E-05   4.582976E-04   5.792854E-02   1.413680E+00   4.572645E-03   2.490474E-04
           241      G     -5.451680E-04  -6.663320E-05   2.383590E-02   5.918175E-01   6.387302E-01   8.924193E-04
           242      G      3.003284E-04   1.228370E-04   4.266982E-02   1.078917E+00  -3.328088E-01  -1.596701E-02
           243      G      1.016581E-04  -1.632099E-04   5.211839E-02   1.313859E+00  -2.360134E-01   4.114059E-04
           244      G      5.333915E-04  -5.658007E-05   2.425152E-02   6.092684E-01  -6.955302E-01   4.128725E-04
           300      G      1.789716E-05   1.269004E-05   3.820874E-04   1.159042E-03   6.687738E-04   1.550094E-03
           301      G      4.724374E-05   2.633846E-05   4.712669E-04   7.036944E-03   9.071876E-03   7.646265E-03
           302      G      2.410995E-06  -9.042523E-06   6.598439E-04   1.112644E-02   1.875170E-03  -1.526560E-03
           303      G     -1.080979E-04   3.659268E-04   1.256270E-03  -3.417733E-02  -3.186481E-02  -1.394212E-02
           304      G      1.891455E-05   1.178805E-04   5.540990E-04  -4.759710E-03  -1.185169E-02   1.526027E-02
           305      G      2.054288E-04   3.589086E-04   5.977531E-03  -1.012729E-01  -3.320503E-02  -2.618807E-02
           306      G      2.448372E-04   5.538645E-06   8.180014E-03  -6.621534E-03  -4.788688E-02   1.249482E-02
           307      G     -1.736192E-05   2.136391E-05   3.847937E-04   2.963646E-03  -5.534580E-04  -3.014852E-03
           308      G     -5.030448E-05   3.393589E-05   4.722478E-04   8.294711E-03  -1.044696E-02  -9.348701E-03
           309      G      1.458648E-04   4.494293E-04   1.267174E-03  -2.414946E-02   3.060569E-02   1.763564E-02
           310      G     -8.535189E-06   1.430784E-04   5.607601E-04   3.094937E-05   1.132916E-02  -1.775842E-02
           311      G     -2.307311E-04   4.089386E-04   6.019485E-03  -9.897961E-02   3.683376E-02   2.714604E-02
           312      G     -2.615108E-04  -2.438043E-06   8.195072E-03  -6.480799E-05   5.053310E-02  -5.735678E-05
           313      G      1.899083E-05  -3.549193E-05   3.830282E-04  -4.535003E-03   7.794947E-04  -2.806058E-03
           314      G      5.138602E-05  -5.109423E-05   4.715586E-04  -1.027695E-02   1.004466E-02  -9.182564E-03
           315      G     -2.214111E-06  -1.225997E-05   6.598502E-04  -1.365572E-02   3.478855E-05  -4.209019E-06
           316      G     -1.435423E-04  -4.518199E-04   1.261909E-03   2.388819E-02  -3.033145E-02   1.786098E-02
           317      G      1.056207E-05  -1.502570E-04   5.590212E-04  -6.198212E-04  -1.132615E-02  -1.757877E-02
           318      G      2.305002E-04  -4.098779E-04   6.009509E-03   1.006121E-01  -3.624676E-02   2.827548E-02
           319      G     -2.239015E-05  -3.308997E-05   3.841964E-04  -3.891116E-03  -6.784383E-04   2.826421E-03
           320      G     -5.566496E-05  -4.896640E-05   4.720275E-04  -9.841549E-03  -9.941264E-03   9.216074E-03
           321      G      1.412288E-04  -4.536939E-04   1.265581E-03   2.397933E-02   3.076703E-02  -1.773352E-02
           322      G     -1.328184E-05  -1.509867E-04   5.602228E-04  -7.306115E-04   1.136492E-02   1.759579E-02
           323      G     -2.324757E-04  -4.135368E-04   6.018934E-03   9.888959E-02   3.708934E-02  -2.722036E-02
           324      G      1.173114E-04   1.512870E-05  -4.466160E-03   1.037349E-01  -1.042259E-01   2.091130E-03
           325      G      1.935938E-04  -1.513675E-05  -7.055236E-03  -2.221319E-03  -3.791689E-02   1.956080E-04
           326      G      3.969755E-05  -2.323369E-05  -7.916403E-03   1.870523E-01  -9.102647E-02   1.050598E-04
           327      G      1.422361E-04  -1.297552E-05  -1.206969E-02  -2.178227E-03  -1.682961E-01  -1.284624E-04
           328      G     -6.378357E-06   6.304136E-05  -9.546387E-03   2.247554E-01   1.927331E-04   1.936807E-04
           329      G     -7.246682E-06  -1.077843E-05  -1.520321E-02  -1.317736E-03   1.181079E-03  -4.123338E-05
           330      G      1.347188E-04   6.176852E-05   1.001188E-03  -1.344678E-02  -2.220530E-01   5.019520E-03
           331      G      3.521733E-04  -2.215479E-05   6.257555E-04   2.171836E-04  -3.192737E-01  -2.236241E-03
           332      G     -1.306706E-04   2.528942E-05  -4.458098E-03   1.063885E-01   1.034915E-01  -2.037094E-03
           333      G     -2.103863E-04  -6.321221E-06  -7.083262E-03  -5.354315E-04   4.052517E-02  -5.733235E-05
           334      G     -5.065158E-05  -1.829176E-05  -7.914535E-03   1.879895E-01   9.255617E-02  -2.658942E-04
           335      G     -1.565562E-04  -8.650549E-06  -1.208849E-02  -9.519903E-04   1.673203E-01  -7.732820E-05
           336      G     -1.549489E-04   8.028468E-05   9.883478E-04  -8.598948E-03   2.223382E-01  -5.542385E-03
           337      G     -3.702789E-04  -4.196459E-06   6.167906E-04  -2.822506E-04   3.206032E-01  -6.251468E-05
           338      G      1.224716E-04  -4.320939E-05  -4.453286E-03  -1.061001E-01  -1.012791E-01  -1.869592E-03
           339      G      4.027817E-05  -1.797840E-06  -7.894510E-03  -1.878345E-01  -9.248526E-02  -1.454079E-04
           340      G     -5.435333E-06  -8.423653E-05  -9.538346E-03  -2.255523E-01   2.486889E-04   7.463877E-05
           341      G      1.512628E-04  -9.134775E-05   9.612519E-04   7.274232E-03  -2.221532E-01  -5.273043E-03
           342      G     -1.322031E-04  -3.736796E-05  -4.453234E-03  -1.068488E-01   1.034563E-01   2.018173E-03
           343      G     -5.115964E-05   1.539946E-06  -7.904350E-03  -1.885677E-01   9.227040E-02   1.492361E-04
1                                                       **STUDENT EDITION*    APRIL  18, 2026  MSC Nastran  3/ 3/26   PAGE    35
     DEFAULT                                                                                                                        
0                                                                                                            SUBCASE 1              
      EIGENVALUE =  2.291142E+06
          CYCLES =  2.409052E+02         R E A L   E I G E N V E C T O R   N O .          3
 
      POINT ID.   TYPE          T1             T2             T3             R1             R2             R3
           344      G     -1.567679E-04  -8.856559E-05   9.890725E-04   8.419890E-03   2.220897E-01   5.447770E-03
           400      G     -3.572978E-05   1.094148E-04   4.514040E-04   2.423084E-02  -4.321719E-03  -2.222641E-03
           401      G      1.108566E-05   4.727531E-04   4.155798E-04   8.014182E-02   9.943491E-03   3.864515E-03
           402      G      5.436906E-06   9.030427E-05   4.610033E-04   3.252024E-02  -6.598115E-06  -2.522725E-04
           403      G     -2.290098E-04   4.749682E-04   1.781045E-03  -1.282466E-02  -3.348668E-02  -1.621184E-02
           404      G     -9.420732E-05   7.865168E-05   8.618529E-04  -3.663396E-03   1.519401E-04   6.741805E-03
           405      G      6.189236E-04   4.030845E-04   5.474589E-03  -1.249315E-01  -1.080007E-01  -1.508432E-02
           406      G      7.069765E-04  -1.811295E-05   7.218436E-03   7.806720E-05  -1.373515E-01   7.402994E-04
           407      G      4.885973E-05   1.171946E-04   4.580067E-04   2.416393E-02   4.607645E-03   1.829472E-03
           408      G      1.094818E-06   4.762772E-04   4.170355E-04   8.006958E-02  -9.791579E-03  -4.146864E-03
           409      G      2.450482E-04   4.981198E-04   1.799823E-03  -1.305463E-02   3.412826E-02   1.666338E-02
           410      G      1.098092E-04   9.253086E-05   8.751041E-04  -3.604852E-03  -2.744654E-05  -6.654032E-03
           411      G     -6.143211E-04   4.247250E-04   5.498481E-03  -1.246749E-01   1.087037E-01   1.622112E-02
           412      G     -7.063365E-04  -3.390838E-06   7.232333E-03   2.411829E-05   1.376969E-01  -5.465453E-05
           413      G     -4.460704E-05  -1.383092E-04   4.568687E-04  -2.392499E-02  -4.578392E-03   1.925078E-03
           414      G      2.789763E-06  -4.980820E-04   4.159878E-04  -7.990320E-02   9.816700E-03  -4.077299E-03
           415      G     -2.075712E-06  -1.123320E-04   4.612812E-04  -3.240192E-02  -2.585234E-06  -2.823207E-05
           416      G     -2.394230E-04  -5.117729E-04   1.792601E-03   1.350483E-02  -3.381729E-02   1.664953E-02
           417      G     -1.049691E-04  -1.110220E-04   8.717377E-04   4.025254E-03   1.066421E-04  -6.529025E-03
           418      G      6.160941E-04  -4.396068E-04   5.488174E-03   1.245528E-01  -1.085161E-01   1.632472E-02
           419      G      4.083978E-05  -1.318454E-04   4.578953E-04  -2.408073E-02   4.562355E-03  -1.948910E-03
           420      G     -6.800069E-06  -4.946089E-04   4.166869E-04  -7.995963E-02  -9.848809E-03   4.008769E-03
           421      G      2.367990E-04  -5.050912E-04   1.797896E-03   1.325673E-02   3.390640E-02  -1.677838E-02
           422      G      1.017223E-04  -1.033651E-04   8.742704E-04   3.867078E-03  -6.934603E-05   6.530856E-03
           423      G     -6.183760E-04  -4.315060E-04   5.498110E-03   1.246764E-01   1.085065E-01  -1.632265E-02
           424      G      2.350489E-04   1.672985E-04  -2.488808E-02   6.433117E-01  -2.905974E-01   1.018430E-02
           425      G      6.253271E-04  -1.446203E-05  -4.646865E-02   1.481698E-04  -1.241122E-01  -4.237788E-05
           426      G      9.758658E-05   1.042810E-05  -3.394717E-02   8.478270E-01  -2.381906E-01   1.105122E-04
           427      G      4.373067E-04  -1.265461E-05  -6.097841E-02   7.655747E-05  -5.305573E-01  -7.439086E-05
           428      G      3.068909E-06   4.208019E-04  -3.929163E-02   1.010871E+00   1.833635E-05  -1.022445E-05
           429      G      4.224067E-07  -1.090362E-05  -7.281297E-02   8.014752E-05   1.471937E-04  -6.429923E-05
           430      G      3.533185E-04   8.313175E-05  -9.079786E-03   2.691083E-01  -5.781925E-01   8.558621E-03
           431      G      1.011744E-03  -1.659504E-05  -1.971281E-02   3.441887E-04  -1.078652E+00  -2.518018E-04
           432      G     -2.294456E-04   1.746498E-04  -2.488020E-02   6.433443E-01   2.906905E-01  -1.028638E-02
           433      G     -6.249960E-04  -7.362469E-06  -4.646231E-02   3.145708E-05   1.244739E-01  -6.269013E-05
           434      G     -9.180099E-05   1.376458E-05  -3.394355E-02   8.478136E-01   2.384638E-01  -2.455986E-04
           435      G     -4.364832E-04  -9.123575E-06  -6.097566E-02   5.642877E-05   5.305773E-01  -6.879792E-05
           436      G     -3.484807E-04   9.586408E-05  -9.067499E-03   2.692556E-01   5.785723E-01  -8.777266E-03
           437      G     -1.011711E-03  -5.388085E-06  -1.970211E-02   2.825676E-05   1.078977E+00  -7.672376E-05
           438      G      2.309246E-04  -1.960832E-04  -2.488481E-02  -6.433849E-01  -2.905109E-01  -1.025294E-02
           439      G      9.349456E-05  -3.564751E-05  -3.394557E-02  -8.477620E-01  -2.383749E-01  -2.238524E-04
           440      G     -1.048686E-06  -4.426513E-04  -3.929176E-02  -1.010796E+00   4.140344E-05  -2.434748E-05
           441      G      3.498755E-04  -1.156851E-04  -9.075911E-03  -2.695277E-01  -5.783895E-01  -8.690613E-03
           442      G     -2.333977E-04  -1.893316E-04  -2.488018E-02  -6.432941E-01   2.907099E-01   1.020434E-02
           443      G     -9.573939E-05  -3.212400E-05  -3.394380E-02  -8.477562E-01   2.384318E-01   1.324204E-04
           444      G     -3.525030E-04  -1.066774E-04  -9.066407E-03  -2.692988E-01   5.785999E-01   8.659412E-03
           445      G     -6.404235E-04   1.288996E-03   1.919917E-03  -5.457168E-02  -2.710414E-02  -3.306675E-02
           446      G     -4.911344E-04   4.055807E-04   1.018127E-03  -3.215396E-02  -2.963099E-02   6.811707E-03
           447      G     -3.000708E-04   8.989262E-05   5.539912E-04  -2.893164E-02  -8.646240E-03   8.590765E-03
           448      G     -1.277458E-04  -4.468875E-05   4.425509E-04  -2.873941E-02   1.317704E-03   6.754273E-03
1                                                       **STUDENT EDITION*    APRIL  18, 2026  MSC Nastran  3/ 3/26   PAGE    36
     DEFAULT                                                                                                                        
0                                                                                                            SUBCASE 1              
      EIGENVALUE =  2.291142E+06
          CYCLES =  2.409052E+02         R E A L   E I G E N V E C T O R   N O .          3
 
      POINT ID.   TYPE          T1             T2             T3             R1             R2             R3
           449      G      9.027892E-06  -8.616025E-05   4.644526E-04  -1.108102E-02   5.177104E-05  -1.090134E-04
           450      G     -4.168571E-05   9.552412E-04   5.287856E-03  -7.729370E-02  -7.529925E-02  -5.118747E-02
           451      G      7.011743E-05  -1.558097E-05   6.834088E-03  -2.308450E-04  -1.078601E-01  -8.099546E-05
           452      G      6.610202E-04   1.306109E-03   1.939633E-03  -5.439863E-02   2.724618E-02   3.323216E-02
           453      G      5.108828E-04   4.160459E-04   1.031635E-03  -3.213008E-02   2.991129E-02  -6.974189E-03
           454      G      3.194604E-04   9.633957E-05   5.612763E-04  -2.902599E-02   8.839796E-03  -8.671803E-03
           455      G      1.460712E-04  -4.161765E-05   4.454686E-04  -2.876801E-02  -1.204926E-03  -6.975421E-03
           456      G      5.472175E-05   9.702057E-04   5.309179E-03  -7.728029E-02   7.595533E-02   5.125386E-02
           457      G     -6.259845E-05  -3.663982E-06   6.847317E-03  -9.165312E-08   1.083265E-01  -5.055693E-05
           458      G     -6.527344E-04  -1.323028E-03   1.931980E-03   5.432355E-02  -2.715603E-02   3.315622E-02
           459      G     -5.029087E-04  -4.346264E-04   1.027615E-03   3.203533E-02  -2.978231E-02  -6.963626E-03
           460      G     -3.119432E-04  -1.153514E-04   5.594334E-04   2.890750E-02  -8.790615E-03  -8.614605E-03
           461      G     -1.386627E-04   2.252667E-05   4.446019E-04   2.868595E-02   1.213308E-03  -6.889698E-03
           462      G     -1.111114E-06   6.711252E-05   4.645224E-04   1.102908E-02   1.194025E-05  -4.204937E-05
           463      G     -4.720252E-05  -9.878846E-04   5.299866E-03   7.723322E-02  -7.557983E-02   5.117966E-02
           464      G      6.516465E-04  -1.313688E-03   1.937742E-03   5.436495E-02   2.724391E-02  -3.334956E-02
           465      G      5.014750E-04  -4.264271E-04   1.030656E-03   3.206668E-02   2.987607E-02   6.867891E-03
           466      G      3.100735E-04  -1.096202E-04   5.608910E-04   2.897801E-02   8.830608E-03   8.536072E-03
           467      G      1.364898E-04   2.549462E-05   4.452560E-04   2.871977E-02  -1.198471E-03   6.818914E-03
           468      G      4.999262E-05  -9.776787E-04   5.308566E-03   7.731999E-02   7.595717E-02  -5.136771E-02
           469      G     -2.296571E-04   9.374041E-04   3.482368E-03  -8.543286E-02  -5.065517E-02   3.558150E-02
           470      G     -1.741452E-04   4.043987E-04   2.519017E-03  -1.004600E-01  -2.418834E-02   1.203949E-02
           471      G     -1.097205E-04   4.490366E-05   2.021832E-03  -7.525173E-02  -8.523703E-03   8.200599E-03
           472      G     -4.995072E-05  -6.049357E-05   1.895697E-03  -7.311224E-02  -2.704599E-03   2.418806E-03
           473      G      7.807552E-06  -8.657818E-05   1.781329E-03  -6.933039E-02   4.934543E-05  -5.087924E-05
           474      G      3.348574E-05   2.394715E-04   4.265684E-03  -5.019134E-02  -5.807858E-03   1.853298E-02
           475      G      4.379244E-05   4.038376E-05   4.094515E-03  -8.996054E-02  -2.472608E-04   4.399746E-03
           476      G      2.368848E-05  -5.681667E-05   3.972020E-03  -8.330315E-02  -4.727872E-03   2.640544E-03
           477      G      6.376571E-06  -7.367798E-05   3.832338E-03  -8.451595E-02   7.358383E-05  -6.419909E-05
           478      G      3.295385E-05   3.719204E-04   6.468687E-03  -3.961020E-02  -8.928505E-02   1.382602E-02
           479      G      1.643325E-04   1.600460E-04   5.444262E-03  -5.540899E-02   1.420880E-02   2.663231E-03
           480      G      1.245281E-04   7.033299E-06   5.698499E-03  -5.051066E-02   9.178272E-03   3.192870E-03
           481      G      6.907494E-05  -3.421886E-05   5.648766E-03  -5.602300E-02  -3.974242E-03   1.276862E-03
           482      G      1.726928E-04  -1.440969E-05   5.888768E-03  -1.047595E-04   2.029439E-02  -5.136929E-05
           483      G      1.584288E-04  -1.267065E-05   6.275551E-03  -4.497774E-05   1.972573E-02  -6.358322E-05
           484      G      8.425516E-05  -1.103748E-05   6.307766E-03   5.304976E-06  -8.959419E-03  -6.057458E-05
           485      G      5.006463E-06  -4.739935E-05   5.508512E-03  -5.199723E-02   7.948770E-05  -6.048338E-05
           486      G      3.707007E-06  -9.482783E-06   6.119594E-03   3.149240E-05   7.268949E-05  -5.874730E-05
           487      G      2.459900E-04   9.526573E-04   3.502076E-03  -8.557618E-02   5.103350E-02  -3.584534E-02
           488      G      1.902110E-04   4.149262E-04   2.531891E-03  -1.005021E-01   2.438194E-02  -1.218568E-02
           489      G      1.255429E-04   5.114122E-05   2.029807E-03  -7.522571E-02   8.681864E-03  -8.357986E-03
           490      G      6.567187E-05  -5.752480E-05   1.899168E-03  -7.311775E-02   2.862196E-03  -2.528561E-03
           491      G     -2.079479E-05   2.494417E-04   4.277280E-03  -5.006279E-02   5.961424E-03  -1.870819E-02
           492      G     -3.112628E-05   4.662494E-05   4.102104E-03  -8.995348E-02   3.832892E-04  -4.528501E-03
           493      G     -1.097038E-05  -5.382936E-05   3.975781E-03  -8.331330E-02   4.868233E-03  -2.768588E-03
           494      G     -2.273083E-05   3.850766E-04   6.487125E-03  -3.937123E-02   8.983490E-02  -1.396953E-02
           495      G     -1.545505E-04   1.697364E-04   5.453924E-03  -5.533503E-02  -1.407364E-02  -2.787488E-03
           496      G     -1.146563E-04   1.318237E-05   5.705438E-03  -5.046176E-02  -9.087902E-03  -3.319760E-03
           497      G     -5.910817E-05  -3.120130E-05   5.652625E-03  -5.602138E-02   4.111717E-03  -1.399324E-03
           498      G     -1.654150E-04  -5.161038E-06   5.895885E-03   8.170371E-06  -2.020764E-02  -5.526334E-05
1                                                       **STUDENT EDITION*    APRIL  18, 2026  MSC Nastran  3/ 3/26   PAGE    37
     DEFAULT                                                                                                                        
0                                                                                                            SUBCASE 1              
      EIGENVALUE =  2.291142E+06
          CYCLES =  2.409052E+02         R E A L   E I G E N V E C T O R   N O .          3
 
      POINT ID.   TYPE          T1             T2             T3             R1             R2             R3
           499      G     -1.511657E-04  -6.608654E-06   6.281125E-03   2.092563E-05  -1.967980E-02  -5.423205E-05
           500      G     -7.688521E-05  -8.015890E-06   6.311228E-03   3.229176E-05   9.077196E-03  -5.615110E-05
           501      G     -2.382580E-04  -9.703147E-04   3.493418E-03   8.552416E-02  -5.080680E-02  -3.578300E-02
           502      G     -1.826055E-04  -4.335258E-04   2.527131E-03   1.004530E-01  -2.430309E-02  -1.217021E-02
           503      G     -1.179471E-04  -7.024428E-05   2.026446E-03   7.518038E-02  -8.653347E-03  -8.359295E-03
           504      G     -5.796482E-05   3.848163E-05   1.896665E-03   7.303565E-02  -2.835700E-03  -2.542175E-03
           505      G      1.366572E-07   6.763273E-05   1.780230E-03   6.926541E-02   1.913080E-05  -5.753166E-05
           506      G      2.819701E-05  -2.683411E-04   4.272777E-03   5.007512E-02  -5.914954E-03  -1.868211E-02
           507      G      3.856897E-05  -6.572124E-05   4.097865E-03   8.988703E-02  -3.884157E-04  -4.524467E-03
           508      G      1.854399E-05   3.478756E-05   3.972038E-03   8.326980E-02  -4.827748E-03  -2.764751E-03
           509      G      1.339441E-06   5.474033E-05   3.830582E-03   8.449930E-02   3.702777E-05  -5.472869E-05
           510      G      3.024291E-05  -4.037655E-04   6.476775E-03   3.928847E-02  -8.942544E-02  -1.394460E-02
           511      G      1.618186E-04  -1.888259E-04   5.448635E-03   5.521638E-02   1.411652E-02  -2.785352E-03
           512      G      1.219638E-04  -3.237775E-05   5.700350E-03   5.042597E-02   9.092192E-03  -3.316913E-03
           513      G      6.652409E-05   1.215862E-05   5.648587E-03   5.602263E-02  -4.035805E-03  -1.398413E-03
           514      G      2.491379E-06   2.844245E-05   5.507241E-03   5.204077E-02   5.773723E-05  -5.661016E-05
           515      G      2.389049E-04  -9.601544E-04   3.500421E-03   8.561668E-02   5.103273E-02   3.574649E-02
           516      G      1.830924E-04  -4.253075E-04   2.530554E-03   1.005168E-01   2.437905E-02   1.208074E-02
           517      G      1.183296E-04  -6.440438E-05   2.028589E-03   7.520028E-02   8.691387E-03   8.258114E-03
           518      G      5.827494E-05   4.147458E-05   1.897848E-03   7.306508E-02   2.870802E-03   2.428193E-03
           519      G     -2.553742E-05  -2.597827E-04   4.276443E-03   5.008080E-02   5.984455E-03   1.860213E-02
           520      G     -3.593463E-05  -5.985811E-05   4.100729E-03   8.995684E-02   4.095864E-04   4.419596E-03
           521      G     -1.587914E-05   3.780145E-05   3.973899E-03   8.330643E-02   4.884488E-03   2.656558E-03
           522      G     -2.510597E-05  -3.924639E-04   6.487022E-03   3.938268E-02   8.983700E-02   1.386036E-02
           523      G     -1.569554E-04  -1.800611E-04   5.453534E-03   5.535226E-02  -1.405615E-02   2.677230E-03
           524      G     -1.170831E-04  -2.640254E-05   5.704543E-03   5.049226E-02  -9.064835E-03   3.208732E-03
           525      G     -6.157787E-05   1.517254E-05   5.651300E-03   5.606535E-02   4.121590E-03   1.285815E-03
          1000      G      3.615051E-06   1.867400E-03   1.564610E-03   1.526386E-01   3.590554E-05   1.301825E-03
          1001      G      8.796657E-04  -4.316312E-04   3.929811E-04  -3.637911E-03  -3.909425E-04   3.945008E-01
          1002      G      1.740321E-03   2.817096E-04   3.355621E-04  -1.386282E-03  -2.978591E-04   8.236137E-01
          1003      G      2.775601E-06  -8.540698E-04   1.285647E+00  -4.859902E+01   2.775514E-04  -2.424602E-05
          1004      G      1.973909E-03  -8.430549E-04   1.163090E+00  -4.175996E+01   7.140230E+00   2.233361E-02
          1005      G      3.215685E-03  -9.055568E-04   8.776949E-01  -3.253572E+01   1.338223E+01   6.114462E-02
          1006      G      1.267817E-06  -3.000819E-07   2.406889E+00  -2.458309E-05   2.882822E-05  -3.039140E-05
          1007      G      4.610069E-03  -1.223956E-06   2.096393E+00  -1.472266E-05   2.360440E+01  -2.864760E-05
          1008      G      1.101686E-02  -1.380105E-06   1.649035E+00  -1.168206E-04   3.732302E+00  -3.195083E-05
          1009      G      1.131677E-03  -3.954531E-04   1.468894E-04   4.236929E-04  -1.155502E-03   6.987065E-01
          1010      G     -7.912180E-04   6.153519E-04   5.334640E-05  -2.697846E-04  -2.458803E-04  -3.417704E-01
          1011      G      5.740725E-03  -3.791356E-04   4.137328E-01  -1.541744E+01   2.019120E+01   8.715915E-02
          1012      G      7.941770E-03   1.820781E-03   2.291952E-02   1.918149E+00   3.404302E+00  -1.013903E+01
          1013      G      1.108576E-02  -3.044185E-06   8.447752E-01  -7.530416E-04   5.063869E+01  -7.031393E-05
          1014      G      1.279552E-02  -4.627517E-06   3.241766E-02  -1.481665E-03   4.305033E+00  -3.394995E-03
          1015      G     -8.721152E-04  -4.316602E-04   3.933357E-04  -3.640188E-03   3.928523E-04  -3.908319E-01
          1016      G     -1.732700E-03   2.844287E-04   3.359638E-04  -1.388138E-03   2.997608E-04  -8.199098E-01
          1017      G     -1.968605E-03  -8.419992E-04   1.163102E+00  -4.176031E+01  -7.139955E+00  -2.240150E-02
          1018      G     -3.210397E-03  -9.015501E-04   8.777173E-01  -3.253643E+01  -1.338175E+01  -6.119087E-02
          1019      G     -4.607482E-03   1.553292E-07   2.096412E+00  -3.255260E-05  -2.360314E+01  -2.299618E-05
          1020      G     -1.101395E-02   5.218588E-07   1.649073E+00  -7.749634E-05  -3.732311E+00  -2.668769E-05
          1021      G     -1.125184E-03  -3.825698E-04   1.460671E-04   4.451737E-04   1.158435E-03  -6.994614E-01
          1022      G      8.017846E-04   6.110128E-04   5.257606E-05  -2.531730E-04   2.453870E-04   3.434805E-01
1                                                       **STUDENT EDITION*    APRIL  18, 2026  MSC Nastran  3/ 3/26   PAGE    38
     DEFAULT                                                                                                                        
0                                                                                                            SUBCASE 1              
      EIGENVALUE =  2.291142E+06
          CYCLES =  2.409052E+02         R E A L   E I G E N V E C T O R   N O .          3
 
      POINT ID.   TYPE          T1             T2             T3             R1             R2             R3
          1023      G     -5.732798E-03  -3.762481E-04   4.137655E-01  -1.541857E+01  -2.019086E+01  -8.721936E-02
          1024      G     -7.933486E-03   1.828306E-03   2.296076E-02   1.916637E+00  -3.404046E+00   1.013692E+01
          1025      G     -1.108357E-02   9.534929E-07   8.448196E-01  -8.123034E-05  -5.063825E+01  -1.921009E-05
          1026      G     -1.279391E-02   1.371556E-06   3.246339E-02  -5.767041E-06  -4.305354E+00   7.070083E-04
          1027      G     -9.152743E-07  -1.868232E-03   1.565478E-03  -1.527276E-01  -1.144854E-05   1.649550E-04
          1028      G      8.740395E-04   4.304600E-04   3.931497E-04   3.641173E-03  -3.940462E-04  -3.922436E-01
          1029      G      1.734105E-03  -2.843981E-04   3.358108E-04   1.389738E-03  -3.009736E-04  -8.210626E-01
          1030      G     -1.333548E-07   8.534709E-04   1.285648E+00   4.859891E+01   2.613254E-04  -1.841845E-05
          1031      G      1.970823E-03   8.414800E-04   1.163091E+00   4.175973E+01   7.140191E+00  -2.241264E-02
          1032      G      3.212192E-03   9.001950E-04   8.776990E-01   3.253545E+01   1.338204E+01  -6.120919E-02
          1033      G      1.126312E-03   3.799028E-04   1.455472E-04  -4.416088E-04  -1.157074E-03  -7.004064E-01
          1034      G     -8.014775E-04  -6.114479E-04   5.202317E-05   2.574916E-04  -2.435170E-04   3.430119E-01
          1035      G      5.734229E-03   3.747666E-04   4.137492E-01   1.541765E+01   2.019042E+01  -8.723733E-02
          1036      G      7.934946E-03  -1.830850E-03   2.294803E-02  -1.917467E+00   3.404305E+00   1.013512E+01
          1037      G     -8.760311E-04   4.316179E-04   3.933609E-04   3.640817E-03   3.918761E-04   3.925383E-01
          1038      G     -1.736323E-03  -2.847394E-04   3.359629E-04   1.388347E-03   2.987901E-04   8.214702E-01
          1039      G     -1.971152E-03   8.420208E-04   1.163103E+00   4.176023E+01  -7.139914E+00   2.236367E-02
          1040      G     -3.212525E-03   9.024332E-04   8.777192E-01   3.253642E+01  -1.338174E+01   6.115314E-02
          1041      G     -1.128687E-03   3.843416E-04   1.458358E-04  -4.447625E-04   1.157813E-03   7.010213E-01
          1042      G     -5.734633E-03   3.779082E-04   4.137673E-01   1.541858E+01  -2.019087E+01   8.717917E-02
          1043      G     -7.935270E-03  -1.825476E-03   2.296073E-02  -1.916716E+00  -3.404186E+00  -1.013572E+01
          1044      G      7.983205E-04  -6.082460E-04   5.232960E-05   2.535554E-04   2.447952E-04  -3.419367E-01
          2000      G      8.267914E-06  -6.636952E-05   1.080761E-03   3.444338E-02  -2.407653E-05   4.802983E-03
          2001      G     -1.496976E-05  -2.957859E-04   2.740229E-04  -7.269026E-04  -1.456364E-04  -4.989669E-02
          2002      G      1.407880E-05   4.335199E-04   2.743069E-04  -4.047598E-04  -1.501843E-04  -3.540114E-02
          2003      G      1.050221E-05  -1.788707E-04   5.677046E-02  -2.093086E+00   9.153283E-03   4.976331E-05
          2004      G      1.643529E-04  -3.974759E-05   5.175122E-02  -1.825475E+00   2.649520E-01   3.273794E-03
          2005      G      2.098089E-04  -2.526733E-06   4.077455E-02  -1.468377E+00   5.278366E-01   3.901209E-03
          2006      G      1.814196E-05  -4.004931E-07   1.048451E-01  -1.214137E-04   5.337145E-03   5.970847E-06
          2007      G      2.502044E-04  -8.265186E-07   9.238615E-02  -5.197656E-04   9.239039E-01   2.329325E-05
          2008      G      5.361634E-04   7.493622E-07   7.482892E-02  -9.409476E-04   1.582592E-01   2.594437E-05
          2009      G     -8.853424E-07   2.231502E-04   1.462407E-04  -1.596308E-04  -7.336715E-05   1.231808E-01
          2010      G     -2.519803E-04  -1.375925E-04   1.429208E-04  -3.010946E-04   5.446298E-05  -1.748082E-02
          2011      G      2.167685E-04   3.477459E-05   2.281833E-02  -7.979022E-01   7.657202E-01   6.253645E-03
          2012      G      3.761963E-04   2.494496E-04   7.566671E-03  -1.171567E-01   1.632577E-01   5.092783E-01
          2013      G      6.244959E-04   5.988968E-07   4.296632E-02  -5.134261E-03   2.008239E+00   4.982188E-06
          2014      G      6.956711E-04   1.504484E-06   1.063448E-02  -6.968048E-03   1.778223E-01   4.551540E-03
          2015      G      3.006451E-05  -2.958169E-04   2.744583E-04  -7.317243E-04   1.466421E-04   5.730131E-02
          2016      G     -2.220520E-06   4.360953E-04   2.748069E-04  -4.055220E-04   1.520747E-04   4.118997E-02
          2017      G     -1.430052E-04  -3.861300E-05   5.229127E-02  -1.844493E+00  -2.449412E-01  -3.197160E-03
          2018      G     -1.910739E-04   1.033150E-06   4.168585E-02  -1.504704E+00  -5.261601E-01  -3.731130E-03
          2019      G     -2.171275E-04  -5.125021E-07   9.341330E-02  -1.074934E-04  -8.673564E-01   6.825312E-06
          2020      G     -4.981470E-04  -4.314364E-07   7.680858E-02   5.508109E-06  -1.487437E-01   4.422860E-06
          2021      G      4.153135E-06   2.330743E-04   1.454194E-04  -1.356357E-04   7.979043E-05  -1.257193E-01
          2022      G      2.594119E-04  -1.465638E-04   1.422168E-04  -2.864307E-04  -5.234979E-05   1.737995E-02
          2023      G     -1.965857E-04   3.484718E-05   2.329249E-02  -8.071928E-01  -7.938833E-01  -5.940683E-03
          2024      G     -3.634691E-04   2.408058E-04   7.603580E-03  -9.509260E-02  -1.585906E-01  -4.611195E-01
          2025      G     -5.892907E-04  -5.366169E-07   4.395704E-02  -4.277780E-05  -2.080040E+00   5.176335E-06
          2026      G     -6.550245E-04  -6.476760E-07   1.062112E-02  -1.200192E-04  -1.684210E-01  -4.144262E-04
          2027      G      9.869247E-06   6.554822E-05   1.081250E-03  -3.472565E-02   5.181934E-05  -5.694100E-03
1                                                       **STUDENT EDITION*    APRIL  18, 2026  MSC Nastran  3/ 3/26   PAGE    39
     DEFAULT                                                                                                                        
0                                                                                                            SUBCASE 1              
      EIGENVALUE =  2.291142E+06
          CYCLES =  2.409052E+02         R E A L   E I G E N V E C T O R   N O .          3
 
      POINT ID.   TYPE          T1             T2             T3             R1             R2             R3
          2028      G     -1.289672E-05   2.946534E-04   2.741793E-04   7.292471E-04  -1.486922E-04   4.826648E-02
          2029      G      1.782373E-05  -4.359472E-04   2.745510E-04   4.068501E-04  -1.531293E-04   3.293716E-02
          2030      G      1.198541E-05   1.778342E-04   5.675406E-02   2.089647E+00   9.044062E-03  -4.356092E-05
          2031      G      1.664378E-04   3.862211E-05   5.173253E-02   1.819857E+00   2.654883E-01  -3.275098E-03
          2032      G      2.118336E-04  -2.382637E-09   4.076092E-02   1.459142E+00   5.265236E-01  -3.843269E-03
          2033      G      5.873331E-06  -2.319646E-04   1.448844E-04   1.403778E-04  -7.500851E-05  -1.309719E-01
          2034      G     -2.512644E-04   1.528616E-04   1.417604E-04   2.921639E-04   5.711145E-05   1.325281E-02
          2035      G      2.163861E-04  -3.221261E-05   2.285926E-02   7.865060E-01   7.634038E-01  -6.152450E-03
          2036      G      3.777865E-04  -2.457686E-04   7.618501E-03   9.741359E-02   1.646817E-01  -4.636426E-01
          2037      G      3.132697E-05   2.957075E-04   2.744811E-04   7.323738E-04   1.457045E-04  -5.819194E-02
          2038      G     -1.038809E-06  -4.365478E-04   2.748062E-04   4.062057E-04   1.511724E-04  -4.204026E-02
          2039      G     -1.419170E-04   3.787094E-05   5.227978E-02   1.842405E+00  -2.445802E-01   3.201838E-03
          2040      G     -1.903360E-04  -1.744769E-06   4.167784E-02   1.503413E+00  -5.261742E-01   3.741175E-03
          2041      G      5.344448E-06  -2.336937E-04   1.451868E-04   1.360823E-04   7.917535E-05   1.249234E-01
          2042      G      2.604359E-04   1.448597E-04   1.419658E-04   2.866465E-04  -5.282355E-05  -1.807600E-02
          2043      G     -1.960709E-04  -3.588573E-05   2.328713E-02   8.065242E-01  -7.937072E-01   5.953257E-03
          2044      G     -3.630092E-04  -2.420661E-04   7.602215E-03   9.489069E-02  -1.584346E-01   4.603988E-01
          3000      G      1.512762E-06  -9.365082E-05   6.150812E-04   1.111505E-02   1.874890E-03  -6.367962E-03
          3001      G     -3.896924E-06  -2.835381E-05   4.427215E-04   7.044237E-03   9.072526E-03  -6.919264E-02
          3002      G     -5.687070E-06   4.832095E-06   3.772612E-04   1.157940E-03   6.690156E-04  -1.598005E-02
          3003      G      2.516481E-06  -1.639067E-05  -7.490559E-03   3.383252E-01  -4.103486E-04   3.014002E-05
          3004      G      4.793489E-06  -7.148043E-06  -6.104459E-03   2.613194E-01  -8.272693E-02   2.606550E-04
          3005      G      1.208857E-05   2.909821E-05  -3.058718E-03   1.655775E-01  -1.315349E-01   9.728077E-05
          3006      G      2.192926E-06  -2.816627E-07  -1.520358E-02  -1.317732E-03   1.181123E-03   2.758925E-05
          3007      G     -3.095132E-05   1.447748E-06  -1.180405E-02  -1.542468E-03  -2.538515E-01   2.550841E-05
          3008      G     -1.001583E-04   2.547591E-06  -7.055183E-03  -2.221295E-03  -3.791940E-02   1.088210E-05
          3009      G      3.310111E-05   9.975382E-05   5.497238E-04  -4.762442E-03  -1.184965E-02   3.925854E-02
          3010      G      9.873720E-05   1.702765E-04   1.265979E-03  -3.416785E-02  -3.187506E-02   2.457499E-01
          3011      G     -1.355112E-05   6.390460E-05   1.731927E-03   1.354423E-02  -2.156972E-01  -4.990818E-04
          3012      G     -5.701189E-05   6.053263E-05   5.844164E-03  -1.012756E-01  -3.321304E-02   5.772410E-01
          3013      G     -9.803617E-05   3.261084E-06   5.972161E-04  -2.157693E-03  -4.640194E-01   1.860615E-05
          3014      G     -1.319628E-04   4.841869E-06   7.987869E-03  -6.620552E-03  -4.788271E-02   1.415483E-02
          3015      G      6.690457E-06  -3.077248E-05   4.386914E-04   8.302060E-03  -1.044756E-02   7.927583E-02
          3016      G      9.939520E-06  -8.539496E-07   3.727422E-04   2.962592E-03  -5.535830E-04   1.884148E-02
          3017      G      5.667304E-07  -9.921408E-06  -6.113530E-03   2.624950E-01   8.403718E-02  -1.900121E-04
          3018      G     -6.041887E-06   2.282346E-05  -3.054039E-03   1.683561E-01   1.310431E-01  -4.334389E-05
          3019      G      3.568445E-05  -1.161026E-06  -1.182386E-02  -8.312455E-04   2.509593E-01   2.018180E-05
          3020      G      1.041896E-04  -2.057485E-06  -7.083209E-03  -5.354124E-04   4.052771E-02   1.519763E-05
          3021      G     -2.486131E-05   8.809726E-05   5.382713E-04   2.758402E-05   1.132691E-02  -3.571185E-02
          3022      G     -8.685738E-05   1.585147E-04   1.241858E-03  -2.414180E-02   3.061527E-02  -2.572962E-01
          3023      G      1.882660E-05   5.531198E-05   1.723220E-03   1.729798E-02   2.153102E-01   4.790403E-04
          3024      G      6.057770E-05   5.374065E-05   5.871582E-03  -9.898364E-02   3.684170E-02  -5.974723E-01
          3025      G      1.021841E-04  -2.417383E-06   5.817295E-04  -3.197738E-04   4.632037E-01   7.954278E-06
          3026      G      1.363211E-04  -2.660779E-06   7.992337E-03  -6.486095E-05   5.052887E-02  -3.113362E-04
          3027      G      3.560135E-06   9.248552E-05   6.049734E-04  -1.364443E-02   3.483381E-05  -2.741162E-03
          3028      G     -1.543511E-06   2.940462E-05   4.300668E-04  -1.028431E-02   1.004524E-02   7.548243E-02
          3029      G     -4.561777E-06  -7.264720E-07   3.646932E-04  -4.534219E-03   7.796164E-04   1.765819E-02
          3030      G      3.041243E-06   1.592080E-05  -7.498205E-03  -3.382191E-01  -1.902039E-04   2.567627E-05
          3031      G      4.627795E-06   9.171199E-06  -6.113520E-03  -2.618453E-01  -8.332218E-02  -1.872179E-04
          3032      G      1.104589E-05  -2.326523E-05  -3.059010E-03  -1.672559E-01  -1.310180E-01  -2.463307E-05
1                                                       **STUDENT EDITION*    APRIL  18, 2026  MSC Nastran  3/ 3/26   PAGE    40
     DEFAULT                                                                                                                        
0                                                                                                            SUBCASE 1              
      EIGENVALUE =  2.291142E+06
          CYCLES =  2.409052E+02         R E A L   E I G E N V E C T O R   N O .          3
 
      POINT ID.   TYPE          T1             T2             T3             R1             R2             R3
          3033      G      3.041826E-05  -8.881052E-05   5.341858E-04  -6.163554E-04  -1.132395E-02  -3.764900E-02
          3034      G      9.241339E-05  -1.577764E-04   1.236634E-03   2.388025E-02  -3.034101E-02  -2.580472E-01
          3035      G     -1.413511E-05  -5.495966E-05   1.715225E-03  -1.711901E-02  -2.150954E-01   4.945692E-04
          3036      G     -5.614057E-05  -5.346541E-05   5.863973E-03   1.006161E-01  -3.625481E-02  -6.056880E-01
          3037      G      8.668777E-06   2.805692E-05   4.322746E-04  -9.848920E-03  -9.941767E-03  -8.080035E-02
          3038      G      1.142539E-05  -3.476893E-06   3.684369E-04  -3.890154E-03  -6.785341E-04  -2.240250E-02
          3039      G      1.157231E-06   7.322915E-06  -6.116220E-03  -2.625637E-01   8.376865E-02   2.351388E-04
          3040      G     -5.513414E-06  -2.681895E-05  -3.057112E-03  -1.684287E-01   1.312451E-01   7.680293E-05
          3041      G     -2.396869E-05  -9.310398E-05   5.348622E-04  -7.272675E-04   1.136272E-02   3.320281E-02
          3042      G     -8.651694E-05  -1.650547E-04   1.238937E-03   2.397149E-02   3.077672E-02   2.555640E-01
          3043      G      1.918282E-05  -6.047554E-05   1.720672E-03  -1.724537E-02   2.151685E-01  -4.604895E-04
          3044      G      6.088077E-05  -5.909437E-05   5.870008E-03   9.889352E-02   3.709733E-02   5.968117E-01
          4000      G      7.586594E-06  -1.553368E-04   3.284480E-04   3.251985E-02  -6.566028E-06   1.349612E-03
          4001      G     -2.696133E-05  -1.520045E-04   9.172409E-05   8.019384E-02   9.948296E-03  -6.226095E-02
          4002      G     -6.393973E-05  -7.473072E-05   3.526742E-04   2.424735E-02  -4.323068E-03   5.291524E-03
          4003      G      4.642917E-06  -5.959052E-05  -3.888442E-02   1.492524E+00   5.705782E-05  -7.475758E-05
          4004      G     -3.924529E-05  -3.809242E-05  -3.484617E-02   1.225649E+00  -2.478352E-01  -9.695443E-05
          4005      G     -5.188977E-05  -8.980862E-06  -2.445933E-02   9.399810E-01  -4.797528E-01  -1.123643E-03
          4006      G      1.596835E-06  -1.154344E-05  -7.281628E-02   8.014183E-05   1.471942E-04  -7.315657E-05
          4007      G     -1.203279E-04  -1.359790E-05  -6.194397E-02   6.042769E-05  -8.221197E-01  -7.416614E-05
          4008      G     -3.220770E-04  -1.564602E-05  -4.646976E-02   1.481577E-04  -1.241740E-01  -7.420287E-05
          4009      G     -2.895002E-05   7.189454E-05   8.771079E-04  -3.676831E-03   1.713732E-04   2.598120E-02
          4010      G      3.479671E-05   3.640839E-05   1.701524E-03  -1.282729E-02  -3.348365E-02   2.836669E-01
          4011      G     -1.437624E-04   9.813879E-06  -8.241707E-03   4.035864E-01  -6.863447E-01  -1.672720E-03
          4012      G     -2.288464E-04  -7.114538E-06   5.038499E-03  -1.249609E-01  -1.080529E-01   7.150150E-01
          4013      G     -3.053809E-04  -1.758032E-05  -1.982526E-02   1.218393E-04  -1.658575E+00  -7.666657E-05
          4014      G     -3.659569E-04  -1.971968E-05   6.663167E-03   7.801971E-05  -1.373785E-01  -2.467354E-04
          4015      G      4.221200E-05  -1.479060E-04   9.346852E-05   8.012160E-02  -9.796366E-03   6.347100E-02
          4016      G      7.925797E-05  -6.641298E-05   3.595461E-04   2.418041E-02   4.609001E-03  -4.942067E-03
          4017      G      4.850404E-05  -3.402279E-05  -3.484207E-02   1.225641E+00   2.480361E-01  -5.390913E-05
          4018      G      6.113663E-05  -7.360527E-07  -2.445151E-02   9.400765E-01   4.798646E-01   9.687954E-04
          4019      G      1.235403E-04  -9.572216E-06  -6.194108E-02   8.009855E-05   8.220573E-01  -7.182740E-05
          4020      G      3.252936E-04  -7.614356E-06  -4.646343E-02   3.145150E-05   1.245358E-01  -6.996749E-05
          4021      G      4.407169E-05   8.456677E-05   8.898707E-04  -3.618236E-03  -4.690971E-05  -2.680385E-02
          4022      G     -2.058965E-05   5.426987E-05   1.718660E-03  -1.305692E-02   3.412550E-02  -2.876286E-01
          4023      G      1.531225E-04   2.239102E-05  -8.229424E-03   4.036629E-01   6.865615E-01   1.522929E-03
          4024      G      2.389624E-04   9.208887E-06   5.059580E-03  -1.247042E-01   1.087555E-01  -7.177836E-01
          4025      G      3.087429E-04  -5.806719E-06  -1.981507E-02   2.564853E-05   1.658531E+00  -6.860519E-05
          4026      G      3.693365E-04  -4.014696E-06   6.675685E-03   2.411926E-05   1.377238E-01  -1.611581E-04
          4027      G     -3.993895E-06   1.323501E-04   3.291985E-04  -3.240146E-02  -2.592503E-06   9.743369E-04
          4028      G     -3.875617E-05   1.247766E-04   9.308738E-05  -7.995523E-02   9.821483E-03   6.371504E-02
          4029      G     -7.588048E-05   4.338891E-05   3.593630E-04  -2.394144E-02  -4.579762E-03  -4.484969E-03
          4030      G     -1.258854E-06   3.647810E-05  -3.888442E-02  -1.492554E+00  -1.006972E-05  -7.126516E-05
          4031      G     -4.519522E-05   1.093897E-05  -3.484456E-02  -1.225697E+00  -2.478989E-01  -5.244706E-05
          4032      G     -5.790840E-05  -2.237925E-05  -2.445588E-02  -9.402293E-01  -4.798388E-01   9.701769E-04
          4033      G     -4.073895E-05  -1.074760E-04   8.883453E-04   4.038638E-03   1.260832E-04  -2.586079E-02
          4034      G      2.370093E-05  -7.655303E-05   1.714478E-03   1.350718E-02  -3.381446E-02  -2.851070E-01
          4035      G     -1.499900E-04  -4.543302E-05  -8.235776E-03  -4.038856E-01  -6.864065E-01   1.525064E-03
          4036      G     -2.356959E-04  -3.208416E-05   5.050025E-03   1.245822E-01  -1.085679E-01  -7.134163E-01
          4037      G      3.080850E-05   1.286984E-04   9.356074E-05  -8.001165E-02  -9.853613E-03  -6.181077E-02
1                                                       **STUDENT EDITION*    APRIL  18, 2026  MSC Nastran  3/ 3/26   PAGE    41
     DEFAULT                                                                                                                        
0                                                                                                            SUBCASE 1              
      EIGENVALUE =  2.291142E+06
          CYCLES =  2.409052E+02         R E A L   E I G E N V E C T O R   N O .          3
 
      POINT ID.   TYPE          T1             T2             T3             R1             R2             R3
          4038      G      6.802138E-05   5.109847E-05   3.597674E-04  -2.409719E-02   4.563708E-03   6.485512E-03
          4039      G      4.267290E-05   1.489631E-05  -3.484278E-02  -1.225670E+00   2.480377E-01  -8.916170E-05
          4040      G      5.540749E-05  -1.454895E-05  -2.445129E-02  -9.400542E-01   4.799041E-01  -1.109491E-03
          4041      G      3.300955E-05  -9.617429E-05   8.901711E-04   3.880469E-03  -8.880822E-05   2.824301E-02
          4042      G     -3.148830E-05  -6.200349E-05   1.718426E-03   1.325908E-02   3.390360E-02   2.881757E-01
          4043      G      1.474764E-04  -3.394257E-05  -8.227747E-03  -4.037190E-01   6.865855E-01  -1.660527E-03
          4044      G      2.333320E-04  -1.723763E-05   5.059997E-03   1.247058E-01   1.085583E-01   7.172685E-01
1                                                       **STUDENT EDITION*    APRIL  18, 2026  MSC Nastran  3/ 3/26   PAGE    42
     DEFAULT                                                                                                                        
0                                                                                                            SUBCASE 1              
      EIGENVALUE =  2.515686E+06
          CYCLES =  2.524343E+02         R E A L   E I G E N V E C T O R   N O .          4
 
      POINT ID.   TYPE          T1             T2             T3             R1             R2             R3
             1      G      0.0            0.0            0.0            0.0            0.0            0.0
             2      G      0.0            0.0            0.0            0.0            0.0            0.0
             3      G      0.0            0.0            0.0            0.0            0.0            0.0
             4      G      0.0            0.0            0.0            0.0            0.0            0.0
             5      G      0.0            0.0            0.0            0.0            0.0            0.0
             6      G      0.0            0.0            0.0            0.0            0.0            0.0
             7      G      0.0            0.0            0.0            0.0            0.0            0.0
             8      G      0.0            0.0            0.0            0.0            0.0            0.0
            10      G      2.799861E-05   1.329871E-04   1.392500E-04  -4.374509E-05   3.684007E-04  -1.462713E-02
            11      G      2.830150E-05  -1.340486E-04   1.390233E-04   4.600321E-05   3.667763E-04   1.421715E-02
            12      G      1.796486E-04   9.078868E-05   2.574731E-04   3.184916E-04   5.723633E-04   3.120896E-02
            13      G      1.774381E-04  -9.522771E-05   2.573979E-04  -2.992698E-04   5.665900E-04  -3.066163E-02
            14      G     -1.803454E-04   9.483452E-05   2.524571E-04   2.718623E-04  -5.764658E-04  -2.770012E-02
            15      G     -1.861513E-04  -8.277035E-05   2.531274E-04  -3.242267E-04  -5.870224E-04   2.932956E-02
            16      G     -2.708176E-05   1.264789E-04   1.399265E-04   1.655036E-05  -3.363153E-04   1.652922E-02
            17      G     -1.937392E-05  -1.329064E-04   1.409103E-04   8.281075E-07  -3.123996E-04  -2.037548E-02
           100      G      1.429790E-04   2.447274E-04  -3.758287E-02   8.951309E-01  -3.802847E-01  -2.016844E-03
           101      G      3.973367E-04   6.862024E-06  -7.094751E-02  -3.656370E-04  -1.418603E-01  -3.399672E-04
           102      G      5.845601E-05   2.610563E-05  -5.034997E-02   1.234215E+00  -3.692027E-01   1.041210E-03
           103      G      4.179252E-04   6.224049E-06  -9.208082E-02   1.738260E-04  -7.950794E-01   1.782062E-04
           104      G     -1.854340E-05   3.726639E-04  -5.827932E-02   1.433295E+00   7.082424E-05  -2.472700E-04
           105      G     -2.458375E-05   3.066440E-06  -1.092764E-01   3.528642E-05   2.024170E-03   5.315714E-05
           106      G      3.382044E-05   4.684788E-04   2.665922E-04  -3.242267E-04  -5.870224E-04   2.932956E-02
           107      G      3.382044E-05  -3.142540E-04   2.509260E-04  -3.242267E-04  -5.870224E-04   2.932956E-02
           108      G     -9.308411E-06  -5.997276E-05   1.124205E-03   6.132555E-03   2.415138E-04   4.264075E-05
           109      G     -1.721901E-04  -2.857225E-04   1.432471E-04   8.281075E-07  -3.123996E-04  -2.037548E-02
           110      G      2.410348E-04  -1.172501E-03   6.162289E-03  -3.048972E-01  -1.152052E-01   1.296557E-01
           111      G     -1.721901E-04   2.835176E-04   1.345194E-04   8.281075E-07  -3.123996E-04  -2.037548E-02
           112      G      6.554288E-05   5.979518E-05  -1.484637E-02   3.184958E-01  -8.421322E-01  -8.041866E-03
           113      G      9.349936E-05   1.464746E-05   7.470149E-03   1.237611E-03  -1.333279E-01  -5.204776E-03
           114      G      6.236193E-04  -1.144094E-07  -3.177402E-02  -1.072468E-03  -1.526634E+00   1.423000E-03
           115      G     -1.856579E-04   2.214298E-04  -3.761021E-02   8.882519E-01   3.818216E-01   1.867082E-03
           116      G     -4.522155E-04  -1.506454E-06  -7.100447E-02   4.390329E-04   1.461984E-01   3.195984E-05
           117      G     -1.003067E-04   2.264722E-05  -5.037188E-02   1.231413E+00   3.685888E-01  -9.810176E-04
           118      G     -4.637350E-04   9.953100E-08  -9.211341E-02   1.889514E-04   7.915477E-01   1.152764E-04
           119      G     -5.252415E-05   4.810576E-04   2.702914E-04  -2.992698E-04   5.665900E-04  -3.066163E-02
           120      G     -5.252415E-05  -3.372247E-04   2.551706E-04  -2.992698E-04   5.665900E-04  -3.066163E-02
           121      G      1.349301E-04  -2.406772E-04   1.414291E-04   4.600321E-05   3.667763E-04   1.421715E-02
           122      G     -3.235919E-04  -1.145541E-03   6.162297E-03  -3.175626E-01   1.202315E-01  -1.204701E-01
           123      G      1.349301E-04   1.565144E-04   1.311823E-04   4.600321E-05   3.667763E-04   1.421715E-02
           124      G     -1.254903E-04   5.260727E-05  -1.487249E-02   3.090837E-01   8.417765E-01   7.441636E-03
           125      G     -1.607301E-04  -2.063900E-06   7.524087E-03   1.429262E-04   1.397223E-01  -2.009968E-04
           126      G     -6.866893E-04  -1.827429E-06  -3.179580E-02   6.092939E-04   1.529543E+00   4.548588E-05
           127      G      1.455886E-04  -2.238407E-04  -3.758646E-02  -8.935086E-01  -3.818754E-01   1.711190E-03
           128      G      5.702528E-05  -1.106800E-05  -5.036419E-02  -1.233620E+00  -3.686090E-01  -9.280327E-04
           129      G     -1.937706E-05  -3.678519E-04  -5.828481E-02  -1.433011E+00   2.641458E-04   2.719748E-04
           130      G      2.740550E-05  -4.257892E-04   2.653307E-04   2.718623E-04  -5.764658E-04  -2.770012E-02
           131      G      2.740550E-05   3.134578E-04   2.499463E-04   2.718623E-04  -5.764658E-04  -2.770012E-02
           132      G     -1.160875E-05   6.470740E-05   1.125075E-03  -6.127871E-03   6.614090E-04  -3.831891E-04
           133      G     -1.510509E-04   2.504481E-04   1.425730E-04   1.655036E-05  -3.363153E-04   1.652922E-02
1                                                       **STUDENT EDITION*    APRIL  18, 2026  MSC Nastran  3/ 3/26   PAGE    43
     DEFAULT                                                                                                                        
0                                                                                                            SUBCASE 1              
      EIGENVALUE =  2.515686E+06
          CYCLES =  2.524343E+02         R E A L   E I G E N V E C T O R   N O .          4
 
      POINT ID.   TYPE          T1             T2             T3             R1             R2             R3
           134      G      2.649785E-04   1.148030E-03   6.117696E-03   3.144233E-01  -1.157280E-01  -1.255548E-01
           135      G     -1.510509E-04  -2.113371E-04   1.331772E-04   1.655036E-05  -3.363153E-04   1.652922E-02
           136      G      8.114168E-05  -4.651469E-05  -1.485169E-02  -3.120151E-01  -8.398537E-01   7.759242E-03
           137      G     -1.851302E-04  -2.261733E-04  -3.762038E-02  -8.874611E-01   3.816764E-01  -2.032771E-03
           138      G     -1.014078E-04  -2.383479E-05  -5.037859E-02  -1.230877E+00   3.684862E-01   1.059485E-03
           139      G     -5.441859E-05  -4.957838E-04   2.706194E-04   3.184916E-04   5.723633E-04   3.120896E-02
           140      G     -5.441859E-05   3.371055E-04   2.553444E-04   3.184916E-04   5.723633E-04   3.120896E-02
           141      G      1.377021E-04   2.426906E-04   1.416849E-04  -4.374509E-05   3.684007E-04  -1.462713E-02
           142      G     -3.207334E-04   1.142322E-03   6.163961E-03   3.180425E-01   1.213449E-01   1.196559E-01
           143      G      1.377021E-04  -1.659549E-04   1.313927E-04  -4.374509E-05   3.684007E-04  -1.462713E-02
           144      G     -1.232203E-04  -5.726470E-05  -1.488488E-02  -3.088114E-01   8.417458E-01  -7.439118E-03
           200      G     -1.820306E-04  -2.857486E-04   1.432471E-04   8.281075E-07  -3.123996E-04  -2.037548E-02
           201      G     -1.820306E-04   2.834915E-04   1.345194E-04   8.281075E-07  -3.123996E-04  -2.037548E-02
           202      G      1.532924E-05   4.786919E-04   2.665922E-04  -3.242267E-04  -5.870224E-04   2.932956E-02
           203      G      1.532924E-05  -3.040409E-04   2.509260E-04  -3.242267E-04  -5.870224E-04   2.932956E-02
           204      G     -2.146159E-05   2.948473E-03   1.553998E-03   4.011072E-02  -1.824486E-03  -1.701315E-03
           205      G     -1.743891E-02  -1.193207E-03   7.764825E-03   1.264909E+00   3.176833E+00  -1.353970E-01
           206      G     -1.950484E-02  -7.676332E-05   1.146983E-02  -1.435126E-02   4.104364E+00  -4.840525E-02
           207      G      1.464836E-04  -2.421263E-04   1.414291E-04   4.600321E-05   3.667763E-04   1.421715E-02
           208      G      1.464836E-04   1.550653E-04   1.311823E-04   4.600321E-05   3.667763E-04   1.421715E-02
           209      G     -3.467657E-05   4.904846E-04   2.702914E-04  -2.992698E-04   5.665900E-04  -3.066163E-02
           210      G     -3.467657E-05  -3.277977E-04   2.551706E-04  -2.992698E-04   5.665900E-04  -3.066163E-02
           211      G      1.697552E-02  -1.123730E-03   7.763487E-03   1.909916E+00  -3.101413E+00   2.605664E-01
           212      G      1.946105E-02  -3.257194E-06   1.136321E-02  -1.541871E-03  -3.950132E+00  -6.233418E-04
           213      G     -1.616449E-04   2.499268E-04   1.425730E-04   1.655036E-05  -3.363153E-04   1.652922E-02
           214      G     -1.616449E-04  -2.118584E-04   1.331772E-04   1.655036E-05  -3.363153E-04   1.652922E-02
           215      G      9.246829E-06  -4.343529E-04   2.653307E-04   2.718623E-04  -5.764658E-04  -2.770012E-02
           216      G      9.246829E-06   3.048941E-04   2.499463E-04   2.718623E-04  -5.764658E-04  -2.770012E-02
           217      G     -2.035551E-05  -2.947396E-03   1.553880E-03  -4.182782E-02   1.573981E-03   8.146541E-04
           218      G     -1.776498E-02   1.339220E-03   7.771687E-03  -1.876633E+00   3.247942E+00   2.068024E-01
           219      G      1.493067E-04   2.440686E-04   1.416849E-04  -4.374509E-05   3.684007E-04  -1.462713E-02
           220      G      1.493067E-04  -1.645770E-04   1.313927E-04  -4.374509E-05   3.684007E-04  -1.462713E-02
           221      G     -3.638915E-05  -5.058162E-04   2.706194E-04   3.184916E-04   5.723633E-04   3.120896E-02
           222      G     -3.638915E-05   3.270730E-04   2.553444E-04   3.184916E-04   5.723633E-04   3.120896E-02
           223      G      1.698889E-02   1.118314E-03   7.762439E-03  -1.912486E+00  -3.093053E+00  -2.623002E-01
           224      G     -8.288940E-03  -3.477066E-03   9.367902E-01  -2.302356E+01   8.452418E+00  -2.616236E-01
           225      G     -1.815806E-02   2.500552E-06   1.710828E+00  -1.044818E-02   3.897371E+00   4.385743E-05
           226      G     -3.778020E-03   2.301409E-03   1.208172E+00  -3.001906E+01   7.595337E+00  -2.231022E-02
           227      G     -1.344917E-02   5.728150E-06   2.164975E+00  -4.978478E-03   1.654809E+01   3.748977E-04
           228      G     -3.034508E-04  -9.476410E-03   1.380498E+00  -3.350745E+01   1.299688E-01  -5.453847E-03
           229      G     -4.908039E-04  -1.520545E-06   2.526600E+00  -4.020285E-04   1.277335E-01  -4.229648E-05
           230      G     -1.037312E-02   1.045471E-04   4.549241E-01  -1.133665E+01   1.782991E+01  -1.479016E-01
           231      G     -2.905222E-02   6.012923E-05   8.660379E-01  -5.842515E-02   3.393918E+01   9.031126E-03
           232      G      7.493874E-03  -3.977819E-03   9.631630E-01  -2.390387E+01  -8.644144E+00   2.567996E-01
           233      G      1.754111E-02  -4.364659E-06   1.766099E+00   3.731656E-03  -3.684664E+00   1.434331E-05
           234      G      3.177699E-03   2.322732E-03   1.223437E+00  -3.048042E+01  -6.955290E+00   2.080084E-02
           235      G      1.236647E-02  -3.020262E-06   2.193409E+00   1.051691E-03  -1.543820E+01   1.935669E-04
           236      G      1.051562E-02   1.674237E-04   4.670676E-01  -1.149596E+01  -1.934704E+01   1.198377E-01
           237      G      2.507884E-02  -1.982264E-06   8.930116E-01   3.176172E-03  -3.831727E+01  -2.471234E-05
           238      G     -8.367668E-03   3.478087E-03   9.370750E-01   2.285771E+01   8.427022E+00   2.609440E-01
1                                                       **STUDENT EDITION*    APRIL  18, 2026  MSC Nastran  3/ 3/26   PAGE    44
     DEFAULT                                                                                                                        
0                                                                                                            SUBCASE 1              
      EIGENVALUE =  2.515686E+06
          CYCLES =  2.524343E+02         R E A L   E I G E N V E C T O R   N O .          4
 
      POINT ID.   TYPE          T1             T2             T3             R1             R2             R3
           239      G     -3.821305E-03  -2.290994E-03   1.208250E+00   2.992385E+01   7.599420E+00   2.241249E-02
           240      G     -3.256190E-04   9.462728E-03   1.380524E+00   3.346724E+01   1.267606E-01   5.706419E-03
           241      G     -1.054337E-02  -1.057145E-04   4.559051E-01   1.102620E+01   1.781915E+01   1.493179E-01
           242      G      7.491062E-03   3.966648E-03   9.630859E-01   2.389052E+01  -8.646089E+00  -2.569652E-01
           243      G      3.166974E-03  -2.329481E-03   1.223412E+00   3.045594E+01  -6.956041E+00  -2.083435E-02
           244      G      1.052058E-02  -1.738923E-04   4.669689E-01   1.148671E+01  -1.934737E+01  -1.198727E-01
           300      G     -1.229446E-05   5.476644E-05   3.915972E-04   1.745929E-02   4.556195E-03   1.325613E-04
           301      G      3.613626E-05   6.978323E-05   5.795039E-04   2.765858E-02   1.352575E-02   1.040085E-02
           302      G     -1.525538E-05   9.000136E-05   8.193034E-04   4.118138E-02   2.639592E-03  -1.938796E-03
           303      G     -1.047641E-04   2.996261E-04   1.253092E-03  -2.872632E-02  -4.013134E-03   3.657998E-03
           304      G     -2.013061E-05   1.614829E-04   5.678684E-04  -1.564513E-03  -1.616542E-02   1.327917E-02
           305      G      7.623929E-05   4.300698E-04   5.688136E-03  -1.237296E-01   3.795418E-02  -3.209359E-02
           306      G      1.349812E-04   6.059359E-05   8.251051E-03  -1.198389E-02   3.645918E-02   1.108066E-02
           307      G     -2.125263E-05   4.403878E-05   3.938455E-04   1.821674E-02  -5.194639E-03  -1.532487E-03
           308      G     -7.645596E-05   6.520293E-05   5.848320E-04   2.789817E-02  -1.497905E-02  -1.361419E-02
           309      G      1.118613E-04   3.108817E-04   1.257548E-03  -1.591443E-02  -4.379540E-03  -2.731690E-03
           310      G     -3.257444E-06   1.589474E-04   5.653216E-04   9.206990E-04   1.735302E-02  -1.643479E-02
           311      G     -1.191113E-04   4.541391E-04   5.697103E-03  -1.500535E-01  -3.179739E-02   4.095900E-02
           312      G     -1.514103E-04   8.312689E-07   8.215622E-03  -9.212180E-05  -3.274763E-02  -9.045383E-05
           313      G      5.531483E-06  -9.642715E-06   3.878213E-04  -1.868836E-02   5.630182E-03  -1.216869E-03
           314      G      5.858493E-05  -3.626979E-05   5.786041E-04  -2.883268E-02   1.472022E-02  -1.310471E-02
           315      G     -3.429584E-06  -6.795138E-05   8.191330E-04  -4.310056E-02   2.348961E-04   1.692594E-04
           316      G     -1.174245E-04  -2.495130E-04   1.245098E-03   1.567439E-02   7.814202E-03  -6.761210E-03
           317      G     -1.218613E-05  -1.208445E-04   5.614400E-04   5.333312E-04  -1.771342E-02  -1.572676E-02
           318      G      1.027513E-04  -4.180457E-04   5.678031E-03   1.543238E-01   3.693634E-02   4.023320E-02
           319      G     -1.123397E-05  -2.999249E-05   3.942871E-04  -1.902438E-02  -5.187759E-03   1.692037E-03
           320      G     -6.641687E-05  -4.439686E-05   5.836974E-04  -2.880666E-02  -1.427972E-02   1.383220E-02
           321      G      1.224484E-04  -3.072862E-04   1.259853E-03   1.555329E-02  -3.744018E-03   2.816266E-03
           322      G      6.696373E-06  -1.499768E-04   5.664808E-04  -1.924062E-03   1.738477E-02   1.663668E-02
           323      G     -1.117278E-04  -4.515569E-04   5.700281E-03   1.501198E-01  -3.160526E-02  -4.101521E-02
           324      G      6.156019E-05   4.921059E-05  -4.601093E-03   8.401443E-02  -1.020716E-01   2.667603E-03
           325      G      1.422244E-04   2.060704E-05  -6.502880E-03  -6.219084E-04  -3.279460E-04   1.848197E-04
           326      G     -2.232521E-06   2.736017E-05  -8.359725E-03   1.740269E-01  -1.036195E-01   3.140173E-05
           327      G      1.299936E-04   1.600554E-05  -1.182428E-02  -2.918763E-04  -1.902237E-01   1.597645E-04
           328      G     -1.578738E-05   1.042797E-04  -1.034657E-02   2.213578E-01  -3.137380E-04   5.075105E-04
           329      G     -1.042357E-05   1.251256E-05  -1.555980E-02  -6.519138E-04   1.806866E-03   7.683329E-05
           330      G      4.225526E-05   9.683334E-05   1.166711E-03  -3.779455E-02  -2.285675E-01   5.245985E-03
           331      G      2.950624E-04   1.515801E-05   1.266773E-03   5.553119E-04  -3.171322E-01  -1.232656E-03
           332      G     -9.270665E-05   3.833813E-05  -4.722213E-03   8.411341E-02   1.022496E-01  -2.136865E-03
           333      G     -1.646236E-04   7.020420E-06  -6.718154E-03  -3.768272E-04   4.425624E-03   8.243643E-05
           334      G     -2.725637E-05   2.159830E-05  -8.436962E-03   1.748230E-01   1.023679E-01   1.947521E-04
           335      G     -1.489951E-04   9.556683E-06  -1.194642E-02  -4.413675E-04   1.854028E-01   1.207264E-04
           336      G     -7.748005E-05   7.812095E-05   1.050500E-03  -4.418393E-02   2.297515E-01  -5.559887E-03
           337      G     -3.186604E-04   4.311533E-06   1.124507E-03  -3.117837E-04   3.219954E-01   1.700690E-04
           338      G      7.267536E-05  -8.887549E-06  -4.666880E-03  -8.104387E-02  -9.986623E-02  -2.175710E-03
           339      G      5.007087E-06   5.068594E-06  -8.409258E-03  -1.726185E-01  -1.036629E-01   2.429637E-04
           340      G     -7.287718E-06  -7.927207E-05  -1.038207E-02  -2.202314E-01   2.112163E-04   3.469580E-05
           341      G      6.215111E-05  -3.748695E-05   1.065492E-03   4.407019E-02  -2.292463E-01  -5.452896E-03
           342      G     -8.604935E-05  -2.382043E-05  -4.734181E-03  -8.383359E-02   1.024971E-01   2.238364E-03
           343      G     -1.969041E-05  -2.746489E-06  -8.455664E-03  -1.743998E-01   1.026534E-01  -3.794838E-05
1                                                       **STUDENT EDITION*    APRIL  18, 2026  MSC Nastran  3/ 3/26   PAGE    45
     DEFAULT                                                                                                                        
0                                                                                                            SUBCASE 1              
      EIGENVALUE =  2.515686E+06
          CYCLES =  2.524343E+02         R E A L   E I G E N V E C T O R   N O .          4
 
      POINT ID.   TYPE          T1             T2             T3             R1             R2             R3
           344      G     -7.064198E-05  -6.959669E-05   1.045792E-03   4.464887E-02   2.301607E-01   5.724732E-03
           400      G     -6.503968E-05   6.517556E-05   5.216482E-04   8.293187E-03  -2.705746E-03   2.266025E-03
           401      G     -2.138063E-05   2.251231E-04   5.472179E-04   3.539421E-02   8.495878E-03   3.500964E-03
           402      G     -1.465566E-05   4.043955E-05   6.371116E-04   1.346247E-02  -2.223782E-05  -1.429783E-04
           403      G     -2.373283E-04   4.857862E-04   1.728685E-03  -1.505683E-02  -3.366351E-02  -1.349384E-02
           404      G     -1.319000E-04   1.266055E-04   8.641583E-04  -6.397891E-03  -9.510098E-03   6.399920E-03
           405      G      3.427397E-04   4.161023E-04   5.324195E-03  -9.463987E-02  -6.043104E-02  -1.888489E-02
           406      G      4.333244E-04   2.166185E-05   7.174909E-03   8.266126E-04  -8.069304E-02   1.541088E-03
           407      G      3.722196E-05   5.492900E-05   5.266603E-04   8.191505E-03   2.891596E-03  -2.458430E-03
           408      G     -6.638031E-06   2.197869E-04   5.496556E-04   3.532871E-02  -8.423530E-03  -3.484528E-03
           409      G      2.118233E-04   4.694221E-04   1.736692E-03  -1.655963E-02   3.476237E-02   1.410330E-02
           410      G      1.066482E-04   1.120111E-04   8.712566E-04  -6.532942E-03   9.180730E-03  -5.957178E-03
           411      G     -3.647918E-04   3.956351E-04   5.320007E-03  -9.303227E-02   6.057989E-02   1.987482E-02
           412      G     -4.479532E-04   2.590668E-06   7.153075E-03  -4.869631E-05   8.070549E-02   7.100250E-05
           413      G     -5.032594E-05  -2.742859E-05   5.206038E-04  -8.021600E-03  -2.870428E-03  -2.276990E-03
           414      G     -6.786784E-06  -1.928722E-04   5.449543E-04  -3.523476E-02   8.522356E-03  -3.416620E-03
           415      G      3.650596E-07  -1.391135E-05   6.359890E-04  -1.343544E-02   8.139543E-05   1.343664E-04
           416      G     -2.223797E-04  -4.355374E-04   1.722715E-03   1.727110E-02  -3.499014E-02   1.363194E-02
           417      G     -1.179467E-04  -8.229516E-05   8.617047E-04   6.659661E-03  -8.924669E-03  -6.031104E-03
           418      G      3.494491E-04  -3.621003E-04   5.310788E-03   9.321390E-02  -6.037710E-02   1.939098E-02
           419      G      5.125505E-05  -3.889925E-05   5.272345E-04  -8.238191E-03   2.957387E-03   2.670884E-03
           420      G      7.698559E-06  -1.984435E-04   5.489731E-04  -3.532191E-02  -8.404123E-03   3.659982E-03
           421      G      2.259415E-04  -4.640672E-04   1.739807E-03   1.649088E-02   3.488752E-02  -1.392852E-02
           422      G      1.206361E-04  -1.011826E-04   8.727634E-04   6.432106E-03   9.226165E-03   6.156327E-03
           423      G     -3.579113E-04  -3.905326E-04   5.322675E-03   9.300456E-02   6.065290E-02  -1.975479E-02
           424      G      1.365378E-04   9.201664E-05  -1.054568E-02   2.864162E-01  -1.508654E-01   5.901866E-03
           425      G      3.689303E-04   1.901859E-05  -2.024064E-02   1.522868E-04  -7.022468E-02   1.718602E-04
           426      G      4.970157E-05   4.402348E-06  -1.531683E-02   3.969730E-01  -1.278970E-01   5.454008E-04
           427      G      2.467359E-04   1.621766E-05  -2.795402E-02  -1.264453E-05  -2.812037E-01   8.969821E-05
           428      G     -1.069095E-05   2.006839E-04  -1.815482E-02   4.846254E-01  -1.178335E-04   1.336861E-04
           429      G     -7.526623E-06   1.340883E-05  -3.420037E-02   4.617073E-05   3.679767E-05   9.308910E-05
           430      G      2.112488E-04   1.040739E-04  -2.331160E-03   9.588552E-02  -3.082308E-01   7.099361E-03
           431      G      5.882758E-04   2.225796E-05  -6.572843E-03   5.835366E-04  -5.548823E-01  -3.378920E-04
           432      G     -1.580286E-04   8.128607E-05  -1.055274E-02   2.866985E-01   1.504258E-01  -5.708665E-03
           433      G     -3.842813E-04   8.048540E-06  -2.025437E-02  -1.299543E-05   7.034172E-02   9.509765E-05
           434      G     -7.139947E-05  -1.152581E-06  -1.531881E-02   3.970822E-01   1.280205E-01  -3.686818E-04
           435      G     -2.616866E-04   1.071852E-05  -2.796105E-02   3.195451E-06   2.808435E-01   1.015742E-04
           436      G     -2.331873E-04   8.923001E-05  -2.340815E-03   9.651079E-02   3.086427E-01  -6.953910E-03
           437      G     -6.035254E-04   5.292870E-06  -6.589308E-03  -3.082308E-05   5.548476E-01   1.032994E-04
           438      G      1.431675E-04  -5.392039E-05  -1.055397E-02  -2.863538E-01  -1.501446E-01  -5.731586E-03
           439      G      5.659392E-05   2.794494E-05  -1.531944E-02  -3.967783E-01  -1.281035E-01  -3.541698E-04
           440      G     -3.821055E-06  -1.739176E-04  -1.815829E-02  -4.845293E-01   1.846508E-05   8.261469E-05
           441      G      2.176584E-04  -6.109909E-05  -2.347946E-03  -9.617468E-02  -3.085261E-01  -6.875667E-03
           442      G     -1.510058E-04  -6.517666E-05  -1.055316E-02  -2.866584E-01   1.504465E-01   5.857262E-03
           443      G     -6.437780E-05   2.241031E-05  -1.532030E-02  -3.970058E-01   1.280719E-01   5.521071E-04
           444      G     -2.262230E-04  -7.854932E-05  -2.340162E-03  -9.647635E-02   3.087216E-01   7.133969E-03
           445      G     -6.239190E-04   1.296591E-03   1.860216E-03  -5.264387E-02  -2.387492E-02  -3.186998E-02
           446      G     -4.736082E-04   4.312157E-04   1.020694E-03  -3.430909E-02  -2.796960E-02   8.047209E-03
           447      G     -2.917349E-04   1.192276E-04   6.181858E-04  -3.369580E-02  -5.990801E-03   8.771363E-03
           448      G     -1.282111E-04  -1.722892E-05   5.726596E-04  -3.058069E-02   3.331465E-03   8.137353E-03
1                                                       **STUDENT EDITION*    APRIL  18, 2026  MSC Nastran  3/ 3/26   PAGE    46
     DEFAULT                                                                                                                        
0                                                                                                            SUBCASE 1              
      EIGENVALUE =  2.515686E+06
          CYCLES =  2.524343E+02         R E A L   E I G E N V E C T O R   N O .          4
 
      POINT ID.   TYPE          T1             T2             T3             R1             R2             R3
           449      G     -1.230612E-05  -6.194588E-05   6.204478E-04  -1.636700E-02   6.032210E-05   1.005137E-04
           450      G     -3.608248E-05   9.815696E-04   5.151048E-03  -7.814465E-02  -6.081603E-02  -5.134484E-02
           451      G      7.492386E-05   2.318492E-05   6.748148E-03   8.955272E-05  -9.553617E-02   2.239989E-04
           452      G      5.991023E-04   1.272984E-03   1.867776E-03  -5.186234E-02   2.373396E-02   3.213486E-02
           453      G      4.486609E-04   4.147273E-04   1.028097E-03  -3.407557E-02   2.808705E-02  -7.864213E-03
           454      G      2.671702E-04   1.088327E-04   6.234008E-04  -3.366808E-02   6.079904E-03  -8.519197E-03
           455      G      1.033703E-04  -2.231650E-05   5.754556E-04  -3.055989E-02  -3.236214E-03  -7.999560E-03
           456      G      2.035897E-05   9.583325E-04   5.145178E-03  -7.787503E-02   6.103827E-02   5.141771E-02
           457      G     -8.289613E-05   3.327872E-06   6.731510E-03  -3.718189E-05   9.519762E-02   9.952339E-05
           458      G     -6.073103E-04  -1.247310E-03   1.853054E-03   5.187686E-02  -2.350940E-02   3.195751E-02
           459      G     -4.572484E-04  -3.889182E-04   1.017901E-03   3.412840E-02  -2.794857E-02  -7.909515E-03
           460      G     -2.760521E-04  -8.238778E-05   6.165100E-04   3.359014E-02  -5.962972E-03  -8.531110E-03
           461      G     -1.125726E-04   4.905985E-05   5.711644E-04   3.049278E-02   3.324394E-03  -7.954952E-03
           462      G      3.264124E-06   8.883922E-05   6.190632E-04   1.629918E-02   7.053701E-05   9.174697E-05
           463      G     -2.840816E-05  -9.348933E-04   5.140831E-03   7.849433E-02  -6.032578E-02   5.175490E-02
           464      G      6.148681E-04  -1.266705E-03   1.870989E-03   5.185553E-02   2.377455E-02  -3.196913E-02
           465      G      4.643543E-04  -4.030178E-04   1.029806E-03   3.405046E-02   2.813829E-02   8.056771E-03
           466      G      2.828382E-04  -9.188155E-05   6.238312E-04   3.360957E-02   6.120354E-03   8.707343E-03
           467      G      1.190325E-04   4.423480E-05   5.747962E-04   3.049746E-02  -3.198743E-03   8.176359E-03
           468      G      2.796138E-05  -9.518514E-04   5.147644E-03   7.783500E-02   6.109265E-02  -5.123867E-02
           469      G     -2.218850E-04   9.556542E-04   3.368933E-03  -8.215668E-02  -4.179710E-02   3.498188E-02
           470      G     -1.708624E-04   4.310578E-04   2.660367E-03  -1.074220E-01  -1.627524E-02   1.148652E-02
           471      G     -1.103095E-04   7.643128E-05   2.385221E-03  -9.148301E-02  -1.837374E-03   7.965029E-03
           472      G     -5.861114E-05  -2.865308E-05   2.399822E-03  -9.596278E-02   1.183579E-03   2.118704E-03
           473      G     -1.009816E-05  -5.647710E-05   2.346699E-03  -9.282641E-02  -6.548207E-06   1.000275E-04
           474      G      3.257224E-05   2.694947E-04   4.601532E-03  -5.786507E-02   9.814956E-03   1.841463E-02
           475      G      3.874216E-05   7.247346E-05   4.886053E-03  -1.072258E-01   1.362319E-02   4.298722E-03
           476      G      1.434819E-05  -2.485075E-05   5.068658E-03  -1.075398E-01   2.849208E-03   2.686693E-03
           477      G     -7.834474E-06  -4.389525E-05   5.033208E-03  -1.112656E-01  -6.180154E-05   9.975345E-05
           478      G      3.272853E-05   4.052248E-04   6.365211E-03  -4.143115E-02  -7.538169E-02   1.385388E-02
           479      G      1.630142E-04   1.928399E-04   5.920454E-03  -5.967315E-02   3.582298E-02   2.670012E-03
           480      G      1.197975E-04   3.877338E-05   6.808722E-03  -6.068731E-02   2.844853E-02   3.251587E-03
           481      G      6.127954E-05  -4.326164E-06   7.198668E-03  -7.095631E-02   7.374212E-03   1.342374E-03
           482      G      1.740711E-04   2.103585E-05   6.409025E-03   2.895417E-06   4.358251E-02   6.655801E-05
           483      G      1.564618E-04   1.840647E-05   7.496538E-03   4.795589E-05   4.110518E-02   9.581044E-05
           484      G      7.902613E-05   1.593042E-05   8.026904E-03   2.968304E-05   4.529357E-03   9.147360E-05
           485      G     -5.802456E-06  -2.051072E-05   7.216260E-03  -6.902488E-02  -1.269887E-04   9.499586E-05
           486      G     -3.853496E-06   1.343704E-05   8.023653E-03   2.709731E-05  -1.445176E-04   9.216121E-05
           487      G      2.016799E-04   9.325829E-04   3.367027E-03  -8.198300E-02   4.181216E-02  -3.475155E-02
           488      G      1.507088E-04   4.146110E-04   2.659665E-03  -1.069598E-01   1.622922E-02  -1.126179E-02
           489      G      9.014026E-05   6.607851E-05   2.386091E-03  -9.119157E-02   1.823236E-03  -7.767582E-03
           490      G      3.849659E-05  -3.375817E-05   2.400249E-03  -9.580930E-02  -1.133386E-03  -1.908428E-03
           491      G     -4.819745E-05   2.535368E-04   4.593231E-03  -5.762353E-02  -9.810372E-03  -1.818286E-02
           492      G     -5.433033E-05   6.219435E-05   4.879756E-03  -1.069185E-01  -1.369447E-02  -4.098379E-03
           493      G     -3.001457E-05  -2.992073E-05   5.065172E-03  -1.073732E-01  -2.973945E-03  -2.491150E-03
           494      G     -4.455826E-05   3.836440E-04   6.351894E-03  -4.104452E-02   7.532477E-02  -1.363332E-02
           495      G     -1.743858E-04   1.771995E-04   5.907803E-03  -5.953775E-02  -3.575829E-02  -2.474795E-03
           496      G     -1.312926E-04   2.866536E-05   6.797454E-03  -6.054133E-02  -2.855628E-02  -3.058634E-03
           497      G     -7.284006E-05  -9.355925E-06   7.192144E-03  -7.085548E-02  -7.587318E-03  -1.151095E-03
           498      G     -1.816295E-04   5.860448E-06   6.395490E-03  -1.236836E-05  -4.350478E-02   9.039548E-05
1                                                       **STUDENT EDITION*    APRIL  18, 2026  MSC Nastran  3/ 3/26   PAGE    47
     DEFAULT                                                                                                                        
0                                                                                                            SUBCASE 1              
      EIGENVALUE =  2.515686E+06
          CYCLES =  2.524343E+02         R E A L   E I G E N V E C T O R   N O .          4
 
      POINT ID.   TYPE          T1             T2             T3             R1             R2             R3
           499      G     -1.640283E-04   8.466450E-06   7.484149E-03   4.655792E-06  -4.119141E-02   9.285234E-05
           500      G     -8.670843E-05   1.095323E-05   8.019406E-03   1.892432E-05  -4.771603E-03   9.223642E-05
           501      G     -2.098517E-04  -9.076412E-04   3.354099E-03   8.213998E-02  -4.136817E-02  -3.478862E-02
           502      G     -1.592570E-04  -3.888307E-04   2.654723E-03   1.073988E-01  -1.610622E-02  -1.127058E-02
           503      G     -9.860697E-05  -3.963635E-05   2.382282E-03   9.146961E-02  -1.785840E-03  -7.787209E-03
           504      G     -4.698615E-05   6.048112E-05   2.397362E-03   9.595116E-02   1.181584E-03  -1.933491E-03
           505      G      1.528528E-06   8.335856E-05   2.344516E-03   9.281248E-02   1.500160E-05   7.998542E-05
           506      G      4.013555E-05  -2.272780E-04   4.597809E-03   5.792419E-02   9.881545E-03  -1.826234E-02
           507      G      4.628432E-05  -3.566550E-05   4.883744E-03   1.072648E-01   1.364886E-02  -4.106528E-03
           508      G      2.194370E-05   5.668676E-05   5.066559E-03   1.075639E-01   2.858062E-03  -2.502941E-03
           509      G     -2.411920E-07   7.076903E-05   5.031288E-03   1.112885E-01  -5.180025E-05   8.459346E-05
           510      G      3.658113E-05  -3.580399E-04   6.360956E-03   4.171905E-02  -7.514795E-02  -1.372770E-02
           511      G      1.667772E-04  -1.509346E-04   5.918929E-03   5.986196E-02   3.584224E-02  -2.470877E-03
           512      G      1.235618E-04  -1.904759E-06   6.807366E-03   6.073224E-02   2.844820E-02  -3.072165E-03
           513      G      6.506188E-05   3.616715E-05   7.197407E-03   7.101102E-02   7.383323E-03  -1.157099E-03
           514      G     -2.006700E-06   4.738657E-05   7.215146E-03   6.907118E-02  -1.188425E-04   8.891986E-05
           515      G      2.133232E-04  -9.261523E-04   3.370050E-03   8.196990E-02   4.185985E-02   3.494407E-02
           516      G      1.623353E-04  -4.029112E-04   2.661022E-03   1.069473E-01   1.628609E-02   1.144614E-02
           517      G      1.017674E-04  -4.913393E-05   2.385804E-03   9.117507E-02   1.877878E-03   7.952244E-03
           518      G      5.010883E-05   5.568242E-05   2.398784E-03   9.578882E-02  -1.104431E-03   2.094027E-03
           519      G     -4.061362E-05  -2.418177E-04   4.594227E-03   5.760240E-02  -9.766606E-03   1.836834E-02
           520      G     -4.674526E-05  -4.525580E-05   4.879397E-03   1.069199E-01  -1.365076E-02   4.282817E-03
           521      G     -2.242025E-05   5.183503E-05   5.063786E-03   1.073895E-01  -2.944165E-03   2.674986E-03
           522      G     -4.075769E-05  -3.770842E-04   6.353305E-03   4.097922E-02   7.535204E-02   1.381527E-02
           523      G     -1.706072E-04  -1.654687E-04   5.908358E-03   5.950912E-02  -3.573332E-02   2.658747E-03
           524      G     -1.275018E-04  -1.173275E-05   6.797247E-03   6.054982E-02  -2.853102E-02   3.242294E-03
           525      G     -6.904555E-05   3.126401E-05   7.191350E-03   7.088924E-02  -7.570729E-03   1.335219E-03
          1000      G     -1.710396E-05  -9.250962E-05   1.095044E-03   6.129588E-03   2.414409E-04  -4.911038E-03
          1001      G     -1.539362E-04  -2.747411E-04   2.472910E-04  -3.074978E-04  -5.652572E-04  -1.205353E-01
          1002      G     -2.269627E-04   4.471253E-04   2.646521E-04  -1.573953E-04  -5.794509E-04  -1.569333E-01
          1003      G     -1.071957E-05  -7.449707E-05  -5.707635E-02   2.227295E+00  -7.661425E-04   1.213144E-04
          1004      G     -1.171755E-04   9.005501E-05  -5.105390E-02   1.861434E+00  -3.728784E-01   1.013792E-03
          1005      G     -2.464142E-04   1.202626E-04  -3.648911E-02   1.390740E+00  -6.682188E-01  -2.695485E-03
          1006      G     -7.967945E-06   2.800197E-06  -1.092814E-01   3.531608E-05   2.024016E-03   1.733066E-04
          1007      G     -2.864783E-04   8.267443E-06  -9.342910E-02  -1.056313E-04  -1.219697E+00   1.287415E-04
          1008      G     -6.994694E-04   9.896950E-06  -7.094946E-02  -3.654688E-04  -1.419564E-01   1.443780E-04
          1009      G     -1.664937E-04   2.672031E-04   1.344702E-04  -4.448183E-07  -2.744064E-04   2.679627E-02
          1010      G     -1.804062E-04  -2.632336E-04   1.470519E-04  -6.129975E-05  -2.377731E-04   1.330274E-02
          1011      G     -5.451908E-04   1.105206E-04  -1.331428E-02   5.420513E-01  -1.014203E+00  -5.047522E-03
          1012      G     -6.734155E-04  -3.481444E-05   5.694619E-03  -3.049180E-01  -1.152539E-01   5.425978E-01
          1013      G     -7.473770E-04   1.584616E-05  -3.184345E-02   1.402260E-03  -2.479103E+00   2.581910E-04
          1014      G     -9.493609E-04   2.138224E-05   6.929853E-03   1.236180E-03  -1.333093E-01  -3.194099E-03
          1015      G      1.211156E-04  -2.970534E-04   2.514421E-04  -2.859617E-04   5.447822E-04   1.149068E-01
          1016      G      1.990617E-04   4.563480E-04   2.682271E-04  -1.200565E-04   5.589650E-04   1.537604E-01
          1017      G      9.254957E-05   8.306965E-05  -5.107321E-02   1.860331E+00   3.733694E-01  -5.736126E-04
          1018      G      2.249150E-04   8.668470E-05  -3.652039E-02   1.387688E+00   6.672737E-01   2.829858E-03
          1019      G      2.741984E-04  -1.919383E-06  -9.346270E-02   2.716509E-04   1.214386E+00   1.457800E-04
          1020      G      6.801841E-04  -5.087150E-06  -7.100643E-02   4.390434E-04   1.462941E-01   1.333065E-04
          1021      G      1.576798E-04   1.625923E-04   1.309105E-04   1.667470E-05   3.152970E-04  -4.930627E-03
          1022      G      1.448595E-04  -2.236100E-04   1.446828E-04  -1.668986E-06   3.051254E-04  -8.093793E-03
1                                                       **STUDENT EDITION*    APRIL  18, 2026  MSC Nastran  3/ 3/26   PAGE    48
     DEFAULT                                                                                                                        
0                                                                                                            SUBCASE 1              
      EIGENVALUE =  2.515686E+06
          CYCLES =  2.524343E+02         R E A L   E I G E N V E C T O R   N O .          4
 
      POINT ID.   TYPE          T1             T2             T3             R1             R2             R3
          1023      G      5.070337E-04   9.493867E-05  -1.337325E-02   5.359069E-01   1.013389E+00   5.047179E-03
          1024      G      6.319548E-04  -7.368808E-05   5.674547E-03  -3.175775E-01   1.202800E-01  -6.360599E-01
          1025      G      7.301615E-04  -8.479468E-06  -3.188020E-02   6.036836E-04   2.478035E+00   1.433683E-04
          1026      G      9.345093E-04  -1.202512E-05   6.958323E-03   1.429689E-04   1.397044E-01  -4.185867E-03
          1027      G      6.226393E-06   9.721342E-05   1.095930E-03  -6.124939E-03   6.614071E-04  -5.824508E-03
          1028      G     -1.279626E-04   2.758967E-04   2.460914E-04   2.492473E-04  -5.543364E-04   1.028025E-01
          1029      G     -2.024240E-04  -4.053602E-04   2.631919E-04   1.103860E-04  -5.685586E-04   1.399160E-01
          1030      G      2.247818E-06   7.793018E-05  -5.708174E-02  -2.225861E+00  -6.067589E-04   1.976039E-04
          1031      G     -1.068087E-04  -7.465938E-05  -5.105731E-02  -1.858885E+00  -3.732181E-01  -6.030566E-04
          1032      G     -2.343102E-04  -8.994182E-05  -3.649603E-02  -1.386358E+00  -6.673476E-01   2.967165E-03
          1033      G     -1.485745E-04  -2.006106E-04   1.331875E-04   3.086829E-05  -2.921885E-04  -2.066482E-02
          1034      G     -1.399822E-04   2.523924E-04   1.462233E-04   6.663663E-05  -2.719556E-04  -2.046463E-02
          1035      G     -5.206332E-04  -8.232696E-05  -1.335367E-02  -5.368993E-01  -1.012962E+00   5.255008E-03
          1036      G     -6.533328E-04   7.529118E-05   5.647950E-03   3.144393E-01  -1.157751E-01  -6.177885E-01
          1037      G      1.434813E-04   2.964985E-04   2.517013E-04   3.063518E-04   5.507610E-04  -1.275270E-01
          1038      G      2.208018E-04  -4.708415E-04   2.686279E-04   1.377067E-04   5.649903E-04  -1.660689E-01
          1039      G      1.045202E-04  -8.648604E-05  -5.108148E-02  -1.859618E+00   3.732122E-01   8.435653E-04
          1040      G      2.366785E-04  -9.746635E-05  -3.653175E-02  -1.387402E+00   6.671917E-01  -2.568659E-03
          1041      G      1.788026E-04  -1.810225E-04   1.311241E-04  -1.500575E-05   3.174045E-04  -3.770581E-03
          1042      G      5.197706E-04  -1.118514E-04  -1.338768E-02  -5.358866E-01   1.013252E+00  -4.797970E-03
          1043      G      6.439300E-04   5.045454E-05   5.671756E-03   3.180575E-01   1.213935E-01   6.288416E-01
          1044      G      1.678154E-04   2.049784E-04   1.449447E-04   4.908034E-06   3.058884E-04  -1.689211E-03
          2000      G      1.266469E-04   2.244680E-03   1.464725E-03   4.005215E-02  -1.826028E-03   8.280134E-02
          2001      G      8.546045E-04  -3.932546E-04   3.820761E-04  -3.664578E-03  -8.580608E-04   3.921619E-01
          2002      G      1.556057E-03   3.166454E-04   3.342106E-04  -1.355613E-03  -7.540546E-04   7.418693E-01
          2003      G      2.238690E-04  -8.223117E-04   1.348043E+00  -5.110605E+01   2.657479E-01   2.364438E-03
          2004      G      2.062587E-03  -7.904509E-04   1.212411E+00  -4.378182E+01   7.693348E+00   2.574531E-02
          2005      G      3.134030E-03  -8.205407E-04   9.093362E-01  -3.403679E+01   1.409011E+01   6.753267E-02
          2006      G      5.000899E-04   6.857741E-07   2.526701E+00  -4.042804E-04   1.277679E-01   1.331055E-03
          2007      G      5.061250E-03   2.430531E-05   2.188748E+00  -9.458785E-03   2.540487E+01   1.800998E-03
          2008      G      1.158903E-02   8.286270E-05   1.710866E+00  -1.045439E-02   3.899307E+00   2.258393E-03
          2009      G      7.351873E-04  -2.198155E-04   1.342839E-04   6.105598E-04  -1.485892E-03   4.894496E-01
          2010      G     -1.107667E-03   9.106027E-04   3.959383E-05   8.377350E-05  -5.960735E-04  -5.089035E-01
          2011      G      5.589032E-03  -1.411260E-04   4.237581E-01  -1.632720E+01   2.104929E+01   9.449606E-02
          2012      G      7.537851E-03   2.330089E-03   2.059503E-02   1.266101E+00   3.178660E+00  -6.639373E+00
          2013      G      1.122021E-02   1.477939E-04   8.703976E-01  -7.338955E-02   5.284627E+01   2.271541E-03
          2014      G      1.261738E-02   1.998828E-04   2.809377E-02  -1.426824E-02   4.105774E+00  -3.294490E-02
          2015      G     -6.532300E-04  -4.175985E-04   3.885965E-04  -3.717086E-03   8.124971E-04  -2.806168E-01
          2016      G     -1.453484E-03   3.198722E-04   3.406143E-04  -1.292136E-03   7.315561E-04  -6.796365E-01
          2017      G     -1.598662E-03  -7.990318E-04   1.227697E+00  -4.432558E+01  -7.144491E+00  -2.099882E-02
          2018      G     -2.735846E-03  -8.693187E-04   9.350045E-01  -3.507008E+01  -1.403225E+01  -6.101175E-02
          2019      G     -4.158533E-03  -2.160738E-05   2.217556E+00  -1.413138E-03  -2.378576E+01   1.077180E-03
          2020      G     -1.056595E-02  -3.441798E-05   1.766124E+00   3.730681E-03  -3.686911E+00   9.121083E-04
          2021      G     -8.543148E-04  -4.057181E-04   1.308490E-04   7.086324E-04   1.628625E-03  -5.283258E-01
          2022      G      9.360509E-04   7.828929E-04   3.891865E-05   9.856633E-05   7.416780E-04   4.381185E-01
          2023      G     -5.226416E-03  -2.434746E-04   4.369149E-01  -1.660296E+01  -2.187855E+01  -8.267815E-02
          2024      G     -7.371687E-03   1.753636E-03   2.029497E-02   1.910894E+00  -3.103235E+00   8.749382E+00
          2025      G     -1.023868E-02  -5.455935E-05   8.982990E-01   3.252490E-03  -5.479793E+01   8.975482E-04
          2026      G     -1.146350E-02  -7.432367E-05   2.737679E-02  -1.543949E-03  -3.951831E+00  -4.093445E-02
          2027      G      3.426795E-04  -2.230047E-03   1.457726E-03  -4.176913E-02   1.574152E-03  -1.756241E-01
1                                                       **STUDENT EDITION*    APRIL  18, 2026  MSC Nastran  3/ 3/26   PAGE    49
     DEFAULT                                                                                                                        
0                                                                                                            SUBCASE 1              
      EIGENVALUE =  2.515686E+06
          CYCLES =  2.524343E+02         R E A L   E I G E N V E C T O R   N O .          4
 
      POINT ID.   TYPE          T1             T2             T3             R1             R2             R3
          2028      G      1.122742E-03   3.998993E-04   3.805738E-04   3.580574E-03  -8.456736E-04  -5.304954E-01
          2029      G      1.896897E-03  -2.629142E-04   3.326601E-04   1.269451E-03  -7.375126E-04  -9.164508E-01
          2030      G      3.738600E-04   8.162112E-04   1.348010E+00   5.102512E+01   2.573915E-01  -4.775178E-04
          2031      G      2.234285E-03   8.260893E-04   1.212457E+00   4.365292E+01   7.703097E+00  -2.286251E-02
          2032      G      3.313604E-03   9.471107E-04   9.096266E-01   3.381602E+01   1.405163E+01  -6.342147E-02
          2033      G      1.157440E-03   4.968193E-04   1.324838E-04  -6.322693E-04  -1.510769E-03  -6.870904E-01
          2034      G     -6.788486E-04  -5.333429E-04   4.355800E-05   2.100961E-05  -6.237778E-04   3.073272E-01
          2035      G      5.779453E-03   3.900595E-04   4.249673E-01   1.601993E+01   2.103541E+01  -8.803762E-02
          2036      G      7.770312E-03  -1.801398E-03   2.088626E-02  -1.877590E+00   3.249744E+00   8.802273E+00
          2037      G     -4.678958E-04   4.151746E-04   3.888039E-04   3.738351E-03   8.197283E-04   1.868164E-01
          2038      G     -1.281506E-03  -3.386757E-04   3.410299E-04   1.324167E-03   7.395441E-04   5.924968E-01
          2039      G     -1.474060E-03   7.742903E-04   1.227630E+00   4.427885E+01  -7.141468E+00   2.263568E-02
          2040      G     -2.635017E-03   8.094883E-04   9.348818E-01   3.503924E+01  -1.403689E+01   6.278159E-02
          2041      G     -6.872588E-04   3.136042E-04   1.310295E-04  -7.057751E-04   1.631008E-03   4.467008E-01
          2042      G      1.098951E-03  -9.400501E-04   3.902533E-05  -1.007276E-04   7.460783E-04  -5.174456E-01
          2043      G     -5.141014E-03   1.431650E-04   4.367683E-01   1.658600E+01  -2.187707E+01   8.456024E-02
          2044      G     -7.291317E-03  -1.902726E-03   2.026050E-02  -1.913468E+00  -3.094874E+00  -8.829500E+00
          3000      G     -4.089186E-06  -2.326433E-04   6.543851E-04   4.116420E-02   2.639294E-03  -2.966107E-03
          3001      G      4.876411E-05  -1.487676E-04   4.684090E-04   2.766692E-02   1.352659E-02  -5.778022E-02
          3002      G      8.361893E-05  -8.356084E-05   3.215874E-04   1.746040E-02   4.556854E-03   2.968020E-02
          3003      G      1.081325E-06  -8.773950E-05  -7.988690E-03   3.299526E-01  -1.569819E-03   1.220804E-04
          3004      G      1.021451E-04  -7.536944E-05  -6.314182E-03   2.431573E-01  -9.368008E-02   7.219111E-04
          3005      G      2.098124E-04  -3.801947E-05  -2.979702E-03   1.391814E-01  -1.397790E-01   1.362407E-03
          3006      G      4.084539E-06   1.772920E-05  -1.556023E-02  -6.519000E-04   1.806906E-03   1.326050E-04
          3007      G      9.064460E-05   2.197260E-05  -1.155024E-02   3.340258E-04  -2.976902E-01   1.299388E-04
          3008      G      1.491208E-04   2.561273E-05  -6.502798E-03  -6.218615E-04  -3.313571E-04   1.047615E-04
          3009      G      1.166704E-04   3.971062E-05   5.423089E-04  -1.570282E-03  -1.616262E-02   1.195809E-01
          3010      G      1.192290E-04   2.662416E-04   1.352177E-03  -2.871669E-02  -4.023119E-03   1.257214E-01
          3011      G      2.864157E-04   2.585806E-05   2.154216E-03  -1.527986E-02  -2.258075E-01   2.965219E-03
          3012      G      3.686110E-04   1.455995E-04   5.839304E-03  -1.237286E-01   3.789959E-02   6.653518E-01
          3013      G      3.121182E-04   2.701038E-05   1.371755E-03   3.824769E-04  -4.978943E-01   1.749007E-04
          3014      G      4.139049E-04   3.629214E-05   8.396200E-03  -1.198366E-02   3.640226E-02   4.864598E-02
          3015      G     -5.713377E-05  -1.552754E-04   4.728003E-04   2.790674E-02  -1.497964E-02   8.271478E-02
          3016      G     -9.056873E-05  -1.002153E-04   3.207898E-04   1.821731E-02  -5.195046E-03  -1.246481E-02
          3017      G     -9.965197E-05  -8.306486E-05  -6.389727E-03   2.440623E-01   9.300968E-02  -4.781063E-04
          3018      G     -2.064522E-04  -5.220328E-05  -3.086547E-03   1.387886E-01   1.385576E-01  -1.111013E-03
          3019      G     -8.087631E-05   1.398501E-05  -1.167249E-02  -2.752468E-04   2.876106E-01   1.280891E-04
          3020      G     -1.387715E-04   1.003013E-05  -6.718078E-03  -3.767999E-04   4.429045E-03   1.234605E-04
          3021      G     -1.200516E-04   2.265304E-05   5.274890E-04   9.150467E-04   1.735077E-02  -1.111606E-01
          3022      G     -1.207775E-04   2.340400E-04   1.338871E-03  -1.590462E-02  -4.369363E-03  -9.753758E-02
          3023      G     -2.824192E-04   2.839502E-06   2.031028E-03  -2.156442E-02   2.260372E-01  -2.826420E-03
          3024      G     -3.626814E-04   1.270879E-04   5.823636E-03  -1.500487E-01  -3.174361E-02  -7.999747E-01
          3025      G     -2.996261E-04   6.767603E-06   1.220567E-03  -4.683618E-04   5.004772E-01   1.144272E-04
          3026      G     -4.009491E-04   3.684652E-06   8.346007E-03  -9.214370E-05  -3.269105E-02   1.149639E-03
          3027      G      1.568599E-05   2.698995E-04   6.465429E-04  -4.308318E-02   2.349797E-04  -8.782247E-03
          3028      G      6.898511E-05   1.916653E-04   4.628316E-04  -2.884105E-02   1.472089E-02   6.633546E-02
          3029      G      1.027349E-04   1.384164E-04   3.128773E-04  -1.868941E-02   5.630648E-03  -2.497753E-02
          3030      G      1.070217E-05   1.236048E-04  -8.025090E-03  -3.271206E-01  -7.224301E-04   1.514493E-04
          3031      G      1.114840E-04   1.198101E-04  -6.368818E-03  -2.406828E-01  -9.374594E-02  -4.504136E-04
          3032      G      2.193023E-04   8.966474E-05  -3.039272E-03  -1.339175E-01  -1.383227E-01  -1.065061E-03
1                                                       **STUDENT EDITION*    APRIL  18, 2026  MSC Nastran  3/ 3/26   PAGE    50
     DEFAULT                                                                                                                        
0                                                                                                            SUBCASE 1              
      EIGENVALUE =  2.515686E+06
          CYCLES =  2.524343E+02         R E A L   E I G E N V E C T O R   N O .          4
 
      POINT ID.   TYPE          T1             T2             T3             R1             R2             R3
          3033      G      1.302663E-04   1.814013E-05   5.287336E-04   5.396144E-04  -1.771119E-02  -1.261143E-01
          3034      G      1.238983E-04  -1.898749E-04   1.339166E-03   1.566498E-02   7.804726E-03  -8.407843E-02
          3035      G      2.983985E-04   3.757262E-05   2.065474E-03   2.240023E-02  -2.259407E-01  -2.843938E-03
          3036      G      3.866618E-04  -8.999869E-05   5.825152E-03   1.543193E-01   3.688011E-02  -8.167016E-01
          3037      G     -3.743885E-05   1.833141E-04   4.680193E-04  -2.881519E-02  -1.428020E-02  -8.497753E-02
          3038      G     -7.152132E-05   1.206866E-04   3.180034E-04  -1.902498E-02  -5.188168E-03   7.824149E-03
          3039      G     -9.033331E-05   1.112175E-04  -6.408671E-03  -2.427934E-01   9.301394E-02   7.444682E-04
          3040      G     -1.973310E-04   7.249337E-05  -3.097590E-03  -1.378552E-01   1.391472E-01   1.370945E-03
          3041      G     -1.019808E-04  -9.603044E-06   5.245693E-04  -1.918447E-03   1.738257E-02   1.070377E-01
          3042      G     -1.036745E-04  -2.289199E-04   1.337195E-03   1.554333E-02  -3.733678E-03   9.675085E-02
          3043      G     -2.735502E-04   1.021675E-05   2.029034E-03   2.248293E-02   2.262812E-01   3.063949E-03
          3044      G     -3.537500E-04  -1.199744E-04   5.826040E-03   1.501150E-01  -3.155136E-02   8.025571E-01
          4000      G     -1.444576E-05  -5.993617E-05   5.820369E-04   1.345992E-02  -2.220138E-05   3.356149E-04
          4001      G     -3.547064E-05  -5.015275E-05   4.040344E-04   3.541942E-02   8.498532E-03  -4.420680E-02
          4002      G     -5.816126E-05   2.966097E-06   4.876393E-04   8.301704E-03  -2.705994E-03   1.190289E-02
          4003      G     -1.088841E-05  -1.096943E-05  -1.793201E-02   7.203289E-01  -1.011949E-04   8.910772E-05
          4004      G     -3.139671E-05   5.271664E-06  -1.576673E-02   5.797654E-01  -1.334994E-01   1.787663E-04
          4005      G     -3.678509E-05   2.865293E-05  -1.031843E-02   4.266088E-01  -2.477642E-01  -2.485004E-04
          4006      G     -7.226522E-06   1.304192E-05  -3.420206E-02   4.617115E-05   3.679249E-05   9.055584E-05
          4007      G     -6.692859E-05   1.545551E-05  -2.844895E-02   5.728114E-05  -4.335624E-01   9.013560E-05
          4008      G     -1.690342E-04   1.780706E-05  -2.024113E-02   1.522864E-04  -7.025727E-02   9.136788E-05
          4009      G     -4.165185E-05   9.197638E-05   8.711048E-04  -6.406775E-03  -9.499895E-03   7.687753E-02
          4010      G     -4.250742E-06   9.746219E-05   1.655961E-03  -1.505690E-02  -3.366510E-02   2.655106E-01
          4011      G     -8.440441E-05   5.048878E-05  -1.889019E-03   1.582858E-01  -3.597159E-01  -4.407374E-04
          4012      G     -1.321805E-04   5.879101E-05   5.080408E-03  -9.465501E-02  -6.045827E-02   5.723026E-01
          4013      G     -1.612070E-04   2.028537E-05  -6.612940E-03  -5.703239E-05  -8.384125E-01   8.685546E-05
          4014      G     -1.979726E-04   2.215042E-05   6.849290E-03   8.265367E-04  -8.070187E-02  -5.057671E-03
          4015      G      6.649647E-06  -5.496561E-05   4.067312E-04   3.535392E-02  -8.426185E-03   4.350388E-02
          4016      G      2.940116E-05  -6.468165E-06   4.930623E-04   8.200024E-03   2.891867E-03  -1.291745E-02
          4017      G      9.599280E-06   4.728945E-07  -1.576946E-02   5.799582E-01   1.334547E-01  -1.105937E-06
          4018      G      1.501469E-05   1.909347E-05  -1.032541E-02   4.270363E-01   2.475353E-01   4.220707E-04
          4019      G      5.251365E-05   1.061090E-05  -2.845594E-02   3.700514E-05   4.330126E-01   9.069785E-05
          4020      G      1.546237E-04   8.152802E-06  -2.025487E-02  -1.299325E-05   7.037429E-02   9.055613E-05
          4021      G      1.274546E-05   7.795070E-05   8.793891E-04  -6.541797E-03   9.170478E-03  -7.783334E-02
          4022      G     -2.533860E-05   8.008550E-05   1.665587E-03  -1.655931E-02   3.476408E-02  -2.725603E-01
          4023      G      6.276240E-05   3.665902E-05  -1.894999E-03   1.586940E-01   3.599121E-01   6.210652E-04
          4024      G      1.112332E-04   3.979039E-05   5.075628E-03  -9.304750E-02   6.060678E-02  -5.661842E-01
          4025      G      1.469059E-04   5.792078E-06  -6.629457E-03  -4.666832E-05   8.380882E-01   8.989810E-05
          4026      G      1.834619E-04   3.445014E-06   6.827409E-03  -4.869993E-05   8.071437E-02   1.624096E-04
          4027      G      3.400524E-07   8.623361E-05   5.810221E-04  -1.343284E-02   8.139370E-05   2.013968E-04
          4028      G     -2.069842E-05   8.113309E-05   4.024071E-04  -3.525996E-02   8.525005E-03   4.413914E-02
          4029      G     -4.336222E-05   3.261917E-05   4.876857E-04  -8.030115E-03  -2.870708E-03  -1.258705E-02
          4030      G     -3.366910E-06   3.710155E-05  -1.793675E-02  -7.202888E-01  -4.379587E-05   9.176861E-05
          4031      G     -2.382124E-05   2.564762E-05  -1.577260E-02  -5.797319E-01  -1.334438E-01   1.287781E-06
          4032      G     -2.919399E-05   7.055102E-06  -1.032708E-02  -4.266911E-01  -2.476143E-01   4.249308E-04
          4033      G     -2.652873E-05  -5.150183E-05   8.708523E-04   6.668524E-03  -8.914436E-03  -7.550400E-02
          4034      G      1.136067E-05  -5.348923E-05   1.653544E-03   1.727075E-02  -3.499176E-02  -2.712789E-01
          4035      G     -7.691310E-05  -1.052680E-05  -1.897601E-03  -1.580435E-01  -3.597416E-01   6.280316E-04
          4036      G     -1.250019E-04  -1.324767E-05   5.067228E-03   9.322916E-02  -6.040412E-02  -5.629347E-01
          4037      G      2.140723E-05   7.625307E-05   4.060769E-04  -3.534712E-02  -8.406783E-03  -4.381143E-02
1                                                       **STUDENT EDITION*    APRIL  18, 2026  MSC Nastran  3/ 3/26   PAGE    51
     DEFAULT                                                                                                                        
0                                                                                                            SUBCASE 1              
      EIGENVALUE =  2.515686E+06
          CYCLES =  2.524343E+02         R E A L   E I G E N V E C T O R   N O .          4
 
      POINT ID.   TYPE          T1             T2             T3             R1             R2             R3
          4038      G      4.411182E-05   2.286398E-05   4.934492E-04  -8.246692E-03   2.957656E-03   1.262892E-02
          4039      G      1.707501E-05   2.079158E-05  -1.577261E-02  -5.799484E-01   1.335485E-01   1.832466E-04
          4040      G      2.245063E-05  -2.769568E-06  -1.032647E-02  -4.270086E-01   2.475960E-01  -2.395233E-04
          4041      G      2.735332E-05  -6.644189E-05   8.804019E-04   6.440950E-03   9.215914E-03   7.750744E-02
          4042      G     -1.087675E-05  -7.349814E-05   1.667928E-03   1.649052E-02   3.488928E-02   2.727198E-01
          4043      G      7.017546E-05  -2.513795E-05  -1.894494E-03  -1.586494E-01   3.599978E-01  -4.403786E-04
          4044      G      1.186939E-04  -3.294320E-05   5.078004E-03   9.301980E-02   6.067980E-02   5.668253E-01
1                                                       **STUDENT EDITION*    APRIL  18, 2026  MSC Nastran  3/ 3/26   PAGE    52
     DEFAULT                                                                                                                        
0                                                                                                            SUBCASE 1              
      EIGENVALUE =  4.360628E+06
          CYCLES =  3.323492E+02         R E A L   E I G E N V E C T O R   N O .          5
 
      POINT ID.   TYPE          T1             T2             T3             R1             R2             R3
             1      G      0.0            0.0            0.0            0.0            0.0            0.0
             2      G      0.0            0.0            0.0            0.0            0.0            0.0
             3      G      0.0            0.0            0.0            0.0            0.0            0.0
             4      G      0.0            0.0            0.0            0.0            0.0            0.0
             5      G      0.0            0.0            0.0            0.0            0.0            0.0
             6      G      0.0            0.0            0.0            0.0            0.0            0.0
             7      G      0.0            0.0            0.0            0.0            0.0            0.0
             8      G      0.0            0.0            0.0            0.0            0.0            0.0
            10      G      7.264302E-06  -1.714187E-04  -3.146546E-04  -1.453624E-05  -5.138213E-05   1.002538E-02
            11      G      6.537440E-06   1.707318E-04  -3.151723E-04   1.687927E-05  -5.375263E-05  -1.003891E-02
            12      G      3.939424E-06  -9.493624E-08  -1.321036E-04  -9.877617E-05  -4.872538E-05  -2.693992E-03
            13      G      3.097811E-06  -1.210509E-07  -1.320396E-04   9.957131E-05  -5.289247E-05   2.652551E-03
            14      G      3.862522E-06   3.954534E-07   1.323249E-04   9.787042E-05  -4.867131E-05  -2.687506E-03
            15      G      6.167447E-06  -4.405334E-07   1.361230E-04  -9.946496E-05  -3.802984E-05   2.531093E-03
            16      G      6.797338E-06   1.700281E-04   3.150121E-04   1.813630E-05  -5.254764E-05   9.933495E-03
            17      G      7.766841E-06  -1.689453E-04   3.118910E-04  -2.378255E-05  -4.793121E-05  -1.028110E-02
           100      G     -1.825813E-04  -1.982089E-05   9.337135E-03  -2.774730E-01  -5.397812E-02  -5.924441E-03
           101      G     -2.952589E-04  -3.995656E-07   1.629248E-02  -8.233443E-05  -8.205963E-03  -6.016303E-05
           102      G     -1.743698E-04   3.217112E-05   5.088876E-03  -1.456603E-01  -1.646588E-01  -8.482041E-04
           103      G     -8.778362E-05   1.951724E-07   8.517577E-03   5.666924E-05  -3.464582E-01   8.666522E-07
           104      G     -1.344143E-04   4.290792E-07   2.910767E-06   8.681694E-06  -1.200461E-01  -4.785000E-04
           105      G     -1.290924E-04   1.726834E-07   1.037925E-05   1.069757E-05  -3.572501E-02  -1.086287E-06
           106      G      2.515064E-05   4.713135E-05   1.375837E-04  -9.946496E-05  -3.802984E-05   2.531093E-03
           107      G      2.515064E-05  -2.041719E-05   1.365688E-04  -9.946496E-05  -3.802984E-05   2.531093E-03
           108      G     -1.892688E-05   6.837328E-07   8.258422E-06   1.142798E-04  -1.268233E-04  -7.306089E-03
           109      G     -6.934140E-05  -2.460535E-04   3.124289E-04  -2.378255E-05  -4.793121E-05  -1.028110E-02
           110      G     -2.466340E-04  -1.092771E-03   7.176110E-03  -1.946326E-01  -1.174953E-02   1.211731E-01
           111      G     -6.934140E-05   4.117471E-05   3.110898E-04  -2.378255E-05  -4.793121E-05  -1.028110E-02
           112      G     -1.923607E-04  -5.479537E-05   8.636741E-03  -2.421404E-01   8.245234E-02  -1.211139E-02
           113      G     -3.920457E-04  -4.325779E-06   9.898734E-03  -2.852085E-04   9.112377E-03  -1.654440E-03
           114      G     -4.998138E-04  -6.118359E-07   1.351309E-02  -5.833036E-04   1.741429E-01   2.935394E-04
           115      G     -1.833029E-04   1.979671E-05  -9.348363E-03   2.776736E-01  -5.443106E-02  -5.936922E-03
           116      G     -2.956601E-04  -5.941174E-08  -1.628261E-02  -6.460855E-06  -8.218498E-03   4.408233E-06
           117      G     -1.743126E-04  -3.213618E-05  -5.091025E-03   1.456312E-01  -1.648461E-01  -8.283234E-04
           118      G     -8.795031E-05   1.698613E-07  -8.502531E-03   5.346122E-06  -3.466465E-01   5.072154E-06
           119      G      2.299194E-05  -4.997574E-05  -1.337805E-04   9.957131E-05  -5.289247E-05   2.652551E-03
           120      G      2.299194E-05   2.081422E-05  -1.323690E-04   9.957131E-05  -5.289247E-05   2.652551E-03
           121      G     -6.875438E-05   2.460236E-04  -3.157020E-04   1.687927E-05  -5.375263E-05  -1.003891E-02
           122      G     -2.449811E-04   1.091786E-03  -7.214630E-03   1.943004E-01  -1.202502E-02   1.240264E-01
           123      G     -6.875438E-05  -3.443841E-05  -3.142003E-04   1.687927E-05  -5.375263E-05  -1.003891E-02
           124      G     -1.931405E-04   5.318354E-05  -8.665277E-03   2.422038E-01   8.193995E-02  -1.211093E-02
           125      G     -3.939581E-04  -1.509999E-06  -9.892227E-03  -6.680138E-05   9.250090E-03  -6.972364E-05
           126      G     -5.006228E-04  -5.534460E-07  -1.350644E-02  -1.078620E-05   1.739582E-01   5.091687E-05
           127      G     -1.829802E-04   2.011258E-05   9.347419E-03   2.779033E-01  -5.455782E-02   5.967203E-03
           128      G     -1.743322E-04  -3.237510E-05   5.091834E-03   1.458299E-01  -1.646697E-01   8.381802E-04
           129      G     -1.344160E-04   2.281599E-07   3.474181E-06   1.435730E-04  -1.200493E-01   4.766401E-04
           130      G      2.401882E-05  -5.011622E-05   1.339737E-04   9.787042E-05  -4.867131E-05  -2.687506E-03
           131      G      2.401882E-05   2.160660E-05   1.326748E-04   9.787042E-05  -4.867131E-05  -2.687506E-03
           132      G     -1.932875E-05   1.333996E-07   2.861764E-07  -1.330278E-05   4.968747E-05   7.299853E-03
           133      G     -6.770388E-05   2.445293E-04   3.155422E-04   1.813630E-05  -5.254764E-05   9.933495E-03
1                                                       **STUDENT EDITION*    APRIL  18, 2026  MSC Nastran  3/ 3/26   PAGE    53
     DEFAULT                                                                                                                        
0                                                                                                            SUBCASE 1              
      EIGENVALUE =  4.360628E+06
          CYCLES =  3.323492E+02         R E A L   E I G E N V E C T O R   N O .          5
 
      POINT ID.   TYPE          T1             T2             T3             R1             R2             R3
           134      G     -2.443705E-04   1.091469E-03   7.207301E-03   1.945500E-01  -1.202653E-02  -1.252000E-01
           135      G     -6.770388E-05  -3.298773E-05   3.140742E-04   1.813630E-05  -5.254764E-05   9.933495E-03
           136      G     -1.925705E-04   5.265840E-05   8.663444E-03   2.426082E-01   8.220453E-02   1.210667E-02
           137      G     -1.829143E-04  -2.009136E-05  -9.346771E-03  -2.777826E-01  -5.446473E-02   5.963751E-03
           138      G     -1.742686E-04   3.262599E-05  -5.088823E-03  -1.456733E-01  -1.648541E-01   8.439601E-04
           139      G      2.414436E-05   5.053863E-05  -1.337602E-04  -9.877617E-05  -4.872538E-05  -2.693992E-03
           140      G      2.414436E-05  -2.135727E-05  -1.324599E-04  -9.877617E-05  -4.872538E-05  -2.693992E-03
           141      G     -6.792605E-05  -2.466091E-04  -3.151489E-04  -1.453624E-05  -5.138213E-05   1.002538E-02
           142      G     -2.445344E-04  -1.093770E-03  -7.213024E-03  -1.943381E-01  -1.205308E-02  -1.241070E-01
           143      G     -6.792605E-05   3.347498E-05  -3.137135E-04  -1.453624E-05  -5.138213E-05   1.002538E-02
           144      G     -1.925454E-04  -5.408885E-05  -8.663869E-03  -2.422991E-01   8.196275E-02   1.213087E-02
           200      G     -7.085124E-05  -2.453044E-04   3.124289E-04  -2.378255E-05  -4.793121E-05  -1.028110E-02
           201      G     -7.085124E-05   4.192386E-05   3.110898E-04  -2.378255E-05  -4.793121E-05  -1.028110E-02
           202      G      2.395270E-05   5.026450E-05   1.375837E-04  -9.946496E-05  -3.802984E-05   2.531093E-03
           203      G      2.395270E-05  -1.728404E-05   1.365688E-04  -9.946496E-05  -3.802984E-05   2.531093E-03
           204      G      3.359719E-04   1.587716E-06   8.710240E-06   1.563647E-03  -1.485831E-02   6.081498E-02
           205      G     -8.670797E-04  -2.930324E-04   7.591033E-03  -1.536769E-01   5.069328E-02   5.599397E-02
           206      G     -1.077522E-03  -5.044274E-06   1.028709E-02  -6.145719E-03   7.602345E-02  -1.750537E-02
           207      G     -7.044758E-05   2.454919E-04  -3.157020E-04   1.687927E-05  -5.375263E-05  -1.003891E-02
           208      G     -7.044758E-05  -3.497011E-05  -3.142003E-04   1.687927E-05  -5.375263E-05  -1.003891E-02
           209      G      2.132583E-05  -5.311224E-05  -1.337805E-04   9.957131E-05  -5.289247E-05   2.652551E-03
           210      G      2.132583E-05   1.767772E-05  -1.323690E-04   9.957131E-05  -5.289247E-05   2.652551E-03
           211      G     -8.748298E-04   3.000234E-04  -7.641373E-03   1.594128E-01   5.120774E-02   7.636173E-02
           212      G     -1.127746E-03  -2.997565E-06  -1.027902E-02  -7.720467E-05   8.063064E-02  -9.305186E-05
           213      G     -6.935913E-05   2.439580E-04   3.155422E-04   1.813630E-05  -5.254764E-05   9.933495E-03
           214      G     -6.935913E-05  -3.355902E-05   3.140742E-04   1.813630E-05  -5.254764E-05   9.933495E-03
           215      G      2.248567E-05  -5.319914E-05   1.339737E-04   9.787042E-05  -4.867131E-05  -2.687506E-03
           216      G      2.248567E-05   1.852368E-05   1.326748E-04   9.787042E-05  -4.867131E-05  -2.687506E-03
           217      G      3.360802E-04   9.643728E-07   7.010139E-07   2.395376E-04  -1.676330E-02  -6.193389E-02
           218      G     -8.770322E-04   2.917281E-04   7.631284E-03   1.605547E-01   5.151683E-02  -7.926441E-02
           219      G     -6.954459E-05  -2.461512E-04  -3.151489E-04  -1.453624E-05  -5.138213E-05   1.002538E-02
           220      G     -6.954459E-05   3.393287E-05  -3.137135E-04  -1.453624E-05  -5.138213E-05   1.002538E-02
           221      G      2.260951E-05   5.365008E-05  -1.337602E-04  -9.877617E-05  -4.872538E-05  -2.693992E-03
           222      G      2.260951E-05  -1.824582E-05  -1.324599E-04  -9.877617E-05  -4.872538E-05  -2.693992E-03
           223      G     -8.752939E-04  -3.059933E-04  -7.638717E-03  -1.594342E-01   5.123207E-02  -7.687229E-02
           224      G     -4.942887E-04  -1.038806E-05   9.605292E-03  -2.671456E-01  -4.499246E-02  -1.146120E-02
           225      G     -6.799691E-04   4.950996E-07   1.647226E-02   8.197542E-05   2.279271E-02  -5.557171E-04
           226      G     -4.034880E-04  -3.895641E-06   5.205136E-03  -1.419100E-01  -1.747785E-01  -2.858568E-03
           227      G     -4.485481E-04   1.158295E-06   8.660046E-03   8.341322E-04  -3.473884E-01   1.349291E-04
           228      G     -4.307495E-04   6.564235E-07   4.783002E-05  -1.301907E-03  -1.047445E-01  -2.668418E-02
           229      G     -4.636598E-04   7.349227E-07   9.357688E-05   2.360609E-04  -1.058569E-02  -5.187290E-05
           230      G     -6.429742E-04  -2.697374E-08   9.244998E-03  -2.239780E-01   4.987339E-02  -7.458665E-03
           231      G     -9.162451E-04   3.632301E-06   1.409927E-02  -7.453855E-03   1.240720E-01   4.124236E-03
           232      G     -5.029544E-04   9.833675E-06  -9.567289E-03   2.680190E-01  -4.882454E-02  -1.136684E-02
           233      G     -6.672171E-04  -2.024668E-07  -1.642958E-02   8.165289E-05   2.066120E-02   2.361462E-05
           234      G     -4.057094E-04   6.404478E-06  -5.113846E-03   1.410845E-01  -1.742642E-01  -2.795098E-03
           235      G     -4.432896E-04   3.189221E-07  -8.530022E-03  -2.126199E-04  -3.495460E-01   2.759877E-05
           236      G     -6.544080E-04  -8.721395E-06  -9.312776E-03   2.306551E-01   5.081501E-02  -7.585381E-03
           237      G     -9.259934E-04  -1.586067E-06  -1.414569E-02  -2.039726E-05   1.285872E-01   8.319520E-05
           238      G     -4.969608E-04   1.265976E-05   9.570394E-03   2.680404E-01  -4.937017E-02   1.172156E-02
1                                                       **STUDENT EDITION*    APRIL  18, 2026  MSC Nastran  3/ 3/26   PAGE    54
     DEFAULT                                                                                                                        
0                                                                                                            SUBCASE 1              
      EIGENVALUE =  4.360628E+06
          CYCLES =  3.323492E+02         R E A L   E I G E N V E C T O R   N O .          5
 
      POINT ID.   TYPE          T1             T2             T3             R1             R2             R3
           239      G     -4.042451E-04   4.964632E-06   5.155646E-03   1.419565E-01  -1.722000E-01   2.860574E-03
           240      G     -4.310733E-04   4.880518E-07   4.045948E-05   1.022975E-03  -1.047177E-01   2.693755E-02
           241      G     -6.492872E-04  -7.903003E-07   9.313655E-03   2.317553E-01   4.906093E-02   7.435366E-03
           242      G     -5.024489E-04  -1.046072E-05  -9.574951E-03  -2.680312E-01  -4.860551E-02   1.138799E-02
           243      G     -4.057066E-04  -5.461494E-06  -5.118665E-03  -1.405281E-01  -1.747713E-01   2.819178E-03
           244      G     -6.539170E-04   6.830475E-06  -9.314158E-03  -2.306542E-01   5.104672E-02   7.638457E-03
           300      G      6.213138E-04  -2.129872E-03   1.910635E-03  -1.259433E+00   2.985439E-01   3.391163E-02
           301      G      1.392129E-03  -9.815369E-03   1.932423E-03  -2.243513E+00   4.129683E-01   1.327452E-01
           302      G     -1.345550E-04  -2.092102E-04   7.577070E-05  -5.203731E-02   5.016729E-01  -5.808718E-01
           303      G      1.655521E-03   4.955760E-04   6.275740E-04  -1.179433E-01   5.003478E-01   2.432144E-02
           304      G     -1.621068E-04  -3.274580E-03   2.123097E-03  -2.219617E+00  -1.240186E+00  -4.055790E-02
           305      G     -8.715656E-03  -1.019088E-03   9.881444E-03   7.436612E-01   3.495492E+00   4.599303E-02
           306      G     -1.006846E-02   2.756235E-06   1.411209E-02  -8.838291E-03   5.397079E+00  -3.884006E-02
           307      G      3.968644E-04   1.909154E-03  -1.949130E-03   1.210434E+00   5.206194E-01  -1.292387E-02
           308      G      1.396825E-03   1.041958E-02  -1.939620E-03   2.361151E+00   7.734157E-01   1.290390E-01
           309      G      1.864062E-03  -7.463883E-04  -6.637340E-04   4.873598E-02   5.877580E-01   6.842420E-03
           310      G     -3.542960E-04   3.586328E-03  -1.931909E-03   2.714827E+00  -2.079899E+00   4.749546E-02
           311      G     -8.943307E-03   1.293491E-03  -9.905282E-03  -1.137781E+00   3.544060E+00   4.685841E-02
           312      G     -1.023608E-02  -1.010937E-05  -1.415863E-02  -7.323588E-05   5.435771E+00  -1.867082E-04
           313      G      4.274508E-04   1.977478E-03   1.954521E-03   1.209471E+00   5.266270E-01   1.261426E-02
           314      G      1.444692E-03   1.059803E-02   1.918839E-03   2.392369E+00   7.423003E-01  -1.369915E-01
           315      G     -5.748577E-05   1.432431E-05   3.830454E-06   5.025272E-03   6.035870E-01   5.968790E-01
           316      G      1.882681E-03  -7.304348E-04   6.642264E-04   4.517820E-02   5.916452E-01  -8.600933E-03
           317      G     -3.348721E-04   3.660036E-03   1.934419E-03   2.723617E+00  -2.080317E+00  -4.826777E-02
           318      G     -8.884694E-03   1.303011E-03   9.899269E-03  -1.133547E+00   3.544156E+00  -5.346448E-02
           319      G      4.298453E-04  -1.956438E-03  -1.955042E-03  -1.204877E+00   5.269429E-01   1.429305E-02
           320      G      1.448968E-03  -1.048570E-02  -1.909794E-03  -2.363843E+00   7.481493E-01  -1.366049E-01
           321      G      1.886644E-03   7.274667E-04  -6.583569E-04  -4.698142E-02   5.875844E-01  -6.791697E-03
           322      G     -3.269868E-04  -3.621217E-03  -1.930604E-03  -2.710065E+00  -2.080298E+00  -4.819222E-02
           323      G     -8.912736E-03  -1.312551E-03  -9.906550E-03   1.138676E+00   3.551594E+00  -4.707537E-02
           324      G     -5.756018E-04  -7.808931E-03   1.761318E+00  -4.533601E+01  -4.089326E+00  -1.250843E-02
           325      G     -2.429665E-03   6.222170E-06   2.611369E+00  -4.524766E-03   2.531244E+00   3.976725E-04
           326      G     -3.604128E-03   2.002481E-04   1.104662E+00  -2.646082E+01  -3.208405E+01   5.609788E-02
           327      G      2.362240E-02   4.940442E-05   1.509520E+00   1.139614E-01  -5.503826E+01   2.200062E-04
           328      G      7.666193E-04   3.979495E-05   3.302659E-03  -1.269303E-02  -2.831853E+01   3.386461E-01
           329      G      1.094899E-02   1.765846E-05   3.635303E-03   4.568636E-03  -2.170562E+00  -1.677938E-03
           330      G     -6.480210E-04   2.519484E-04   1.051080E+00  -2.614445E+01   4.516859E+01  -7.318751E-02
           331      G     -2.313424E-02   1.142085E-04   1.514572E+00   8.561482E-02   5.128265E+01   8.764287E-03
           332      G     -5.905448E-04   7.927446E-03  -1.762001E+00   4.534358E+01  -4.304116E+00  -2.207180E-03
           333      G     -2.485908E-03  -1.553980E-05  -2.612971E+00   4.885246E-03   2.543110E+00   3.070373E-04
           334      G     -3.678539E-03  -2.242073E-04  -1.100495E+00   2.627731E+01  -3.204499E+01   5.595681E-02
           335      G      2.366543E-02   1.712141E-05  -1.505996E+00   1.628121E-02  -5.520895E+01   1.216471E-03
           336      G     -7.175450E-04  -3.504915E-04  -1.055039E+00   2.566247E+01   4.505076E+01  -7.411601E-02
           337      G     -2.324643E-02  -1.226149E-05  -1.515779E+00   5.168192E-03   5.127586E+01  -2.931360E-04
           338      G     -5.388110E-04   8.017847E-03   1.762014E+00   4.531317E+01  -4.266432E+00   2.052122E-03
           339      G     -3.654905E-03  -1.317973E-04   1.103505E+00   2.626969E+01  -3.191839E+01  -5.466480E-02
           340      G      6.866875E-04   4.885650E-05   2.489171E-03   6.598318E-02  -2.829913E+01  -3.387354E-01
           341      G     -6.552343E-04  -2.868802E-04   1.054355E+00   2.559305E+01   4.504823E+01   7.285133E-02
           342      G     -5.707426E-04  -7.959998E-03  -1.762216E+00  -4.533686E+01  -4.302639E+00   2.407755E-03
           343      G     -3.682141E-03   1.758420E-04  -1.101077E+00  -2.627066E+01  -3.202401E+01  -5.451737E-02
1                                                       **STUDENT EDITION*    APRIL  18, 2026  MSC Nastran  3/ 3/26   PAGE    55
     DEFAULT                                                                                                                        
0                                                                                                            SUBCASE 1              
      EIGENVALUE =  4.360628E+06
          CYCLES =  3.323492E+02         R E A L   E I G E N V E C T O R   N O .          5
 
      POINT ID.   TYPE          T1             T2             T3             R1             R2             R3
           344      G     -6.932538E-04   3.200440E-04  -1.055206E+00  -2.566233E+01   4.505468E+01   7.415452E-02
           400      G      7.433334E-04   5.746092E-06   1.398354E-03  -2.412568E-02  -6.178002E-03   6.712391E-03
           401      G      5.752179E-04   1.420219E-04   1.086692E-03   1.072464E-02   2.993819E-03  -2.640356E-02
           402      G      7.005776E-04   4.223885E-05   6.565534E-06  -1.237827E-03  -4.686515E-02   3.063468E-02
           403      G      7.481858E-04   8.768274E-04   1.855732E-03  -4.843553E-02  -2.852462E-02  -6.262283E-03
           404      G      9.223159E-04   5.379678E-04   1.568469E-03   1.093092E-02   4.136173E-03   4.364397E-02
           405      G      1.336367E-03   8.217166E-04   7.703209E-03  -1.147266E-01   6.200726E-02  -3.762826E-02
           406      G      1.613674E-03   6.955400E-05   1.069280E-02  -3.012289E-04   4.846346E-02  -5.929130E-03
           407      G      7.398374E-04   8.046296E-05  -1.419487E-03   2.197310E-02  -1.186896E-02   9.242070E-03
           408      G      5.466127E-04  -8.212397E-05  -1.085869E-03  -1.742440E-02   3.877558E-03  -3.234290E-02
           409      G      7.128891E-04  -7.892551E-04  -1.824281E-03   5.974123E-02  -4.191380E-02  -6.307642E-03
           410      G      9.198388E-04  -5.620529E-04  -1.461907E-03  -3.695451E-02   1.573385E-02   4.629868E-02
           411      G      1.328079E-03  -7.910022E-04  -7.694210E-03   1.175509E-01   6.239823E-02  -4.566438E-02
           412      G      1.607478E-03  -1.065511E-06  -1.073948E-02  -4.795894E-04   4.966760E-02   2.436478E-04
           413      G      7.766277E-04   1.153816E-04   1.424920E-03   2.241971E-02  -1.178046E-02  -8.737375E-03
           414      G      5.879380E-04  -7.228155E-05   1.110883E-03  -1.862485E-02   5.125285E-03   3.232487E-02
           415      G      7.379233E-04   4.096313E-05   1.330170E-07  -1.407457E-03  -5.093018E-02  -3.193852E-02
           416      G      7.462588E-04  -7.471898E-04   1.825133E-03   5.968583E-02  -4.289891E-02   6.624836E-03
           417      G      9.548616E-04  -5.285792E-04   1.468535E-03  -3.908567E-02   1.648775E-02  -4.599844E-02
           418      G      1.348381E-03  -7.451371E-04   7.681039E-03   1.159647E-01   6.280820E-02   4.592730E-02
           419      G      7.810901E-04  -3.823901E-05  -1.425915E-03  -2.550404E-02  -1.196476E-02  -8.467068E-03
           420      G      5.899185E-04   1.434137E-04  -1.099524E-03   1.380731E-02   5.139672E-03   3.251449E-02
           421      G      7.566034E-04   7.900510E-04  -1.817875E-03  -6.184201E-02  -3.992244E-02   6.988786E-03
           422      G      9.618445E-04   5.847903E-04  -1.463699E-03   3.296569E-02   1.584196E-02  -4.554963E-02
           423      G      1.348972E-03   7.895364E-04  -7.691231E-03  -1.180234E-01   6.263136E-02   4.625600E-02
           424      G      1.357166E-03   1.153578E-04   1.229301E-02  -2.967658E-01  -3.143783E-02   1.428841E-02
           425      G      1.669242E-03   4.939559E-05   2.099460E-02  -2.731710E-03   1.600616E-02  -4.714418E-05
           426      G      1.316289E-03   6.269655E-05   6.677627E-03  -1.625316E-01  -2.271943E-01   8.010350E-03
           427      G      1.826687E-03   4.084777E-05   1.095243E-02  -5.328016E-03  -4.249819E-01   2.880280E-04
           428      G      1.301358E-03   3.922850E-05  -5.998614E-06  -6.535290E-04  -1.249419E-01   1.145665E-02
           429      G      1.751891E-03   3.844034E-05  -3.819083E-05  -1.972710E-03  -1.314009E-02   1.836650E-04
           430      G      1.351967E-03   2.699521E-04   1.040856E-02  -2.437561E-01   8.956302E-02   1.036699E-02
           431      G      1.616224E-03   4.568790E-05   1.654746E-02  -1.325716E-02   1.907955E-01   1.819922E-03
           432      G      1.355983E-03  -6.104975E-05  -1.225049E-02   2.924953E-01  -2.328998E-02   1.374290E-02
           433      G      1.667974E-03   2.201247E-05  -2.098428E-02  -1.689753E-03   1.597088E-02   3.354440E-04
           434      G      1.320785E-03   1.368877E-05  -6.699002E-03   1.642501E-01  -2.295955E-01   8.396705E-03
           435      G      1.825545E-03   3.058054E-05  -1.099395E-02  -2.278232E-03  -4.231085E-01   3.364231E-04
           436      G      1.341829E-03  -2.037367E-04  -1.023850E-02   2.666098E-01   8.484388E-02   1.058136E-02
           437      G      1.614302E-03   1.065296E-05  -1.657632E-02  -1.414977E-03   1.892562E-01   4.989892E-04
           438      G      1.376299E-03  -3.479812E-05   1.229013E-02   2.917034E-01  -2.547341E-02  -1.331682E-02
           439      G      1.337889E-03   2.793308E-05   6.706066E-03   1.646157E-01  -2.305170E-01  -7.904698E-03
           440      G      1.318683E-03   3.797048E-05  -6.713148E-06  -1.681049E-03  -1.243945E-01  -1.066856E-02
           441      G      1.364935E-03  -1.615808E-04   1.030514E-02   2.717161E-01   8.700533E-02  -1.021284E-02
           442      G      1.375642E-03   1.041687E-04  -1.225439E-02  -2.927429E-01  -2.329369E-02  -1.336869E-02
           443      G      1.337957E-03   4.820292E-05  -6.695200E-03  -1.644476E-01  -2.302464E-01  -7.824942E-03
           444      G      1.362627E-03   2.254242E-04  -1.024041E-02  -2.658960E-01   8.518320E-02  -9.937459E-03
           445      G      3.434746E-05   2.105226E-03   2.227125E-03  -7.351767E-02  -2.031098E-02  -4.066439E-02
           446      G      1.898528E-04   7.813733E-04   1.581806E-03  -4.611240E-02  -1.678391E-02   3.380365E-02
           447      G      2.039683E-04   3.078868E-04   1.322408E-03  -2.388014E-02  -7.955364E-03   2.090574E-02
           448      G      1.523840E-04   9.981309E-05   8.753137E-04  -3.028792E-02  -2.515216E-02   1.061685E-02
1                                                       **STUDENT EDITION*    APRIL  18, 2026  MSC Nastran  3/ 3/26   PAGE    56
     DEFAULT                                                                                                                        
0                                                                                                            SUBCASE 1              
      EIGENVALUE =  4.360628E+06
          CYCLES =  3.323492E+02         R E A L   E I G E N V E C T O R   N O .          5
 
      POINT ID.   TYPE          T1             T2             T3             R1             R2             R3
           449      G      4.616387E-05   1.476037E-05   7.986891E-06  -1.457651E-02  -3.393402E-02  -1.577915E-02
           450      G      7.372410E-04   1.621889E-03   7.330328E-03  -1.272179E-01  -8.450603E-02  -8.647592E-02
           451      G      9.317612E-04   4.267195E-05   9.908557E-03   4.253227E-04  -1.373739E-01   7.656544E-04
           452      G      1.615760E-05  -2.070132E-03  -2.188842E-03   7.093682E-02  -1.827920E-02  -4.212024E-02
           453      G      1.809340E-04  -7.255191E-04  -1.538353E-03   3.762063E-02  -1.594625E-02   3.414884E-02
           454      G      2.031424E-04  -2.547659E-04  -1.296050E-03   5.454760E-04  -5.001960E-03   2.134732E-02
           455      G      1.503879E-04  -5.157682E-05  -8.782762E-04  -1.563537E-03  -2.503556E-02   1.005913E-02
           456      G      7.416080E-04  -1.576745E-03  -7.325986E-03   1.291612E-01  -9.192489E-02  -8.586136E-02
           457      G      9.573674E-04   9.197457E-07  -9.933733E-03  -5.374753E-06  -1.532849E-01   2.178885E-04
           458      G      6.008964E-05  -2.021766E-03   2.188894E-03   7.145128E-02  -1.787667E-02   4.251850E-02
           459      G      2.235179E-04  -6.981397E-04   1.544355E-03   4.846091E-02  -1.677258E-02  -3.383912E-02
           460      G      2.451855E-04  -2.347015E-04   1.317103E-03   1.880546E-02  -5.897403E-03  -2.167278E-02
           461      G      1.883161E-04  -3.818970E-05   8.942810E-04   2.929355E-02  -2.558469E-02  -1.025751E-02
           462      G      7.726129E-05   3.612624E-05   1.275556E-05   1.520303E-02  -3.459361E-02   1.722094E-02
           463      G      7.559862E-04  -1.524937E-03   7.308663E-03   1.278247E-01  -8.446206E-02   8.557154E-02
           464      G      5.890223E-05   2.071921E-03  -2.183071E-03  -7.037734E-02  -1.852057E-02   4.258428E-02
           465      G      2.234011E-04   7.411955E-04  -1.538430E-03  -3.719498E-02  -1.566346E-02  -3.384843E-02
           466      G      2.438496E-04   2.837200E-04  -1.301636E-03  -7.240081E-04  -4.769469E-03  -2.117970E-02
           467      G      1.870543E-04   9.150324E-05  -8.876665E-04   1.839515E-03  -2.518936E-02  -9.710444E-03
           468      G      7.609044E-04   1.578744E-03  -7.322352E-03  -1.293613E-01  -9.191927E-02   8.634659E-02
           469      G      4.861425E-04   1.580455E-03   4.492538E-03  -1.279263E-01  -5.080663E-02   5.161894E-02
           470      G      5.186182E-04   7.985084E-04   4.337226E-03  -1.931399E-01   1.118068E-03   1.236860E-02
           471      G      5.231329E-04   2.844043E-04   4.338712E-03  -1.901372E-01  -7.102907E-03   1.296505E-02
           472      G      4.898377E-04   1.275369E-04   3.675014E-03  -1.729364E-01  -5.012989E-02   8.960183E-03
           473      G      4.825913E-04   3.344396E-05   1.740421E-03  -1.010588E-01  -7.871133E-02   1.923141E-02
           474      G      8.358079E-04   5.216726E-04   7.962048E-03  -1.188187E-01   5.825279E-02   2.981619E-02
           475      G      8.297074E-04   2.471525E-04   9.210387E-03  -2.113059E-01   7.525836E-03   8.220685E-03
           476      G      7.876461E-04   1.010804E-04   8.141777E-03  -1.855557E-01  -9.082176E-02   8.267696E-03
           477      G      7.674732E-04   3.657969E-05   4.549761E-03  -1.188030E-01  -1.526704E-01   7.598519E-03
           478      G      8.365231E-04   6.756835E-04   9.311127E-03  -6.667045E-02  -1.032030E-01   2.183406E-02
           479      G      1.066428E-03   3.622692E-04   1.048401E-02  -1.097603E-01   1.041676E-01   4.561799E-03
           480      G      1.019972E-03   1.343567E-04   1.282118E-02  -1.128388E-01   2.307637E-02   6.353627E-03
           481      G      9.726809E-04   7.231191E-05   1.162025E-02  -1.181972E-01  -1.128357E-01   3.875726E-03
           482      G      1.103770E-03   4.124515E-05   1.136111E-02   3.130446E-04   1.145016E-01   5.529137E-05
           483      G      1.104192E-03   3.583159E-05   1.399480E-02   5.044984E-04   3.587946E-02   2.167231E-04
           484      G      1.033011E-03   3.072257E-05   1.293169E-02   2.806515E-04  -1.128558E-01   1.998449E-04
           485      G      9.439480E-04   3.268954E-05   6.843467E-03  -7.708805E-02  -2.129065E-01   4.177111E-03
           486      G      1.008072E-03   2.553804E-05   7.743083E-03   1.106698E-04  -2.377594E-01   2.093513E-04
           487      G      4.790198E-04  -1.537029E-03  -4.441972E-03   1.301422E-01  -5.486817E-02   5.282922E-02
           488      G      5.091921E-04  -7.398308E-04  -3.447944E-03   1.481104E-01  -3.389386E-02   1.269188E-02
           489      G      5.121680E-04  -2.204037E-04  -2.126254E-03   6.490241E-02  -4.796855E-02   1.298402E-02
           490      G      4.822314E-04  -6.544660E-05  -4.968537E-04  -1.159085E-02  -7.265489E-02   9.105055E-03
           491      G      8.268766E-04  -4.631238E-04  -5.825013E-03   6.873795E-02  -4.227309E-02   3.035853E-02
           492      G      8.178842E-04  -1.826738E-04  -3.620614E-03   7.428662E-02  -1.025758E-01   8.595305E-03
           493      G      7.801842E-04  -3.335380E-05   6.108986E-05  -2.292632E-02  -1.556530E-01   8.514579E-03
           494      G      8.472173E-04  -6.291669E-04  -9.308566E-03   6.796863E-02  -1.215508E-01   2.270430E-02
           495      G      1.060871E-03  -3.069062E-04  -7.358791E-03   7.840145E-02  -4.083894E-02   4.726982E-03
           496      G      1.007229E-03  -7.601935E-05  -4.646928E-03   2.983988E-02  -1.425788E-01   6.483411E-03
           497      G      9.637248E-04  -1.024731E-05   5.592767E-04  -1.254102E-02  -2.182563E-01   4.224048E-03
           498      G      1.092189E-03   7.845333E-06  -7.893752E-03   2.070214E-05  -4.989919E-02   2.396370E-04
1                                                       **STUDENT EDITION*    APRIL  18, 2026  MSC Nastran  3/ 3/26   PAGE    57
     DEFAULT                                                                                                                        
0                                                                                                            SUBCASE 1              
      EIGENVALUE =  4.360628E+06
          CYCLES =  3.323492E+02         R E A L   E I G E N V E C T O R   N O .          5
 
      POINT ID.   TYPE          T1             T2             T3             R1             R2             R3
           499      G      1.088312E-03   1.438976E-05  -4.884253E-03   5.642194E-05  -1.466232E-01   2.249347E-04
           500      G      1.025269E-03   2.017716E-05   7.468605E-04   7.042153E-05  -2.414553E-01   2.146880E-04
           501      G      5.111796E-04  -1.489907E-03   4.448280E-03   1.290001E-01  -4.938637E-02  -5.161956E-02
           502      G      5.456899E-04  -7.146905E-04   4.305648E-03   1.920486E-01   1.497671E-03  -1.199288E-02
           503      G      5.492254E-04  -2.123306E-04   4.296184E-03   1.904228E-01  -7.169453E-03  -1.233005E-02
           504      G      5.166973E-04  -6.674727E-05   3.666429E-03   1.720484E-01  -4.879864E-02  -8.523165E-03
           505      G      5.098498E-04   1.758529E-05   1.746431E-03   1.008306E-01  -7.881106E-02  -1.911320E-02
           506      G      8.534337E-04  -4.400392E-04   7.930398E-03   1.196435E-01   5.804332E-02  -2.923357E-02
           507      G      8.470039E-04  -1.751975E-04   9.174942E-03   2.117031E-01   7.790103E-03  -7.863644E-03
           508      G      8.052425E-04  -3.985918E-05   8.125436E-03   1.855909E-01  -9.025722E-02  -7.874179E-03
           509      G      7.855178E-04   1.448768E-05   4.547167E-03   1.184710E-01  -1.523765E-01  -7.126964E-03
           510      G      8.464465E-04  -5.844385E-04   9.298868E-03   6.709198E-02  -1.032568E-01  -2.142612E-02
           511      G      1.074400E-03  -2.804511E-04   1.046691E-02   1.105953E-01   1.037878E-01  -4.163052E-03
           512      G      1.028709E-03  -6.262665E-05   1.279958E-02   1.137402E-01   2.330098E-02  -5.956858E-03
           513      G      9.815274E-04  -1.089498E-05   1.160877E-02   1.185668E-01  -1.125852E-01  -3.466465E-03
           514      G      9.530114E-04   1.837838E-05   6.838995E-03   7.718087E-02  -2.127083E-01  -3.771580E-03
           515      G      5.094592E-04   1.539029E-03  -4.433128E-03  -1.302637E-01  -5.496560E-02  -5.232627E-02
           516      G      5.392286E-04   7.555951E-04  -3.445427E-03  -1.481638E-01  -3.351815E-02  -1.215492E-02
           517      G      5.411617E-04   2.495012E-04  -2.132815E-03  -6.486855E-02  -4.771482E-02  -1.246712E-02
           518      G      5.098004E-04   1.063240E-04  -5.023153E-04   1.157119E-02  -7.310983E-02  -8.669435E-03
           519      G      8.459993E-04   4.788986E-04  -5.825149E-03  -6.883588E-02  -4.208047E-02  -2.988114E-02
           520      G      8.366078E-04   2.116881E-04  -3.625297E-03  -7.418158E-02  -1.025031E-01  -8.145490E-03
           521      G      7.985848E-04   7.393290E-05   5.667671E-05   2.302821E-02  -1.557733E-01  -8.100169E-03
           522      G      8.566924E-04   6.311927E-04  -9.307746E-03  -6.805127E-02  -1.215434E-01  -2.221587E-02
           523      G      1.070330E-03   3.225953E-04  -7.359571E-03  -7.837598E-02  -4.076535E-02  -4.262395E-03
           524      G      1.016566E-03   1.048664E-04  -4.649228E-03  -2.971773E-02  -1.425728E-01  -6.032748E-03
           525      G      9.729373E-04   5.066472E-05   5.565423E-04   1.263419E-02  -2.182085E-01  -3.789368E-03
          1000      G     -2.897045E-04  -2.368078E-07   7.792337E-06   1.142554E-04  -1.270160E-04  -1.272391E-01
          1001      G     -2.861441E-04  -1.686784E-05   1.378546E-04  -1.346939E-04  -3.682819E-05  -1.576196E-01
          1002      G     -2.810592E-04   4.538410E-05   1.389721E-04  -9.977144E-05  -4.088746E-05  -1.550787E-01
          1003      G     -3.078790E-04   1.304617E-07   8.505964E-07  -1.324478E-04  -2.203304E-01  -6.586277E-04
          1004      G     -3.119897E-04   1.990863E-06   5.488134E-03  -1.847731E-01  -1.589787E-01  -2.151089E-04
          1005      G     -3.042741E-04   2.604221E-05   9.333557E-03  -3.470573E-01  -9.293593E-02  -3.784517E-04
          1006      G     -4.039438E-04   8.416156E-08   1.037977E-05   1.069512E-05  -3.574779E-02   2.990542E-06
          1007      G     -3.610013E-04   4.082169E-07   8.818705E-03  -3.126578E-05  -5.213966E-01   1.821164E-06
          1008      G     -3.587081E-04   2.655649E-07   1.629342E-02  -8.233322E-05  -8.205707E-03   1.149921E-07
          1009      G     -2.466523E-04   1.186708E-04   3.120543E-04  -1.465218E-05  -7.793117E-05  -7.575829E-02
          1010      G     -2.594309E-04  -5.281767E-05   3.121638E-04  -3.748565E-05  -4.473365E-05  -8.534278E-02
          1011      G     -3.328598E-04   1.214426E-05   8.912902E-03  -2.821673E-01   1.089284E-01  -5.662140E-04
          1012      G     -3.423724E-04   2.229221E-05   7.129419E-03  -1.946254E-01  -1.173901E-02   1.141171E-01
          1013      G     -3.333182E-04   6.898426E-07   1.384047E-02  -2.326795E-04   2.004309E-01   2.156196E-06
          1014      G     -3.198107E-04   4.136406E-07   9.938430E-03  -2.852814E-04   9.141131E-03   4.459299E-04
          1015      G     -2.865703E-04   1.723789E-05  -1.336451E-04   1.348693E-04  -5.179668E-05  -1.568160E-01
          1016      G     -2.818930E-04  -4.795246E-05  -1.351738E-04   9.880114E-05  -5.581013E-05  -1.544787E-01
          1017      G     -3.122460E-04  -2.288023E-06  -5.494036E-03   1.844902E-01  -1.591931E-01  -2.218308E-04
          1018      G     -3.052247E-04  -2.502499E-05  -9.347227E-03   3.468723E-01  -9.329235E-02  -3.802469E-04
          1019      G     -3.613681E-04   6.524511E-08  -8.803711E-03   5.930138E-06  -5.216967E-01   1.480049E-06
          1020      G     -3.592007E-04  -7.352483E-09  -1.628355E-02  -6.467699E-06  -8.218259E-03   2.454060E-06
          1021      G     -2.486644E-04  -1.136465E-04  -3.151254E-04   9.362216E-06  -8.306178E-05  -7.737140E-02
          1022      G     -2.604667E-04   5.145689E-05  -3.153968E-04   3.045602E-05  -5.091686E-05  -8.632466E-02
1                                                       **STUDENT EDITION*    APRIL  18, 2026  MSC Nastran  3/ 3/26   PAGE    58
     DEFAULT                                                                                                                        
0                                                                                                            SUBCASE 1              
      EIGENVALUE =  4.360628E+06
          CYCLES =  3.323492E+02         R E A L   E I G E N V E C T O R   N O .          5
 
      POINT ID.   TYPE          T1             T2             T3             R1             R2             R3
          1023      G     -3.334888E-04  -1.203289E-05  -8.940243E-03   2.819227E-01   1.084582E-01  -5.648120E-04
          1024      G     -3.429206E-04  -2.057473E-05  -7.166821E-03   1.942934E-01  -1.201438E-02   1.112693E-01
          1025      G     -3.339976E-04  -1.073679E-07  -1.383443E-02  -3.763684E-05   2.002844E-01   2.279896E-06
          1026      G     -3.205900E-04  -1.442433E-07  -9.932484E-03  -6.678518E-05   9.278905E-03   4.791801E-04
          1027      G     -2.896020E-04   2.413907E-07   2.335549E-07  -1.329334E-05   4.946856E-05   1.277112E-01
          1028      G     -2.862275E-04   1.801207E-05   1.339496E-04   1.333285E-04  -4.753127E-05   1.572093E-01
          1029      G     -2.814661E-04  -4.802782E-05   1.353600E-04   9.690700E-05  -5.159737E-05   1.548299E-01
          1030      G     -3.079012E-04   2.133107E-07   3.136508E-06   1.924739E-04  -2.203891E-01   6.584407E-04
          1031      G     -3.119694E-04  -1.992166E-06   5.494577E-03   1.848091E-01  -1.590766E-01   2.263856E-04
          1032      G     -3.046973E-04  -2.444018E-05   9.345103E-03   3.470946E-01  -9.322998E-02   3.780482E-04
          1033      G     -2.481481E-04  -1.125595E-04   3.150067E-04   1.086795E-05  -8.174057E-05   7.776425E-02
          1034      G     -2.592137E-04   5.030897E-05   3.152420E-04   3.131990E-05  -5.004974E-05   8.629280E-02
          1035      G     -3.327384E-04  -1.192610E-05   8.935168E-03   2.821329E-01   1.085916E-01   5.634857E-04
          1036      G     -3.423213E-04  -2.002406E-05   7.159492E-03   1.945430E-01  -1.201585E-02  -1.115459E-01
          1037      G     -2.863524E-04  -1.773239E-05  -1.337378E-04  -1.343081E-04  -4.757949E-05   1.573404E-01
          1038      G     -2.816696E-04   4.845216E-05  -1.351493E-04  -9.777114E-05  -5.164806E-05   1.550003E-01
          1039      G     -3.121424E-04   2.373622E-06  -5.490846E-03  -1.845423E-01  -1.592036E-01   2.278502E-04
          1040      G     -3.050860E-04   2.486849E-05  -9.344821E-03  -3.469163E-01  -9.333025E-02   3.831572E-04
          1041      G     -2.484876E-04   1.130444E-04  -3.146346E-04  -7.167152E-06  -8.062136E-05   7.772865E-02
          1042      G     -3.333289E-04   1.195597E-05  -8.938142E-03  -2.819611E-01   1.084570E-01   5.683919E-04
          1043      G     -3.427070E-04   2.015900E-05  -7.165101E-03  -1.943311E-01  -1.204245E-02  -1.105600E-01
          1044      G     -2.601971E-04  -5.150305E-05  -3.148439E-04  -2.807982E-05  -4.858655E-05   8.662210E-02
          2000      G     -3.806527E-04  -1.015449E-05   2.467139E-06   1.560760E-03  -1.485796E-02  -3.591427E-01
          2001      G     -3.823023E-04  -1.387308E-05   1.379593E-04  -1.335403E-04  -3.543246E-05  -2.049842E-01
          2002      G     -3.765897E-04   4.931533E-05   1.388462E-04  -1.002699E-04  -4.120231E-05  -2.021282E-01
          2003      G     -4.165215E-04  -2.150190E-06   4.275622E-05  -2.473366E-03  -2.323667E-01  -8.311519E-04
          2004      G     -4.189132E-04   1.551795E-06   5.612870E-03  -1.791959E-01  -1.585129E-01  -2.420430E-04
          2005      G     -4.076276E-04   3.828394E-05   9.595359E-03  -3.336160E-01  -1.007391E-01  -3.950123E-04
          2006      G     -5.296638E-04  -1.141236E-06   9.358505E-05   2.360831E-04  -1.060738E-02   2.928557E-06
          2007      G     -4.838059E-04  -4.399507E-07   8.924505E-03   7.102209E-05  -5.503656E-01   1.628275E-06
          2008      G     -4.925205E-04  -1.628267E-07   1.647326E-02   8.204025E-05   2.278885E-02   7.245877E-06
          2009      G     -3.265488E-04   1.567069E-04   3.121774E-04  -1.562664E-05  -7.669196E-05  -1.144996E-01
          2010      G     -3.153684E-04  -2.897998E-06   3.127408E-04  -3.533445E-05  -5.208636E-05  -1.112252E-01
          2011      G     -4.414390E-04   3.460543E-05   9.701499E-03  -2.656852E-01   7.843940E-02  -8.291542E-04
          2012      G     -4.632549E-04   4.403612E-05   7.793583E-03  -1.536808E-01   5.069504E-02   3.853610E-01
          2013      G     -4.711800E-04   1.107470E-06   1.453119E-02  -2.354756E-03   1.511993E-01   2.094333E-05
          2014      G     -4.720573E-04   2.610299E-06   1.059356E-02  -6.144242E-03   7.605757E-02   3.800570E-02
          2015      G     -3.816682E-04   1.385148E-05  -1.337533E-04   1.351004E-04  -5.027805E-05  -2.034207E-01
          2016      G     -3.767904E-04  -5.209965E-05  -1.350497E-04   1.001805E-04  -5.606475E-05  -2.009807E-01
          2017      G     -4.219627E-04  -7.012843E-06  -5.533635E-03   1.774362E-01  -1.589948E-01  -2.971907E-04
          2018      G     -4.112109E-04  -3.841365E-05  -9.558925E-03   3.337637E-01  -1.032132E-01  -4.675271E-04
          2019      G     -4.858005E-04  -9.334516E-07  -8.790967E-03  -4.760309E-04  -5.542984E-01   1.814705E-06
          2020      G     -4.968074E-04  -8.518883E-07  -1.643056E-02   8.164514E-05   2.065672E-02  -4.898430E-06
          2021      G     -3.280794E-04  -1.511741E-04  -3.152543E-04   1.061542E-05  -8.170606E-05  -1.157894E-01
          2022      G     -3.156264E-04   2.784680E-06  -3.159417E-04   2.746115E-05  -5.840106E-05  -1.117103E-01
          2023      G     -4.449807E-04  -3.506468E-05  -9.729056E-03   2.689294E-01   7.644672E-02  -9.054916E-04
          2024      G     -4.667111E-04  -4.011256E-05  -7.845988E-03   1.594159E-01   5.121005E-02   3.862554E-01
          2025      G     -4.788042E-04  -3.672677E-07  -1.455835E-02   4.800264E-06   1.483705E-01  -7.569402E-06
          2026      G     -4.847848E-04  -2.201367E-07  -1.060395E-02  -7.724623E-05   8.066779E-02   1.171741E-03
          2027      G     -3.812188E-04  -8.544515E-07   1.659830E-06   2.392656E-04  -1.676211E-02   3.530439E-01
1                                                       **STUDENT EDITION*    APRIL  18, 2026  MSC Nastran  3/ 3/26   PAGE    59
     DEFAULT                                                                                                                        
0                                                                                                            SUBCASE 1              
      EIGENVALUE =  4.360628E+06
          CYCLES =  3.323492E+02         R E A L   E I G E N V E C T O R   N O .          5
 
      POINT ID.   TYPE          T1             T2             T3             R1             R2             R3
          2028      G     -3.820193E-04   1.486966E-05   1.340844E-04   1.329566E-04  -4.577168E-05   2.042261E-01
          2029      G     -3.768388E-04  -5.198161E-05   1.352328E-04   9.771145E-05  -5.195965E-05   2.016346E-01
          2030      G     -4.167871E-04  -2.926605E-07   4.102537E-05   1.459630E-03  -2.320760E-01   8.283859E-04
          2031      G     -4.201682E-04  -4.488937E-06   5.588226E-03   1.793201E-01  -1.578876E-01   2.796873E-04
          2032      G     -4.088633E-04  -3.689304E-05   9.561430E-03   3.337249E-01  -1.007346E-01   4.315607E-04
          2033      G     -3.284696E-04  -1.505964E-04   3.151396E-04   1.233413E-05  -8.035378E-05   1.166529E-01
          2034      G     -3.145631E-04   1.356259E-06   3.157730E-04   2.798690E-05  -5.749271E-05   1.117959E-01
          2035      G     -4.424023E-04  -3.353549E-05   9.707492E-03   2.682068E-01   7.547997E-02   8.290981E-04
          2036      G     -4.663048E-04  -4.143219E-05   7.837177E-03   1.605580E-01   5.151964E-02  -3.913673E-01
          2037      G     -3.827732E-04  -1.456936E-05  -1.338622E-04  -1.337609E-04  -4.582631E-05   2.046700E-01
          2038      G     -3.775879E-04   5.247715E-05  -1.350247E-04  -9.876974E-05  -5.192355E-05   2.020764E-01
          2039      G     -4.212092E-04   4.001374E-06  -5.531808E-03  -1.769297E-01  -1.595893E-01   2.748783E-04
          2040      G     -4.111251E-04   3.763116E-05  -9.564743E-03  -3.338611E-01  -1.031821E-01   4.374420E-04
          2041      G     -3.283520E-04   1.507126E-04  -3.147633E-04  -8.274264E-06  -7.935319E-05   1.163984E-01
          2042      G     -3.155889E-04  -2.648384E-06  -3.153854E-04  -2.493063E-05  -5.617473E-05   1.121482E-01
          2043      G     -4.452271E-04   3.470628E-05  -9.730562E-03  -2.689905E-01   7.671378E-02   9.019091E-04
          2044      G     -4.669893E-04   3.952880E-05  -7.843433E-03  -1.594373E-01   5.123437E-02  -3.831449E-01
          3000      G      1.441645E-02   1.953486E-04   2.814867E-04  -5.199332E-02   5.020356E-01   5.854600E+00
          3001      G      1.580806E-02   7.725702E-03   1.099838E-02  -2.244685E+00   4.135111E-01   5.426043E+00
          3002      G      1.548107E-02   7.517578E-03   7.029346E-03  -1.258812E+00   2.987288E-01   6.201344E+00
          3003      G      1.976382E-02  -5.567250E-05   2.601018E-03  -9.356687E-02  -3.453255E+01  -1.166735E-01
          3004      G      1.619644E-02  -1.276899E-04   8.925727E-01  -3.074368E+01  -2.566467E+01  -3.116272E-02
          3005      G      1.568941E-02   7.086671E-04   1.375270E+00  -5.715186E+01  -3.832688E+00   2.723251E-03
          3006      G     -4.227101E-03  -1.905535E-05   3.635518E-03   4.568332E-03  -2.170709E+00   1.319173E-03
          3007      G      9.542284E-03  -2.196072E-05   1.457196E+00   1.553087E-01  -8.571557E+01   1.523662E-03
          3008      G      1.760210E-02   3.832142E-05   2.611438E+00  -4.531563E-03   2.532057E+00   1.494360E-03
          3009      G      1.398107E-02   2.266584E-03   8.578785E-03  -2.220204E+00  -1.241385E+00   1.205342E+01
          3010      G      1.048893E-02  -3.137413E-03   3.007928E-03  -1.177731E-01   5.002727E-01   2.331464E+00
          3011      G      1.677324E-02  -1.206365E-03   7.859837E-01  -2.931321E+01   4.214766E+01   7.920414E-02
          3012      G      1.884882E-02   2.607985E-03   2.399172E-02   7.441283E-01   3.496818E+00  -4.810441E+00
          3013      G      2.393781E-02   2.471388E-05   1.422242E+00   1.173851E-01   7.989438E+01   2.081964E-03
          3014      G      3.207157E-02   9.668409E-05   3.589532E-02  -8.810908E-03   5.398154E+00   2.692411E-02
          3015      G      1.590716E-02  -8.043050E-03  -1.147573E-02   2.362240E+00   7.738678E-01   4.046043E+00
          3016      G      1.558341E-02  -7.356792E-03  -6.866234E-03   1.209857E+00   5.207998E-01   5.529643E+00
          3017      G      1.625219E-02   1.547352E-04  -8.895676E-01   3.041997E+01  -2.560702E+01  -3.192199E-02
          3018      G      1.578693E-02  -7.902315E-04  -1.376510E+00   5.706439E+01  -4.064411E+00   3.338067E-03
          3019      G      9.562853E-03  -5.370191E-05  -1.453830E+00   4.541904E-03  -8.595997E+01   1.064908E-03
          3020      G      1.764388E-02  -5.448321E-05  -2.613041E+00   4.884783E-03   2.543924E+00   9.133578E-04
          3021      G      1.403514E-02  -2.428535E-03  -8.687656E-03   2.715358E+00  -2.080960E+00   1.542334E+01
          3022      G      1.069440E-02   2.753483E-03  -3.122998E-03   4.858732E-02   5.877083E-01   2.003711E+00
          3023      G      1.696313E-02   1.129716E-03  -7.898837E-01   2.878182E+01   4.205354E+01   7.892836E-02
          3024      G      1.900372E-02  -2.649134E-03  -2.420974E-02  -1.138160E+00   3.545374E+00  -6.533451E+00
          3025      G      2.401048E-02  -8.354904E-05  -1.423425E+00   6.642632E-03   7.984555E+01   1.098363E-03
          3026      G      3.220723E-02  -1.068579E-04  -3.609512E-02  -7.357463E-05   5.436818E+00  -4.841833E-02
          3027      G      1.465610E-02  -2.604661E-05   2.397162E-05   5.020949E-03   6.039069E-01  -5.547255E+00
          3028      G      1.611415E-02  -8.110024E-03   1.157977E-02   2.393462E+00   7.427489E-01  -4.241098E+00
          3029      G      1.578536E-02  -7.282387E-03   6.867422E-03   1.208889E+00   5.268090E-01  -5.591053E+00
          3030      G      1.993791E-02  -4.291241E-05   1.787354E-03   8.456517E-02  -3.448019E+01   1.186343E-01
          3031      G      1.636064E-02   1.405524E-04   8.911090E-01   3.043387E+01  -2.549796E+01   3.363992E-02
          3032      G      1.586433E-02  -7.426553E-04   1.375870E+00   5.705156E+01  -4.029011E+00  -5.695537E-04
1                                                       **STUDENT EDITION*    APRIL  18, 2026  MSC Nastran  3/ 3/26   PAGE    60
     DEFAULT                                                                                                                        
0                                                                                                            SUBCASE 1              
      EIGENVALUE =  4.360628E+06
          CYCLES =  3.323492E+02         R E A L   E I G E N V E C T O R   N O .          5
 
      POINT ID.   TYPE          T1             T2             T3             R1             R2             R3
          3033      G      1.423612E-02  -2.331380E-03   8.724522E-03   2.724153E+00  -2.081376E+00  -1.551510E+01
          3034      G      1.089420E-02   2.948258E-03   3.124968E-03   4.502631E-02   5.915990E-01  -2.077127E+00
          3035      G      1.702623E-02   1.250024E-03   7.889009E-01   2.870510E+01   4.203858E+01  -7.590778E-02
          3036      G      1.906422E-02  -2.461818E-03   2.420402E-02  -1.133923E+00   3.545468E+00   6.434446E+00
          3037      G      1.611403E-02   7.997220E-03  -1.145627E-02  -2.364928E+00   7.486017E-01  -4.216061E+00
          3038      G      1.578247E-02   7.265028E-03  -6.850060E-03  -1.204300E+00   5.271248E-01  -5.588838E+00
          3039      G      1.637424E-02  -1.947170E-04  -8.897767E-01  -3.044218E+01  -2.559420E+01   3.335360E-02
          3040      G      1.589161E-02   6.738883E-04  -1.376593E+00  -5.708143E+01  -4.071634E+00  -9.999361E-04
          3041      G      1.422543E-02   2.272604E-03  -8.666490E-03  -2.710596E+00  -2.081359E+00  -1.550566E+01
          3042      G      1.088889E-02  -2.960080E-03  -3.109939E-03  -4.683240E-02   5.875343E-01  -2.090491E+00
          3043      G      1.706196E-02  -1.287646E-03  -7.900361E-01  -2.879407E+01   4.205615E+01  -7.682318E-02
          3044      G      1.909459E-02   2.435125E-03  -2.424115E-02   1.139054E+00   3.552910E+00   6.439864E+00
          4000      G      1.638722E-03   5.225729E-05   1.152166E-05  -1.238930E-03  -4.685373E-02   6.231021E-01
          4001      G      1.644203E-03   5.741442E-05   1.045235E-03   1.068570E-02   3.005747E-03   5.475680E-01
          4002      G      1.632694E-03   1.864632E-04   1.495421E-03  -2.408381E-02  -6.170872E-03   4.613450E-01
          4003      G      1.753612E-03   5.556811E-05   8.279681E-06   2.167413E-03  -2.638586E-01   4.190622E-04
          4004      G      1.751483E-03   6.592050E-05   7.324911E-03  -2.187998E-01  -2.309881E-01   7.690646E-04
          4005      G      1.766413E-03   7.086472E-05   1.241905E-02  -3.967870E-01  -7.845544E-02   1.396392E-03
          4006      G      1.671875E-03   5.421798E-05  -3.819475E-05  -1.972460E-03  -1.317700E-02   3.008396E-04
          4007      G      1.746517E-03   6.500739E-05   1.139051E-02  -5.781838E-03  -6.860802E-01   2.702278E-04
          4008      G      1.802321E-03   7.143040E-05   2.099623E-02  -2.731024E-03   1.600029E-02   2.379952E-04
          4009      G      1.605095E-03   1.273271E-04   1.535049E-03   1.088227E-02   4.132420E-03   2.805505E-01
          4010      G      1.558688E-03   2.278321E-04   1.934677E-03  -4.843262E-02  -2.851882E-02   5.237621E-01
          4011      G      1.781992E-03   1.036971E-04   1.098179E-02  -3.025962E-01   1.462377E-01   3.380729E-03
          4012      G      1.820016E-03   2.332927E-04   7.952450E-03  -1.147179E-01   6.197347E-02   7.858707E-01
          4013      G      1.901874E-03   8.033345E-05   1.707689E-02  -1.401877E-02   3.024034E-01   2.364129E-04
          4014      G      1.979367E-03   8.605939E-05   1.088924E-02  -3.011646E-04   4.844160E-02  -1.122823E-03
          4015      G      1.639650E-03   5.544654E-05  -1.017631E-03  -1.738237E-02   3.890106E-03   5.619822E-01
          4016      G      1.623092E-03  -8.242898E-05  -1.507803E-03   2.192638E-02  -1.185987E-02   4.783367E-01
          4017      G      1.748268E-03   4.283113E-05  -7.322494E-03   2.266352E-01  -2.335921E-01   7.591898E-04
          4018      G      1.759752E-03   4.340859E-05  -1.235568E-02   3.993961E-01  -6.943530E-02   1.409615E-03
          4019      G      1.745154E-03   4.558864E-05  -1.143452E-02  -1.824164E-03  -6.828809E-01   3.024616E-04
          4020      G      1.800878E-03   3.551609E-05  -2.098592E-02  -1.689583E-03   1.596461E-02   3.019123E-04
          4021      G      1.586786E-03  -2.956017E-07  -1.347907E-03  -3.689504E-02   1.573194E-02   2.236482E-01
          4022      G      1.533996E-03  -1.142279E-04  -1.894665E-03   5.973653E-02  -4.190621E-02   5.820081E-01
          4023      G      1.775121E-03   8.915305E-06  -1.078231E-02   3.299435E-01   1.402663E-01   3.559494E-03
          4024      G      1.815038E-03  -1.255645E-04  -7.945037E-03   1.175379E-01   6.236313E-02   8.434856E-01
          4025      G      1.902479E-03   2.753572E-05  -1.709898E-02  -1.606330E-03   3.005535E-01   2.866583E-04
          4026      G      1.982378E-03   1.944309E-05  -1.094074E-02  -4.797325E-04   4.964501E-02   8.083777E-03
          4027      G      1.681814E-03   5.231398E-05  -5.485903E-06  -1.407696E-03  -5.091778E-02  -6.407806E-01
          4028      G      1.684430E-03   7.468885E-05   1.037851E-03  -1.858305E-02   5.137902E-03  -5.587382E-01
          4029      G      1.668055E-03  -5.078302E-05   1.515052E-03   2.237315E-02  -1.177125E-02  -4.825634E-01
          4030      G      1.773437E-03   5.476829E-05  -8.121672E-06  -3.296043E-04  -2.634822E-01   1.877833E-04
          4031      G      1.769630E-03   6.030110E-05   7.339752E-03   2.270603E-01  -2.346609E-01  -1.564560E-04
          4032      G      1.781795E-03   7.860370E-05   1.240384E-02   3.990521E-01  -7.164438E-02  -8.401553E-04
          4033      G      1.631542E-03   5.179170E-05   1.347496E-03  -3.902680E-02   1.648594E-02  -2.257724E-01
          4034      G      1.579071E-03  -5.199505E-05   1.891354E-03   5.968131E-02  -4.289191E-02  -5.921354E-01
          4035      G      1.797879E-03   5.830532E-05   1.085158E-02   3.360434E-01   1.427223E-01  -2.986283E-03
          4036      G      1.838531E-03  -5.968302E-05   7.933528E-03   1.159513E-01   6.277398E-02  -8.474390E-01
          4037      G      1.685134E-03   3.461081E-05  -1.045777E-03   1.376566E-02   5.152304E-03  -5.582337E-01
1                                                       **STUDENT EDITION*    APRIL  18, 2026  MSC Nastran  3/ 3/26   PAGE    61
     DEFAULT                                                                                                                        
0                                                                                                            SUBCASE 1              
      EIGENVALUE =  4.360628E+06
          CYCLES =  3.323492E+02         R E A L   E I G E N V E C T O R   N O .          5
 
      POINT ID.   TYPE          T1             T2             T3             R1             R2             R3
          4038      G      1.668871E-03   1.528158E-04  -1.528346E-03  -2.545768E-02  -1.195566E-02  -4.817456E-01
          4039      G      1.769459E-03   4.674465E-05  -7.340340E-03  -2.242746E-01  -2.342836E-01  -1.198659E-04
          4040      G      1.781468E-03   2.837656E-05  -1.237156E-02  -3.974398E-01  -6.878743E-02  -7.879523E-04
          4041      G      1.631704E-03   5.382799E-05  -1.365883E-03   3.290624E-02   1.584008E-02  -2.253966E-01
          4042      G      1.577018E-03   1.487328E-04  -1.904597E-03  -6.183797E-02  -3.991433E-02  -5.743107E-01
          4043      G      1.797056E-03   4.470017E-05  -1.078694E-02  -3.279886E-01   1.407455E-01  -2.962455E-03
          4044      G      1.837779E-03   1.639097E-04  -7.943011E-03  -1.180105E-01   6.259638E-02  -8.260929E-01
1                                                       **STUDENT EDITION*    APRIL  18, 2026  MSC Nastran  3/ 3/26   PAGE    62
     DEFAULT                                                                                                                        
0                                                                                                            SUBCASE 1              
      EIGENVALUE =  4.364459E+06
          CYCLES =  3.324952E+02         R E A L   E I G E N V E C T O R   N O .          6
 
      POINT ID.   TYPE          T1             T2             T3             R1             R2             R3
             1      G      0.0            0.0            0.0            0.0            0.0            0.0
             2      G      0.0            0.0            0.0            0.0            0.0            0.0
             3      G      0.0            0.0            0.0            0.0            0.0            0.0
             4      G      0.0            0.0            0.0            0.0            0.0            0.0
             5      G      0.0            0.0            0.0            0.0            0.0            0.0
             6      G      0.0            0.0            0.0            0.0            0.0            0.0
             7      G      0.0            0.0            0.0            0.0            0.0            0.0
             8      G      0.0            0.0            0.0            0.0            0.0            0.0
            10      G      1.054367E-05   2.369511E-05   4.885487E-05   1.568149E-05   3.404152E-05  -2.565573E-03
            11      G      1.021284E-05  -2.363135E-05   4.882615E-05  -1.580675E-05   3.299241E-05   2.545450E-03
            12      G      1.391747E-05  -3.010340E-06   9.609694E-05   7.387649E-05   5.388450E-05  -1.227517E-03
            13      G      1.342841E-05   2.995692E-06   9.594754E-05  -7.375830E-05   5.207672E-05   1.188213E-03
            14      G     -1.388019E-05  -3.023505E-06   9.595372E-05   7.383682E-05  -5.373265E-05   1.215772E-03
            15      G     -1.374200E-05   2.953030E-06   9.627526E-05  -7.394079E-05  -5.348429E-05  -1.209852E-03
            16      G     -1.056997E-05   2.299855E-05   4.842260E-05   1.683220E-05  -3.396640E-05   2.523940E-03
            17      G     -9.919700E-06  -2.293683E-05   4.838827E-05  -1.793058E-05  -3.138291E-05  -2.445641E-03
           100      G     -2.636988E-06   5.838349E-06  -4.331877E-04   1.638151E-02  -1.522007E-02   6.995386E-04
           101      G      6.853860E-06  -5.143089E-08  -1.099284E-03  -6.890707E-06  -4.914049E-03  -1.345825E-05
           102      G     -5.700355E-06   1.981220E-06  -1.010731E-03   3.002159E-02  -1.798339E-02   7.873628E-05
           103      G      1.474687E-05   2.618351E-08  -2.045506E-03   2.915854E-06  -3.622167E-02  -2.804269E-07
           104      G      2.031788E-07   2.081416E-05  -1.226074E-03   4.353317E-02   8.779779E-05  -1.098469E-06
           105      G      3.152776E-07   8.320323E-08  -2.759166E-03   3.114664E-06   3.857876E-05  -2.663632E-07
           106      G     -2.281590E-05  -1.978614E-05   9.783505E-05  -7.394079E-05  -5.348429E-05  -1.209852E-03
           107      G     -2.281590E-05   1.250179E-05   9.640769E-05  -7.394079E-05  -5.348429E-05  -1.209852E-03
           108      G     -3.789382E-08   3.919666E-05   5.475663E-04   7.491231E-03  -1.303524E-05   3.368971E-05
           109      G     -2.826201E-05  -4.127914E-05   4.875812E-05  -1.793058E-05  -3.138291E-05  -2.445641E-03
           110      G      7.834073E-06  -1.844279E-04   1.215026E-03  -3.755244E-02  -4.649020E-03   1.951827E-02
           111      G     -2.826201E-05   2.704596E-05   4.788136E-05  -1.793058E-05  -3.138291E-05  -2.445641E-03
           112      G      1.701089E-07  -1.288408E-05   4.227932E-04  -1.072575E-02  -3.014428E-02  -1.511525E-03
           113      G      9.867013E-06  -5.138807E-07   1.734536E-03   6.868684E-05  -5.516966E-03  -2.315082E-04
           114      G      4.508620E-06  -2.678465E-07   3.254921E-04  -4.404407E-05  -4.815376E-02   4.176368E-05
           115      G      3.344039E-06   6.023787E-06  -4.203884E-04   1.602070E-02   1.533764E-02  -6.687144E-04
           116      G     -5.966186E-06   1.172226E-07  -1.078569E-03  -5.777247E-06   4.960832E-03  -4.638684E-07
           117      G      6.256393E-06   2.177779E-06  -1.003992E-03   2.982971E-02   1.820813E-02  -7.425571E-05
           118      G     -1.415642E-05   8.933379E-08  -2.034711E-03  -1.451879E-07   3.666753E-02  -9.856267E-07
           119      G      2.234001E-05  -1.933678E-05   9.747951E-05  -7.375830E-05   5.207672E-05   1.188213E-03
           120      G      2.234001E-05   1.237367E-05   9.608971E-05  -7.375830E-05   5.207672E-05   1.188213E-03
           121      G      2.930372E-05  -4.272223E-05   4.919215E-05  -1.580675E-05   3.299241E-05   2.545450E-03
           122      G     -6.897653E-06  -1.853726E-04   1.226713E-03  -3.771148E-02   4.738586E-03  -1.987109E-02
           123      G      2.930372E-05   2.839128E-05   4.827042E-05  -1.580675E-05   3.299241E-05   2.545450E-03
           124      G      5.853148E-07  -1.291283E-05   4.357466E-04  -1.101832E-02   3.004017E-02   1.522549E-03
           125      G     -8.898614E-06   1.415260E-07   1.746795E-03   1.013988E-05   5.545344E-03   8.624511E-06
           126      G     -3.310684E-06   9.281761E-08   3.425221E-04  -1.623229E-05   4.789672E-02  -2.051592E-06
           127      G     -2.927675E-06  -6.063738E-06  -4.320683E-04  -1.643574E-02  -1.529055E-02  -6.981938E-04
           128      G     -5.794537E-06  -1.930764E-06  -1.010340E-03  -3.006130E-02  -1.797759E-02  -8.279373E-05
           129      G      2.446004E-07  -2.072006E-05  -1.225637E-03  -4.356766E-02   7.865940E-05  -3.162237E-06
           130      G     -2.299848E-05   1.982693E-05   9.751740E-05   7.383682E-05  -5.373265E-05   1.215772E-03
           131      G     -2.299848E-05  -1.261899E-05   9.608341E-05   7.383682E-05  -5.373265E-05   1.215772E-03
           132      G      8.315976E-08  -3.918023E-05   5.478860E-04  -7.498800E-03  -1.155274E-07  -5.208503E-06
           133      G     -2.949951E-05   4.192810E-05   4.880359E-05   1.683220E-05  -3.396640E-05   2.523940E-03
1                                                       **STUDENT EDITION*    APRIL  18, 2026  MSC Nastran  3/ 3/26   PAGE    63
     DEFAULT                                                                                                                        
0                                                                                                            SUBCASE 1              
      EIGENVALUE =  4.364459E+06
          CYCLES =  3.324952E+02         R E A L   E I G E N V E C T O R   N O .          6
 
      POINT ID.   TYPE          T1             T2             T3             R1             R2             R3
           134      G      7.422013E-06   1.830548E-04   1.216190E-03   3.741297E-02  -4.668473E-03  -1.976695E-02
           135      G     -2.949951E-05  -2.858447E-05   4.785465E-05   1.683220E-05  -3.396640E-05   2.523940E-03
           136      G     -1.881023E-07   1.266385E-05   4.248535E-04   1.070452E-02  -3.010420E-02   1.494038E-03
           137      G      3.507289E-06  -5.918884E-06  -4.200066E-04  -1.610198E-02   1.534485E-02   6.905624E-04
           138      G      6.357128E-06  -1.888727E-06  -1.003701E-03  -2.988350E-02   1.821135E-02   7.872496E-05
           139      G      2.312385E-05   2.006085E-05   9.766378E-05   7.387649E-05   5.388450E-05  -1.227517E-03
           140      G      2.312385E-05  -1.269852E-05   9.622573E-05   7.387649E-05   5.388450E-05  -1.227517E-03
           141      G      2.978548E-05   4.293691E-05   4.922779E-05   1.568149E-05   3.404152E-05  -2.565573E-03
           142      G     -6.587380E-06   1.854990E-04   1.226383E-03   3.768792E-02   4.689706E-03   1.986488E-02
           143      G      2.978548E-05  -2.873880E-05   4.827676E-05   1.568149E-05   3.404152E-05  -2.565573E-03
           144      G      8.247351E-07   1.312911E-05   4.361265E-04   1.099004E-02   3.003737E-02  -1.519932E-03
           200      G     -2.925057E-05  -4.071433E-05   4.875812E-05  -1.793058E-05  -3.138291E-05  -2.445641E-03
           201      G     -2.925057E-05   2.761077E-05   4.788136E-05  -1.793058E-05  -3.138291E-05  -2.445641E-03
           202      G     -2.450065E-05  -1.745700E-05   9.783505E-05  -7.394079E-05  -5.348429E-05  -1.209852E-03
           203      G     -2.450065E-05   1.483092E-05   9.640769E-05  -7.394079E-05  -5.348429E-05  -1.209852E-03
           204      G     -1.290575E-06  -2.070074E-05   7.765269E-04  -3.472906E-03   4.625312E-06  -3.123039E-05
           205      G      2.459771E-05  -4.061356E-05   1.272743E-03  -2.823839E-02  -7.134536E-03   7.849478E-03
           206      G      3.865679E-05  -4.437538E-06   1.809725E-03  -1.180857E-03  -9.203003E-03  -1.928431E-03
           207      G      3.034298E-05  -4.222431E-05   4.919215E-05  -1.580675E-05   3.299241E-05   2.545450E-03
           208      G      3.034298E-05   2.888920E-05   4.827042E-05  -1.580675E-05   3.299241E-05   2.545450E-03
           209      G      2.398043E-05  -1.701339E-05   9.747951E-05  -7.375830E-05   5.207672E-05   1.188213E-03
           210      G      2.398043E-05   1.469706E-05   9.608971E-05  -7.375830E-05   5.207672E-05   1.188213E-03
           211      G     -2.343296E-05  -4.408692E-05   1.286262E-03  -2.827490E-02   7.389339E-03  -1.050246E-02
           212      G     -3.697956E-05   1.839935E-07   1.822847E-03  -1.135972E-05   9.068320E-03   2.129345E-06
           213      G     -3.056946E-05   4.139788E-05   4.880359E-05   1.683220E-05  -3.396640E-05   2.523940E-03
           214      G     -3.056946E-05  -2.911468E-05   4.785465E-05   1.683220E-05  -3.396640E-05   2.523940E-03
           215      G     -2.469106E-05   1.750107E-05   9.751740E-05   7.383682E-05  -5.373265E-05   1.215772E-03
           216      G     -2.469106E-05  -1.494485E-05   9.608341E-05   7.383682E-05  -5.373265E-05   1.215772E-03
           217      G     -7.257849E-08   2.088867E-05   7.772122E-04   3.472790E-03   2.853030E-05   2.675066E-05
           218      G      2.552448E-05   3.959646E-05   1.275456E-03   2.817148E-02  -7.486786E-03  -1.062779E-02
           219      G      3.085778E-05   4.244295E-05   4.922779E-05   1.568149E-05   3.404152E-05  -2.565573E-03
           220      G      3.085778E-05  -2.923277E-05   4.827676E-05   1.568149E-05   3.404152E-05  -2.565573E-03
           221      G      2.482121E-05   1.773374E-05   9.766378E-05   7.387649E-05   5.388450E-05  -1.227517E-03
           222      G      2.482121E-05  -1.502563E-05   9.622573E-05   7.387649E-05   5.388450E-05  -1.227517E-03
           223      G     -2.317813E-05   4.448018E-05   1.285818E-03   2.826374E-02   7.356800E-03   1.053032E-02
           224      G      9.522106E-06   4.698836E-06  -5.958142E-04   2.296038E-02  -2.054182E-02   1.127754E-03
           225      G      3.297348E-05  -3.372591E-07  -1.416877E-03  -6.388156E-05  -8.676782E-03  -5.642985E-05
           226      G      5.631900E-06  -1.175793E-05  -1.211809E-03   3.760286E-02  -1.356863E-02   2.227593E-04
           227      G      2.745304E-05  -3.020592E-08  -2.475052E-03   5.894729E-05  -3.932886E-02   4.278209E-06
           228      G      1.183949E-06   1.325780E-05  -1.258194E-03   6.126479E-02  -3.989729E-04   5.689054E-05
           229      G      1.835265E-06   9.270206E-08  -3.213474E-03  -4.570365E-06  -2.393783E-04  -6.921014E-06
           230      G      1.129475E-05  -1.038056E-05   3.805470E-04  -3.221477E-03  -3.522876E-02   5.207950E-05
           231      G      4.922107E-05  -4.225826E-07   2.070834E-04  -9.501330E-04  -6.221323E-02   3.740155E-04
           232      G     -6.961973E-06   6.171883E-06  -6.705200E-04   2.591145E-02   2.123513E-02  -1.061607E-03
           233      G     -3.008605E-05   9.841813E-08  -1.566552E-03  -1.312052E-05   8.369792E-03  -8.815335E-07
           234      G     -3.824181E-06  -1.189103E-05  -1.256763E-03   3.917848E-02   1.176324E-02  -2.095050E-04
           235      G     -2.333363E-05   1.031834E-07  -2.553063E-03  -1.348035E-05   3.629449E-02   1.397326E-06
           236      G     -1.064329E-05  -9.845095E-06   3.536766E-04  -1.956791E-03   3.887694E-02   4.298214E-05
           237      G     -3.941675E-05   1.299749E-07   1.395005E-04  -2.698903E-05   7.199835E-02  -2.380831E-06
           238      G      9.222942E-06  -5.165330E-06  -6.031702E-04  -2.330206E-02  -2.098068E-02  -1.107616E-03
1                                                       **STUDENT EDITION*    APRIL  18, 2026  MSC Nastran  3/ 3/26   PAGE    64
     DEFAULT                                                                                                                        
0                                                                                                            SUBCASE 1              
      EIGENVALUE =  4.364459E+06
          CYCLES =  3.324952E+02         R E A L   E I G E N V E C T O R   N O .          6
 
      POINT ID.   TYPE          T1             T2             T3             R1             R2             R3
           239      G      5.600776E-06   1.185519E-05  -1.219939E-03  -3.789601E-02  -1.326932E-02  -2.291548E-04
           240      G      1.062537E-06  -1.316009E-05  -1.261534E-03  -6.139973E-02  -3.432047E-04  -3.264647E-05
           241      G      1.092372E-05   8.639987E-06   3.822436E-04   3.371129E-03  -3.520322E-02  -6.469688E-05
           242      G     -6.762216E-06  -6.068685E-06  -6.717400E-04  -2.601175E-02   2.126509E-02   1.084612E-03
           243      G     -3.623875E-06   1.208170E-05  -1.258986E-03  -3.927513E-02   1.181000E-02   2.143562E-04
           244      G     -1.041336E-05   1.008299E-05   3.532173E-04   1.922846E-03   3.890645E-02  -4.257604E-05
           300      G     -3.327142E-04  -2.485530E-04   6.500856E-04  -5.669419E-02   1.645111E-02  -3.014689E-02
           301      G     -7.995717E-05  -1.363305E-04   1.299503E-03  -4.423703E-02   1.056933E-02   1.691592E-02
           302      G     -2.570039E-05  -3.084385E-04   1.138152E-03  -7.419239E-02  -4.133969E-03   6.421252E-03
           303      G     -3.561663E-04  -1.304701E-04   3.820218E-05  -2.204240E-02   1.087915E-02  -5.898515E-03
           304      G     -2.438350E-04  -1.535010E-04   3.281075E-04  -3.508354E-02   8.427623E-03   1.732609E-02
           305      G     -9.809713E-06  -1.624288E-04   1.431113E-03  -2.845026E-02  -1.836277E-02   2.440145E-02
           306      G      2.359341E-05  -1.198268E-05   2.073942E-03  -3.261016E-03  -2.530602E-02  -5.633747E-03
           307      G      3.513573E-04  -2.719687E-04   6.528775E-04  -6.036875E-02  -1.598638E-02   3.299828E-02
           308      G      4.790581E-05  -1.566363E-04   1.316436E-03  -4.591411E-02  -9.493286E-03  -1.720768E-02
           309      G      3.854912E-04  -1.461662E-04   3.833775E-05  -2.031756E-02  -1.534731E-02   5.001878E-03
           310      G      2.570953E-04  -1.579333E-04   3.353166E-04  -3.694081E-02  -5.840390E-03  -1.967323E-02
           311      G      2.506935E-05  -1.737336E-04   1.449049E-03  -2.795321E-02   1.512703E-02  -2.879774E-02
           312      G     -4.062579E-06   3.557896E-07   2.094293E-03  -6.634873E-05   1.941740E-02   6.304438E-05
           313      G     -3.646307E-04   2.790338E-04   6.487981E-04   5.745821E-02   1.530050E-02   3.224433E-02
           314      G     -6.766389E-05   1.554617E-04   1.315477E-03   4.149895E-02   9.894461E-03  -1.809271E-02
           315      G      8.146871E-07   3.308544E-04   1.136049E-03   7.454640E-02  -3.290340E-04  -3.990780E-04
           316      G     -3.977248E-04   1.419038E-04   3.742670E-05   1.992361E-02   1.442784E-02   4.469059E-03
           317      G     -2.671494E-04   1.556714E-04   3.325445E-04   3.246576E-02   8.602652E-03  -2.015029E-02
           318      G     -1.793051E-05   1.647020E-04   1.437242E-03   2.948215E-02  -1.789319E-02  -2.998422E-02
           319      G      3.648809E-04   2.804773E-04   6.512768E-04   5.940765E-02  -1.584164E-02  -3.236108E-02
           320      G      6.725429E-05   1.673713E-04   1.317717E-03   4.464962E-02  -1.071695E-02   1.817600E-02
           321      G      3.955844E-04   1.476710E-04   3.782018E-05   2.003357E-02  -1.502275E-02  -4.731704E-03
           322      G      2.677507E-04   1.630247E-04   3.345371E-04   3.602596E-02  -5.970572E-03   2.008524E-02
           323      G      3.087510E-05   1.746707E-04   1.448681E-03   2.784877E-02   1.495015E-02   2.893062E-02
           324      G     -1.137065E-05  -8.419892E-05  -9.275737E-04   6.684769E-02  -2.881307E-02   1.179671E-02
           325      G      1.219012E-05   1.188248E-05  -3.017461E-03  -5.268992E-04  -1.940594E-02  -1.301611E-04
           326      G     -3.725050E-05  -1.529458E-04  -1.346834E-03   8.942206E-02   1.132153E-03   4.832896E-04
           327      G      1.810842E-05   1.207567E-05  -3.981730E-03  -1.286647E-03  -2.642511E-02   1.079708E-05
           328      G      4.195340E-06  -7.474924E-05  -1.089545E-03   9.319876E-02   1.725076E-02  -1.076850E-03
           329      G     -2.083270E-06   1.178369E-05  -4.136371E-03  -1.326069E-04   1.614625E-03   1.390390E-04
           330      G     -5.493458E-05  -9.270223E-05   2.751724E-04   1.869783E-02  -3.749200E-02   9.954814E-04
           331      G      4.694768E-05   7.617631E-06  -5.005212E-04  -3.654639E-03  -1.016611E-01   7.622937E-04
           332      G      1.187618E-05  -1.058430E-04   1.227639E-03   1.354741E-02   3.633839E-02  -1.259261E-02
           333      G     -7.737894E-07   4.813427E-06   1.387947E-04  -4.631740E-04   1.695168E-02   1.064244E-04
           334      G      4.879290E-05  -1.681957E-04   5.679346E-06   5.687546E-02   3.697824E-02  -2.103110E-04
           335      G     -3.811653E-05   8.240796E-06  -2.150362E-03  -2.975708E-04   9.305834E-02   1.245905E-04
           336      G      6.457593E-05  -1.009619E-04   1.566900E-03  -1.351839E-02  -1.916211E-02  -9.616930E-04
           337      G     -1.202487E-05   2.315904E-06   1.329360E-03  -3.336704E-04   4.020510E-02   8.770830E-05
           338      G     -1.284686E-05   1.074096E-04  -9.204627E-04  -6.885175E-02  -3.114779E-02  -1.274595E-02
           339      G     -4.249240E-05   1.843854E-04  -1.344708E-03  -8.884093E-02   2.216715E-03  -3.867198E-04
           340      G      2.507840E-06   9.530301E-05  -1.090620E-03  -9.459866E-02   1.701479E-02   1.120632E-04
           341      G     -6.720015E-05   1.041957E-04   2.982796E-04  -1.652140E-02  -3.616717E-02  -1.318785E-03
           342      G      1.810012E-05   1.144623E-04   1.223903E-03  -1.359456E-02   3.618407E-02   1.263132E-02
           343      G      5.256108E-05   1.821175E-04  -5.087114E-06  -5.709845E-02   3.734093E-02   4.349290E-04
1                                                       **STUDENT EDITION*    APRIL  18, 2026  MSC Nastran  3/ 3/26   PAGE    65
     DEFAULT                                                                                                                        
0                                                                                                            SUBCASE 1              
      EIGENVALUE =  4.364459E+06
          CYCLES =  3.324952E+02         R E A L   E I G E N V E C T O R   N O .          6
 
      POINT ID.   TYPE          T1             T2             T3             R1             R2             R3
           344      G      7.091461E-05   1.055578E-04   1.564470E-03   1.368076E-02  -1.887646E-02   1.092568E-03
           400      G     -2.930577E-05  -1.677204E-03  -3.754311E-04  -2.780767E-01   1.539667E-01   1.881086E-02
           401      G     -2.786252E-04  -4.121635E-04   5.810818E-03  -1.173770E-02  -4.137744E-02  -3.293966E-02
           402      G     -2.067882E-06  -2.314210E-03  -6.529493E-04  -3.466024E-01   5.241918E-04   1.800416E-04
           403      G     -2.783362E-05  -4.882994E-04  -5.759101E-04   3.536848E-03   1.392827E-01   2.139540E-02
           404      G     -2.690423E-04  -3.417068E-04   1.889506E-03  -1.068070E-01  -6.210537E-02   9.538035E-04
           405      G     -8.184365E-04  -3.355332E-04   1.985899E-03  -8.481424E-02   1.121318E-01   4.056951E-02
           406      G     -9.572179E-04   4.524791E-07   2.575369E-03  -1.119591E-06   9.061462E-02  -6.324994E-04
           407      G      2.473383E-05  -1.679168E-03  -3.643846E-04  -2.784385E-01  -1.541950E-01  -1.919116E-02
           408      G      2.745922E-04  -4.131718E-04   5.827222E-03  -1.191310E-02   4.142825E-02   3.324713E-02
           409      G      2.713148E-05  -4.907667E-04  -5.746187E-04   2.844573E-03  -1.392094E-01  -2.188914E-02
           410      G      2.702689E-04  -3.428216E-04   1.896113E-03  -1.071392E-01   6.189988E-02  -3.138177E-04
           411      G      8.173970E-04  -3.359365E-04   2.003095E-03  -8.492436E-02  -1.123646E-01  -4.094394E-02
           412      G      9.559755E-04   1.331838E-07   2.593814E-03   1.936768E-05  -9.083301E-02   3.710557E-05
           413      G     -3.140423E-05   1.682476E-03  -3.668925E-04   2.785989E-01   1.542651E-01  -1.924122E-02
           414      G     -2.801324E-04   4.178247E-04   5.824871E-03   1.224623E-02  -4.141450E-02   3.324432E-02
           415      G     -3.162921E-07   2.319815E-03  -6.484971E-04   3.470745E-01   1.877394E-05   6.252978E-06
           416      G     -3.431556E-05   4.888751E-04  -5.771385E-04  -2.899361E-03   1.393546E-01  -2.202670E-02
           417      G     -2.775673E-04   3.440279E-04   1.893252E-03   1.073197E-01  -6.187118E-02  -3.706651E-04
           418      G     -8.204770E-04   3.346069E-04   1.992997E-03   8.468980E-02   1.123755E-01  -4.117639E-02
           419      G      3.049687E-05   1.682598E-03  -3.656351E-04   2.786172E-01  -1.542780E-01   1.922000E-02
           420      G      2.796119E-04   4.178091E-04   5.826055E-03   1.224202E-02   4.138640E-02  -3.330451E-02
           421      G      3.296214E-05   4.907761E-04  -5.762032E-04  -2.675799E-03  -1.394188E-01   2.197421E-02
           422      G      2.762216E-04   3.445450E-04   1.894529E-03   1.074314E-01   6.188681E-02   3.865812E-04
           423      G      8.195786E-04   3.361939E-04   2.002870E-03   8.491147E-02  -1.125857E-01   4.103639E-02
           424      G     -2.696132E-04  -2.969931E-04  -1.923643E-03   2.952559E-01  -9.006369E-02  -9.094125E-03
           425      G     -2.295104E-04   2.385804E-06  -9.413676E-03   1.917985E-04   1.537295E-02  -5.560352E-05
           426      G     -3.295374E-05  -7.629447E-04  -3.261234E-03   3.563816E-01  -4.922096E-02   2.811310E-03
           427      G     -5.577308E-05   3.038765E-06  -1.307454E-02   2.207467E-04  -1.953365E-01  -3.324692E-06
           428      G     -8.613239E-07  -4.583864E-04  -6.620672E-03   4.957757E-01   3.878117E-04  -3.230885E-05
           429      G     -7.759049E-07   2.941861E-06  -1.905026E-02   2.332409E-04  -4.482667E-05   8.583703E-06
           430      G     -3.721227E-04  -3.476899E-04   2.057407E-03   1.151523E-01  -2.314657E-02  -1.889608E-03
           431      G     -5.339641E-04   1.378915E-06  -2.202646E-03  -1.664942E-04  -2.258645E-01   1.113308E-04
           432      G      2.685457E-04  -2.984399E-04  -1.886172E-03   2.945593E-01   8.998660E-02   9.240040E-03
           433      G      2.282152E-04   1.870832E-06  -9.358804E-03   1.016704E-04  -1.553490E-02   2.319957E-05
           434      G      3.139513E-05  -7.635022E-04  -3.235888E-03   3.562444E-01   4.987924E-02  -2.784444E-03
           435      G      5.402335E-05   2.578530E-06  -1.304564E-02   1.752076E-04   1.964603E-01   1.834260E-05
           436      G      3.700874E-04  -3.493064E-04   2.087014E-03   1.145118E-01   2.273811E-02   1.868076E-03
           437      G      5.330993E-04   1.017863E-06  -2.164322E-03   4.176589E-05   2.250650E-01   2.935948E-05
           438      G     -2.711010E-04   3.020870E-04  -1.916924E-03  -2.954135E-01  -9.008031E-02   9.184423E-03
           439      G     -3.318070E-05   7.689162E-04  -3.253808E-03  -3.566612E-01  -4.925468E-02  -2.827835E-03
           440      G     -4.351547E-07   4.643062E-04  -6.618227E-03  -4.957655E-01   1.466208E-04   5.951705E-06
           441      G     -3.730268E-04   3.509980E-04   2.067875E-03  -1.150266E-01  -2.323396E-02   1.786027E-03
           442      G      2.702085E-04   3.020092E-04  -1.887283E-03  -2.944623E-01   9.003383E-02  -9.162745E-03
           443      G      3.231507E-05   7.687227E-04  -3.236960E-03  -3.561581E-01   4.979734E-02   2.835732E-03
           444      G      3.721585E-04   3.511875E-04   2.087914E-03  -1.145152E-01   2.279418E-02  -1.803729E-03
           445      G      4.686161E-03   3.989066E-03  -1.606948E-03  -7.965975E-01   1.357640E-01   8.764843E-05
           446      G      4.068435E-03   7.383685E-03   1.135826E-03  -8.476227E+00  -6.984337E-01   2.073852E-01
           447      G      3.238931E-03   1.632042E-03   9.600351E-03  -1.452987E+01  -9.496740E-01   3.883543E-01
           448      G      2.156234E-03  -2.407583E-03   3.146392E-03  -2.506139E+01  -3.471894E-01   4.597065E-01
1                                                       **STUDENT EDITION*    APRIL  18, 2026  MSC Nastran  3/ 3/26   PAGE    66
     DEFAULT                                                                                                                        
0                                                                                                            SUBCASE 1              
      EIGENVALUE =  4.364459E+06
          CYCLES =  3.324952E+02         R E A L   E I G E N V E C T O R   N O .          6
 
      POINT ID.   TYPE          T1             T2             T3             R1             R2             R3
           449      G      7.194900E-07  -1.789151E-02   1.689527E-02  -2.469559E+01   2.089325E-04   1.938325E-04
           450      G     -1.942339E-03   2.474659E-03   5.105341E-03   4.499134E-01   6.905420E+00  -3.036556E-01
           451      G     -1.952489E-02   3.329995E-07   8.530815E-03  -1.217400E-04   1.195676E+01  -1.291631E-04
           452      G     -4.688804E-03   3.992963E-03  -1.604657E-03  -7.967374E-01  -1.358965E-01   4.313744E-05
           453      G     -4.072102E-03   7.385173E-03   1.142925E-03  -8.476460E+00   6.982141E-01  -2.076662E-01
           454      G     -3.241051E-03   1.632966E-03   9.612673E-03  -1.453026E+01   9.495962E-01  -3.884155E-01
           455      G     -2.156693E-03  -2.407124E-03   3.156696E-03  -2.506162E+01   3.474341E-01  -4.596902E-01
           456      G      1.939729E-03   2.476893E-03   5.121232E-03   4.496411E-01  -6.905329E+00   3.037182E-01
           457      G      1.952242E-02  -2.403730E-07   8.548560E-03  -1.808309E-06  -1.195671E+01   2.224534E-05
           458      G      4.685470E-03  -3.991297E-03  -1.607791E-03   7.965971E-01   1.359254E-01   2.296932E-05
           459      G      4.068786E-03  -7.384408E-03   1.140373E-03   8.476459E+00  -6.982380E-01  -2.075667E-01
           460      G      3.238488E-03  -1.632541E-03   9.610281E-03   1.453044E+01  -9.495758E-01  -3.883157E-01
           461      G      2.155666E-03   2.407328E-03   3.156982E-03   2.506198E+01  -3.472767E-01  -4.597108E-01
           462      G     -3.006714E-07   1.789145E-02   1.690164E-02   2.469623E+01   1.530315E-05  -1.405353E-05
           463      G     -1.942276E-03  -2.475110E-03   5.110668E-03  -4.498516E-01   6.905280E+00   3.035220E-01
           464      G     -4.686262E-03  -3.993866E-03  -1.606581E-03   7.967318E-01  -1.359152E-01  -4.394350E-05
           465      G     -4.069690E-03  -7.385388E-03   1.141449E-03   8.476533E+00   6.982333E-01   2.076124E-01
           466      G     -3.239332E-03  -1.632826E-03   9.611436E-03   1.453047E+01   9.495753E-01   3.883375E-01
           467      G     -2.156416E-03   2.407305E-03   3.157812E-03   2.506201E+01   3.472983E-01   4.597185E-01
           468      G      1.940400E-03  -2.477548E-03   5.120814E-03  -4.496076E-01  -6.905346E+00  -3.036796E-01
           469      G      4.431603E-03   3.931455E-03   1.238473E-02   5.575505E-01   4.739653E+00  -4.226970E-01
           470      G      7.572458E-03   9.440392E-03   7.098665E-01  -3.708182E+01   2.878596E+01  -1.921137E-01
           471      G      8.647710E-03   1.134283E-02   1.780725E+00  -1.036820E+02   3.345533E+01  -9.793869E-02
           472      G      6.697516E-03   9.206430E-03   2.603738E+00  -1.514595E+02   1.994718E+01  -1.233736E-01
           473      G     -8.258724E-07   1.280802E-02   2.872901E+00  -1.661942E+02   2.673824E-04  -7.831229E-05
           474      G      8.333713E-03   9.601601E-03   1.753022E+00  -4.212114E+01   8.230964E+01  -3.786388E-01
           475      G      1.038474E-02   1.184040E-02   4.581717E+00  -1.137273E+02   9.069271E+01  -2.514939E-01
           476      G      6.449835E-03   1.380035E-02   6.744981E+00  -1.720904E+02   5.382247E+01  -1.858641E-01
           477      G     -1.195015E-06   1.805902E-02   7.493560E+00  -1.954337E+02   3.576084E-04  -2.097109E-06
           478      G     -7.207574E-03   2.274960E-03   2.156062E-02   2.708445E-01   1.488236E+01  -5.845475E-01
           479      G      6.053921E-03   6.521222E-03   2.580950E+00  -2.648357E+01   1.191964E+02  -1.080886E-01
           480      G      1.171910E-02   6.773123E-03   6.729571E+00  -6.922076E+01   1.364126E+02  -6.933108E-02
           481      G      7.984541E-03   9.156518E-03   1.003020E+01  -1.081239E+02   8.680447E+01  -2.698939E-01
           482      G      1.158935E-02  -2.824283E-07   2.870414E+00  -1.117731E-04   1.355373E+02   2.883045E-05
           483      G      1.469081E-02  -1.725835E-07   7.514790E+00  -2.390213E-04   1.502867E+02  -4.915347E-06
           484      G      7.200844E-03  -4.298569E-08   1.127367E+01  -2.693338E-04   1.056745E+02  -9.915159E-07
           485      G     -1.334600E-06   1.171197E-02   1.127310E+01  -1.271639E+02   3.404227E-04  -5.709165E-06
           486      G     -1.313272E-06   1.149905E-07   1.275993E+01  -2.294648E-04   3.063918E-04   4.400049E-07
           487      G     -4.434428E-03   3.934045E-03   1.239318E-02   5.571827E-01  -4.739703E+00   4.226106E-01
           488      G     -7.575120E-03   9.441969E-03   7.098811E-01  -3.708225E+01  -2.878623E+01   1.921577E-01
           489      G     -8.650020E-03   1.134390E-02   1.780746E+00  -1.036824E+02  -3.345540E+01   9.792718E-02
           490      G     -6.699198E-03   9.207174E-03   2.603754E+00  -1.514598E+02  -1.994670E+01   1.233421E-01
           491      G     -8.336481E-03   9.602727E-03   1.753044E+00  -4.212136E+01  -8.230993E+01   3.786108E-01
           492      G     -1.038734E-02   1.184129E-02   4.581743E+00  -1.137275E+02  -9.069264E+01   2.514840E-01
           493      G     -6.452314E-03   1.380090E-02   6.745000E+00  -1.720905E+02  -5.382197E+01   1.858421E-01
           494      G      7.205092E-03   2.275812E-03   2.157954E-02   2.708185E-01  -1.488231E+01   5.845513E-01
           495      G     -6.056793E-03   6.521916E-03   2.580974E+00  -2.648360E+01  -1.191967E+02   1.080850E-01
           496      G     -1.172187E-02   6.773716E-03   6.729599E+00  -6.922072E+01  -1.364125E+02   6.932717E-02
           497      G     -7.987235E-03   9.156895E-03   1.003022E+01  -1.081238E+02  -8.680394E+01   2.698882E-01
           498      G     -1.159206E-02  -6.316769E-08   2.870437E+00  -4.864392E-06  -1.355374E+02   4.129223E-06
1                                                       **STUDENT EDITION*    APRIL  18, 2026  MSC Nastran  3/ 3/26   PAGE    67
     DEFAULT                                                                                                                        
0                                                                                                            SUBCASE 1              
      EIGENVALUE =  4.364459E+06
          CYCLES =  3.324952E+02         R E A L   E I G E N V E C T O R   N O .          6
 
      POINT ID.   TYPE          T1             T2             T3             R1             R2             R3
           499      G     -1.469353E-02   1.340400E-07   7.514815E+00  -4.095155E-05  -1.502866E+02   4.642039E-06
           500      G     -7.203489E-03   1.907560E-07   1.127369E+01  -1.294084E-04  -1.056740E+02   1.619690E-06
           501      G      4.431557E-03  -3.932734E-03   1.238674E-02  -5.573396E-01   4.739700E+00   4.226475E-01
           502      G      7.572482E-03  -9.441119E-03   7.098750E-01   3.708193E+01   2.878627E+01   1.921363E-01
           503      G      8.647719E-03  -1.134334E-02   1.780743E+00   1.036822E+02   3.345555E+01   9.791844E-02
           504      G      6.697376E-03  -9.206686E-03   2.603758E+00   1.514597E+02   1.994706E+01   1.233635E-01
           505      G     -6.981066E-07  -1.280790E-02   2.872916E+00   1.661943E+02   5.732907E-05   1.699147E-05
           506      G      8.333873E-03  -9.602255E-03   1.753031E+00   4.212112E+01   8.230992E+01   3.786471E-01
           507      G      1.038485E-02  -1.184082E-02   4.581733E+00   1.137271E+02   9.069287E+01   2.514883E-01
           508      G      6.449974E-03  -1.380051E-02   6.745000E+00   1.720902E+02   5.382243E+01   1.858545E-01
           509      G     -9.895891E-07  -1.805881E-02   7.493575E+00   1.954335E+02   1.412698E-04   7.435478E-06
           510      G     -7.207579E-03  -2.275372E-03   2.156490E-02  -2.710063E-01   1.488230E+01   5.845967E-01
           511      G      6.054089E-03  -6.521621E-03   2.580956E+00   2.648327E+01   1.191966E+02   1.080770E-01
           512      G      1.171921E-02  -6.773533E-03   6.729581E+00   6.922037E+01   1.364127E+02   6.933179E-02
           513      G      7.984649E-03  -9.156608E-03   1.003022E+01   1.081234E+02   8.680444E+01   2.698909E-01
           514      G     -1.195184E-06  -1.171175E-02   1.127311E+01   1.271635E+02   2.282735E-04   3.802734E-06
           515      G     -4.432994E-03  -3.934841E-03   1.239180E-02  -5.571372E-01  -4.739723E+00  -4.225777E-01
           516      G     -7.573884E-03  -9.442123E-03   7.098810E-01   3.708229E+01  -2.878626E+01  -1.921158E-01
           517      G     -8.649158E-03  -1.134358E-02   1.780748E+00   1.036825E+02  -3.345552E+01  -9.789525E-02
           518      G     -6.698773E-03  -9.206737E-03   2.603761E+00   1.514599E+02  -1.994696E+01  -1.233467E-01
           519      G     -8.335863E-03  -9.602845E-03   1.753044E+00   4.212137E+01  -8.230997E+01  -3.785936E-01
           520      G     -1.038686E-02  -1.184097E-02   4.581746E+00   1.137275E+02  -9.069278E+01  -2.514732E-01
           521      G     -6.451963E-03  -1.380049E-02   6.745008E+00   1.720904E+02  -5.382219E+01  -1.858396E-01
           522      G      7.205387E-03  -2.276435E-03   2.157952E-02  -2.708100E-01  -1.488231E+01  -5.845382E-01
           523      G     -6.056539E-03  -6.522015E-03   2.580974E+00   2.648358E+01  -1.191967E+02  -1.080684E-01
           524      G     -1.172165E-02  -6.773438E-03   6.729601E+00   6.922065E+01  -1.364126E+02  -6.931633E-02
           525      G     -7.987057E-03  -9.156503E-03   1.003023E+01   1.081236E+02  -8.680408E+01  -2.698830E-01
          1000      G      7.095560E-07  -1.956457E-05   5.168482E-04   7.484418E-03  -1.302904E-05   3.921323E-04
          1001      G     -5.015504E-06   1.235760E-05   9.685110E-05  -6.647760E-05  -4.780595E-05   1.028990E-02
          1002      G     -9.776246E-06  -1.731792E-05   9.804869E-05  -8.004767E-05  -5.216054E-05   7.924775E-03
          1003      G      6.805491E-07   3.674567E-06  -1.167168E-03   6.669834E-02   1.422673E-04  -1.633779E-06
          1004      G     -7.205717E-06  -2.254153E-06  -1.041090E-03   4.622487E-02  -1.829530E-02  -4.691832E-05
          1005      G     -1.354660E-05   3.911537E-06  -3.798911E-04   2.453569E-02  -2.792439E-02  -2.035258E-04
          1006      G      6.199657E-07   5.741202E-08  -2.759374E-03   3.113602E-06   3.859292E-05  -2.474185E-06
          1007      G     -1.304960E-05  -3.407669E-08  -2.119282E-03  -5.259695E-06  -5.644306E-02  -2.105814E-06
          1008      G     -3.066264E-05   4.561855E-09  -1.099330E-03  -6.892987E-06  -4.918356E-03  -2.736160E-06
          1009      G     -1.066576E-05   1.636839E-05   4.804622E-05  -1.566701E-05  -3.159775E-05   1.172535E-02
          1010      G     -2.367911E-05  -4.252354E-05   4.895168E-05  -2.710207E-05  -2.287762E-05   4.000365E-03
          1011      G     -2.547156E-05  -1.023006E-05   5.041112E-04  -7.805198E-03  -3.737392E-02  -1.729428E-04
          1012      G     -2.915241E-05  -2.154511E-06   1.196171E-03  -3.755275E-02  -4.650847E-03   4.226439E-02
          1013      G     -2.938234E-05  -1.178552E-07   3.444839E-04   1.365521E-05  -8.986137E-02  -5.666608E-06
          1014      G     -3.355988E-05  -2.252727E-07   1.712439E-03   6.867444E-05  -5.515124E-03  -1.921853E-04
          1015      G      6.458062E-06   1.225546E-05   9.653382E-05  -6.643726E-05   4.641213E-05  -9.305880E-03
          1016      G      1.120502E-05  -1.688015E-05   9.769413E-05  -7.984049E-05   5.077907E-05  -6.947645E-03
          1017      G      8.539622E-06  -2.138241E-06  -1.033803E-03   4.598370E-02   1.852149E-02   4.169829E-05
          1018      G      1.488225E-05   4.310160E-06  -3.671530E-04   2.409560E-02   2.806165E-02   2.013219E-04
          1019      G      1.424922E-05   7.658097E-08  -2.108110E-03  -1.197882E-06   5.707843E-02  -1.893033E-06
          1020      G      3.192918E-05   1.645636E-07  -1.078613E-03  -5.779460E-06   4.965137E-03  -1.720270E-06
          1021      G      1.192296E-05   1.769234E-05   4.842354E-05  -1.323273E-05   3.339833E-05  -1.174501E-02
          1022      G      2.538615E-05  -4.322401E-05   4.937280E-05  -2.523586E-05   2.427587E-05  -3.747320E-03
1                                                       **STUDENT EDITION*    APRIL  18, 2026  MSC Nastran  3/ 3/26   PAGE    68
     DEFAULT                                                                                                                        
0                                                                                                            SUBCASE 1              
      EIGENVALUE =  4.364459E+06
          CYCLES =  3.324952E+02         R E A L   E I G E N V E C T O R   N O .          6
 
      POINT ID.   TYPE          T1             T2             T3             R1             R2             R3
          1023      G      2.712692E-05  -9.986620E-06   5.168478E-04  -8.120126E-03   3.724338E-02   1.711285E-04
          1024      G      3.081533E-05  -1.600161E-06   1.207499E-03  -3.771181E-02   4.740381E-03  -4.181140E-02
          1025      G      3.058832E-05   1.838633E-07   3.618611E-04  -1.380998E-05   8.955858E-02  -1.483566E-06
          1026      G      3.476123E-05   2.598568E-07   1.724589E-03   1.014081E-05   5.543454E-03   9.162000E-05
          1027      G      3.655903E-07   1.963954E-05   5.171370E-04  -7.491973E-03  -1.140306E-07  -1.361245E-04
          1028      G     -5.436826E-06  -1.247316E-05   9.652681E-05   6.637117E-05  -4.805118E-05  -1.017775E-02
          1029      G     -1.025403E-05   1.734073E-05   9.773107E-05   8.002169E-05  -5.241408E-05  -7.784499E-03
          1030      G      4.411776E-07  -3.691570E-06  -1.166549E-03  -6.671519E-02   1.368181E-04  -2.107662E-06
          1031      G     -7.473910E-06   2.281752E-06  -1.040348E-03  -4.622761E-02  -1.830811E-02   4.211372E-05
          1032      G     -1.386731E-05  -4.166346E-06  -3.787579E-04  -2.454608E-02  -2.794173E-02   2.000020E-04
          1033      G     -1.111338E-05  -1.740470E-05   4.800892E-05   1.427630E-05  -3.431787E-05  -1.222564E-02
          1034      G     -2.464336E-05   4.335475E-05   4.898470E-05   2.627416E-05  -2.521668E-05  -4.195451E-03
          1035      G     -2.604622E-05   1.019434E-05   5.053445E-04   7.752549E-03  -3.735449E-02   1.678648E-04
          1036      G     -2.971715E-05   1.656904E-06   1.197256E-03   3.741331E-02  -4.670273E-03  -4.188621E-02
          1037      G      6.136556E-06  -1.254274E-05   9.667033E-05   6.640086E-05   4.820301E-05   9.903629E-03
          1038      G      1.089644E-05   1.756408E-05   9.787904E-05   8.011665E-05   5.257191E-05   7.538979E-03
          1039      G      8.391555E-06   2.340662E-06  -1.033301E-03  -4.599370E-02   1.852485E-02  -4.569172E-05
          1040      G      1.476320E-05  -4.110776E-06  -3.666221E-04  -2.410220E-02   2.806156E-02  -2.061442E-04
          1041      G      1.160408E-05  -1.760059E-05   4.842726E-05   1.299696E-05   3.449041E-05   1.217557E-02
          1042      G      2.703283E-05   1.049794E-05   5.173229E-04   8.124778E-03   3.724349E-02  -1.752380E-04
          1043      G      3.072606E-05   2.023548E-06   1.207365E-03   3.768825E-02   4.691499E-03   4.186993E-02
          1044      G      2.522482E-05   4.405776E-05   4.940400E-05   2.517552E-05   2.525591E-05   4.084639E-03
          2000      G      7.488094E-07   7.231393E-06   7.891614E-04  -3.468373E-03   4.657449E-06   1.029820E-03
          2001      G     -3.735165E-06   1.488020E-05   9.708575E-05  -6.838172E-05  -4.515096E-05   1.175759E-02
          2002      G     -9.788326E-06  -1.502357E-05   9.801218E-05  -7.862769E-05  -5.197887E-05   8.753265E-03
          2003      G      6.798437E-07   8.927920E-06  -1.171463E-03   8.941752E-02  -7.956378E-04  -5.708317E-06
          2004      G     -1.030543E-05   3.702870E-06  -1.236937E-03   5.737969E-02  -1.401026E-02  -1.057174E-04
          2005      G     -1.551767E-05   4.650368E-06  -5.415791E-04   3.467896E-02  -3.373251E-02  -2.737442E-04
          2006      G      8.565815E-09   1.283758E-07  -3.213687E-03  -4.570577E-06  -2.394962E-04  -2.476546E-06
          2007      G     -1.446839E-05   6.408015E-08  -2.556329E-03  -2.104736E-05  -6.256302E-02  -2.027967E-06
          2008      G     -3.342043E-05   1.682614E-07  -1.416913E-03  -6.387562E-05  -8.680922E-03  -3.029247E-06
          2009      G     -1.234069E-05   1.734342E-05   4.804162E-05  -1.598874E-05  -3.138673E-05   1.136619E-02
          2010      G     -2.536493E-05  -4.128204E-05   4.905693E-05  -2.881478E-05  -2.283269E-05   3.656270E-03
          2011      G     -2.722251E-05  -9.896041E-06   4.597473E-04   9.240236E-04  -4.096153E-02  -1.487258E-04
          2012      G     -3.122940E-05   8.298400E-07   1.243898E-03  -2.824141E-02  -7.136994E-03   8.347007E-02
          2013      G     -3.063653E-05   1.230506E-07   2.174438E-04  -3.906072E-04  -9.993234E-02  -8.441532E-06
          2014      G     -3.322474E-05   1.473968E-08   1.772709E-03  -1.180426E-03  -9.202753E-03   4.383921E-03
          2015      G      5.383180E-06   1.477494E-05   9.675838E-05  -6.805000E-05   4.384286E-05  -1.064931E-02
          2016      G      1.148192E-05  -1.458036E-05   9.764712E-05  -7.842526E-05   5.060727E-05  -7.622111E-03
          2017      G      1.156252E-05   3.828924E-06  -1.282497E-03   5.925369E-02   1.242783E-02   9.478177E-05
          2018      G      1.701018E-05   5.036169E-06  -6.152861E-04   3.827988E-02   3.368011E-02   2.660397E-04
          2019      G      1.491933E-05   1.257122E-07  -2.636382E-03  -8.004470E-06   5.799558E-02  -1.822944E-06
          2020      G      3.395979E-05   2.030575E-07  -1.566565E-03  -1.312174E-05   8.374569E-03  -1.579428E-06
          2021      G      1.394344E-05   1.876479E-05   4.841424E-05  -1.351897E-05   3.296646E-05  -1.123491E-02
          2022      G      2.695699E-05  -4.222469E-05   4.949107E-05  -2.700593E-05   2.416093E-05  -3.488407E-03
          2023      G      2.935193E-05  -9.702106E-06   4.258967E-04   2.818940E-03   4.352251E-02   1.437746E-04
          2024      G      3.428124E-05   1.247916E-06   1.256393E-03  -2.827834E-02   7.391539E-03  -7.902871E-02
          2025      G      3.148063E-05   2.181634E-07   1.467192E-04  -2.888057E-05   1.054078E-01  -1.086243E-06
          2026      G      3.384862E-05   2.793542E-07   1.786341E-03  -1.137311E-05   9.068658E-03   3.653584E-07
          2027      G      3.475329E-07  -7.047569E-06   7.898444E-04   3.468261E-03   2.854213E-05  -1.230565E-04
1                                                       **STUDENT EDITION*    APRIL  18, 2026  MSC Nastran  3/ 3/26   PAGE    69
     DEFAULT                                                                                                                        
0                                                                                                            SUBCASE 1              
      EIGENVALUE =  4.364459E+06
          CYCLES =  3.324952E+02         R E A L   E I G E N V E C T O R   N O .          6
 
      POINT ID.   TYPE          T1             T2             T3             R1             R2             R3
          2028      G     -4.310969E-06  -1.498422E-05   9.676087E-05   6.822138E-05  -4.539439E-05  -1.157227E-02
          2029      G     -1.049516E-05   1.505525E-05   9.769365E-05   7.855511E-05  -5.223817E-05  -8.502644E-03
          2030      G      3.636893E-07  -8.838438E-06  -1.176047E-03  -8.961457E-02  -7.260265E-04   2.327133E-06
          2031      G     -1.070530E-05  -3.519904E-06  -1.244034E-03  -5.765630E-02  -1.390832E-02   1.005726E-04
          2032      G     -1.611292E-05  -4.734147E-06  -5.508803E-04  -3.510958E-02  -3.367633E-02   2.693917E-04
          2033      G     -1.297436E-05  -1.839436E-05   4.800449E-05   1.460860E-05  -3.410436E-05  -1.181469E-02
          2034      G     -2.614174E-05   4.244399E-05   4.909003E-05   2.791624E-05  -2.522490E-05  -3.992401E-03
          2035      G     -2.838168E-05   1.007592E-05   4.528012E-04  -1.337829E-03  -4.119586E-02   1.441876E-04
          2036      G     -3.300258E-05  -9.823550E-07   1.245216E-03   2.817488E-02  -7.488844E-03  -8.086552E-02
          2037      G      5.039643E-06  -1.506033E-05   9.689503E-05   6.798798E-05   4.562800E-05   1.128626E-02
          2038      G      1.116826E-05   1.526438E-05   9.783180E-05   7.867761E-05   5.240051E-05   8.244200E-03
          2039      G      1.137548E-05  -3.547013E-06  -1.285646E-03  -5.936154E-02   1.248626E-02  -9.835925E-05
          2040      G      1.689116E-05  -4.789088E-06  -6.170506E-04  -3.834020E-02   3.372549E-02  -2.705416E-04
          2041      G      1.361901E-05  -1.864939E-05   4.841793E-05   1.328361E-05   3.405775E-05   1.168473E-02
          2042      G      2.676949E-05   4.312235E-05   4.952251E-05   2.694583E-05   2.514384E-05   3.855458E-03
          2043      G      2.929351E-05   1.025593E-05   4.252912E-04  -2.831295E-03   4.357102E-02  -1.479746E-04
          2044      G      3.426983E-05  -7.709554E-07   1.256078E-03   2.826717E-02   7.358979E-03   7.899837E-02
          3000      G     -7.274601E-06   2.761182E-04   1.434960E-03  -7.416834E-02  -4.133397E-03   1.919964E-02
          3001      G     -2.123351E-05   2.123273E-04   1.476190E-03  -4.422069E-02   1.056954E-02  -2.953291E-02
          3002      G     -4.023715E-05   1.980133E-04   8.768352E-04  -5.667539E-02   1.645408E-02   1.108499E-01
          3003      G     -5.039406E-06   1.364187E-04  -4.517333E-04   1.434974E-01   2.041053E-02   1.579448E-04
          3004      G     -5.964625E-05   1.385095E-04  -6.741218E-04   1.239976E-01  -2.932744E-04  -7.090942E-04
          3005      G     -1.072185E-04   9.214308E-05  -3.693330E-04   1.018459E-01  -2.767623E-02  -1.650854E-03
          3006      G      9.501691E-06   1.285264E-05  -4.136462E-03  -1.326090E-04   1.614759E-03   4.179882E-05
          3007      G     -6.935718E-05   1.513789E-05  -3.805231E-03  -2.096096E-03  -3.113189E-02   3.571140E-05
          3008      G     -1.404596E-04   1.608168E-05  -3.017491E-03  -5.268526E-04  -1.940671E-02   1.857706E-05
          3009      G     -5.750457E-05   6.502399E-05   4.853409E-04  -3.508151E-02   8.428575E-03   4.243659E-02
          3010      G     -1.048876E-04  -1.145782E-04   1.700961E-04  -2.205423E-02   1.089117E-02   8.690502E-02
          3011      G     -1.538607E-04   2.927327E-05   5.201449E-04   3.293570E-02  -3.587904E-02  -1.553570E-03
          3012      G     -1.546194E-04  -5.071033E-06   1.357665E-03  -2.845347E-02  -1.836040E-02   1.000240E-02
          3013      G     -1.583132E-04   1.686855E-05  -5.206729E-04  -2.101080E-03  -1.515404E-01  -1.911595E-05
          3014      G     -1.763887E-04   1.578002E-05   1.972430E-03  -3.260610E-03  -2.530513E-02   4.708258E-03
          3015      G      7.915047E-06   2.054843E-04   1.499898E-03  -4.590112E-02  -9.493803E-03   3.490791E-02
          3016      G      3.093573E-05   2.031436E-04   8.944193E-04  -6.034821E-02  -1.599006E-02  -1.294969E-01
          3017      G      5.165582E-05   1.326022E-04   4.228680E-04   8.595356E-02   3.134209E-02   8.939322E-04
          3018      G      9.931102E-05   8.281867E-05   1.312299E-03   3.471128E-02   3.300842E-02   1.720587E-03
          3019      G      7.197831E-05   1.126842E-05  -2.035685E-03  -2.811326E-04   1.340367E-01   5.827404E-05
          3020      G      1.325137E-04   8.506738E-06   1.388464E-04  -4.631758E-04   1.695147E-02   6.138168E-05
          3021      G      5.206907E-05   5.568437E-05   4.949090E-04  -3.693982E-02  -5.840009E-03  -5.971596E-02
          3022      G      1.059669E-04  -1.360519E-04   1.810789E-04  -2.032988E-02  -1.535952E-02  -8.220724E-02
          3023      G      1.463558E-04   1.689931E-05   1.464111E-03  -2.372904E-03  -1.644828E-02   1.482795E-03
          3024      G      1.443757E-04  -1.400041E-05   1.388706E-03  -2.795613E-02   1.512281E-02  -2.451489E-03
          3025      G      1.419286E-04   7.051733E-06   1.192934E-03  -3.555001E-04   5.469957E-02   5.354292E-05
          3026      G      1.500483E-04   5.359561E-06   2.016573E-03  -6.638659E-05   1.941521E-02   2.172426E-03
          3027      G      1.412294E-07  -2.562635E-04   1.434274E-03   7.452133E-02  -3.292023E-04  -5.715255E-04
          3028      G     -1.748397E-05  -1.719265E-04   1.481187E-03   4.148464E-02   9.894564E-03   3.229548E-02
          3029      G     -4.086817E-05  -1.733182E-04   8.786036E-04   5.743823E-02   1.530398E-02  -1.331359E-01
          3030      G     -4.117552E-06  -1.089910E-04  -4.534449E-04  -1.444399E-01   2.028781E-02  -2.894727E-05
          3031      G     -5.873668E-05  -1.092167E-04  -6.632397E-04  -1.219387E-01  -1.040590E-04   7.887589E-04
          3032      G     -1.068604E-04  -5.865931E-05  -3.669950E-04  -1.034045E-01  -2.767516E-02   1.675693E-03
1                                                       **STUDENT EDITION*    APRIL  18, 2026  MSC Nastran  3/ 3/26   PAGE    70
     DEFAULT                                                                                                                        
0                                                                                                            SUBCASE 1              
      EIGENVALUE =  4.364459E+06
          CYCLES =  3.324952E+02         R E A L   E I G E N V E C T O R   N O .          6
 
      POINT ID.   TYPE          T1             T2             T3             R1             R2             R3
          3033      G     -6.031660E-05  -3.255648E-05   4.796955E-04   3.246413E-02   8.603590E-03  -4.914771E-02
          3034      G     -1.091773E-04   1.516479E-04   1.750173E-04   1.993593E-02   1.443999E-02  -8.993705E-02
          3035      G     -1.565594E-04   3.039995E-06   5.120983E-04  -3.169925E-02  -3.579050E-02   1.521799E-03
          3036      G     -1.588606E-04   3.704301E-05   1.365684E-03   2.948552E-02  -1.789031E-02  -2.335502E-02
          3037      G      1.580549E-05  -1.846824E-04   1.496143E-03   4.463664E-02  -1.071755E-02  -3.501119E-02
          3038      G      3.900043E-05  -1.869680E-04   8.889692E-04   5.938701E-02  -1.584528E-02   1.321615E-01
          3039      G      5.458013E-05  -1.122381E-04   4.099484E-04  -8.564875E-02   3.167111E-02  -7.512542E-04
          3040      G      1.028581E-04  -6.547017E-05   1.307285E-03  -3.421003E-02   3.292295E-02  -1.604563E-03
          3041      G      5.988864E-05  -4.240060E-05   4.907300E-04   3.602495E-02  -5.970168E-03   6.020780E-02
          3042      G      1.130366E-04   1.454948E-04   1.781279E-04   2.004575E-02  -1.503483E-02   8.475737E-02
          3043      G      1.502201E-04  -3.555195E-06   1.461833E-03   2.816100E-03  -1.613537E-02  -1.371004E-03
          3044      G      1.487575E-04   2.471254E-05   1.389043E-03   2.785162E-02   1.494589E-02   6.785735E-03
          4000      G     -1.169250E-06   4.076107E-04   7.393889E-04  -3.464402E-01   5.241450E-04  -1.809656E-03
          4001      G      2.218678E-06  -2.860183E-04   5.851006E-03  -1.184249E-02  -4.137472E-02   3.369662E-01
          4002      G      5.782444E-05   4.971505E-04   7.410093E-04  -2.779076E-01   1.539639E-01  -5.857612E-01
          4003      G     -1.403526E-06  -3.698661E-05  -5.693177E-03   5.388398E-01   5.865858E-04  -2.564016E-06
          4004      G      2.561755E-05   1.432753E-04  -3.154957E-03   3.681557E-01  -5.019390E-02   7.692646E-04
          4005      G      5.457239E-05   5.878944E-05  -1.152883E-03   3.048202E-01  -1.718797E-01  -4.590692E-04
          4006      G     -1.166767E-06   1.074038E-06  -1.905125E-02   2.332172E-04  -4.477967E-05  -6.957565E-07
          4007      G     -1.869869E-05   9.121260E-07  -1.321924E-02   1.387507E-04  -3.185943E-01  -2.135214E-06
          4008      G     -9.397500E-05   8.467517E-07  -9.413782E-03   1.917663E-04   1.535867E-02  -3.346268E-06
          4009      G      1.249002E-04   6.757304E-05   2.190012E-03  -1.068324E-01  -6.209699E-02   4.412024E-01
          4010      G      2.300185E-04   3.063367E-04  -3.108610E-05   3.580358E-03   1.392502E-01  -4.391801E-01
          4011      G      2.773121E-05   1.926758E-04   2.828577E-03   1.063150E-01  -4.918781E-02  -1.824788E-03
          4012      G      6.498829E-05   2.011941E-05   2.433263E-03  -8.482924E-02   1.120636E-01   1.184531E-01
          4013      G     -1.125126E-04   6.463349E-07  -1.897356E-03  -5.528737E-05  -4.434997E-01  -3.103537E-06
          4014      G     -2.255603E-04   6.094015E-07   2.936510E-03  -1.106280E-06   9.063917E-02   5.570094E-04
          4015      G     -4.746397E-06  -2.856453E-04   5.868111E-03  -1.201788E-02   4.142552E-02  -3.367237E-01
          4016      G     -6.052356E-05   4.980099E-04   7.535094E-04  -2.782691E-01  -1.541922E-01   5.879798E-01
          4017      G     -2.835586E-05   1.435506E-04  -3.126961E-03   3.679452E-01   5.089183E-02  -7.724968E-04
          4018      G     -5.727131E-05   5.913815E-05  -1.114212E-03   3.040460E-01   1.719378E-01   4.587678E-04
          4019      G      1.617659E-05   1.052974E-06  -1.318894E-02   1.176511E-04   3.205026E-01   1.293703E-06
          4020      G      9.137651E-05   1.058608E-06  -9.358907E-03   1.016558E-04  -1.552062E-02   2.894931E-06
          4021      G     -1.275556E-04   6.797208E-05   2.198359E-03  -1.071647E-01   6.189149E-02  -4.429638E-01
          4022      G     -2.326299E-04   3.068731E-04  -2.732133E-05   2.888175E-03  -1.391769E-01   4.384262E-01
          4023      G     -3.047770E-05   1.930476E-04   2.859836E-03   1.056589E-01   4.861130E-02   1.823908E-03
          4024      G     -6.785222E-05   2.048637E-05   2.451397E-03  -8.493933E-02  -1.122964E-01  -1.181320E-01
          4025      G      1.097421E-04   9.389273E-07  -1.857429E-03   4.578632E-05   4.424937E-01   4.643685E-06
          4026      G      2.226213E-04   8.106709E-07   2.955835E-03   1.937382E-05  -9.085754E-02   3.776713E-04
          4027      G     -1.239694E-06  -4.057535E-04   7.457334E-04   3.469123E-01   1.876197E-05   5.286973E-04
          4028      G      1.908627E-06   2.876441E-04   5.867089E-03   1.235090E-02  -4.141177E-02  -3.380140E-01
          4029      G      5.740726E-05  -4.959981E-04   7.516418E-04   2.784296E-01   1.542623E-01   5.865352E-01
          4030      G     -1.299715E-06   3.898837E-05  -5.687115E-03  -5.392572E-01   3.453267E-04  -1.343340E-06
          4031      G      2.561654E-05  -1.415158E-04  -3.142784E-03  -3.687049E-01  -5.026546E-02  -7.757264E-04
          4032      G      5.444817E-05  -5.727506E-05  -1.142809E-03  -3.052969E-01  -1.717824E-01   4.517714E-04
          4033      G      1.242800E-04  -6.631353E-05   2.196274E-03   1.073451E-01  -6.186275E-02  -4.447984E-01
          4034      G      2.293786E-04  -3.055471E-04  -2.947756E-05  -2.942929E-03   1.393221E-01   4.371745E-01
          4035      G      2.759537E-05  -1.914159E-04   2.839629E-03  -1.064401E-01  -4.923771E-02   1.816661E-03
          4036      G      6.487618E-05  -1.905460E-05   2.441338E-03   8.470479E-02   1.123073E-01  -1.183474E-01
          4037      G     -4.401674E-06   2.876672E-04   5.868259E-03   1.234677E-02   4.138363E-02   3.389463E-01
1                                                       **STUDENT EDITION*    APRIL  18, 2026  MSC Nastran  3/ 3/26   PAGE    71
     DEFAULT                                                                                                                        
0                                                                                                            SUBCASE 1              
      EIGENVALUE =  4.364459E+06
          CYCLES =  3.324952E+02         R E A L   E I G E N V E C T O R   N O .          6
 
      POINT ID.   TYPE          T1             T2             T3             R1             R2             R3
          4038      G     -5.985898E-05  -4.960030E-04   7.529745E-04   2.784479E-01  -1.542751E-01  -5.857947E-01
          4039      G     -2.816452E-05  -1.414200E-04  -3.124666E-03  -3.680640E-01   5.078450E-02   7.740608E-04
          4040      G     -5.698204E-05  -5.707828E-05  -1.113528E-03  -3.040915E-01   1.719269E-01  -4.526999E-04
          4041      G     -1.266467E-04  -6.611252E-05   2.197972E-03   1.074569E-01   6.187841E-02   4.453540E-01
          4042      G     -2.315868E-04  -3.051117E-04  -2.739649E-05  -2.719368E-03  -1.393863E-01  -4.369580E-01
          4043      G     -3.010242E-05  -1.911279E-04   2.861757E-03  -1.057315E-01   4.865239E-02  -1.813745E-03
          4044      G     -6.743589E-05  -1.890416E-05   2.452058E-03   8.492644E-02  -1.125175E-01   1.186494E-01
1                                                       **STUDENT EDITION*    APRIL  18, 2026  MSC Nastran  3/ 3/26   PAGE    72
     DEFAULT                                                                                                                        
0                                                                                                            SUBCASE 1              
      EIGENVALUE =  6.202805E+06
          CYCLES =  3.963822E+02         R E A L   E I G E N V E C T O R   N O .          7
 
      POINT ID.   TYPE          T1             T2             T3             R1             R2             R3
             1      G      0.0            0.0            0.0            0.0            0.0            0.0
             2      G      0.0            0.0            0.0            0.0            0.0            0.0
             3      G      0.0            0.0            0.0            0.0            0.0            0.0
             4      G      0.0            0.0            0.0            0.0            0.0            0.0
             5      G      0.0            0.0            0.0            0.0            0.0            0.0
             6      G      0.0            0.0            0.0            0.0            0.0            0.0
             7      G      0.0            0.0            0.0            0.0            0.0            0.0
             8      G      0.0            0.0            0.0            0.0            0.0            0.0
            10      G     -2.564445E-05   1.845689E-04   4.760150E-04   2.488130E-04   1.398929E-04  -1.270279E-02
            11      G     -2.495002E-05  -1.852270E-04   4.762000E-04  -2.472919E-04   1.425624E-04   1.277102E-02
            12      G     -8.852469E-06  -1.008527E-06   1.834728E-04   1.628775E-04   1.209703E-04   3.611153E-03
            13      G     -7.659818E-06   1.039059E-06   1.839057E-04  -1.631596E-04   1.252559E-04  -3.502035E-03
            14      G     -8.531866E-06   9.137498E-07  -1.836672E-04  -1.621142E-04   1.225506E-04   3.584986E-03
            15      G     -8.495381E-06  -6.717738E-07  -1.837122E-04   1.622567E-04   1.231651E-04  -3.552566E-03
            16      G     -2.464047E-05  -1.822812E-04  -4.758984E-04  -2.548456E-04   1.431462E-04  -1.265216E-02
            17      G     -2.574405E-05   1.822663E-04  -4.774634E-04   2.641788E-04   1.388031E-04   1.243733E-02
           100      G      5.401822E-04   1.653391E-04  -5.892283E-02   1.879668E+00   1.403152E-01   1.296311E-02
           101      G      8.370021E-04   9.960115E-07  -1.089735E-01   9.054918E-05  -1.144361E-01   8.192308E-05
           102      G      5.454860E-04  -1.517138E-04  -3.309923E-02   1.012969E+00   1.061049E+00  -1.294593E-03
           103      G     -5.224924E-04   3.419634E-07  -5.779681E-02   9.132057E-06   2.306641E+00   3.803022E-06
           104      G      3.141333E-04   1.846604E-07   1.108404E-06   1.845778E-04   7.082862E-01  -7.499075E-03
           105      G     -2.401323E-04   4.955786E-08  -8.903453E-06   2.642640E-05   1.138977E-01   7.121611E-06
           106      G     -3.513962E-05  -6.744224E-05  -1.872440E-04   1.622567E-04   1.231651E-04  -3.552566E-03
           107      G     -3.513962E-05   2.736686E-05  -1.839571E-04   1.622567E-04   1.231651E-04  -3.552566E-03
           108      G      8.820522E-05   4.052579E-07   2.826465E-06   5.433697E-05  -4.869185E-02   1.115764E-02
           109      G      6.753591E-05   2.755462E-04  -4.804858E-04   2.641788E-04   1.388031E-04   1.243733E-02
           110      G      1.124756E-03   1.667524E-03  -1.093033E-02   2.421373E-01  -1.708687E-01  -1.961952E-01
           111      G      6.753591E-05  -7.192166E-05  -4.766080E-04   2.641788E-04   1.388031E-04   1.243733E-02
           112      G      6.704828E-04  -1.526301E-05  -3.767456E-02   1.130270E+00  -1.157963E+00   2.460134E-02
           113      G      1.628007E-03   5.524475E-06  -1.534708E-02  -1.075941E-04  -2.803324E-01   1.368081E-03
           114      G      1.981306E-03   2.671750E-06  -6.532533E-02   3.650697E-04  -1.928694E+00  -2.073622E-04
           115      G      5.412179E-04  -1.644782E-04   5.893475E-02  -1.879411E+00   1.406661E-01   1.295415E-02
           116      G      8.372871E-04  -3.803047E-07   1.089669E-01   3.079506E-05  -1.143703E-01   5.397587E-06
           117      G      5.459993E-04   1.519021E-04   3.310335E-02  -1.012650E+00   1.061241E+00  -1.305792E-03
           118      G     -5.224086E-04  -1.590631E-07   5.778384E-02   1.739081E-05   2.306870E+00   8.902713E-06
           119      G     -3.392508E-05   6.685980E-05   1.874836E-04  -1.631596E-04   1.252559E-04  -3.502035E-03
           120      G     -3.392508E-05  -2.660076E-05   1.841408E-04  -1.631596E-04   1.252559E-04  -3.502035E-03
           121      G      7.083266E-05  -2.810097E-04   4.791240E-04  -2.472919E-04   1.425624E-04   1.277102E-02
           122      G      1.125195E-03  -1.664968E-03   1.095741E-02  -2.420821E-01  -1.707026E-01  -1.975229E-01
           123      G      7.083266E-05   7.578078E-05   4.751411E-04  -2.472919E-04   1.425624E-04   1.277102E-02
           124      G      6.717121E-04   1.552532E-05   3.769616E-02  -1.130359E+00  -1.157717E+00   2.456915E-02
           125      G      1.628199E-03  -1.362478E-06   1.535063E-02  -7.229298E-05  -2.802317E-01  -6.103928E-05
           126      G      1.981684E-03  -6.575156E-07   6.532379E-02   5.480488E-05  -1.928576E+00   3.538249E-05
           127      G      5.412185E-04  -1.635126E-04  -5.893412E-02  -1.879537E+00   1.407432E-01  -1.300972E-02
           128      G      5.459677E-04   1.524548E-04  -3.310514E-02  -1.012849E+00   1.061077E+00   1.308406E-03
           129      G      3.141935E-04  -6.802770E-09  -4.668302E-06  -9.681010E-05   7.083609E-01   7.503497E-03
           130      G     -3.541926E-05   6.829355E-05  -1.871864E-04  -1.621142E-04   1.225506E-04   3.584986E-03
           131      G     -3.541926E-05  -2.738076E-05  -1.839158E-04  -1.621142E-04   1.225506E-04   3.584986E-03
           132      G      8.752442E-05   1.766412E-07  -1.797798E-06   4.518315E-05  -4.866890E-02  -1.123558E-02
           133      G      7.025074E-05  -2.771724E-04  -4.788833E-04  -2.548456E-04   1.431462E-04  -1.265216E-02
1                                                       **STUDENT EDITION*    APRIL  18, 2026  MSC Nastran  3/ 3/26   PAGE    73
     DEFAULT                                                                                                                        
0                                                                                                            SUBCASE 1              
      EIGENVALUE =  6.202805E+06
          CYCLES =  3.963822E+02         R E A L   E I G E N V E C T O R   N O .          7
 
      POINT ID.   TYPE          T1             T2             T3             R1             R2             R3
           134      G      1.124567E-03  -1.656845E-03  -1.094752E-02  -2.417786E-01  -1.705505E-01   1.978704E-01
           135      G      7.025074E-05   7.629738E-05  -4.748842E-04  -2.548456E-04   1.431462E-04  -1.265216E-02
           136      G      6.715034E-04   1.854005E-05  -3.769217E-02  -1.130421E+00  -1.158073E+00  -2.450630E-02
           137      G      5.409452E-04   1.640239E-04   5.893175E-02   1.879595E+00   1.406484E-01  -1.301338E-02
           138      G      5.458062E-04  -1.524180E-04   3.310005E-02   1.012763E+00   1.061269E+00   1.299988E-03
           139      G     -3.593611E-05  -6.888013E-05   1.869680E-04   1.628775E-04   1.209703E-04   3.611153E-03
           140      G     -3.593611E-05   2.749250E-05   1.837396E-04   1.628775E-04   1.209703E-04   3.611153E-03
           141      G      6.962652E-05   2.798398E-04   4.789303E-04   2.488130E-04   1.398929E-04  -1.270279E-02
           142      G      1.124366E-03   1.663227E-03   1.095792E-02   2.421459E-01  -1.705355E-01   1.974812E-01
           143      G      6.962652E-05  -7.504452E-05   4.750220E-04   2.488130E-04   1.398929E-04  -1.270279E-02
           144      G      6.712458E-04  -1.676588E-05   3.769360E-02   1.130396E+00  -1.157672E+00  -2.456467E-02
           200      G      7.190821E-05   2.672246E-04  -4.804858E-04   2.641788E-04   1.388031E-04   1.243733E-02
           201      G      7.190821E-05  -8.024330E-05  -4.766080E-04   2.641788E-04   1.388031E-04   1.243733E-02
           202      G     -3.125992E-05  -7.255332E-05  -1.872440E-04   1.622567E-04   1.231651E-04  -3.552566E-03
           203      G     -3.125992E-05   2.225577E-05  -1.839571E-04   1.622567E-04   1.231651E-04  -3.552566E-03
           204      G     -1.403552E-04  -8.488881E-07   4.439077E-06  -7.226793E-05  -8.927096E-03  -1.705694E-02
           205      G      3.183978E-04   2.024955E-04  -1.131990E-02   2.043419E-01  -2.965728E-02  -3.718933E-02
           206      G      3.582636E-04   3.307210E-05  -1.551751E-02   6.753519E-03  -5.962770E-02   1.117526E-02
           207      G      7.532338E-05  -2.732200E-04   4.791240E-04  -2.472919E-04   1.425624E-04   1.277102E-02
           208      G      7.532338E-05   8.357047E-05   4.751411E-04  -2.472919E-04   1.425624E-04   1.277102E-02
           209      G     -2.997952E-05   7.199932E-05   1.874836E-04  -1.631596E-04   1.252559E-04  -3.502035E-03
           210      G     -2.997952E-05  -2.146123E-05   1.841408E-04  -1.631596E-04   1.252559E-04  -3.502035E-03
           211      G      2.788070E-04  -2.158854E-04   1.135518E-02  -1.854777E-01  -2.273315E-02  -5.242337E-02
           212      G      3.763238E-04  -3.074456E-06   1.551882E-02   1.276558E-04  -5.758558E-02  -5.239225E-05
           213      G      7.475984E-05  -2.691448E-04  -4.788833E-04  -2.548456E-04   1.431462E-04  -1.265216E-02
           214      G      7.475984E-05   8.432502E-05  -4.748842E-04  -2.548456E-04   1.431462E-04  -1.265216E-02
           215      G     -3.155892E-05   7.340014E-05  -1.871864E-04  -1.621142E-04   1.225506E-04   3.584986E-03
           216      G     -3.155892E-05  -2.227416E-05  -1.839158E-04  -1.621142E-04   1.225506E-04   3.584986E-03
           217      G     -1.434598E-04   3.209946E-06  -1.943398E-06   5.865789E-04  -9.294024E-03   1.736982E-02
           218      G      3.094347E-04  -1.942951E-04  -1.135042E-02  -1.864881E-01  -2.710943E-02   5.540552E-02
           219      G      7.403314E-05   2.720022E-04   4.789303E-04   2.488130E-04   1.398929E-04  -1.270279E-02
           220      G      7.403314E-05  -8.288213E-05   4.750220E-04   2.488130E-04   1.398929E-04  -1.270279E-02
           221      G     -3.212555E-05  -7.401077E-05   1.869680E-04   1.628775E-04   1.209703E-04   3.611153E-03
           222      G     -3.212555E-05   2.236186E-05   1.837396E-04   1.628775E-04   1.209703E-04   3.611153E-03
           223      G      2.785320E-04   2.101866E-04   1.135673E-02   1.856213E-01  -2.278506E-02   5.206227E-02
           224      G      5.320578E-05   9.617828E-05  -3.075775E-02   9.319378E-01   1.138045E-01   2.099232E-03
           225      G      5.421933E-05   4.082537E-06  -5.521419E-02   8.351280E-04   1.142399E-02   3.079143E-04
           226      G      3.683811E-05  -5.177026E-05  -1.731294E-02   5.067707E-01   5.488695E-01  -2.073393E-03
           227      G     -5.370558E-04   1.598631E-06  -2.954715E-02  -8.703982E-05   1.133010E+00  -7.179001E-06
           228      G     -2.802769E-05   2.681015E-06  -4.060313E-04   1.121313E-02   3.782416E-01   1.705323E-04
           229      G     -4.198867E-04   7.712290E-07  -6.874146E-04   1.990664E-04   1.172547E-01   4.504516E-05
           230      G      1.292424E-04   1.510829E-05  -2.244017E-02   6.048499E-01  -4.809653E-01   3.478179E-03
           231      G      5.052559E-04   4.550605E-06  -3.703341E-02   6.163253E-03  -8.090831E-01  -2.013517E-03
           232      G      3.798007E-05  -1.015038E-04   3.058509E-02  -9.284595E-01   1.165743E-01   1.805197E-03
           233      G      2.835938E-05  -3.053954E-07   5.510700E-02   3.364054E-05   1.778182E-02   2.272817E-05
           234      G      3.065602E-05   4.924722E-05   1.678546E-02  -4.922956E-01   5.635724E-01  -2.094180E-03
           235      G     -5.565107E-04   2.081645E-07   2.874532E-02   6.002246E-05   1.158432E+00   9.367835E-06
           236      G      1.274271E-04  -4.768435E-06   2.240385E-02  -5.980018E-01  -5.019242E-01   2.938359E-03
           237      G      4.037159E-04  -1.483883E-06   3.707597E-02   1.015538E-04  -8.824091E-01   7.997802E-05
           238      G      5.487671E-05  -9.077136E-05  -3.073547E-02  -9.255623E-01   1.168398E-01  -2.242777E-03
1                                                       **STUDENT EDITION*    APRIL  18, 2026  MSC Nastran  3/ 3/26   PAGE    74
     DEFAULT                                                                                                                        
0                                                                                                            SUBCASE 1              
      EIGENVALUE =  6.202805E+06
          CYCLES =  3.963822E+02         R E A L   E I G E N V E C T O R   N O .          7
 
      POINT ID.   TYPE          T1             T2             T3             R1             R2             R3
           239      G      3.810726E-05   5.439412E-05  -1.727689E-02  -5.025738E-01   5.474299E-01   2.105809E-03
           240      G     -2.695242E-05  -9.206498E-07  -3.900605E-04  -9.756225E-03   3.780207E-01  -3.181415E-04
           241      G      1.306898E-04  -4.816971E-07  -2.247162E-02  -5.962382E-01  -4.816957E-01  -3.436554E-03
           242      G      3.824918E-05   1.010796E-04   3.059227E-02   9.291396E-01   1.164871E-01  -1.873028E-03
           243      G      3.071248E-05  -4.872208E-05   1.679723E-02   4.933811E-01   5.632735E-01   2.102132E-03
           244      G      1.276493E-04   2.631072E-06   2.240782E-02   5.983477E-01  -5.020554E-01  -2.898682E-03
           300      G     -1.012601E-04   1.093897E-04  -1.798903E-03   3.201982E-02   4.223413E-02   1.941991E-02
           301      G     -3.424531E-04  -2.817347E-04  -1.678133E-03  -9.344190E-02   2.725170E-02   1.399688E-02
           302      G     -7.569773E-04  -2.065449E-05  -2.733961E-06   7.176347E-03   1.116887E-01  -1.002705E-01
           303      G      4.830493E-04   1.122616E-03  -2.236474E-03   5.142925E-02   6.087640E-02   2.591621E-02
           304      G      2.987146E-05   3.472946E-04  -2.221739E-03  -1.313499E-01  -4.182589E-02  -2.965570E-03
           305      G      1.358605E-03   6.755278E-04  -1.229709E-02   2.412592E-01   1.172669E-01  -4.185879E-02
           306      G      1.763755E-03   8.686268E-05  -1.690518E-02   1.924204E-02   1.219257E-01   3.057374E-02
           307      G     -7.423337E-05  -2.023138E-04   1.784128E-03  -2.409097E-02   6.436205E-02   1.815740E-02
           308      G     -3.425638E-04   2.360530E-04   1.704131E-03   1.160669E-01   3.374888E-02   1.495148E-02
           309      G      6.322872E-04  -1.297108E-03   2.221826E-03  -4.083083E-02   6.272056E-02   1.844423E-02
           310      G      7.697671E-05  -3.567610E-04   2.262582E-03   1.794558E-01  -7.388001E-02  -4.168769E-03
           311      G      1.392880E-03  -7.039368E-04   1.235500E-02  -2.505420E-01   1.197031E-01  -6.580624E-02
           312      G      1.782255E-03  -8.517346E-06   1.692022E-02   8.061192E-04   1.212475E-01  -2.069565E-04
           313      G     -8.883460E-05  -2.061185E-04  -1.785141E-03  -1.951588E-02   6.508688E-02  -1.858320E-02
           314      G     -3.753697E-04   2.288874E-04  -1.709792E-03   1.192327E-01   3.109192E-02  -1.685437E-02
           315      G     -8.286695E-04  -3.909392E-05   2.011857E-06   7.027778E-03   1.216699E-01   1.061757E-01
           316      G      6.324357E-04  -1.258267E-03  -2.225401E-03  -3.816904E-02   6.566458E-02  -1.677191E-02
           317      G      7.320995E-05  -3.351625E-04  -2.265543E-03   1.868804E-01  -7.443369E-02   3.995081E-03
           318      G      1.395200E-03  -6.465226E-04  -1.235745E-02  -2.521253E-01   1.173697E-01   7.278027E-02
           319      G     -1.045518E-04   1.534883E-04   1.791344E-03   3.473018E-02   6.505795E-02  -1.938114E-02
           320      G     -3.828749E-04  -2.983858E-04   1.705833E-03  -1.033798E-01   3.138987E-02  -1.736641E-02
           321      G      6.029625E-04   1.274406E-03   2.222491E-03   4.446221E-02   5.922615E-02  -1.917774E-02
           322      G      4.951896E-05   3.173892E-04   2.265013E-03  -1.696120E-01  -7.372578E-02   3.278130E-03
           323      G      1.379847E-03   6.860693E-04   1.235699E-02   2.514353E-01   1.192917E-01   6.542387E-02
           324      G      1.050405E-03  -4.062302E-05   1.976010E-02  -5.868043E-01   4.210846E-02   2.270186E-02
           325      G      1.470217E-03  -4.008997E-05   3.007752E-02   1.080953E-02   1.273928E-01   9.805457E-04
           326      G      8.604267E-04   5.913206E-05   1.406239E-02  -3.298452E-01  -3.106688E-01   1.201260E-02
           327      G      1.732027E-03  -4.058072E-05   1.836802E-02   1.280168E-02  -6.327490E-01  -4.211374E-04
           328      G      9.318345E-04  -3.170997E-05   1.060583E-04  -1.161581E-03  -4.054905E-01   6.134075E-02
           329      G      1.529404E-03  -3.664259E-05   1.146334E-04   7.618884E-03   7.277645E-02   9.455669E-05
           330      G      1.305167E-03   3.125959E-04   5.626042E-03  -1.215804E-01   7.794521E-01   1.390545E-02
           331      G      1.315591E-03  -1.809403E-05   7.659958E-03   3.010873E-02   9.316798E-01  -4.101041E-03
           332      G      1.088008E-03  -2.076584E-05  -1.976611E-02   5.942656E-01   3.608427E-02   2.277481E-02
           333      G      1.488123E-03  -2.347105E-05  -3.025519E-02   5.787571E-03   1.272631E-01  -3.157521E-04
           334      G      8.846310E-04  -1.262921E-04  -1.389888E-02   3.235510E-01  -3.075941E-01   1.206202E-02
           335      G      1.743656E-03  -3.171215E-05  -1.829628E-02   7.672677E-03  -6.404981E-01  -3.570646E-04
           336      G      1.369838E-03  -3.803627E-04  -5.768489E-03   9.528533E-02   7.760579E-01   1.343095E-02
           337      G      1.331933E-03  -1.656601E-05  -7.767223E-03   3.807574E-03   9.347684E-01  -3.980222E-04
           338      G      1.077319E-03  -2.962683E-05   1.974996E-02   5.910469E-01   4.082008E-02  -2.273516E-02
           339      G      8.719173E-04  -1.448817E-04   1.404600E-02   3.230582E-01  -3.025527E-01  -1.219142E-02
           340      G      9.323964E-04  -3.993982E-05   9.265873E-05   2.419973E-03  -4.082148E-01  -6.375243E-02
           341      G      1.368102E-03  -3.587958E-04   5.653495E-03   8.328144E-02   7.763542E-01  -1.276456E-02
           342      G      1.071499E-03  -2.940778E-05  -1.979846E-02  -5.949437E-01   3.692219E-02  -2.285830E-02
           343      G      8.702406E-04   7.274836E-05  -1.395990E-02  -3.247408E-01  -3.064102E-01  -1.249826E-02
1                                                       **STUDENT EDITION*    APRIL  18, 2026  MSC Nastran  3/ 3/26   PAGE    75
     DEFAULT                                                                                                                        
0                                                                                                            SUBCASE 1              
      EIGENVALUE =  6.202805E+06
          CYCLES =  3.963822E+02         R E A L   E I G E N V E C T O R   N O .          7
 
      POINT ID.   TYPE          T1             T2             T3             R1             R2             R3
           344      G      1.354355E-03   3.460907E-04  -5.777035E-03  -9.728207E-02   7.766535E-01  -1.388014E-02
           400      G     -5.652830E-04   5.513549E-03  -4.128875E-03   1.313597E+00  -9.305911E-01  -4.059280E-02
           401      G     -1.587733E-03   1.792500E-02  -4.315309E-03   3.173982E+00  -9.537486E-01  -1.159040E-01
           402      G     -2.458637E-04  -7.540924E-06   8.540531E-06  -8.745815E-04  -8.142769E-01   6.962471E-01
           403      G     -3.109567E-03  -1.609758E-03  -1.735267E-03   3.909531E-01  -1.210187E+00  -7.403029E-03
           404      G     -7.619688E-06   5.620410E-03  -4.390661E-03   3.810765E+00   2.760349E+00  -2.692174E-01
           405      G      1.449632E-02   1.353851E-03  -1.679730E-02  -1.286343E+00  -5.431634E+00   6.443900E-02
           406      G      2.057173E-02   2.118716E-06  -2.351935E-02   4.041385E-04  -7.432807E+00   2.774797E-03
           407      G     -5.508970E-04  -5.528327E-03   4.146731E-03  -1.315543E+00  -9.310878E-01  -4.067692E-02
           408      G     -1.580388E-03  -1.794034E-02   4.329340E-03  -3.175916E+00  -9.537315E-01  -1.159715E-01
           409      G     -3.095218E-03   1.588225E-03   1.733256E-03  -3.951897E-01  -1.211441E+00  -1.016032E-02
           410      G      1.635167E-05  -5.641794E-03   4.416107E-03  -3.815313E+00   2.760295E+00  -2.679685E-01
           411      G      1.450536E-02  -1.370570E-03   1.686218E-02   1.286469E+00  -5.432829E+00   6.074006E-02
           412      G      2.057498E-02  -6.641780E-06   2.354770E-02  -1.929413E-04  -7.433187E+00  -3.482635E-05
           413      G     -5.556699E-04  -5.524902E-03  -4.155972E-03  -1.315754E+00  -9.310980E-01   4.084151E-02
           414      G     -1.588198E-03  -1.794050E-02  -4.339409E-03  -3.176292E+00  -9.533342E-01   1.167345E-01
           415      G     -2.496955E-04  -8.042757E-06  -4.811940E-06  -9.250609E-04  -8.137673E-01  -6.963745E-01
           416      G     -3.094569E-03   1.609412E-03  -1.742449E-03  -3.944276E-01  -1.210850E+00   1.052264E-02
           417      G      1.499370E-05  -5.631258E-03  -4.423051E-03  -3.814708E+00   2.760331E+00   2.680630E-01
           418      G      1.450242E-02  -1.348526E-03  -1.686440E-02   1.286931E+00  -5.432380E+00  -6.022762E-02
           419      G     -5.633798E-04   5.513224E-03   4.147712E-03   1.314367E+00  -9.310299E-01   4.065184E-02
           420      G     -1.592103E-03   1.792551E-02   4.335270E-03   3.174455E+00  -9.533219E-01   1.166443E-01
           421      G     -3.107654E-03  -1.601680E-03   1.737263E-03   3.939888E-01  -1.210343E+00   1.000584E-02
           422      G      3.316975E-06   5.627693E-03   4.419413E-03   3.813494E+00   2.760341E+00   2.679162E-01
           423      G      1.450052E-02   1.356843E-03   1.686239E-02  -1.286436E+00  -5.432077E+00  -6.085676E-02
           424      G      2.753612E-03   8.947416E-03  -1.322388E+00   4.280236E+01   2.022020E+00   6.120526E-02
           425      G      6.272642E-03  -5.501319E-06  -2.464020E+00  -1.037759E-03  -4.208593E+00   1.713324E-04
           426      G      6.255637E-03   2.694371E-05  -7.617543E-01   2.171631E+01   2.260903E+01  -4.076966E-02
           427      G     -2.296724E-02  -8.126594E-06  -1.304568E+00  -1.257582E-03   5.178238E+01   4.022489E-05
           428      G      3.786920E-03  -8.051787E-06  -1.530769E-05   3.446075E-04   1.712544E+01  -4.596964E-01
           429      G     -1.639541E-02  -8.456292E-06  -3.469085E-05  -1.007820E-03   1.015168E+00   9.059459E-06
           430      G      4.479497E-03  -5.459062E-04  -7.420554E-01   2.065453E+01  -2.981271E+01   9.557086E-02
           431      G      2.803659E-02  -2.955735E-06  -1.303428E+00   4.628718E-04  -4.812088E+01  -5.095958E-04
           432      G      2.760938E-03  -8.963547E-03   1.322402E+00  -4.280273E+01   2.023354E+00   6.107019E-02
           433      G      6.275078E-03  -7.857157E-06   2.464018E+00  -6.289395E-04  -4.208841E+00  -1.858240E-05
           434      G      6.259646E-03  -4.373242E-05   7.617380E-01  -2.171595E+01   2.260948E+01  -4.080691E-02
           435      G     -2.296633E-02  -8.405900E-06   1.304532E+00  -7.906786E-04   5.178371E+01  -4.033764E-06
           436      G      4.486753E-03   5.319355E-04   7.421235E-01  -2.065388E+01  -2.981165E+01   9.545921E-02
           437      G      2.804051E-02  -7.345141E-06   1.303445E+00  -4.355050E-04  -4.812080E+01  -8.570478E-06
           438      G      2.757712E-03  -8.960877E-03  -1.322413E+00  -4.280217E+01   2.023405E+00  -6.118305E-02
           439      G      6.258121E-03  -4.285022E-05  -7.617662E-01  -2.171568E+01   2.260885E+01   4.079370E-02
           440      G      3.786254E-03  -8.263487E-06  -2.136375E-05  -4.475956E-04   1.712593E+01   4.596677E-01
           441      G      4.482996E-03   5.398019E-04  -7.421291E-01  -2.065389E+01  -2.981160E+01  -9.527091E-02
           442      G      2.757126E-03   8.948374E-03   1.322405E+00   4.280254E+01   2.023167E+00  -6.126134E-02
           443      G      6.257785E-03   2.681434E-05   7.617432E-01   2.171557E+01   2.260971E+01   4.072791E-02
           444      G      4.482143E-03  -5.463327E-04   7.421203E-01   2.065417E+01  -2.981181E+01  -9.554816E-02
           445      G     -1.245969E-03  -4.384001E-03  -2.649481E-03   6.590369E-02   5.800381E-02   5.743966E-02
           446      G     -1.825288E-03  -1.651992E-03  -2.932697E-03  -5.126395E-01  -4.869881E-02  -1.685869E-01
           447      G     -1.134181E-03  -6.122536E-04  -4.075614E-03   3.457159E-01   4.484404E-02  -3.507980E-02
           448      G     -4.246577E-04  -1.727785E-04  -2.964498E-03  -2.230767E-01   3.769027E-02   7.014288E-02
1                                                       **STUDENT EDITION*    APRIL  18, 2026  MSC Nastran  3/ 3/26   PAGE    76
     DEFAULT                                                                                                                        
0                                                                                                            SUBCASE 1              
      EIGENVALUE =  6.202805E+06
          CYCLES =  3.963822E+02         R E A L   E I G E N V E C T O R   N O .          7
 
      POINT ID.   TYPE          T1             T2             T3             R1             R2             R3
           449      G     -4.129636E-04  -3.643447E-06   8.584564E-06  -3.569597E-04   2.034594E-01  -8.577801E-03
           450      G     -4.018966E-03  -3.684397E-03  -1.383166E-02   3.232063E-01  -7.345871E-01   1.874349E-01
           451      G     -5.154604E-03  -5.328226E-06  -2.010652E-02   1.148645E-03  -1.035836E+00   1.033558E-03
           452      G     -1.241557E-03   4.389211E-03   2.652304E-03  -6.609496E-02   5.779961E-02   5.763223E-02
           453      G     -1.822554E-03   1.648439E-03   2.948476E-03   5.123009E-01  -4.907073E-02  -1.690882E-01
           454      G     -1.128521E-03   6.062760E-04   4.096609E-03  -3.469628E-01   4.489629E-02  -3.460258E-02
           455      G     -4.218298E-04   1.656140E-04   2.983329E-03   2.222926E-01   3.776968E-02   7.019872E-02
           456      G     -4.018684E-03   3.681772E-03   1.388646E-02  -3.239004E-01  -7.337008E-01   1.870093E-01
           457      G     -5.155737E-03  -5.645916E-06   2.013958E-02   2.740636E-05  -1.036330E+00  -5.122192E-05
           458      G     -1.240286E-03   4.395577E-03  -2.662869E-03  -6.590387E-02   5.779148E-02  -5.779860E-02
           459      G     -1.821923E-03   1.652456E-03  -2.957692E-03   5.122464E-01  -4.903658E-02   1.692278E-01
           460      G     -1.127691E-03   6.094730E-04  -4.106650E-03  -3.471928E-01   4.491654E-02   3.486208E-02
           461      G     -4.186941E-04   1.675335E-04  -2.989249E-03   2.221224E-01   3.806723E-02  -7.023448E-02
           462      G     -4.087872E-04  -3.731184E-06  -3.826502E-06  -2.631527E-04   2.038720E-01   8.535326E-03
           463      G     -4.017908E-03   3.684843E-03  -1.388511E-02  -3.234335E-01  -7.330651E-01  -1.867613E-01
           464      G     -1.245395E-03  -4.399130E-03   2.657278E-03   6.632250E-02   5.778960E-02  -5.758582E-02
           465      G     -1.826056E-03  -1.658862E-03   2.951286E-03  -5.121132E-01  -4.907997E-02   1.692197E-01
           466      G     -1.130935E-03  -6.163372E-04   4.099744E-03   3.469030E-01   4.494279E-02   3.493671E-02
           467      G     -4.203195E-04  -1.746865E-04   2.980651E-03  -2.226089E-01   3.805796E-02  -7.023331E-02
           468      G     -4.019132E-03  -3.692492E-03   1.388721E-02   3.237623E-01  -7.336196E-01  -1.870941E-01
           469      G     -2.635819E-03  -3.423535E-03  -6.731011E-03   2.113828E-01  -3.054184E-01  -1.239410E-01
           470      G     -2.521668E-03  -1.740255E-03  -1.249410E-02   9.148029E-01  -1.653015E-01  -1.989711E-02
           471      G     -2.362416E-03  -6.347670E-04  -1.786773E-02   7.223895E-01   1.687852E-02  -4.150582E-02
           472      G     -2.105283E-03  -2.928846E-04  -1.046813E-02   6.108080E-01   3.790249E-01  -5.455179E-02
           473      G     -1.964781E-03  -4.151058E-06  -5.516942E-06   1.156822E-03   3.849628E-01  -5.821412E-02
           474      G     -3.679682E-03  -1.087709E-03  -3.218668E-02   6.869411E-01  -4.251831E-01  -7.932922E-02
           475      G     -3.444462E-03  -5.316248E-04  -3.867498E-02   9.209367E-01   1.388087E-01  -2.756921E-02
           476      G     -3.197052E-03  -2.048864E-04  -2.516043E-02   5.848127E-01   7.390818E-01  -2.446815E-02
           477      G     -3.119134E-03  -4.203397E-06  -4.060413E-05   1.590150E-03   9.646937E-01  -3.789312E-02
           478      G     -4.092071E-03  -1.482314E-03  -1.866101E-02   1.217134E-01  -8.803353E-01  -5.456001E-02
           479      G     -4.563934E-03  -7.192086E-04  -4.541810E-02   4.938140E-01  -7.627550E-01  -1.666991E-02
           480      G     -4.119324E-03  -2.400972E-04  -5.490334E-02   5.016237E-01   2.384662E-01  -1.888870E-02
           481      G     -3.854688E-03  -1.144559E-04  -3.606218E-02   3.736462E-01   1.024704E+00  -1.366880E-02
           482      G     -4.730814E-03  -3.298073E-07  -5.035388E-02   4.996950E-04  -7.123509E-01  -2.167144E-04
           483      G     -4.408890E-03  -1.562692E-06  -6.008153E-02   8.250396E-04   1.965336E-01   5.811970E-05
           484      G     -4.033586E-03  -2.665388E-06  -4.025812E-02   5.636911E-04   1.103878E+00   2.124235E-05
           485      G     -3.729697E-03  -4.033305E-06  -7.439149E-05   1.262600E-03   1.388840E+00  -1.329578E-02
           486      G     -3.931682E-03  -3.865196E-06  -9.313994E-05   3.172576E-04   1.569518E+00   1.885495E-05
           487      G     -2.633963E-03   3.424714E-03   6.757238E-03  -2.129626E-01  -3.051335E-01  -1.241949E-01
           488      G     -2.520304E-03   1.736783E-03   1.251765E-02  -9.152484E-01  -1.652832E-01  -1.992935E-02
           489      G     -2.361310E-03   6.284845E-04   1.788456E-02  -7.214114E-01   1.724739E-02  -4.170002E-02
           490      G     -2.104226E-03   2.850019E-04   1.046634E-02  -6.088619E-01   3.797198E-01  -5.461215E-02
           491      G     -3.679986E-03   1.083211E-03   3.221195E-02  -6.868164E-01  -4.241545E-01  -7.936796E-02
           492      G     -3.444604E-03   5.250808E-04   3.865563E-02  -9.191561E-01   1.404332E-01  -2.761333E-02
           493      G     -3.197043E-03   1.970727E-04   2.509687E-02  -5.819889E-01   7.402636E-01  -2.450160E-02
           494      G     -4.092381E-03   1.477335E-03   1.871443E-02  -1.209281E-01  -8.800517E-01  -5.440142E-02
           495      G     -4.565080E-03   7.133191E-04   4.543176E-02  -4.928570E-01  -7.609820E-01  -1.674039E-02
           496      G     -4.119856E-03   2.336186E-04   5.484596E-02  -5.001740E-01   2.409740E-01  -1.890049E-02
           497      G     -3.854914E-03   1.068067E-04   3.593938E-02  -3.714414E-01   1.026440E+00  -1.369073E-02
           498      G     -4.731475E-03  -5.321104E-06   5.035132E-02  -3.246631E-05  -7.102548E-01   1.317472E-05
1                                                       **STUDENT EDITION*    APRIL  18, 2026  MSC Nastran  3/ 3/26   PAGE    77
     DEFAULT                                                                                                                        
0                                                                                                            SUBCASE 1              
      EIGENVALUE =  6.202805E+06
          CYCLES =  3.963822E+02         R E A L   E I G E N V E C T O R   N O .          7
 
      POINT ID.   TYPE          T1             T2             T3             R1             R2             R3
           499      G     -4.409337E-03  -5.184187E-06   5.999830E-02  -2.578967E-05   1.992286E-01   6.969205E-06
           500      G     -4.033855E-03  -4.709285E-06   4.010214E-02   7.257477E-05   1.105951E+00   1.491428E-05
           501      G     -2.633081E-03   3.429467E-03  -6.763525E-03  -2.127675E-01  -3.048752E-01   1.242285E-01
           502      G     -2.519771E-03   1.740850E-03  -1.253302E-02  -9.154222E-01  -1.659331E-01   1.992397E-02
           503      G     -2.360148E-03   6.320492E-04  -1.792047E-02  -7.228337E-01   1.682263E-02   4.168301E-02
           504      G     -2.102743E-03   2.873806E-04  -1.050993E-02  -6.111361E-01   3.797759E-01   5.467960E-02
           505      G     -1.962892E-03  -3.645165E-06  -2.751481E-05  -1.270565E-03   3.856575E-01   5.831707E-02
           506      G     -3.679421E-03   1.087438E-03  -3.223223E-02  -6.869422E-01  -4.255966E-01   7.933233E-02
           507      G     -3.443990E-03   5.286623E-04  -3.872616E-02  -9.203054E-01   1.389329E-01   2.764076E-02
           508      G     -3.196228E-03   1.994495E-04  -2.520105E-02  -5.843855E-01   7.397096E-01   2.453540E-02
           509      G     -3.118401E-03  -3.666538E-06  -6.241030E-05  -1.400123E-03   9.653928E-01   3.794124E-02
           510      G     -4.091241E-03   1.480836E-03  -1.870097E-02  -1.201526E-01  -8.796103E-01   5.423345E-02
           511      G     -4.564701E-03   7.171867E-04  -4.544872E-02  -4.921245E-01  -7.628697E-01   1.677856E-02
           512      G     -4.119354E-03   2.373533E-04  -5.493515E-02  -5.004871E-01   2.386237E-01   1.890518E-02
           513      G     -3.854509E-03   1.090040E-04  -3.608679E-02  -3.726496E-01   1.025063E+00   1.372183E-02
           514      G     -3.729448E-03  -3.720052E-06  -8.802272E-05  -7.572559E-04   1.389261E+00   1.333740E-02
           515      G     -2.635724E-03  -3.434901E-03   6.762108E-03   2.128063E-01  -3.050952E-01   1.241493E-01
           516      G     -2.521633E-03  -1.747309E-03   1.252139E-02   9.152199E-01  -1.653278E-01   1.986662E-02
           517      G     -2.361653E-03  -6.389599E-04   1.788664E-02   7.214704E-01   1.744457E-02   4.163166E-02
           518      G     -2.103570E-03  -2.946557E-04   1.045952E-02   6.089207E-01   3.801154E-01   5.466203E-02
           519      G     -3.680315E-03  -1.093846E-03   3.221337E-02   6.867312E-01  -4.242545E-01   7.936288E-02
           520      G     -3.444604E-03  -5.355576E-04   3.865739E-02   9.191499E-01   1.405464E-01   2.762283E-02
           521      G     -3.196629E-03  -2.066549E-04   2.509076E-02   5.820643E-01   7.407017E-01   2.452747E-02
           522      G     -4.092492E-03  -1.488090E-03   1.871383E-02   1.209144E-01  -8.800206E-01   5.441680E-02
           523      G     -4.565095E-03  -7.240602E-04   4.543219E-02   4.928577E-01  -7.610391E-01   1.673455E-02
           524      G     -4.119793E-03  -2.439958E-04   5.484683E-02   5.001053E-01   2.410310E-01   1.891001E-02
           525      G     -3.854738E-03  -1.162867E-04   3.593559E-02   3.715693E-01   1.026719E+00   1.371707E-02
          1000      G     -1.456400E-04  -2.470894E-08   2.605270E-06   5.427988E-05  -4.871699E-02   7.021069E-02
          1001      G     -1.617709E-04   2.663719E-05  -1.926089E-04   3.652484E-04   7.663388E-05  -6.001412E-02
          1002      G     -1.191366E-04  -5.284568E-05  -1.953384E-04   1.690048E-04   1.133938E-04  -3.882973E-02
          1003      G     -1.440034E-04   7.873960E-08   3.806451E-06   2.209831E-04   1.424442E+00   5.801761E-03
          1004      G     -7.792595E-05   7.921295E-05  -3.687251E-02   1.312368E+00   1.080597E+00   2.653579E-03
          1005      G     -1.161698E-04   7.755218E-05  -5.850984E-02   2.375712E+00   2.673930E-01   5.480407E-04
          1006      G      5.601012E-04  -1.619867E-07  -8.904026E-06   2.643784E-05   1.141020E-01   1.220696E-05
          1007      G      1.534296E-04   2.077164E-07  -6.082636E-02   9.542985E-05   3.582923E+00   1.083668E-05
          1008      G     -9.646254E-05   2.617616E-07  -1.089822E-01   9.056259E-05  -1.144759E-01   1.330506E-05
          1009      G     -6.689211E-05   3.058923E-06  -4.838287E-04   3.607591E-04   2.512734E-04  -8.218187E-02
          1010      G      8.530210E-05   2.306539E-04  -4.738883E-04   2.695518E-04   1.374650E-04   2.400754E-03
          1011      G     -1.531465E-04   1.222950E-04  -3.927352E-02   1.406732E+00  -1.510825E+00  -2.775374E-03
          1012      G     -2.502756E-04  -3.102458E-05  -1.162355E-02   2.421054E-01  -1.709516E-01   5.865660E-02
          1013      G     -3.495602E-04   7.732604E-07  -6.781652E-02   3.174094E-05  -2.831136E+00   2.372149E-05
          1014      G     -6.082732E-04   1.371525E-06  -1.648654E-02  -1.075017E-04  -2.804772E-01   1.143744E-03
          1015      G     -1.612988E-04  -2.589911E-05   1.928006E-04  -3.660142E-04   7.864796E-05  -6.044313E-02
          1016      G     -1.183123E-04   5.233289E-05   1.955817E-04  -1.701786E-04   1.154544E-04  -3.908323E-02
          1017      G     -7.742789E-05  -7.934294E-05   3.688191E-02  -1.312134E+00   1.080819E+00   2.651063E-03
          1018      G     -1.151893E-04  -7.718227E-05   5.852528E-02  -2.375607E+00   2.675988E-01   5.564345E-04
          1019      G      1.538158E-04  -3.101546E-07   6.081313E-02   3.891879E-05   3.583269E+00   9.201643E-06
          1020      G     -9.565278E-05  -6.310901E-07   1.089756E-01   3.080474E-05  -1.144101E-01   8.020941E-06
          1021      G     -6.591012E-05  -7.841182E-07   4.822885E-04  -3.430317E-04   2.554152E-04  -8.373976E-02
          1022      G      8.851848E-05  -2.358489E-04   4.724555E-04  -2.538508E-04   1.401718E-04   2.140930E-03
1                                                       **STUDENT EDITION*    APRIL  18, 2026  MSC Nastran  3/ 3/26   PAGE    78
     DEFAULT                                                                                                                        
0                                                                                                            SUBCASE 1              
      EIGENVALUE =  6.202805E+06
          CYCLES =  3.963822E+02         R E A L   E I G E N V E C T O R   N O .          7
 
      POINT ID.   TYPE          T1             T2             T3             R1             R2             R3
          1023      G     -1.511266E-04  -1.233178E-04   3.929437E-02  -1.406742E+00  -1.510584E+00  -2.775314E-03
          1024      G     -2.484999E-04   3.124122E-05   1.164996E-02  -2.420503E-01  -1.707855E-01   5.903848E-02
          1025      G     -3.488100E-04  -7.574117E-07   6.781518E-02   3.025541E-05  -2.830879E+00   7.136865E-06
          1026      G     -6.072958E-04  -1.060051E-06   1.648970E-02  -7.229582E-05  -2.803767E-01  -8.211819E-05
          1027      G     -1.440374E-04  -1.927500E-07  -1.615097E-06   4.517575E-05  -4.869404E-02  -7.117843E-02
          1028      G     -1.598142E-04  -2.660350E-05  -1.925723E-04  -3.653176E-04   7.598918E-05   5.886399E-02
          1029      G     -1.168960E-04   5.372049E-05  -1.952802E-04  -1.689930E-04   1.127836E-04   3.753812E-02
          1030      G     -1.428950E-04  -1.059110E-07  -4.615133E-06  -1.480084E-04   1.424537E+00  -5.784240E-03
          1031      G     -7.678255E-05  -7.906249E-05  -3.688261E-02  -1.312390E+00   1.080717E+00  -2.629960E-03
          1032      G     -1.148498E-04  -7.633559E-05  -5.852255E-02  -2.375689E+00   2.674828E-01  -5.244329E-04
          1033      G     -6.470989E-05   7.321181E-07  -4.820591E-04  -3.506965E-04   2.559520E-04   8.272446E-02
          1034      G      8.867825E-05  -2.314275E-04  -4.722406E-04  -2.609860E-04   1.411961E-04  -2.574341E-03
          1035      G     -1.509778E-04  -1.211022E-04  -3.928661E-02  -1.406630E+00  -1.510863E+00   2.803648E-03
          1036      G     -2.479173E-04   3.378986E-05  -1.163947E-02  -2.417468E-01  -1.706336E-01  -5.783843E-02
          1037      G     -1.598281E-04   2.667658E-05   1.923956E-04   3.661894E-04   7.444639E-05   5.858070E-02
          1038      G     -1.168805E-04  -5.426464E-05   1.950642E-04   1.695368E-04   1.112132E-04   3.724006E-02
          1039      G     -7.662747E-05   7.866940E-05   3.687611E-02   1.312132E+00   1.080848E+00  -2.634605E-03
          1040      G     -1.145620E-04   7.635840E-05   5.852068E-02   2.375602E+00   2.676504E-01  -5.358664E-04
          1041      G     -6.446835E-05   7.638790E-08   4.821809E-04   3.448719E-04   2.526230E-04   8.232030E-02
          1042      G     -1.506267E-04   1.214012E-04   3.929126E-02   1.406713E+00  -1.510527E+00   2.794293E-03
          1043      G     -2.479675E-04  -3.311925E-05   1.164981E-02   2.421141E-01  -1.706184E-01  -5.880582E-02
          1044      G      8.941274E-05   2.326606E-04   4.722785E-04   2.551612E-04   1.377386E-04  -3.240460E-03
          2000      G      1.091317E-04  -7.701071E-08   4.670404E-06  -7.230544E-05  -8.937472E-03   1.768517E-01
          2001      G      1.050601E-04   1.959951E-05  -1.884319E-04   2.652386E-04   1.035525E-04   7.107846E-02
          2002      G      1.261826E-04  -6.487662E-05  -1.915376E-04   1.632196E-04   1.219356E-04   8.157632E-02
          2003      G      1.154599E-04   9.752767E-07  -4.231049E-04   1.778368E-02   7.187052E-01   2.635823E-03
          2004      G      1.417363E-04   3.012540E-05  -1.888375E-02   6.512313E-01   5.488099E-01   1.007729E-03
          2005      G      1.210960E-04   1.034775E-05  -3.033385E-02   1.173040E+00   1.798802E-01   1.302636E-04
          2006      G      4.506858E-04  -7.859280E-07  -6.874743E-04   1.991131E-04   1.173482E-01  -5.915753E-06
          2007      G      2.554688E-04  -9.492746E-07  -3.083724E-02   4.682889E-04   1.745191E+00  -1.689919E-05
          2008      G      1.439227E-04  -2.475327E-06  -5.521823E-02   8.352329E-04   1.140860E-02  -1.990386E-05
          2009      G      1.384521E-04  -1.038287E-04  -4.806065E-04   2.962075E-04   2.043103E-04   1.787337E-02
          2010      G      2.198334E-04   1.034433E-04  -4.788957E-04   2.976488E-04   1.319614E-04   6.462299E-02
          2011      G      1.251071E-04   3.241420E-05  -2.296912E-02   7.403468E-01  -6.463274E-01  -1.689006E-03
          2012      G      9.031121E-05  -8.892865E-05  -1.144235E-02   2.043364E-01  -2.969677E-02  -6.277574E-01
          2013      G      1.874893E-05  -3.830803E-06  -3.802135E-02   3.535117E-03  -1.249648E+00   3.139810E-05
          2014      G     -9.390871E-05  -2.517371E-06  -1.576503E-02   6.748979E-03  -5.970455E-02  -2.016413E-02
          2015      G      1.054447E-04  -1.858680E-05   1.885194E-04  -2.645329E-04   1.046445E-04   7.057512E-02
          2016      G      1.262916E-04   6.456458E-05   1.917861E-04  -1.637806E-04   1.236890E-04   8.093433E-02
          2017      G      1.458302E-04  -2.824631E-05   1.827671E-02  -6.274470E-01   5.641883E-01   1.071711E-03
          2018      G      1.280080E-04  -9.320389E-06   3.012586E-02  -1.163249E+00   1.904439E-01   3.130007E-04
          2019      G      2.649004E-04  -4.475621E-07   3.000055E-02  -2.171663E-06   1.783695E+00  -4.409605E-06
          2020      G      1.665479E-04  -5.665224E-07   5.511071E-02   3.365865E-05   1.776161E-02  -2.967336E-06
          2021      G      1.341493E-04   1.027333E-04   4.790498E-04  -2.775138E-04   2.090215E-04   1.359210E-02
          2022      G      2.145942E-04  -1.182467E-04   4.776389E-04  -2.847171E-04   1.354837E-04   5.994937E-02
          2023      G      1.382323E-04  -3.527382E-05   2.288982E-02  -7.282650E-01  -6.457006E-01  -1.343883E-03
          2024      G      1.052255E-04   7.268573E-05   1.144990E-02  -1.854809E-01  -2.277504E-02  -5.392065E-01
          2025      G      4.365751E-05  -4.347832E-07   3.799335E-02   1.245401E-04  -1.248606E+00  -3.918319E-06
          2026      G     -6.129458E-05  -5.155456E-07   1.575814E-02   1.277895E-04  -5.766950E-02   1.834775E-03
          2027      G      1.085117E-04  -1.597976E-06   3.557280E-07   5.865110E-04  -9.304248E-03  -1.798574E-01
1                                                       **STUDENT EDITION*    APRIL  18, 2026  MSC Nastran  3/ 3/26   PAGE    79
     DEFAULT                                                                                                                        
0                                                                                                            SUBCASE 1              
      EIGENVALUE =  6.202805E+06
          CYCLES =  3.963822E+02         R E A L   E I G E N V E C T O R   N O .          7
 
      POINT ID.   TYPE          T1             T2             T3             R1             R2             R3
          2028      G      1.046768E-04  -1.971400E-05  -1.883786E-04  -2.643236E-04   1.029383E-04  -7.107111E-02
          2029      G      1.253264E-04   6.554444E-05  -1.914702E-04  -1.622277E-04   1.212345E-04  -8.133343E-02
          2030      G      1.152015E-04  -1.838517E-06  -3.930611E-04  -1.473257E-02   7.186070E-01  -2.644024E-03
          2031      G      1.415576E-04  -3.172962E-05  -1.884670E-02  -6.460598E-01   5.482121E-01  -1.019690E-03
          2032      G      1.223383E-04  -1.223753E-05  -3.029328E-02  -1.164545E+00   1.804721E-01  -1.580502E-04
          2033      G      1.350324E-04   1.042539E-04  -4.788204E-04  -2.848150E-04   2.092198E-04  -1.442780E-02
          2034      G      2.141653E-04  -1.139705E-04  -4.773855E-04  -2.913510E-04   1.360812E-04  -6.013668E-02
          2035      G      1.304025E-04  -3.639183E-05  -2.295120E-02  -7.286932E-01  -6.455562E-01   1.591642E-03
          2036      G      1.007961E-04   7.910729E-05  -1.146275E-02  -1.864915E-01  -2.715239E-02   5.478044E-01
          2037      G      1.048808E-04   1.933530E-05   1.881152E-04   2.650054E-04   1.004799E-04  -7.148972E-02
          2038      G      1.258545E-04  -6.647578E-05   1.912710E-04   1.631668E-04   1.194142E-04  -8.191245E-02
          2039      G      1.454382E-04   2.711276E-05   1.830019E-02   6.294813E-01   5.636716E-01  -1.078029E-03
          2040      G      1.275314E-04   8.763474E-06   3.013999E-02   1.164407E+00   1.902184E-01  -3.149215E-04
          2041      G      1.339110E-04  -1.026984E-04   4.789435E-04   2.794045E-04   2.062052E-04  -1.421654E-02
          2042      G      2.140182E-04   1.163637E-04   4.774632E-04   2.861250E-04   1.329707E-04  -6.036440E-02
          2043      G      1.376617E-04   3.406107E-05   2.289664E-02   7.287884E-01  -6.460252E-01   1.345020E-03
          2044      G      1.045566E-04  -7.351177E-05   1.145167E-02   1.856246E-01  -2.282691E-02   5.425664E-01
          3000      G      2.108628E-03  -7.842319E-05  -3.148768E-05   7.179604E-03   1.117022E-01   1.087770E+00
          3001      G      2.155337E-03   4.399254E-04  -1.303239E-03  -9.338801E-02   2.726586E-02   1.125169E+00
          3002      G      2.179301E-03  -1.414897E-04  -1.925602E-03   3.198685E-02   4.224065E-02   9.518168E-01
          3003      G      2.469446E-03  -1.033403E-04   1.179799E-05  -6.013030E-03  -4.570944E-01   6.558233E-04
          3004      G      2.330448E-03  -6.962042E-05   1.041438E-02  -3.839489E-01  -2.141918E-01   2.213521E-03
          3005      G      2.276900E-03  -2.409633E-07   1.361593E-02  -7.587693E-01   4.396920E-02   8.479078E-04
          3006      G      2.136365E-03  -9.742753E-05   1.146402E-04   7.618698E-03   7.277461E-02  -2.893074E-04
          3007      G      2.359339E-03  -1.176273E-04   1.738003E-02   1.507523E-02  -1.060784E+00  -2.355033E-04
          3008      G      2.476099E-03  -1.263917E-04   3.007848E-02   1.080890E-02   1.274086E-01  -4.347664E-05
          3009      G      2.146719E-03   1.562615E-04  -1.780382E-03  -1.313003E-01  -4.185316E-02   1.228599E+00
          3010      G      1.993640E-03  -2.968707E-04  -2.200379E-03   5.141450E-02   6.089574E-02   4.832463E-01
          3011      G      2.282422E-03  -1.714351E-04   2.217537E-03  -1.712117E-01   7.423432E-01   2.587159E-03
          3012      G      2.287836E-03   1.573747E-05  -1.182627E-02   2.412678E-01   1.172967E-01  -5.865490E-01
          3013      G      2.544539E-03  -1.355572E-04   7.069326E-03   2.462142E-02   1.415681E+00   2.202448E-04
          3014      G      2.716854E-03  -1.278704E-04  -1.641595E-02   1.924051E-02   1.219116E-01   3.088729E-04
          3015      G      2.177867E-03  -6.640720E-04   1.238683E-03   1.160056E-01   3.376035E-02   1.109733E+00
          3016      G      2.226147E-03  -1.644522E-05   1.879242E-03  -2.404903E-02   6.436602E-02   8.751280E-01
          3017      G      2.349609E-03  -1.215198E-04  -1.041267E-02   3.691468E-01  -2.087438E-01   2.214775E-03
          3018      G      2.317408E-03  -2.142830E-04  -1.373151E-02   7.588066E-01   3.551687E-02   9.529490E-04
          3019      G      2.370061E-03  -8.668382E-05  -1.731081E-02   4.830789E-03  -1.072364E+00  -3.086006E-04
          3020      G      2.493115E-03  -6.960786E-05  -3.025616E-02   5.787354E-03   1.272790E-01  -3.051037E-04
          3021      G      2.226311E-03  -4.025827E-04   1.693102E-03   1.793968E-01  -7.390589E-02   1.373700E+00
          3022      G      2.115815E-03   1.422800E-06   2.135816E-03  -4.082515E-02   6.273200E-02   4.711150E-01
          3023      G      2.342262E-03  -4.996325E-05  -2.461516E-03   1.424519E-01   7.445562E-01   2.094095E-03
          3024      G      2.340670E-03  -2.206168E-04   1.187441E-02  -2.505491E-01   1.197307E-01  -6.876119E-01
          3025      G      2.558714E-03  -6.167074E-05  -7.172649E-03   4.522513E-03   1.420208E+00  -2.327933E-04
          3026      G      2.730005E-03  -5.326747E-05   1.643373E-02   8.065223E-04   1.212334E-01  -1.893996E-02
          3027      G      2.081750E-03  -9.516541E-05   3.012332E-05   7.028289E-03   1.216815E-01  -1.076427E+00
          3028      G      2.145266E-03  -6.962730E-04  -1.231710E-03   1.191715E-01   3.110284E-02  -1.118485E+00
          3029      G      2.192615E-03  -5.687868E-05  -1.861974E-03  -1.947377E-02   6.509069E-02  -8.623720E-01
          3030      G      2.469593E-03  -1.006024E-04   1.063027E-04  -3.685271E-04  -4.571187E-01  -1.360104E-03
          3031      G      2.336412E-03  -1.518368E-04   1.045203E-02   3.661604E-01  -2.032068E-01  -2.817392E-03
          3032      G      2.298024E-03  -2.615899E-04   1.369151E-02   7.539051E-01   3.528290E-02  -1.291948E-03
1                                                       **STUDENT EDITION*    APRIL  18, 2026  MSC Nastran  3/ 3/26   PAGE    80
     DEFAULT                                                                                                                        
0                                                                                                            SUBCASE 1              
      EIGENVALUE =  6.202805E+06
          CYCLES =  3.963822E+02         R E A L   E I G E N V E C T O R   N O .          7
 
      POINT ID.   TYPE          T1             T2             T3             R1             R2             R3
          3033      G      2.189900E-03  -4.542802E-04  -1.667476E-03   1.868218E-01  -7.445953E-02  -1.359389E+00
          3034      G      2.072099E-03  -4.898126E-05  -2.116964E-03  -3.816189E-02   6.567753E-02  -4.389588E-01
          3035      G      2.321467E-03  -1.053279E-04   2.394445E-03   1.323126E-01   7.461014E-01  -2.394612E-03
          3036      G      2.324363E-03  -2.849921E-04  -1.188624E-02  -2.521325E-01   1.173967E-01   7.477531E-01
          3037      G      2.143399E-03   5.006941E-04   1.291182E-03  -1.033183E-01   3.140100E-02  -1.119606E+00
          3038      G      2.191863E-03  -1.172248E-04   1.929005E-03   3.468937E-02   6.506188E-02  -8.691634E-01
          3039      G      2.341617E-03  -4.230402E-05  -1.032575E-02  -3.735739E-01  -2.078857E-01  -3.011710E-03
          3040      G      2.306160E-03   7.290888E-05  -1.368131E-02  -7.646107E-01   3.281073E-02  -1.612307E-03
          3041      G      2.196743E-03   2.863919E-04   1.734616E-03  -1.695526E-01  -7.375201E-02  -1.371190E+00
          3042      G      2.094929E-03  -9.017987E-05   2.164971E-03   4.445834E-02   5.923606E-02  -4.887275E-01
          3043      G      2.329725E-03  -6.653280E-05  -2.446527E-03  -1.476142E-01   7.440512E-01  -2.623208E-03
          3044      G      2.324406E-03   1.153755E-04   1.187807E-02   2.514430E-01   1.193193E-01   6.479070E-01
          4000      G     -2.344121E-02  -5.588649E-07   1.203877E-05  -8.747730E-04  -8.148277E-01  -9.033282E+00
          4001      G     -2.455221E-02  -6.752177E-03  -1.719298E-02   3.176302E+00  -9.544576E-01  -7.554449E+00
          4002      G     -2.426002E-02  -4.462713E-03  -9.533152E-03   1.313684E+00  -9.309751E-01  -8.086287E+00
          4003      G     -2.819915E-02  -1.321245E-07  -6.662868E-06   1.373819E-03   3.455950E+01   7.589703E-02
          4004      G     -2.549508E-02   1.141465E-04  -8.689291E-01   2.838577E+01   2.347147E+01   1.452661E-02
          4005      G     -2.518328E-02  -6.228987E-04  -1.321314E+00   5.353214E+01   4.220430E+00  -8.579642E-03
          4006      G     -1.138196E-02  -3.942886E-07  -3.469488E-05  -1.007711E-03   1.019922E+00   5.325916E-05
          4007      G     -2.122327E-02   1.554646E-06  -1.385577E+00  -8.307268E-04   8.205034E+01   3.591200E-05
          4008      G     -2.703963E-02   2.830770E-06  -2.464236E+00  -1.037574E-03  -4.209844E+00   2.693148E-05
          4009      G     -2.276509E-02  -2.135619E-03  -1.423289E-02   3.811885E+00   2.762058E+00  -2.207894E+01
          4010      G     -1.977552E-02   1.830812E-03  -7.968492E-03   3.904743E-01  -1.210048E+00  -3.388564E+00
          4011      G     -2.630731E-02   1.000392E-03  -7.835867E-01   2.666244E+01  -3.939060E+01  -7.057121E-02
          4012      G     -2.825935E-02  -2.320381E-03  -3.879070E-02  -1.286920E+00  -5.434172E+00   6.869091E+00
          4013      G     -3.162842E-02   4.263033E-06  -1.362898E+00  -9.579197E-05  -7.303973E+01   1.461389E-05
          4014      G     -3.735297E-02   4.497356E-06  -5.361582E-02   4.040940E-04  -7.436101E+00  -5.556251E-03
          4015      G     -2.455194E-02   6.752206E-03   1.721475E-02  -3.178236E+00  -9.544406E-01  -7.557979E+00
          4016      G     -2.425989E-02   4.463413E-03   9.558814E-03  -1.315631E+00  -9.314715E-01  -8.091348E+00
          4017      G     -2.549546E-02  -1.143089E-04   8.689292E-01  -2.838401E+01   2.347203E+01   1.451439E-02
          4018      G     -2.518406E-02   6.238192E-04   1.321343E+00  -5.353106E+01   4.221883E+00  -8.597028E-03
          4019      G     -2.122319E-02  -1.516126E-06   1.385539E+00  -6.111029E-04   8.205261E+01   3.138688E-05
          4020      G     -2.703925E-02  -2.831618E-06   2.464234E+00  -6.288629E-04  -4.210092E+00   2.520209E-05
          4021      G     -2.276600E-02   2.138058E-03   1.427661E-02  -3.816433E+00   2.762004E+00  -2.209241E+01
          4022      G     -1.977814E-02  -1.826048E-03   7.988436E-03  -3.947099E-01  -1.211301E+00  -3.389401E+00
          4023      G     -2.630823E-02  -9.985547E-04   7.836638E-01  -2.666084E+01  -3.938961E+01  -7.056306E-02
          4024      G     -2.825978E-02   2.321265E-03   3.886037E-02   1.287046E+00  -5.435368E+00   6.882057E+00
          4025      G     -3.162805E-02  -3.421340E-06   1.362919E+00  -4.655211E-04  -7.303850E+01   1.809865E-05
          4026      G     -3.735272E-02  -3.989345E-06   5.364569E-02  -1.929927E-04  -7.436480E+00   5.922925E-04
          4027      G     -2.343707E-02  -6.496071E-07  -8.509209E-06  -9.251889E-04  -8.143180E-01   9.031450E+00
          4028      G     -2.454800E-02   6.755018E-03  -1.722632E-02  -3.178612E+00  -9.540432E-01   7.552934E+00
          4029      G     -2.425637E-02   4.468528E-03  -9.568901E-03  -1.315842E+00  -9.314817E-01   8.087005E+00
          4030      G     -2.819785E-02  -2.663206E-07  -2.962037E-05   1.183678E-05   3.456028E+01  -7.581509E-02
          4031      G     -2.549413E-02  -1.115425E-04  -8.689657E-01  -2.838410E+01   2.347141E+01  -1.443746E-02
          4032      G     -2.518294E-02   6.292695E-04  -1.321357E+00  -5.353036E+01   4.221246E+00   8.669547E-03
          4033      G     -2.276309E-02   2.145740E-03  -1.428106E-02  -3.815827E+00   2.762040E+00   2.209033E+01
          4034      G     -1.977614E-02  -1.814530E-03  -7.992231E-03  -3.939475E-01  -1.210710E+00   3.390778E+00
          4035      G     -2.630755E-02  -9.906743E-04  -7.836639E-01  -2.666049E+01  -3.938973E+01   7.061988E-02
          4036      G     -2.825910E-02   2.330531E-03  -3.886079E-02   1.287508E+00  -5.434919E+00  -6.878027E+00
          4037      G     -2.454840E-02  -6.755409E-03   1.721482E-02   3.176776E+00  -9.540308E-01   7.551325E+00
1                                                       **STUDENT EDITION*    APRIL  18, 2026  MSC Nastran  3/ 3/26   PAGE    81
     DEFAULT                                                                                                                        
0                                                                                                            SUBCASE 1              
      EIGENVALUE =  6.202805E+06
          CYCLES =  3.963822E+02         R E A L   E I G E N V E C T O R   N O .          7
 
      POINT ID.   TYPE          T1             T2             T3             R1             R2             R3
          4038      G     -2.425707E-02  -4.469122E-03   9.555095E-03   1.314454E+00  -9.314136E-01   8.083967E+00
          4039      G     -2.549404E-02   1.108734E-04   8.689204E-01   2.838444E+01   2.347226E+01  -1.444600E-02
          4040      G     -2.518274E-02  -6.292068E-04   1.321337E+00   5.353152E+01   4.221965E+00   8.649975E-03
          4041      G     -2.276388E-02  -2.145048E-03   1.427254E-02   3.814613E+00   2.762050E+00   2.208509E+01
          4042      G     -1.977663E-02   1.817069E-03   7.983272E-03   3.935090E-01  -1.210203E+00   3.386984E+00
          4043      G     -2.630708E-02   9.913658E-04   7.836559E-01   2.666146E+01  -3.938963E+01   7.060102E-02
          4044      G     -2.825862E-02  -2.329248E-03   3.885756E-02  -1.287012E+00  -5.434616E+00  -6.878943E+00
1                                                       **STUDENT EDITION*    APRIL  18, 2026  MSC Nastran  3/ 3/26   PAGE    82
     DEFAULT                                                                                                                        
0                                                                                                            SUBCASE 1              
      EIGENVALUE =  6.774501E+06
          CYCLES =  4.142464E+02         R E A L   E I G E N V E C T O R   N O .          8
 
      POINT ID.   TYPE          T1             T2             T3             R1             R2             R3
             1      G      0.0            0.0            0.0            0.0            0.0            0.0
             2      G      0.0            0.0            0.0            0.0            0.0            0.0
             3      G      0.0            0.0            0.0            0.0            0.0            0.0
             4      G      0.0            0.0            0.0            0.0            0.0            0.0
             5      G      0.0            0.0            0.0            0.0            0.0            0.0
             6      G      0.0            0.0            0.0            0.0            0.0            0.0
             7      G      0.0            0.0            0.0            0.0            0.0            0.0
             8      G      0.0            0.0            0.0            0.0            0.0            0.0
            10      G      2.026642E-04   1.787184E-04  -4.634277E-04  -1.087478E-03   1.962464E-04   2.095355E-02
            11      G      2.028236E-04  -1.788156E-04  -4.633030E-04   1.087669E-03   1.965782E-04  -2.094751E-02
            12      G     -1.876553E-04  -2.869719E-05  -4.099544E-04  -7.459552E-04  -1.918641E-04  -2.653994E-02
            13      G     -1.873599E-04   2.847529E-05  -4.099874E-04   7.469205E-04  -1.912393E-04   2.655338E-02
            14      G     -1.876860E-04   2.795643E-05   4.104582E-04   7.473481E-04  -1.912469E-04  -2.651728E-02
            15      G     -1.861826E-04  -2.940136E-05   4.100133E-04  -7.453523E-04  -1.889598E-04   2.647768E-02
            16      G      2.029308E-04  -1.774500E-04   4.633128E-04   1.083045E-03   1.963779E-04   2.126085E-02
            17      G      2.025359E-04   1.792288E-04   4.654420E-04  -1.102044E-03   1.968837E-04  -2.015952E-02
           100      G     -9.565633E-03  -4.099639E-03   1.364489E+00  -4.440428E+01  -1.846383E+00  -1.708851E-01
           101      G     -1.405762E-02  -2.861765E-06   2.564101E+00  -1.674888E-04   3.650152E+00   1.835411E-04
           102      G     -1.000202E-02   3.397294E-03   7.741780E-01  -2.410617E+01  -2.475438E+01   6.591904E-02
           103      G      1.790281E-02  -1.256193E-06   1.366239E+00  -2.873786E-04  -5.420176E+01  -9.877946E-05
           104      G     -4.580137E-03  -6.292920E-07   1.482211E-05  -5.617509E-04  -1.609676E+01   2.531090E-01
           105      G      1.134207E-02  -5.097149E-07   3.376102E-05  -3.022684E-05  -2.030906E+00  -1.345626E-05
           106      G      1.239999E-05   4.682466E-04   4.191550E-04  -7.453523E-04  -1.889598E-04   2.647768E-02
           107      G      1.239999E-05  -2.383765E-04   4.141121E-04  -7.453523E-04  -1.889598E-04   2.647768E-02
           108      G     -2.815607E-03  -6.292445E-07   1.270070E-06  -2.982448E-05   1.574779E+00  -1.062429E-01
           109      G      5.133947E-05   2.803236E-05   4.722307E-04  -1.102044E-03   1.968837E-04  -2.015952E-02
           110      G     -2.442233E-02  -3.768236E-03   1.949917E-02   1.210740E+00   5.410042E+00   7.429124E-01
           111      G      5.133947E-05   5.912391E-04   4.777311E-04  -1.102044E-03   1.968837E-04  -2.015952E-02
           112      G     -1.311926E-02   2.334479E-03   7.551736E-01  -2.336321E+01   3.114979E+01  -2.277841E-01
           113      G     -3.325563E-02  -3.286058E-05   3.107208E-02  -3.521622E-03   7.780142E+00   3.870473E-03
           114      G     -3.952240E-02  -5.444586E-06   1.371718E+00  -1.714003E-04   5.040018E+01  -1.613576E-03
           115      G     -9.568445E-03   4.095499E-03  -1.364502E+00   4.440411E+01  -1.846283E+00  -1.708473E-01
           116      G     -1.405804E-02  -9.467257E-08  -2.564103E+00  -9.206983E-05   3.650171E+00  -4.878790E-06
           117      G     -1.000334E-02  -3.399036E-03  -7.741709E-01   2.410556E+01  -2.475549E+01   6.595223E-02
           118      G      1.790326E-02  -1.473306E-07  -1.366205E+00  -5.626648E-05  -5.420329E+01  -8.883256E-06
           119      G      1.179042E-05  -4.705955E-04  -4.191837E-04   7.469205E-04  -1.912393E-04   2.655338E-02
           120      G      1.179042E-05   2.380479E-04  -4.140800E-04   7.469205E-04  -1.912393E-04   2.655338E-02
           121      G      4.571731E-05  -2.170930E-05  -4.699862E-04   1.087669E-03   1.965782E-04  -2.094751E-02
           122      G     -2.442651E-02   3.768321E-03  -1.957740E-02  -1.207904E+00   5.410083E+00   7.440366E-01
           123      G      4.571731E-05  -6.069303E-04  -4.754781E-04   1.087669E-03   1.965782E-04  -2.094751E-02
           124      G     -1.312500E-02  -2.342375E-03  -7.552122E-01   2.336388E+01   3.114794E+01  -2.277974E-01
           125      G     -3.325881E-02   1.156261E-07  -3.112644E-02   2.729423E-05   7.780755E+00   9.115536E-07
           126      G     -3.952382E-02  -2.326538E-09  -1.371751E+00  -7.097768E-05   5.039911E+01  -1.513572E-06
           127      G     -9.572311E-03   4.093311E-03   1.364501E+00   4.440362E+01  -1.845209E+00   1.707727E-01
           128      G     -1.000612E-02  -3.399891E-03   7.741930E-01   2.410598E+01  -2.475512E+01  -6.597440E-02
           129      G     -4.582474E-03  -5.392882E-07   2.046539E-05   4.359177E-04  -1.609679E+01  -2.531457E-01
           130      G      1.119362E-05  -4.704358E-04   4.196578E-04   7.473481E-04  -1.912469E-04  -2.651728E-02
           131      G      1.119362E-05   2.372441E-04   4.145539E-04   7.473481E-04  -1.912469E-04  -2.651728E-02
           132      G     -2.816774E-03  -1.129980E-06   2.951579E-06  -7.156625E-05   1.574723E+00   1.063240E-01
           133      G      4.347440E-05  -1.799359E-05   4.699628E-04   1.083045E-03   1.963779E-04   2.126085E-02
1                                                       **STUDENT EDITION*    APRIL  18, 2026  MSC Nastran  3/ 3/26   PAGE    83
     DEFAULT                                                                                                                        
0                                                                                                            SUBCASE 1              
      EIGENVALUE =  6.774501E+06
          CYCLES =  4.142464E+02         R E A L   E I G E N V E C T O R   N O .          8
 
      POINT ID.   TYPE          T1             T2             T3             R1             R2             R3
           134      G     -2.443266E-02   3.759690E-03   1.958129E-02  -1.208129E+00   5.410319E+00  -7.437176E-01
           135      G      4.347440E-05  -6.119685E-04   4.754491E-04   1.083045E-03   1.963779E-04   2.126085E-02
           136      G     -1.313128E-02  -2.349029E-03   7.552007E-01   2.336263E+01   3.114682E+01   2.277184E-01
           137      G     -9.569307E-03  -4.095659E-03  -1.364497E+00  -4.440411E+01  -1.846313E+00   1.708384E-01
           138      G     -1.000477E-02   3.398413E-03  -7.741660E-01  -2.410563E+01  -2.475550E+01  -6.596399E-02
           139      G      1.139421E-05   4.701209E-04  -4.191552E-04  -7.459552E-04  -1.918641E-04  -2.653994E-02
           140      G      1.139421E-05  -2.381637E-04  -4.140348E-04  -7.459552E-04  -1.918641E-04  -2.653994E-02
           141      G      4.551254E-05   2.156673E-05  -4.701119E-04  -1.087478E-03   1.962464E-04   2.095355E-02
           142      G     -2.442710E-02  -3.768305E-03  -1.957750E-02   1.207798E+00   5.409904E+00  -7.439918E-01
           143      G      4.551254E-05   6.069566E-04  -4.755946E-04  -1.087478E-03   1.962464E-04   2.095355E-02
           144      G     -1.312564E-02   2.342294E-03  -7.552091E-01  -2.336389E+01   3.114788E+01   2.277947E-01
           200      G      5.754131E-05   6.274676E-05   4.722307E-04  -1.102044E-03   1.968837E-04  -2.015952E-02
           201      G      5.754131E-05   6.259535E-04   4.777311E-04  -1.102044E-03   1.968837E-04  -2.015952E-02
           202      G      6.447754E-06   4.917252E-04   4.191550E-04  -7.453523E-04  -1.889598E-04   2.647768E-02
           203      G      6.447754E-06  -2.148979E-04   4.141121E-04  -7.453523E-04  -1.889598E-04   2.647768E-02
           204      G      1.313124E-04   4.940485E-06   8.485058E-07   6.097118E-04  -3.578584E-03   1.122769E-02
           205      G     -5.996552E-04   8.644874E-04   1.520444E-02  -2.722011E-01   2.900538E-01  -9.195379E-02
           206      G     -2.259391E-04   2.073180E-06   2.140279E-02  -1.108903E-02   3.380538E-01   2.740725E-02
           207      G      5.190953E-05  -5.597088E-05  -4.699862E-04   1.087669E-03   1.965782E-04  -2.094751E-02
           208      G      5.190953E-05  -6.411919E-04  -4.754781E-04   1.087669E-03   1.965782E-04  -2.094751E-02
           209      G      5.766381E-06  -4.941235E-04  -4.191837E-04   7.469205E-04  -1.912393E-04   2.655338E-02
           210      G      5.766381E-06   2.145199E-04  -4.140800E-04   7.469205E-04  -1.912393E-04   2.655338E-02
           211      G     -5.027242E-04  -1.036315E-03  -1.529705E-02   2.364703E-01   2.770687E-01  -7.869511E-02
           212      G     -2.137574E-04  -8.975053E-08  -2.142024E-02  -2.280319E-04   3.254413E-01  -3.986508E-05
           213      G      4.966030E-05  -5.210953E-05   4.699628E-04   1.083045E-03   1.963779E-04   2.126085E-02
           214      G      4.966030E-05  -6.460845E-04   4.754491E-04   1.083045E-03   1.963779E-04   2.126085E-02
           215      G      5.169339E-06  -4.939773E-04   4.196578E-04   7.473481E-04  -1.912469E-04  -2.651728E-02
           216      G      5.169339E-06   2.137027E-04   4.145539E-04   7.473481E-04  -1.912469E-04  -2.651728E-02
           217      G      1.307395E-04  -9.070395E-06   2.807960E-06  -1.089971E-03  -3.451287E-03  -1.130114E-02
           218      G     -5.907365E-04  -9.974380E-04   1.530572E-02   2.389878E-01   2.895876E-01   7.563091E-02
           219      G      5.169430E-05   5.582229E-05  -4.701119E-04  -1.087478E-03   1.962464E-04   2.095355E-02
           220      G      5.169430E-05   6.412122E-04  -4.755946E-04  -1.087478E-03   1.962464E-04   2.095355E-02
           221      G      5.350491E-06   4.936185E-04  -4.191552E-04  -7.459552E-04  -1.918641E-04  -2.653994E-02
           222      G      5.350491E-06  -2.146661E-04  -4.140348E-04  -7.459552E-04  -1.918641E-04  -2.653994E-02
           223      G     -5.034958E-04   1.036162E-03  -1.529749E-02  -2.367489E-01   2.773862E-01   7.865242E-02
           224      G      3.522126E-04  -1.440000E-04   8.182186E-02  -2.575937E+00  -1.873251E-01   5.198845E-03
           225      G      5.366454E-04  -8.011756E-06   1.495236E-01  -1.289875E-03   1.217154E-01   4.290567E-04
           226      G      3.270489E-04   2.150387E-04   4.664251E-02  -1.405205E+00  -1.461766E+00   1.158517E-02
           227      G      2.214875E-03  -5.586578E-06   8.045246E-02  -1.865293E-03  -3.082042E+00  -2.170397E-04
           228      G      5.075936E-04  -6.084358E-06   1.146191E-03  -3.051763E-02  -9.944394E-01   2.691112E-02
           229      G      1.885989E-03  -2.256134E-06   1.946110E-03  -2.384471E-04  -1.912959E-01  -3.445715E-05
           230      G      2.832411E-05   2.750705E-04   5.261555E-02  -1.534505E+00   1.540185E+00   4.992963E-03
           231      G     -6.338740E-04  -3.471284E-05   9.005119E-02  -2.794499E-05   2.543892E+00  -5.817778E-03
           232      G      4.075483E-04   1.637460E-04  -8.150083E-02   2.578518E+00  -1.857748E-01   6.468879E-03
           233      G      6.271722E-04  -6.004189E-07  -1.495437E-01   3.721819E-05   1.022091E-01  -1.863325E-05
           234      G      3.507822E-04  -2.053159E-04  -4.528604E-02   1.372347E+00  -1.511018E+00   1.166853E-02
           235      G      2.279762E-03  -1.212287E-06  -7.833424E-02  -7.381512E-05  -3.160148E+00  -2.555601E-05
           236      G      3.620537E-05  -2.939545E-04  -5.250412E-02   1.521649E+00   1.601464E+00   8.878791E-03
           237      G     -2.670903E-04  -2.245551E-07  -9.028861E-02  -1.333070E-05   2.777233E+00  -6.884609E-06
           238      G      3.474420E-04   1.234653E-04   8.180784E-02   2.562551E+00  -1.824266E-01  -5.415971E-03
1                                                       **STUDENT EDITION*    APRIL  18, 2026  MSC Nastran  3/ 3/26   PAGE    84
     DEFAULT                                                                                                                        
0                                                                                                            SUBCASE 1              
      EIGENVALUE =  6.774501E+06
          CYCLES =  4.142464E+02         R E A L   E I G E N V E C T O R   N O .          8
 
      POINT ID.   TYPE          T1             T2             T3             R1             R2             R3
           239      G      3.228254E-04  -2.221604E-04   4.666264E-02   1.398549E+00  -1.463634E+00  -1.173807E-02
           240      G      5.044313E-04   1.075431E-06   1.137827E-03   2.728636E-02  -9.945513E-01  -2.689198E-02
           241      G      3.076183E-05  -2.896536E-04   5.258239E-02   1.507769E+00   1.534457E+00  -6.044875E-03
           242      G      4.062724E-04  -1.648292E-04  -8.150693E-02  -2.579652E+00  -1.858357E-01  -6.473018E-03
           243      G      3.489297E-04   2.029420E-04  -4.529293E-02  -1.374466E+00  -1.510821E+00  -1.170773E-02
           244      G      3.528333E-05   2.935311E-04  -5.250956E-02  -1.522364E+00   1.601539E+00  -8.888370E-03
           300      G     -4.859414E-04   1.118457E-04   5.744083E-04   9.588143E-03  -1.183568E-02   1.198862E-02
           301      G     -5.257962E-04   1.102581E-04   2.578343E-04   1.640650E-02  -1.533670E-02   3.282799E-03
           302      G     -5.574794E-04   4.406686E-07   7.380276E-07  -1.613922E-03  -1.697919E-02   6.089469E-05
           303      G     -7.228831E-04   9.855804E-04   3.120289E-03  -6.911773E-02  -8.862137E-02  -2.555770E-02
           304      G     -4.790118E-04   4.180532E-04   1.176182E-03   5.080168E-03  -2.997503E-02   3.217475E-02
           305      G      2.240803E-04   9.469155E-04   1.305961E-02  -2.129556E-01  -1.092937E-01  -6.325064E-02
           306      G      4.625405E-04   5.455281E-05   1.767467E-02  -1.283352E-02  -1.562196E-01   3.363182E-02
           307      G     -4.743730E-04  -1.246006E-04  -5.760986E-04  -1.576739E-02  -1.246719E-02   1.510604E-02
           308      G     -5.199893E-04  -1.245309E-04  -2.570210E-04  -2.262512E-02  -1.969988E-02   4.812713E-03
           309      G     -7.805301E-04  -1.160163E-03  -3.134175E-03   4.564757E-02  -8.756405E-02  -3.329851E-02
           310      G     -4.854117E-04  -4.614768E-04  -1.183531E-03  -1.962331E-02  -2.455122E-02   3.622238E-02
           311      G      2.813436E-04  -1.041904E-03  -1.311851E-02   2.049754E-01  -1.166251E-01  -6.921993E-02
           312      G      4.884653E-04  -4.112424E-07  -1.767366E-02   9.597961E-05  -1.599389E-01  -1.648544E-05
           313      G     -4.720897E-04  -1.234203E-04   5.747522E-04  -1.767003E-02  -1.234080E-02  -1.489416E-02
           314      G     -5.209220E-04  -1.317194E-04   2.586012E-04  -2.473718E-02  -1.896956E-02  -4.697309E-03
           315      G     -5.618216E-04  -6.955741E-06   1.429241E-07  -2.660307E-03  -1.855018E-02  -8.261194E-04
           316      G     -7.757571E-04  -1.131153E-03   3.130316E-03   4.546290E-02  -8.669045E-02   3.426698E-02
           317      G     -4.809105E-04  -4.435431E-04   1.183123E-03  -1.972447E-02  -2.453001E-02  -3.595732E-02
           318      G      2.926347E-04  -1.004441E-03   1.311546E-02   2.093776E-01  -1.168596E-01   7.314917E-02
           319      G     -4.771048E-04   1.218799E-04  -5.770485E-04   1.365550E-02  -1.251236E-02  -1.524341E-02
           320      G     -5.234076E-04   1.197364E-04  -2.567102E-04   1.915107E-02  -1.919539E-02  -4.927589E-03
           321      G     -7.820292E-04   1.160900E-03  -3.135050E-03  -4.658545E-02  -8.679225E-02   3.324733E-02
           322      G     -4.874744E-04   4.602335E-04  -1.183891E-03   1.738203E-02  -2.446712E-02  -3.636384E-02
           323      G      2.817361E-04   1.041445E-03  -1.311895E-02  -2.053345E-01  -1.157911E-01   6.911852E-02
           324      G      6.956584E-05   1.218338E-04  -1.568128E-02   4.220588E-01  -1.061868E-01   9.873578E-03
           325      G      3.810709E-04  -1.396876E-05  -2.218851E-02  -5.280448E-03  -1.209256E-01   5.527802E-04
           326      G      6.720554E-05   6.540112E-06  -1.149671E-02   2.756063E-01   3.110372E-01   4.461810E-03
           327      G      3.437889E-05  -1.162674E-05  -1.421381E-02  -1.161041E-02   4.863885E-01  -2.369230E-04
           328      G      2.243619E-05  -5.783687E-06  -3.870329E-04  -2.599036E-03   2.685181E-01   1.016487E-02
           329      G      1.289821E-04  -8.267822E-06  -1.617244E-05  -3.261106E-03  -4.696167E-02   5.776386E-05
           330      G      8.136447E-05   2.282171E-04  -1.980157E-03   8.066449E-02  -6.927061E-01   1.440435E-02
           331      G      7.251056E-04  -2.675919E-05  -2.998512E-03   3.608721E-03  -8.101720E-01  -5.801814E-03
           332      G      9.306779E-05  -1.404772E-04   1.518923E-02  -4.314504E-01  -9.202639E-02   9.362785E-03
           333      G      4.008212E-04  -2.965096E-06   2.230595E-02  -1.393215E-03  -1.234881E-01   4.664976E-05
           334      G      7.953593E-05  -1.803793E-05   1.072277E-02  -2.759154E-01   3.120598E-01   4.542044E-03
           335      G      4.257778E-05  -5.318397E-06   1.425751E-02  -6.786990E-03   4.895191E-01  -1.166390E-04
           336      G      1.270183E-04  -2.567339E-04   1.858198E-03  -9.494470E-02  -6.805371E-01   1.528978E-02
           337      G      7.533928E-04  -1.138789E-06   3.072404E-03   3.404247E-05  -8.143533E-01  -3.465670E-05
           338      G      8.970351E-05  -1.466583E-04  -1.529433E-02  -4.281239E-01  -8.794662E-02  -9.198987E-03
           339      G      7.812282E-05  -2.605524E-05  -1.087343E-02  -2.718034E-01   3.074071E-01  -4.540814E-03
           340      G      2.914145E-05  -7.573212E-06   1.492584E-04  -9.466057E-04   2.674216E-01  -1.010385E-02
           341      G      1.318981E-04  -2.454684E-04  -1.981356E-03  -9.693596E-02  -6.843593E-01  -1.470804E-02
           342      G      9.326639E-05   1.361113E-04   1.556576E-02   4.297734E-01  -1.004483E-01  -9.415738E-03
           343      G      8.152858E-05   1.020075E-05   1.127561E-02   2.779270E-01   3.105372E-01  -4.646200E-03
1                                                       **STUDENT EDITION*    APRIL  18, 2026  MSC Nastran  3/ 3/26   PAGE    85
     DEFAULT                                                                                                                        
0                                                                                                            SUBCASE 1              
      EIGENVALUE =  6.774501E+06
          CYCLES =  4.142464E+02         R E A L   E I G E N V E C T O R   N O .          8
 
      POINT ID.   TYPE          T1             T2             T3             R1             R2             R3
           344      G      1.269174E-04   2.547794E-04   2.007341E-03   9.374874E-02  -6.896323E-01  -1.533677E-02
           400      G     -1.632074E-03   3.107574E-04   6.366745E-04   6.336875E-02  -7.163326E-02   1.333366E-02
           401      G     -1.644551E-03   8.741862E-04   1.375703E-04   1.549787E-01  -6.206561E-02   6.980324E-04
           402      G     -1.569156E-03  -6.571065E-06   2.453450E-07   2.177880E-04  -5.862606E-02   3.951266E-02
           403      G     -2.096294E-03   9.793936E-04   4.347358E-03  -3.103519E-03  -1.653634E-01  -3.790098E-02
           404      G     -1.735690E-03   5.757547E-04   1.817315E-03   1.830471E-01   7.220845E-02   3.251532E-03
           405      G     -4.100939E-04   9.184391E-04   1.189938E-02  -2.210545E-01  -3.613084E-01  -4.691085E-02
           406      G      3.523999E-05  -1.280165E-05   1.551114E-02   3.608457E-04  -4.755590E-01   2.345168E-03
           407      G     -1.636142E-03  -3.258890E-04  -6.450469E-04  -6.305156E-02  -7.201034E-02   1.368634E-02
           408      G     -1.645655E-03  -8.871337E-04  -1.369652E-04  -1.544341E-01  -6.219702E-02   1.025381E-03
           409      G     -2.105603E-03  -1.011384E-03  -4.374595E-03   3.774380E-03  -1.660482E-01  -3.930525E-02
           410      G     -1.743903E-03  -5.953025E-04  -1.836588E-03  -1.825368E-01   7.199925E-02   2.888244E-03
           411      G     -4.055495E-04  -9.460561E-04  -1.191976E-02   2.202317E-01  -3.621836E-01  -4.997766E-02
           412      G      3.863148E-05  -7.669240E-07  -1.550852E-02   1.704205E-05  -4.759686E-01  -4.925234E-05
           413      G     -1.639103E-03  -3.309175E-04   6.446639E-04  -6.268115E-02  -7.207765E-02  -1.361139E-02
           414      G     -1.650054E-03  -8.909971E-04   1.366752E-04  -1.543870E-01  -6.224293E-02  -1.031388E-03
           415      G     -1.574530E-03  -7.849749E-06   1.204474E-06   8.125980E-05  -5.860043E-02  -3.969449E-02
           416      G     -2.105367E-03  -1.004731E-03   4.368544E-03   4.636599E-03  -1.658470E-01   3.929870E-02
           417      G     -1.745259E-03  -5.969237E-04   1.833993E-03  -1.819365E-01   7.201115E-02  -2.703949E-03
           418      G     -4.101170E-04  -9.424990E-04   1.191613E-02   2.202817E-01  -3.624036E-01   5.041901E-02
           419      G     -1.642087E-03   3.177980E-04  -6.445259E-04   6.316144E-02  -7.207614E-02  -1.376902E-02
           420      G     -1.651592E-03   8.759470E-04  -1.370451E-04   1.546650E-01  -6.229144E-02  -1.090704E-03
           421      G     -2.111577E-03   1.009910E-03  -4.375752E-03  -3.453107E-03  -1.663469E-01   3.922040E-02
           422      G     -1.749753E-03   5.905852E-04  -1.836958E-03   1.829226E-01   7.195202E-02  -2.990876E-03
           423      G     -4.086531E-04   9.446355E-04  -1.191953E-02  -2.202687E-01  -3.625168E-01   4.989076E-02
           424      G     -1.048943E-03   4.395455E-04  -6.033016E-02   2.029080E+00   1.140524E-03   9.257860E-03
           425      G     -6.313252E-04  -9.882863E-06  -1.143284E-01   3.729843E-04  -3.204653E-01   2.603094E-05
           426      G     -9.044946E-04  -1.667113E-05  -3.530427E-02   1.032363E+00   1.030448E+00   1.287258E-03
           427      G     -2.140473E-03  -8.457922E-06  -6.093683E-02   1.751572E-04   2.425434E+00  -7.742488E-05
           428      G     -1.032866E-03  -6.554981E-06  -3.042478E-06   2.036307E-04   7.687295E-01  -1.658511E-02
           429      G     -1.855460E-03  -7.044871E-06  -3.462762E-06   1.793562E-04  -4.587076E-02  -4.759231E-05
           430      G     -9.207657E-04   1.769188E-04  -2.777987E-02   8.715622E-01  -1.639271E+00   1.738416E-02
           431      G      5.107560E-04  -1.170218E-05  -5.205609E-02   1.168047E-03  -2.575820E+00  -6.147495E-04
           432      G     -1.046971E-03  -4.535304E-04   6.032452E-02  -2.029014E+00   1.173920E-03   9.319348E-03
           433      G     -6.279420E-04  -4.095941E-06   1.143287E-01   4.042632E-05  -3.208405E-01  -5.273154E-05
           434      G     -9.037413E-04   3.647764E-06   3.529899E-02  -1.032157E+00   1.030343E+00   1.311449E-03
           435      G     -2.138835E-03  -5.575468E-06   6.093595E-02   1.229160E-04   2.425581E+00  -6.112445E-05
           436      G     -9.170697E-04  -1.945159E-04   2.777286E-02  -8.723612E-01  -1.639743E+00   1.758098E-02
           437      G      5.153767E-04  -2.411724E-06   5.205702E-02   1.969824E-05  -2.576296E+00  -6.389208E-05
           438      G     -1.051841E-03  -4.590078E-04  -6.032906E-02  -2.029101E+00   1.525913E-03  -9.333272E-03
           439      G     -9.075978E-04  -1.687234E-07  -3.530300E-02  -1.032175E+00   1.030158E+00  -1.368259E-03
           440      G     -1.035869E-03  -7.685725E-06  -4.174828E-06  -7.836919E-05   7.687418E-01   1.655691E-02
           441      G     -9.224524E-04  -1.992802E-04  -2.778343E-02  -8.727904E-01  -1.639544E+00  -1.748110E-02
           442      G     -1.049846E-03   4.454568E-04   6.032418E-02   2.029134E+00   1.206090E-03  -9.379262E-03
           443      G     -9.065562E-04  -1.490842E-05   3.529774E-02   1.032254E+00   1.030323E+00  -1.403838E-03
           444      G     -9.200652E-04   1.897036E-04   2.777487E-02   8.723187E-01  -1.639649E+00  -1.767463E-02
           445      G     -3.693868E-03   2.681036E-03   4.641264E-03  -1.207135E-01  -6.848794E-02  -6.842213E-02
           446      G     -3.386755E-03   8.820715E-04   2.241699E-03  -1.076806E-01  -8.148387E-02   1.907694E-02
           447      G     -3.029400E-03   2.693069E-04   8.033838E-04  -5.328495E-02  -2.722971E-02   2.483455E-02
           448      G     -2.755812E-03   3.486720E-05   2.420886E-04  -5.167589E-02  -7.418314E-03   3.261941E-02
1                                                       **STUDENT EDITION*    APRIL  18, 2026  MSC Nastran  3/ 3/26   PAGE    86
     DEFAULT                                                                                                                        
0                                                                                                            SUBCASE 1              
      EIGENVALUE =  6.774501E+06
          CYCLES =  4.142464E+02         R E A L   E I G E N V E C T O R   N O .          8
 
      POINT ID.   TYPE          T1             T2             T3             R1             R2             R3
           449      G     -2.684029E-03  -3.720882E-06   3.306096E-07   5.254811E-05   1.263219E-03   2.528643E-02
           450      G     -2.509155E-03   1.989787E-03   1.157810E-02  -1.593968E-01  -1.795467E-01  -1.058910E-01
           451      G     -2.267436E-03  -8.426826E-06   1.476976E-02  -3.097768E-04  -2.503321E-01   6.989793E-05
           452      G     -3.703606E-03  -2.695827E-03  -4.668938E-03   1.199937E-01  -6.862385E-02  -6.887225E-02
           453      G     -3.395327E-03  -8.921010E-04  -2.261282E-03   1.073770E-01  -8.195545E-02   1.900084E-02
           454      G     -3.036434E-03  -2.779190E-04  -8.128691E-04   5.342959E-02  -2.755404E-02   2.465445E-02
           455      G     -2.759557E-03  -4.263037E-05  -2.447392E-04   5.178282E-02  -7.637576E-03   3.257281E-02
           456      G     -2.511865E-03  -2.001535E-03  -1.159444E-02   1.590996E-01  -1.803651E-01  -1.061085E-01
           457      G     -2.268084E-03  -5.642374E-07  -1.476717E-02  -1.037402E-05  -2.507513E-01  -4.455415E-05
           458      G     -3.706449E-03  -2.700482E-03   4.662435E-03   1.200579E-01  -6.860591E-02   6.869028E-02
           459      G     -3.398609E-03  -8.972172E-04   2.257749E-03   1.073167E-01  -8.179598E-02  -1.914906E-02
           460      G     -3.041102E-03  -2.817396E-04   8.113325E-04   5.319566E-02  -2.749688E-02  -2.476544E-02
           461      G     -2.765801E-03  -4.482201E-05   2.445088E-04   5.148796E-02  -7.565027E-03  -3.271447E-02
           462      G     -2.692416E-03  -4.090898E-06   2.102187E-07  -2.778834E-04   1.236968E-03  -2.546080E-02
           463      G     -2.514610E-03  -2.008176E-03   1.159403E-02   1.593064E-01  -1.797943E-01   1.061449E-01
           464      G     -3.710637E-03   2.694320E-03  -4.670034E-03  -1.200829E-01  -6.860904E-02   6.877189E-02
           465      G     -3.402494E-03   8.892589E-04  -2.261634E-03  -1.075141E-01  -8.198537E-02  -1.906525E-02
           466      G     -3.043684E-03   2.734974E-04  -8.127470E-04  -5.355066E-02  -2.756393E-02  -2.475639E-02
           467      G     -2.767188E-03   3.659602E-05  -2.444464E-04  -5.194774E-02  -7.617523E-03  -3.269624E-02
           468      G     -2.515672E-03   2.000193E-03  -1.159454E-02  -1.590554E-01  -1.803571E-01   1.060054E-01
           469      G     -2.872432E-03   1.955374E-03   7.920770E-03  -1.750568E-01  -1.197373E-01   7.192022E-02
           470      G     -2.770095E-03   8.874164E-04   6.430615E-03  -2.600131E-01  -5.476723E-02   2.307839E-02
           471      G     -2.671175E-03   1.912525E-04   4.889872E-03  -2.388449E-01  -5.842856E-02   1.556363E-02
           472      G     -2.614507E-03   2.419382E-05   2.994009E-03  -1.555492E-01  -7.918978E-02   3.081130E-03
           473      G     -2.593197E-03  -3.466443E-06  -2.621350E-06   9.879723E-05  -1.059949E-01   4.485083E-03
           474      G     -2.334214E-03   5.484442E-04   1.127200E-02  -1.581877E-01   2.634908E-02   3.789296E-02
           475      G     -2.323253E-03   1.730270E-04   1.101896E-02  -2.649813E-01  -7.113941E-02   9.658546E-03
           476      G     -2.368167E-03   1.331714E-05   7.056320E-03  -1.708616E-01  -2.066973E-01   7.933975E-03
           477      G     -2.385707E-03  -3.489339E-06  -7.274368E-06   2.044966E-04  -2.586754E-01   8.419888E-03
           478      G     -2.331372E-03   7.925834E-04   1.405597E-02  -8.231063E-02  -2.009984E-01   2.791479E-02
           479      G     -2.046623E-03   3.717790E-04   1.462322E-02  -1.439968E-01   8.213634E-02   6.000890E-03
           480      G     -2.110305E-03   7.264112E-05   1.551380E-02  -1.408393E-01  -7.250845E-02   7.449241E-03
           481      G     -2.186101E-03   1.090146E-05   1.024185E-02  -1.106410E-01  -2.919766E-01   3.696550E-03
           482      G     -2.000339E-03  -7.398458E-06   1.577138E-02  -1.875396E-04   1.028999E-01  -6.592052E-05
           483      G     -2.019476E-03  -6.084333E-06   1.697374E-02  -3.461022E-05  -6.843597E-02  -4.958477E-05
           484      G     -2.131344E-03  -4.863080E-06   1.144413E-02   4.763608E-05  -3.102008E-01  -4.938661E-05
           485      G     -2.226742E-03  -3.634583E-06  -1.264030E-05   2.137518E-04  -3.906960E-01   3.597280E-03
           486      G     -2.170001E-03  -3.821771E-06  -1.647794E-05   9.963842E-05  -4.487859E-01  -4.591519E-05
           487      G     -2.877688E-03  -1.967662E-03  -7.940581E-03   1.749875E-01  -1.201787E-01   7.215903E-02
           488      G     -2.774612E-03  -8.974718E-04  -6.445304E-03   2.598709E-01  -5.493840E-02   2.319774E-02
           489      G     -2.674585E-03  -1.993544E-04  -4.901558E-03   2.388004E-01  -5.863168E-02   1.569107E-02
           490      G     -2.616399E-03  -3.139481E-05  -3.001611E-03   1.556972E-01  -7.936677E-02   3.135710E-03
           491      G     -2.336258E-03  -5.578308E-04  -1.128139E-02   1.578427E-01   2.633646E-02   3.799953E-02
           492      G     -2.324732E-03  -1.811049E-04  -1.103149E-02   2.650016E-01  -7.109446E-02   9.702858E-03
           493      G     -2.368975E-03  -2.053833E-05  -7.070772E-03   1.711443E-01  -2.066957E-01   7.962000E-03
           494      G     -2.332676E-03  -8.023863E-04  -1.406303E-02   8.176586E-02  -2.015922E-01   2.797931E-02
           495      G     -2.047390E-03  -3.809488E-04  -1.462747E-02   1.438100E-01   8.225301E-02   6.028207E-03
           496      G     -2.110829E-03  -8.073805E-05  -1.552737E-02   1.408445E-01  -7.219340E-02   7.481155E-03
           497      G     -2.186373E-03  -1.838692E-05  -1.026397E-02   1.109388E-01  -2.917656E-01   3.711264E-03
           498      G     -2.000642E-03  -1.368047E-06  -1.577134E-02   7.117599E-06   1.031844E-01  -3.413795E-05
1                                                       **STUDENT EDITION*    APRIL  18, 2026  MSC Nastran  3/ 3/26   PAGE    87
     DEFAULT                                                                                                                        
0                                                                                                            SUBCASE 1              
      EIGENVALUE =  6.774501E+06
          CYCLES =  4.142464E+02         R E A L   E I G E N V E C T O R   N O .          8
 
      POINT ID.   TYPE          T1             T2             T3             R1             R2             R3
           499      G     -2.019592E-03  -2.148328E-06  -1.698788E-02   5.470004E-05  -6.794464E-02  -3.574362E-05
           500      G     -2.131404E-03  -2.930254E-06  -1.147157E-02   8.855072E-05  -3.098206E-01  -3.960664E-05
           501      G     -2.880917E-03  -1.973453E-03   7.936278E-03   1.750764E-01  -1.199020E-01  -7.214797E-02
           502      G     -2.778440E-03  -9.027083E-04   6.442745E-03   2.599830E-01  -5.497045E-02  -2.319862E-02
           503      G     -2.678994E-03  -2.034216E-04   4.895527E-03   2.386811E-01  -5.867709E-02  -1.572248E-02
           504      G     -2.621807E-03  -3.385793E-05   2.993112E-03   1.553769E-01  -7.939944E-02  -3.185206E-03
           505      G     -2.599864E-03  -4.172598E-06  -6.825120E-06  -2.627631E-04  -1.060289E-01  -4.553135E-03
           506      G     -2.339300E-03  -5.633020E-04   1.128236E-02   1.579584E-01   2.615624E-02  -3.806026E-02
           507      G     -2.328161E-03  -1.851913E-04   1.102256E-02   2.648891E-01  -7.140128E-02  -9.762048E-03
           508      G     -2.372846E-03  -2.298595E-05   7.053595E-03   1.708180E-01  -2.068800E-01  -8.035816E-03
           509      G     -2.390124E-03  -4.125588E-06  -1.310849E-05  -2.312526E-04  -2.587185E-01  -8.516409E-03
           510      G     -2.333947E-03  -8.095099E-04   1.406667E-02   8.190881E-02  -2.011261E-01  -2.806671E-02
           511      G     -2.049014E-03  -3.867045E-04   1.462954E-02   1.437919E-01   8.198143E-02  -6.092018E-03
           512      G     -2.112695E-03  -8.476497E-05   1.551560E-02   1.407286E-01  -7.266736E-02  -7.559407E-03
           513      G     -2.188419E-03  -2.062112E-05   1.023978E-02   1.107093E-01  -2.920917E-01  -3.795760E-03
           514      G     -2.228958E-03  -3.995434E-06  -1.674727E-05  -7.381042E-05  -3.907265E-01  -3.687298E-03
           515      G     -2.883215E-03   1.966374E-03  -7.941912E-03  -1.749470E-01  -1.201673E-01  -7.220624E-02
           516      G     -2.780201E-03   8.946227E-04  -6.446864E-03  -2.598652E-01  -5.490741E-02  -2.326627E-02
           517      G     -2.680367E-03   1.949891E-04  -4.903901E-03  -2.388895E-01  -5.858568E-02  -1.575247E-02
           518      G     -2.622512E-03   2.546905E-05  -3.005061E-03  -1.558467E-01  -7.930183E-02  -3.200736E-03
           519      G     -2.340085E-03   5.550673E-04  -1.128259E-02  -1.578388E-01   2.641250E-02  -3.806624E-02
           520      G     -2.328678E-03   1.767810E-04  -1.103477E-02  -2.650043E-01  -7.100417E-02  -9.777851E-03
           521      G     -2.373130E-03   1.467418E-05  -7.075968E-03  -1.711652E-01  -2.066318E-01  -8.041564E-03
           522      G     -2.334605E-03   8.012762E-04  -1.406275E-02  -8.177108E-02  -2.015852E-01  -2.804652E-02
           523      G     -2.049362E-03   3.781794E-04  -1.462812E-02  -1.437752E-01   8.230709E-02  -6.108241E-03
           524      G     -2.112848E-03   7.644503E-05  -1.552966E-02  -1.407745E-01  -7.212530E-02  -7.560114E-03
           525      G     -2.188480E-03   1.252598E-05  -1.026769E-02  -1.108168E-01  -2.917237E-01  -3.795426E-03
          1000      G      1.425573E-02  -3.898181E-07   1.388515E-06  -2.978556E-05   1.575473E+00   2.217565E+00
          1001      G      1.456141E-02  -3.309486E-04   6.194543E-04  -5.486617E-03   1.109727E-03   7.227486E+00
          1002      G      1.312079E-02   8.493837E-05   6.021521E-04  -8.346590E-04   1.853699E-04   6.511111E+00
          1003      G      1.484980E-02  -2.440452E-07   1.256377E-05  -7.526276E-04  -3.318746E+01  -1.445574E-01
          1004      G      1.310306E-02  -2.386403E-03   8.707467E-01  -3.140714E+01  -2.559812E+01  -6.881683E-02
          1005      G      1.386633E-02  -3.207358E-03   1.351415E+00  -5.623258E+01  -3.819040E+00  -1.033790E-03
          1006      G     -2.070687E-03  -2.693414E-07   3.376431E-05  -3.024386E-05  -2.036082E+00  -5.260321E-05
          1007      G      8.221930E-03  -1.387819E-06   1.445299E+00   2.099473E-05  -8.476139E+01  -3.350470E-05
          1008      G      1.554262E-02  -1.505178E-06   2.564320E+00  -1.675446E-04   3.651396E+00  -4.452838E-05
          1009      G      1.029314E-02  -4.395059E-03   6.282753E-04  -4.083760E-03  -2.009570E-03   5.111119E+00
          1010      G      6.100151E-03  -5.316149E-03   2.760690E-04  -8.460812E-04   2.280018E-04   2.868257E+00
          1011      G      1.592200E-02  -4.054141E-03   7.885838E-01  -2.985826E+01   4.055177E+01   1.017704E-01
          1012      G      1.916174E-02   7.303337E-06   4.140546E-02   1.211361E+00   5.412124E+00  -7.545923E+00
          1013      G      2.186661E-02  -3.596192E-06   1.429805E+00  -1.941747E-03   7.646824E+01  -8.252006E-05
          1014      G      2.882391E-02  -5.359304E-06   6.258476E-02  -3.521429E-03   7.783305E+00  -3.262425E-03
          1015      G      1.456027E-02   3.304806E-04  -6.194219E-04   5.488532E-03   1.107449E-03   7.227154E+00
          1016      G      1.311917E-02  -8.733540E-05  -6.021887E-04   8.364745E-04   1.831258E-04   6.510541E+00
          1017      G      1.310293E-02   2.385491E-03  -8.707371E-01   3.140626E+01  -2.559892E+01  -6.878243E-02
          1018      G      1.386592E-02   3.204007E-03  -1.351434E+00   5.623258E+01  -3.820257E+00  -1.019792E-03
          1019      G      8.222026E-03   2.047021E-07  -1.445264E+00  -8.786481E-05  -8.476365E+01  -2.646250E-05
          1020      G      1.554245E-02   6.542620E-07  -2.564323E+00  -9.207760E-05   3.651415E+00  -2.267181E-05
          1021      G      1.029256E-02   4.382959E-03  -6.259691E-04   4.066557E-03  -2.011243E-03   5.114612E+00
          1022      G      6.095427E-03   5.322496E-03  -2.737770E-04   8.337183E-04   2.297296E-04   2.869246E+00
1                                                       **STUDENT EDITION*    APRIL  18, 2026  MSC Nastran  3/ 3/26   PAGE    88
     DEFAULT                                                                                                                        
0                                                                                                            SUBCASE 1              
      EIGENVALUE =  6.774501E+06
          CYCLES =  4.142464E+02         R E A L   E I G E N V E C T O R   N O .          8
 
      POINT ID.   TYPE          T1             T2             T3             R1             R2             R3
          1023      G      1.591869E-02   4.052683E-03  -7.886397E-01   2.985989E+01   4.055027E+01   1.018015E-01
          1024      G      1.915795E-02  -1.301507E-05  -4.148385E-02  -1.208526E+00   5.412165E+00  -7.538408E+00
          1025      G      2.186740E-02   1.130526E-06  -1.429841E+00  -7.516073E-05   7.646613E+01  -2.174034E-05
          1026      G      2.882556E-02   1.622640E-06  -6.264158E-02   2.729811E-05   7.783917E+00   8.617422E-04
          1027      G      1.425049E-02  -5.407437E-07   2.663881E-06  -7.158289E-05   1.575417E+00  -2.215837E+00
          1028      G      1.455487E-02   3.296263E-04   6.199070E-04   5.489290E-03   1.107388E-03  -7.224793E+00
          1029      G      1.311350E-02  -8.742530E-05   6.026659E-04   8.379010E-04   1.830350E-04  -6.508047E+00
          1030      G      1.484638E-02  -4.065286E-07   2.180625E-05   6.021977E-04  -3.318754E+01   1.445094E-01
          1031      G      1.309941E-02   2.384781E-03   8.707575E-01   3.140679E+01  -2.559816E+01   6.872469E-02
          1032      G      1.386227E-02   3.201147E-03   1.351435E+00   5.623222E+01  -3.819773E+00   9.572668E-04
          1033      G      1.028684E-02   4.376490E-03   6.259189E-04   4.061090E-03  -2.011890E-03  -5.113245E+00
          1034      G      6.088054E-03   5.320720E-03   2.737391E-04   8.299340E-04   2.303170E-04  -2.866896E+00
          1035      G      1.591445E-02   4.049158E-03   7.886403E-01   2.985951E+01   4.054973E+01  -1.018659E-01
          1036      G      1.915378E-02  -1.942614E-05   4.148869E-02  -1.208750E+00   5.412401E+00   7.537896E+00
          1037      G      1.455573E-02  -3.306021E-04  -6.193719E-04  -5.487571E-03   1.106771E-03  -7.225105E+00
          1038      G      1.311497E-02   8.697144E-05  -6.021565E-04  -8.359637E-04   1.824608E-04  -6.508657E+00
          1039      G      1.309996E-02  -2.385419E-03  -8.707289E-01  -3.140631E+01  -2.559894E+01   6.873899E-02
          1040      G      1.386347E-02  -3.202983E-03  -1.351427E+00  -5.623259E+01  -3.820343E+00   9.755304E-04
          1041      G      1.028847E-02  -4.380995E-03  -6.260837E-04  -4.066382E-03  -2.011609E-03  -5.112684E+00
          1042      G      1.591663E-02  -4.050661E-03  -7.886354E-01  -2.985989E+01   4.055017E+01  -1.018488E-01
          1043      G      1.915591E-02   1.635182E-05  -4.148324E-02   1.208420E+00   5.411986E+00   7.539590E+00
          1044      G      6.091510E-03  -5.318964E-03  -2.739015E-04  -8.334902E-04   2.293238E-04  -2.867407E+00
          2000      G      1.291470E-03  -4.391901E-07  -1.435527E-06   6.097466E-04  -3.512117E-03   5.814404E-01
          2001      G      1.290525E-03  -1.936533E-04   4.288589E-04  -1.089388E-03  -1.076552E-04   6.145800E-01
          2002      G      1.199520E-03   4.422534E-04   4.316346E-04  -6.210396E-04  -1.632960E-04   5.693263E-01
          2003      G      1.410016E-03  -3.863493E-06   1.183760E-03  -4.776183E-02  -1.950479E+00  -5.932211E-03
          2004      G      1.366098E-03  -7.701103E-05   5.135129E-02  -1.808181E+00  -1.486863E+00  -2.043843E-03
          2005      G      1.411151E-03  -9.893427E-05   8.062901E-02  -3.235820E+00  -3.363046E-01   1.137507E-03
          2006      G      5.438274E-04  -4.187519E-07   1.946291E-03  -2.385440E-04  -1.915727E-01   2.399996E-05
          2007      G      1.101968E-03  -6.319967E-07   8.430377E-02  -6.455305E-04  -4.830213E+00   5.304535E-05
          2008      G      1.502786E-03   2.102402E-06   1.495353E-01  -1.290311E-03   1.217658E-01   6.129479E-05
          2009      G      1.051397E-03   1.218008E-04   4.916577E-04  -1.224039E-03   5.048600E-05   5.189414E-01
          2010      G      6.214479E-04  -4.139641E-04   4.686975E-04  -1.197661E-03   2.808995E-04   2.819498E-01
          2011      G      1.418828E-03  -1.525061E-04   5.424192E-02  -1.893298E+00   2.027272E+00   9.421734E-03
          2012      G      1.666355E-03   2.951426E-04   1.637735E-02  -2.721471E-01   2.900986E-01   1.454859E+00
          2013      G      1.970824E-03   2.695608E-06   9.300373E-02  -7.648304E-03   3.917382E+00   4.179032E-05
          2014      G      2.371153E-03   5.117504E-06   2.277876E-02  -1.108170E-02   3.381677E-01   1.509595E-02
          2015      G      1.292368E-03   1.924253E-04  -4.285410E-04   1.087919E-03  -1.070271E-04   6.157665E-01
          2016      G      1.203978E-03  -4.451181E-04  -4.317161E-04   6.209687E-04  -1.647045E-04   5.718212E-01
          2017      G      1.359247E-03   6.811256E-05  -4.974820E-02   1.750086E+00  -1.535727E+00  -2.201938E-03
          2018      G      1.402432E-03   9.155117E-05  -8.023928E-02   3.223739E+00  -3.653156E-01   6.633613E-04
          2019      G      1.078490E-03  -8.436840E-07  -8.208154E-02  -1.026982E-04  -4.948621E+00   2.266273E-05
          2020      G      1.444606E-03  -9.143972E-07  -1.495544E-01   3.718089E-05   1.022753E-01   1.816156E-05
          2021      G      1.066832E-03  -1.251461E-04  -4.893404E-04   1.205712E-03   4.710904E-05   5.304901E-01
          2022      G      6.310030E-04   4.357610E-04  -4.667744E-04   1.192028E-03   2.814765E-04   2.902640E-01
          2023      G      1.400963E-03   1.531889E-04  -5.415455E-02   1.874378E+00   2.027650E+00   8.656470E-03
          2024      G      1.659058E-03  -2.710411E-04  -1.641785E-02   2.364303E-01   2.771101E-01   1.397706E+00
          2025      G      1.910755E-03  -1.305610E-06  -9.305384E-02  -6.278251E-05   3.929262E+00   1.860161E-05
          2026      G      2.287586E-03  -1.683993E-06  -2.274588E-02  -2.282532E-04   3.255763E-01  -1.659767E-03
          2027      G      1.296376E-03   1.117415E-07  -1.401775E-06  -1.090059E-03  -3.384760E-03  -5.835947E-01
1                                                       **STUDENT EDITION*    APRIL  18, 2026  MSC Nastran  3/ 3/26   PAGE    89
     DEFAULT                                                                                                                        
0                                                                                                            SUBCASE 1              
      EIGENVALUE =  6.774501E+06
          CYCLES =  4.142464E+02         R E A L   E I G E N V E C T O R   N O .          8
 
      POINT ID.   TYPE          T1             T2             T3             R1             R2             R3
          2028      G      1.296653E-03   1.924771E-04   4.292883E-04   1.090492E-03  -1.099170E-04  -6.182432E-01
          2029      G      1.208641E-03  -4.442320E-04   4.321360E-04   6.218709E-04  -1.653261E-04  -5.744822E-01
          2030      G      1.413844E-03   2.663929E-06   1.151951E-03   4.217224E-02  -1.950648E+00   5.965765E-03
          2031      G      1.370998E-03   7.633592E-05   5.131451E-02   1.798717E+00  -1.485933E+00   2.079691E-03
          2032      G      1.416093E-03   9.756051E-05   8.060383E-02   3.220327E+00  -3.387322E-01  -1.011570E-03
          2033      G      1.065226E-03  -1.293341E-04   4.892708E-04   1.198835E-03   4.789716E-05  -5.311907E-01
          2034      G      6.280085E-04   4.377160E-04   4.666494E-04   1.187378E-03   2.836395E-04  -2.899035E-01
          2035      G      1.420948E-03   1.592142E-04   5.430145E-02   1.873613E+00   2.024171E+00  -9.217376E-03
          2036      G      1.671192E-03  -2.840895E-04   1.647685E-02   2.389484E-01   2.896311E-01  -1.378738E+00
          2037      G      1.296462E-03  -1.926464E-04  -4.284975E-04  -1.086977E-03  -1.076261E-04  -6.180314E-01
          2038      G      1.207774E-03   4.445249E-04  -4.316860E-04  -6.197562E-04  -1.652601E-04  -5.739372E-01
          2039      G      1.362247E-03  -6.916646E-05  -4.977290E-02  -1.753589E+00  -1.535184E+00   2.230538E-03
          2040      G      1.404730E-03  -9.313072E-05  -8.025705E-02  -3.225878E+00  -3.652299E-01  -6.271598E-04
          2041      G      1.070546E-03   1.231627E-04  -4.894575E-04  -1.205477E-03   4.675485E-05  -5.324654E-01
          2042      G      6.345163E-04  -4.395972E-04  -4.669037E-04  -1.192034E-03   2.812604E-04  -2.921233E-01
          2043      G      1.402825E-03  -1.556097E-04  -5.416534E-02  -1.875473E+00   2.028046E+00  -8.616494E-03
          2044      G      1.660819E-03   2.676709E-04  -1.641957E-02  -2.367092E-01   2.774276E-01  -1.400373E+00
          3000      G     -5.616858E-04   1.342185E-05   7.220174E-06  -1.614600E-03  -1.698306E-02   6.525529E-02
          3001      G     -5.739208E-04  -1.732911E-05   1.910250E-04   1.642334E-02  -1.534289E-02   3.359069E-02
          3002      G     -5.612642E-04   3.969054E-05   5.350409E-04   9.579508E-03  -1.183513E-02  -2.596965E-03
          3003      G     -5.550131E-04   1.712173E-05  -6.087113E-05  -1.689743E-03   2.929921E-01   2.559106E-03
          3004      G     -5.130150E-04   5.797718E-05  -7.945326E-03   3.029175E-01   2.196103E-01   1.682122E-03
          3005      G     -4.955341E-04   1.056065E-04  -1.046707E-02   5.325741E-01  -9.590799E-02   1.180949E-03
          3006      G     -2.680330E-04   1.761696E-05  -1.617115E-05  -3.260795E-03  -4.695756E-02   1.459184E-04
          3007      G     -4.344186E-04   2.308651E-05  -1.328070E-02  -5.309223E-03   7.865284E-01   1.337234E-04
          3008      G     -5.742459E-04   2.804571E-05  -2.218904E-02  -5.280207E-03  -1.209386E-01   1.110204E-04
          3009      G     -4.891427E-04   2.603096E-04   1.096243E-03   5.085558E-03  -2.996418E-02   8.246789E-02
          3010      G     -3.471286E-04   4.398449E-04   3.043617E-03  -6.910326E-02  -8.864209E-02   5.692739E-01
          3011      G     -5.352874E-04   1.906281E-04   6.465533E-04   1.226502E-01  -6.514686E-01  -6.910130E-05
          3012      G     -6.401334E-04   2.019710E-04   1.262141E-02  -2.129587E-01  -1.093053E-01   1.280675E+00
          3013      G     -6.523014E-04   3.195696E-05  -2.824728E-03  -4.559779E-03  -1.167991E+00   1.182805E-04
          3014      G     -7.688387E-04   3.702367E-05   1.704880E-02  -1.283149E-02  -1.562177E-01   2.611001E-02
          3015      G     -5.751227E-04   5.247985E-05  -1.653498E-04  -2.264152E-02  -1.970519E-02   4.588310E-02
          3016      G     -5.642273E-04  -3.237580E-06  -5.120532E-04  -1.575924E-02  -1.246663E-02  -1.046063E-02
          3017      G     -5.157494E-04  -2.347989E-05   7.874662E-03  -3.069512E-01   2.203105E-01   1.637355E-03
          3018      G     -5.003818E-04  -6.637427E-05   1.044650E-02  -5.414122E-01  -9.434573E-02   1.129426E-03
          3019      G     -4.352989E-04   1.228575E-05   1.333539E-02  -2.222460E-03   7.917280E-01   1.388273E-04
          3020      G     -5.749890E-04   8.080272E-06   2.230649E-02  -1.393000E-03  -1.235010E-01   1.209954E-04
          3021      G     -4.982381E-04  -2.114698E-04  -1.056265E-03  -1.962715E-02  -2.454065E-02   5.545073E-02
          3022      G     -3.620596E-04  -3.940433E-04  -2.967946E-03   4.563651E-02  -8.758378E-02   5.940366E-01
          3023      G     -5.392505E-04  -1.492788E-04  -6.108345E-04  -1.323068E-01  -6.484768E-01  -1.880269E-05
          3024      G     -6.411512E-04  -1.633769E-04  -1.265093E-02   2.049815E-01  -1.166365E-01   1.321671E+00
          3025      G     -6.541787E-04   4.559199E-06   2.905869E-03  -6.712939E-04  -1.168940E+00   1.055006E-04
          3026      G     -7.723382E-04   1.751230E-06  -1.703287E-02   9.583452E-05  -1.599365E-01   1.477249E-03
          3027      G     -5.437152E-04   1.430204E-05  -1.049958E-05  -2.660622E-03  -1.855331E-02  -8.186894E-02
          3028      G     -5.562724E-04   6.208401E-05   1.584887E-04  -2.475362E-02  -1.897467E-02  -5.297755E-02
          3029      G     -5.455287E-04   1.317155E-05   5.031005E-04  -1.766220E-02  -1.234024E-02   2.553339E-03
          3030      G     -5.476087E-04   1.663485E-05  -3.578455E-05   1.112812E-03   2.924978E-01  -2.255010E-03
          3031      G     -5.070158E-04  -1.395344E-05  -7.921506E-03  -3.020217E-01   2.178184E-01  -1.348604E-03
          3032      G     -4.910710E-04  -4.776965E-05  -1.045617E-02  -5.361130E-01  -9.379478E-02  -8.524070E-04
1                                                       **STUDENT EDITION*    APRIL  18, 2026  MSC Nastran  3/ 3/26   PAGE    90
     DEFAULT                                                                                                                        
0                                                                                                            SUBCASE 1              
      EIGENVALUE =  6.774501E+06
          CYCLES =  4.142464E+02         R E A L   E I G E N V E C T O R   N O .          8
 
      POINT ID.   TYPE          T1             T2             T3             R1             R2             R3
          3033      G     -4.805771E-04  -1.862295E-04   1.055502E-03  -1.972812E-02  -2.451949E-02  -6.220631E-02
          3034      G     -3.459341E-04  -3.593156E-04   2.966827E-03   4.545186E-02  -8.670993E-02  -5.971680E-01
          3035      G     -5.300015E-04  -1.221547E-04   5.946864E-04  -1.300212E-01  -6.483830E-01   2.367902E-04
          3036      G     -6.317523E-04  -1.321718E-04   1.264698E-02   2.093837E-01  -1.168712E-01  -1.339948E+00
          3037      G     -5.575955E-04  -2.959806E-05  -1.789410E-04   1.916738E-02  -1.920053E-02  -5.422477E-02
          3038      G     -5.478519E-04   1.738649E-05  -5.214506E-04   1.364704E-02  -1.251172E-02   8.768803E-04
          3039      G     -5.075090E-04   4.677454E-05   7.890983E-03   3.069139E-01   2.198700E-01  -1.359809E-03
          3040      G     -4.924483E-04   8.194636E-05   1.045620E-02   5.412500E-01  -9.454473E-02  -8.858945E-04
          3041      G     -4.835511E-04   2.200584E-04  -1.065763E-03   1.738578E-02  -2.445644E-02  -6.333119E-02
          3042      G     -3.489885E-04   3.940126E-04  -2.975661E-03  -4.657487E-02  -8.681163E-02  -5.981487E-01
          3043      G     -5.318414E-04   1.574832E-04  -6.144658E-04   1.325549E-01  -6.490944E-01   2.243668E-04
          3044      G     -6.340709E-04   1.669415E-04  -1.265472E-02  -2.053407E-01  -1.158023E-01  -1.320986E+00
          4000      G     -2.994868E-03  -8.321287E-06  -6.248417E-07   2.178521E-04  -5.865466E-02  -5.179614E-01
          4001      G     -3.053175E-03  -3.301617E-04  -4.914908E-04   1.550935E-01  -6.210217E-02  -4.570537E-01
          4002      G     -3.048441E-03  -1.710602E-04   3.757709E-04   6.337385E-02  -7.164941E-02  -4.356275E-01
          4003      G     -3.211017E-03  -8.441058E-06  -3.955857E-06   1.186236E-05   1.616853E+00   4.157364E-03
          4004      G     -3.074324E-03   9.857570E-06  -4.073206E-02   1.356628E+00   1.078330E+00   1.231012E-03
          4005      G     -3.051091E-03  -2.019872E-06  -6.020364E-02   2.540367E+00   7.961366E-02   3.341410E-04
          4006      G     -2.371336E-03  -8.475355E-06  -3.463359E-06   1.793467E-04  -4.563222E-02  -7.672580E-05
          4007      G     -2.861739E-03  -1.067872E-05  -6.510726E-02   1.987047E-04   3.885615E+00  -7.991858E-05
          4008      G     -3.166829E-03  -1.286192E-05  -1.143389E-01   3.729544E-04  -3.205392E-01  -8.056366E-05
          4009      G     -2.965576E-03   2.762858E-05   1.224979E-03   1.830929E-01   7.229498E-02  -9.046049E-01
          4010      G     -2.768330E-03   3.230292E-04   3.708045E-03  -3.121731E-03  -1.653770E-01   3.686119E-01
          4011      G     -3.118332E-03   1.212324E-04  -2.967895E-02   1.151171E+00  -2.105156E+00  -2.419355E-03
          4012      G     -3.259503E-03   1.726189E-05   1.044118E-02  -2.210895E-01  -3.614336E-01   1.372742E+00
          4013      G     -3.391526E-03  -1.494473E-05  -5.489284E-02   5.302733E-04  -3.820591E+00  -8.893029E-05
          4014      G     -3.686741E-03  -1.760788E-05   1.359241E-02   3.607338E-04  -4.757085E-01  -1.372903E-03
          4015      G     -3.053868E-03   3.128848E-04   4.899145E-04  -1.545489E-01  -6.223357E-02  -4.566537E-01
          4016      G     -3.049742E-03   1.533687E-04  -3.854160E-04  -6.305649E-02  -7.202649E-02  -4.331044E-01
          4017      G     -3.074405E-03  -2.683326E-05   4.072541E-02  -1.356780E+00   1.078366E+00   1.244394E-03
          4018      G     -3.051311E-03  -1.569292E-05   6.019673E-02  -2.540635E+00   7.952305E-02   3.634503E-04
          4019      G     -2.861516E-03  -6.443129E-06   6.510564E-02   1.662889E-04   3.885994E+00  -7.494394E-05
          4020      G     -3.166451E-03  -4.420023E-06   1.143392E-01   4.041739E-05  -3.209143E-01  -7.264597E-05
          4021      G     -2.966856E-03  -4.693783E-05  -1.245867E-03  -1.825828E-01   7.208584E-02  -8.999533E-01
          4022      G     -2.768036E-03  -3.450046E-04  -3.735227E-03   3.791949E-03  -1.660623E-01   3.776095E-01
          4023      G     -3.118942E-03  -1.402126E-04   2.966871E-02  -1.151836E+00  -2.105186E+00  -2.393933E-03
          4024      G     -3.261740E-03  -3.671043E-05  -1.045807E-02   2.202666E-01  -3.623081E-01   1.376612E+00
          4025      G     -3.391385E-03  -2.584758E-06   5.489437E-02  -5.155697E-06  -3.820208E+00  -7.032510E-05
          4026      G     -3.686596E-03  -7.625839E-07  -1.358815E-02   1.704385E-05  -4.761180E-01   1.186679E-04
          4027      G     -3.007070E-03  -8.508853E-06   1.527794E-06   8.130872E-05  -5.862909E-02   5.216488E-01
          4028      G     -3.065793E-03   3.086475E-04  -4.900172E-04  -1.545020E-01  -6.227953E-02   4.602310E-01
          4029      G     -3.061450E-03   1.453776E-04   3.865125E-04  -6.268604E-02  -7.209384E-02   4.371245E-01
          4030      G     -3.217323E-03  -8.598758E-06  -5.540621E-06  -8.891498E-05   1.616764E+00  -4.310765E-03
          4031      G     -3.080789E-03  -3.112014E-05  -4.073281E-02  -1.356745E+00   1.078316E+00  -1.391313E-03
          4032      G     -3.057745E-03  -2.389380E-05  -6.020279E-02  -2.540783E+00   7.948806E-02  -5.041044E-04
          4033      G     -2.978381E-03  -5.846161E-05   1.245698E-03  -1.819825E-01   7.209767E-02   9.048905E-01
          4034      G     -2.779845E-03  -3.589487E-04   3.733426E-03   4.654265E-03  -1.658609E-01  -3.707602E-01
          4035      G     -3.125522E-03  -1.520092E-04  -2.967602E-02  -1.152013E+00  -2.105075E+00   2.258564E-03
          4036      G     -3.268053E-03  -5.173182E-05   1.045356E-02   2.203167E-01  -3.625281E-01  -1.367985E+00
          4037      G     -3.065735E-03  -3.259094E-04   4.907601E-04   1.547799E-01  -6.232802E-02   4.593020E-01
1                                                       **STUDENT EDITION*    APRIL  18, 2026  MSC Nastran  3/ 3/26   PAGE    91
     DEFAULT                                                                                                                        
0                                                                                                            SUBCASE 1              
      EIGENVALUE =  6.774501E+06
          CYCLES =  4.142464E+02         R E A L   E I G E N V E C T O R   N O .          8
 
      POINT ID.   TYPE          T1             T2             T3             R1             R2             R3
          4038      G     -3.061316E-03  -1.623386E-04  -3.844555E-04   6.316640E-02  -7.209230E-02   4.357332E-01
          4039      G     -3.080558E-03   1.397995E-05   4.072297E-02   1.356708E+00   1.078384E+00  -1.392884E-03
          4040      G     -3.057292E-03   6.755733E-06   6.019652E-02   2.540702E+00   7.963013E-02  -5.076999E-04
          4041      G     -2.978186E-03   4.169563E-05  -1.244597E-03   1.829686E-01   7.203861E-02   9.026007E-01
          4042      G     -2.779194E-03   3.437435E-04  -3.733910E-03  -3.470630E-03  -1.663610E-01  -3.761313E-01
          4043      G     -3.124782E-03   1.350905E-04   2.967197E-02   1.151790E+00  -2.105104E+00   2.253509E-03
          4044      G     -3.267507E-03   3.515233E-05  -1.045650E-02  -2.203036E-01  -3.626413E-01  -1.376741E+00
1                                                       **STUDENT EDITION*    APRIL  18, 2026  MSC Nastran  3/ 3/26   PAGE    92
     DEFAULT                                                                                                                        
0                                                                                                            SUBCASE 1              
      EIGENVALUE =  7.067890E+06
          CYCLES =  4.231214E+02         R E A L   E I G E N V E C T O R   N O .          9
 
      POINT ID.   TYPE          T1             T2             T3             R1             R2             R3
             1      G      0.0            0.0            0.0            0.0            0.0            0.0
             2      G      0.0            0.0            0.0            0.0            0.0            0.0
             3      G      0.0            0.0            0.0            0.0            0.0            0.0
             4      G      0.0            0.0            0.0            0.0            0.0            0.0
             5      G      0.0            0.0            0.0            0.0            0.0            0.0
             6      G      0.0            0.0            0.0            0.0            0.0            0.0
             7      G      0.0            0.0            0.0            0.0            0.0            0.0
             8      G      0.0            0.0            0.0            0.0            0.0            0.0
            10      G      2.023579E-05   2.050604E-06   8.268564E-05   1.231691E-04  -3.482043E-06  -1.622855E-03
            11      G     -2.041108E-05   1.759580E-06  -8.253937E-05   1.234528E-04   1.960643E-06  -1.619977E-03
            12      G      1.744620E-05   4.071967E-06   2.156038E-04   1.279023E-04   3.743804E-05  -3.208101E-03
            13      G     -1.767467E-05   3.897106E-06  -2.156281E-04   1.281886E-04  -3.806394E-05  -3.258724E-03
            14      G     -1.826910E-05   3.964937E-06   2.150704E-04   1.282266E-04  -4.115642E-05   3.261660E-03
            15      G      1.921261E-05   3.781728E-06  -2.150864E-04   1.287733E-04   4.513533E-05   3.109912E-03
            16      G     -2.139779E-05   5.690307E-08   8.233474E-05   1.303608E-04  -2.237207E-06   1.539798E-03
            17      G      2.010958E-05   7.113805E-06  -8.168346E-05   9.725414E-05   3.396983E-06   2.096308E-03
           100      G      3.003115E-05  -1.493519E-05  -6.677547E-04  -7.938207E-03   3.186043E-05  -1.659019E-03
           101      G      2.877972E-06  -2.825324E-05  -1.893388E-04  -7.570824E-03  -1.782107E-05   1.105282E-03
           102      G      2.126932E-05  -1.027145E-05  -5.867437E-04  -3.048430E-03   5.058263E-03  -1.719142E-04
           103      G      6.472511E-07  -1.078918E-05  -1.136045E-04  -6.979270E-03   3.400481E-03  -4.981070E-04
           104      G      1.153807E-06  -2.265755E-05  -7.531907E-04  -9.046718E-03   7.299871E-04   1.841296E-05
           105      G      6.662643E-07  -1.854229E-05  -2.762311E-05  -6.914349E-03   2.729150E-04  -1.830921E-06
           106      G      4.253695E-05   6.223252E-05  -2.169005E-04   1.287733E-04   4.513533E-05   3.109912E-03
           107      G      4.253695E-05  -2.076326E-05  -2.156960E-04   1.287733E-04   4.513533E-05   3.109912E-03
           108      G      2.450270E-07  -7.514032E-05  -1.036883E-03  -1.637033E-02  -1.301055E-05  -3.689720E-05
           109      G      3.583189E-05   2.283612E-05  -8.243834E-05   9.725414E-05   3.396983E-06   2.096308E-03
           110      G      1.815115E-05  -5.225082E-05  -1.086715E-03   6.971722E-03   4.653211E-04  -7.014694E-03
           111      G      3.583189E-05  -3.572950E-05  -8.234344E-05   9.725414E-05   3.396983E-06   2.096308E-03
           112      G      4.021833E-05  -5.541805E-05  -8.160820E-04  -1.429358E-03   1.566986E-02  -5.185842E-04
           113      G     -1.624294E-06  -2.940127E-04  -5.296784E-05  -4.445071E-02   8.642099E-04   1.772915E-02
           114      G      4.161985E-06  -5.604687E-05  -1.176692E-04  -1.993724E-02  -3.787243E-03  -1.022208E-02
           115      G     -2.663330E-05  -1.617314E-05  -5.434739E-04  -1.432794E-02  -6.121487E-04   1.779607E-03
           116      G      2.047693E-06  -3.039291E-05   1.570684E-04  -7.852334E-03  -8.938915E-05  -1.151991E-03
           117      G     -1.848600E-05  -9.862756E-06  -5.121882E-04  -6.447185E-03  -2.989456E-03   1.848725E-04
           118      G      8.111799E-09  -1.122017E-05   7.005096E-05  -7.181017E-03   3.884882E-03   5.599374E-04
           119      G     -4.211510E-05   6.514482E-05  -2.173049E-04   1.281886E-04  -3.806394E-05  -3.258724E-03
           120      G     -4.211510E-05  -2.182238E-05  -2.162890E-04   1.281886E-04  -3.806394E-05  -3.258724E-03
           121      G     -3.256091E-05   1.390941E-05  -8.345057E-05   1.234528E-04   1.960643E-06  -1.619977E-03
           122      G     -5.077394E-06  -6.936817E-05  -1.219142E-03   5.539229E-03  -1.862591E-03   6.364239E-03
           123      G     -3.256091E-05  -3.134871E-05  -8.350534E-05   1.234528E-04   1.960643E-06  -1.619977E-03
           124      G     -3.455326E-05  -6.142983E-05  -8.108236E-04  -5.544459E-03  -2.202178E-02   6.875720E-04
           125      G      3.347910E-06  -3.122354E-04   5.405296E-06  -4.571653E-02  -3.589621E-04  -1.924135E-02
           126      G      3.720725E-06  -6.083548E-05   8.609182E-05  -2.031985E-02  -3.037792E-03   1.096775E-02
           127      G     -2.470284E-05  -1.505655E-05   5.497748E-04  -1.471498E-02  -1.058462E-03  -1.791288E-03
           128      G     -1.733456E-05  -9.027287E-06   5.127815E-04  -7.144161E-03  -2.912300E-03  -1.813360E-04
           129      G      1.538073E-06  -2.270002E-05   7.544193E-04  -9.907694E-03   1.039855E-03   3.515087E-06
           130      G     -4.273156E-05   6.526783E-05   2.168056E-04   1.282266E-04  -4.115642E-05   3.261660E-03
           131      G     -4.273156E-05  -2.177772E-05   2.157073E-04   1.282266E-04  -4.115642E-05   3.261660E-03
           132      G     -1.180584E-07  -7.404476E-05   1.030623E-03  -1.624980E-02  -6.934901E-05  -7.746726E-05
           133      G     -3.294628E-05   1.160539E-05   8.332923E-05   1.303608E-04  -2.237207E-06   1.539798E-03
1                                                       **STUDENT EDITION*    APRIL  18, 2026  MSC Nastran  3/ 3/26   PAGE    93
     DEFAULT                                                                                                                        
0                                                                                                            SUBCASE 1              
      EIGENVALUE =  7.067890E+06
          CYCLES =  4.231214E+02         R E A L   E I G E N V E C T O R   N O .          9
 
      POINT ID.   TYPE          T1             T2             T3             R1             R2             R3
           134      G     -1.331399E-06  -7.399236E-05   1.224630E-03   4.424409E-03  -2.356557E-03  -4.548325E-03
           135      G     -3.294628E-05  -3.141271E-05   8.326673E-05   1.303608E-04  -2.237207E-06   1.539798E-03
           136      G     -3.163306E-05  -5.835041E-05   8.194454E-04  -5.944417E-03  -2.178202E-02  -7.437637E-04
           137      G      2.939405E-05  -1.563474E-05   7.236867E-04  -8.714297E-03   9.174568E-04   1.694839E-03
           138      G      2.140898E-05  -1.016912E-05   6.135337E-04  -3.881674E-03   6.211226E-03   1.757904E-04
           139      G      4.150695E-05   6.436822E-05   2.172667E-04   1.279023E-04   3.743804E-05  -3.208101E-03
           140      G      4.150695E-05  -2.124798E-05   2.162676E-04   1.279023E-04   3.743804E-05  -3.208101E-03
           141      G      3.240721E-05   1.422202E-05   8.358329E-05   1.231691E-04  -3.482043E-06  -1.622855E-03
           142      G      1.002389E-05  -6.770515E-05   1.228656E-03   5.614874E-03   1.468270E-03   6.541410E-03
           143      G      3.240721E-05  -3.111650E-05   8.368057E-05   1.231691E-04  -3.482043E-06  -1.622855E-03
           144      G      3.781234E-05  -6.170489E-05   9.128814E-04  -2.485637E-03   1.789007E-02   6.332219E-04
           200      G      3.593890E-05   1.977261E-05  -8.243834E-05   9.725414E-05   3.396983E-06   2.096308E-03
           201      G      3.593890E-05  -3.879301E-05  -8.234344E-05   9.725414E-05   3.396983E-06   2.096308E-03
           202      G      4.395872E-05   5.817616E-05  -2.169005E-04   1.287733E-04   4.513533E-05   3.109912E-03
           203      G      4.395872E-05  -2.481962E-05  -2.156960E-04   1.287733E-04   4.513533E-05   3.109912E-03
           204      G      3.157209E-06   1.361328E-04  -1.442965E-03   5.970209E-04  -2.404917E-04  -1.108389E-03
           205      G     -2.156588E-05   9.768091E-05  -1.301466E-03   3.226169E-02   1.057399E-02  -2.240775E-02
           206      G      1.321401E-06   2.179653E-05  -9.476408E-05  -1.027018E-01   2.830289E-04   2.451478E-02
           207      G     -3.249915E-05   1.002065E-05  -8.345057E-05   1.234528E-04   1.960643E-06  -1.619977E-03
           208      G     -3.249915E-05  -3.523747E-05  -8.350534E-05   1.234528E-04   1.960643E-06  -1.619977E-03
           209      G     -4.331411E-05   6.110688E-05  -2.173049E-04   1.281886E-04  -3.806394E-05  -3.258724E-03
           210      G     -4.331411E-05  -2.586033E-05  -2.162890E-04   1.281886E-04  -3.806394E-05  -3.258724E-03
           211      G      5.946612E-05   8.646414E-05  -1.481398E-03   5.188950E-02  -1.580262E-02   2.595556E-02
           212      G      7.236096E-06   1.888244E-05   5.557455E-06  -1.441735E-01  -1.184684E-03  -3.619172E-02
           213      G     -3.301675E-05   7.499022E-06   8.332923E-05   1.303608E-04  -2.237207E-06   1.539798E-03
           214      G     -3.301675E-05  -3.551908E-05   8.326673E-05   1.303608E-04  -2.237207E-06   1.539798E-03
           215      G     -4.402798E-05   6.122870E-05   2.168056E-04   1.282266E-04  -4.115642E-05   3.261660E-03
           216      G     -4.402798E-05  -2.581686E-05   2.157073E-04   1.282266E-04  -4.115642E-05   3.261660E-03
           217      G     -1.706489E-06   1.397951E-04   1.433189E-03   2.591596E-04  -9.056107E-05   1.506760E-04
           218      G      6.013577E-05   6.017633E-05   1.504820E-03   3.536716E-02  -1.617044E-02  -1.874429E-02
           219      G      3.229752E-05   1.034219E-05   8.358329E-05   1.231691E-04  -3.482043E-06  -1.622855E-03
           220      G      3.229752E-05  -3.499633E-05   8.368057E-05   1.231691E-04  -3.482043E-06  -1.622855E-03
           221      G      4.268625E-05   6.033930E-05   2.172667E-04   1.279023E-04   3.743804E-05  -3.208101E-03
           222      G      4.268625E-05  -2.527690E-05   2.162676E-04   1.279023E-04   3.743804E-05  -3.208101E-03
           223      G     -4.795595E-05   8.476350E-05   1.491835E-03   5.183181E-02   1.402678E-02   2.549364E-02
           224      G     -2.236158E-06   1.374229E-05  -4.638421E-04  -1.063775E-02   2.043138E-03  -1.642463E-03
           225      G      7.071282E-06   2.398304E-05  -2.933526E-04  -3.083578E-03  -6.733730E-04   1.463418E-03
           226      G     -4.128497E-06   5.712848E-05  -4.625435E-04  -6.894921E-03  -3.509725E-03  -4.947469E-04
           227      G      2.669582E-06   3.240073E-05  -1.618408E-04  -9.970778E-03   6.001976E-03  -1.011809E-03
           228      G      4.234104E-06   4.085614E-05  -8.664876E-04  -4.171596E-02   1.865664E-03   2.498380E-04
           229      G      2.734201E-06   5.162853E-05  -1.250203E-05  -8.513232E-04  -6.472317E-05  -2.354416E-05
           230      G     -8.251747E-06   2.376638E-05  -7.682567E-04   6.455558E-03   2.389333E-02   5.992313E-04
           231      G      9.888339E-06   2.763332E-05  -1.934529E-04  -4.001654E-02  -5.758313E-03  -3.397462E-03
           232      G      1.642222E-05   1.362922E-05  -1.032526E-04  -2.022227E-02  -1.850009E-03   1.804232E-03
           233      G      4.448179E-06   2.433316E-05   2.580907E-04  -2.992007E-03  -6.316653E-04  -1.388241E-03
           234      G      1.576514E-05   5.904770E-05  -2.595374E-04  -1.225505E-02   1.097740E-02   5.154423E-04
           235      G      1.342618E-06   3.213390E-05   1.317905E-04  -9.588296E-03   5.781337E-03   9.978948E-04
           236      G      2.959652E-05   2.169225E-05  -6.283317E-04   8.092611E-03  -3.804277E-02  -4.241160E-04
           237      G      6.543181E-06   2.877395E-05   1.410183E-04  -5.502706E-02  -5.308897E-03   4.962481E-03
           238      G      1.561108E-05   1.383720E-05   2.816871E-04  -1.912494E-02  -3.792690E-03  -1.885798E-03
1                                                       **STUDENT EDITION*    APRIL  18, 2026  MSC Nastran  3/ 3/26   PAGE    94
     DEFAULT                                                                                                                        
0                                                                                                            SUBCASE 1              
      EIGENVALUE =  7.067890E+06
          CYCLES =  4.231214E+02         R E A L   E I G E N V E C T O R   N O .          9
 
      POINT ID.   TYPE          T1             T2             T3             R1             R2             R3
           239      G      1.441132E-05   5.956727E-05   3.639099E-04  -1.180635E-02   7.321632E-03  -5.357008E-04
           240      G      2.540737E-06   4.195640E-05   8.968326E-04  -4.166374E-02   5.225156E-04  -1.000698E-04
           241      G      2.880922E-05   1.992396E-05   7.553041E-04   3.367800E-03  -3.260609E-02   1.644936E-04
           242      G     -9.756091E-06   1.466116E-05   3.999417E-04  -1.111829E-02   1.732321E-03   1.659781E-03
           243      G     -8.797608E-06   5.902368E-05   4.427531E-04  -7.486659E-03  -6.100915E-03   4.967639E-04
           244      G     -2.137846E-05   2.099473E-05   7.964192E-04   1.303259E-02   3.131933E-02  -4.771442E-04
           300      G     -2.266576E-04   7.547072E-03  -2.221507E-03   1.098575E+00   3.038351E-02  -1.989704E-01
           301      G     -8.606234E-05   6.104967E-03  -2.048256E-03   6.436666E-01  -6.262719E-02  -6.779260E-02
           302      G     -3.367423E-05   1.083911E-02  -3.991355E-03   2.001483E+00   2.061531E-02  -4.683812E-02
           303      G     -1.793128E-04   6.950135E-04   1.357712E-04  -9.676507E-01   5.192158E-02  -2.299165E-03
           304      G     -4.584981E-05   7.428303E-04  -5.773809E-04  -5.565347E-01   1.198024E-01  -1.014746E-01
           305      G      1.607118E-03   6.766883E-04  -2.189152E-03  -7.865090E-01  -2.609178E-01   1.353528E-01
           306      G     -1.389309E-04   4.051494E-04  -2.964935E-04   3.593637E+00   8.854310E-03  -3.336290E-01
           307      G      2.466827E-04   7.872665E-03  -2.243499E-03   1.176972E+00  -4.059509E-02   2.574742E-01
           308      G      1.034156E-04   5.676577E-03  -2.079983E-03   5.636143E-01   1.003761E-01   5.997978E-02
           309      G      3.935415E-04   5.200575E-04   2.138886E-04  -1.146226E+00  -3.324487E-02   7.211738E-03
           310      G      6.564970E-05   3.040114E-04  -6.230398E-04  -6.682331E-01  -1.469424E-01   1.022248E-01
           311      G     -1.652734E-03   5.874365E-04  -2.491271E-03  -1.110284E+00   1.897592E-01  -2.188344E-01
           312      G     -4.669321E-05   4.946075E-04   7.204863E-06   4.764849E+00  -1.348973E-02   4.527642E-01
           313      G      2.302967E-04   7.857868E-03   2.221032E-03   1.156621E+00  -3.992117E-02  -2.584513E-01
           314      G      8.544467E-05   5.676624E-03   2.079033E-03   5.609100E-01   1.075797E-01  -6.482826E-02
           315      G     -1.298258E-05   1.104461E-02   3.997381E-03   2.049194E+00  -1.692500E-03  -1.391157E-03
           316      G      3.747757E-04   4.461415E-04  -2.358817E-04  -1.180034E+00  -1.836823E-02  -7.469804E-04
           317      G      5.706471E-05   3.090954E-04   6.329652E-04  -6.687076E-01  -1.504999E-01  -1.056018E-01
           318      G     -1.559825E-03   5.318395E-04   2.623140E-03  -8.283917E-01   1.862869E-01   1.422862E-01
           319      G     -2.612618E-04   7.897928E-03   2.245729E-03   1.184078E+00   3.773103E-02   2.586676E-01
           320      G     -1.147988E-04   5.708547E-03   2.083957E-03   5.749420E-01  -1.068717E-01   6.449578E-02
           321      G     -4.277911E-04   4.889464E-04  -2.147906E-04  -1.138733E+00   1.964519E-02   7.853981E-03
           322      G     -9.101041E-05   3.046335E-04   6.291962E-04  -6.479526E-01   1.478098E-01   1.048225E-01
           323      G      1.562332E-03   5.756696E-04   2.513041E-03  -1.112637E+00  -2.170371E-01  -2.182231E-01
           324      G     -1.238141E-03   1.219694E-04  -2.876424E+00  -3.620483E+00  -6.300266E+01   4.595231E-01
           325      G     -2.821660E-05  -6.654780E-03  -1.237775E-04  -2.788888E+00  -2.170983E-02  -1.246450E+00
           326      G     -9.026023E-04   7.469594E-04  -4.151038E+00   2.948078E+01  -7.360960E+00   8.260601E-03
           327      G     -1.677822E-05  -2.748930E-03  -5.055534E-04  -7.491980E+01  -2.187117E-02   3.084398E-01
           328      G      2.325156E-05  -7.167203E-04  -3.877446E+00  -5.718247E+00  -9.810491E-02   1.090352E-02
           329      G     -2.599242E-05  -8.603213E-03  -1.201109E-03  -3.783743E+00  -2.124478E-02  -2.545028E-03
           330      G     -9.610976E-04   6.106950E-04  -1.200484E+00  -6.272061E+00  -6.804123E+01   4.794944E-03
           331      G     -7.428585E-05   9.810511E-04   1.242217E-04   9.576857E+00  -5.718013E-03   3.780783E-01
           332      G      1.237648E-03   1.947925E-05  -2.885975E+00  -3.650792E+00   6.292843E+01  -4.773911E-01
           333      G     -3.942129E-05  -6.727439E-03   4.644069E-05  -2.795033E+00  -1.543054E-02   1.258696E+00
           334      G      8.761010E-04   7.376496E-04  -4.156935E+00   2.960779E+01   7.148642E+00  -7.746053E-03
           335      G     -4.227943E-05  -2.767166E-03  -5.488857E-04  -7.509347E+01   2.702869E-02  -3.082574E-01
           336      G      1.010177E-03   5.511814E-04  -1.206302E+00  -6.311234E+00   6.838857E+01  -5.752841E-03
           337      G     -4.988047E-05   9.798836E-04   9.880375E-05   9.946249E+00   2.550505E-03  -3.818631E-01
           338      G      1.246589E-03   1.360959E-05   2.880600E+00  -3.735823E+00   6.295236E+01   4.744027E-01
           339      G      8.855551E-04   7.918893E-04   4.153640E+00   2.945115E+01   7.320895E+00   7.802435E-03
           340      G     -1.722293E-05  -7.556682E-04   3.879685E+00  -5.821602E+00   1.136912E-01   1.730238E-03
           341      G      1.032648E-03   5.194465E-04   1.202801E+00  -6.312805E+00   6.820081E+01   5.400111E-03
           342      G     -1.302837E-03   2.785396E-05   2.888229E+00  -3.658128E+00  -6.293487E+01  -4.761104E-01
           343      G     -9.225640E-04   7.885215E-04   4.159301E+00   2.956372E+01  -7.177373E+00  -7.762675E-03
1                                                       **STUDENT EDITION*    APRIL  18, 2026  MSC Nastran  3/ 3/26   PAGE    95
     DEFAULT                                                                                                                        
0                                                                                                            SUBCASE 1              
      EIGENVALUE =  7.067890E+06
          CYCLES =  4.231214E+02         R E A L   E I G E N V E C T O R   N O .          9
 
      POINT ID.   TYPE          T1             T2             T3             R1             R2             R3
           344      G     -1.085235E-03   5.495031E-04   1.207719E+00  -6.319230E+00  -6.845844E+01  -5.138778E-03
           400      G     -2.060287E-04   5.798500E-04  -1.392654E-03   9.039295E-02  -2.734339E-02   1.382960E-03
           401      G     -1.540100E-04   5.832368E-04  -2.346090E-03   9.744448E-02  -1.126519E-02  -1.130628E-02
           402      G      9.693550E-06   4.313286E-04  -2.135581E-03   7.709509E-02  -3.427248E-04  -2.042327E-03
           403      G     -2.251368E-04   1.094774E-03  -3.911745E-04   1.531203E-01   6.930795E-03  -5.666542E-03
           404      G     -2.879454E-04   8.383347E-04  -8.690197E-04   1.050834E-01  -1.528802E-02  -6.385310E-03
           405      G     -1.402610E-04   8.426710E-04  -1.407241E-03   1.439381E-02   1.370990E-02   4.171549E-02
           406      G     -4.057204E-06   9.610411E-04  -1.276117E-04  -7.704148E-02   2.872655E-03  -1.476855E-02
           407      G      2.371822E-04   5.804530E-04  -1.376514E-03   9.084395E-02   2.766410E-02  -1.969744E-04
           408      G      1.718576E-04   5.965957E-04  -2.344456E-03   1.000094E-01   1.192639E-02   8.971232E-03
           409      G      2.555418E-04   1.141512E-03  -3.969772E-04   1.751632E-01  -1.821781E-02   4.820558E-03
           410      G      3.372877E-04   8.745914E-04  -8.430535E-04   1.101703E-01   1.680337E-02   9.198938E-03
           411      G      1.741801E-04   8.659810E-04  -1.547862E-03   1.844363E-02  -1.498198E-02  -4.498190E-02
           412      G      5.960864E-07   9.708793E-04   9.986282E-07  -1.026703E-01   1.537299E-03   1.600125E-02
           413      G      2.208168E-04   5.781828E-04   1.375225E-03   9.087099E-02   2.754923E-02  -3.494859E-04
           414      G      1.580022E-04   6.001194E-04   2.343324E-03   1.006669E-01   1.163776E-02  -1.089689E-02
           415      G     -9.819944E-06   4.317869E-04   2.121430E-03   7.731807E-02   3.884670E-04  -1.181455E-04
           416      G      2.394271E-04   1.118053E-03   4.061556E-04   1.808448E-01  -2.322582E-02  -7.008555E-03
           417      G      3.201161E-04   8.636708E-04   8.376115E-04   1.093276E-01   1.821978E-02  -9.221882E-03
           418      G      1.753124E-04   8.473931E-04   1.576394E-03   3.414211E-03  -1.604040E-02   4.555027E-02
           419      G     -2.423957E-04   5.816713E-04   1.375021E-03   9.095722E-02  -2.729251E-02  -2.235576E-05
           420      G     -1.771351E-04   6.008030E-04   2.348715E-03   1.005880E-01  -1.121738E-02   1.030171E-02
           421      G     -2.619983E-04   1.134181E-03   4.024452E-04   1.730019E-01   2.069865E-02   4.726594E-03
           422      G     -3.438241E-04   8.701643E-04   8.425947E-04   1.074218E-01  -1.693963E-02   9.246084E-03
           423      G     -1.758493E-04   8.605096E-04   1.548380E-03   1.898365E-02   1.836053E-02  -4.525287E-02
           424      G     -5.965375E-05   5.844453E-04  -2.222573E-04  -1.968927E-02  -6.552538E-03   2.904520E-03
           425      G      3.215962E-06   5.737007E-04  -2.016612E-05   8.952076E-02   1.492442E-03   3.468855E-03
           426      G     -1.822105E-05   4.806148E-04  -7.641735E-04  -4.194268E-02  -1.448563E-02   2.419326E-03
           427      G      3.174449E-06   4.824023E-04   6.865398E-06   8.608943E-02   9.787020E-04   2.837130E-03
           428      G      7.101397E-06   4.240216E-04  -7.455562E-04  -1.041729E-02   1.187313E-04   4.147975E-04
           429      G      2.982049E-06   4.250582E-04   3.008046E-05   7.343891E-02   1.477615E-03  -1.219455E-04
           430      G     -7.725679E-05   7.898299E-04  -8.050689E-04   1.025521E-02   3.814313E-02   4.006821E-03
           431      G      2.931378E-06   7.190104E-04  -5.154539E-05  -1.179095E-02   4.797744E-04   1.690208E-02
           432      G      7.589155E-05   5.927531E-04  -1.098807E-04  -1.751164E-02   1.016329E-02  -3.510497E-03
           433      G      1.439160E-06   5.822274E-04  -2.793150E-05   9.083402E-02   1.510259E-03  -3.755998E-03
           434      G      3.539731E-05   4.824569E-04  -7.308581E-04  -4.256439E-02   1.769873E-02  -2.566253E-03
           435      G      2.821940E-06   4.854833E-04   2.158198E-06   8.744708E-02  -1.270439E-03  -2.914825E-03
           436      G      9.264630E-05   8.067999E-04  -7.848283E-04   1.643883E-02  -4.846093E-02  -4.406496E-03
           437      G      8.904097E-07   7.305436E-04  -1.342263E-05  -2.263925E-02   6.432044E-04  -1.784657E-02
           438      G      7.009720E-05   5.880293E-04   2.045566E-04  -1.660296E-02   1.186828E-02   3.396670E-03
           439      G      2.580885E-05   4.802947E-04   8.138011E-04  -4.090599E-02   1.461109E-02   2.412723E-03
           440      G     -4.010692E-06   4.268434E-04   7.808454E-04  -7.713489E-03  -2.796457E-04  -1.840805E-04
           441      G      9.010745E-05   7.948710E-04   8.289693E-04   1.267758E-02  -4.772489E-02   4.170405E-03
           442      G     -7.681583E-05   5.929704E-04   8.907445E-05  -1.842926E-02  -1.063110E-02  -3.731791E-03
           443      G     -3.396779E-05   4.829887E-04   7.472985E-04  -4.216740E-02  -1.759228E-02  -2.605536E-03
           444      G     -9.449327E-05   8.051759E-04   7.526093E-04   1.715827E-02   4.907046E-02  -4.404087E-03
           445      G     -4.098307E-04   8.235075E-04  -5.158552E-04  -2.497426E-02  -8.854300E-03   2.017621E-02
           446      G     -4.391181E-04   8.700502E-04  -8.650249E-04   8.911621E-04  -1.400353E-02  -6.408465E-03
           447      G     -4.040323E-04   7.552938E-04  -1.437158E-03   2.970456E-02  -2.187487E-02  -1.627248E-02
           448      G     -2.113959E-04   6.860485E-04  -1.977312E-03   2.790299E-02  -1.619713E-02  -4.512554E-03
1                                                       **STUDENT EDITION*    APRIL  18, 2026  MSC Nastran  3/ 3/26   PAGE    96
     DEFAULT                                                                                                                        
0                                                                                                            SUBCASE 1              
      EIGENVALUE =  7.067890E+06
          CYCLES =  4.231214E+02         R E A L   E I G E N V E C T O R   N O .          9
 
      POINT ID.   TYPE          T1             T2             T3             R1             R2             R3
           449      G      1.298993E-05   6.399210E-04  -2.172923E-03   3.415673E-02   5.113071E-05  -3.705838E-04
           450      G     -1.581425E-04   1.047033E-03  -1.183762E-03   6.655927E-03   2.487609E-02   1.365780E-03
           451      G      2.931256E-06   1.259254E-03  -7.326056E-05  -5.010249E-02   5.281304E-03  -2.420907E-02
           452      G      4.252853E-04   8.229768E-04  -5.325435E-04  -2.862862E-02   9.436985E-03  -2.266147E-02
           453      G      4.595564E-04   8.861448E-04  -8.504029E-04  -3.661362E-04   1.243578E-02   6.316142E-03
           454      G      4.319642E-04   7.666596E-04  -1.415822E-03   2.887935E-02   2.233495E-02   1.682524E-02
           455      G      2.396936E-04   6.918769E-04  -1.969764E-03   2.714876E-02   1.664908E-02   4.517971E-03
           456      G      1.725307E-04   1.078681E-03  -1.278585E-03   5.241207E-03  -2.955423E-02   4.856665E-04
           457      G      1.547404E-06   1.290179E-03   5.742408E-07  -5.137487E-02   3.519493E-04   2.531962E-02
           458      G      4.000814E-04   8.027106E-04   5.447963E-04  -3.016897E-02   9.535465E-03   2.294889E-02
           459      G      4.368665E-04   8.725804E-04   8.499974E-04  -3.768141E-04   1.193478E-02  -6.683455E-03
           460      G      4.106954E-04   7.571363E-04   1.414196E-03   2.908821E-02   2.236054E-02  -1.735808E-02
           461      G      2.163938E-04   6.866445E-04   1.964091E-03   2.759883E-02   1.639630E-02  -4.627048E-03
           462      G     -9.550042E-06   6.393641E-04   2.164263E-03   3.511561E-02   3.312794E-05  -2.238586E-04
           463      G      1.595848E-04   1.069058E-03   1.279688E-03   3.682169E-03  -3.228166E-02  -2.690049E-03
           464      G     -4.240590E-04   8.228858E-04   5.383637E-04  -2.817260E-02  -9.526614E-03  -2.269147E-02
           465      G     -4.586033E-04   8.858454E-04   8.510196E-04   3.724985E-04  -1.227147E-02   6.348062E-03
           466      G     -4.314977E-04   7.660937E-04   1.415826E-03   2.936365E-02  -2.234326E-02   1.712948E-02
           467      G     -2.367405E-04   6.914254E-04   1.965925E-03   2.777610E-02  -1.638564E-02   4.463792E-03
           468      G     -1.697544E-04   1.078232E-03   1.280374E-03   5.087228E-03   2.999385E-02   3.757874E-04
           469      G     -2.756893E-04   9.507542E-04  -6.829705E-04   2.835051E-02   5.445305E-03   5.204618E-05
           470      G     -2.825041E-04   8.625450E-04  -1.190648E-03   1.320805E-02  -4.018882E-02   7.008105E-03
           471      G     -2.058578E-04   7.418380E-04  -2.221595E-03   2.087342E-02  -3.156633E-02   8.020079E-03
           472      G     -1.117752E-04   6.438703E-04  -2.899872E-03   3.130258E-02  -1.971260E-02   3.778792E-03
           473      G      1.050623E-05   6.113774E-04  -3.126886E-03   2.788475E-02   3.325147E-04  -8.139938E-05
           474      G     -1.610136E-04   8.719552E-04  -1.381084E-03  -1.865340E-03  -3.317820E-02   5.305575E-03
           475      G     -1.204067E-04   7.341499E-04  -2.332815E-03  -1.784538E-02  -3.443190E-02   3.384458E-03
           476      G     -5.686026E-05   6.381359E-04  -3.062159E-03  -2.154202E-02  -1.865275E-02   1.991463E-03
           477      G      7.132307E-06   6.077421E-04  -3.299086E-03  -1.513076E-02   3.400672E-04  -1.443273E-04
           478      G     -6.231090E-05   1.100099E-03  -9.274433E-04  -3.057324E-02   1.385696E-02   1.082908E-02
           479      G     -8.702103E-05   8.981825E-04  -9.514271E-04  -4.118229E-02  -1.821012E-02   3.444385E-03
           480      G     -5.535556E-05   7.284699E-04  -1.507853E-03  -5.318270E-02  -1.936759E-02   3.768900E-03
           481      G     -2.702320E-05   6.400831E-04  -1.960513E-03  -7.235658E-02  -1.345013E-02   1.616043E-03
           482      G      4.015562E-07   8.773333E-04  -1.201521E-05  -3.722677E-02   2.116132E-04   1.256489E-02
           483      G      3.176620E-07   7.343004E-04  -9.048938E-06  -7.265325E-02  -5.758366E-06   2.951054E-03
           484      G      7.654124E-07   6.396827E-04  -5.511470E-06  -9.188908E-02   2.411192E-04   2.213261E-03
           485      G      4.031053E-06   6.100646E-04  -2.151228E-03  -7.922387E-02   2.467988E-04  -1.234661E-04
           486      G      9.214653E-07   6.116293E-04   2.384311E-06  -1.023036E-01   2.143697E-04  -1.236242E-04
           487      G      2.928479E-04   9.655417E-04  -7.266073E-04   3.244188E-02  -7.370426E-03   3.709090E-04
           488      G      3.042464E-04   8.785618E-04  -1.179635E-03   1.325211E-02   3.976205E-02  -7.102416E-03
           489      G      2.260511E-04   7.535032E-04  -2.199892E-03   2.075378E-02   3.107863E-02  -8.366697E-03
           490      G      1.324453E-04   6.493001E-04  -2.882936E-03   3.106194E-02   2.020725E-02  -4.083915E-03
           491      G      1.766728E-04   8.872095E-04  -1.386080E-03  -1.120208E-03   3.213935E-02  -5.886313E-03
           492      G      1.354445E-04   7.451593E-04  -2.316004E-03  -1.773646E-02   3.406199E-02  -3.571338E-03
           493      G      7.115849E-05   6.435025E-04  -3.046332E-03  -2.146118E-02   1.886658E-02  -2.239640E-03
           494      G      7.162461E-05   1.127628E-03  -9.370619E-04  -3.674513E-02  -1.343818E-02  -1.181750E-02
           495      G      9.586785E-05   9.158110E-04  -9.525926E-04  -4.232351E-02   1.794994E-02  -3.611962E-03
           496      G      6.379171E-05   7.384310E-04  -1.495782E-03  -5.292287E-02   1.898371E-02  -4.079828E-03
           497      G      3.516547E-05   6.452628E-04  -1.947435E-03  -7.225650E-02   1.365038E-02  -1.863475E-03
           498      G      1.269342E-06   8.927713E-04  -2.991970E-07  -3.758399E-02  -9.205651E-05  -1.316124E-02
1                                                       **STUDENT EDITION*    APRIL  18, 2026  MSC Nastran  3/ 3/26   PAGE    97
     DEFAULT                                                                                                                        
0                                                                                                            SUBCASE 1              
      EIGENVALUE =  7.067890E+06
          CYCLES =  4.231214E+02         R E A L   E I G E N V E C T O R   N O .          9
 
      POINT ID.   TYPE          T1             T2             T3             R1             R2             R3
           499      G      1.160441E-06   7.444240E-04   4.542958E-06  -7.300845E-02  -1.043057E-04  -3.139785E-03
           500      G      1.067180E-06   6.446252E-04   6.314734E-06  -9.186913E-02   1.886073E-05  -2.457911E-03
           501      G      2.744123E-04   9.476446E-04   7.337115E-04   3.299134E-02  -8.545939E-03  -4.935326E-04
           502      G      2.873874E-04   8.653880E-04   1.166016E-03   1.190117E-02   3.983866E-02   6.897014E-03
           503      G      2.084024E-04   7.435548E-04   2.194406E-03   2.048453E-02   3.110823E-02   8.242656E-03
           504      G      1.150308E-04   6.439977E-04   2.881920E-03   3.122065E-02   2.053217E-02   3.839919E-03
           505      G     -7.600569E-06   6.109820E-04   3.128555E-03   2.808234E-02   1.342678E-04  -7.377829E-05
           506      G      1.644250E-04   8.715987E-04   1.355805E-03  -1.025928E-03   3.236315E-02   6.001744E-03
           507      G      1.231324E-04   7.352791E-04   2.302423E-03  -1.794596E-02   3.460267E-02   3.312992E-03
           508      G      5.902907E-05   6.382057E-04   3.045244E-03  -2.141938E-02   1.919202E-02   2.027820E-03
           509      G     -4.880492E-06   6.073835E-04   3.301731E-03  -1.508500E-02   2.512667E-04  -1.197316E-04
           510      G      6.657996E-05   1.107213E-03   8.864375E-04  -3.989682E-02  -1.239720E-02   1.179610E-02
           511      G      8.764208E-05   9.005906E-04   9.250909E-04  -4.190772E-02   1.816557E-02   3.331706E-03
           512      G      5.701492E-05   7.282836E-04   1.482243E-03  -5.267048E-02   1.957582E-02   3.842833E-03
           513      G      2.873143E-05   6.401305E-04   1.946713E-03  -7.221970E-02   1.393639E-02   1.619898E-03
           514      G     -2.082131E-06   6.098598E-04   2.154733E-03  -7.916203E-02   2.522290E-04  -1.165863E-04
           515      G     -2.910812E-04   9.655550E-04   7.338367E-04   3.228964E-02   7.528822E-03   3.570327E-04
           516      G     -3.023932E-04   8.783157E-04   1.186059E-03   1.326926E-02  -3.982976E-02  -7.132486E-03
           517      G     -2.238816E-04   7.528990E-04   2.207934E-03   2.110103E-02  -3.100996E-02  -8.436269E-03
           518      G     -1.301888E-04   6.485779E-04   2.890419E-03   3.156296E-02  -2.021913E-02  -4.060851E-03
           519      G     -1.742779E-04   8.870235E-04   1.388825E-03  -1.263692E-03  -3.237818E-02  -5.883638E-03
           520      G     -1.331592E-04   7.447230E-04   2.327167E-03  -1.766679E-02  -3.424029E-02  -3.572277E-03
           521      G     -6.887265E-05   6.429945E-04   3.059076E-03  -2.133645E-02  -1.872733E-02  -2.239991E-03
           522      G     -6.890786E-05   1.127517E-03   9.378577E-04  -3.670926E-02   1.396644E-02  -1.180428E-02
           523      G     -9.332619E-05   9.156485E-04   9.530218E-04  -4.237468E-02  -1.811619E-02  -3.617182E-03
           524      G     -6.145154E-05   7.382257E-04   1.505975E-03  -5.298852E-02  -1.922778E-02  -4.081382E-03
           525      G     -3.301510E-05   6.450009E-04   1.960433E-03  -7.227124E-02  -1.352193E-02  -1.861418E-03
          1000      G      1.757551E-06   5.534711E-05  -9.703032E-04  -1.635707E-02  -1.306985E-05   8.441454E-04
          1001      G      6.212231E-06  -1.816874E-05  -2.169526E-04   1.159767E-04   3.567783E-05  -2.138181E-02
          1002      G      8.398203E-06   5.763390E-05  -2.174653E-04   1.462761E-04   4.318466E-05  -2.030761E-02
          1003      G      1.763330E-06   1.489073E-05  -1.077498E-03  -1.591283E-02   1.588018E-03   2.776895E-06
          1004      G      5.356831E-06   3.397917E-05  -9.019462E-04  -1.297569E-03   1.236660E-03  -4.551453E-05
          1005      G      8.890509E-06   1.247530E-05  -9.146784E-04  -4.297565E-03   1.843616E-03  -9.642532E-05
          1006      G      2.686609E-06   3.670165E-05  -2.762422E-05  -6.917738E-03   2.732504E-04  -4.156787E-06
          1007      G      2.470118E-06   2.136430E-05  -1.185700E-04  -1.298352E-02   5.232529E-03  -8.122130E-05
          1008      G      2.758667E-06   3.264596E-05  -1.893503E-04  -7.573919E-03  -1.792298E-05  -1.237661E-04
          1009      G      4.210722E-06  -1.712012E-05  -8.293879E-05   8.747903E-05   6.865700E-06  -1.859671E-02
          1010      G      1.298814E-05   4.273631E-05  -8.294235E-05   1.040848E-04  -1.031967E-06  -1.298092E-02
          1011      G      1.507287E-05   2.746076E-05  -1.007957E-03   6.776318E-03   6.782267E-03  -7.430647E-05
          1012      G      2.108989E-05   5.401293E-06  -1.084926E-03   6.973623E-03   4.617003E-04  -5.009852E-02
          1013      G      3.209530E-06   1.709905E-05  -1.182796E-04  -3.254660E-02  -4.833334E-03  -3.085303E-04
          1014      G      5.173325E-06   1.627865E-05  -4.950085E-05  -4.444826E-02   8.627247E-04   8.234794E-03
          1015      G     -2.716661E-06  -1.908309E-05  -2.175149E-04   1.141776E-04  -2.876822E-05   2.303467E-02
          1016      G     -5.222767E-06   6.033576E-05  -2.178524E-04   1.465116E-04  -3.610906E-05   2.180051E-02
          1017      G     -1.873048E-06   3.428932E-05  -8.172719E-04  -5.588803E-03   1.211081E-03   4.150927E-05
          1018      G     -5.365859E-06   1.344763E-05  -7.989104E-04  -1.211484E-02  -2.865408E-03   1.071274E-04
          1019      G      1.859828E-06   2.156860E-05   7.520708E-05  -1.315538E-02   5.963645E-03   7.655104E-05
          1020      G      1.321366E-06   3.277028E-05   1.570827E-04  -7.855526E-03  -8.946335E-05   1.184325E-04
          1021      G     -1.738911E-06  -1.380250E-05  -8.420960E-05   1.148558E-04  -4.919843E-07   1.761479E-02
          1022      G     -6.898642E-06   3.701474E-05  -8.415438E-05   1.302704E-04   5.357336E-06   1.405341E-02
1                                                       **STUDENT EDITION*    APRIL  18, 2026  MSC Nastran  3/ 3/26   PAGE    98
     DEFAULT                                                                                                                        
0                                                                                                            SUBCASE 1              
      EIGENVALUE =  7.067890E+06
          CYCLES =  4.231214E+02         R E A L   E I G E N V E C T O R   N O .          9
 
      POINT ID.   TYPE          T1             T2             T3             R1             R2             R3
          1023      G     -1.077685E-05   2.722684E-05  -1.008342E-03   2.459263E-03  -1.362253E-02   9.376554E-05
          1024      G     -1.914332E-05   5.409832E-06  -1.211661E-03   5.541500E-03  -1.858632E-03   5.346665E-02
          1025      G      9.249964E-07   1.738291E-05   8.970319E-05  -3.401505E-02  -4.645489E-03   3.008117E-04
          1026      G      5.073940E-07   1.624665E-05   6.861760E-06  -4.571457E-02  -3.591562E-04  -2.800577E-03
          1027      G      1.143647E-06   5.548760E-05   9.645346E-04  -1.623660E-02  -6.938205E-05  -8.339208E-04
          1028      G     -3.079244E-06  -1.901592E-05   2.169291E-04   1.141019E-04  -3.187940E-05  -2.317683E-02
          1029      G     -5.527346E-06   6.046976E-05   2.173528E-04   1.464530E-04  -3.918999E-05  -2.197155E-02
          1030      G      1.389675E-06   1.494566E-05   1.092421E-03  -1.697092E-02   2.204972E-03  -1.019211E-05
          1031      G     -1.840946E-06   3.444316E-05   8.274759E-04  -6.416863E-03   1.154499E-03  -4.688243E-05
          1032      G     -4.957435E-06   1.356417E-05   8.088776E-04  -1.264842E-02  -2.699178E-03  -1.194825E-04
          1033      G     -2.233360E-06  -1.399849E-05   8.399059E-05   1.218859E-04  -4.642531E-06  -1.748986E-02
          1034      G     -6.592392E-06   3.548322E-05   8.404816E-05   1.370690E-04   9.660570E-07  -1.436179E-02
          1035      G     -1.003145E-05   2.720161E-05   1.010619E-03   1.495233E-03  -1.322098E-02  -1.214619E-04
          1036      G     -1.936295E-05   4.416304E-06   1.215160E-03   4.426650E-03  -2.352366E-03  -5.255738E-02
          1037      G      5.251180E-06  -1.853597E-05   2.175154E-04   1.146440E-04   2.805869E-05   2.141418E-02
          1038      G      7.508523E-06   5.964588E-05   2.178385E-04   1.461412E-04   3.547847E-05   2.030420E-02
          1039      G      4.741014E-06   3.452375E-05   9.403322E-04  -2.226852E-03   2.046063E-03   3.455035E-05
          1040      G      7.719482E-06   1.347164E-05   9.837982E-04  -5.119211E-03   3.359877E-03   1.103255E-04
          1041      G      3.535453E-06  -1.447722E-05   8.440523E-05   1.146768E-04  -5.560250E-07   1.665355E-02
          1042      G      1.279143E-05   2.689487E-05   1.117166E-03   6.296928E-03   8.087759E-03   9.700337E-05
          1043      G      2.095581E-05   5.064006E-06   1.222799E-03   5.617059E-03   1.464026E-03   5.259537E-02
          1044      G      8.366427E-06   3.581107E-05   8.425886E-05   1.294536E-04  -6.448735E-06   1.326855E-02
          2000      G      1.412826E-07   1.238105E-04  -1.443418E-03   6.242120E-04  -2.405398E-04   5.550696E-04
          2001      G      1.542502E-05  -2.060711E-05  -2.173405E-04   1.106956E-04   3.052864E-05  -1.748420E-02
          2002      G      2.074840E-05   5.439893E-05  -2.174134E-04   1.418012E-04   4.342814E-05  -1.485364E-02
          2003      G      1.799571E-07   3.499206E-05  -1.078529E-03  -3.949760E-02   4.722792E-03   1.005291E-05
          2004      G      2.050366E-06   5.590267E-05  -6.815406E-04   1.314061E-03  -5.369988E-03  -2.507771E-04
          2005      G      1.531652E-05   1.738891E-05  -6.039467E-04  -6.569986E-03   1.240435E-03  -3.594344E-04
          2006      G      1.869598E-06   5.731130E-05  -1.250034E-05  -8.538086E-04  -6.419623E-05  -4.701873E-06
          2007      G      1.384232E-06   3.847948E-05  -1.679095E-04  -1.823800E-02   9.585548E-03  -1.092155E-04
          2008      G      1.681547E-06   4.785291E-05  -2.933690E-04  -3.085851E-03  -6.734013E-04  -2.920161E-04
          2009      G      1.453155E-05  -2.500793E-05  -8.295565E-05   8.833497E-05   6.995142E-06  -1.355295E-02
          2010      G      1.111095E-05   4.277668E-05  -8.286653E-05   9.985100E-05   9.747338E-07  -1.424443E-02
          2011      G      3.285340E-05   3.034613E-05  -8.453944E-04   1.044964E-02   1.963871E-02  -2.074086E-04
          2012      G      5.875892E-05   4.071137E-06  -1.259403E-03   3.226377E-02   1.056022E-02  -5.888308E-02
          2013      G      1.607703E-06   2.681126E-05  -1.972200E-04  -4.408066E-02  -6.324803E-03  -5.761966E-04
          2014      G      3.390065E-06   2.860064E-05  -9.355721E-05  -1.026861E-01   2.816736E-04   3.793050E-01
          2015      G     -1.525517E-05  -2.152741E-05  -2.178852E-04   1.085035E-04  -2.370036E-05   1.736825E-02
          2016      G     -2.096080E-05   5.710388E-05  -2.177758E-04   1.417181E-04  -3.657374E-05   1.454704E-02
          2017      G     -1.527876E-06   5.595794E-05  -4.454440E-04  -6.377490E-03   1.214040E-02   2.592216E-04
          2018      G     -1.463141E-05   1.757436E-05  -2.425823E-04  -1.900241E-02  -1.115602E-04   3.675668E-04
          2019      G      4.503344E-07   3.853176E-05   1.397335E-04  -1.646302E-02   9.120456E-03   1.038419E-04
          2020      G     -5.887928E-07   4.755758E-05   2.581104E-04  -2.994024E-03  -6.317981E-04   2.839961E-04
          2021      G     -1.620462E-05  -2.462048E-05  -8.423160E-05   1.162687E-04  -4.658543E-07   1.042858E-02
          2022      G     -7.611854E-06   3.371627E-05  -8.395031E-05   1.225286E-04   2.954145E-06   1.399539E-02
          2023      G     -3.114550E-05   3.038566E-05  -6.853681E-04   9.547972E-03  -3.517015E-02   2.674367E-04
          2024      G     -6.188178E-05  -7.491923E-07  -1.418506E-03   5.188906E-02  -1.578802E-02   1.363518E-01
          2025      G     -1.354798E-06   2.642012E-05   1.469223E-04  -5.748844E-02  -7.302842E-03   4.555057E-04
          2026      G     -2.035477E-06   3.810687E-05   1.032385E-05  -1.441480E-01  -1.184901E-03  -5.258683E-01
          2027      G     -9.115555E-07   1.297533E-04   1.432318E-03   2.881623E-04  -9.062861E-05  -9.059479E-04
1                                                       **STUDENT EDITION*    APRIL  18, 2026  MSC Nastran  3/ 3/26   PAGE    99
     DEFAULT                                                                                                                        
0                                                                                                            SUBCASE 1              
      EIGENVALUE =  7.067890E+06
          CYCLES =  4.231214E+02         R E A L   E I G E N V E C T O R   N O .          9
 
      POINT ID.   TYPE          T1             T2             T3             R1             R2             R3
          2028      G     -1.682453E-05  -2.139116E-05   2.173065E-04   1.084148E-04  -2.694623E-05  -1.695729E-02
          2029      G     -2.268200E-05   5.717729E-05   2.172993E-04   1.424654E-04  -3.954755E-05  -1.405968E-02
          2030      G     -5.217037E-07   3.616238E-05   1.127922E-03  -3.859391E-02   1.461869E-03  -1.879147E-05
          2031      G     -1.381673E-06   5.748392E-05   5.837165E-04  -4.325068E-03   9.329066E-03  -2.838654E-04
          2032      G     -1.483679E-05   1.774834E-05   4.396493E-04  -1.675273E-02  -1.813437E-03  -4.244000E-04
          2033      G     -1.722718E-05  -2.522002E-05   8.399386E-05   1.222254E-04  -4.909931E-06  -1.010747E-02
          2034      G     -7.520107E-06   3.187409E-05   8.395557E-05   1.321329E-04  -1.480349E-06  -1.426222E-02
          2035      G     -3.218846E-05   2.849941E-05   8.216116E-04   6.318341E-03  -2.834718E-02  -2.923741E-04
          2036      G     -6.404124E-05  -6.337130E-07   1.440201E-03   3.536675E-02  -1.615478E-02  -9.120348E-02
          2037      G      1.479658E-05  -2.087652E-05   2.178963E-04   1.090374E-04   2.294760E-05   1.723078E-02
          2038      G      2.051258E-05   5.650174E-05   2.177737E-04   1.411589E-04   3.588990E-05   1.440439E-02
          2039      G      5.487898E-07   5.767408E-05   6.618117E-04   3.108017E-04  -7.561121E-03   2.562596E-04
          2040      G      1.348623E-05   1.817341E-05   5.444651E-04  -7.327733E-03   5.594624E-04   3.850759E-04
          2041      G      1.583371E-05  -2.428950E-05   8.443996E-05   1.165623E-04  -5.701549E-07   1.051293E-02
          2042      G      7.838347E-06   3.354447E-05   8.404165E-05   1.218912E-04  -4.318854E-06   1.376429E-02
          2043      G      2.953099E-05   3.072845E-05   8.651980E-04   1.585214E-02   2.662263E-02   2.924032E-04
          2044      G      5.943005E-05  -1.256394E-06   1.436114E-03   5.183129E-02   1.401200E-02   1.371789E-01
          3000      G     -2.923988E-04  -4.614298E-03  -1.200837E-02   2.000189E+00   2.060882E-02  -1.642582E-01
          3001      G      1.681641E-06   1.152475E-03  -4.639726E-03   6.432206E-01  -6.266614E-02   3.603073E-01
          3002      G      6.139586E-04  -8.799647E-04  -6.620998E-03   1.097679E+00   3.036036E-02   4.980159E-01
          3003      G     -2.912045E-04   4.810004E-03  -2.054264E-01   3.139766E-01  -5.943823E-02   7.391150E-04
          3004      G      1.336871E-03   6.482477E-03  -2.031436E-01   2.960469E+00  -5.064038E-01   1.485523E-03
          3005      G      1.810816E-03   5.108759E-03  -1.479090E-01   5.960180E-01  -3.229833E+00  -9.721046E-03
          3006      G     -1.954019E-04   2.023089E-02  -1.201249E-03  -3.779583E+00  -2.124620E-02   1.077721E-03
          3007      G     -2.130131E-04   6.522814E-03  -7.071795E-04  -7.290667E+00  -1.039579E-02  -7.028698E-02
          3008      G     -2.012555E-04   1.472505E-02  -1.238663E-04  -2.786212E+00  -2.170888E-02  -3.758190E-02
          3009      G      5.031968E-04   5.390985E-03   1.883525E-03  -5.565934E-01   1.197711E-01  -1.043350E-01
          3010      G      2.060606E-03   6.531188E-03   4.221864E-03  -9.677349E-01   5.186864E-02   9.231068E-01
          3011      G      2.241895E-03   5.984115E-03  -5.929443E-02   2.445612E-01  -3.422755E+00  -3.168545E-03
          3012      G     -3.242099E-04   5.197532E-03  -3.249486E-03  -7.865862E-01  -2.605347E-01   7.298345E-01
          3013      G     -1.547555E-04   5.169729E-03  -2.585125E-05   4.633775E-01  -4.721123E-03  -1.360804E-01
          3014      G     -7.447118E-05   3.717908E-03  -2.611263E-04   3.593531E+00   8.832637E-03  -1.558807E+01
          3015      G     -6.198506E-04   1.351163E-03  -4.351785E-03   5.632147E-01   1.004012E-01  -8.197133E-01
          3016      G     -1.297448E-03  -1.166422E-03  -6.956037E-03   1.176039E+00  -4.057199E-02  -8.672381E-01
          3017      G     -1.885540E-03   6.466907E-03  -2.070871E-01   3.118197E+00   3.530690E-01  -4.346791E-04
          3018      G     -2.396822E-03   5.138755E-03  -1.549194E-01   6.143830E-01   3.188281E+00   1.245971E-02
          3019      G     -1.874004E-04   6.507453E-03  -6.521042E-04  -7.463551E+00   6.021299E-02   7.228861E-02
          3020      G     -1.629196E-04   1.469818E-02   4.642152E-05  -2.792361E+00  -1.543119E-02   4.052177E-02
          3021      G     -1.285352E-03   5.535756E-03   2.338566E-03  -6.682632E-01  -1.468918E-01  -1.915022E-01
          3022      G     -2.897159E-03   6.567039E-03   4.937776E-03  -1.146249E+00  -3.317283E-02  -1.529828E+00
          3023      G     -2.878187E-03   5.885852E-03  -6.293470E-02   2.363436E-01   3.686081E+00   7.134723E-03
          3024      G     -2.858550E-04   5.113115E-03  -3.263427E-03  -1.110365E+00   1.893935E-01  -1.929494E+00
          3025      G     -1.592347E-04   5.072348E-03   8.133037E-05   8.361304E-01   1.165406E-02   1.432128E-01
          3026      G     -1.545492E-04   3.229395E-03   6.113531E-05   4.764573E+00  -1.349215E-02   1.982996E+01
          3027      G     -7.156480E-05  -4.781906E-03   1.220501E-02   2.047868E+00  -1.692982E-03   2.392633E-02
          3028      G     -4.022592E-04   1.372720E-03   4.339893E-03   5.605085E-01   1.076080E-01   7.355295E-01
          3029      G     -1.091366E-03  -1.021156E-03   6.851720E-03   1.155679E+00  -3.989777E-02   7.597928E-01
          3030      G     -1.357198E-04   4.814383E-03   2.051409E-01   2.151887E-01   1.168804E-01   1.258210E-03
          3031      G     -1.778414E-03   6.471151E-03   2.025731E-01   2.944141E+00   4.581413E-01   2.648516E-03
          3032      G     -2.281966E-03   5.220672E-03   1.495973E-01   5.008339E-01   3.171682E+00  -8.948144E-03
1                                                       **STUDENT EDITION*    APRIL  18, 2026  MSC Nastran  3/ 3/26   PAGE   100
     DEFAULT                                                                                                                        
0                                                                                                            SUBCASE 1              
      EIGENVALUE =  7.067890E+06
          CYCLES =  4.231214E+02         R E A L   E I G E N V E C T O R   N O .          9
 
      POINT ID.   TYPE          T1             T2             T3             R1             R2             R3
          3033      G     -1.119629E-03   5.646894E-03  -2.337511E-03  -6.687297E-01  -1.504482E-01   9.347678E-02
          3034      G     -2.732679E-03   6.824811E-03  -5.036158E-03  -1.180072E+00  -1.829064E-02   1.491423E+00
          3035      G     -2.751144E-03   6.102349E-03   5.987885E-02   2.142736E-01   3.506394E+00  -5.536833E-03
          3036      G     -2.174738E-04   5.258494E-03   3.384246E-03  -8.284475E-01   1.859232E-01   7.863634E-01
          3037      G      2.592050E-04   1.293810E-03   4.401259E-03   5.745419E-01  -1.068986E-01  -6.755996E-01
          3038      G      9.510502E-04  -1.197665E-03   6.986668E-03   1.183142E+00   3.770645E-02  -7.140952E-01
          3039      G      1.521119E-03   6.417691E-03   2.070256E-01   3.074980E+00  -3.736571E-01  -1.300327E-04
          3040      G      2.055608E-03   5.119855E-03   1.552363E-01   6.101337E-01  -3.155871E+00   1.178538E-02
          3041      G      9.587341E-04   5.528900E-03  -2.252896E-03  -6.479800E-01   1.477586E-01  -4.023223E-02
          3042      G      2.594463E-03   6.633506E-03  -4.854433E-03  -1.138752E+00   1.956775E-02  -1.451127E+00
          3043      G      2.561544E-03   5.894375E-03   6.348516E-02   2.278987E-01  -3.700946E+00   6.826214E-03
          3044      G     -2.257899E-05   5.121052E-03   3.394428E-03  -1.112718E+00  -2.166746E-01  -1.929606E+00
          4000      G      1.574415E-05  -1.811759E-04  -2.445201E-03   7.710208E-02  -3.426104E-04   6.413415E-03
          4001      G     -3.400125E-05  -1.896657E-04  -2.735144E-03   9.742337E-02  -1.126298E-02   1.157891E-01
          4002      G     -7.581271E-05  -1.397863E-04  -1.755050E-03   9.040320E-02  -2.734206E-02   1.719783E-01
          4003      G      1.728610E-05  -2.005689E-04  -1.576516E-03  -7.739245E-02   8.750034E-04   1.914829E-05
          4004      G     -1.627774E-06  -1.779971E-04  -1.733945E-03  -8.466283E-02  -1.518291E-02   6.179654E-04
          4005      G     -2.285670E-05  -1.669160E-04  -8.268501E-04  -7.350685E-02  -2.537612E-02   9.990290E-04
          4006      G      1.481099E-05  -1.646815E-04   3.008557E-05   7.342473E-02   1.477552E-03  -1.390188E-05
          4007      G      1.549286E-05  -1.930083E-04   1.073060E-05   5.528583E-02   6.192172E-04   4.082133E-04
          4008      G      1.516819E-05  -1.429843E-04  -2.016248E-05   8.950862E-02   1.492192E-03   1.106404E-03
          4009      G     -1.160813E-04  -1.409986E-04  -1.319629E-03   1.050687E-01  -1.528324E-02   1.522320E-01
          4010      G     -1.469711E-04  -1.381026E-04  -9.751903E-04   1.530852E-01   6.944942E-03   1.533770E-02
          4011      G     -3.638268E-05  -1.314164E-04  -9.917232E-04  -1.856634E-02   2.380466E-02   1.698767E-03
          4012      G     -3.141437E-05  -7.370013E-05  -1.353907E-03   1.439146E-02   1.370537E-02   3.583514E-01
          4013      G      1.476784E-05  -1.254771E-04  -4.437828E-05  -5.493194E-03   1.673741E-03   1.493743E-03
          4014      G      1.836157E-05  -5.212751E-05  -1.160935E-04  -7.700813E-02   2.871313E-03   8.253886E-01
          4015      G      6.669425E-05  -1.963321E-04  -2.743745E-03   9.998666E-02   1.192439E-02  -1.086782E-01
          4016      G      1.112277E-04  -1.429807E-04  -1.740732E-03   9.085460E-02   2.766230E-02  -1.723064E-01
          4017      G      3.559744E-05  -1.806504E-04  -1.679481E-03  -8.671109E-02   1.798994E-02  -5.770467E-04
          4018      G      5.724120E-05  -1.730795E-04  -6.983834E-04  -7.205185E-02   2.812013E-02  -1.005773E-03
          4019      G      1.445023E-05  -1.943432E-04   3.599698E-06   5.856136E-02  -3.121747E-03  -4.424764E-04
          4020      G      1.353716E-05  -1.448548E-04  -2.793545E-05   9.082214E-02   1.510158E-03  -1.167358E-03
          4021      G      1.570320E-04  -1.546796E-04  -1.316970E-03   1.101547E-01   1.679794E-02  -1.650943E-01
          4022      G      1.965920E-04  -1.558477E-04  -1.023915E-03   1.751203E-01  -1.823401E-02   4.039395E-02
          4023      G      6.962476E-05  -1.376792E-04  -9.655422E-04  -1.372259E-02  -3.390010E-02  -1.796965E-03
          4024      G      5.600965E-05  -7.785854E-05  -1.489633E-03   1.843920E-02  -1.497549E-02  -3.527399E-01
          4025      G      1.328729E-05  -1.265004E-04  -1.861741E-05  -1.478268E-02  -1.987193E-04  -1.643558E-03
          4026      G      1.289802E-05  -4.485476E-05  -5.150789E-06  -1.026302E-01   1.537583E-03  -9.294955E-01
          4027      G      1.044067E-05  -1.824706E-04   2.431980E-03   7.732524E-02   3.885521E-04  -8.446184E-03
          4028      G      6.185943E-05  -1.979369E-04   2.745237E-03   1.006440E-01   1.163573E-02   1.049557E-01
          4029      G      1.065114E-04  -1.454044E-04   1.739572E-03   9.088144E-02   2.754745E-02   1.665862E-01
          4030      G      1.288943E-05  -2.023653E-04   1.614341E-03  -7.444883E-02  -2.014612E-03  -2.891232E-05
          4031      G      3.249905E-05  -1.809632E-04   1.794156E-03  -8.366073E-02   1.584946E-02   5.508103E-04
          4032      G      5.460491E-05  -1.738393E-04   8.047141E-04  -7.050706E-02   3.049698E-02   9.325987E-04
          4033      G      1.538957E-04  -1.575354E-04   1.310958E-03   1.093120E-01   1.821441E-02   1.637369E-01
          4034      G      1.979172E-04  -1.663678E-04   1.035873E-03   1.808015E-01  -2.324304E-02  -6.703019E-02
          4035      G      6.651923E-05  -1.416075E-04   1.016690E-03  -1.637755E-02  -3.204505E-02   1.763843E-03
          4036      G      4.905567E-05  -7.912502E-05   1.513771E-03   3.410428E-03  -1.603269E-02   4.031231E-01
          4037      G     -4.113018E-05  -1.966753E-04   2.750294E-03   1.005650E-01  -1.121519E-02  -1.225752E-01
1                                                       **STUDENT EDITION*    APRIL  18, 2026  MSC Nastran  3/ 3/26   PAGE   101
     DEFAULT                                                                                                                        
0                                                                                                            SUBCASE 1              
      EIGENVALUE =  7.067890E+06
          CYCLES =  4.231214E+02         R E A L   E I G E N V E C T O R   N O .          9
 
      POINT ID.   TYPE          T1             T2             T3             R1             R2             R3
          4038      G     -8.627130E-05  -1.426253E-04   1.739696E-03   9.096771E-02  -2.729070E-02  -1.860542E-01
          4039      G     -7.151841E-06  -1.807302E-04   1.701632E-03  -8.628967E-02  -1.804321E-02  -6.178898E-04
          4040      G     -2.987574E-05  -1.726943E-04   6.792567E-04  -7.317028E-02  -2.997281E-02  -1.021191E-03
          4041      G     -1.325059E-04  -1.533411E-04   1.305764E-03   1.074062E-01  -1.693431E-02  -1.811847E-01
          4042      G     -1.726215E-04  -1.564880E-04   1.010858E-03   1.729591E-01   2.071482E-02   3.519231E-02
          4043      G     -4.354827E-05  -1.374995E-04   9.198214E-04  -1.319729E-02   3.437784E-02  -1.811816E-03
          4044      G     -3.069729E-05  -7.723248E-05   1.476621E-03   1.897933E-02   1.835426E-02  -3.472874E-01
1                                                       **STUDENT EDITION*    APRIL  18, 2026  MSC Nastran  3/ 3/26   PAGE   102
     DEFAULT                                                                                                                        
0                                                                                                            SUBCASE 1              
      EIGENVALUE =  7.458314E+06
          CYCLES =  4.346508E+02         R E A L   E I G E N V E C T O R   N O .         10
 
      POINT ID.   TYPE          T1             T2             T3             R1             R2             R3
             1      G      0.0            0.0            0.0            0.0            0.0            0.0
             2      G      0.0            0.0            0.0            0.0            0.0            0.0
             3      G      0.0            0.0            0.0            0.0            0.0            0.0
             4      G      0.0            0.0            0.0            0.0            0.0            0.0
             5      G      0.0            0.0            0.0            0.0            0.0            0.0
             6      G      0.0            0.0            0.0            0.0            0.0            0.0
             7      G      0.0            0.0            0.0            0.0            0.0            0.0
             8      G      0.0            0.0            0.0            0.0            0.0            0.0
            10      G      1.561758E-04  -1.561643E-05  -4.283314E-04  -1.532882E-03   5.849635E-04   1.599714E-02
            11      G      1.561671E-04   1.501375E-05  -4.292030E-04   1.534486E-03   5.821583E-04  -1.645194E-02
            12      G     -1.432729E-04  -1.823371E-05  -4.177627E-04  -7.899493E-04  -4.697573E-04  -3.534921E-02
            13      G     -1.460579E-04   1.396695E-05  -4.178853E-04   8.085076E-04  -4.772526E-04   3.586414E-02
            14      G     -1.387497E-04   2.448888E-05   4.278340E-04   7.599863E-04  -4.528034E-04  -3.341226E-02
            15      G     -1.461375E-04  -1.110367E-05   4.283460E-04  -8.135071E-04  -4.658984E-04   3.504978E-02
            16      G      1.495360E-04   3.236367E-05   4.398976E-04   1.525361E-03   5.502183E-04   2.009694E-02
            17      G      1.574699E-04  -4.011361E-05   4.403204E-04  -1.497851E-03   5.793615E-04  -2.492346E-02
           100      G     -2.512581E-04   4.484306E-04  -8.024168E-02   2.648130E+00   4.187988E-02  -2.210869E-02
           101      G     -5.462135E-04   8.548411E-06  -1.542740E-01  -3.949795E-04  -1.869456E-01  -4.471838E-04
           102      G     -1.050385E-04  -6.877179E-05  -4.611373E-02   1.458228E+00   1.458609E+00  -9.663877E-03
           103      G     -2.247687E-03   7.263642E-06  -8.282390E-02   3.662499E-04   3.213178E+00   2.368295E-04
           104      G     -4.597318E-04   8.316677E-06  -1.809275E-04   7.939233E-03   9.192557E-01  -2.805463E-02
           105      G     -1.807264E-03   3.416805E-06  -3.756077E-04   2.505344E-05   1.602856E-01   6.444992E-05
           106      G      1.167358E-04   6.476569E-04   4.432038E-04  -8.135071E-04  -4.658984E-04   3.504978E-02
           107      G      1.167358E-04  -2.877342E-04   4.307702E-04  -8.135071E-04  -4.658984E-04   3.504978E-02
           108      G      3.446190E-04   1.083218E-05   4.877118E-05   8.275273E-04  -2.051505E-01  -2.088447E-02
           109      G     -2.945603E-05  -2.270396E-04   4.472091E-04  -1.497851E-03   5.793615E-04  -2.492346E-02
           110      G      1.521752E-04  -2.330709E-03   1.374305E-02  -5.410939E-01  -3.073894E-01   2.819310E-01
           111      G     -2.945603E-05   4.692597E-04   4.633950E-04  -1.497851E-03   5.793615E-04  -2.492346E-02
           112      G     -2.871178E-04   1.850394E-05  -3.662032E-02   1.160087E+00  -2.138177E+00  -2.124939E-02
           113      G     -7.050179E-05   3.095088E-05   1.708154E-02   2.284503E-03  -3.923748E-01  -8.954612E-03
           114      G      5.913632E-04   4.878232E-06  -7.260512E-02  -2.056835E-03  -3.337131E+00   2.651814E-03
           115      G     -2.245640E-04  -4.253050E-04   8.026298E-02  -2.641093E+00   4.461782E-02  -2.208486E-02
           116      G     -5.190878E-04  -1.291447E-06   1.542871E-01   5.350436E-04  -1.876559E-01   3.423443E-05
           117      G     -8.930019E-05   7.872568E-05   4.591156E-02  -1.447534E+00   1.467617E+00  -9.724732E-03
           118      G     -2.241507E-03   2.875302E-07   8.243766E-02   2.205845E-04   3.230298E+00   1.188389E-04
           119      G      1.229231E-04  -6.600995E-04  -4.329190E-04   8.085076E-04  -4.772526E-04   3.586414E-02
           120      G      1.229231E-04   2.970247E-04  -4.201824E-04   8.085076E-04  -4.772526E-04   3.586414E-02
           121      G      3.277758E-05   1.384033E-04  -4.363455E-04   1.534486E-03   5.821583E-04  -1.645194E-02
           122      G      2.312498E-04   2.241688E-03  -1.339925E-02   5.396194E-01  -3.109629E-01   2.705955E-01
           123      G      3.277758E-05  -3.212227E-04  -4.526095E-04   1.534486E-03   5.821583E-04  -1.645194E-02
           124      G     -2.373220E-04  -1.922180E-05   3.683330E-02  -1.157980E+00  -2.132774E+00  -2.033864E-02
           125      G     -2.119824E-05  -1.622984E-06  -1.653524E-02   1.571808E-04  -3.985152E-01  -1.927556E-04
           126      G      6.376815E-04  -1.530677E-06   7.293947E-02   7.060083E-04  -3.331123E+00   3.521071E-05
           127      G     -2.439899E-04  -4.223743E-04  -8.021904E-02  -2.646304E+00   3.872839E-02   2.188454E-02
           128      G     -1.035267E-04   8.566390E-05  -4.611795E-02  -1.457742E+00   1.459369E+00   9.825373E-03
           129      G     -4.588100E-04  -2.546054E-06  -1.774113E-04  -7.664104E-03   9.193035E-01   2.811101E-02
           130      G      1.118423E-04  -6.034945E-04   4.420443E-04   7.599863E-04  -4.528034E-04  -3.341226E-02
           131      G      1.118423E-04   2.881952E-04   4.299601E-04   7.599863E-04  -4.528034E-04  -3.341226E-02
           132      G      3.437228E-04  -4.507682E-06   4.833722E-05  -7.395275E-04  -2.046879E-01   2.049818E-02
           133      G     -1.191019E-06   1.830907E-04   4.472111E-04   1.525361E-03   5.502183E-04   2.009694E-02
1                                                       **STUDENT EDITION*    APRIL  18, 2026  MSC Nastran  3/ 3/26   PAGE   103
     DEFAULT                                                                                                                        
0                                                                                                            SUBCASE 1              
      EIGENVALUE =  7.458314E+06
          CYCLES =  4.346508E+02         R E A L   E I G E N V E C T O R   N O .         10
 
      POINT ID.   TYPE          T1             T2             T3             R1             R2             R3
           134      G      1.846231E-04   2.320575E-03   1.373503E-02   5.483837E-01  -3.082346E-01  -2.841399E-01
           135      G     -1.191019E-06  -3.783676E-04   4.625829E-04   1.525361E-03   5.502183E-04   2.009694E-02
           136      G     -2.634275E-04   3.004671E-06  -3.657575E-02  -1.153160E+00  -2.135423E+00   2.109034E-02
           137      G     -2.232633E-04   4.208238E-04   8.025386E-02   2.641792E+00   4.440381E-02   2.193970E-02
           138      G     -8.924671E-05  -7.926879E-05   4.590954E-02   1.448039E+00   1.467324E+00   9.814488E-03
           139      G      1.218461E-04   6.461546E-04  -4.325164E-04  -7.899493E-04  -4.697573E-04  -3.534921E-02
           140      G      1.218461E-04  -2.972274E-04  -4.199798E-04  -7.899493E-04  -4.697573E-04  -3.534921E-02
           141      G      3.619732E-05  -1.355950E-04  -4.354408E-04  -1.532882E-03   5.849635E-04   1.599714E-02
           142      G      2.350040E-04  -2.244052E-03  -1.339591E-02  -5.390832E-01  -3.096889E-01  -2.714219E-01
           143      G      3.619732E-05   3.113251E-04  -4.517833E-04  -1.532882E-03   5.849635E-04   1.599714E-02
           144      G     -2.343279E-04   1.511452E-05   3.682091E-02   1.158188E+00  -2.132831E+00   2.033963E-02
           200      G     -1.120614E-05  -1.798573E-04   4.472091E-04  -1.497851E-03   5.793615E-04  -2.492346E-02
           201      G     -1.120614E-05   5.164420E-04   4.633950E-04  -1.497851E-03   5.793615E-04  -2.492346E-02
           202      G      1.020600E-04   6.732824E-04   4.432038E-04  -8.135071E-04  -4.658984E-04   3.504978E-02
           203      G      1.020600E-04  -2.621087E-04   4.307702E-04  -8.135071E-04  -4.658984E-04   3.504978E-02
           204      G     -1.116604E-03   1.117064E-04   5.330181E-05   1.353598E-02   1.080696E+00  -3.841941E-01
           205      G     -2.034084E-02  -1.209612E-03   1.634352E-02   9.879791E-01   4.699171E+00  -1.556761E-01
           206      G     -2.672381E-02  -5.194660E-05   2.410075E-02  -1.212728E-02   6.849143E+00  -7.457263E-02
           207      G      5.111556E-05   9.006695E-05  -4.363455E-04   1.534486E-03   5.821583E-04  -1.645194E-02
           208      G      5.111556E-05  -3.695590E-04  -4.526095E-04   1.534486E-03   5.821583E-04  -1.645194E-02
           209      G      1.078896E-04  -6.855675E-04  -4.329190E-04   8.085076E-04  -4.772526E-04   3.586414E-02
           210      G      1.078896E-04   2.715568E-04  -4.201824E-04   8.085076E-04  -4.772526E-04   3.586414E-02
           211      G     -1.889293E-02   1.078548E-03  -1.591659E-02  -1.506124E+00   4.515978E+00  -2.763615E-01
           212      G     -2.761662E-02  -1.219753E-06  -2.338789E-02  -1.194056E-03   6.726309E+00  -5.538483E-04
           213      G      1.614086E-05   1.350418E-04   4.472111E-04   1.525361E-03   5.502183E-04   2.009694E-02
           214      G      1.614086E-05  -4.264164E-04   4.625829E-04   1.525361E-03   5.502183E-04   2.009694E-02
           215      G      9.757897E-05  -6.274341E-04   4.420443E-04   7.599863E-04  -4.528034E-04  -3.341226E-02
           216      G      9.757897E-05   2.642557E-04   4.299601E-04   7.599863E-04  -4.528034E-04  -3.341226E-02
           217      G     -1.114725E-03  -1.066761E-04   5.163122E-05  -1.476119E-02   1.084084E+00   3.835908E-01
           218      G     -2.068422E-02   1.475345E-03   1.638940E-02  -1.501538E+00   4.773479E+00   1.888255E-01
           219      G      5.462367E-05  -8.730919E-05  -4.354408E-04  -1.532882E-03   5.849635E-04   1.599714E-02
           220      G      5.462367E-05   3.596108E-04  -4.517833E-04  -1.532882E-03   5.849635E-04   1.599714E-02
           221      G      1.070488E-04   6.710380E-04  -4.325164E-04  -7.899493E-04  -4.697573E-04  -3.534921E-02
           222      G      1.070488E-04  -2.723440E-04  -4.199798E-04  -7.899493E-04  -4.697573E-04  -3.534921E-02
           223      G     -1.887899E-02  -1.080490E-03  -1.591594E-02   1.504414E+00   4.524154E+00   2.748875E-01
           224      G     -6.099856E-03  -4.495346E-03   1.451250E+00  -4.686054E+01  -1.945751E+00  -1.106398E-01
           225      G     -9.396971E-03   1.241840E-05   2.701232E+00  -8.599710E-03   2.918949E+00  -4.180383E-04
           226      G     -6.487320E-03   3.472080E-03   8.390881E-01  -2.588583E+01  -2.607866E+01   9.457441E-02
           227      G      2.340426E-02   1.289924E-05   1.465455E+00  -2.203003E-03  -5.598837E+01   6.128672E-04
           228      G     -1.397495E-03  -8.673981E-05   2.289658E-02  -5.902971E-01  -1.758294E+01   3.881222E-01
           229      G      1.787253E-02   1.778633E-06   3.855164E-02   1.049985E-04  -3.362522E+00   1.397297E-06
           230      G     -9.280370E-03   2.137207E-03   7.983538E-01  -2.478856E+01   3.345057E+01  -1.762969E-01
           231      G     -3.528883E-02   9.628867E-05   1.442477E+00  -6.165966E-02   5.341983E+01   1.546381E-02
           232      G     -5.197622E-03   5.106712E-03  -1.448258E+00   4.713742E+01  -1.956371E+00  -9.106548E-02
           233      G     -7.832710E-03  -2.625187E-06  -2.708784E+00   3.933207E-03   2.555402E+00   2.668854E-05
           234      G     -6.114260E-03  -3.220308E-03  -8.134591E-01   2.534828E+01  -2.712228E+01   9.436915E-02
           235      G      2.463579E-02  -1.022401E-06  -1.427182E+00   1.458021E-03  -5.768744E+01   2.150763E-04
           236      G     -9.475719E-03  -2.431968E-03  -7.978214E-01   2.480507E+01   3.488983E+01  -1.313903E-01
           237      G     -2.866443E-02  -7.252301E-07  -1.450183E+00   3.481584E-03   5.842611E+01  -4.664426E-05
           238      G     -6.173477E-03   4.521765E-03   1.451550E+00   4.672323E+01  -1.976797E+00   1.102083E-01
1                                                       **STUDENT EDITION*    APRIL  18, 2026  MSC Nastran  3/ 3/26   PAGE   104
     DEFAULT                                                                                                                        
0                                                                                                            SUBCASE 1              
      EIGENVALUE =  7.458314E+06
          CYCLES =  4.346508E+02         R E A L   E I G E N V E C T O R   N O .         10
 
      POINT ID.   TYPE          T1             T2             T3             R1             R2             R3
           239      G     -6.525885E-03  -3.453016E-03   8.391371E-01   2.580545E+01  -2.607262E+01  -9.429391E-02
           240      G     -1.416052E-03   8.042657E-05   2.292628E-02   5.570375E-01  -1.758594E+01  -3.879353E-01
           241      G     -9.452624E-03  -2.113104E-03   7.994528E-01   2.454072E+01   3.344011E+01   1.785978E-01
           242      G     -5.199119E-03  -5.115596E-03  -1.448338E+00  -4.714854E+01  -1.958279E+00   9.091832E-02
           243      G     -6.122911E-03   3.217070E-03  -8.134846E-01  -2.536851E+01  -2.712342E+01  -9.434997E-02
           244      G     -9.469952E-03   2.427529E-03  -7.979214E-01  -2.481296E+01   3.488973E+01   1.313486E-01
           300      G     -1.603091E-04   1.193456E-04   6.011289E-04   1.588917E-02  -4.237175E-03   1.469649E-02
           301      G     -2.521645E-04   1.661190E-04   1.752971E-04   3.013561E-02  -6.814010E-03  -1.486421E-02
           302      G     -1.614917E-04   4.313236E-05   2.854096E-05   1.932619E-03  -2.399665E-02   1.315283E-02
           303      G     -3.044958E-04   1.029893E-03   3.023931E-03  -1.030435E-01   3.937971E-03  -2.721239E-04
           304      G     -1.309349E-04   5.314183E-04   1.254232E-03  -5.881314E-02  -3.305640E-02   3.874918E-02
           305      G      8.219019E-04   1.122134E-03   1.273731E-02  -2.257475E-01   1.054764E-01  -6.711027E-02
           306      G      1.171327E-03   1.557020E-04   1.777658E-02  -1.941938E-02   7.220046E-02   3.145440E-02
           307      G     -1.519951E-04  -6.596471E-05  -5.778492E-04  -1.960909E-02  -7.096251E-04   2.031864E-02
           308      G     -2.663485E-04  -9.531403E-05  -1.286643E-04  -2.963374E-02  -6.265144E-03  -1.752297E-02
           309      G     -3.554465E-04  -1.073464E-03  -2.967636E-03   7.597434E-02   2.588830E-02  -1.958480E-03
           310      G     -1.328821E-04  -4.844593E-04  -1.202063E-03   5.408169E-02  -2.539646E-02   4.594744E-02
           311      G      8.738008E-04  -1.144745E-03  -1.239642E-02   2.384163E-01   9.887402E-02  -7.379759E-02
           312      G      1.173317E-03   6.972378E-06  -1.718219E-02   2.564330E-04   7.158711E-02   3.093053E-05
           313      G     -1.279280E-04  -2.698417E-05   5.989799E-04  -2.008346E-02   1.196703E-05  -1.871454E-02
           314      G     -2.365444E-04  -9.106713E-05   1.689105E-04  -3.278712E-02  -2.509431E-03   1.802397E-02
           315      G     -1.370283E-04   2.966343E-05   3.252690E-05  -1.659140E-03  -3.028375E-02  -1.149691E-02
           316      G     -3.254072E-04  -9.629900E-04   3.020667E-03   7.730739E-02   3.053489E-02  -2.765308E-03
           317      G     -1.097174E-04  -4.172469E-04   1.235506E-03   5.825116E-02  -2.734541E-02  -4.501227E-02
           318      G      8.910740E-04  -1.064813E-03   1.273716E-02   2.533850E-01   1.040482E-01   7.674802E-02
           319      G     -1.284298E-04   1.062147E-04  -5.756218E-04   2.025522E-02  -6.862478E-04  -1.984444E-02
           320      G     -2.415031E-04   1.503537E-04  -1.311554E-04   2.997024E-02  -4.519538E-03   1.851546E-02
           321      G     -3.325089E-04   1.089496E-03  -2.961174E-03  -7.671413E-02   2.678646E-02   2.240195E-03
           322      G     -1.103090E-04   5.113878E-04  -1.199982E-03  -5.471350E-02  -2.511312E-02  -4.545758E-02
           323      G      8.895583E-04   1.159329E-03  -1.239262E-02  -2.383918E-01   1.003203E-01   7.378637E-02
           324      G      6.361049E-04   1.730441E-04  -1.530662E-02   3.798050E-01  -1.135255E-01   1.858353E-02
           325      G      1.083468E-03   4.624824E-05  -2.014268E-02  -1.118355E-03   6.001024E-02   4.480149E-04
           326      G      6.131344E-04   3.598240E-05  -1.218733E-02   2.590788E-01   3.316250E-01   7.370484E-03
           327      G      7.951956E-04   3.710623E-05  -1.370974E-02  -9.224465E-03   4.143772E-01   2.446976E-04
           328      G      5.527062E-04   3.817362E-05  -1.100256E-03   7.581049E-03   3.072305E-01   1.500313E-02
           329      G      8.066801E-04   3.174673E-05  -5.275114E-04  -6.459979E-04   1.238434E-01   2.714361E-04
           330      G      6.483674E-04   3.024936E-04  -5.873662E-04   6.578412E-02  -6.908752E-01   1.798593E-02
           331      G      1.497111E-03   3.729645E-05  -1.332820E-03   7.469840E-03  -7.932030E-01  -3.945983E-03
           332      G      6.526165E-04  -1.152843E-04   1.470010E-02  -3.935323E-01  -7.893966E-02   1.718890E-02
           333      G      1.090568E-03   1.983475E-05   2.085162E-02   2.853935E-04   5.989918E-02   3.532647E-04
           334      G      6.295415E-04   3.101350E-05   1.042625E-02  -2.474604E-01   3.631469E-01   7.571046E-03
           335      G      7.855461E-04   2.592749E-05   1.340056E-02  -8.401052E-03   4.514924E-01   2.074340E-04
           336      G      6.831399E-04  -2.404977E-04   7.921224E-04  -8.467234E-02  -6.657606E-01   1.879703E-02
           337      G      1.510925E-03   1.391409E-05   2.163125E-03   1.378036E-03  -7.982636E-01   2.462689E-04
           338      G      6.633913E-04  -8.489494E-05  -1.488302E-02  -3.811346E-01  -9.090761E-02  -1.719757E-02
           339      G      6.367361E-04   4.200155E-05  -1.140720E-02  -2.523950E-01   3.342770E-01  -7.072744E-03
           340      G      5.687429E-04   2.791449E-05  -3.315231E-04  -9.975121E-03   3.080076E-01  -1.518467E-02
           341      G      7.028723E-04  -1.698639E-04  -6.114981E-04  -7.652868E-02  -6.790931E-01  -1.813807E-02
           342      G      6.655766E-04   1.550097E-04   1.528743E-02   3.919083E-01  -9.215611E-02  -1.707702E-02
           343      G      6.427213E-04   2.271712E-05   1.128564E-02   2.534313E-01   3.617615E-01  -7.179217E-03
1                                                       **STUDENT EDITION*    APRIL  18, 2026  MSC Nastran  3/ 3/26   PAGE   105
     DEFAULT                                                                                                                        
0                                                                                                            SUBCASE 1              
      EIGENVALUE =  7.458314E+06
          CYCLES =  4.346508E+02         R E A L   E I G E N V E C T O R   N O .         10
 
      POINT ID.   TYPE          T1             T2             T3             R1             R2             R3
           344      G      6.971484E-04   2.678917E-04   1.028376E-03   8.317432E-02  -6.798702E-01  -1.844043E-02
           400      G     -1.193245E-03   2.293331E-04   6.990300E-04   2.923470E-02  -4.667524E-02   1.225149E-02
           401      G     -1.168321E-03   4.643360E-04   2.171410E-04   7.251847E-02  -3.533921E-02   5.098472E-03
           402      G     -1.134039E-03   3.972388E-05   2.379091E-05  -2.185630E-04  -3.467341E-02   2.061545E-02
           403      G     -1.548571E-03   1.119328E-03   4.192894E-03  -8.824598E-03  -1.326378E-01  -3.318965E-02
           404      G     -1.288017E-03   5.190252E-04   1.849412E-03   8.691289E-02   4.845041E-03   1.173620E-02
           405      G     -3.179316E-04   9.740658E-04   1.174611E-02  -1.831437E-01  -2.145902E-01  -4.893806E-02
           406      G      1.473563E-06   5.862367E-05   1.554178E-02   1.218958E-03  -2.801813E-01   3.281792E-03
           407      G     -1.193385E-03  -1.535560E-04  -6.631956E-04  -3.051974E-02  -4.723017E-02   1.244768E-02
           408      G     -1.167917E-03  -3.820814E-04  -1.754252E-04  -7.264485E-02  -3.588120E-02   5.284347E-03
           409      G     -1.542987E-03  -1.034756E-03  -4.111602E-03   9.197213E-03  -1.337590E-01  -3.313476E-02
           410      G     -1.287396E-03  -4.408744E-04  -1.804603E-03  -8.901670E-02   6.585883E-03   1.114908E-02
           411      G     -3.233029E-04  -8.831036E-04  -1.138906E-02   1.756646E-01  -2.139047E-01  -4.910163E-02
           412      G     -8.658825E-06   1.281321E-05  -1.502412E-02  -1.986359E-04  -2.785176E-01   1.755498E-04
           413      G     -1.164408E-03  -1.268789E-04   6.948937E-04  -2.988070E-02  -4.697922E-02  -1.198443E-02
           414      G     -1.137588E-03  -3.724523E-04   2.138008E-04  -7.306669E-02  -3.512605E-02  -4.927646E-03
           415      G     -1.104389E-03   3.952606E-05   2.419722E-05  -4.818244E-04  -3.439754E-02  -1.999993E-02
           416      G     -1.518657E-03  -9.930638E-04   4.191917E-03   1.207572E-02  -1.355072E-01   3.377697E-02
           417      G     -1.260027E-03  -4.018386E-04   1.846523E-03  -8.717037E-02   5.755739E-03  -1.102062E-02
           418      G     -3.018263E-04  -8.384249E-04   1.172408E-02   1.809262E-01  -2.147168E-01   5.023122E-02
           419      G     -1.162403E-03   2.076750E-04  -6.625879E-04   2.966165E-02  -4.709250E-02  -1.199783E-02
           420      G     -1.137651E-03   4.493245E-04  -1.748007E-04   7.193280E-02  -3.589266E-02  -4.806786E-03
           421      G     -1.510621E-03   1.061588E-03  -4.103608E-03  -9.819218E-03  -1.330560E-01   3.356382E-02
           422      G     -1.255889E-03   4.819656E-04  -1.801107E-03   8.790936E-02   6.683064E-03  -1.068813E-02
           423      G     -3.080312E-04   9.088884E-04  -1.138485E-02  -1.758176E-01  -2.136496E-01   4.945181E-02
           424      G     -6.475975E-04   2.736907E-04  -2.621445E-02   9.213869E-01  -4.846190E-02   9.175052E-03
           425      G     -3.055604E-04   5.181444E-05  -5.061537E-02  -2.359135E-04  -2.077272E-01   3.551629E-04
           426      G     -6.026502E-04   3.546874E-05  -1.572329E-02   4.725379E-01   4.445787E-01   2.825566E-03
           427      G     -1.057081E-03   4.596697E-05  -2.735374E-02  -4.203476E-04   1.079740E+00   1.894455E-04
           428      G     -6.665906E-04   4.130287E-05  -1.383489E-04   5.045390E-03   3.290522E-01  -3.634949E-03
           429      G     -9.493624E-04   3.995753E-05  -2.910444E-04  -2.898444E-04  -6.771630E-02   2.256461E-04
           430      G     -5.641169E-04   2.696192E-04  -8.874531E-03   3.395441E-01  -8.572817E-01   1.537516E-02
           431      G      2.739791E-04   5.824030E-05  -1.860839E-02   9.386859E-04  -1.319546E+00  -6.869226E-04
           432      G     -6.505012E-04  -1.953083E-04   2.630617E-02  -9.221715E-01  -4.318107E-02   9.024845E-03
           433      G     -3.154138E-04   2.733758E-05   5.070641E-02  -3.796296E-04  -2.059458E-01   2.260017E-04
           434      G     -6.034260E-04   4.249321E-05   1.559751E-02  -4.676463E-01   4.513777E-01   2.810770E-03
           435      G     -1.066001E-03   3.368156E-05   2.708639E-02  -2.925434E-04   1.093521E+00   2.383888E-04
           436      G     -5.684781E-04  -1.921863E-04   9.128763E-03  -3.436846E-01  -8.530450E-01   1.518411E-02
           437      G      2.611407E-04   2.016144E-05   1.892713E-02  -3.356375E-04  -1.310906E+00   2.908962E-04
           438      G     -6.331214E-04  -1.695273E-04  -2.623338E-02  -9.207808E-01  -4.702999E-02  -8.911146E-03
           439      G     -5.883510E-04   5.612437E-05  -1.572849E-02  -4.720686E-01   4.443484E-01  -2.418474E-03
           440      G     -6.517528E-04   3.853325E-05  -1.442249E-04  -4.948857E-03   3.292053E-01   3.899959E-03
           441      G     -5.495152E-04  -1.559586E-04  -8.909305E-03  -3.399634E-01  -8.579680E-01  -1.493027E-02
           442      G     -6.352924E-04   2.499983E-04   2.630444E-02   9.223397E-01  -4.321900E-02  -8.699401E-03
           443      G     -5.884394E-04   2.475292E-05   1.559427E-02   4.677214E-01   4.515332E-01  -2.398726E-03
           444      G     -5.530435E-04   2.327552E-04   9.127964E-03   3.439582E-01  -8.528547E-01  -1.474173E-02
           445      G     -3.128925E-03   2.765484E-03   4.496427E-03  -1.163668E-01  -6.625673E-02  -6.623229E-02
           446      G     -2.821473E-03   9.563263E-04   2.207933E-03  -9.255136E-02  -7.743364E-02   2.272440E-02
           447      G     -2.493531E-03   3.272369E-04   8.587925E-04  -6.154518E-02  -2.702909E-02   2.479060E-02
           448      G     -2.245051E-03   8.305638E-05   3.003902E-04  -4.600685E-02  -7.313786E-03   2.928494E-02
1                                                       **STUDENT EDITION*    APRIL  18, 2026  MSC Nastran  3/ 3/26   PAGE   106
     DEFAULT                                                                                                                        
0                                                                                                            SUBCASE 1              
      EIGENVALUE =  7.458314E+06
          CYCLES =  4.346508E+02         R E A L   E I G E N V E C T O R   N O .         10
 
      POINT ID.   TYPE          T1             T2             T3             R1             R2             R3
           449      G     -2.167478E-03   3.883562E-05   2.229301E-05   5.105967E-04  -2.224417E-03   2.532888E-02
           450      G     -1.905660E-03   2.093678E-03   1.138843E-02  -1.626592E-01  -1.512090E-01  -1.081463E-01
           451      G     -1.637951E-03   6.195534E-05   1.469307E-02   1.622530E-04  -2.178637E-01   4.697669E-04
           452      G     -3.100098E-03  -2.599806E-03  -4.403727E-03   1.113986E-01  -6.465753E-02  -6.429754E-02
           453      G     -2.801964E-03  -8.490288E-04  -2.156024E-03   9.060482E-02  -7.645856E-02   2.188549E-02
           454      G     -2.482423E-03  -2.401820E-04  -8.208482E-04   6.059204E-02  -2.704695E-02   2.417463E-02
           455      G     -2.241025E-03  -4.467971E-06  -2.588081E-04   4.635445E-02  -7.693324E-03   2.879363E-02
           456      G     -1.908819E-03  -1.948487E-03  -1.104083E-02   1.566114E-01  -1.476917E-01  -1.045294E-01
           457      G     -1.647818E-03   1.532781E-05  -1.421256E-02  -4.452215E-05  -2.107668E-01   1.710346E-04
           458      G     -3.097809E-03  -2.635634E-03   4.492287E-03   1.149812E-01  -6.571591E-02   6.647266E-02
           459      G     -2.790561E-03  -8.410113E-04   2.205392E-03   9.221244E-02  -7.761897E-02  -2.225343E-02
           460      G     -2.462006E-03  -2.238028E-04   8.556770E-04   6.143801E-02  -2.698995E-02  -2.434854E-02
           461      G     -2.212890E-03   8.993854E-06   2.980357E-04   4.578761E-02  -7.246201E-03  -2.884408E-02
           462      G     -2.134471E-03   4.177407E-05   2.213620E-05  -8.054738E-04  -2.157083E-03  -2.494882E-02
           463      G     -1.890510E-03  -1.968884E-03   1.137243E-02   1.631253E-01  -1.504109E-01   1.089620E-01
           464      G     -3.065071E-03   2.630390E-03  -4.395667E-03  -1.113442E-01  -6.464627E-02   6.468044E-02
           465      G     -2.767195E-03   8.929145E-04  -2.151833E-03  -9.053904E-02  -7.630057E-02  -2.148698E-02
           466      G     -2.448527E-03   2.968825E-04  -8.191128E-04  -6.065325E-02  -2.701064E-02  -2.371670E-02
           467      G     -2.207853E-03   7.320392E-05  -2.579710E-04  -4.652572E-02  -7.685337E-03  -2.829987E-02
           468      G     -1.892336E-03   1.979150E-03  -1.103642E-02  -1.567361E-01  -1.476439E-01   1.048844E-01
           469      G     -2.295788E-03   2.046232E-03   7.711109E-03  -1.715289E-01  -1.049283E-01   7.270048E-02
           470      G     -2.201115E-03   9.654228E-04   6.755461E-03  -2.896350E-01  -4.075531E-02   2.308786E-02
           471      G     -2.110206E-03   2.556007E-04   5.608363E-03  -2.775646E-01  -5.598604E-02   1.641588E-02
           472      G     -2.062784E-03   7.726885E-05   3.465419E-03  -1.851044E-01  -9.433637E-02   4.626688E-03
           473      G     -2.046248E-03   3.768203E-05  -6.050345E-05   5.182640E-03  -1.246433E-01   5.941964E-03
           474      G     -1.743223E-03   6.214765E-04   1.232187E-02  -1.858489E-01   6.004690E-02   3.902869E-02
           475      G     -1.741863E-03   2.364603E-04   1.278272E-02  -3.085472E-01  -6.959967E-02   1.024574E-02
           476      G     -1.795912E-03   6.586217E-05   8.258095E-03  -2.001398E-01  -2.435411E-01   8.501053E-03
           477      G     -1.817045E-03   3.785939E-05  -2.034407E-04   6.154619E-03  -3.090926E-01   9.468163E-03
           478      G     -1.727759E-03   8.767099E-04   1.395055E-02  -8.527965E-02  -1.686320E-01   2.874721E-02
           479      G     -1.436795E-03   4.426607E-04   1.618447E-02  -1.606096E-01   1.309832E-01   6.487043E-03
           480      G     -1.513919E-03   1.322395E-04   1.804797E-02  -1.644163E-01  -7.125662E-02   7.960211E-03
           481      G     -1.601133E-03   6.254659E-05   1.197799E-02  -1.284294E-01  -3.446945E-01   4.063997E-03
           482      G     -1.379156E-03   5.744941E-05   1.749550E-02   3.627319E-05   1.535407E-01   1.372302E-04
           483      G     -1.413513E-03   5.173434E-05   1.974566E-02   1.626771E-04  -6.659467E-02   2.051987E-04
           484      G     -1.541327E-03   4.614706E-05   1.337495E-02   1.357325E-04  -3.647264E-01   1.994507E-04
           485      G     -1.648432E-03   3.882774E-05  -3.237220E-04   4.245242E-03  -4.653371E-01   4.034099E-03
           486      G     -1.586677E-03   4.034840E-05  -3.751280E-04   1.132158E-04  -5.353223E-01   2.020938E-04
           487      G     -2.288823E-03  -1.903562E-03  -7.496871E-03   1.654571E-01  -1.022746E-01   7.041197E-02
           488      G     -2.196282E-03  -8.580001E-04  -6.634260E-03   2.843864E-01  -3.732644E-02   2.245740E-02
           489      G     -2.107664E-03  -1.717559E-04  -5.607458E-03   2.804485E-01  -5.267601E-02   1.595511E-02
           490      G     -2.061455E-03   9.967434E-08  -3.551676E-03   1.932988E-01  -9.227907E-02   4.513233E-03
           491      G     -1.749378E-03  -5.254235E-04  -1.213956E-02   1.848815E-01   6.671257E-02   3.778358E-02
           492      G     -1.747045E-03  -1.530550E-04  -1.286488E-02   3.115900E-01  -6.097123E-02   9.981250E-03
           493      G     -1.798365E-03   1.130850E-05  -8.571990E-03   2.099134E-01  -2.375825E-01   8.328404E-03
           494      G     -1.733977E-03  -7.717957E-04  -1.350499E-02   8.165487E-02  -1.630465E-01   2.778881E-02
           495      G     -1.450745E-03  -3.518987E-04  -1.597559E-02   1.586711E-01   1.394651E-01   6.332970E-03
           496      G     -1.523286E-03  -5.098120E-05  -1.819923E-02   1.667931E-01  -5.864001E-02   7.770125E-03
           497      G     -1.605855E-03   1.616960E-05  -1.247716E-02   1.345225E-01  -3.351928E-01   3.964855E-03
           498      G     -1.392522E-03   2.197333E-05  -1.727797E-02  -4.945354E-05   1.632340E-01   2.273495E-04
1                                                       **STUDENT EDITION*    APRIL  18, 2026  MSC Nastran  3/ 3/26   PAGE   107
     DEFAULT                                                                                                                        
0                                                                                                            SUBCASE 1              
      EIGENVALUE =  7.458314E+06
          CYCLES =  4.346508E+02         R E A L   E I G E N V E C T O R   N O .         10
 
      POINT ID.   TYPE          T1             T2             T3             R1             R2             R3
           499      G     -1.424452E-03   2.838969E-05  -1.992699E-02   1.521068E-05  -5.338040E-02   2.151057E-04
           500      G     -1.546903E-03   3.443837E-05  -1.394645E-02   6.043141E-05  -3.528329E-01   2.105582E-04
           501      G     -2.272518E-03  -1.918841E-03   7.690800E-03   1.713347E-01  -1.042705E-01  -7.231557E-02
           502      G     -2.178353E-03  -8.500979E-04   6.746414E-03   2.894878E-01  -4.061247E-02  -2.269534E-02
           503      G     -2.086884E-03  -1.520603E-04   5.601440E-03   2.774018E-01  -5.599774E-02  -1.602786E-02
           504      G     -2.038943E-03   1.493024E-05   3.458500E-03   1.849574E-01  -9.428290E-02  -4.230228E-03
           505      G     -2.022005E-03   4.294277E-05  -6.567199E-05  -5.317385E-03  -1.245784E-01  -5.532061E-03
           506      G     -1.728230E-03  -5.062319E-04   1.231378E-02   1.858809E-01   6.002667E-02  -3.871208E-02
           507      G     -1.726698E-03  -1.329318E-04   1.277481E-02   3.085938E-01  -6.961688E-02  -9.847211E-03
           508      G     -1.780410E-03   2.639974E-05   8.249855E-03   2.001560E-01  -2.435191E-01  -8.100953E-03
           509      G     -1.801228E-03   4.280352E-05  -2.101165E-04  -6.164628E-03  -3.090047E-01  -9.068414E-03
           510      G     -1.720068E-03  -7.510472E-04   1.394321E-02   8.574670E-02  -1.682558E-01  -2.848786E-02
           511      G     -1.429295E-03  -3.280841E-04   1.618021E-02   1.610057E-01   1.309431E-01  -6.079500E-03
           512      G     -1.506334E-03  -2.863900E-05   1.804257E-02   1.645862E-01  -7.129948E-02  -7.582487E-03
           513      G     -1.593399E-03   2.971442E-05   1.197232E-02   1.286363E-01  -3.446740E-01  -3.665963E-03
           514      G     -1.640544E-03   4.186950E-05  -3.283982E-04  -4.085665E-03  -4.652808E-01  -3.627241E-03
           515      G     -2.263346E-03   1.934518E-03  -7.489649E-03  -1.655605E-01  -1.022411E-01  -6.994465E-02
           516      G     -2.170936E-03   9.018817E-04  -6.629853E-03  -2.844088E-01  -3.718934E-02  -2.201808E-02
           517      G     -2.082597E-03   2.285865E-04  -5.606910E-03  -2.805117E-01  -5.254153E-02  -1.553254E-02
           518      G     -2.036743E-03   6.870120E-05  -3.554305E-03  -1.934097E-01  -9.216356E-02  -4.107891E-03
           519      G     -1.732965E-03   5.693880E-04  -1.213686E-02  -1.849966E-01   6.679272E-02  -3.734545E-02
           520      G     -1.730757E-03   2.098500E-04  -1.286523E-02  -3.116021E-01  -6.083325E-02  -9.559503E-03
           521      G     -1.782289E-03   5.755502E-05  -8.575813E-03  -2.099199E-01  -2.374592E-01  -7.910952E-03
           522      G     -1.725794E-03   8.028101E-04  -1.350297E-02  -8.176905E-02  -1.630233E-01  -2.733331E-02
           523      G     -1.442575E-03   3.957530E-04  -1.597435E-02  -1.586974E-01   1.395093E-01  -5.917491E-03
           524      G     -1.515175E-03   1.077933E-04  -1.819965E-02  -1.667991E-01  -5.856294E-02  -7.350617E-03
           525      G     -1.597834E-03   5.269587E-05  -1.247982E-02  -1.344299E-01  -3.351036E-01  -3.552970E-03
          1000      G     -1.736868E-03   4.179633E-06   4.537557E-05   8.273967E-04  -2.051704E-01  -1.833711E-01
          1001      G     -1.761518E-03  -2.373284E-04   4.219146E-04  -6.605641E-04  -5.496391E-04  -9.695892E-01
          1002      G     -1.597698E-03   6.435538E-04   4.346325E-04  -6.689148E-04  -4.943273E-04  -8.880268E-01
          1003      G     -1.791799E-03   4.231125E-06  -1.819443E-04   1.054189E-02   1.936846E+00   1.155954E-02
          1004      G     -1.612594E-03   2.795797E-04  -5.242756E-02   1.927953E+00   1.540009E+00   6.348549E-03
          1005      G     -1.662239E-03   4.568889E-04  -7.905592E-02   3.391008E+00   5.732822E-02   1.711206E-04
          1006      G     -6.937808E-04   3.227481E-06  -3.756496E-04   2.505883E-05   1.606220E-01   2.100007E-04
          1007      G     -1.416828E-03   9.747397E-06  -8.818147E-02  -3.232875E-04   5.036336E+00   1.641533E-04
          1008      G     -2.044033E-03   1.180250E-05  -1.542883E-01  -3.948368E-04  -1.870480E-01   1.901796E-04
          1009      G     -1.146860E-03   9.863997E-04   4.628393E-04  -1.204274E-03   6.520099E-04  -5.242452E-01
          1010      G     -7.944378E-04   4.961985E-04   4.695214E-04  -1.504172E-03   5.566233E-04  -3.450325E-01
          1011      G     -2.005467E-03   5.849053E-04  -3.783246E-02   1.555903E+00  -2.776528E+00  -1.137315E-02
          1012      G     -2.311922E-03   1.532854E-04   1.249472E-02  -5.411079E-01  -3.075212E-01   6.792690E-01
          1013      G     -2.527920E-03   1.979558E-05  -7.566234E-02   1.602921E-03  -5.271703E+00   3.287120E-04
          1014      G     -3.156201E-03   2.671412E-05   1.549209E-02   2.282967E-03  -3.924719E-01   1.762914E-03
          1015      G     -1.755340E-03   2.472262E-04  -4.113094E-04   6.550556E-04  -5.624046E-04  -9.703565E-01
          1016      G     -1.588581E-03  -6.533838E-04  -4.243041E-04   6.536639E-04  -5.060124E-04  -8.873337E-01
          1017      G     -1.605750E-03  -2.733638E-04   5.218162E-02  -1.915148E+00   1.548888E+00   6.197002E-03
          1018      G     -1.653218E-03  -4.320189E-04   7.908170E-02  -3.386325E+00   6.705887E-02   3.730809E-04
          1019      G     -1.410298E-03  -2.057617E-06   8.776764E-02   2.924045E-04   5.062252E+00   1.734813E-04
          1020      G     -2.023660E-03  -5.654793E-06   1.543013E-01   5.350547E-04  -1.877565E-01   1.576515E-04
          1021      G     -1.150074E-03  -8.814764E-04  -4.522198E-04   1.272230E-03   6.696484E-04  -5.673774E-01
          1022      G     -7.559075E-04  -5.982427E-04  -4.586208E-04   1.517825E-03   5.376384E-04  -3.627005E-01
1                                                       **STUDENT EDITION*    APRIL  18, 2026  MSC Nastran  3/ 3/26   PAGE   108
     DEFAULT                                                                                                                        
0                                                                                                            SUBCASE 1              
      EIGENVALUE =  7.458314E+06
          CYCLES =  4.346508E+02         R E A L   E I G E N V E C T O R   N O .         10
 
      POINT ID.   TYPE          T1             T2             T3             R1             R2             R3
          1023      G     -1.966491E-03  -5.926994E-04   3.810778E-02  -1.557402E+00  -2.768847E+00  -1.127038E-02
          1024      G     -2.263283E-03  -1.299365E-04  -1.213662E-02   5.396285E-01  -3.110986E-01   7.406125E-01
          1025      G     -2.516728E-03  -9.589008E-06   7.602748E-02   7.565508E-04  -5.250327E+00   1.670966E-04
          1026      G     -3.156010E-03  -1.363087E-05  -1.492128E-02   1.572431E-04  -3.986078E-01  -5.156756E-03
          1027      G     -1.708308E-03   1.443698E-06   4.529481E-05  -7.394156E-04  -2.047077E-01   1.709470E-01
          1028      G     -1.729190E-03   2.399104E-04   4.208788E-04   6.005211E-04  -5.361507E-04   9.494486E-01
          1029      G     -1.566095E-03  -5.999749E-04   4.332705E-04   6.195043E-04  -4.808343E-04   8.682477E-01
          1030      G     -1.775422E-03  -2.643872E-08  -1.726329E-04  -9.234003E-03   1.936628E+00  -1.119275E-02
          1031      G     -1.598637E-03  -2.624116E-04  -5.240683E-02  -1.925413E+00   1.539444E+00  -5.848621E-03
          1032      G     -1.646446E-03  -4.204240E-04  -7.903356E-02  -3.386984E+00   5.797618E-02   1.771797E-04
          1033      G     -1.122471E-03  -9.025552E-04   4.621229E-04   1.248167E-03   6.306791E-04   5.318747E-01
          1034      G     -7.419063E-04  -5.094988E-04   4.694050E-04   1.517652E-03   5.146930E-04   3.360208E-01
          1035      G     -1.974667E-03  -5.514225E-04  -3.783871E-02  -1.551630E+00  -2.775273E+00   1.168325E-02
          1036      G     -2.285944E-03  -1.001241E-04   1.248330E-02   5.483937E-01  -3.083647E-01  -7.382537E-01
          1037      G     -1.728348E-03  -2.478380E-04  -4.110248E-04  -6.354242E-04  -5.546633E-04   9.558763E-01
          1038      G     -1.562480E-03   6.395381E-04  -4.238304E-04  -6.361353E-04  -4.982185E-04   8.732972E-01
          1039      G     -1.590719E-03   2.700249E-04   5.218110E-02   1.915794E+00   1.548557E+00  -5.882124E-03
          1040      G     -1.638860E-03   4.202336E-04   7.907273E-02   3.386520E+00   6.676207E-02  -6.709769E-05
          1041      G     -1.124686E-03   8.608264E-04  -4.513971E-04  -1.271333E-03   6.730318E-04   5.569278E-01
          1042      G     -1.951469E-03   5.739581E-04   3.809254E-02   1.557302E+00  -2.769016E+00   1.156833E-02
          1043      G     -2.249097E-03   1.033489E-04  -1.213838E-02  -5.390922E-01  -3.098245E-01  -7.496886E-01
          1044      G     -7.285704E-04   5.766626E-04  -4.577183E-04  -1.515209E-03   5.395414E-04   3.510954E-01
          2000      G      1.187772E-02  -6.200307E-06   2.410932E-06   1.353739E-02   1.081591E+00   2.577174E+00
          2001      G      1.223799E-02  -3.485700E-04   6.550155E-04  -5.910584E-03   9.034691E-04   6.016501E+00
          2002      G      1.083767E-02   2.924845E-04   6.369035E-04  -1.076217E-03  -1.407362E-04   5.320389E+00
          2003      G      1.249053E-02  -7.254755E-05   2.361707E-02  -9.138680E-01  -3.474067E+01  -1.516562E-01
          2004      G      1.069144E-02  -2.499209E-03   9.295735E-01  -3.364492E+01  -2.675024E+01  -6.753291E-02
          2005      G      1.150699E-02  -2.976497E-03   1.422836E+00  -5.943106E+01  -3.444483E+00   7.428216E-03
          2006      G     -5.515094E-03   9.691043E-08   3.855551E-02   1.030324E-04  -3.367890E+00   1.283383E-03
          2007      G      5.644095E-03   2.377696E-05   1.543241E+00  -6.743826E-03  -8.721874E+01   1.739104E-03
          2008      G      1.355745E-02   7.830337E-05   2.701455E+00  -8.605500E-03   2.920377E+00   2.161381E-03
          2009      G      8.255064E-03  -3.520183E-03   6.176202E-04  -4.324177E-03  -1.914017E-03   4.137269E+00
          2010      G      4.550446E-03  -4.127714E-03   2.375356E-04  -9.045558E-04   2.677508E-04   2.152587E+00
          2011      G      1.361346E-02  -3.468114E-03   8.176362E-01  -3.148383E+01   4.301105E+01   1.045327E-01
          2012      G      1.653924E-02   6.689225E-04   3.542324E-02   9.888900E-01   4.701826E+00  -4.700093E+00
          2013      G      1.960134E-02   1.394900E-04   1.493342E+00  -6.917582E-02   8.188580E+01   2.300327E-03
          2014      G      2.642229E-02   1.956649E-04   5.191903E-02  -1.205673E-02   6.853064E+00  -1.157970E-03
          2015      G      1.230699E-02   3.433219E-04  -6.384364E-04   5.839621E-03   9.565612E-04   6.047103E+00
          2016      G      1.097339E-02  -3.116638E-04  -6.282647E-04   1.040529E-03  -1.327940E-04   5.384351E+00
          2017      G      1.055505E-02   2.334227E-03  -8.991776E-01   3.265309E+01  -2.781996E+01  -7.170709E-02
          2018      G      1.134101E-02   2.914119E-03  -1.418334E+00   5.946647E+01  -4.027873E+00  -2.535179E-03
          2019      G      5.157305E-03  -2.115165E-05  -1.502737E+00  -6.974859E-04  -8.980030E+01   1.055149E-03
          2020      G      1.236279E-02  -3.420547E-05  -2.708986E+00   3.932454E-03   2.557147E+00   9.066979E-04
          2021      G      8.591652E-03   3.800467E-03  -6.073459E-04   4.378487E-03  -1.936743E-03   4.265012E+00
          2022      G      4.895123E-03   4.345920E-03  -2.316950E-04   1.011058E-03   2.200564E-04   2.291801E+00
          2023      G      1.334289E-02   3.495368E-03  -8.171855E-01   3.134952E+01   4.316403E+01   8.790099E-02
          2024      G      1.650773E-02  -1.758599E-05  -3.426011E-02  -1.506844E+00   4.518563E+00  -6.243584E+00
          2025      G      1.834339E-02  -5.381157E-05  -1.498442E+00   3.863304E-03   8.231376E+01   8.829651E-04
          2026      G      2.465066E-02  -7.333122E-05  -5.071979E-02  -1.195715E-03   6.730693E+00  -4.014512E-02
          2027      G      1.208928E-02   2.082953E-05  -4.167096E-06  -1.476221E-02   1.084981E+00  -2.667705E+00
1                                                       **STUDENT EDITION*    APRIL  18, 2026  MSC Nastran  3/ 3/26   PAGE   109
     DEFAULT                                                                                                                        
0                                                                                                            SUBCASE 1              
      EIGENVALUE =  7.458314E+06
          CYCLES =  4.346508E+02         R E A L   E I G E N V E C T O R   N O .         10
 
      POINT ID.   TYPE          T1             T2             T3             R1             R2             R3
          2028      G      1.249986E-02   3.563376E-04   6.537176E-04   5.827687E-03   9.182170E-04  -6.150908E+00
          2029      G      1.116815E-02  -2.375661E-04   6.355044E-04   9.916355E-04  -1.219451E-04  -5.489006E+00
          2030      G      1.263718E-02   6.682914E-05   2.363637E-02   8.456187E-01  -3.474897E+01   1.535042E-01
          2031      G      1.085903E-02   2.533958E-03   9.296747E-01   3.353559E+01  -2.674159E+01   7.035680E-02
          2032      G      1.168361E-02   3.101253E-03   1.423223E+00   5.924540E+01  -3.484050E+00  -3.464936E-03
          2033      G      8.657480E-03   3.800310E-03   6.165437E-04   4.323029E-03  -1.941720E-03  -4.320224E+00
          2034      G      4.961287E-03   4.471936E-03   2.413972E-04   1.001632E-03   2.319317E-04  -2.340962E+00
          2035      G      1.380813E-02   3.707256E-03   8.189370E-01   3.123320E+01   4.299782E+01  -9.846627E-02
          2036      G      1.677927E-02  -1.701333E-04   3.576637E-02  -1.502250E+00   4.776107E+00   6.586627E+00
          2037      G      1.248903E-02  -3.457864E-04  -6.381915E-04  -5.818502E-03   9.654691E-04  -6.138787E+00
          2038      G      1.114277E-02   2.936500E-04  -6.277838E-04  -1.009293E-03  -1.231567E-04  -5.469718E+00
          2039      G      1.067723E-02  -2.358627E-03  -8.992186E-01  -3.269250E+01  -2.781832E+01   7.331886E-02
          2040      G      1.144019E-02  -2.973038E-03  -1.418448E+00  -5.949278E+01  -4.032858E+00   4.277867E-03
          2041      G      8.756645E-03  -3.891610E-03  -6.065579E-04  -4.376239E-03  -1.933182E-03  -4.345212E+00
          2042      G      5.056492E-03  -4.500162E-03  -2.309232E-04  -1.013214E-03   2.252778E-04  -2.370003E+00
          2043      G      1.342711E-02  -3.594155E-03  -8.173324E-01  -3.136445E+01   4.316551E+01  -8.604026E-02
          2044      G      1.658717E-02  -1.296861E-04  -3.429215E-02   1.505131E+00   4.526739E+00   6.165791E+00
          3000      G      1.429046E-03   2.808090E-05   2.078513E-05   1.931336E-03  -2.398982E-02   8.764152E-01
          3001      G      1.407566E-03  -7.001346E-05   5.372085E-05   3.014950E-02  -6.812301E-03   8.707481E-01
          3002      G      1.371604E-03  -5.203444E-06   5.365494E-04   1.588921E-02  -4.230258E-03   7.671694E-01
          3003      G      1.506197E-03   3.371572E-05  -2.557562E-04   1.214077E-02   2.396890E-01   2.103183E-03
          3004      G      1.553562E-03   3.497883E-05  -7.670429E-03   2.760349E-01   2.444884E-01   1.424631E-03
          3005      G      1.609365E-03   2.470122E-05  -9.278958E-03   4.767344E-01  -1.595161E-01   1.637688E-03
          3006      G      1.773381E-03   3.679038E-05  -5.275126E-04  -6.453856E-04   1.238527E-01   3.776562E-04
          3007      G      1.654300E-03   4.488919E-05  -1.262201E-02   1.000961E-03   5.560128E-01   3.866081E-04
          3008      G      1.573768E-03   5.516057E-05  -2.014289E-02  -1.118004E-03   5.999770E-02   4.278018E-04
          3009      G      1.329262E-03   1.378739E-04   1.424500E-03  -5.882563E-02  -3.303732E-02   8.218745E-01
          3010      G      1.277940E-03   2.990109E-04   3.452556E-03  -1.030499E-01   3.941712E-03   7.753487E-01
          3011      G      1.617225E-03   7.720570E-05   3.039384E-03   9.827445E-02  -6.478018E-01   4.815224E-03
          3012      G      1.655192E-03   2.887453E-04   1.315840E-02  -2.257465E-01   1.054156E-01   1.379488E+00
          3013      G      1.700443E-03   6.343342E-05  -6.925820E-04   1.882301E-03  -1.269372E+00   5.867384E-04
          3014      G      1.739867E-03   8.556638E-05   1.806415E-02  -1.941787E-02   7.213479E-02   8.070400E-02
          3015      G      1.411417E-03   1.369366E-04  -9.142402E-06  -2.964727E-02  -6.264455E-03   8.802325E-01
          3016      G      1.379644E-03   8.764912E-05  -4.983801E-04  -1.960746E-02  -7.041898E-04   7.474150E-01
          3017      G      1.553175E-03   3.528239E-05   7.584812E-03  -2.700651E-01   2.699693E-01   1.399560E-03
          3018      G      1.611377E-03   4.411211E-05   9.731935E-03  -4.894590E-01  -1.479756E-01   1.605452E-03
          3019      G      1.656169E-03   2.600566E-05   1.241631E-02  -1.426485E-03   6.128151E-01   3.721410E-04
          3020      G      1.579082E-03   1.748856E-05   2.085190E-02   2.857492E-04   5.988698E-02   3.539888E-04
          3021      G      1.341583E-03  -7.615800E-05  -1.368734E-03   5.409148E-02  -2.538102E-02   7.914860E-01
          3022      G      1.297228E-03  -2.311283E-04  -3.375669E-03   7.598070E-02   2.588863E-02   7.250500E-01
          3023      G      1.622291E-03  -5.306832E-06  -2.462063E-03  -1.126771E-01  -6.462961E-01   4.743068E-03
          3024      G      1.654823E-03  -2.217226E-04  -1.279101E-02   2.384139E-01   9.881433E-02   1.481225E+00
          3025      G      1.698145E-03   7.845987E-06   1.467590E-03   2.262293E-04  -1.270630E+00   3.472814E-04
          3026      G      1.737189E-03  -6.206069E-07  -1.746727E-02   2.562924E-04   7.152065E-02  -2.804521E-03
          3027      G      1.491688E-03   4.267626E-05   2.585911E-05  -1.658648E-03  -3.027578E-02  -9.220928E-01
          3028      G      1.475903E-03   1.660523E-04   3.678839E-05  -3.280053E-02  -2.508024E-03  -8.831399E-01
          3029      G      1.445188E-03   1.305332E-04   5.176251E-04  -2.008240E-02   1.744062E-05  -7.668650E-01
          3030      G      1.539590E-03   3.776671E-05  -3.176796E-04  -1.273024E-02   2.431644E-01  -1.339899E-03
          3031      G      1.589281E-03   5.821755E-05  -7.821012E-03  -2.768200E-01   2.457700E-01  -6.363336E-04
          3032      G      1.651284E-03   8.631441E-05  -9.431566E-03  -4.753556E-01  -1.572110E-01  -7.743595E-04
1                                                       **STUDENT EDITION*    APRIL  18, 2026  MSC Nastran  3/ 3/26   PAGE   110
     DEFAULT                                                                                                                        
0                                                                                                            SUBCASE 1              
      EIGENVALUE =  7.458314E+06
          CYCLES =  4.346508E+02         R E A L   E I G E N V E C T O R   N O .         10
 
      POINT ID.   TYPE          T1             T2             T3             R1             R2             R3
          3033      G      1.406427E-03  -1.337892E-05   1.415067E-03   5.826230E-02  -2.733034E-02  -8.210063E-01
          3034      G      1.351252E-03  -1.448204E-04   3.452544E-03   7.731391E-02   3.053579E-02  -7.136983E-01
          3035      G      1.666122E-03   5.948765E-05   2.875218E-03  -1.030468E-01  -6.464241E-01  -4.018721E-03
          3036      G      1.712268E-03  -1.440583E-04   1.315254E-02   2.533825E-01   1.039842E-01  -1.542467E+00
          3037      G      1.470930E-03  -8.452121E-05  -1.031777E-05   2.998356E-02  -4.518550E-03  -8.916045E-01
          3038      G      1.436617E-03  -5.254669E-05  -4.935679E-04   2.025355E-02  -6.807953E-04  -7.644788E-01
          3039      G      1.585031E-03   1.733311E-05   7.569290E-03   2.706983E-01   2.689582E-01  -6.821322E-04
          3040      G      1.641610E-03  -1.035890E-05   9.704256E-03   4.883545E-01  -1.475481E-01  -9.112365E-04
          3041      G      1.396833E-03   9.293378E-05  -1.369750E-03  -5.472336E-02  -2.509762E-02  -8.071653E-01
          3042      G      1.351920E-03   2.285369E-04  -3.375747E-03  -7.672051E-02   2.678692E-02  -7.376075E-01
          3043      G      1.651052E-03   2.153149E-05  -2.483575E-03   1.125748E-01  -6.458911E-01  -4.070264E-03
          3044      G      1.682177E-03   2.207320E-04  -1.279300E-02  -2.383893E-01   1.002610E-01  -1.488893E+00
          4000      G     -1.894371E-03   4.154291E-05   2.464844E-05  -2.187793E-04  -3.468757E-02  -2.622605E-01
          4001      G     -1.924297E-03  -9.882559E-05  -7.737815E-05   7.257347E-02  -3.535700E-02  -2.419545E-01
          4002      G     -1.928520E-03   6.755356E-06   5.785605E-04   2.923777E-02  -4.668097E-02  -1.938438E-01
          4003      G     -1.975169E-03   4.219608E-05  -1.272028E-04   7.496420E-03   7.259793E-01   2.451666E-03
          4004      G     -1.908597E-03   6.400072E-05  -1.836908E-02   6.254128E-01   4.688496E-01   1.116575E-03
          4005      G     -1.893055E-03   7.683534E-05  -2.610056E-02   1.154963E+00  -2.744104E-02   8.129629E-04
          4006      G     -1.559616E-03   4.228533E-05  -2.910774E-04  -2.897861E-04  -6.760118E-02   2.137653E-04
          4007      G     -1.794791E-03   4.823806E-05  -2.943647E-02  -5.564506E-06   1.752049E+00   2.095250E-04
          4008      G     -1.948343E-03   5.371567E-05  -5.062026E-02  -2.358413E-04  -2.077694E-01   2.079293E-04
          4009      G     -1.887563E-03   1.476446E-04   1.509999E-03   8.692826E-02   4.887631E-03  -3.302904E-01
          4010      G     -1.777669E-03   3.403800E-04   3.702891E-03  -8.832533E-03  -1.326512E-01   4.515480E-01
          4011      G     -1.929912E-03   1.623240E-04  -9.658753E-03   4.632938E-01  -1.073911E+00  -2.411456E-04
          4012      G     -2.012716E-03   1.551899E-04   1.088192E-02  -1.831638E-01  -2.146515E-01   1.183388E+00
          4013      G     -2.050469E-03   5.946292E-05  -1.986585E-02  -2.696334E-04  -1.916686E+00   1.939106E-04
          4014      G     -2.197643E-03   6.365605E-05   1.441414E-02   1.218738E-03  -2.802439E-01  -1.061490E-02
          4015      G     -1.924238E-03   1.822202E-04   1.195696E-04  -7.269925E-02  -3.589920E-02  -2.401626E-01
          4016      G     -1.928322E-03   7.916817E-05  -5.375848E-04  -3.052265E-02  -4.723603E-02  -1.916707E-01
          4017      G     -1.908705E-03   2.084896E-05   1.824473E-02  -6.176079E-01   4.766648E-01   1.115755E-03
          4018      G     -1.893501E-03   8.394311E-06   2.620886E-02  -1.154437E+00  -1.976171E-02   8.337592E-04
          4019      G     -1.793583E-03   3.647372E-05   2.915127E-02  -1.440028E-04   1.773168E+00   2.148228E-04
          4020      G     -1.944685E-03   3.037395E-05   5.071132E-02  -3.795830E-04  -2.059868E-01   2.137654E-04
          4021      G     -1.887644E-03  -6.020582E-05  -1.460164E-03  -8.903264E-02   6.628557E-03  -3.369943E-01
          4022      G     -1.777354E-03  -2.551109E-04  -3.618600E-03   9.204680E-03  -1.337722E-01   4.533175E-01
          4023      G     -1.929476E-03  -7.743588E-05   9.933764E-03  -4.667935E-01  -1.069677E+00  -2.396018E-04
          4024      G     -2.012529E-03  -6.856389E-05  -1.052759E-02   1.756844E-01  -2.139650E-01   1.151735E+00
          4025      G     -2.048098E-03   2.478536E-05   2.020144E-02  -4.035768E-04  -1.903844E+00   2.105411E-04
          4026      G     -2.194663E-03   1.915340E-05  -1.390310E-02  -1.986778E-04  -2.785809E-01   2.199723E-03
          4027      G     -1.860256E-03   4.326891E-05   2.225050E-05  -4.816651E-04  -3.441174E-02   2.605142E-01
          4028      G     -1.890499E-03   1.950763E-04  -8.291741E-05  -7.312167E-02  -3.514382E-02   2.411020E-01
          4029      G     -1.895201E-03   1.008106E-04   5.718501E-04  -2.988373E-02  -4.698496E-02   1.901383E-01
          4030      G     -1.957991E-03   4.261767E-05  -1.444384E-04  -7.021963E-03   7.262673E-01  -2.023255E-03
          4031      G     -1.891539E-03   3.237128E-05  -1.839344E-02  -6.251123E-01   4.690420E-01  -6.949406E-04
          4032      G     -1.876184E-03   3.092097E-05  -2.612829E-02  -1.154194E+00  -2.731448E-02  -4.054604E-04
          4033      G     -1.854123E-03  -2.932955E-05   1.507867E-03  -8.718572E-02   5.798401E-03   3.304751E-01
          4034      G     -1.743469E-03  -2.127181E-04   3.703449E-03   1.208303E-02  -1.355205E-01  -4.657109E-01
          4035      G     -1.913578E-03  -4.451078E-05  -9.680999E-03  -4.625466E-01  -1.074260E+00   6.552578E-04
          4036      G     -1.997456E-03  -2.568906E-05   1.085940E-02   1.809463E-01  -2.147774E-01  -1.172823E+00
          4037      G     -1.889958E-03  -1.093088E-04   1.173471E-04   7.198724E-02  -3.591066E-02   2.376408E-01
1                                                       **STUDENT EDITION*    APRIL  18, 2026  MSC Nastran  3/ 3/26   PAGE   111
     DEFAULT                                                                                                                        
0                                                                                                            SUBCASE 1              
      EIGENVALUE =  7.458314E+06
          CYCLES =  4.346508E+02         R E A L   E I G E N V E C T O R   N O .         10
 
      POINT ID.   TYPE          T1             T2             T3             R1             R2             R3
          4038      G     -1.894053E-03  -1.822261E-05  -5.404097E-04   2.966453E-02  -4.709836E-02   1.901298E-01
          4039      G     -1.891515E-03   5.206435E-05   1.823089E-02   6.178436E-01   4.768245E-01  -6.826270E-04
          4040      G     -1.876392E-03   5.256425E-05   2.620055E-02   1.154907E+00  -1.954120E-02  -3.985160E-04
          4041      G     -1.853761E-03   1.093388E-04  -1.461295E-03   8.792528E-02   6.725741E-03   3.357430E-01
          4042      G     -1.744186E-03   2.918560E-04  -3.615894E-03  -9.826911E-03  -1.330690E-01  -4.513087E-01
          4043      G     -1.912427E-03   1.265997E-04   9.930739E-03   4.672802E-01  -1.069372E+00   6.669437E-04
          4044      G     -1.995229E-03   1.066867E-04  -1.052440E-02  -1.758374E-01  -2.137098E-01  -1.146536E+00
1                                                       **STUDENT EDITION*    APRIL  18, 2026  MSC Nastran  3/ 3/26   PAGE   112
     DEFAULT                                                                                                                        
0                                                                                                            SUBCASE 1              
      EIGENVALUE =  1.479298E+06
                               F O R C E S   O F   S I N G L E - P O I N T   C O N S T R A I N T
 
      POINT ID.   TYPE          T1             T2             T3             R1             R2             R3
             1      G      6.654146E+03   7.871898E+04   1.391061E+05  -6.314813E+01   7.554411E+02  -7.602064E-01
             2      G      5.452150E+03  -7.764822E+04   1.384392E+05   4.202871E+01   7.090485E+02   7.491666E-01
             3      G      3.426072E+04  -4.927976E+03   1.162721E+05   9.631744E+02   1.117265E+03  -1.039974E-01
             4      G      3.244957E+04   4.850152E+03   1.151144E+05  -9.545152E+02   1.051757E+03   8.393095E-02
             5      G     -3.361447E+04  -5.037931E+03   1.162274E+05   9.659708E+02  -1.100441E+03   9.533108E-02
             6      G     -3.269989E+04   4.864625E+03   1.188997E+05  -9.814840E+02  -1.026515E+03  -1.173406E-01
             7      G     -6.312194E+03   7.603735E+04   1.382876E+05   2.792113E+00  -7.388680E+02   7.455663E-01
             8      G     -6.184955E+03  -7.665218E+04   1.376836E+05  -1.261692E+01  -7.677565E+02  -7.471171E-01
1                                                       **STUDENT EDITION*    APRIL  18, 2026  MSC Nastran  3/ 3/26   PAGE   113
     DEFAULT                                                                                                                        
0                                                                                                            SUBCASE 1              
      EIGENVALUE =  2.101240E+06
                               F O R C E S   O F   S I N G L E - P O I N T   C O N S T R A I N T
 
      POINT ID.   TYPE          T1             T2             T3             R1             R2             R3
             1      G     -6.674680E+03  -8.145714E+04  -2.188000E+05  -1.067582E+03  -1.048603E+03   6.982482E-01
             2      G     -6.133188E+03   8.146854E+04  -2.187641E+05   1.066912E+03  -1.031159E+03  -6.948611E-01
             3      G     -3.037322E+04   1.949399E+03  -1.784250E+05  -1.512772E+03  -1.196718E+03   5.866314E-02
             4      G     -2.960672E+04  -1.858806E+03  -1.781928E+05   1.508216E+03  -1.166956E+03  -5.355756E-02
             5      G      3.035094E+04   1.925483E+03  -1.783674E+05  -1.507036E+03   1.197303E+03  -6.107805E-02
             6      G      2.999895E+04  -1.880464E+03  -1.789943E+05   1.514870E+03   1.189381E+03   5.701375E-02
             7      G      6.793418E+03  -7.989367E+04  -2.186587E+05  -1.112425E+03   1.045040E+03  -6.928765E-01
             8      G      5.631548E+03   7.972897E+04  -2.187742E+05   1.153688E+03   9.977481E+02   6.815092E-01
1                                                       **STUDENT EDITION*    APRIL  18, 2026  MSC Nastran  3/ 3/26   PAGE   114
     DEFAULT                                                                                                                        
0                                                                                                            SUBCASE 1              
      EIGENVALUE =  2.291142E+06
                               F O R C E S   O F   S I N G L E - P O I N T   C O N S T R A I N T
 
      POINT ID.   TYPE          T1             T2             T3             R1             R2             R3
             1      G     -4.230854E+04  -9.375875E+04  -1.424891E+05  -2.003084E+03  -9.955570E+01   2.152245E+00
             2      G     -4.248472E+04   9.396495E+04  -1.427381E+05   1.999214E+03  -1.053441E+02  -2.154246E+00
             3      G     -1.917985E+05  -9.939752E+04  -2.637824E+05  -5.044942E+03  -1.545279E+03  -2.978778E+00
             4      G     -1.921516E+05   9.953952E+04  -2.637718E+05   5.038787E+03  -1.554811E+03   2.977380E+00
             5      G      1.925559E+05  -9.874149E+04  -2.635838E+05  -5.050074E+03   1.567286E+03   2.972206E+00
             6      G      1.909578E+05   1.001714E+05  -2.634238E+05   5.022805E+03   1.535791E+03  -2.966680E+00
             7      G      4.237094E+04  -9.222789E+04  -1.421413E+05  -2.039225E+03   9.048188E+01  -2.163217E+00
             8      G      4.283547E+04   9.048774E+04  -1.433092E+05   2.187506E+03   9.043769E+01   2.070248E+00
1                                                       **STUDENT EDITION*    APRIL  18, 2026  MSC Nastran  3/ 3/26   PAGE   115
     DEFAULT                                                                                                                        
0                                                                                                            SUBCASE 1              
      EIGENVALUE =  2.515686E+06
                               F O R C E S   O F   S I N G L E - P O I N T   C O N S T R A I N T
 
      POINT ID.   TYPE          T1             T2             T3             R1             R2             R3
             1      G     -2.781441E+04  -1.329653E+05  -1.392500E+05   5.039336E+02  -3.697914E+03   1.462713E+00
             2      G     -2.811811E+04   1.340256E+05  -1.390233E+05  -5.270449E+02  -3.681823E+03  -1.421715E+00
             3      G     -1.793625E+05  -9.094792E+04  -2.574731E+05  -3.139443E+03  -5.813314E+03  -3.120896E+00
             4      G     -1.771548E+05   9.537735E+04  -2.573979E+05   2.945009E+03  -5.754477E+03   3.066163E+00
             5      G      1.800572E+05  -9.497045E+04  -2.524571E+05  -2.671138E+03   5.854687E+03   2.770012E+00
             6      G      1.858578E+05   8.293246E+04  -2.531274E+05   3.200801E+03   5.963153E+03  -2.932956E+00
             7      G      2.691360E+04  -1.264872E+05  -1.399265E+05  -1.022600E+02   3.376610E+03  -1.652922E+00
             8      G      1.921772E+04   1.329060E+05  -1.409103E+05  -7.473405E+01   3.133605E+03   2.037548E+00
1                                                       **STUDENT EDITION*    APRIL  18, 2026  MSC Nastran  3/ 3/26   PAGE   116
     DEFAULT                                                                                                                        
0                                                                                                            SUBCASE 1              
      EIGENVALUE =  4.360628E+06
                               F O R C E S   O F   S I N G L E - P O I N T   C O N S T R A I N T
 
      POINT ID.   TYPE          T1             T2             T3             R1             R2             R3
             1      G     -7.289993E+03   1.714260E+05   3.146546E+05   5.964935E+01   5.101763E+02  -1.002538E+00
             2      G     -6.564317E+03  -1.707402E+05   3.151723E+05  -8.342256E+01   5.342441E+02   1.003891E+00
             3      G     -3.963787E+03   1.443243E+02   1.321036E+05   9.876895E+02   4.852719E+02   2.693992E-01
             4      G     -3.124257E+03   7.126523E+01   1.320396E+05  -9.957487E+02   5.273626E+02  -2.652551E-01
             5      G     -3.886858E+03  -4.443886E+02  -1.323249E+05  -9.784820E+02   4.847697E+02   2.687506E-01
             6      G     -6.186462E+03   4.902659E+02  -1.361230E+05   9.944045E+02   3.772051E+02  -2.531093E-01
             7      G     -6.823612E+03  -1.700372E+05  -3.150121E+05  -9.634446E+01   5.220646E+02  -9.933495E-01
             8      G     -7.790807E+03   1.689572E+05  -3.118910E+05   1.533469E+02   4.754167E+02   1.028110E+00
1                                                       **STUDENT EDITION*    APRIL  18, 2026  MSC Nastran  3/ 3/26   PAGE   117
     DEFAULT                                                                                                                        
0                                                                                                            SUBCASE 1              
      EIGENVALUE =  4.364459E+06
                               F O R C E S   O F   S I N G L E - P O I N T   C O N S T R A I N T
 
      POINT ID.   TYPE          T1             T2             T3             R1             R2             R3
             1      G     -1.052665E+04  -2.370295E+04  -4.885487E+04  -1.449635E+02  -3.456785E+02   2.565573E-01
             2      G     -1.019635E+04   2.363926E+04  -4.882615E+04   1.462478E+02  -3.350223E+02  -2.545450E-01
             3      G     -1.389053E+04   2.973402E+03  -9.609694E+04  -7.402516E+02  -5.457902E+02   1.227517E-01
             4      G     -1.340237E+04  -2.958813E+03  -9.594754E+04   7.390624E+02  -5.274684E+02  -1.188213E-01
             5      G      1.385332E+04   2.986586E+03  -9.595372E+04  -7.398615E+02   5.442531E+02  -1.215772E-01
             6      G      1.371526E+04  -2.916059E+03  -9.627526E+04   7.408659E+02   5.417005E+02   1.209852E-01
             7      G      1.055298E+04  -2.300697E+04  -4.842260E+04  -1.568185E+02   3.449405E+02  -2.523940E-01
             8      G      9.904008E+03   2.294580E+04  -4.838827E+04   1.678329E+02   3.187811E+02   2.445641E-01
1                                                       **STUDENT EDITION*    APRIL  18, 2026  MSC Nastran  3/ 3/26   PAGE   118
     DEFAULT                                                                                                                        
0                                                                                                            SUBCASE 1              
      EIGENVALUE =  6.202805E+06
                               F O R C E S   O F   S I N G L E - P O I N T   C O N S T R A I N T
 
      POINT ID.   TYPE          T1             T2             T3             R1             R2             R3
             1      G      2.571439E+04  -1.846933E+05  -4.760150E+05  -2.395784E+03  -1.386072E+03   1.270279E+00
             2      G      2.502130E+04   1.853507E+05  -4.762000E+05   2.380243E+03  -1.413113E+03  -1.277102E+00
             3      G      8.912954E+03   9.270882E+02  -1.834728E+05  -1.629238E+03  -1.205247E+03  -3.611153E-01
             4      G      7.722446E+03  -9.574789E+02  -1.839057E+05   1.632075E+03  -1.248698E+03   3.502035E-01
             5      G      8.593141E+03  -8.326927E+02   1.836672E+05   1.621558E+03  -1.221209E+03  -3.584986E-01
             6      G      8.556963E+03   5.906455E+02   1.837122E+05  -1.622862E+03  -1.227372E+03   3.552566E-01
             7      G      2.471205E+04   1.824086E+05   4.758984E+05   2.457252E+03  -1.419106E+03   1.265216E+00
             8      G      2.581346E+04  -1.823983E+05   4.774634E+05  -2.550589E+03  -1.375125E+03  -1.243733E+00
1                                                       **STUDENT EDITION*    APRIL  18, 2026  MSC Nastran  3/ 3/26   PAGE   119
     DEFAULT                                                                                                                        
0                                                                                                            SUBCASE 1              
      EIGENVALUE =  6.774501E+06
                               F O R C E S   O F   S I N G L E - P O I N T   C O N S T R A I N T
 
      POINT ID.   TYPE          T1             T2             T3             R1             R2             R3
             1      G     -2.025661E+05  -1.781746E+05   4.634277E+05   1.096387E+04  -2.063747E+03  -2.095355E+00
             2      G     -2.027253E+05   1.782718E+05   4.633030E+05  -1.096583E+04  -2.067145E+03   2.094751E+00
             3      G      1.875594E+05   2.907017E+04   4.099544E+05   7.445017E+03   2.012421E+03   2.653994E+00
             4      G      1.872643E+05  -2.884875E+04   4.099874E+05  -7.454780E+03   2.006025E+03  -2.655338E+00
             5      G      1.875904E+05  -2.833010E+04  -4.104582E+05  -7.459316E+03   2.006265E+03   2.651728E+00
             6      G      1.860881E+05   2.977403E+04  -4.100133E+05   7.438636E+03   1.982642E+03  -2.647768E+00
             7      G     -2.028326E+05   1.769084E+05  -4.633128E+05  -1.091891E+04  -2.065195E+03  -2.126085E+00
             8      G     -2.024375E+05  -1.786778E+05  -4.654420E+05   1.110978E+04  -2.070055E+03   2.015952E+00
1                                                       **STUDENT EDITION*    APRIL  18, 2026  MSC Nastran  3/ 3/26   PAGE   120
     DEFAULT                                                                                                                        
0                                                                                                            SUBCASE 1              
      EIGENVALUE =  7.067890E+06
                               F O R C E S   O F   S I N G L E - P O I N T   C O N S T R A I N T
 
      POINT ID.   TYPE          T1             T2             T3             R1             R2             R3
             1      G     -2.023753E+04  -2.112189E+03  -8.268564E+04  -1.230635E+03   2.470166E+01   1.622855E-01
             2      G      2.041206E+04  -1.821306E+03   8.253937E+04  -1.233618E+03  -9.400398E+00   1.619977E-01
             3      G     -1.742748E+04  -4.135918E+03  -2.156038E+05  -1.276955E+03  -3.830942E+02   3.208101E-01
             4      G      1.765563E+04  -3.961201E+03   2.156281E+05  -1.279906E+03   3.894672E+02   3.258724E-01
             5      G      1.824853E+04  -4.029050E+03  -2.150704E+05  -1.280252E+03   4.206885E+02  -3.261660E-01
             6      G     -1.919004E+04  -3.846114E+03   2.150864E+05  -1.285810E+03  -4.609483E+02  -3.109912E-01
             7      G      2.139667E+04  -1.220835E+02  -8.233474E+04  -1.303547E+03   3.307041E+01  -1.539798E-01
             8      G     -2.010788E+04  -7.162432E+03   8.168346E+04  -9.689602E+02  -4.402377E+01  -2.096308E-01
1                                                       **STUDENT EDITION*    APRIL  18, 2026  MSC Nastran  3/ 3/26   PAGE   121
     DEFAULT                                                                                                                        
0                                                                                                            SUBCASE 1              
      EIGENVALUE =  7.458314E+06
                               F O R C E S   O F   S I N G L E - P O I N T   C O N S T R A I N T
 
      POINT ID.   TYPE          T1             T2             T3             R1             R2             R3
             1      G     -1.558834E+05   1.638287E+04   4.283314E+05   1.532063E+04  -5.927577E+03  -1.599714E+00
             2      G     -1.558760E+05  -1.578099E+04   4.292030E+05  -1.533697E+04  -5.899521E+03   1.645194E+00
             3      G      1.430381E+05   1.862869E+04   4.177627E+05   7.890178E+03   4.769092E+03   3.534921E+00
             4      G      1.458193E+05  -1.437120E+04   4.178853E+05  -8.077891E+03   4.845436E+03  -3.586414E+00
             5      G      1.385233E+05  -2.486887E+04  -4.278340E+05  -7.587428E+03   4.597296E+03   3.341226E+00
             6      G      1.459046E+05   1.151042E+04  -4.283460E+05   8.129316E+03   4.731936E+03  -3.504978E+00
             7      G     -1.492609E+05  -3.312635E+04  -4.398976E+05  -1.523705E+04  -5.576814E+03  -2.009694E+00
             8      G     -1.571803E+05   4.086254E+04  -4.403204E+05   1.495808E+04  -5.872205E+03   2.492346E+00
 *** USER INFORMATION MESSAGE 3 (crdb::nastran::Processor::writeOutput)
 *** USER INFORMATION MESSAGE  (WRITE DATA BLOCK I4 OUG1, TRAILER[101, 0, 36560, 0, 0, 0, 1])
 *** USER INFORMATION MESSAGE 3 (crdb::nastran::Processor::writeOutput)
 *** USER INFORMATION MESSAGE  (WRITE DATA BLOCK I4 OQG1, TRAILER[102, 0, 36560, 0, 0, 0, 1])
1                                                       **STUDENT EDITION*    APRIL  18, 2026  MSC Nastran  3/ 3/26   PAGE   122
                                                                                                                                    
0                                                                                                            SUBCASE 1              
 * * * *  D B D I C T   P R I N T  * * * *      SUBDMAP = PRTSUM  ,  DMAP STATEMENT NO.     75



0                                   * * * *  A N A L Y S I S  S U M M A R Y  T A B L E  * * * *
0 SEID  PEID PROJ VERS APRCH      SEMG SEMR SEKR SELG SELR MODES DYNRED SOLLIN SOLNL LOOPID DESIGN CYCLE SENSITIVITY
 -------------------------------------------------------------------------------------------------------------------
     0     0    1    1 '        '    T    T    T    T    T     T      F      T     F     -1            0           F
0SEID = SUPERELEMENT ID.
 PEID = PRIMARY SUPERELEMENT ID OF IMAGE SUPERELEMENT.
 PROJ = PROJECT ID NUMBER.
 VERS = VERSION ID.
 APRCH = BLANK FOR STRUCTURAL ANALYSIS.  HEAT FOR HEAT TRANSFER ANALYSIS.
 SEMG = STIFFNESS AND MASS MATRIX GENERATION STEP.
 SEMR = MASS MATRIX REDUCTION STEP (INCLUDES EIGENVALUE SOLUTION FOR MODES).
 SEKR = STIFFNESS MATRIX REDUCTION STEP.
 SELG = LOAD MATRIX GENERATION STEP.
 SELR = LOAD MATRIX REDUCTION STEP. 
 MODES = T (TRUE) IF NORMAL MODES OR BUCKLING MODES CALCULATED.
 DYNRED = T (TRUE) MEANS GENERALIZED DYNAMIC AND/OR COMPONENT MODE REDUCTION PERFORMED.
 SOLLIN = T (TRUE) IF LINEAR SOLUTION EXISTS IN DATABASE.
 LOOPID = THE LAST LOOPID VALUE USED IN THE NONLINEAR ANALYSIS.  USEFUL FOR RESTARTS.
 SOLNL = T (TRUE) IF NONLINEAR SOLUTION EXISTS IN DATABASE.
 DESIGN CYCLE = THE LAST DESIGN CYCLE (ONLY VALID IN OPTIMIZATION).
 SENSITIVITY = SENSITIVITY MATRIX GENERATION FLAG.
 
 No PARAM values were set in the Control File.
 
1                                        * * * END OF JOB * * *
 
 
 No Symbolic Replacement variables or values were specified.

