1
 
 
 
 
                      Warning: This computer program is protected by copyright law and international treaties.       
                  Unauthorized use, reproduction or distribution of this computer program, or any portion of it, may 
                                          result in severe civil and criminal penalties.                             
                         Copyright (C) 2026 Hexagon AB and/or its subsidiaries. All rights reserved.                 
 
 
                                              * * * * * * * * * * * * * * * * * * * *
                                              * * * * * * * * * * * * * * * * * * * *
                                              * *                                 * *
                                              * *           Hexagon AB            * *
                                              * *                                 * *
                                              * *                                 * *
                                              * *      M S C   N a s t r a n      * *
                                              * *                                 * *
                                              * *  S T U D E N T   E D I T I O N  * *
                                              * *                                 * *
                                              * *     Version 2025.2-bad99147     * *
                                              * *                                 * *
                                              * *                                 * *
                                              * *                                 * *
                                              * *          MAR  3, 2026           * *
                                              * *                                 * *
                                              * *              Intel              * *
                                              * *MODEL Intel(R) Core(TM) i7-8550U * *
                                              * *      Windows 11 10.0 26200      * *
                                              * *        Compiled for 8664        * *
                                              * *                                 * *
                                              * * * * * * * * * * * * * * * * * * * *
                                              * * * * * * * * * * * * * * * * * * * *

 
 
                                                 This Student Edition version is  
                                                    valid until NOV 15, 2027.     
 
 
                  This program is being distributed as part of the Hexagon AB Student Edition. Use of this program   
                     or its results at a commercial installation, for commercial purposes, or for production work    
                                             I S   S T R I C T L Y  P R O H I B I T E D.                             
                  ==================================== FOR EDUCATIONAL USE ONLY =====================================
 
 
1News file
  
               Welcome to MSC Nastran 2025.2
  
   MSC Nastran brings powerful new features and enhancements for engineering
   solutions in several releases through the year. Key enhancements in
   Version 2025.2 are summarized below. Additional details can be found in
   the MSC Nastran Version 2025.2 Release Guide.
  
     MSC Nastran 2025.2 Features and Enhancements
  
     Aeroelasticity
     - Mach1+ New Supersonic Panel Method now available in all aeroelasticity
       solutions
  
     SOL 400 Nonlinear (NLPERF) New Features and Enhancements
     - GPFORCE and ESE output for Nonlinear Statics and Nonlinear Transient
       analysis
     - Nonlinear transient analysis support
     - Enforced motion (SPCD/SPCR) with the Arc-Length Method
     - Contact support with the Arc-Length Method
     - Arbitrary DOF combination for all rigid elements
     - MSC Nastran (NLSTATIC) -Adams Co-simulation enabled
     - Improved contact output control
     - Element formulation summary output
     - Expanded total energy report
     - CGAP contact result output
  
     SOL 400 Nonlinear (CNLS)
     - MSC Nastran-scFlow Co-Simulation supports multiple interface group
       definitions
  
     High Performance Computing (HPC)
     - MUMPS linear solver added for frequency and transient response
     - UMFPack unsymmetric solver retired
  
     SOL 200 NEO Topology Optimization Enhancements
     - Dynamic response optimization with displacement (FRDISP) constraints
     - Enhanced optimizer for natural frequency/eigenvalue constraints
     - Maximum displacement constraint for design and non-design regions
  
     Linear
     - Linear Gap element introduced in SOL 101 (Statics)
     - Angled double-sided PBARL/PBEAML stiffener definition
  
     Frequency Analysis
     - MONPNT3 monitor point supported added in SOL 111 Random Response analysis
     - Frequency-dependent scaling for PBUSH via PBUSHT tables
     - Option to export structural damping matrix to AVL EXB file.
  
1    Rotor Dynamics
     - DMIG rotor matrices input at unit speed allowing frequency dependent
       and speed scaling entry for all rotor dynamic analysis. Supported in
       complex eigenvalue analysis and unbalance response in linear and
       nonlinear frequency and time domains
     - Bush element supports 6x6 frequency-dependent stiffness and damping
  
     Documentation
     - The complete documentation set is provided in a separate installer and
       when installed is available at: MSC_DOC_DIR/doc/pdf_nastran directory,
       where MSC_DOC_DIR is the directory where documentation was installed.
       This help set includes cross references between documents, and links to
       how-to videos, and example files
  
     Individual MSC Nastran documents are available for download from the
       Simcompanion Website at:
       http://simcompanion.hexagon.com/
  
     The documentation set includes the following:
  
         1.  MSC Nastran 2025.2 Installation and Operations Guide
         2.  MSC Nastran 2025.2 Quick Reference Guide
         3.  MSC Nastran 2025.2 Release Guide
         4.  MSC Nastran 2025.2 Linear Statics Analysis User's Guide
         5.  MSC Nastran 2025.2 Dynamic Analysis User's Guide
         6.  MSC Nastran 2025.2 Superelements User's Guide
         7.  MSC Nastran 2025.2 Rotor Dynamics User's Guide
         8.  MSC Nastran 2025.2 Demonstration Problems Manual
         9.  MSC Nastran 2025.2 MSC Nastran Embedded Fatigue User's Guide
        10.  MSC Nastran 2025.2 Design Sensitivity and Optimization
        11.  MSC Nastran 2025.2 Nonlinear User's Guide SOL 400
        12.  MSC Nastran 2025.2 DMAP Programmer's Guide
        13.  MSC Nastran 2025.2 High Performance Computing User's Guide
        14.  MSC Nastran 2025.2 New Verification Manual
        15.  MSC Nastran 2025.2 DEMATD Guide
        16.  MSC Nastran 2025.2 Explicit Nonlinear (SOL 700) User's Guide
        17.  MSC Nastran 2025.2 ACMS User's Guide
  
   Please refer to  MSC_DOC_DIR/doc/pdf_nastran/nastran_library.pdf
   for the complete document set:
  
   Additional information about the release can be found at the MSC Nastran
   Product Support page: http://simcompanion.hexagon.com
  
   The support page provides links to these valuable information:
      * A searchable Knowledge Base containing examples and answers to thousands
        of frequently asked questions written by MSC Software subject-matter
        experts.
      * Peer-to-peer Discussion Forums enabling you to post questions for your
        MSC Software products and receive answers from other users worldwide.
1     * A list of known issues with the product and any workarounds.
      * Instructions on how to contact technical support
      * A mechanism for sending us product feedback or enhancement requests.
      * Hardware and software requirements.
      * Examples and Tutorials
      * and much more.
  
   For information on training, please visit our Training web site
  
      https://hexagon.com/support-success/manufacturing-intelligence/
      design-engineering-support/training-materials
  
1                                                       **STUDENT EDITION*    APRIL  17, 2026  MSC Nastran  3/ 3/26   PAGE     1
                                                                                                                                    
0        N A S T R A N    F I L E    A N D    S Y S T E M    P A R A M E T E R    E C H O                                           
0                                                                                                                                   
                                                                                                                                    
                                                                                                                                    
     NASTRAN BUFFSIZE=8193 $(C:/PROGRAM FILES/MSC.SOFTWARE/NAPA_SE/20252/NASTRAN/CONF
     $ MSC.NASTRAN INPUT FILE CREATED ON APRIL     15, 2026 AT 16:10:22 BY           
     $ PATRAN 2025.2  (STUDENT EDITION)                                              
     $ DIRECT TEXT INPUT FOR NASTRAN SYSTEM CELL SECTION                             
     $ NORMAL MODES ANALYSIS, DATABASE                                               
1                                                       **STUDENT EDITION*    APRIL  17, 2026  MSC Nastran  3/ 3/26   PAGE     2
                                                                                                                                    
0        N A S T R A N    E X E C U T I V E    C O N T R O L    E C H O                                                             
0                                                                                                                                   
                                                                                                                                    
                                                                                                                                    
     SOL 103                                                                                 
     CEND                                                                                    
1                                                       **STUDENT EDITION*    APRIL  17, 2026  MSC Nastran  3/ 3/26   PAGE     3
                                                                                                                                    
0                                                                                                                                   
0                                        C A S E    C O N T R O L    E C H O                                                        
                 COMMAND                                                                                                            
                 COUNT                                                                                                              
                  1      ECHO = NONE                                                                             
                  2      $ USING NASTRAN DEFAULT VALUES FOR RESVEC                                               
                  3      SUBCASE 1                                                                               
                  4         SUBTITLE=DEFAULT                                                                     
                  5         METHOD = 1                                                                           
                  6         SPC = 2                                                                              
                  7         VECTOR(SORT1,REAL)=ALL                                                               
                  8         SPCFORCES(SORT1,REAL)=ALL                                                            
                  9      $ DIRECT TEXT INPUT FOR THIS SUBCASE                                                    
                 10      BEGIN BULK                                                                              
1                                                       **STUDENT EDITION*    APRIL  17, 2026  MSC Nastran  3/ 3/26   PAGE     4
                                                                                                                                    
0                                                                                                                                   
                                        M O D E L   S U M M A R Y          BULK = 0
                                   ENTRY NAME        NUMBER OF ENTRIES
                                   ----------        -----------------
                                         CBAR                      452
                                        CBUSH                      116
                                        CONM2                        3
                                       CORD2R                        1
                                       CQUAD4                      416
                                        EIGRL                        1
                                         GRID                      457
                                      HDF5OUT                        1
                                         MAT1                        6
                                        PARAM                        1
                                        PBARL                       18
                                        PBUSH                        2
                                       PSHELL                        9
                                         RBE2                        8
                                         SPC1                        1
                                       SPCADD                        1

 ^^^     
 ^^^ >>> IFP OPERATIONS COMPLETE <<< 
 ^^^     
 *** USER INFORMATION MESSAGE 3 (crdb::nastran::Processor::writeInput)
 *** USER INFORMATION MESSAGE  (WRITE DATA BLOCK I4 PVT, TRAILER[101, 5, 0, 0, 0, 0, 0])
 *** USER INFORMATION MESSAGE 3 (crdb::nastran::Processor::writeInput)
 *** USER INFORMATION MESSAGE  (WRITE DATA BLOCK I4 CASECC, TRAILER[102, 1, 0, 1000, 0, 0, 0])
 *** USER INFORMATION MESSAGE 3 (crdb::nastran::Processor::writeInput)
 *** USER INFORMATION MESSAGE  (WRITE DATA BLOCK I4 CSTM, TRAILER[104, 457, 1, 1, 1, 12, 0])
 *** USER INFORMATION MESSAGE 3 (crdb::nastran::Processor::writeInput)
 *** USER INFORMATION MESSAGE  (WRITE DATA BLOCK I4 GEOM1Q, TRAILER[101, 0, 2048, 8, 0, 0, 0])
 *** USER INFORMATION MESSAGE 3 (crdb::nastran::Processor::writeInput)
 *** USER INFORMATION MESSAGE  (WRITE DATA BLOCK I4 EPT, TRAILER[101, 4, 4608, 0, 0, 0, 32])
 *** USER INFORMATION MESSAGE 3 (crdb::nastran::Processor::writeInput)
 *** USER INFORMATION MESSAGE  (WRITE DATA BLOCK I4 MPT, TRAILER[102, 32768, 0, 0, 0, 0, 0])
 *** USER INFORMATION MESSAGE 3 (crdb::nastran::Processor::writeInput)
 *** USER INFORMATION MESSAGE  (WRITE DATA BLOCK I4 GEOM2, TRAILER[103, 2, 320, 0, 8192, 0, 0])
 *** USER INFORMATION MESSAGE 3 (crdb::nastran::Processor::writeInput)
 *** USER INFORMATION MESSAGE  (WRITE DATA BLOCK I4 GEOM4S, TRAILER[105, 0, 0, 0, 96, 2048, 0])
 *** USER INFORMATION MESSAGE 3 (crdb::nastran::Processor::writeInput)
 *** USER INFORMATION MESSAGE  (DATA BLOCK GEOM4S IS NOT SUPPORTED)
 *** USER INFORMATION MESSAGE 3 (crdb::nastran::Processor::writeInput)
 *** USER INFORMATION MESSAGE  (WRITE DATA BLOCK I4 GEOM1, TRAILER[101, 0, 2048, 8, 0, 0, 0])
 *** USER INFORMATION MESSAGE 3 (crdb::nastran::Processor::writeInput)
 *** USER INFORMATION MESSAGE  (WRITE DATA BLOCK I4 DYNAMIC, TRAILER[102, 256, 0, 0, 0, 0, 0])
 *** USER INFORMATION MESSAGE 3 (crdb::nastran::Processor::writeInput)
 *** USER INFORMATION MESSAGE  (WRITE DATA BLOCK I4 EDT, TRAILER[103, 0, 0, 524288, 0, 0, 0])
 *** USER INFORMATION MESSAGE 3 (crdb::nastran::Processor::writeInput)
 *** USER INFORMATION MESSAGE  (WRITE DATA BLOCK I4 GEOM4, TRAILER[102, 0, 0, 0, 96, 2048, 0])
1                                                       **STUDENT EDITION*    APRIL  17, 2026  MSC Nastran  3/ 3/26   PAGE     5
                                                                                                                                    
0                                                                                                                                   
 *** USER INFORMATION MESSAGE 7310 (VECPRN)
     ORIGIN OF SUPERELEMENT OR MODULE BASIC COORDINATE SYSTEM WILL BE USED AS REFERENCE LOCATION.
     RESULTANTS ABOUT ORIGIN OF SUPERELEMENT OR MODULE BASIC COORDINATE SYSTEM IN SUPERELEMENT OR MODULE
     BASIC SYSTEM COORDINATES.
0                                                  OLOAD    RESULTANT       
  SUBCASE/    LOAD
  DAREA ID    TYPE       T1            T2            T3            R1            R2            R3
0        1     FX    0.000000E+00     ----          ----          ----       0.000000E+00  0.000000E+00                             
               FY       ----       0.000000E+00     ----       0.000000E+00     ----       0.000000E+00                             
               FZ       ----          ----       0.000000E+00  0.000000E+00  0.000000E+00     ----                                  
               MX       ----          ----          ----       0.000000E+00     ----          ----                                  
               MY       ----          ----          ----          ----       0.000000E+00     ----                                  
               MZ       ----          ----          ----          ----          ----       0.000000E+00                             
             TOTALS  0.000000E+00  0.000000E+00  0.000000E+00  0.000000E+00  0.000000E+00  0.000000E+00
 *** USER INFORMATION MESSAGE 5010 (LNCILS)
     STURM SEQUENCE DATA FOR EIGENVALUE EXTRACTION.
     TRIAL EIGENVALUE = 1.404221D+04, CYCLES = 1.885983D+01 THE STURM COUNT = 0
 *** USER INFORMATION MESSAGE 5010 (LNCILS)
     STURM SEQUENCE DATA FOR EIGENVALUE EXTRACTION.
     TRIAL EIGENVALUE = 5.933333D+06, CYCLES = 3.876765D+02 THE STURM COUNT = 10

 TABLE OF SHIFTS:  (LNNRIGL)
 SHIFT #        SHIFT VALUE         FREQUENCY, CYCLES     # EIGENVALUES BELOW    # NEW EIGENVALUES FOUND
     1.        1.4042210E+04          1.8859834E+01                 0                       10
     2.        5.9333332E+06          3.8767652E+02                10                        0

1                                                       **STUDENT EDITION*    APRIL  17, 2026  MSC Nastran  3/ 3/26   PAGE     6
                                                                                                                                    
0                                                                                                            SUBCASE 1              
0


                          E I G E N V A L U E  A N A L Y S I S   S U M M A R Y   (READ MODULE) 



                                     BLOCK SIZE USED ......................     7

                                     NUMBER OF DECOMPOSITIONS .............     2

                                     NUMBER OF ROOTS FOUND ................    10

                                     NUMBER OF SOLVES REQUIRED ............    13

1                                                       **STUDENT EDITION*    APRIL  17, 2026  MSC Nastran  3/ 3/26   PAGE     7
                                                                                                                                    
0                                                                                                            SUBCASE 1              
 
                                              R E A L   E I G E N V A L U E S
   MODE    EXTRACTION      EIGENVALUE            RADIANS             CYCLES            GENERALIZED         GENERALIZED
    NO.       ORDER                                                                       MASS              STIFFNESS
        1         1        7.271931E+05        8.527562E+02        1.357204E+02        1.000000E+00        7.271931E+05
        2         2        1.444869E+06        1.202027E+03        1.913085E+02        1.000000E+00        1.444869E+06
        3         3        2.133309E+06        1.460585E+03        2.324594E+02        1.000000E+00        2.133309E+06
        4         4        2.368655E+06        1.539044E+03        2.449464E+02        1.000000E+00        2.368655E+06
        5         5        2.433266E+06        1.559893E+03        2.482647E+02        1.000000E+00        2.433266E+06
        6         6        2.459240E+06        1.568196E+03        2.495862E+02        1.000000E+00        2.459240E+06
        7         7        3.422492E+06        1.849998E+03        2.944363E+02        1.000000E+00        3.422492E+06
        8         8        4.271757E+06        2.066823E+03        3.289451E+02        1.000000E+00        4.271757E+06
        9         9        5.387926E+06        2.321191E+03        3.694290E+02        1.000000E+00        5.387926E+06
       10        10        5.782044E+06        2.404588E+03        3.827021E+02        1.000000E+00        5.782044E+06
1                                                       **STUDENT EDITION*    APRIL  17, 2026  MSC Nastran  3/ 3/26   PAGE     8
                                                                                                                                    
0                                                                                                            SUBCASE 1              
 *** USER INFORMATION MESSAGE 7310 (VECPRN)
     ORIGIN OF SUPERELEMENT OR MODULE BASIC COORDINATE SYSTEM WILL BE USED AS REFERENCE LOCATION.
     RESULTANTS ABOUT ORIGIN OF SUPERELEMENT OR MODULE BASIC COORDINATE SYSTEM IN SUPERELEMENT OR MODULE
     BASIC SYSTEM COORDINATES.
0                                                  SPCFORCE RESULTANT       
  SUBCASE/    LOAD
  DAREA ID    TYPE       T1            T2            T3            R1            R2            R3
0        1     FX   -1.136463E+00     ----          ----          ----       1.136463E-03  2.493418E+00                             
               FY       ----      -8.440417E+01     ----      -8.440417E-02     ----      -2.323394E+00                             
               FZ       ----          ----       1.793983E+05  1.261750E+01 -1.573623E+00     ----                                  
               MX       ----          ----          ----      -1.437477E+00     ----          ----                                  
               MY       ----          ----          ----          ----       5.682115E-01     ----                                  
               MZ       ----          ----          ----          ----          ----      -4.404178E-04                             
             TOTALS -1.136463E+00 -8.440417E+01  1.793983E+05  1.109562E+01 -1.004275E+00  1.695836E-01
0        2     FX   -1.371973E+02     ----          ----          ----       1.371973E-01  2.045919E+02                             
               FY       ----      -4.002204E+02     ----      -4.002204E-01     ----      -1.901140E+02                             
               FZ       ----          ----       9.164327E+05  1.068356E+02  3.272680E+01     ----                                  
               MX       ----          ----          ----      -2.185748E+01     ----          ----                                  
               MY       ----          ----          ----          ----      -1.756037E+01     ----                                  
               MZ       ----          ----          ----          ----          ----      -6.080926E-02                             
             TOTALS -1.371973E+02 -4.002204E+02  9.164327E+05  8.457791E+01  1.530363E+01  1.441709E+01
0        3     FX    1.524597E+02     ----          ----          ----      -1.524597E-01  1.021374E+01                             
               FY       ----       2.184360E+01     ----       2.184360E-02     ----      -1.484725E+01                             
               FZ       ----          ----       1.003411E+02  1.195615E+01 -2.548768E+04     ----                                  
               MX       ----          ----          ----      -1.114507E+01     ----          ----                                  
               MY       ----          ----          ----          ----      -1.709391E+03     ----                                  
               MZ       ----          ----          ----          ----          ----      -3.004579E-03                             
             TOTALS  1.524597E+02  2.184360E+01  1.003411E+02  8.329195E-01 -2.719723E+04 -4.636517E+00
0        4     FX   -9.497678E+01     ----          ----          ----       9.497678E-02 -1.553769E+01                             
               FY       ----      -2.349641E+03     ----      -2.349641E+00     ----       2.122683E+01                             
               FZ       ----          ----       1.837367E+06  4.851703E+02 -8.306815E+01     ----                                  
               MX       ----          ----          ----      -2.916809E+01     ----          ----                                  
               MY       ----          ----          ----          ----       3.733095E+01     ----                                  
               MZ       ----          ----          ----          ----          ----      -1.825148E-02                             
             TOTALS -9.497678E+01 -2.349641E+03  1.837367E+06  4.536525E+02 -4.564223E+01  5.670885E+00
0        5     FX    2.938145E+02     ----          ----          ----      -2.938145E-01  1.133037E+02                             
               FY       ----      -6.488290E+02     ----      -6.488290E-01     ----      -1.275664E+02                             
               FZ       ----          ----      -1.784161E+06 -1.769098E+02  2.023119E+02     ----                                  
               MX       ----          ----          ----       1.688020E+02     ----          ----                                  
               MY       ----          ----          ----          ----      -1.596750E+02     ----                                  
               MZ       ----          ----          ----          ----          ----       5.293403E-02                             
             TOTALS  2.938145E+02 -6.488290E+02 -1.784161E+06 -8.756618E+00  4.234312E+01 -1.420970E+01
0        6     FX    4.447920E+02     ----          ----          ----      -4.447920E-01 -2.428664E+01                             
               FY       ----      -3.498265E+02     ----      -3.498265E-01     ----      -1.038462E+00                             
               FZ       ----          ----      -2.861659E+05 -8.539513E+01  2.308165E+02     ----                                  
               MX       ----          ----          ----       8.317464E+01     ----          ----                                  
               MY       ----          ----          ----          ----      -2.337819E+02     ----                                  
               MZ       ----          ----          ----          ----          ----       2.223118E-01                             
             TOTALS  4.447920E+02 -3.498265E+02 -2.861659E+05 -2.570312E+00 -3.410197E+00 -2.510279E+01
0        7     FX   -4.906037E+01     ----          ----          ----       4.906037E-02  7.211183E-01                             
               FY       ----       1.213239E+03     ----       1.213239E+00     ----       2.856370E+00                             
               FZ       ----          ----       8.907433E+02  3.612187E+04 -5.783526E+00     ----                                  
               MX       ----          ----          ----      -2.803316E+03     ----          ----                                  
               MY       ----          ----          ----          ----       1.602354E+00     ----                                  
               MZ       ----          ----          ----          ----          ----       5.441722E-03                             
             TOTALS -4.906037E+01  1.213239E+03  8.907433E+02  3.331977E+04 -4.132112E+00  3.582930E+00
0        8     FX   -6.235817E+04     ----          ----          ----       6.235817E+01  2.840605E+02                             
               FY       ----       3.607113E+02     ----       3.607113E-01     ----      -2.699420E+02                             
               FZ       ----          ----      -1.117392E+03 -3.921153E+01  1.321308E+05     ----                                  
               MX       ----          ----          ----       2.094005E+01     ----          ----                                  
               MY       ----          ----          ----          ----       2.999933E+03     ----                                  
               MZ       ----          ----          ----          ----          ----       4.630769E-02                             
             TOTALS -6.235817E+04  3.607113E+02 -1.117392E+03 -1.791077E+01  1.351931E+05  1.416484E+01
0        9     FX    6.981345E+02     ----          ----          ----      -6.981345E-01 -7.627246E+02                             
               FY       ----       7.622880E+01     ----       7.622880E-02     ----       9.120517E+02                             
               FZ       ----          ----       6.190780E+01  1.010874E+01  2.114793E+01     ----                                  
               MX       ----          ----          ----      -1.153909E+01     ----          ----                                  
               MY       ----          ----          ----          ----       3.291373E+01     ----                                  
               MZ       ----          ----          ----          ----          ----       5.537483E-03                             
             TOTALS  6.981345E+02  7.622880E+01  6.190780E+01 -1.354118E+00  5.336352E+01  1.493326E+02
0       10     FX    5.570393E+01     ----          ----          ----      -5.570393E-02  4.846466E+00                             
               FY       ----       6.160969E+02     ----       6.160969E-01     ----      -6.289719E+00                             
               FZ       ----          ----       5.821551E+05  4.735732E+00 -6.350028E+01     ----                                  
               MX       ----          ----          ----      -3.620250E+01     ----          ----                                  
               MY       ----          ----          ----          ----       1.905498E+00     ----                                  
               MZ       ----          ----          ----          ----          ----      -1.704133E-03                             
             TOTALS  5.570393E+01  6.160969E+02  5.821551E+05 -3.085067E+01 -6.165049E+01 -1.444958E+00
1                                                       **STUDENT EDITION*    APRIL  17, 2026  MSC Nastran  3/ 3/26   PAGE     9
                                                                                                                                    
0                                                                                                            SUBCASE 1              
0                                                  MAXIMUM  SPCFORCES       
  SUBCASE/
  DAREA ID        T1             T2             T3             R1             R2             R3
0        1   4.9389227E+03  8.0268239E+03  2.9970084E+04  2.3943039E+02  1.8567052E+02  1.0245806E-01
0        2   3.0567631E+04  7.0097550E+04  1.2195979E+05  9.3211215E+02  9.8422688E+02  7.9978839E-01
0        3   2.1314964E+02  2.8461259E+04  5.8048903E+04  1.7004335E+02  2.9915372E+02  2.0689227E-01
0        4   6.0912853E+04  9.9958963E+04  2.3393497E+05  2.5711030E+03  1.7301005E+03  1.3752534E+00
0        5   1.8729140E+05  1.0472908E+05  3.0687674E+05  6.3990001E+03  3.0651728E+03  3.3172353E+00
0        6   3.3211468E+04  4.9119630E+04  4.9595269E+04  7.1750548E+02  3.4169195E+03  6.4059986E-01
0        7   1.7852656E+04  1.3471894E+03  8.1719866E+04  6.1296023E+02  5.7159596E+02  1.6101692E-01
0        8   1.3735428E+04  1.6546831E+05  2.8345642E+05  9.9108282E+02  4.6431054E+02  1.1527535E+00
0        9   7.8400579E+03  2.3495540E+03  5.7010810E+04  5.1248608E+02  2.1219897E+02  1.0907776E-01
0       10   1.2701738E+04  4.4607351E+04  1.3496502E+05  7.7172270E+02  3.1633077E+02  2.8067744E-01
1                                                       **STUDENT EDITION*    APRIL  17, 2026  MSC Nastran  3/ 3/26   PAGE    10
                                                                                                                                    
0                                                                                                            SUBCASE 1              
0                                                  MAXIMUM  DISPLACEMENTS   
  SUBCASE/
  DAREA ID        T1             T2             T3             R1             R2             R3
0        1   1.0902966E-02  1.0090928E-02  7.1301119E+00  1.0920783E+02  8.3977425E+01  3.2645013E-01
0        2   2.7731128E-02  1.8283724E-02  2.6950457E+00  5.4115472E+01  5.6892774E+01  8.9097499E+00
0        3   3.2480984E-02  1.1677426E-02  6.4373521E+00  1.0144955E+02  2.0355088E+02  9.6438525E-01
0        4   3.6963357E-02  2.7921055E-02  2.5715221E+00  5.1036789E+01  5.2150112E+01  9.2776352E+00
0        5   3.6019118E-02  6.7077864E-03  2.0798425E+00  4.1778709E+01  4.1987236E+01  9.3444379E+00
0        6   3.3884040E-02  7.0792681E-03  2.1201656E+00  4.2715897E+01  4.3836657E+01  8.9345216E+00
0        7   1.2505223E-02  3.6085750E-02  6.3896573E+00  2.4635865E+02  8.3826000E+01  6.0996273E-01
0        8   4.0140704E-02  1.8915667E-02  2.8474980E+00  6.2008770E+01  9.4625459E+01  2.3656414E+01
0        9   1.3505701E-02  1.9152530E-02  6.3726701E+00  2.4346232E+02  1.9723560E+02  2.1581070E+00
0       10   3.5382810E-02  2.3005979E-02  6.2316197E+00  1.0085053E+02  2.2373420E+02  7.4580954E-01
 *** USER INFORMATION MESSAGE 3 (crdb::nastran::Processor::writeOutput)
 *** USER INFORMATION MESSAGE  (WRITE DATA BLOCK I4 OLAMA, TRAILER[101, 10, 0, 0, 0, 0, 0])
1                                                       **STUDENT EDITION*    APRIL  17, 2026  MSC Nastran  3/ 3/26   PAGE    11
     DEFAULT                                                                                                                        
0                                                                                                            SUBCASE 1              
      EIGENVALUE =  7.271931E+05
          CYCLES =  1.357204E+02         R E A L   E I G E N V E C T O R   N O .          1
 
      POINT ID.   TYPE          T1             T2             T3             R1             R2             R3
             1      G      0.0            0.0            0.0            0.0            0.0            0.0
             2      G      0.0            0.0            0.0            0.0            0.0            0.0
             3      G      0.0            0.0            0.0            0.0            0.0            0.0
             4      G      0.0            0.0            0.0            0.0            0.0            0.0
             5      G      0.0            0.0            0.0            0.0            0.0            0.0
             6      G      0.0            0.0            0.0            0.0            0.0            0.0
             7      G      0.0            0.0            0.0            0.0            0.0            0.0
             8      G      0.0            0.0            0.0            0.0            0.0            0.0
            10      G     -3.356204E-06  -8.006243E-06  -1.497650E-05  -3.570553E-06  -1.149111E-05   1.024581E-03
            11      G     -3.254831E-06   8.025059E-06  -1.499997E-05   3.530129E-06  -1.118178E-05  -1.018700E-03
            12      G     -4.948083E-06   9.359064E-07  -2.984714E-05  -2.381192E-05  -1.832011E-05   4.416073E-04
            13      G     -4.779018E-06  -9.171870E-07  -2.981754E-05   2.373725E-05  -1.772082E-05  -4.277779E-04
            14      G      4.931057E-06   9.266586E-07  -2.984694E-05  -2.376490E-05   1.828054E-05  -4.406276E-04
            15      G      4.919138E-06  -9.283187E-07  -2.997008E-05   2.389722E-05   1.825128E-05   4.374210E-04
            16      G      3.360398E-06  -7.869560E-06  -1.496093E-05  -3.915202E-06   1.147117E-05  -1.014611E-03
            17      G      3.128649E-06   7.918015E-06  -1.497923E-05   4.045940E-06   1.065394E-05   1.002513E-03
           100      G      6.646962E-06   7.155506E-08  -6.496404E-04   1.161283E-02  -1.852433E-04  -4.345815E-05
           101      G      1.189951E-05   1.723722E-08  -9.364240E-04   3.626060E-06  -9.344437E-04   7.699880E-06
           102      G      5.516375E-06  -4.688858E-06  -6.547326E-04   1.291019E-02   2.352945E-04   8.091936E-06
           103      G      4.943881E-06  -1.751373E-08  -9.536880E-04  -3.459865E-06   5.921556E-04  -4.913546E-07
           104      G     -2.991884E-09  -2.818900E-06  -7.406229E-04   1.000873E-02  -7.592851E-06   1.758809E-06
           105      G     -4.566420E-08  -3.375874E-08  -9.729329E-04  -2.250230E-06  -6.987498E-06  -1.145386E-07
           106      G      8.199796E-06   7.293008E-06  -3.049235E-05   2.389722E-05   1.825128E-05   4.374210E-04
           107      G      8.199796E-06  -4.380665E-06  -3.000526E-05   2.389722E-05   1.825128E-05   4.374210E-04
           108      G      3.010540E-08  -2.786410E-05  -2.828745E-04  -4.139146E-03   3.560592E-06  -1.385256E-05
           109      G      1.064749E-05   1.543686E-05  -1.508947E-05   4.045940E-06   1.065394E-05   1.002513E-03
           110      G      6.390852E-06   1.065306E-04  -6.981145E-04   1.935668E-02   7.038392E-05  -1.273773E-02
           111      G      1.064749E-05  -1.257084E-05  -1.479183E-05   4.045940E-06   1.065394E-05   1.002513E-03
           112      G      5.602370E-06   5.393886E-06  -6.776857E-04   1.610514E-02  -3.457154E-04   1.020880E-03
           113      G      1.083957E-05   1.506449E-07  -1.007911E-03  -3.188895E-05  -7.150788E-04   1.464669E-04
           114      G      2.234837E-05   1.137893E-07  -9.890468E-04   3.219901E-05  -3.194889E-03  -3.069361E-05
           115      G     -6.723852E-06   3.976410E-08  -6.503235E-04   1.162974E-02   1.526910E-04   3.420301E-05
           116      G     -1.200429E-05  -2.715229E-08  -9.365362E-04   7.878514E-07   9.187163E-04  -2.305235E-07
           117      G     -5.554320E-06  -4.743052E-06  -6.549593E-04   1.291740E-02  -2.433401E-04  -9.601446E-06
           118      G     -5.041393E-06  -2.671913E-08  -9.537320E-04  -6.030446E-07  -5.947944E-04  -2.291168E-08
           119      G     -7.987352E-06   7.122898E-06  -3.032863E-05   2.373725E-05  -1.772082E-05  -4.277779E-04
           120      G     -7.987352E-06  -4.293425E-06  -2.985570E-05   2.373725E-05  -1.772082E-05  -4.277779E-04
           121      G     -1.089508E-05   1.566531E-05  -1.511031E-05   3.530129E-06  -1.118178E-05  -1.018700E-03
           122      G     -6.431751E-06   1.063980E-04  -6.998644E-04   1.934304E-02  -1.040032E-04   1.289106E-02
           123      G     -1.089508E-05  -1.279463E-05  -1.479792E-05   3.530129E-06  -1.118178E-05  -1.018700E-03
           124      G     -5.647037E-06   5.388429E-06  -6.791057E-04   1.612467E-02   3.392217E-04  -1.019245E-03
           125      G     -1.093305E-05   1.793493E-08  -1.008206E-03  -5.722932E-06   6.971527E-04  -1.012990E-06
           126      G     -2.247024E-05   6.314296E-09  -9.892537E-04   2.147980E-06   3.201261E-03  -1.061081E-06
           127      G      6.712104E-06  -2.864085E-08  -6.501459E-04  -1.159784E-02  -1.406583E-04   4.136647E-05
           128      G      5.531564E-06   4.651410E-06  -6.548213E-04  -1.289353E-02   2.281798E-04  -7.080543E-06
           129      G     -3.134615E-08   2.776237E-06  -7.406312E-04  -9.996555E-03  -2.287449E-06   4.908843E-07
           130      G      8.235765E-06  -7.354937E-06  -3.036876E-05  -2.376490E-05   1.828054E-05  -4.406276E-04
           131      G      8.235765E-06   4.404313E-06  -2.988090E-05  -2.376490E-05   1.828054E-05  -4.406276E-04
           132      G     -1.074115E-08   2.781598E-05  -2.825888E-04   4.133886E-03  -1.730495E-06   9.620121E-07
           133      G      1.096998E-05  -1.547915E-05  -1.507633E-05  -3.915202E-06   1.147117E-05  -1.014611E-03
1                                                       **STUDENT EDITION*    APRIL  17, 2026  MSC Nastran  3/ 3/26   PAGE    12
     DEFAULT                                                                                                                        
0                                                                                                            SUBCASE 1              
      EIGENVALUE =  7.271931E+05
          CYCLES =  1.357204E+02         R E A L   E I G E N V E C T O R   N O .          1
 
      POINT ID.   TYPE          T1             T2             T3             R1             R2             R3
           134      G      6.396842E-06  -1.059086E-04  -6.986039E-04  -1.931004E-02   8.203949E-05   1.291498E-02
           135      G      1.096998E-05   1.286656E-05  -1.475585E-05  -3.915202E-06   1.147117E-05  -1.014611E-03
           136      G      5.637571E-06  -5.311366E-06  -6.787502E-04  -1.611938E-02  -3.714494E-04  -1.013818E-03
           137      G     -6.788069E-06  -4.785811E-08  -6.503447E-04  -1.159830E-02   1.524072E-04  -4.168957E-05
           138      G     -5.596733E-06   4.642705E-06  -6.549940E-04  -1.289553E-02  -2.433862E-04   7.687025E-06
           139      G     -8.260138E-06  -7.364103E-06  -3.037006E-05  -2.381192E-05  -1.832011E-05   4.416073E-04
           140      G     -8.260138E-06   4.421293E-06  -2.988114E-05  -2.381192E-05  -1.832011E-05   4.416073E-04
           141      G     -1.104056E-05  -1.569060E-05  -1.508946E-05  -3.570553E-06  -1.149111E-05   1.024581E-03
           142      G     -6.534036E-06  -1.063128E-04  -6.995111E-04  -1.933232E-02  -8.997539E-05  -1.288136E-02
           143      G     -1.104056E-05   1.293363E-05  -1.476842E-05  -3.570553E-06  -1.149111E-05   1.024581E-03
           144      G     -5.737386E-06  -5.405629E-06  -6.790263E-04  -1.611063E-02   3.446714E-04   1.017562E-03
           200      G      1.098309E-05   1.530941E-05  -1.508947E-05   4.045940E-06   1.065394E-05   1.002513E-03
           201      G      1.098309E-05  -1.269828E-05  -1.479183E-05   4.045940E-06   1.065394E-05   1.002513E-03
           202      G      8.774711E-06   6.540245E-06  -3.049235E-05   2.389722E-05   1.825128E-05   4.374210E-04
           203      G      8.774711E-06  -5.133427E-06  -3.000526E-05   2.389722E-05   1.825128E-05   4.374210E-04
           204      G      5.634661E-07   1.818189E-06  -4.114097E-04   4.470294E-04   1.238092E-05  -8.876855E-06
           205      G     -1.903597E-06   2.312040E-05  -7.313071E-04   1.494784E-02   1.156904E-03  -5.291608E-03
           206      G     -4.893559E-06   2.122087E-06  -1.050874E-03   5.703059E-04   1.071159E-03   1.058699E-03
           207      G     -1.124731E-05   1.555411E-05  -1.511031E-05   3.530129E-06  -1.118178E-05  -1.018700E-03
           208      G     -1.124731E-05  -1.290583E-05  -1.479792E-05   3.530129E-06  -1.118178E-05  -1.018700E-03
           209      G     -8.545558E-06   6.375174E-06  -3.032863E-05   2.373725E-05  -1.772082E-05  -4.277779E-04
           210      G     -8.545558E-06  -5.041148E-06  -2.985570E-05   2.373725E-05  -1.772082E-05  -4.277779E-04
           211      G      2.350848E-06   2.561556E-05  -7.336722E-04   1.443155E-02  -1.300039E-03   6.895807E-03
           212      G      4.610168E-06   2.298988E-07  -1.051363E-03   7.028300E-06  -1.103191E-03   8.256516E-06
           213      G      1.133133E-05  -1.535582E-05  -1.507633E-05  -3.915202E-06   1.147117E-05  -1.014611E-03
           214      G      1.133133E-05   1.298989E-05  -1.475585E-05  -3.915202E-06   1.147117E-05  -1.014611E-03
           215      G      8.811602E-06  -6.606343E-06  -3.036876E-05  -2.376490E-05   1.828054E-05  -4.406276E-04
           216      G      8.811602E-06   5.152908E-06  -2.988090E-05  -2.376490E-05   1.828054E-05  -4.406276E-04
           217      G     -4.898675E-08  -1.847855E-06  -4.110549E-04  -4.450667E-04  -5.031706E-06   9.053350E-06
           218      G     -2.424473E-06  -2.336246E-05  -7.325362E-04  -1.450866E-02   1.259013E-03   7.033777E-03
           219      G     -1.140253E-05  -1.557813E-05  -1.508946E-05  -3.570553E-06  -1.149111E-05   1.024581E-03
           220      G     -1.140253E-05   1.304610E-05  -1.476842E-05  -3.570553E-06  -1.149111E-05   1.024581E-03
           221      G     -8.837221E-06  -6.614027E-06  -3.037006E-05  -2.381192E-05  -1.832011E-05   4.416073E-04
           222      G     -8.837221E-06   5.171369E-06  -2.988114E-05  -2.381192E-05  -1.832011E-05   4.416073E-04
           223      G      2.248860E-06  -2.526659E-05  -7.332993E-04  -1.441877E-02  -1.301005E-03  -6.877347E-03
           224      G      5.587000E-07   1.491747E-06  -6.726038E-04   1.080904E-02   1.464600E-03  -2.449160E-04
           225      G     -3.814832E-07   1.977187E-07  -9.567491E-04   4.487492E-05   5.077669E-04   2.760192E-05
           226      G      2.599581E-08   2.291931E-06  -6.851609E-04   1.216475E-02  -2.443121E-03  -6.114608E-05
           227      G     -4.012276E-07   3.116477E-08  -9.625144E-04  -2.814697E-05   5.758112E-04  -2.836003E-06
           228      G     -1.722211E-07   2.307536E-06  -8.735384E-04   4.529763E-03   1.120759E-05  -1.220373E-05
           229      G     -2.588314E-07   9.016522E-09  -1.004960E-03   5.767094E-06   4.786678E-06   2.868569E-06
           230      G      2.514401E-08   4.300082E-06  -7.075016E-04   1.368878E-02   4.162989E-04   1.268644E-04
           231      G     -4.526394E-07   4.060812E-08  -1.020682E-03   5.252049E-04   8.590349E-04  -2.107735E-04
           232      G     -7.090610E-07   1.357670E-06  -6.704246E-04   1.057276E-02  -1.632023E-03   2.212525E-04
           233      G     -3.346978E-07   3.190042E-08  -9.537332E-04   4.439811E-06  -4.830748E-04  -9.506646E-07
           234      G     -1.382398E-07   2.317192E-06  -6.831158E-04   1.203220E-02   2.566267E-03   5.764811E-05
           235      G     -1.849246E-07  -3.808868E-09  -9.610635E-04   5.289532E-06  -5.356578E-04  -1.100476E-06
           236      G      4.839207E-08   4.095504E-06  -7.092354E-04   1.346752E-02  -4.994508E-04  -1.554470E-04
           237      G     -6.784733E-07   9.499521E-08  -1.020091E-03   4.898301E-06  -1.208319E-03  -6.667980E-06
           238      G      6.144712E-07  -1.327546E-06  -6.694626E-04  -1.055655E-02   1.717623E-03   2.341099E-04
1                                                       **STUDENT EDITION*    APRIL  17, 2026  MSC Nastran  3/ 3/26   PAGE    13
     DEFAULT                                                                                                                        
0                                                                                                            SUBCASE 1              
      EIGENVALUE =  7.271931E+05
          CYCLES =  1.357204E+02         R E A L   E I G E N V E C T O R   N O .          1
 
      POINT ID.   TYPE          T1             T2             T3             R1             R2             R3
           239      G      1.450465E-09  -2.299176E-06  -6.812315E-04  -1.196573E-02  -2.591954E-03   6.272809E-05
           240      G     -1.330302E-07  -2.289252E-06  -8.716420E-04  -4.461485E-03  -1.260946E-05   6.509819E-07
           241      G      1.134262E-07  -3.491239E-06  -7.094846E-04  -1.359231E-02   4.000085E-04  -1.284693E-04
           242      G     -8.402188E-07  -1.298528E-06  -6.696890E-04  -1.052089E-02  -1.640098E-03  -2.288406E-04
           243      G     -2.678770E-07  -2.298440E-06  -6.819475E-04  -1.197325E-02   2.541158E-03  -5.973151E-05
           244      G     -9.409206E-08  -3.983045E-06  -7.087020E-04  -1.343852E-02  -5.085071E-04   1.519484E-04
           300      G      1.854859E-04   1.471318E-04  -3.471572E-04   2.694431E-02  -1.034324E-02   1.615170E-02
           301      G      4.761395E-05   1.050805E-04  -7.098484E-04   2.182321E-02  -5.431325E-03  -8.976862E-03
           302      G      1.462538E-05   1.773069E-04  -6.218286E-04   3.398986E-02   1.730001E-03  -3.332102E-03
           303      G      1.934868E-04   7.388210E-05  -1.437575E-05   1.428448E-02  -9.407974E-03   2.971052E-03
           304      G      1.387574E-04   8.693276E-05  -1.693514E-04   1.902419E-02  -3.105960E-03  -9.219758E-03
           305      G      2.734662E-05   9.538752E-05  -8.247674E-04   1.411567E-02   1.394792E-03  -1.386462E-02
           306      G      1.060445E-05   7.674889E-06  -1.207544E-03   1.750645E-03   2.717775E-03   3.259974E-03
           307      G     -1.962355E-04   1.581348E-04  -3.474776E-04   2.799694E-02   1.066085E-02  -1.778327E-02
           308      G     -3.079250E-05   1.105575E-04  -7.178501E-04   2.182751E-02   3.986447E-03   9.061668E-03
           309      G     -2.091626E-04   8.308006E-05  -1.411000E-05   1.348764E-02   1.209095E-02  -2.399192E-03
           310      G     -1.456058E-04   8.712640E-05  -1.713494E-04   1.912104E-02   2.205752E-03   1.065772E-02
           311      G     -2.981533E-05   1.016135E-04  -8.280283E-04   1.375967E-02  -1.490939E-03   1.625766E-02
           312      G     -1.412269E-05   8.593262E-07  -1.209672E-03   3.776760E-05  -2.821082E-03  -2.902991E-05
           313      G      2.032713E-04  -1.606602E-04  -3.464891E-04  -2.730651E-02  -1.063724E-02  -1.735942E-02
           314      G      4.094718E-05  -1.139318E-04  -7.183548E-04  -2.112521E-02  -4.663907E-03   9.656201E-03
           315      G     -4.117205E-07  -1.857196E-04  -6.198865E-04  -3.403629E-02  -2.378498E-05   2.580434E-05
           316      G      2.145915E-04  -7.863194E-05  -1.367496E-05  -1.329811E-02  -1.192286E-02  -2.085981E-03
           317      G      1.513148E-04  -8.622227E-05  -1.709554E-04  -1.850881E-02  -2.364570E-03   1.095294E-02
           318      G      3.226408E-05  -9.578316E-05  -8.278786E-04  -1.383261E-02   8.143255E-04   1.700423E-02
           319      G     -2.036368E-04  -1.600372E-04  -3.465286E-04  -2.755642E-02   1.058099E-02   1.742195E-02
           320      G     -4.164005E-05  -1.134513E-04  -7.183173E-04  -2.125461E-02   4.602624E-03  -9.604495E-03
           321      G     -2.145369E-04  -8.184625E-05  -1.346781E-05  -1.339138E-02   1.192274E-02   2.249703E-03
           322      G     -1.513317E-04  -8.751467E-05  -1.707881E-04  -1.872816E-02   2.282616E-03  -1.088352E-02
           323      G     -3.299024E-05  -1.000767E-04  -8.277825E-04  -1.368724E-02  -1.390166E-03  -1.633049E-02
           324      G      1.401666E-05   6.435547E-05  -1.967456E-03   2.344033E-02  -7.036123E-03  -6.149616E-03
           325      G      1.628209E-05  -5.167919E-06  -2.497408E-03   1.451454E-04   6.815455E-04   6.273585E-05
           326      G      2.348985E-05   8.960685E-05  -2.358798E-03   2.544644E-02  -1.187271E-02  -3.582619E-04
           327      G      4.567584E-06  -5.205333E-06  -2.882352E-03   2.554626E-04  -9.211237E-03  -9.193475E-06
           328      G     -2.484835E-06   7.580575E-05  -2.529182E-03   2.344855E-02  -2.979110E-04   4.825415E-04
           329      G     -2.254653E-06  -4.927765E-06  -3.074757E-03  -1.155614E-05  -1.082200E-05  -6.832396E-05
           330      G      3.837531E-05   5.386389E-05  -1.368852E-03   2.040683E-02  -2.827402E-02  -4.025575E-04
           331      G      2.209484E-05  -3.332227E-06  -1.877129E-03   1.775814E-03  -2.577608E-02  -4.639061E-04
           332      G     -1.329144E-05   7.110380E-05  -1.975747E-03   2.256681E-02   5.749046E-03   6.607263E-03
           333      G     -2.047867E-05  -1.257745E-06  -2.496302E-03   1.988358E-04  -7.242827E-04  -5.446112E-05
           334      G     -2.695733E-05   9.825586E-05  -2.367382E-03   2.528891E-02   1.256225E-02   1.728714E-04
           335      G     -8.699049E-06  -3.082846E-06  -2.884861E-03   4.437539E-05   9.142519E-03  -6.609386E-05
           336      G     -4.281019E-05   5.838499E-05  -1.380137E-03   2.017251E-02   2.918704E-02   4.281093E-04
           337      G     -2.536278E-05  -4.989734E-08  -1.875751E-03   1.493176E-04   2.546887E-02  -4.031558E-05
           338      G      1.463540E-05  -7.460487E-05  -1.966740E-03  -2.228437E-02  -5.741080E-03   6.676716E-03
           339      G      2.631621E-05  -1.039442E-04  -2.356075E-03  -2.506719E-02  -1.258299E-02   3.014732E-04
           340      G     -1.426043E-06  -8.414266E-05  -2.525108E-03  -2.289939E-02   1.295229E-05   4.143508E-05
           341      G      4.513470E-05  -5.770262E-05  -1.382905E-03  -2.063791E-02  -2.871628E-02   5.639555E-04
           342      G     -1.676664E-05  -7.305411E-05  -1.973759E-03  -2.254950E-02   5.841140E-03  -6.627237E-03
           343      G     -2.907509E-05  -1.027638E-04  -2.360040E-03  -2.514199E-02   1.220559E-02  -2.959500E-04
1                                                       **STUDENT EDITION*    APRIL  17, 2026  MSC Nastran  3/ 3/26   PAGE    14
     DEFAULT                                                                                                                        
0                                                                                                            SUBCASE 1              
      EIGENVALUE =  7.271931E+05
          CYCLES =  1.357204E+02         R E A L   E I G E N V E C T O R   N O .          1
 
      POINT ID.   TYPE          T1             T2             T3             R1             R2             R3
           344      G     -4.630818E-05  -5.846303E-05  -1.378980E-03  -2.022998E-02   2.902933E-02  -4.927010E-04
           400      G      3.590074E-05   9.956237E-04   1.994099E-04   1.476145E-01  -7.935966E-02  -9.945381E-03
           401      G      1.615539E-04   3.247726E-04  -3.202775E-03   2.992734E-02   2.141204E-02   1.691870E-02
           402      G      1.146581E-06   1.356643E-03   3.339490E-04   1.905234E-01  -2.534635E-04  -1.038389E-04
           403      G      4.197791E-05   2.914706E-04   3.256573E-04  -4.046012E-03  -7.095339E-02  -1.009692E-02
           404      G      1.640382E-04   1.755680E-04  -1.022726E-03   5.339021E-02   3.383230E-02  -3.245576E-03
           405      G      5.602609E-04   2.006470E-04  -1.138119E-03   3.647985E-02  -7.640884E-02  -2.084238E-02
           406      G      6.633762E-04   1.148643E-06  -1.511656E-03  -4.432160E-06  -8.050455E-02   3.516882E-04
           407      G     -3.334501E-05   9.967974E-04   1.943456E-04   1.477539E-01   7.944675E-02   1.013456E-02
           408      G     -1.592113E-04   3.251729E-04  -3.211086E-03   2.996855E-02  -2.145006E-02  -1.707579E-02
           409      G     -4.149877E-05   2.936056E-04   3.263077E-04  -3.729368E-03   7.088547E-02   1.038234E-02
           410      G     -1.646910E-04   1.766023E-04  -1.024898E-03   5.348902E-02  -3.367054E-02   2.872994E-03
           411      G     -5.600034E-04   2.016156E-04  -1.142304E-03   3.648412E-02   7.645067E-02   2.107282E-02
           412      G     -6.632946E-04   1.672184E-06  -1.514805E-03  -1.708818E-05   8.053572E-02  -1.131417E-05
           413      G      3.633681E-05  -9.933862E-04   1.950671E-04  -1.477765E-01  -7.948473E-02   1.015073E-02
           414      G      1.619483E-04  -3.214619E-04  -3.210191E-03  -2.995184E-02   2.141330E-02  -1.714451E-02
           415      G     -3.712503E-08  -1.351026E-03   3.317865E-04  -1.902958E-01   3.922222E-06   5.268195E-06
           416      G      4.453371E-05  -2.889044E-04   3.269326E-04   3.656877E-03  -7.097684E-02   1.044707E-02
           417      G      1.677619E-04  -1.726808E-04  -1.024070E-03  -5.359079E-02   3.365349E-02   2.918786E-03
           418      G      5.610743E-04  -1.972454E-04  -1.141719E-03  -3.641885E-02  -7.653115E-02   2.116395E-02
           419      G     -3.628312E-05  -9.932126E-04   1.953318E-04  -1.477798E-01   7.949113E-02  -1.013361E-02
           420      G     -1.619909E-04  -3.213738E-04  -3.210085E-03  -2.995506E-02  -2.140879E-02   1.715621E-02
           421      G     -4.420460E-05  -2.900678E-04   3.275929E-04   3.585906E-03   7.103545E-02  -1.041665E-02
           422      G     -1.675734E-04  -1.730436E-04  -1.023793E-03  -5.366669E-02  -3.366860E-02  -2.896948E-03
           423      G     -5.611799E-04  -1.982690E-04  -1.142090E-03  -3.648500E-02   7.655605E-02  -2.110812E-02
           424      G      1.882781E-04   2.156805E-04  -5.370228E-03  -1.697042E-02  -2.069611E-02   6.349236E-03
           425      G      2.520001E-04   1.328437E-06  -5.932959E-03  -4.369677E-05  -3.399390E-02   1.780268E-05
           426      G      3.477018E-05   4.511534E-04  -7.055224E-03  -4.815911E-03  -3.579224E-02  -1.649828E-03
           427      G      1.245556E-04   1.370021E-06  -7.578769E-03  -7.256626E-05  -2.244370E-02  -1.249422E-05
           428      G      3.105694E-07   3.687699E-04  -6.460092E-03  -3.941279E-02  -1.171273E-04   1.114036E-05
           429      G      1.417345E-08   1.733348E-06  -7.079564E-03  -5.686818E-06   1.718130E-05  -6.432457E-06
           430      G      2.673194E-04   2.089888E-04  -4.188436E-03   1.035482E-02  -1.083311E-01   1.729391E-03
           431      G      4.837012E-04   1.291716E-06  -4.487103E-03   1.328128E-04  -9.203122E-02  -8.968210E-05
           432      G     -1.880929E-04   2.165711E-04  -5.375829E-03  -1.700214E-02   2.076450E-02  -6.436751E-03
           433      G     -2.519576E-04   1.757848E-06  -5.936555E-03  -1.535722E-05   3.402578E-02  -2.479749E-06
           434      G     -3.425922E-05   4.515179E-04  -7.060785E-03  -4.938651E-03   3.568338E-02   1.628018E-03
           435      G     -1.245225E-04   1.691122E-06  -7.580835E-03  -6.785276E-05   2.237788E-02   1.021791E-06
           436      G     -2.665884E-04   2.102164E-04  -4.193699E-03   1.048363E-02   1.083451E-01  -1.726723E-03
           437      G     -4.837767E-04   1.707419E-06  -4.490696E-03  -1.849126E-05   9.209491E-02   5.197247E-06
           438      G      1.889483E-04  -2.132520E-04  -5.373368E-03   1.699385E-02  -2.066261E-02  -6.397864E-03
           439      G      3.488248E-05  -4.480008E-04  -7.057306E-03   4.826423E-03  -3.569718E-02   1.642415E-03
           440      G     -6.701967E-08  -3.653047E-04  -6.458466E-03   3.903608E-02   1.544522E-06  -9.148504E-07
           441      G      2.675536E-04  -2.067215E-04  -4.193634E-03  -1.049589E-02  -1.082937E-01  -1.698971E-03
           442      G     -1.891110E-04  -2.130519E-04  -5.374860E-03   1.689350E-02   2.070980E-02   6.389901E-03
           443      G     -3.501274E-05  -4.478257E-04  -7.058324E-03   4.777084E-03   3.565898E-02  -1.644731E-03
           444      G     -2.677180E-04  -2.066988E-04  -4.194042E-03  -1.048370E-02   1.083280E-01   1.711461E-03
           445      G     -2.605147E-03  -2.235725E-03   9.050080E-04   4.463901E-01  -7.792889E-02   1.916584E-04
           446      G     -2.262109E-03  -4.125162E-03  -6.236536E-04   4.734201E+00   3.906716E-01  -1.159065E-01
           447      G     -1.803100E-03  -9.061086E-04  -5.357406E-03   8.114387E+00   5.294322E-01  -2.169207E-01
           448      G     -1.201841E-03   1.349423E-03  -1.755660E-03   1.399147E+01   1.939076E-01  -2.570475E-01
1                                                       **STUDENT EDITION*    APRIL  17, 2026  MSC Nastran  3/ 3/26   PAGE    15
     DEFAULT                                                                                                                        
0                                                                                                            SUBCASE 1              
      EIGENVALUE =  7.271931E+05
          CYCLES =  1.357204E+02         R E A L   E I G E N V E C T O R   N O .          1
 
      POINT ID.   TYPE          T1             T2             T3             R1             R2             R3
           449      G     -1.264647E-07   1.000498E-02  -9.439616E-03   1.379189E+01  -1.040635E-04  -1.039576E-04
           450      G      1.083265E-03  -1.388940E-03  -2.883149E-03  -2.502757E-01  -3.863182E+00   1.701266E-01
           451      G      1.090297E-02   1.362349E-06  -4.819878E-03   6.357643E-05  -6.684656E+00   6.746148E-05
           452      G      2.607117E-03  -2.236235E-03   9.053824E-04   4.464261E-01   7.801757E-02  -2.398413E-04
           453      G      2.264559E-03  -4.125277E-03  -6.262474E-04   4.734307E+00  -3.905405E-01   1.160354E-01
           454      G      1.804739E-03  -9.062861E-04  -5.363169E-03   8.114573E+00  -5.293758E-01   2.169449E-01
           455      G      1.202572E-03   1.349293E-03  -1.760726E-03   1.399158E+01  -1.940248E-01   2.570281E-01
           456      G     -1.081880E-03  -1.388860E-03  -2.886909E-03  -2.502088E-01   3.863184E+00  -1.701086E-01
           457      G     -1.090192E-02   1.957201E-06  -4.823127E-03   1.357111E-06   6.684707E+00  -1.322109E-05
           458      G     -2.605346E-03   2.240021E-03   9.060466E-04  -4.463805E-01  -7.801196E-02  -2.567549E-04
           459      G     -2.262889E-03   4.128783E-03  -6.255063E-04  -4.734279E+00   3.905543E-01   1.160104E-01
           460      G     -1.803383E-03   9.097377E-04  -5.362380E-03  -8.114587E+00   5.293690E-01   2.169042E-01
           461      G     -1.201932E-03  -1.345819E-03  -1.761070E-03  -1.399165E+01   1.939447E-01   2.570507E-01
           462      G      1.766155E-07  -1.000143E-02  -9.442946E-03  -1.379207E+01   3.513210E-06   6.094723E-07
           463      G      1.082994E-03   1.392261E-03  -2.885765E-03   2.502319E-01  -3.863101E+00  -1.700579E-01
           464      G      2.605799E-03   2.240397E-03   9.067972E-04  -4.464094E-01   7.801655E-02   2.392140E-04
           465      G      2.263300E-03   4.129070E-03  -6.250762E-04  -4.734293E+00  -3.905419E-01  -1.160154E-01
           466      G      1.803753E-03   9.098684E-04  -5.362123E-03  -8.114597E+00  -5.293650E-01  -2.169046E-01
           467      G      1.202293E-03  -1.345778E-03  -1.760922E-03  -1.399166E+01  -1.939394E-01  -2.570513E-01
           468      G     -1.082273E-03   1.392891E-03  -2.886557E-03   2.501816E-01   3.863189E+00   1.700892E-01
           469      G     -2.472027E-03  -2.201499E-03  -6.931886E-03  -3.110526E-01  -2.651449E+00   2.358125E-01
           470      G     -4.227487E-03  -5.274431E-03  -3.966725E-01   2.072284E+01  -1.608436E+01   1.071189E-01
           471      G     -4.829085E-03  -6.333542E-03  -9.950056E-01   5.793603E+01  -1.869221E+01   5.456530E-02
           472      G     -3.740988E-03  -5.140282E-03  -1.454833E+00   8.463318E+01  -1.114562E+01   6.891766E-02
           473      G      5.504209E-07  -7.151542E-03  -1.605245E+00   9.286480E+01  -1.195930E-04   3.550889E-05
           474      G     -4.657323E-03  -5.363732E-03  -9.796265E-01   2.353843E+01  -4.599301E+01   2.113437E-01
           475      G     -5.802994E-03  -6.612954E-03  -2.560217E+00   6.355221E+01  -5.067597E+01   1.404669E-01
           476      G     -3.603982E-03  -7.707680E-03  -3.768957E+00   9.616448E+01  -3.007373E+01   1.038178E-01
           477      G      6.267855E-07  -1.008744E-02  -4.187235E+00   1.092078E+02  -1.412199E-04  -2.883666E-06
           478      G      4.024285E-03  -1.272552E-03  -1.209495E-02  -1.507005E-01  -8.319862E+00   3.264171E-01
           479      G     -3.386604E-03  -3.642731E-03  -1.442297E+00   1.479986E+01  -6.660640E+01   6.034675E-02
           480      G     -6.550390E-03  -3.782133E-03  -3.760473E+00   3.868166E+01  -7.622415E+01   3.869642E-02
           481      G     -4.462480E-03  -5.113804E-03  -5.604768E+00   6.042069E+01  -4.850364E+01   1.507926E-01
           482      G     -6.480421E-03   1.779168E-06  -1.604057E+00   4.638995E-05  -7.573758E+01  -1.831691E-05
           483      G     -8.211707E-03   1.796317E-06  -4.199268E+00   1.003800E-04  -8.397742E+01   3.474763E-07
           484      G     -4.024907E-03   1.787312E-06  -6.299635E+00   1.059370E-04  -5.904790E+01  -1.428543E-06
           485      G      6.143201E-07  -6.541727E-03  -6.299261E+00   7.105984E+01  -1.118542E-04   3.721250E-07
           486      G      5.511999E-07   1.746543E-06  -7.130112E+00   8.069544E-05  -8.542426E-05  -1.709021E-06
           487      G      2.473762E-03  -2.201632E-03  -6.933454E-03  -3.109354E-01   2.651509E+00  -2.358008E-01
           488      G      4.229116E-03  -5.274581E-03  -3.966776E-01   2.072297E+01   1.608451E+01  -1.071537E-01
           489      G      4.830519E-03  -6.333821E-03  -9.950145E-01   5.793616E+01   1.869227E+01  -5.457176E-02
           490      G      3.742105E-03  -5.140559E-03  -1.454840E+00   8.463326E+01   1.114541E+01  -6.890908E-02
           491      G      4.658736E-03  -5.363817E-03  -9.796336E-01   2.353849E+01   4.599316E+01  -2.113505E-01
           492      G      5.804323E-03  -6.613160E-03  -2.560227E+00   6.355221E+01   5.067596E+01  -1.404696E-01
           493      G      3.605271E-03  -7.707867E-03  -3.768964E+00   9.616446E+01   3.007355E+01  -1.038141E-01
           494      G     -4.023097E-03  -1.272324E-03  -1.209915E-02  -1.507247E-01   8.319894E+00  -3.264357E-01
           495      G      3.387862E-03  -3.642685E-03  -1.442304E+00   1.479982E+01   6.660650E+01  -6.035057E-02
           496      G      6.551630E-03  -3.782248E-03  -3.760482E+00   3.868159E+01   7.622414E+01  -3.870121E-02
           497      G      4.463706E-03  -5.113914E-03  -5.604775E+00   6.042063E+01   4.850347E+01  -1.507949E-01
           498      G      6.481509E-03   1.881032E-06  -1.604063E+00  -9.127157E-06   7.573765E+01  -2.105627E-06
1                                                       **STUDENT EDITION*    APRIL  17, 2026  MSC Nastran  3/ 3/26   PAGE    16
     DEFAULT                                                                                                                        
0                                                                                                            SUBCASE 1              
      EIGENVALUE =  7.271931E+05
          CYCLES =  1.357204E+02         R E A L   E I G E N V E C T O R   N O .          1
 
      POINT ID.   TYPE          T1             T2             T3             R1             R2             R3
           499      G      8.212802E-03   1.774958E-06  -4.199275E+00  -4.763997E-06   8.397740E+01  -3.107374E-06
           500      G      4.026005E-03   1.732741E-06  -6.299640E+00   3.114376E-05   5.904778E+01  -1.808591E-06
           501      G     -2.472400E-03   2.205276E-03  -6.932433E-03   3.109287E-01  -2.651468E+00  -2.357915E-01
           502      G     -4.227877E-03   5.278063E-03  -3.966758E-01  -2.072290E+01  -1.608450E+01  -1.071396E-01
           503      G     -4.829425E-03   6.337204E-03  -9.950132E-01  -5.793609E+01  -1.869232E+01  -5.456158E-02
           504      G     -3.741187E-03   5.143921E-03  -1.454841E+00  -8.463324E+01  -1.114555E+01  -6.891716E-02
           505      G      2.834712E-07   7.155057E-03  -1.605251E+00  -9.286483E+01  -4.610093E-06  -4.421677E-06
           506      G     -4.657634E-03   5.367335E-03  -9.796304E-01  -2.353843E+01  -4.599313E+01  -2.113543E-01
           507      G     -5.803258E-03   6.616581E-03  -2.560224E+00  -6.355212E+01  -5.067603E+01  -1.404689E-01
           508      G     -3.604227E-03   7.711282E-03  -3.768964E+00  -9.616439E+01  -3.007370E+01  -1.038168E-01
           509      G      3.852062E-07   1.009093E-02  -4.187240E+00  -1.092078E+02  -2.521357E-05  -3.140056E-06
           510      G      4.024174E-03   1.275861E-03  -1.209716E-02   1.507826E-01  -8.319825E+00  -3.264501E-01
           511      G     -3.386801E-03   3.646198E-03  -1.442300E+00  -1.479972E+01  -6.660645E+01  -6.034598E-02
           512      G     -6.550547E-03   3.785759E-03  -3.760478E+00  -3.868149E+01  -7.622418E+01  -3.870182E-02
           513      G     -4.462621E-03   5.117379E-03  -5.604773E+00  -6.042051E+01  -4.850362E+01  -1.507950E-01
           514      G      4.737829E-07   6.545221E-03  -6.299264E+00  -7.105971E+01  -5.195699E-05  -2.244060E-06
           515      G      2.472982E-03   2.205740E-03  -6.932328E-03   3.109026E-01   2.651511E+00   2.357836E-01
           516      G      4.228419E-03   5.278353E-03  -3.966766E-01  -2.072298E+01   1.608450E+01   1.071333E-01
           517      G      4.829989E-03   6.337328E-03  -9.950139E-01  -5.793616E+01   1.869231E+01   5.455404E-02
           518      G      3.741752E-03   5.143963E-03  -1.454842E+00  -8.463329E+01   1.114554E+01   6.891084E-02
           519      G      4.658364E-03   5.367572E-03  -9.796330E-01  -2.353851E+01   4.599315E+01   2.113409E-01
           520      G      5.804003E-03   6.616678E-03  -2.560227E+00  -6.355222E+01   5.067601E+01   1.404631E-01
           521      G      3.604991E-03   7.711304E-03  -3.768966E+00  -9.616445E+01   3.007365E+01   1.038111E-01
           522      G     -4.023276E-03   1.276331E-03  -1.209912E-02   1.507178E-01   8.319895E+00   3.264292E-01
           523      G      3.387702E-03   3.646430E-03  -1.442304E+00  -1.479983E+01   6.660649E+01   6.034132E-02
           524      G      6.551474E-03   3.785792E-03  -3.760482E+00  -3.868160E+01   7.622416E+01   3.869444E-02
           525      G      4.463562E-03   5.117371E-03  -5.604776E+00  -6.042059E+01   4.850353E+01   1.507902E-01
          1000      G     -1.275560E-07   5.315652E-06  -2.659540E-04  -4.136883E-03   3.559131E-06  -7.928222E-05
          1001      G      1.491304E-06  -4.259372E-06  -3.031433E-05   2.381255E-05   1.556101E-05  -3.850606E-03
          1002      G      2.714209E-06   6.461182E-06  -3.059712E-05   2.707314E-05   1.799989E-05  -3.245904E-03
          1003      G     -1.287904E-07  -8.314257E-07  -6.549636E-04   1.411496E-02  -3.090678E-06   4.036860E-07
          1004      G      1.623237E-06   1.317327E-06  -5.595606E-04   1.658760E-02   3.648079E-04  -2.423902E-06
          1005      G      3.132355E-06  -1.304404E-06  -5.835718E-04   1.690099E-02   1.160346E-03   3.139787E-05
          1006      G     -1.028070E-07  -1.536788E-08  -9.729228E-04  -2.250059E-06  -6.987124E-06   3.871691E-07
          1007      G      1.819417E-06   1.426738E-09  -9.243630E-04   1.737430E-06   1.293573E-03   3.321643E-07
          1008      G      4.174853E-06  -1.233200E-08  -9.364130E-04   3.626017E-06  -9.341912E-04   3.782232E-07
          1009      G      3.063162E-06  -7.862508E-06  -1.482504E-05   2.352036E-06   1.163092E-05  -5.009160E-03
          1010      G      9.125775E-06   1.552344E-05  -1.513928E-05   8.271318E-06   7.331925E-06  -1.434298E-03
          1011      G      6.306309E-06   3.681671E-06  -6.359628E-04   1.817766E-02   3.450279E-03   6.934902E-06
          1012      G      6.780165E-06  -1.196427E-06  -6.977216E-04   1.935624E-02   7.037631E-05  -1.224547E-02
          1013      G      4.026816E-06   5.465741E-09  -9.698889E-04  -9.029813E-06   3.034426E-03   9.192304E-07
          1014      G      4.749455E-06   2.198628E-08  -1.010852E-03  -3.188137E-05  -7.159048E-04   4.767329E-05
          1015      G     -1.755572E-06  -4.181402E-06  -3.016427E-05   2.369552E-05  -1.503535E-05   3.601103E-03
          1016      G     -2.979317E-06   6.301967E-06  -3.043285E-05   2.687526E-05  -1.747681E-05   2.995981E-03
          1017      G     -1.862916E-06   1.290392E-06  -5.598094E-04   1.659239E-02  -3.795345E-04   3.280865E-06
          1018      G     -3.379624E-06  -1.364213E-06  -5.841833E-04   1.690742E-02  -1.172945E-03  -3.102439E-05
          1019      G     -2.035176E-06  -1.289165E-08  -9.244007E-04  -5.019176E-07  -1.285367E-03   2.549530E-07
          1020      G     -4.408294E-06  -3.362715E-08  -9.365251E-04   7.882311E-07   9.184648E-04   2.775414E-07
          1021      G     -3.306562E-06  -8.062438E-06  -1.482770E-05   1.785301E-06  -1.218583E-05   5.032624E-03
          1022      G     -9.451447E-06   1.566217E-05  -1.515678E-05   7.810800E-06  -7.818721E-06   1.408585E-03
1                                                       **STUDENT EDITION*    APRIL  17, 2026  MSC Nastran  3/ 3/26   PAGE    17
     DEFAULT                                                                                                                        
0                                                                                                            SUBCASE 1              
      EIGENVALUE =  7.271931E+05
          CYCLES =  1.357204E+02         R E A L   E I G E N V E C T O R   N O .          1
 
      POINT ID.   TYPE          T1             T2             T3             R1             R2             R3
          1023      G     -6.621315E-06   3.635812E-06  -6.369892E-04   1.817362E-02  -3.465463E-03  -6.721464E-06
          1024      G     -7.093876E-06  -1.269721E-06  -6.993358E-04   1.934260E-02  -1.039911E-04   1.206668E-02
          1025      G     -4.256570E-06  -3.305365E-08  -9.700529E-04   1.420419E-06  -3.023997E-03   2.668426E-07
          1026      G     -4.988524E-06  -5.185867E-08  -1.011076E-03  -5.723773E-06   6.979838E-04  -5.705726E-05
          1027      G     -7.769360E-08  -5.321282E-06  -2.656897E-04   4.131624E-03  -1.730617E-06   2.539666E-05
          1028      G      1.550795E-06   4.280764E-06  -3.018924E-05  -2.367534E-05   1.559277E-05   3.842197E-03
          1029      G      2.788118E-06  -6.518264E-06  -3.047312E-05  -2.696458E-05   1.803011E-05   3.230306E-03
          1030      G     -8.665858E-08   8.455004E-07  -6.549879E-04  -1.411413E-02  -3.804067E-07   1.435381E-07
          1031      G      1.673808E-06  -1.337533E-06  -5.597902E-04  -1.658902E-02   3.719750E-04   2.848895E-06
          1032      G      3.188840E-06   1.325005E-06  -5.839952E-04  -1.690259E-02   1.167196E-03  -3.103732E-05
          1033      G      3.138122E-06   8.014588E-06  -1.478665E-05  -2.168021E-06   1.247215E-05   5.151160E-03
          1034      G      9.293395E-06  -1.570663E-05  -1.512302E-05  -8.194767E-06   8.104789E-06   1.521692E-03
          1035      G      6.404289E-06  -3.711505E-06  -6.364047E-04  -1.816145E-02   3.442561E-03  -6.157813E-06
          1036      G      6.879574E-06   1.250084E-06  -6.981637E-04  -1.930961E-02   8.202465E-05   1.216252E-02
          1037      G     -1.701906E-06   4.296923E-06  -3.018970E-05  -2.371754E-05  -1.563332E-05  -3.780130E-03
          1038      G     -2.924855E-06  -6.526551E-06  -3.047463E-05  -2.701397E-05  -1.807133E-05  -3.175407E-03
          1039      G     -1.848945E-06  -1.336459E-06  -5.598723E-04  -1.658922E-02  -3.794492E-04  -2.536150E-06
          1040      G     -3.365209E-06   1.333828E-06  -5.842159E-04  -1.690468E-02  -1.170950E-03   3.201972E-05
          1041      G     -3.243417E-06   8.084815E-06  -1.479774E-05  -1.788207E-06  -1.251026E-05  -5.146117E-03
          1042      G     -6.606144E-06  -3.751578E-06  -6.369218E-04  -1.817230E-02  -3.461676E-03   7.474947E-06
          1043      G     -7.081656E-06   1.201231E-06  -6.990388E-04  -1.933189E-02  -8.996271E-05  -1.210942E-02
          1044      G     -9.430104E-06  -1.584784E-05  -1.513488E-05  -7.867140E-06  -8.110412E-06  -1.496919E-03
          2000      G     -9.248857E-08  -1.751024E-06  -4.125649E-04   4.455448E-04   1.237189E-05  -3.673544E-04
          2001      G      1.403821E-06  -5.043785E-06  -3.044901E-05   2.477071E-05   1.411129E-05  -4.176216E-03
          2002      G      3.245920E-06   5.725831E-06  -3.058802E-05   2.659437E-05   1.793410E-05  -3.265517E-03
          2003      G     -1.618154E-07  -2.106660E-06  -7.810691E-04   8.106950E-03   1.683228E-05  -8.143951E-07
          2004      G      2.315266E-06  -1.326553E-07  -5.768210E-04   1.542284E-02  -1.950021E-03   6.557603E-06
          2005      G      3.542092E-06  -1.507137E-06  -5.952591E-04   1.546815E-02   2.600581E-03   3.460006E-05
          2006      G     -2.217085E-07  -3.553148E-08  -1.004950E-03   5.771015E-06   4.789699E-06  -1.132038E-06
          2007      G      1.557751E-06  -5.182614E-08  -9.277723E-04   2.773910E-05   1.938169E-03  -1.800876E-06
          2008      G      3.644743E-06  -1.559605E-07  -9.567430E-04   4.488078E-05   5.077685E-04  -2.213667E-06
          2009      G      4.576497E-06  -8.630147E-06  -1.482523E-05   2.546670E-06   1.162511E-05  -4.410400E-03
          2010      G      1.079347E-05   1.403957E-05  -1.517931E-05   9.115222E-06   7.329190E-06  -7.626833E-04
          2011      G      6.512389E-06   3.252248E-06  -6.578605E-04   1.567928E-02   3.164657E-03  -3.260543E-05
          2012      G      7.111688E-06  -3.946322E-06  -7.265582E-04   1.494835E-02   1.156852E-03  -4.049097E-02
          2013      G      3.089398E-06  -2.440348E-07  -9.977970E-04   2.438218E-04   2.488455E-03  -1.083057E-06
          2014      G      3.448228E-06  -3.219221E-07  -1.046616E-03   5.700417E-04   1.070501E-03  -2.097686E-03
          2015      G     -1.597960E-06  -4.958328E-06  -3.029847E-05   2.463082E-05  -1.358896E-05   3.953409E-03
          2016      G     -3.376433E-06   5.579269E-06  -3.042346E-05   2.636546E-05  -1.740808E-05   3.074422E-03
          2017      G     -2.621929E-06  -1.300870E-07  -5.754805E-04   1.528687E-02   2.020792E-03  -8.535642E-06
          2018      G     -3.893196E-06  -1.475320E-06  -5.927851E-04   1.515495E-02  -2.605123E-03  -3.872670E-05
          2019      G     -2.026568E-06  -2.353347E-09  -9.263669E-04   6.366640E-06  -1.855959E-03  -1.058290E-06
          2020      G     -4.165858E-06  -3.029574E-09  -9.537283E-04   4.441412E-06  -4.830850E-04  -9.198762E-07
          2021      G     -4.538959E-06  -8.652624E-06  -1.482746E-05   1.922935E-06  -1.219295E-05   4.584762E-03
          2022      G     -1.069655E-05   1.464913E-05  -1.520080E-05   8.703206E-06  -7.840560E-06   9.603433E-04
          2023      G     -7.018738E-06   3.437703E-06  -6.567829E-04   1.527848E-02  -3.243250E-03   2.334083E-05
          2024      G     -7.778208E-06  -3.337342E-06  -7.283536E-04   1.443240E-02  -1.299887E-03   3.590378E-02
          2025      G     -3.657070E-06   2.591597E-08  -9.961688E-04   6.801503E-06  -2.604803E-03  -1.002838E-06
          2026      G     -3.985416E-06   4.024900E-08  -1.046973E-03   7.034500E-06  -1.102540E-03  -7.493947E-05
          2027      G     -2.826196E-07   1.705668E-06  -4.122028E-04  -4.435818E-04  -5.032182E-06   8.753469E-05
1                                                       **STUDENT EDITION*    APRIL  17, 2026  MSC Nastran  3/ 3/26   PAGE    18
     DEFAULT                                                                                                                        
0                                                                                                            SUBCASE 1              
      EIGENVALUE =  7.271931E+05
          CYCLES =  1.357204E+02         R E A L   E I G E N V E C T O R   N O .          1
 
      POINT ID.   TYPE          T1             T2             T3             R1             R2             R3
          2028      G      1.200709E-06   5.053664E-06  -3.032329E-05  -2.458838E-05   1.414330E-05   4.299226E-03
          2029      G      2.994585E-06  -5.802070E-06  -3.046380E-05  -2.642447E-05   1.796103E-05   3.412566E-03
          2030      G     -2.731396E-07   2.098425E-06  -7.791078E-04  -7.976494E-03  -2.577283E-07  -8.673885E-07
          2031      G      2.203253E-06   3.614140E-08  -5.742560E-04  -1.521349E-02  -1.998422E-03  -9.208997E-06
          2032      G      3.477523E-06   1.348478E-06  -5.917672E-04  -1.512114E-02   2.592979E-03  -3.894185E-05
          2033      G      4.208961E-06   8.532275E-06  -1.478666E-05  -2.316827E-06   1.247573E-05   4.788286E-03
          2034      G      1.040169E-05  -1.482174E-05  -1.516611E-05  -9.075390E-06   8.115882E-06   1.144902E-03
          2035      G      6.598400E-06  -3.643944E-06  -6.558447E-04  -1.528625E-02   3.270470E-03   2.551062E-05
          2036      G      7.374876E-06   3.284799E-06  -7.273855E-04  -1.450952E-02   1.258846E-03   3.722180E-02
          2037      G     -1.759436E-06   5.076461E-06  -3.032382E-05  -2.464899E-05  -1.418840E-05  -4.034503E-03
          2038      G     -3.531677E-06  -5.797096E-06  -3.046525E-05  -2.651926E-05  -1.800547E-05  -3.158628E-03
          2039      G     -2.747444E-06   8.896597E-08  -5.742785E-04  -1.520410E-02   1.990804E-03   7.236935E-06
          2040      G     -4.001624E-06   1.500294E-06  -5.920350E-04  -1.510425E-02  -2.612165E-03   3.742425E-05
          2041      G     -4.686296E-06   8.777924E-06  -1.479748E-05  -1.930020E-06  -1.251684E-05  -4.597813E-03
          2042      G     -1.087246E-05  -1.464797E-05  -1.517882E-05  -8.754250E-06  -8.137394E-06  -9.554557E-04
          2043      G     -7.116259E-06  -3.441677E-06  -6.562578E-04  -1.525266E-02  -3.254017E-03  -2.508883E-05
          2044      G     -7.886331E-06   3.450177E-06  -7.279767E-04  -1.441961E-02  -1.300847E-03  -3.598926E-02
          3000      G      5.032795E-07  -9.084796E-05  -7.578683E-04   3.398130E-02   1.729654E-03  -1.059147E-02
          3001      G      5.879507E-06  -6.731281E-05  -7.970986E-04   2.182025E-02  -5.431212E-03   9.686896E-03
          3002      G      1.400908E-05  -6.546358E-05  -4.549844E-04   2.693815E-02  -1.034457E-02  -6.069517E-02
          3003      G     -1.798937E-06  -4.120320E-05  -2.297525E-03   3.377805E-02  -4.713229E-05  -3.979150E-05
          3004      G      1.455257E-05  -4.217146E-05  -2.148209E-03   3.347801E-02  -1.043943E-02   1.690024E-04
          3005      G      2.941819E-05  -2.754025E-05  -1.779980E-03   3.097842E-02  -1.318555E-02   3.597400E-04
          3006      G     -2.340982E-06  -4.837830E-06  -3.074773E-03  -1.155198E-05  -1.082992E-05  -2.392392E-05
          3007      G      1.258502E-05  -5.747472E-06  -2.856407E-03   5.005297E-04  -1.880353E-02  -2.141727E-05
          3008      G      2.235625E-05  -6.320146E-06  -2.497400E-03   1.451407E-04   6.806807E-04  -1.618217E-05
          3009      G      2.402095E-05  -1.918634E-05  -2.516830E-04   1.902348E-02  -3.105528E-03  -3.578564E-02
          3010      G      4.336713E-05   3.342218E-05  -1.091330E-04   1.428904E-02  -9.411896E-03  -4.006587E-02
          3011      G      4.057639E-05  -9.682193E-06  -1.221579E-03   2.363677E-02  -2.596623E-02   2.477947E-04
          3012      G      3.819806E-05  -5.002709E-06  -8.192404E-04   1.411581E-02   1.392313E-03   7.939561E-03
          3013      G      2.901837E-05  -6.736233E-06  -1.826703E-03   9.795048E-04  -4.385917E-02  -6.578265E-06
          3014      G      3.225527E-05  -6.804513E-06  -1.196755E-03   1.750352E-03   2.716263E-03  -2.974638E-03
          3015      G     -6.011347E-06  -6.201361E-05  -8.050964E-04   2.182510E-02   3.986261E-03  -1.250126E-02
          3016      G     -1.536180E-05  -6.277094E-05  -4.595168E-04   2.799050E-02   1.066240E-02   6.575578E-02
          3017      G     -1.748189E-05  -3.978075E-05  -2.158055E-03   3.338263E-02   1.073738E-02  -2.371571E-04
          3018      G     -3.215909E-05  -2.328194E-05  -1.787076E-03   2.983987E-02   1.265204E-02  -4.044020E-04
          3019      G     -1.733805E-05  -3.998883E-06  -2.859842E-03   4.630262E-05   1.893515E-02  -2.996717E-05
          3020      G     -2.690123E-05  -2.841755E-06  -2.496293E-03   1.988342E-04  -7.234078E-04  -3.107334E-05
          3021      G     -2.597686E-05  -1.376674E-05  -2.522866E-04   1.912042E-02   2.205331E-03   4.036194E-02
          3022      G     -4.572308E-05   4.086741E-05  -1.164021E-04   1.349242E-02   1.209479E-02   3.547137E-02
          3023      G     -4.377071E-05  -4.645761E-06  -1.222105E-03   2.305434E-02   2.663903E-02  -2.811667E-04
          3024      G     -4.141381E-05   1.190436E-06  -8.221207E-04   1.376008E-02  -1.488378E-03  -1.175877E-02
          3025      G     -3.338151E-05  -2.050693E-06  -1.823921E-03   1.629314E-04   4.380424E-02  -2.907479E-05
          3026      G     -3.659354E-05  -1.202209E-06  -1.198469E-03   3.778102E-05  -2.819555E-03  -8.505212E-04
          3027      G     -3.755475E-06   8.273712E-05  -7.561137E-04  -3.402746E-02  -2.379126E-05   1.549489E-03
          3028      G      3.004886E-06   5.305409E-05  -8.028002E-04  -2.112279E-02  -4.663768E-03  -9.212439E-03
          3029      G      1.265142E-05   5.474115E-05  -4.557652E-04  -2.730004E-02  -1.063877E-02   7.029320E-02
          3030      G     -3.054992E-06   3.110781E-05  -2.293368E-03  -3.331628E-02   1.081164E-04  -2.328634E-05
          3031      G      1.329857E-05   3.081726E-05  -2.149223E-03  -3.349584E-02  -1.070040E-02  -2.132565E-04
          3032      G      2.828915E-05   1.459760E-05  -1.778455E-03  -2.989931E-02  -1.286304E-02  -3.837335E-04
1                                                       **STUDENT EDITION*    APRIL  17, 2026  MSC Nastran  3/ 3/26   PAGE    19
     DEFAULT                                                                                                                        
0                                                                                                            SUBCASE 1              
      EIGENVALUE =  7.271931E+05
          CYCLES =  1.357204E+02         R E A L   E I G E N V E C T O R   N O .          1
 
      POINT ID.   TYPE          T1             T2             T3             R1             R2             R3
          3033      G      2.334670E-05   6.257799E-06  -2.497618E-04  -1.850820E-02  -2.364160E-03   4.360329E-02
          3034      G      4.279152E-05  -4.765094E-05  -1.145361E-04  -1.330281E-02  -1.192666E-02   4.001213E-02
          3035      G      4.025842E-05  -3.323359E-06  -1.222185E-03  -2.334564E-02  -2.591643E-02  -2.563058E-04
          3036      G      3.845792E-05  -8.395132E-06  -8.246801E-04  -1.383304E-02   8.117191E-04  -5.705508E-03
          3037      G     -1.044194E-05   5.456070E-05  -8.032816E-04  -2.125220E-02   4.602472E-03   1.228519E-02
          3038      G     -1.988632E-05   5.735871E-05  -4.568034E-04  -2.754996E-02   1.058251E-02  -6.714867E-02
          3039      G     -1.935815E-05   3.237955E-05  -2.150315E-03  -3.341243E-02   1.046171E-02   1.693631E-04
          3040      G     -3.425224E-05   1.753081E-05  -1.784565E-03  -3.004379E-02   1.269412E-02   3.432581E-04
          3041      G     -3.042837E-05   9.917810E-06  -2.503070E-04  -1.872754E-02   2.282188E-03  -4.046886E-02
          3042      G     -4.996541E-05  -4.289134E-05  -1.147026E-04  -1.339612E-02   1.192655E-02  -3.656199E-02
          3043      G     -4.598054E-05   7.673792E-07  -1.221202E-03  -2.322855E-02   2.647692E-02   2.215781E-04
          3044      G     -4.378188E-05  -3.583984E-06  -8.222770E-04  -1.368763E-02  -1.387597E-03   1.015632E-02
          4000      G      3.422535E-07  -1.454926E-04  -4.321599E-04   1.904698E-01  -2.534508E-04   7.073438E-04
          4001      G     -2.015227E-06   7.779942E-05  -3.318970E-03   2.996786E-02   2.141243E-02  -1.833454E-01
          4002      G     -2.769607E-05  -1.653204E-04  -3.937926E-04   1.475616E-01  -7.935955E-02   2.928553E-01
          4003      G      2.898559E-07   1.000278E-05  -5.802611E-03   6.078421E-02  -1.112701E-04  -1.676365E-06
          4004      G     -1.514584E-05  -4.587257E-05  -6.249251E-03   8.027114E-02  -3.291673E-02  -3.129921E-04
          4005      G     -2.501988E-05  -1.685469E-05  -4.880714E-03   5.407144E-02  -1.255791E-02  -9.375727E-05
          4006      G      1.529313E-07   1.779648E-06  -7.079617E-03  -5.682708E-06   1.717753E-05  -2.257127E-06
          4007      G     -1.205412E-05   1.732228E-06  -7.530352E-03  -8.035532E-05  -2.704589E-02  -1.994774E-06
          4008      G     -1.693848E-05   1.678268E-06  -5.932971E-03  -4.369121E-05  -3.399906E-02  -1.656790E-06
          4009      G     -4.013513E-05  -1.452861E-05  -1.166957E-03   5.339724E-02   3.383260E-02  -2.324208E-01
          4010      G     -7.795541E-05  -1.114429E-04   5.730297E-05  -4.058113E-03  -7.094332E-02   2.297607E-01
          4011      G     -2.971204E-05  -6.266555E-05  -3.925380E-03   4.584429E-02  -9.120426E-02   2.399547E-04
          4012      G     -4.397080E-05  -1.382038E-05  -1.443448E-03   3.648166E-02  -7.639330E-02  -1.688795E-02
          4013      G     -5.684288E-06   1.642862E-06  -4.520876E-03   6.880293E-05  -9.718084E-02  -1.897436E-06
          4014      G      2.203974E-05   1.565643E-06  -1.834211E-03  -4.430542E-06  -8.051668E-02  -5.411743E-04
          4015      G      2.776169E-06   7.787184E-05  -3.327442E-03   3.000905E-02  -2.145045E-02   1.828640E-01
          4016      G      2.852408E-05  -1.652439E-04  -3.994165E-04   1.477009E-01   7.944662E-02  -2.942509E-01
          4017      G      1.571110E-05  -4.581723E-05  -6.254609E-03   8.011562E-02   3.279410E-02   3.085365E-04
          4018      G      2.556968E-05  -1.667269E-05  -4.886256E-03   5.398132E-02   1.260415E-02   8.803299E-05
          4019      G      1.236533E-05   1.826522E-06  -7.532438E-03  -6.713514E-05   2.689496E-02  -2.601407E-06
          4020      G      1.723803E-05   1.880086E-06  -5.936567E-03  -1.535548E-05   3.403093E-02  -3.037351E-06
          4021      G      4.093458E-05  -1.419672E-05  -1.169846E-03   5.349606E-02  -3.367083E-02   2.328756E-01
          4022      G      7.874214E-05  -1.109774E-04   5.695809E-05  -3.741492E-03   7.087542E-02  -2.296224E-01
          4023      G      3.027280E-05  -6.234791E-05  -3.930444E-03   4.591505E-02   9.120083E-02  -2.459822E-04
          4024      G      4.455711E-05  -1.332296E-05  -1.447801E-03   3.648591E-02   7.643511E-02   1.643995E-02
          4025      G      5.995313E-06   1.951254E-06  -4.524520E-03  -1.876297E-05   9.716777E-02  -3.524629E-06
          4026      G     -2.171285E-05   2.035976E-06  -1.837486E-03  -1.708734E-05   8.054783E-02   1.249520E-04
          4027      G     -2.219499E-08   1.492841E-04  -4.334164E-04  -1.902422E-01   3.922481E-06   2.842523E-06
          4028      G     -2.318484E-06  -7.429275E-05  -3.326480E-03  -2.999234E-02   2.141371E-02   1.839236E-01
          4029      G     -2.796346E-05   1.688342E-04  -3.987851E-04  -1.477235E-01  -7.948460E-02  -2.932051E-01
          4030      G      6.111254E-08  -6.420856E-06  -5.801039E-03  -6.090924E-02  -2.088563E-05  -2.030522E-06
          4031      G     -1.531985E-05   4.939635E-05  -6.251575E-03  -8.006649E-02  -3.280792E-02   3.091977E-04
          4032      G     -2.515318E-05   2.022955E-05  -4.884238E-03  -5.391637E-02  -1.254454E-02   8.975138E-05
          4033      G     -4.028186E-05   1.779171E-05  -1.169460E-03  -5.359782E-02   3.365378E-02   2.339678E-01
          4034      G     -7.803949E-05   1.146582E-04   5.692914E-05   3.668987E-03  -7.096679E-02  -2.288869E-01
          4035      G     -2.984723E-05   6.593984E-05  -3.930230E-03  -4.586432E-02  -9.116091E-02  -2.426135E-04
          4036      G     -4.412711E-05   1.701250E-05  -1.447538E-03  -3.642064E-02  -7.651559E-02   1.642975E-02
          4037      G      2.275877E-06  -7.417977E-05  -3.326387E-03  -2.999556E-02  -2.140920E-02  -1.839174E-01
1                                                       **STUDENT EDITION*    APRIL  17, 2026  MSC Nastran  3/ 3/26   PAGE    20
     DEFAULT                                                                                                                        
0                                                                                                            SUBCASE 1              
      EIGENVALUE =  7.271931E+05
          CYCLES =  1.357204E+02         R E A L   E I G E N V E C T O R   N O .          1
 
      POINT ID.   TYPE          T1             T2             T3             R1             R2             R3
          4038      G      2.791957E-05   1.690349E-04  -3.985339E-04  -1.477268E-01   7.949099E-02   2.932620E-01
          4039      G      1.543462E-05   4.949877E-05  -6.252533E-03  -8.012365E-02   3.279080E-02  -3.132616E-04
          4040      G      2.526005E-05   2.043236E-05  -4.885545E-03  -5.402488E-02   1.254216E-02  -9.358753E-05
          4041      G      4.023366E-05   1.808987E-05  -1.169457E-03  -5.367373E-02  -3.366890E-02  -2.339316E-01
          4042      G      7.796458E-05   1.149386E-04   5.707228E-05   3.598017E-03   7.102541E-02   2.292937E-01
          4043      G      2.993611E-05   6.622493E-05  -3.931133E-03  -4.588379E-02   9.119125E-02   2.386686E-04
          4044      G      4.422048E-05   1.739664E-05  -1.448009E-03  -3.648678E-02   7.654050E-02  -1.604563E-02
1                                                       **STUDENT EDITION*    APRIL  17, 2026  MSC Nastran  3/ 3/26   PAGE    21
     DEFAULT                                                                                                                        
0                                                                                                            SUBCASE 1              
      EIGENVALUE =  1.444869E+06
          CYCLES =  1.913085E+02         R E A L   E I G E N V E C T O R   N O .          2
 
      POINT ID.   TYPE          T1             T2             T3             R1             R2             R3
             1      G      0.0            0.0            0.0            0.0            0.0            0.0
             2      G      0.0            0.0            0.0            0.0            0.0            0.0
             3      G      0.0            0.0            0.0            0.0            0.0            0.0
             4      G      0.0            0.0            0.0            0.0            0.0            0.0
             5      G      0.0            0.0            0.0            0.0            0.0            0.0
             6      G      0.0            0.0            0.0            0.0            0.0            0.0
             7      G      0.0            0.0            0.0            0.0            0.0            0.0
             8      G      0.0            0.0            0.0            0.0            0.0            0.0
            10      G     -5.983503E-06  -7.009510E-05  -1.219598E-04  -4.909046E-06  -6.247132E-05   7.997884E-03
            11      G     -4.987611E-06   6.926629E-05  -1.215193E-04   6.494556E-06  -5.846311E-05  -7.895519E-03
            12      G     -3.061608E-05   4.813800E-06  -1.072825E-04  -9.105936E-05  -9.689431E-05   1.372680E-03
            13      G     -2.889896E-05  -4.711694E-06  -1.065840E-04   9.043265E-05  -9.088370E-05  -1.163172E-03
            14      G      2.998918E-05   4.873426E-06  -1.072625E-04  -9.120319E-05   9.525557E-05  -1.282761E-03
            15      G      2.959481E-05  -4.796413E-06  -1.097295E-04   9.297372E-05   8.999141E-05   1.481866E-03
            16      G      5.580304E-06  -6.798987E-05  -1.211387E-04  -9.715590E-06   6.072941E-05  -7.853398E-03
            17      G      5.459931E-06   6.903867E-05  -1.209565E-04   9.192021E-06   6.448523E-05   7.950513E-03
           100      G      7.450750E-05   3.950257E-06  -8.262046E-03   1.428038E-01  -2.876605E-02   1.448793E-03
           101      G      1.593971E-04   3.989087E-07  -1.121924E-02  -3.006506E-05  -1.801274E-02   8.716947E-05
           102      G      4.356783E-05  -2.447610E-05  -9.241046E-03   1.688698E-01  -2.011967E-02  -1.560144E-05
           103      G      7.650370E-05   2.131669E-07  -1.259851E-02  -9.603877E-05  -2.579291E-02  -1.005643E-05
           104      G      2.617410E-07   2.789621E-05  -9.672039E-03   1.487918E-01  -5.594574E-05  -5.284188E-05
           105      G     -1.012978E-07  -8.362887E-09  -1.283395E-02   5.914966E-07  -9.440556E-05   9.267887E-06
           106      G      4.070881E-05   2.305525E-05  -1.121182E-04   9.297372E-05   8.999141E-05   1.481866E-03
           107      G      4.070881E-05  -1.649204E-05  -1.097165E-04   9.297372E-05   8.999141E-05   1.481866E-03
           108      G      2.084272E-06  -7.484728E-05  -8.095784E-04  -8.837746E-03  -1.582201E-04   6.900013E-05
           109      G      6.508878E-05   1.286675E-04  -1.215090E-04   9.192021E-06   6.448523E-05   7.950513E-03
           110      G      1.236758E-04   8.066866E-04  -5.294137E-03   1.380720E-01  -1.035883E-02  -9.853956E-02
           111      G      6.508878E-05  -9.344995E-05  -1.197075E-04   9.192021E-06   6.448523E-05   7.950513E-03
           112      G      8.845812E-05   3.367273E-05  -6.949229E-03   1.518805E-01  -7.869942E-02   8.405177E-03
           113      G      1.831891E-04  -2.412075E-06  -7.529639E-03  -1.097983E-03  -2.038008E-02   1.635495E-03
           114      G      2.746373E-04   7.050414E-07  -9.820372E-03  -4.992385E-05  -1.060846E-01  -4.372170E-04
           115      G     -7.390416E-05   3.137086E-06  -8.267941E-03   1.435390E-01   2.852231E-02  -1.605418E-03
           116      G     -1.599566E-04  -6.515502E-07  -1.123112E-02   1.172501E-05   1.782446E-02   7.551865E-06
           117      G     -4.234754E-05  -2.551409E-05  -9.242035E-03   1.692164E-01   1.999550E-02   2.729085E-06
           118      G     -7.693167E-05  -2.779539E-07  -1.260428E-02  -6.112746E-07   2.558162E-02   1.381624E-05
           119      G     -3.762276E-05   1.715013E-05  -1.089704E-04   9.043265E-05  -9.088370E-05  -1.163172E-03
           120      G     -3.762276E-05  -1.389204E-05  -1.065449E-04   9.043265E-05  -9.088370E-05  -1.163172E-03
           121      G     -6.420401E-05   1.284827E-04  -1.220064E-04   6.494556E-06  -5.846311E-05  -7.895519E-03
           122      G     -1.230370E-04   8.063804E-04  -5.300298E-03   1.380538E-01   9.978432E-03   1.004012E-01
           123      G     -6.420401E-05  -9.209840E-05  -1.203731E-04   6.494556E-06  -5.846311E-05  -7.895519E-03
           124      G     -8.788330E-05   3.248861E-05  -6.957612E-03   1.523640E-01   7.904967E-02  -8.420138E-03
           125      G     -1.835240E-04  -2.756366E-06  -7.552463E-03  -8.517330E-05   2.008812E-02  -1.394690E-04
           126      G     -2.755403E-04  -1.238687E-06  -9.838038E-03   1.018055E-04   1.060839E-01   8.193135E-05
           127      G      7.359680E-05  -3.273623E-06  -8.257342E-03  -1.432249E-01  -2.841567E-02  -1.553167E-03
           128      G      4.243775E-05   2.518900E-05  -9.235049E-03  -1.690831E-01  -2.031735E-02   1.613858E-05
           129      G     -4.091687E-07  -2.796094E-05  -9.672383E-03  -1.488518E-01  -8.801812E-05  -1.778025E-06
           130      G      3.960988E-05  -1.923606E-05  -1.097369E-04  -9.120319E-05   9.525557E-05  -1.282761E-03
           131      G      3.960988E-05   1.499762E-05  -1.071948E-04  -9.120319E-05   9.525557E-05  -1.282761E-03
           132      G     -4.361823E-07   7.544710E-05  -8.151311E-04   8.933196E-03  -8.999420E-06  -2.148706E-05
           133      G      6.448079E-05  -1.268904E-04  -1.216670E-04  -9.715590E-06   6.072941E-05  -7.853398E-03
1                                                       **STUDENT EDITION*    APRIL  17, 2026  MSC Nastran  3/ 3/26   PAGE    22
     DEFAULT                                                                                                                        
0                                                                                                            SUBCASE 1              
      EIGENVALUE =  1.444869E+06
          CYCLES =  1.913085E+02         R E A L   E I G E N V E C T O R   N O .          2
 
      POINT ID.   TYPE          T1             T2             T3             R1             R2             R3
           134      G      1.227894E-04  -8.018686E-04  -5.267941E-03  -1.371831E-01  -1.020213E-02   1.003662E-01
           135      G      6.448079E-05   9.251397E-05  -1.199704E-04  -9.715590E-06   6.072941E-05  -7.853398E-03
           136      G      8.733554E-05  -3.324651E-05  -6.939902E-03  -1.520992E-01  -7.965812E-02  -8.371663E-03
           137      G     -7.455655E-05  -3.971192E-06  -8.268862E-03  -1.432585E-01   2.840245E-02   1.501776E-03
           138      G     -4.329358E-05   2.464537E-05  -9.241701E-03  -1.691388E-01   2.000983E-02  -1.469630E-05
           139      G     -4.091118E-05  -2.098573E-05  -1.097865E-04  -9.105936E-05  -9.689431E-05   1.372680E-03
           140      G     -4.091118E-05   1.564768E-05  -1.072007E-04  -9.105936E-05  -9.689431E-05   1.372680E-03
           141      G     -6.596763E-05  -1.300792E-04  -1.224651E-04  -4.909046E-06  -6.247132E-05   7.997884E-03
           142      G     -1.243666E-04  -8.099296E-04  -5.299952E-03  -1.380363E-01   1.020030E-02  -1.004982E-01
           143      G     -6.596763E-05   9.336167E-05  -1.207198E-04  -4.909046E-06  -6.247132E-05   7.997884E-03
           144      G     -8.859054E-05  -3.478409E-05  -6.960445E-03  -1.523633E-01   7.903925E-02   8.434151E-03
           200      G      6.712007E-05   1.283780E-04  -1.215090E-04   9.192021E-06   6.448523E-05   7.950513E-03
           201      G      6.712007E-05  -9.373950E-05  -1.197075E-04   9.192021E-06   6.448523E-05   7.950513E-03
           202      G      4.354354E-05   2.012658E-05  -1.121182E-04   9.297372E-05   8.999141E-05   1.481866E-03
           203      G      4.354354E-05  -1.942071E-05  -1.097165E-04   9.297372E-05   8.999141E-05   1.481866E-03
           204      G     -9.739803E-06   1.152043E-04  -1.196168E-03   3.093944E-02   9.370553E-04   5.273518E-04
           205      G      4.654413E-04   2.559201E-04  -5.568289E-03   1.171921E-01  -4.510375E-02  -5.646481E-02
           206      G      5.361236E-04   2.036817E-05  -7.881933E-03   5.503845E-03  -5.966100E-02   9.752668E-03
           207      G     -6.604560E-05   1.282781E-04  -1.220064E-04   6.494556E-06  -5.846311E-05  -7.895519E-03
           208      G     -6.604560E-05  -9.230298E-05  -1.203731E-04   6.494556E-06  -5.846311E-05  -7.895519E-03
           209      G     -4.048559E-05   1.430150E-05  -1.089704E-04   9.043265E-05  -9.088370E-05  -1.163172E-03
           210      G     -4.048559E-05  -1.674066E-05  -1.065449E-04   9.043265E-05  -9.088370E-05  -1.163172E-03
           211      G     -4.722607E-04   2.683854E-04  -5.575019E-03   1.253956E-01   4.434678E-02   7.235527E-02
           212      G     -5.688235E-04  -7.397890E-06  -7.912866E-03  -4.778803E-05   6.243908E-02  -1.109545E-04
           213      G      6.639377E-05  -1.265843E-04  -1.216670E-04  -9.715590E-06   6.072941E-05  -7.853398E-03
           214      G      6.639377E-05   9.282002E-05  -1.199704E-04  -9.715590E-06   6.072941E-05  -7.853398E-03
           215      G      4.261043E-05  -1.636316E-05  -1.097369E-04  -9.120319E-05   9.525557E-05  -1.282761E-03
           216      G      4.261043E-05   1.787052E-05  -1.071948E-04  -9.120319E-05   9.525557E-05  -1.282761E-03
           217      G     -2.065242E-06  -1.034382E-04  -1.204075E-03  -2.993820E-02  -3.652648E-06   3.049464E-04
           218      G      4.713732E-04  -2.565893E-04  -5.541935E-03  -1.264810E-01  -4.489541E-02   7.553705E-02
           219      G     -6.793548E-05  -1.299246E-04  -1.224651E-04  -4.909046E-06  -6.247132E-05   7.997884E-03
           220      G     -6.793548E-05   9.351630E-05  -1.207198E-04  -4.909046E-06  -6.247132E-05   7.997884E-03
           221      G     -4.396335E-05  -1.811736E-05  -1.097865E-04  -9.105936E-05  -9.689431E-05   1.372680E-03
           222      G     -4.396335E-05   1.851605E-05  -1.072007E-04  -9.105936E-05  -9.689431E-05   1.372680E-03
           223      G     -4.706784E-04  -2.815772E-04  -5.572459E-03  -1.256030E-01   4.431819E-02  -7.318591E-02
           224      G      1.858833E-04  -2.413223E-06  -1.012380E-02   1.679844E-01  -3.702749E-02   3.205791E-03
           225      G      2.884701E-04   1.952472E-06  -1.380142E-02   9.060964E-05  -3.114095E-02   2.544746E-04
           226      G      7.885392E-05  -3.282095E-06  -1.156950E-02   2.038817E-01  -4.556150E-02   3.030713E-05
           227      G      1.433874E-04   9.545784E-07  -1.569970E-02  -6.505243E-04  -3.622128E-02  -4.855193E-05
           228      G      2.113102E-07   5.649919E-05  -1.256163E-02   1.505347E-01   2.775087E-04   1.683380E-05
           229      G      4.897349E-07   1.566699E-06  -1.604623E-02   1.676593E-04  -4.691422E-04   1.703226E-05
           230      G      3.041866E-04  -1.632423E-06  -8.207701E-03   1.617314E-01  -1.005236E-01   4.597792E-03
           231      G      4.591840E-04  -9.721662E-08  -1.156367E-02   4.282014E-03  -1.225018E-01  -1.938013E-03
           232      G     -1.943179E-04  -4.617133E-06  -1.012053E-02   1.702995E-01   3.562495E-02  -3.309646E-03
           233      G     -2.829706E-04  -8.531170E-07  -1.384482E-02   1.867889E-05   2.953881E-02   6.137501E-05
           234      G     -8.454872E-05  -6.964188E-06  -1.155954E-02   2.046974E-01   4.625744E-02  -1.296362E-05
           235      G     -1.408958E-04   6.228991E-07  -1.571865E-02  -1.480036E-04   3.575837E-02   4.386672E-05
           236      G     -3.145517E-04  -1.264172E-05  -8.243140E-03   1.687417E-01   1.029879E-01  -4.784773E-03
           237      G     -4.676642E-04  -3.361716E-06  -1.166598E-02   6.573499E-05   1.277932E-01   1.774396E-04
           238      G      1.896467E-04   3.679579E-06  -1.006031E-02  -1.697850E-01  -3.525501E-02  -3.373719E-03
1                                                       **STUDENT EDITION*    APRIL  17, 2026  MSC Nastran  3/ 3/26   PAGE    23
     DEFAULT                                                                                                                        
0                                                                                                            SUBCASE 1              
      EIGENVALUE =  1.444869E+06
          CYCLES =  1.913085E+02         R E A L   E I G E N V E C T O R   N O .          2
 
      POINT ID.   TYPE          T1             T2             T3             R1             R2             R3
           239      G      8.218057E-05   8.686195E-06  -1.150550E-02  -2.046607E-01  -4.705757E-02  -5.195250E-05
           240      G      9.508100E-08  -5.350300E-05  -1.252696E-02  -1.522798E-01  -4.468260E-04  -1.084965E-04
           241      G      3.108934E-04   1.043717E-05  -8.186262E-03  -1.682904E-01  -1.002386E-01  -4.619348E-03
           242      G     -1.925207E-04   3.274396E-06  -1.010788E-02  -1.704279E-01   3.529495E-02   3.183487E-03
           243      G     -8.328769E-05   7.647120E-06  -1.153507E-02  -2.051775E-01   4.571825E-02   3.333082E-05
           244      G     -3.124668E-04   7.825558E-06  -8.237474E-03  -1.689773E-01   1.028008E-01   4.879785E-03
           300      G      6.611701E-04   4.904086E-03  -1.822539E-03   1.100780E+00   3.297314E-02  -3.248225E-01
           301      G      1.070089E-03   1.708781E-02  -2.563194E-03   2.825618E+00   1.492720E-01   6.410509E-02
           302      G      2.421636E-04   5.087155E-03  -3.025928E-03   1.371847E+00  -5.871797E-02   6.983607E-02
           303      G      4.812302E-04   3.360964E-04  -3.350878E-04   7.219816E-02  -1.068317E-01   6.848153E-02
           304      G      1.487227E-03  -7.489115E-04  -6.338566E-04   2.302145E-01   5.433691E-01   2.301714E-02
           305      G      1.596111E-02   1.111004E-03  -7.473931E-03  -1.275369E+00  -2.905417E+00   1.504497E-01
           306      G      1.773386E-02   8.438641E-05  -1.080100E-02   1.493416E-02  -3.855622E+00   5.063822E-02
           307      G     -9.116473E-04   4.742817E-03  -1.848151E-03   1.044313E+00   3.190041E-02   2.947963E-01
           308      G     -1.044569E-03   1.815607E-02  -2.527273E-03   2.974045E+00  -2.317109E-01  -5.233957E-02
           309      G     -1.566537E-04   3.151287E-04  -3.129090E-04   8.049627E-02   3.711820E-02  -4.293292E-02
           310      G     -1.555807E-03  -1.058044E-03  -5.439726E-04   2.728457E-01  -8.083312E-01  -1.286680E-03
           311      G     -1.633480E-02   1.179850E-03  -7.507169E-03  -1.901383E+00   2.968452E+00  -2.423043E-01
           312      G     -1.786642E-02  -1.887244E-05  -1.086166E-02   3.877806E-03   3.859746E+00  -2.856217E-04
           313      G      9.634339E-04  -4.844553E-03  -1.815283E-03  -9.876342E-01  -3.624836E-02   2.989932E-01
           314      G      1.122541E-03  -1.828372E-02  -2.508487E-03  -2.917782E+00   2.435984E-01  -4.769179E-02
           315      G     -2.080594E-05  -4.958802E-03  -3.026155E-03  -1.274428E+00  -1.162303E-03   1.308612E-03
           316      G      2.274393E-04  -3.355239E-04  -3.147808E-04  -6.302595E-02  -2.051755E-02  -3.799901E-02
           317      G      1.610093E-03   9.919558E-04  -5.329586E-04  -2.191747E-01   8.008640E-01   1.299449E-03
           318      G      1.629984E-02  -1.161079E-03  -7.486986E-03   1.913115E+00  -2.976419E+00  -2.311113E-01
           319      G     -9.969358E-04  -4.824846E-03  -1.829185E-03  -1.012641E+00   3.314941E-02  -2.966843E-01
           320      G     -1.161621E-03  -1.827690E-02  -2.507520E-03  -2.931945E+00  -2.475186E-01   4.965979E-02
           321      G     -2.448890E-04  -3.759505E-04  -3.150717E-04  -6.727856E-02   2.382551E-02   4.145833E-02
           322      G     -1.638123E-03   9.721313E-04  -5.355691E-04  -2.442123E-01  -8.100045E-01   8.358989E-04
           323      G     -1.638913E-02  -1.221772E-03  -7.498530E-03   1.906397E+00   2.957651E+00   2.418939E-01
           324      G      5.536310E-03   7.166880E-03  -1.224836E+00   2.467330E+01  -1.191108E+01   2.953634E-01
           325      G      1.601211E-02  -4.299258E-05  -1.824358E+00   4.671196E-02  -3.534869E+00  -1.997168E-03
           326      G      2.027423E-03   2.202447E-03  -1.620050E+00   3.317447E+01  -9.787482E+00  -2.317249E-02
           327      G      1.222906E-02  -8.959686E-05  -2.380540E+00  -4.229744E-02  -1.756373E+01  -1.226092E-04
           328      G     -1.557989E-04   1.658642E-02  -1.787632E+00   3.641992E+01  -6.150023E-02  -2.050376E-02
           329      G     -4.080775E-05  -7.935613E-05  -2.695040E+00   2.573792E-02  -2.577619E-03   4.401794E-03
           330      G      7.863000E-03   7.903716E-04  -6.001267E-01   1.305811E+01  -2.503346E+01   9.794149E-02
           331      G      2.757813E-02  -9.155743E-05  -9.546234E-01   7.403939E-02  -3.590450E+01  -6.937289E-03
           332      G     -5.478135E-03   7.255167E-03  -1.226907E+00   2.463818E+01   1.189151E+01  -2.869734E-01
           333      G     -1.612993E-02  -4.830524E-05  -1.828034E+00   1.453811E-02   3.536096E+00  -9.389080E-04
           334      G     -2.103002E-03   2.351921E-03  -1.621754E+00   3.304372E+01   9.764415E+00   2.171743E-02
           335      G     -1.231125E-02  -1.014641E-04  -2.382337E+00   5.713298E-03   1.748312E+01  -1.926066E-03
           336      G     -7.990014E-03   6.433929E-04  -6.023061E-01   1.275491E+01   2.497863E+01  -9.825975E-02
           337      G     -2.773113E-02  -3.864323E-05  -9.567309E-01   9.052750E-03   3.596546E+01  -7.631177E-04
           338      G      5.441685E-03  -7.376870E-03  -1.224894E+00  -2.459768E+01  -1.186703E+01  -2.848636E-01
           339      G      2.043256E-03  -2.423479E-03  -1.619851E+00  -3.299900E+01  -9.779812E+00   2.409845E-02
           340      G     -3.500309E-05  -1.686261E-02  -1.787259E+00  -3.647910E+01  -3.083848E-02  -1.066056E-03
           341      G      7.966788E-03  -7.009898E-04  -6.014619E-01  -1.275294E+01  -2.494284E+01  -9.579405E-02
           342      G     -5.524721E-03  -7.367760E-03  -1.226865E+00  -2.464925E+01   1.188772E+01   2.864186E-01
           343      G     -2.119752E-03  -2.415817E-03  -1.621446E+00  -3.305336E+01   9.746218E+00  -2.393245E-02
1                                                       **STUDENT EDITION*    APRIL  17, 2026  MSC Nastran  3/ 3/26   PAGE    24
     DEFAULT                                                                                                                        
0                                                                                                            SUBCASE 1              
      EIGENVALUE =  1.444869E+06
          CYCLES =  1.913085E+02         R E A L   E I G E N V E C T O R   N O .          2
 
      POINT ID.   TYPE          T1             T2             T3             R1             R2             R3
           344      G     -8.042564E-03  -7.162672E-04  -6.022405E-01  -1.276149E+01   2.498162E+01   9.714738E-02
           400      G      2.590587E-04   1.344611E-04  -1.334780E-03   2.768186E-02  -3.763215E-02   2.221339E-02
           401      G      7.667911E-05   7.705823E-05  -2.366225E-03   1.280207E-02  -1.579293E-02  -1.064249E-02
           402      G      2.065493E-06   2.056178E-04  -2.364157E-03   3.801333E-02  -1.153300E-03   1.884822E-03
           403      G      4.456934E-04  -4.117701E-04  -1.088865E-03   2.653681E-02   1.429693E-03   1.518044E-02
           404      G      2.235148E-04  -7.699452E-05  -1.001267E-03   2.030406E-02   8.977661E-03  -3.018846E-02
           405      G      1.496765E-04  -3.893334E-04  -5.776763E-03   9.328583E-02  -3.525078E-02   1.760572E-02
           406      G      9.590535E-05  -1.893676E-05  -8.332607E-03   2.496375E-03  -3.656393E-02   1.041583E-03
           407      G     -2.380890E-04   1.392235E-04  -1.361185E-03   2.777920E-02   4.133206E-02  -2.352843E-02
           408      G     -4.990985E-05   6.305881E-05  -2.453233E-03   1.038518E-02   1.425416E-02   1.546749E-02
           409      G     -4.686524E-04  -4.127877E-04  -1.051469E-03   2.450167E-02   1.729724E-03  -1.764424E-02
           410      G     -2.112338E-04  -8.979438E-05  -9.079723E-04   1.711768E-02  -9.030412E-03   3.329783E-02
           411      G     -1.424096E-04  -3.977845E-04  -5.787907E-03   1.031099E-01   3.407163E-02  -2.314894E-02
           412      G     -1.045900E-04  -1.936478E-05  -8.393050E-03  -6.196802E-05   3.698961E-02  -8.989221E-05
           413      G      2.660805E-04  -1.972159E-04  -1.361370E-03  -2.715417E-02  -4.100925E-02  -2.314298E-02
           414      G      7.350588E-05  -1.231903E-04  -2.431216E-03  -9.849302E-03  -1.576054E-02   1.211993E-02
           415      G     -9.722911E-06  -2.683416E-04  -2.413907E-03  -3.756437E-02   4.750342E-05   7.365256E-05
           416      G      5.053154E-04   3.861075E-04  -1.049755E-03  -2.535436E-02  -2.239065E-03  -1.645925E-02
           417      G      2.452900E-04   4.227083E-05  -9.006343E-04  -1.764160E-02   8.571872E-03   3.383436E-02
           418      G      1.437619E-04   3.716301E-04  -5.768444E-03  -1.021416E-01  -3.485247E-02  -2.134680E-02
           419      G     -2.833863E-04  -1.961470E-04  -1.355778E-03  -2.737192E-02   4.111595E-02   2.348700E-02
           420      G     -9.290995E-05  -1.223821E-04  -2.431545E-03  -9.906512E-03   1.598289E-02  -1.173875E-02
           421      G     -5.168804E-04   3.689987E-04  -1.044494E-03  -2.669392E-02   3.150701E-03   1.701122E-02
           422      G     -2.587792E-04   3.878617E-05  -9.003325E-04  -1.859614E-02  -8.686647E-03  -3.365172E-02
           423      G     -1.622993E-04   3.565405E-04  -5.790492E-03  -1.024129E-01   3.585510E-02   2.277684E-02
           424      G      3.846531E-05   5.984267E-05  -1.193238E-02   1.752101E-01  -5.754752E-02  -8.029584E-03
           425      G      5.220303E-05  -2.968809E-05  -1.550242E-02   4.249261E-04  -2.096895E-02   2.194539E-04
           426      G      3.640250E-05   8.482011E-05  -1.414026E-02   2.050131E-01  -5.801442E-02  -7.988474E-04
           427      G      3.032835E-05  -3.213270E-05  -1.797127E-02   7.664452E-04  -5.588792E-02   4.377793E-05
           428      G      5.151675E-06   1.162686E-04  -1.478420E-02   1.825202E-01  -1.221514E-04  -5.085435E-04
           429      G     -3.204178E-06  -3.335730E-05  -1.847667E-02  -5.005354E-05  -5.950285E-05  -3.177563E-05
           430      G      1.039234E-04  -5.858026E-05  -9.065698E-03   1.614703E-01  -1.275289E-01  -4.978985E-03
           431      G      5.895882E-05  -1.945937E-05  -1.260924E-02   2.036803E-03  -1.187341E-01  -6.151495E-05
           432      G     -3.723262E-05   5.747518E-05  -1.195353E-02   1.753666E-01   5.857257E-02   7.780724E-03
           433      G     -5.920027E-05  -2.973159E-05  -1.551700E-02   4.973530E-05   2.098385E-02  -1.201566E-04
           434      G     -3.475812E-05   8.227121E-05  -1.417038E-02   2.049561E-01   5.695796E-02   6.328969E-04
           435      G     -3.582310E-05  -3.185566E-05  -1.798416E-02   1.958045E-04   5.516338E-02  -6.212169E-05
           436      G     -1.038637E-04  -5.521358E-05  -9.026878E-03   1.693403E-01   1.286300E-01   4.921247E-03
           437      G     -6.591622E-05  -2.518151E-05  -1.264167E-02   1.231042E-04   1.176652E-01  -2.254603E-04
           438      G      4.051502E-05  -1.148413E-04  -1.193485E-02  -1.750600E-01  -5.833586E-02   8.201614E-03
           439      G      3.305711E-05  -1.485407E-04  -1.415017E-02  -2.057234E-01  -5.813665E-02   8.715984E-04
           440      G     -6.272280E-06  -1.810085E-04  -1.479609E-02  -1.817183E-01  -2.043659E-06  -1.183995E-04
           441      G      1.067457E-04   8.426512E-06  -9.016430E-03  -1.691295E-01  -1.282972E-01   5.439693E-03
           442      G     -5.419816E-05  -1.151815E-04  -1.194163E-02  -1.756243E-01   5.823600E-02  -8.475069E-03
           443      G     -4.597294E-05  -1.479289E-04  -1.415458E-02  -2.058915E-01   5.791231E-02  -9.495158E-04
           444      G     -1.235509E-04   4.907589E-06  -9.032157E-03  -1.689967E-01   1.278106E-01  -5.345793E-03
           445      G      2.968597E-04  -1.540500E-03  -1.319930E-03   6.800079E-02   3.576524E-03   3.685251E-02
           446      G      1.501951E-04  -5.008609E-04  -1.122046E-03   4.264733E-02   1.379898E-03  -1.195237E-02
           447      G     -3.306715E-05  -1.473631E-04  -1.502484E-03   4.306158E-02  -2.412140E-02  -2.541084E-02
           448      G     -4.503994E-05   5.564783E-06  -2.127898E-03   1.929949E-02  -2.326449E-02  -1.110269E-02
1                                                       **STUDENT EDITION*    APRIL  17, 2026  MSC Nastran  3/ 3/26   PAGE    25
     DEFAULT                                                                                                                        
0                                                                                                            SUBCASE 1              
      EIGENVALUE =  1.444869E+06
          CYCLES =  1.913085E+02         R E A L   E I G E N V E C T O R   N O .          2
 
      POINT ID.   TYPE          T1             T2             T3             R1             R2             R3
           449      G      2.998077E-06   8.746733E-07  -2.407159E-03   1.015647E-02  -1.023461E-03  -5.989668E-04
           450      G     -1.380285E-04  -1.194792E-03  -5.548021E-03   1.045188E-01   5.316531E-02   6.997018E-02
           451      G     -2.328012E-04  -7.922865E-06  -7.718336E-03  -2.590321E-04   1.093240E-01  -2.018698E-04
           452      G     -2.816446E-04  -1.563088E-03  -1.275883E-03   6.970025E-02  -3.737587E-03  -3.799608E-02
           453      G     -1.288708E-04  -5.116495E-04  -1.084486E-03   4.285727E-02  -2.399662E-05   1.197508E-02
           454      G      6.447578E-05  -1.536575E-04  -1.519158E-03   4.189592E-02   2.610603E-02   2.830524E-02
           455      G      5.781563E-05   2.557519E-06  -2.171489E-03   1.957960E-02   2.264339E-02   1.041855E-02
           456      G      1.540299E-04  -1.213711E-03  -5.562459E-03   1.054668E-01  -5.266384E-02  -7.122958E-02
           457      G      2.423858E-04  -1.714165E-05  -7.769423E-03   1.057116E-04  -1.098255E-01  -2.658758E-04
           458      G      2.974557E-04   1.530299E-03  -1.271633E-03  -6.908364E-02   3.476915E-03  -3.799258E-02
           459      G      1.439445E-04   4.800480E-04  -1.082827E-03  -4.206405E-02   1.752574E-04   1.163172E-02
           460      G     -5.225758E-05   1.224298E-04  -1.513379E-03  -4.065076E-02  -2.626125E-02   2.742609E-02
           461      G     -5.707066E-05  -3.295135E-05  -2.183626E-03  -1.830753E-02  -2.386217E-02   1.114848E-02
           462      G     -4.830530E-06  -3.113677E-05  -2.451166E-03  -8.877804E-03   5.879378E-05   8.996966E-05
           463      G     -1.437269E-04   1.178471E-03  -5.537405E-03  -1.046163E-01   5.344131E-02  -7.016463E-02
           464      G     -3.063855E-04   1.532756E-03  -1.266203E-03  -6.945619E-02  -3.492467E-03   3.794646E-02
           465      G     -1.532374E-04   4.784231E-04  -1.078503E-03  -4.241997E-02  -1.729305E-04  -1.166115E-02
           466      G      4.295796E-05   1.198692E-04  -1.509423E-03  -4.112948E-02   2.632187E-02  -2.739707E-02
           467      G      4.797496E-05  -3.477461E-05  -2.181677E-03  -1.860833E-02   2.397259E-02  -1.114431E-02
           468      G      1.453126E-04   1.180923E-03  -5.564071E-03  -1.057222E-01  -5.246790E-02   7.074949E-02
           469      G     -7.804063E-06  -1.130055E-03  -3.234192E-03   1.043270E-01   2.982406E-02  -4.056706E-02
           470      G     -4.191049E-05  -5.027070E-04  -2.210017E-03   7.995910E-02   3.212530E-02  -9.616438E-03
           471      G     -4.550610E-05  -8.759697E-05  -7.219937E-04  -7.411038E-02   4.084693E-02  -3.541112E-03
           472      G     -2.936275E-05   1.125720E-05   3.972446E-04  -1.734704E-01   2.124972E-02  -4.514650E-04
           473      G      7.670258E-06   4.407006E-05   8.109232E-04  -2.160374E-01  -1.396206E-03   2.339243E-04
           474      G     -1.770760E-04  -3.031409E-04  -2.861501E-03  -2.603654E-04   1.076008E-01  -2.176076E-02
           475      G     -1.392562E-04  -8.040628E-05   1.645157E-03  -9.203007E-02   1.468467E-01  -4.181625E-03
           476      G     -6.360155E-05   2.526717E-05   5.680114E-03  -2.306202E-01   1.023436E-01  -2.557491E-03
           477      G      7.738724E-06   4.731949E-05   7.267396E-03  -2.809087E-01  -1.307303E-03  -2.449558E-05
           478      G     -1.628072E-04  -4.709722E-04  -7.165571E-03   5.750583E-02   8.705121E-02  -1.785920E-02
           479      G     -2.912360E-04  -2.160215E-04  -3.001571E-03   2.691521E-02   1.543047E-01  -2.274093E-03
           480      G     -1.934951E-04  -3.711616E-05   3.704125E-03  -6.863746E-02   2.357379E-01  -3.222149E-03
           481      G     -9.442541E-05   8.263164E-06   1.022690E-02  -1.487405E-01   1.772713E-01  -1.733381E-03
           482      G     -2.754768E-04  -1.054700E-05  -3.039879E-03  -2.216605E-04   1.825411E-01   5.550986E-05
           483      G     -2.195193E-04  -1.223094E-05   4.543300E-03  -2.401482E-04   2.517402E-01   5.071480E-06
           484      G     -1.101392E-04  -1.373472E-05   1.198627E-02  -5.417541E-05   2.268240E-01  -4.176463E-06
           485      G      6.488930E-06   2.683425E-05   1.296341E-02  -1.986849E-01  -1.647671E-03  -3.190938E-06
           486      G      4.951657E-06  -1.514951E-05   1.535365E-02  -8.126658E-05  -1.780522E-03  -2.697930E-05
           487      G      2.617081E-05  -1.146392E-03  -3.223407E-03   1.055960E-01  -2.967973E-02   4.108779E-02
           488      G      6.108460E-05  -5.129289E-04  -2.210976E-03   8.220662E-02  -3.092388E-02   9.616012E-03
           489      G      6.234798E-05  -9.458409E-05  -7.579304E-04  -7.210166E-02  -4.024291E-02   2.974739E-03
           490      G      4.636183E-05   5.882429E-06   3.431118E-04  -1.723855E-01  -2.142226E-02   6.617352E-04
           491      G      1.929370E-04  -3.120288E-04  -2.908166E-03   1.324670E-03  -1.062673E-01   2.192388E-02
           492      G      1.549847E-04  -8.703278E-05   1.560079E-03  -8.994230E-02  -1.462898E-01   4.227596E-03
           493      G      7.871815E-05   2.127734E-05   5.604940E-03  -2.298997E-01  -1.041204E-01   2.556484E-03
           494      G      1.751577E-04  -4.823570E-04  -7.201762E-03   5.857012E-02  -8.694049E-02   1.807784E-02
           495      G      3.051669E-04  -2.246490E-04  -3.081063E-03   2.839216E-02  -1.524634E-01   2.191479E-03
           496      G      2.068757E-04  -4.253981E-05   3.586034E-03  -6.772305E-02  -2.357180E-01   3.194605E-03
           497      G      1.076164E-04   5.038502E-06   1.013693E-02  -1.482423E-01  -1.794507E-01   1.705768E-03
           498      G      2.862352E-04  -1.666718E-05  -3.132825E-03  -1.716290E-04  -1.808258E-01  -2.685142E-07
1                                                       **STUDENT EDITION*    APRIL  17, 2026  MSC Nastran  3/ 3/26   PAGE    26
     DEFAULT                                                                                                                        
0                                                                                                            SUBCASE 1              
      EIGENVALUE =  1.444869E+06
          CYCLES =  1.913085E+02         R E A L   E I G E N V E C T O R   N O .          2
 
      POINT ID.   TYPE          T1             T2             T3             R1             R2             R3
           499      G      2.301254E-04  -1.694756E-05   4.415923E-03  -2.450304E-04  -2.517740E-01  -3.646849E-05
           500      G      1.201355E-04  -1.634413E-05   1.189208E-02  -2.353818E-04  -2.290669E-01  -2.190325E-05
           501      G     -1.377547E-05   1.114216E-03  -3.210006E-03  -1.053322E-01   2.993147E-02   4.101719E-02
           502      G     -4.982949E-05   4.810851E-04  -2.175199E-03  -8.017953E-02   3.175026E-02   9.742915E-03
           503      G     -5.324057E-05   6.260821E-05  -7.079389E-04   7.457243E-02   3.993120E-02   3.124042E-03
           504      G     -3.880630E-05  -3.766686E-05   3.706009E-04   1.745760E-01   2.015977E-02   4.335281E-04
           505      G     -1.826320E-06  -7.392062E-05   7.897213E-04   2.167922E-01  -3.566646E-04  -1.221643E-04
           506      G     -1.824126E-04   2.818703E-04  -2.836218E-03  -1.982260E-04   1.077345E-01   2.177168E-02
           507      G     -1.448935E-04   5.576525E-05   1.661003E-03   9.184867E-02   1.462404E-01   4.213404E-03
           508      G     -6.954928E-05  -5.242864E-05   5.674271E-03   2.313564E-01   1.020396E-01   2.526507E-03
           509      G      8.182781E-07  -7.746003E-05   7.263505E-03   2.816132E-01  -1.020823E-03  -6.289439E-05
           510      G     -1.657020E-04   4.535503E-04  -7.158053E-03  -5.769571E-02   8.719511E-02   1.794326E-02
           511      G     -2.940715E-04   1.952727E-04  -2.988718E-03  -2.765866E-02   1.542928E-01   2.230693E-03
           512      G     -1.963595E-04   1.251672E-05   3.713794E-03   6.829941E-02   2.356179E-01   3.193809E-03
           513      G     -9.756387E-05  -3.565275E-05   1.022891E-02   1.488773E-01   1.771621E-01   1.699898E-03
           514      G      3.051060E-06  -5.710822E-05   1.296645E-02   1.987710E-01  -1.531946E-03  -3.714001E-05
           515      G      1.020934E-05   1.115667E-03  -3.216552E-03  -1.059922E-01  -2.947697E-02  -4.126867E-02
           516      G      4.619958E-05   4.794872E-04  -2.199810E-03  -8.210280E-02  -3.140564E-02  -9.917203E-03
           517      G      4.974431E-05   5.986429E-05  -7.384385E-04   7.254265E-02  -3.996454E-02  -3.285518E-03
           518      G      3.512322E-05  -3.935544E-05   3.490913E-04   1.731611E-01  -2.072118E-02  -5.420894E-04
           519      G      1.844081E-04   2.785695E-04  -2.901528E-03  -1.605224E-03  -1.067860E-01  -2.203296E-02
           520      G      1.469100E-04   5.267451E-05   1.579768E-03   8.975405E-02  -1.464091E-01  -4.318896E-03
           521      G      7.129860E-05  -5.433251E-05   5.617684E-03   2.299150E-01  -1.035493E-01  -2.629534E-03
           522      G      1.710448E-04   4.501193E-04  -7.204899E-03  -5.852785E-02  -8.687353E-02  -1.810748E-02
           523      G      3.012176E-04   1.908446E-04  -3.077835E-03  -2.839275E-02  -1.527617E-01  -2.345945E-03
           524      G      2.029802E-04   8.634596E-06   3.597018E-03   6.717310E-02  -2.358047E-01  -3.296992E-03
           525      G      1.038626E-04  -3.784980E-05   1.014606E-02   1.479469E-01  -1.793053E-01  -1.778853E-03
          1000      G     -1.481174E-06  -3.188554E-06  -7.734562E-04  -8.829372E-03  -1.581562E-04  -1.204058E-03
          1001      G      7.878210E-06  -1.661532E-05  -1.110334E-04   1.053999E-04   8.265185E-05  -1.820142E-02
          1002      G      1.505236E-05   1.995435E-05  -1.128170E-04   1.110797E-04   8.996589E-05  -1.464059E-02
          1003      G     -1.400660E-06  -5.213208E-06  -7.402194E-03   2.339133E-01  -6.685187E-05   1.345662E-05
          1004      G      9.410538E-06   8.424547E-07  -6.910040E-03   2.289532E-01  -1.048821E-02  -6.296000E-05
          1005      G      1.737560E-05  -1.040470E-05  -6.504032E-03   2.119252E-01  -2.145779E-02   2.035510E-04
          1006      G     -8.691351E-07  -1.329835E-08  -1.283380E-02   5.892639E-07  -9.440550E-05   1.101917E-05
          1007      G      5.535629E-06   2.915074E-07  -1.208365E-02   1.814061E-06  -4.045196E-02   9.021832E-06
          1008      G      1.396912E-05   6.433478E-07  -1.121904E-02  -3.007164E-05  -1.801601E-02   6.896983E-06
          1009      G      1.684750E-05  -6.208805E-05  -1.198115E-04  -5.252114E-06   7.637398E-05  -3.368231E-02
          1010      G      6.634283E-05   1.161184E-04  -1.216697E-04   4.169691E-05   4.031498E-05  -4.653473E-03
          1011      G      4.018471E-05   2.296324E-05  -5.856172E-03   1.752120E-01  -2.288007E-02  -3.199064E-05
          1012      G      3.856537E-05  -1.094909E-05  -5.334987E-03   1.380672E-01  -1.036267E-02  -5.513835E-02
          1013      G      1.247460E-05   7.144559E-07  -9.439964E-03  -5.792768E-04  -1.068593E-01   8.307254E-06
          1014      G      1.631374E-05   1.180803E-06  -7.612359E-03  -1.097908E-03  -2.039002E-02   1.039528E-03
          1015      G     -1.102784E-05  -1.428875E-05  -1.078606E-04   1.040596E-04  -8.353518E-05   1.477749E-02
          1016      G     -1.822024E-05   1.444386E-05  -1.096598E-04   1.070487E-04  -9.097311E-05   1.120762E-02
          1017      G     -1.162101E-05  -1.944357E-07  -6.911441E-03   2.291478E-01   1.031144E-02   8.081443E-05
          1018      G     -1.967520E-05  -1.152210E-05  -6.508558E-03   2.122562E-01   2.141456E-02  -1.800427E-04
          1019      G     -7.477486E-06  -3.323682E-07  -1.208906E-02   8.902717E-06   4.017263E-02   9.961381E-06
          1020      G     -1.606183E-05  -7.484155E-07  -1.123092E-02   1.172785E-05   1.782773E-02   8.066680E-06
          1021      G     -1.987743E-05  -6.283839E-05  -1.204754E-04  -7.505328E-06  -7.022441E-05   3.162128E-02
          1022      G     -6.884035E-05   1.126371E-04  -1.221811E-04   3.883281E-05  -3.453156E-05   2.912224E-03
1                                                       **STUDENT EDITION*    APRIL  17, 2026  MSC Nastran  3/ 3/26   PAGE    27
     DEFAULT                                                                                                                        
0                                                                                                            SUBCASE 1              
      EIGENVALUE =  1.444869E+06
          CYCLES =  1.913085E+02         R E A L   E I G E N V E C T O R   N O .          2
 
      POINT ID.   TYPE          T1             T2             T3             R1             R2             R3
          1023      G     -4.283515E-05   2.014422E-05  -5.859762E-03   1.752710E-01   2.309741E-02   4.265183E-05
          1024      G     -4.103817E-05  -1.268281E-05  -5.339625E-03   1.380491E-01   9.982269E-03   5.249560E-02
          1025      G     -1.473269E-05  -8.936805E-07  -9.456436E-03   4.587918E-05   1.067370E-01   8.567495E-06
          1026      G     -1.898653E-05  -1.349779E-06  -7.634020E-03  -8.515958E-05   2.009825E-02   4.944558E-04
          1027      G     -3.070046E-07   3.022880E-06  -7.786163E-04   8.924792E-03  -8.997951E-06  -7.957256E-05
          1028      G      9.183452E-06   1.528240E-05  -1.085149E-04  -1.043604E-04   8.782902E-05   1.682517E-02
          1029      G      1.642207E-05  -1.638178E-05  -1.104290E-04  -1.083688E-04   9.528232E-05   1.323236E-02
          1030      G     -5.390173E-07   5.208133E-06  -7.402964E-03  -2.338861E-01  -1.034445E-04   8.000349E-06
          1031      G      9.888501E-06  -1.262766E-07  -6.906998E-03  -2.290913E-01  -1.048918E-02   7.866241E-05
          1032      G      1.785616E-05   1.122366E-05  -6.498763E-03  -2.120758E-01  -2.163849E-02  -1.812466E-04
          1033      G      1.825554E-05   6.233012E-05  -1.200806E-04   4.318493E-06   7.245740E-05   3.253417E-02
          1034      G      6.723395E-05  -1.129177E-04  -1.218415E-04  -4.198165E-05   3.680285E-05   3.819694E-03
          1035      G      4.070536E-05  -2.078126E-05  -5.839320E-03  -1.748050E-01  -2.365251E-02   4.710111E-05
          1036      G      3.896874E-05   1.244227E-05  -5.308169E-03  -1.371784E-01  -1.020601E-02   5.136151E-02
          1037      G     -9.751436E-06   1.584448E-05  -1.085196E-04  -1.038729E-04  -8.946033E-05  -1.728716E-02
          1038      G     -1.681619E-05  -1.805566E-05  -1.104797E-04  -1.085530E-04  -9.692175E-05  -1.378111E-02
          1039      G     -1.110900E-05  -6.132959E-07  -6.911893E-03  -2.291800E-01   1.030404E-02  -6.424626E-05
          1040      G     -1.922134E-05   1.058175E-05  -6.509836E-03  -2.122874E-01   2.136346E-02   2.051684E-04
          1041      G     -1.837263E-05   6.227690E-05  -1.208073E-04   9.615233E-06  -7.444850E-05  -3.340277E-02
          1042      G     -4.237373E-05  -2.269261E-05  -5.862240E-03  -1.753629E-01   2.304217E-02  -2.161772E-05
          1043      G     -4.055956E-05   1.051505E-05  -5.340165E-03  -1.380316E-01   1.020412E-02  -5.163862E-02
          1044      G     -6.806645E-05  -1.166635E-04  -1.226189E-04  -3.755078E-05  -3.822419E-05  -4.260473E-03
          2000      G     -5.219196E-06  -1.226892E-04  -1.318133E-03   3.090827E-02   9.367200E-04  -1.986104E-03
          2001      G      7.560237E-06  -2.148802E-05  -1.116961E-04   1.210672E-04   7.740091E-05  -1.975126E-02
          2002      G      2.792827E-05   1.584747E-05  -1.128272E-04   1.148434E-04   8.957376E-05  -9.622716E-03
          2003      G     -4.838917E-06  -2.627312E-05  -9.717897E-03   2.619606E-01   2.113886E-04   2.401541E-05
          2004      G      2.991609E-05  -2.400381E-05  -8.611334E-03   2.824113E-01  -3.046694E-02   1.666707E-04
          2005      G      4.288222E-05  -1.485036E-05  -7.911730E-03   2.542425E-01  -2.724110E-02   4.894652E-04
          2006      G     -3.254147E-06   2.242174E-07  -1.604604E-02   1.676401E-04  -4.691290E-04   2.564561E-05
          2007      G      1.731563E-05   5.613308E-07  -1.503827E-02  -1.840018E-04  -4.939680E-02   2.821674E-05
          2008      G      4.296563E-05   1.211723E-06  -1.380123E-02   9.051556E-05  -3.114566E-02   2.844191E-05
          2009      G      3.890297E-05  -7.307693E-05  -1.199011E-04   2.260857E-07   7.501217E-05  -2.354916E-02
          2010      G      7.343119E-05   1.119662E-04  -1.218241E-04   4.223497E-05   4.280400E-05  -2.423537E-03
          2011      G      7.753785E-05   1.783207E-05  -6.924194E-03   1.930859E-01  -3.955360E-02   5.465726E-06
          2012      G      1.023000E-04  -2.267689E-05  -5.748040E-03   1.171892E-01  -4.512097E-02  -2.693852E-01
          2013      G      5.213014E-05   1.426863E-06  -1.117962E-02   1.380155E-03  -1.569742E-01   3.336437E-05
          2014      G      5.892081E-05   1.968564E-06  -8.121735E-03   5.502790E-03  -5.968121E-02  -2.237031E-02
          2015      G     -1.828586E-05  -1.914298E-05  -1.084994E-04   1.199305E-04  -7.870053E-05   1.256384E-02
          2016      G     -3.884230E-05   1.025614E-05  -1.096758E-04   1.116545E-04  -9.066242E-05   2.340680E-03
          2017      G     -3.903962E-05  -2.528447E-05  -8.607813E-03   2.834744E-01   3.085316E-02  -1.194349E-04
          2018      G     -5.220788E-05  -1.735648E-05  -7.907015E-03   2.566317E-01   2.688981E-02  -4.269247E-04
          2019      G     -2.415660E-05  -3.540375E-07  -1.505660E-02  -2.358343E-04   4.905374E-02   2.265228E-05
          2020      G     -5.028877E-05  -1.006370E-06  -1.384463E-02   1.867430E-05   2.954349E-02   2.293825E-05
          2021      G     -4.916770E-05  -7.740600E-05  -1.205675E-04  -2.030417E-06  -6.902898E-05   1.779392E-02
          2022      G     -8.094296E-05   1.036925E-04  -1.222686E-04   3.746345E-05  -3.775438E-05  -1.837239E-03
          2023      G     -8.788563E-05   1.228059E-05  -6.923223E-03   1.977654E-01   3.982545E-02   3.013455E-05
          2024      G     -1.148165E-04  -2.792477E-05  -5.751797E-03   1.253909E-01   4.436544E-02   2.772234E-01
          2025      G     -6.089496E-05  -1.698938E-06  -1.124756E-02   6.316954E-06   1.564372E-01   2.392521E-05
          2026      G     -6.925418E-05  -2.541389E-06  -8.163816E-03  -4.777453E-05   6.246014E-02   2.343255E-03
          2027      G     -1.341286E-06   1.262407E-04  -1.322025E-03  -2.990603E-02  -3.635759E-06  -6.796514E-04
1                                                       **STUDENT EDITION*    APRIL  17, 2026  MSC Nastran  3/ 3/26   PAGE    28
     DEFAULT                                                                                                                        
0                                                                                                            SUBCASE 1              
      EIGENVALUE =  1.444869E+06
          CYCLES =  1.913085E+02         R E A L   E I G E N V E C T O R   N O .          2
 
      POINT ID.   TYPE          T1             T2             T3             R1             R2             R3
          2028      G      1.195136E-05   2.019660E-05  -1.091651E-04  -1.204214E-04   8.277283E-05   1.691852E-02
          2029      G      3.340279E-05  -1.218984E-05  -1.104398E-04  -1.126835E-04   9.498943E-05   6.249761E-03
          2030      G     -1.996586E-06   2.689801E-05  -9.689880E-03  -2.629200E-01  -3.157477E-04   1.636572E-05
          2031      G      3.307402E-05   2.561112E-05  -8.571218E-03  -2.829588E-01  -3.095202E-02  -1.304399E-04
          2032      G      4.625087E-05   1.647591E-05  -7.855949E-03  -2.555590E-01  -2.801579E-02  -4.334790E-04
          2033      G      4.528525E-05   7.595885E-05  -1.201833E-04  -1.962234E-06   7.095640E-05   1.984524E-02
          2034      G      7.764410E-05  -1.054350E-04  -1.219185E-04  -4.057860E-05   3.957125E-05  -9.923507E-05
          2035      G      8.187853E-05  -1.385633E-05  -6.871412E-03  -1.965048E-01  -3.838585E-02   7.424976E-05
          2036      G      1.094575E-04   2.852301E-05  -5.720938E-03  -1.264764E-01  -4.491420E-02   2.839385E-01
          2037      G     -1.433857E-05   2.075239E-05  -1.091704E-04  -1.199259E-04  -8.444596E-05  -1.649886E-02
          2038      G     -3.488627E-05  -1.388675E-05  -1.104951E-04  -1.129733E-04  -9.658795E-05  -6.280642E-03
          2039      G     -3.718734E-05   2.511300E-05  -8.588695E-03  -2.834874E-01   3.031744E-02   1.642603E-04
          2040      G     -5.051824E-05   1.577346E-05  -7.898568E-03  -2.568427E-01   2.664816E-02   4.871969E-04
          2041      G     -4.518048E-05   7.548438E-05  -1.208995E-04   4.148583E-06  -7.324351E-05  -2.087795E-02
          2042      G     -7.773608E-05  -1.103004E-04  -1.227073E-04  -3.623390E-05  -4.139353E-05  -7.827720E-04
          2043      G     -8.636547E-05  -1.624909E-05  -6.918725E-03  -1.979759E-01   3.972839E-02   2.399072E-05
          2044      G     -1.134340E-04   2.325637E-05  -5.749118E-03  -1.255983E-01   4.433694E-02  -2.729664E-01
          3000      G      9.324681E-05  -5.584835E-03  -8.554465E-03   1.371726E+00  -5.870241E-02   8.896448E-02
          3001      G     -6.735348E-04  -5.171471E-03  -1.391728E-02   2.826544E+00   1.493707E-01  -1.527491E+00
          3002      G     -1.504944E-03  -3.677961E-03  -6.258088E-03   1.100959E+00   3.294638E-02  -8.880617E-01
          3003      G      5.053663E-05  -1.908653E-03  -1.421789E+00   5.411547E+01  -9.239325E-02  -1.848317E-03
          3004      G     -1.510716E-03  -1.359491E-03  -1.286442E+00   4.512876E+01  -7.813656E+00  -1.183473E-02
          3005      G     -1.956029E-03  -7.265604E-04  -9.591378E-01   3.594332E+01  -1.549453E+01  -5.553771E-02
          3006      G     -6.062010E-05  -2.834130E-04  -2.695046E+00   2.573906E-02  -2.577126E-03  -2.251311E-03
          3007      G     -4.419026E-03  -3.399567E-04  -2.320443E+00  -6.713003E-02  -2.741423E+01  -2.253232E-03
          3008      G     -1.141366E-02  -4.129281E-04  -1.824347E+00   4.671558E-02  -3.535756E+00  -2.276617E-03
          3009      G     -1.554411E-04   3.590580E-04  -4.692843E-04   2.300444E-01   5.437552E-01  -2.993158E+00
          3010      G      1.450291E-03  -2.159462E-03  -1.003738E-03   7.217355E-02  -1.066380E-01   8.660210E-01
          3011      G     -4.852905E-03  -8.263325E-04  -4.362871E-01   1.738239E+01  -2.187622E+01  -8.340183E-02
          3012      G     -6.980581E-03  -2.658437E-03  -1.915230E-02  -1.275998E+00  -2.906344E+00   6.796301E+00
          3013      G     -1.074720E-02  -4.799738E-04  -9.213610E-01   9.387682E-02  -5.680556E+01  -2.423993E-03
          3014      G     -1.260211E-02  -5.320734E-04  -2.633733E-02   1.489185E-02  -3.856168E+00   1.980525E-01
          3015      G      8.810425E-04  -5.273163E-03  -1.447530E-02   2.974923E+00  -2.317878E-01   1.933842E+00
          3016      G      1.739595E-03  -3.392161E-03  -6.057123E-03   1.044504E+00   3.194633E-02   9.027126E-01
          3017      G      1.573363E-03  -1.262643E-03  -1.288316E+00   4.496400E+01   7.814915E+00   7.637874E-03
          3018      G      1.993553E-03  -4.854397E-04  -9.609600E-01   3.586971E+01   1.544827E+01   5.081473E-02
          3019      G      4.309652E-03  -2.154031E-04  -2.322281E+00  -1.954765E-03   2.727189E+01  -2.036890E-03
          3020      G      1.130611E-02  -1.641133E-04  -1.828024E+00   1.453768E-02   3.536982E+00  -1.816492E-03
          3021      G      3.469815E-04   8.871709E-04  -1.936371E-05   2.726829E-01  -8.086497E-01   4.152024E+00
          3022      G     -1.214125E-03  -1.775175E-03  -7.402304E-04   8.051392E-02   3.694371E-02  -6.573521E-01
          3023      G      4.952613E-03  -4.526769E-04  -4.384352E-01   1.708657E+01   2.183109E+01   7.776111E-02
          3024      G      7.105919E-03  -2.029241E-03  -1.943757E-02  -1.901889E+00   2.969368E+00  -8.909750E+00
          3025      G      1.062805E-02  -1.138957E-04  -9.234381E-01   1.181709E-02   5.689277E+01  -1.774721E-03
          3026      G      1.250121E-02  -6.658949E-05  -2.641249E-02   3.879380E-03   3.860288E+00  -8.147153E-03
          3027      G     -2.018581E-04   4.942696E-03  -8.164832E-03  -1.274325E+00  -1.162999E-03   8.448445E-02
          3028      G     -9.790022E-04   4.698480E-03  -1.423101E-02  -2.918660E+00   2.436763E-01   2.064248E+00
          3029      G     -1.836702E-03   2.839151E-03  -5.797584E-03  -9.878219E-01  -3.629536E-02   9.556105E-01
          3030      G     -1.300410E-04   1.372913E-03  -1.421213E+00  -5.410185E+01  -4.932185E-02  -1.968883E-03
          3031      G     -1.683876E-03   6.840255E-04  -1.286027E+00  -4.485607E+01  -7.825081E+00   7.421261E-03
          3032      G     -2.112386E-03  -8.087735E-05  -9.590727E-01  -3.580320E+01  -1.540856E+01   5.111041E-02
1                                                       **STUDENT EDITION*    APRIL  17, 2026  MSC Nastran  3/ 3/26   PAGE    29
     DEFAULT                                                                                                                        
0                                                                                                            SUBCASE 1              
      EIGENVALUE =  1.444869E+06
          CYCLES =  1.913085E+02         R E A L   E I G E N V E C T O R   N O .          2
 
      POINT ID.   TYPE          T1             T2             T3             R1             R2             R3
          3033      G     -4.563750E-04  -1.432362E-03   1.915619E-04  -2.190102E-01   8.011816E-01   4.201596E+00
          3034      G      1.081709E-03   1.277746E-03  -6.059677E-04  -6.303859E-02  -2.033959E-02  -4.940083E-01
          3035      G     -5.065299E-03  -1.015441E-04  -4.378234E-01  -1.708617E+01  -2.179445E+01   7.799265E-02
          3036      G     -7.204731E-03   1.480756E-03  -1.944915E-02   1.913624E+00  -2.977336E+00  -8.684242E+00
          3037      G      5.792973E-04   4.817851E-03  -1.428673E-02  -2.932823E+00  -2.475981E-01  -1.901704E+00
          3038      G      1.444690E-03   3.058043E-03  -5.911525E-03  -1.012830E+00   3.319479E-02  -7.911991E-01
          3039      G      1.420291E-03   8.019887E-04  -1.287742E+00  -4.492387E+01   7.795011E+00  -1.141331E-02
          3040      G      1.850431E-03   1.557158E-04  -9.608000E-01  -3.586168E+01   1.543693E+01  -5.489977E-02
          3041      G      6.886227E-05  -1.109918E-03   1.069907E-04  -2.440493E-01  -8.103240E-01  -4.060510E+00
          3042      G     -1.475796E-03   1.675054E-03  -6.363730E-04  -6.729169E-02   2.364838E-02   6.922017E-01
          3043      G      4.813627E-03   2.321325E-04  -4.383443E-01  -1.708770E+01   2.183477E+01  -8.137838E-02
          3044      G      6.965480E-03   1.898326E-03  -1.938569E-02   1.906906E+00   2.958567E+00   8.885628E+00
          4000      G      1.659606E-07  -8.974069E-05  -2.516752E-03   3.799305E-02  -1.153542E-03   1.745571E-03
          4001      G     -1.549662E-05  -2.434961E-05  -2.417739E-03   1.282023E-02  -1.579253E-02   2.726014E-02
          4002      G     -2.098406E-05  -8.075912E-05  -1.446027E-03   2.767119E-02  -3.763344E-02  -1.261519E-02
          4003      G     -2.078770E-06  -2.805507E-05  -1.139875E-02   2.903200E-01  -3.450051E-04  -4.476713E-05
          4004      G     -3.258830E-05  -4.001975E-05  -1.074741E-02   2.770721E-01  -3.904789E-02  -3.056520E-04
          4005      G     -6.544955E-05  -3.519180E-05  -9.331867E-03   2.527639E-01  -6.077724E-02  -7.537732E-04
          4006      G     -3.668493E-06  -3.297403E-05  -1.847647E-02  -5.010855E-05  -5.954430E-05  -3.442270E-05
          4007      G     -5.453999E-05  -3.356319E-05  -1.729322E-02   1.037206E-03  -8.882759E-02  -1.749985E-05
          4008      G     -1.109254E-04  -3.312742E-05  -1.550223E-02   4.247578E-04  -2.097630E-02  -3.946815E-06
          4009      G     -1.466119E-05  -8.185209E-05  -1.064817E-03   2.030650E-02   8.979981E-03  -1.247023E-01
          4010      G     -3.110673E-06  -1.597844E-04  -1.189383E-03   2.653656E-02   1.434346E-03  -2.458138E-01
          4011      G     -9.610895E-05  -6.145668E-05  -7.465589E-03   1.867445E-01  -6.958627E-02  -1.746163E-03
          4012      G     -1.237095E-04  -1.293623E-04  -5.917653E-03   9.327812E-02  -3.522828E-02  -5.170751E-01
          4013      G     -1.517555E-04  -3.246673E-05  -1.211204E-02   1.627000E-03  -2.144850E-01  -1.802760E-05
          4014      G     -1.845684E-04  -3.345481E-05  -8.479731E-03   2.496647E-03  -3.653788E-02  -3.696680E-03
          4015      G      1.599803E-05  -1.939048E-05  -2.495045E-03   1.040443E-02   1.425361E-02  -3.907197E-02
          4016      G      2.111676E-05  -7.671990E-05  -1.472757E-03   2.776799E-02   4.133389E-02  -1.113628E-02
          4017      G      2.877267E-05  -3.774439E-05  -1.077803E-02   2.777959E-01   3.823686E-02   2.161869E-04
          4018      G      6.201103E-05  -3.069829E-05  -9.350498E-03   2.540803E-01   6.219201E-02   6.733145E-04
          4019      G      4.729619E-05  -3.189412E-05  -1.730582E-02   1.160992E-04   8.850868E-02  -5.004940E-05
          4020      G      1.040776E-04  -3.012706E-05  -1.551681E-02   4.975362E-05   2.099110E-02  -6.293256E-05
          4021      G      1.284457E-05  -7.620183E-05  -9.588716E-04   1.712160E-02  -9.032872E-03   1.147664E-01
          4022      G     -7.023670E-07  -1.509261E-04  -1.156330E-03   2.450073E-02   1.724246E-03   2.452094E-01
          4023      G      9.296937E-05  -5.520659E-05  -7.414594E-03   1.950620E-01   7.051044E-02   1.726801E-03
          4024      G      1.215085E-04  -1.253984E-04  -5.924082E-03   1.030991E-01   3.404847E-02   5.677413E-01
          4025      G      1.459385E-04  -2.817387E-05  -1.214065E-02   1.847418E-04   2.129788E-01  -6.892348E-05
          4026      G      1.791838E-04  -2.616961E-05  -8.541913E-03  -6.194096E-05   3.696327E-02  -3.549763E-03
          4027      G     -6.549211E-06   2.351153E-05  -2.564667E-03  -3.754421E-02   4.749083E-05  -1.467994E-03
          4028      G     -1.981275E-05  -4.500292E-05  -2.470951E-03  -9.868744E-03  -1.576011E-02  -2.803539E-02
          4029      G     -2.330585E-05   1.381480E-05  -1.470410E-03  -2.714325E-02  -4.101104E-02   4.811525E-03
          4030      G     -5.206932E-06  -3.846859E-05  -1.141024E-02  -2.898178E-01   1.526609E-04  -3.020813E-05
          4031      G     -3.526284E-05  -2.737581E-05  -1.075924E-02  -2.790843E-01  -3.911048E-02   2.731153E-04
          4032      G     -6.783708E-05  -3.198713E-05  -9.332420E-03  -2.543141E-01  -6.220164E-02   7.505036E-04
          4033      G     -1.455969E-05   1.675921E-05  -9.545697E-04  -1.764525E-02   8.574373E-03   1.302662E-01
          4034      G     -1.709240E-06   9.577398E-05  -1.160033E-03  -2.535276E-02  -2.232827E-03   2.615834E-01
          4035      G     -9.858521E-05  -4.788398E-06  -7.405216E-03  -1.950281E-01  -7.017213E-02   1.798414E-03
          4036      G     -1.263915E-04   6.753998E-05  -5.907755E-03  -1.021307E-01  -3.482948E-02   5.779163E-01
          4037      G      6.643725E-06  -4.373651E-05  -2.471507E-03  -9.925994E-03   1.598248E-02   2.542715E-02
1                                                       **STUDENT EDITION*    APRIL  17, 2026  MSC Nastran  3/ 3/26   PAGE    30
     DEFAULT                                                                                                                        
0                                                                                                            SUBCASE 1              
      EIGENVALUE =  1.444869E+06
          CYCLES =  1.913085E+02         R E A L   E I G E N V E C T O R   N O .          2
 
      POINT ID.   TYPE          T1             T2             T3             R1             R2             R3
          4038      G      9.890101E-06   1.660624E-05  -1.465698E-03  -2.736094E-02   4.111767E-02  -6.672009E-03
          4039      G      2.487982E-05  -2.603193E-05  -1.075961E-02  -2.790431E-01   3.901665E-02  -3.332439E-04
          4040      G      5.741462E-05  -2.943701E-05  -9.339348E-03  -2.548246E-01   6.178858E-02  -8.150221E-04
          4041      G      7.474969E-07   2.060721E-05  -9.578545E-04  -1.859998E-02  -8.689206E-03  -1.307352E-01
          4042      G     -1.283289E-05   9.975104E-05  -1.163769E-03  -2.669261E-02   3.144770E-03  -2.569730E-01
          4043      G      8.784448E-05  -8.819588E-07  -7.424173E-03  -1.950013E-01   6.965445E-02  -1.879757E-03
          4044      G      1.158378E-04   7.345608E-05  -5.933808E-03  -1.024021E-01   3.583196E-02  -5.699426E-01
1                                                       **STUDENT EDITION*    APRIL  17, 2026  MSC Nastran  3/ 3/26   PAGE    31
     DEFAULT                                                                                                                        
0                                                                                                            SUBCASE 1              
      EIGENVALUE =  2.133309E+06
          CYCLES =  2.324594E+02         R E A L   E I G E N V E C T O R   N O .          3
 
      POINT ID.   TYPE          T1             T2             T3             R1             R2             R3
             1      G      0.0            0.0            0.0            0.0            0.0            0.0
             2      G      0.0            0.0            0.0            0.0            0.0            0.0
             3      G      0.0            0.0            0.0            0.0            0.0            0.0
             4      G      0.0            0.0            0.0            0.0            0.0            0.0
             5      G      0.0            0.0            0.0            0.0            0.0            0.0
             6      G      0.0            0.0            0.0            0.0            0.0            0.0
             7      G      0.0            0.0            0.0            0.0            0.0            0.0
             8      G      0.0            0.0            0.0            0.0            0.0            0.0
            10      G     -6.965082E-08   2.836631E-05   5.788950E-05   1.681901E-05   2.949469E-05  -2.056614E-03
            11      G      4.305597E-08  -2.845295E-05   5.792131E-05  -1.662231E-05   2.991397E-05   2.068923E-03
            12      G     -6.035763E-08  -8.860649E-07   1.377284E-05   1.239669E-05   1.286025E-05   1.963932E-04
            13      G      1.516428E-07   8.947584E-07   1.383768E-05  -1.245754E-05   1.359097E-05  -1.753731E-04
            14      G     -9.750633E-09   8.548247E-07  -1.377975E-05  -1.227720E-05   1.309204E-05   1.939769E-04
            15      G      2.533593E-08  -8.644264E-07  -1.382437E-05   1.241215E-05   1.319420E-05  -1.894995E-04
            16      G      5.142523E-08  -2.806863E-05  -5.786865E-05  -1.756886E-05   2.987568E-05  -2.037371E-03
            17      G     -1.986872E-07   2.813377E-05  -5.804890E-05   1.841148E-05   2.892490E-05   2.029610E-03
           100      G      1.327184E-05   1.217880E-06  -1.736398E-03   3.864823E-02   1.966157E-02   6.017967E-04
           101      G      2.616962E-05   1.313360E-07  -2.399206E-03   1.606396E-05   7.522107E-03   1.791400E-05
           102      G      1.371294E-05  -4.359816E-06  -9.440844E-04   2.147540E-02   2.997277E-02   6.419609E-06
           103      G     -2.272438E-06   2.843388E-08  -1.295072E-03  -4.813209E-06   5.037219E-02  -8.671517E-07
           104      G      9.767023E-06  -1.300642E-08   8.746217E-06  -1.014028E-04   2.690572E-02  -2.760297E-04
           105      G      5.295814E-08  -7.185972E-09   9.032639E-06   2.899662E-06   1.052314E-02   9.510202E-07
           106      G     -1.395910E-06  -4.426069E-06  -1.416544E-05   1.241215E-05   1.319420E-05  -1.894995E-04
           107      G     -1.395910E-06   6.311989E-07  -1.381332E-05   1.241215E-05   1.319420E-05  -1.894995E-04
           108      G      2.385895E-06   7.559491E-08   5.018251E-07   9.622361E-06   1.352043E-03   1.449183E-03
           109      G      1.502339E-05   4.335585E-05  -5.840393E-05   1.841148E-05   2.892490E-05   2.029610E-03
           110      G      2.579616E-06   3.577642E-04  -2.405245E-03   6.788098E-02   1.038647E-02  -4.245267E-02
           111      G      1.502339E-05  -1.334640E-05  -5.759584E-05   1.841148E-05   2.892490E-05   2.029610E-03
           112      G      5.963548E-06   1.363194E-05  -2.249791E-03   5.768654E-02   4.093196E-04   3.487091E-03
           113      G      3.864368E-05   7.264345E-07  -3.390165E-03  -1.314544E-05   5.816527E-03   3.649804E-04
           114      G      6.587651E-05   3.674907E-07  -3.130092E-03   1.123333E-04   4.161562E-03  -7.093191E-05
           115      G      1.350063E-05  -1.160363E-06   1.750693E-03  -3.877036E-02   1.964889E-02   6.030587E-04
           116      G      2.645170E-05  -7.172262E-08   2.412024E-03   1.378488E-06   7.492242E-03   7.872343E-07
           117      G      1.383532E-05   4.371744E-06   9.604649E-04  -2.167469E-02   2.990511E-02   5.219385E-06
           118      G     -2.111826E-06  -3.240648E-08   1.311835E-03   1.462632E-06   5.026979E-02   1.307840E-06
           119      G     -1.163656E-06   4.190896E-06   1.418656E-05  -1.245754E-05   1.359097E-05  -1.753731E-04
           120      G     -1.163656E-06  -4.893744E-07   1.382385E-05  -1.245754E-05   1.359097E-05  -1.753731E-04
           121      G      1.555998E-05  -4.396987E-05   5.827033E-05  -1.662231E-05   2.991397E-05   2.068923E-03
           122      G      2.713282E-06  -3.574946E-04   2.411822E-03  -6.783645E-02   1.039233E-02  -4.291012E-02
           123      G      1.555998E-05   1.383066E-05   5.743461E-05  -1.662231E-05   2.991397E-05   2.068923E-03
           124      G      6.190519E-06  -1.362636E-05   2.261035E-03  -5.780855E-02   2.089574E-04   3.484471E-03
           125      G      3.901504E-05  -2.699725E-07   3.391111E-03  -1.413563E-05   5.772283E-03  -1.365189E-05
           126      G      6.628938E-05  -1.214459E-07   3.137671E-03   6.842468E-06   3.920240E-03   7.651078E-06
           127      G      1.335889E-05  -1.040569E-06  -1.739114E-03  -3.863435E-02   1.978475E-02  -6.118083E-04
           128      G      1.374408E-05   4.432352E-06  -9.454584E-04  -2.145343E-02   2.996745E-02  -5.197465E-06
           129      G      9.748074E-06   1.711246E-08   7.402610E-06   1.147493E-04   2.692352E-02   2.767957E-04
           130      G     -1.464577E-06   4.500620E-06  -1.411789E-05  -1.227720E-05   1.309204E-05   1.939769E-04
           131      G     -1.464577E-06  -6.761383E-07  -1.376850E-05  -1.227720E-05   1.309204E-05   1.939769E-04
           132      G      2.245186E-06  -1.111449E-09  -1.621605E-07   5.934812E-06   1.354957E-03  -1.463995E-03
           133      G      1.533171E-05  -4.334891E-05  -5.822449E-05  -1.756886E-05   2.987568E-05  -2.037371E-03
1                                                       **STUDENT EDITION*    APRIL  17, 2026  MSC Nastran  3/ 3/26   PAGE    32
     DEFAULT                                                                                                                        
0                                                                                                            SUBCASE 1              
      EIGENVALUE =  2.133309E+06
          CYCLES =  2.324594E+02         R E A L   E I G E N V E C T O R   N O .          3
 
      POINT ID.   TYPE          T1             T2             T3             R1             R2             R3
           134      G      2.288898E-06  -3.561866E-04  -2.409156E-03  -6.781130E-02   1.044415E-02   4.299335E-02
           135      G      1.533171E-05   1.357015E-05  -5.738984E-05  -1.756886E-05   2.987568E-05  -2.037371E-03
           136      G      5.949650E-06  -1.319739E-05  -2.254385E-03  -5.775497E-02   3.720165E-04  -3.472762E-03
           137      G      1.344869E-05   1.080684E-06   1.750059E-03   3.880679E-02   1.964879E-02  -6.140674E-04
           138      G      1.378365E-05  -4.480573E-06   9.596367E-04   2.169540E-02   2.991565E-02  -6.589917E-06
           139      G     -1.533307E-06  -4.577275E-06   1.410752E-05   1.239669E-05   1.286025E-05   1.963932E-04
           140      G     -1.533307E-06   6.639692E-07   1.376432E-05   1.239669E-05   1.286025E-05   1.963932E-04
           141      G      1.535495E-05   4.379092E-05   5.823685E-05   1.681901E-05   2.949469E-05  -2.056614E-03
           142      G      2.558249E-06   3.571721E-04   2.411987E-03   6.784385E-02   1.041608E-02   4.290383E-02
           143      G      1.535495E-05  -1.366573E-05   5.741284E-05   1.681901E-05   2.949469E-05  -2.056614E-03
           144      G      6.108616E-06   1.339954E-05   2.260597E-03   5.781563E-02   2.242923E-04  -3.483494E-03
           200      G      1.593453E-05   4.277589E-05  -5.840393E-05   1.841148E-05   2.892490E-05   2.029610E-03
           201      G      1.593453E-05  -1.392636E-05  -5.759584E-05   1.841148E-05   2.892490E-05   2.029610E-03
           202      G     -9.802933E-07  -4.817052E-06  -1.416544E-05   1.241215E-05   1.319420E-05  -1.894995E-04
           203      G     -9.802933E-07   2.402163E-07  -1.381332E-05   1.241215E-05   1.319420E-05  -1.894995E-04
           204      G     -1.679532E-05   1.746125E-07   7.477053E-07   2.487038E-05   1.230053E-03  -2.886310E-03
           205      G     -3.069803E-05   5.071147E-05  -2.537059E-03   5.144441E-02   1.317919E-02  -1.382417E-02
           206      G     -4.110372E-05   5.384067E-06  -3.502679E-03   1.269611E-03   1.380553E-02   2.632323E-03
           207      G      1.650227E-05  -4.344627E-05   5.827033E-05  -1.662231E-05   2.991397E-05   2.068923E-03
           208      G      1.650227E-05   1.435426E-05   5.743461E-05  -1.662231E-05   2.991397E-05   2.068923E-03
           209      G     -7.355401E-07   4.583309E-06   1.418656E-05  -1.245754E-05   1.359097E-05  -1.753731E-04
           210      G     -7.355401E-07  -9.696179E-08   1.382385E-05  -1.245754E-05   1.359097E-05  -1.753731E-04
           211      G     -3.610407E-05  -5.719336E-05   2.545417E-03  -4.995337E-02   1.411540E-02  -1.855948E-02
           212      G     -4.124804E-05  -6.334551E-07   3.503629E-03   1.456625E-05   1.396592E-02  -1.078765E-05
           213      G      1.627279E-05  -4.279549E-05  -5.822449E-05  -1.756886E-05   2.987568E-05  -2.037371E-03
           214      G      1.627279E-05   1.412357E-05  -5.738984E-05  -1.756886E-05   2.987568E-05  -2.037371E-03
           215      G     -1.052178E-06   4.887352E-06  -1.411789E-05  -1.227720E-05   1.309204E-05   1.939769E-04
           216      G     -1.052178E-06  -2.894066E-07  -1.376850E-05  -1.227720E-05   1.309204E-05   1.939769E-04
           217      G     -1.731231E-05   2.226882E-07  -2.148984E-07   4.216651E-05   1.181677E-03   2.911590E-03
           218      G     -3.476160E-05  -5.136438E-05  -2.543235E-03  -5.000611E-02   1.386661E-02   1.890214E-02
           219      G      1.628404E-05   4.326112E-05   5.823685E-05   1.681901E-05   2.949469E-05  -2.056614E-03
           220      G      1.628404E-05  -1.419553E-05   5.741284E-05   1.681901E-05   2.949469E-05  -2.056614E-03
           221      G     -1.128209E-06  -4.967771E-06   1.410752E-05   1.239669E-05   1.286025E-05   1.963932E-04
           222      G     -1.128209E-06   2.734735E-07   1.376432E-05   1.239669E-05   1.286025E-05   1.963932E-04
           223      G     -3.616179E-05   5.602065E-05   2.545808E-03   4.996207E-02   1.410823E-02   1.847939E-02
           224      G     -2.532769E-05   5.261264E-06  -1.835343E-03   3.584984E-02   2.186968E-02  -5.234337E-04
           225      G     -4.721152E-05   7.914504E-07  -2.469732E-03   1.440603E-04   1.497575E-02   7.051607E-05
           226      G     -2.716843E-05   2.972810E-07  -1.021244E-03   2.079051E-02   3.127139E-02  -2.943082E-04
           227      G     -5.917091E-05   3.079710E-07  -1.366949E-03  -7.238887E-05   4.668681E-02  -4.335829E-06
           228      G     -2.537769E-05   4.579859E-07  -5.890816E-05   1.113787E-03   2.722406E-02   1.689891E-04
           229      G     -5.741919E-05   1.989520E-07  -7.615339E-05   3.761364E-05   1.637429E-02   6.863618E-06
           230      G     -2.569052E-05   8.949244E-06  -2.366065E-03   4.903378E-02   5.580266E-03   8.629470E-05
           231      G     -3.901729E-05   4.473923E-07  -3.229611E-03   1.207581E-03   1.652440E-02  -5.249454E-04
           232      G     -2.620029E-05  -4.385131E-06   1.749532E-03  -3.363065E-02   2.335558E-02  -5.373578E-04
           233      G     -4.870380E-05  -3.574713E-08   2.355921E-03   4.287102E-06   1.528330E-02   4.235383E-06
           234      G     -2.750874E-05  -1.606931E-07   9.068823E-04  -1.822510E-02   3.158337E-02  -3.007155E-04
           235      G     -6.008901E-05   6.250580E-08   1.222416E-03   3.854758E-06   4.747208E-02   2.939965E-06
           236      G     -2.821147E-05  -8.056280E-06   2.338598E-03  -4.788912E-02   7.481543E-03   1.521525E-04
           237      G     -3.844712E-05  -2.960502E-07   3.189588E-03   1.575709E-05   1.999617E-02   1.704376E-05
           238      G     -2.577911E-05  -4.561235E-06  -1.829661E-03  -3.521628E-02   2.258369E-02   4.892557E-04
1                                                       **STUDENT EDITION*    APRIL  17, 2026  MSC Nastran  3/ 3/26   PAGE    33
     DEFAULT                                                                                                                        
0                                                                                                            SUBCASE 1              
      EIGENVALUE =  2.133309E+06
          CYCLES =  2.324594E+02         R E A L   E I G E N V E C T O R   N O .          3
 
      POINT ID.   TYPE          T1             T2             T3             R1             R2             R3
           239      G     -2.731356E-05   1.948582E-07  -1.011898E-03  -2.028412E-02   3.093517E-02   2.975715E-04
           240      G     -2.537169E-05  -1.510585E-07  -5.465777E-05  -9.814659E-04   2.717347E-02  -1.872318E-04
           241      G     -2.683292E-05  -6.646648E-06  -2.371793E-03  -4.859653E-02   5.351045E-03  -9.642907E-05
           242      G     -2.616531E-05   4.311647E-06   1.751695E-03   3.371010E-02   2.331875E-02   5.246258E-04
           243      G     -2.756785E-05   2.755590E-07   9.102511E-04   1.834326E-02   3.153060E-02   3.019895E-04
           244      G     -2.816267E-05   7.647245E-06   2.339693E-03   4.792191E-02   7.440981E-03  -1.435886E-04
           300      G      7.259675E-05   1.200014E-04  -2.393114E-04   2.093927E-02   6.897242E-04   5.101198E-03
           301      G      1.790208E-05   4.367028E-05  -3.163893E-04   1.087638E-02   5.083024E-03   7.109191E-03
           302      G     -1.091699E-04  -2.715600E-06  -1.167988E-06   1.887630E-03   1.321475E-02  -2.051496E-02
           303      G      2.154444E-04   2.903737E-04  -4.578288E-04   1.203825E-02   5.704182E-03   6.692211E-03
           304      G      1.214625E-04   1.755563E-04  -3.697092E-04   1.200983E-02   9.622059E-03  -3.503630E-04
           305      G      1.851604E-04   2.343197E-04  -2.811697E-03   4.938510E-02   3.498069E-02  -2.183394E-02
           306      G      2.319436E-04   2.273437E-05  -3.934571E-03   4.491561E-03   3.082960E-02   9.202436E-03
           307      G      8.358957E-05  -1.387214E-04   2.367508E-04  -1.914206E-02   7.239144E-04   5.989785E-03
           308      G      2.179612E-05  -6.221967E-05   3.233643E-04  -8.499713E-03   6.985369E-03   7.090976E-03
           309      G      2.541982E-04  -3.296505E-04   4.551604E-04  -8.360606E-03   1.029219E-05   6.661725E-03
           310      G      1.373321E-04  -1.884475E-04   3.763377E-04  -1.101962E-02   1.351413E-02  -1.441590E-03
           311      G      1.924828E-04  -2.495482E-04   2.824910E-03  -4.842634E-02   3.505877E-02  -2.736880E-02
           312      G      2.374163E-04  -1.846579E-06   3.939863E-03   2.074646E-04   3.045271E-02  -6.618955E-05
           313      G      7.834538E-05  -1.401067E-04  -2.373701E-04  -1.852066E-02   7.864248E-04  -6.166909E-03
           314      G      1.101862E-05  -6.734283E-05  -3.241332E-04  -8.688931E-03   6.994132E-03  -7.597750E-03
           315      G     -1.303358E-04  -9.234413E-06   3.729631E-07   1.123517E-03   1.367907E-02   2.034595E-02
           316      G      2.532916E-04  -3.201996E-04  -4.561081E-04  -7.642300E-03   6.459600E-04  -6.243535E-03
           317      G      1.353841E-04  -1.843476E-04  -3.771199E-04  -9.854801E-03   1.345226E-02   1.359105E-03
           318      G      1.926182E-04  -2.353386E-04  -2.824703E-03  -4.885816E-02   3.468344E-02   2.933197E-02
           319      G      7.451079E-05   1.281189E-04   2.385221E-04   2.127951E-02   7.741204E-04  -6.395357E-03
           320      G      9.138646E-06   4.917499E-05   3.234028E-04   1.089652E-02   7.011379E-03  -7.728257E-03
           321      G      2.461062E-04   3.246656E-04   4.552894E-04   9.141127E-03  -7.450642E-04  -6.874478E-03
           322      G      1.295161E-04   1.797313E-04   3.770105E-04   1.292891E-02   1.359162E-02   1.174086E-03
           323      G      1.887748E-04   2.456094E-04   2.825339E-03   4.872681E-02   3.510890E-02   2.722691E-02
           324      G      2.014958E-04   6.894170E-05  -2.979385E-03   5.620057E-02   2.673135E-02   2.173882E-03
           325      G      2.514397E-04  -1.011373E-05  -4.023625E-03   1.521890E-03   2.770604E-02   2.779424E-04
           326      G      1.974112E-04   4.377431E-05  -1.738877E-03   2.849084E-02   5.783004E-02   1.995143E-03
           327      G      2.357843E-04  -1.069254E-05  -2.205607E-03   3.056348E-04   7.746037E-02  -1.058003E-04
           328      G      2.204130E-04  -8.419181E-06  -3.238049E-05  -1.387265E-04   4.460382E-02   1.065094E-02
           329      G      2.409208E-04  -9.142734E-06  -3.361238E-05   1.157074E-03   2.968866E-02   3.157411E-05
           330      G      2.050717E-04   1.197981E-04  -3.032326E-03   6.072859E-02  -2.174403E-02   2.287579E-03
           331      G      2.599807E-04  -6.612852E-06  -4.262553E-03   4.436055E-03  -6.546053E-03  -1.380837E-03
           332      G      2.113595E-04  -8.590241E-05   2.960147E-03  -5.488344E-02   2.983038E-02   1.933658E-03
           333      G      2.558514E-04  -5.341198E-06   3.981962E-03   1.106591E-03   2.748629E-02  -7.684272E-05
           334      G      2.036892E-04  -6.005146E-05   1.682928E-03  -2.698605E-02   5.846427E-02   1.985029E-03
           335      G      2.377472E-04  -7.818091E-06   2.148733E-03   9.224890E-04   7.811680E-02  -9.433797E-05
           336      G      2.210410E-04  -1.359249E-04   3.051075E-03  -5.934773E-02  -2.216765E-02   2.206128E-03
           337      G      2.645400E-04  -3.600584E-06   4.238979E-03   7.762845E-04  -5.504659E-03  -8.153323E-05
           338      G      2.078926E-04  -8.951236E-05  -2.975606E-03  -5.521883E-02   3.010652E-02  -1.950669E-03
           339      G      2.002378E-04  -6.582703E-05  -1.713426E-03  -2.697420E-02   5.732008E-02  -2.054980E-03
           340      G      2.219136E-04  -1.004854E-05  -1.807256E-05  -4.615350E-04   4.471130E-02  -1.096022E-02
           341      G      2.199987E-04  -1.313601E-04  -3.069492E-03  -6.077897E-02  -2.223639E-02  -2.031444E-03
           342      G      2.065834E-04   7.488494E-05   2.961789E-03   5.452138E-02   2.984790E-02  -1.960222E-03
           343      G      2.000433E-04   4.819609E-05   1.691228E-03   2.676686E-02   5.806154E-02  -2.128625E-03
1                                                       **STUDENT EDITION*    APRIL  17, 2026  MSC Nastran  3/ 3/26   PAGE    34
     DEFAULT                                                                                                                        
0                                                                                                            SUBCASE 1              
      EIGENVALUE =  2.133309E+06
          CYCLES =  2.324594E+02         R E A L   E I G E N V E C T O R   N O .          3
 
      POINT ID.   TYPE          T1             T2             T3             R1             R2             R3
           344      G      2.165535E-04   1.284613E-04   3.051824E-03   5.892813E-02  -2.231631E-02  -2.315046E-03
           400      G      8.982353E-05   6.526865E-04   5.150894E-05   8.304790E-02  -2.044564E-03   1.282135E-02
           401      G     -2.365303E-04  -1.163176E-04  -1.489997E-03  -3.502919E-02  -2.494050E-02  -1.595132E-02
           402      G     -2.013926E-04  -3.109378E-06   2.645336E-06  -2.208886E-04   9.866560E-02  -1.358336E-02
           403      G      3.864985E-04   6.649903E-04  -1.835740E-04   2.535005E-02  -9.511418E-02   6.865734E-03
           404      G      4.518397E-04   2.484190E-04  -1.548871E-03   3.768478E-02   6.200960E-03   4.080759E-02
           405      G      2.063200E-03   5.842580E-04  -3.629156E-03   7.878202E-02  -2.325119E-01  -4.228009E-02
           406      G      2.719672E-03  -1.146882E-06  -4.915309E-03   7.928899E-05  -3.006853E-01   8.734034E-04
           407      G      9.370425E-05  -6.586208E-04  -4.697096E-05  -8.347080E-02  -2.003723E-03   1.277498E-02
           408      G     -2.343581E-04   1.097353E-04   1.494493E-03   3.453806E-02  -2.499685E-02  -1.591767E-02
           409      G      3.899703E-04  -6.725739E-04   1.818591E-04  -2.662321E-02  -9.491037E-02   6.241283E-03
           410      G      4.580596E-04  -2.531786E-04   1.553708E-03  -3.815098E-02   5.902809E-03   4.123163E-02
           411      G      2.067053E-03  -5.890595E-04   3.644807E-03  -7.858683E-02  -2.330225E-01  -4.287146E-02
           412      G      2.722284E-03  -1.527854E-06   4.924344E-03  -2.997939E-05  -3.010745E-01  -1.997117E-05
           413      G      9.146033E-05  -6.579225E-04   4.479895E-05  -8.338042E-02  -1.983499E-03  -1.276823E-02
           414      G     -2.372672E-04   1.112238E-04  -1.496842E-03   3.475761E-02  -2.491891E-02   1.608423E-02
           415      G     -2.027434E-04  -2.364342E-06  -7.611383E-07  -8.539720E-05   9.887975E-02   1.345022E-02
           416      G      3.892723E-04  -6.684436E-04  -1.843245E-04  -2.639634E-02  -9.469322E-02  -6.148596E-03
           417      G      4.566555E-04  -2.514702E-04  -1.555597E-03  -3.786670E-02   5.823632E-03  -4.122580E-02
           418      G      2.064500E-03  -5.846308E-04  -3.644444E-03  -7.853206E-02  -2.327091E-01   4.304230E-02
           419      G      8.963075E-05   6.541412E-04  -4.631748E-05   8.329146E-02  -1.977722E-03  -1.280499E-02
           420      G     -2.381457E-04  -1.145504E-04   1.496096E-03  -3.475796E-02  -2.489374E-02   1.605749E-02
           421      G      3.858858E-04   6.695236E-04   1.828594E-04   2.638768E-02  -9.470461E-02  -6.303519E-03
           422      G      4.538596E-04   2.494582E-04   1.554693E-03   3.784228E-02   5.925723E-03  -4.127756E-02
           423      G      2.065462E-03   5.859368E-04   3.644901E-03   7.860429E-02  -2.328634E-01   4.282414E-02
           424      G      1.412117E-03   1.517868E-04  -6.500912E-03   8.782957E-02   1.700439E-02   2.166757E-02
           425      G      1.787663E-03  -2.376020E-06  -8.506486E-03  -1.268912E-04  -1.780211E-01   4.324875E-05
           426      G      1.324345E-03   1.158647E-04  -3.812758E-03   6.639252E-02   1.181261E-01   1.145463E-02
           427      G      1.478743E-03  -2.832195E-06  -4.988249E-03  -1.273418E-04   2.277333E-01   2.945752E-06
           428      G      1.166516E-03  -3.324723E-06   5.635277E-05  -9.217526E-04   5.179799E-02   2.747816E-02
           429      G      1.524258E-03  -2.815404E-06   6.997324E-05  -1.601361E-04  -1.404756E-01  -7.557920E-06
           430      G      1.616002E-03   1.993059E-04  -7.160735E-03   9.946212E-02  -7.433197E-02   1.399417E-02
           431      G      2.188137E-03  -1.750208E-06  -8.493451E-03   4.856768E-04  -4.414340E-02  -1.819301E-04
           432      G      1.414274E-03  -1.574132E-04   6.582836E-03  -8.914033E-02   1.633188E-02   2.165744E-02
           433      G      1.789769E-03  -2.304294E-06   8.605290E-03  -9.559086E-05  -1.783359E-01  -1.206733E-05
           434      G      1.325468E-03  -1.218059E-04   3.918317E-03  -6.821579E-02   1.175404E-01   1.143941E-02
           435      G      1.479948E-03  -2.629167E-06   5.118215E-03  -1.210646E-04   2.269211E-01  -7.734077E-06
           436      G      1.618628E-03  -2.041573E-04   7.214073E-03  -1.004979E-01  -7.565179E-02   1.396852E-02
           437      G      2.191224E-03  -1.937110E-06   8.552417E-03  -5.745099E-05  -4.599600E-02  -1.127984E-05
           438      G      1.412649E-03  -1.568453E-04  -6.508076E-03  -8.772019E-02   1.723466E-02  -2.167082E-02
           439      G      1.324538E-03  -1.215381E-04  -3.817831E-03  -6.630219E-02   1.181311E-01  -1.145474E-02
           440      G      1.165862E-03  -2.180850E-06   5.377860E-05   9.632523E-04   5.195295E-02  -2.746321E-02
           441      G      1.616468E-03  -2.031768E-04  -7.178051E-03  -9.993968E-02  -7.404679E-02  -1.392416E-02
           442      G      1.412947E-03   1.529188E-04   6.583392E-03   8.910604E-02   1.629926E-02  -2.171241E-02
           443      G      1.324641E-03   1.164200E-04   3.919043E-03   6.814595E-02   1.176186E-01  -1.147096E-02
           444      G      1.617081E-03   2.003543E-04   7.213385E-03   1.005378E-01  -7.568009E-02  -1.400528E-02
           445      G     -2.378325E-03  -4.207889E-03   9.049410E-04   5.920637E-01  -2.080742E-01  -2.296281E-01
           446      G     -1.762425E-03   2.235839E-03  -1.719688E-03   6.586695E+00   9.013650E-01  -3.992555E-01
           447      G     -8.854882E-04   1.167496E-02  -5.745108E-03   8.184617E+00   1.585380E-01  -1.015426E-01
           448      G     -1.015672E-04   1.054468E-02  -1.436947E-03   7.688451E+00  -3.996324E-01   2.972104E-01
1                                                       **STUDENT EDITION*    APRIL  17, 2026  MSC Nastran  3/ 3/26   PAGE    35
     DEFAULT                                                                                                                        
0                                                                                                            SUBCASE 1              
      EIGENVALUE =  2.133309E+06
          CYCLES =  2.324594E+02         R E A L   E I G E N V E C T O R   N O .          3
 
      POINT ID.   TYPE          T1             T2             T3             R1             R2             R3
           449      G      3.160251E-04  -1.409241E-06   2.742801E-06  -1.449223E-04  -1.052828E+00   5.841103E-01
           450      G     -8.045842E-03  -2.968394E-03  -7.791708E-03  -3.202762E-01  -9.000598E+00   4.949638E-02
           451      G     -3.720618E-03  -2.235511E-06  -1.301571E-02   2.606140E-04  -1.545099E+01   2.260679E-04
           452      G     -2.377184E-03   4.208654E-03  -9.054952E-04  -5.921034E-01  -2.082165E-01  -2.295330E-01
           453      G     -1.761953E-03  -2.237618E-03   1.722586E-03  -6.586924E+00   9.012777E-01  -3.994049E-01
           454      G     -8.843540E-04  -1.167743E-02   5.750330E-03  -8.184975E+00   1.584928E-01  -1.014390E-01
           455      G     -1.010362E-04  -1.054744E-02   1.442485E-03  -7.688738E+00  -3.996300E-01   2.972136E-01
           456      G     -8.045932E-03   2.966992E-03   7.805136E-03   3.200574E-01  -9.000487E+00   4.940209E-02
           457      G     -3.721006E-03  -1.278550E-06   1.302540E-02   4.822767E-06  -1.545116E+01  -1.746652E-05
           458      G     -2.377756E-03   4.208709E-03   9.026860E-04  -5.920460E-01  -2.082243E-01   2.294907E-01
           459      G     -1.762609E-03  -2.237603E-03  -1.725013E-03  -6.586924E+00   9.012873E-01   3.994201E-01
           460      G     -8.849469E-04  -1.167722E-02  -5.752806E-03  -8.184991E+00   1.585090E-01   1.014951E-01
           461      G     -1.009646E-04  -1.054723E-02  -1.443439E-03  -7.688744E+00  -3.995352E-01  -2.972556E-01
           462      G      3.162563E-04  -1.399187E-06  -7.003785E-07  -5.517692E-05  -1.052724E+00  -5.841440E-01
           463      G     -8.046053E-03   2.966216E-03  -7.803790E-03   3.202103E-01  -9.000249E+00  -4.931040E-02
           464      G     -2.379106E-03  -4.210890E-03  -9.042471E-04   5.921426E-01  -2.082120E-01   2.295326E-01
           465      G     -1.763789E-03   2.234925E-03   1.723469E-03   6.586938E+00   9.012660E-01   3.994334E-01
           466      G     -8.858280E-04   1.167451E-02   5.751333E-03   8.184933E+00   1.585064E-01   1.015105E-01
           467      G     -1.014303E-04   1.054449E-02   1.441856E-03   7.688617E+00  -3.995425E-01  -2.972500E-01
           468      G     -8.046498E-03  -2.969421E-03   7.805347E-03  -3.200880E-01  -9.000469E+00  -4.943409E-02
           469      G     -8.158114E-03  -3.984571E-03  -1.342377E-02  -6.662483E-01  -5.989767E+00   1.103702E-01
           470      G     -8.768397E-03  -2.667939E-03  -8.812161E-01   5.060557E+01  -2.283893E+01  -7.827652E-02
           471      G     -4.198442E-03   1.022067E-03  -1.563729E+00   9.694644E+01  -4.866790E+00  -1.294408E-01
           472      G      3.204679E-03   2.212509E-03  -1.222186E+00   7.570651E+01   2.733297E+01   5.847843E-02
           473      G      6.720495E-03  -1.480557E-06   4.414703E-06   3.713898E-05   4.305703E+01  -9.643654E-01
           474      G     -1.626252E-02  -4.296306E-03  -2.195965E+00   5.331910E+01  -7.455962E+01   1.359666E-01
           475      G     -7.175102E-03  -1.557750E-03  -4.056742E+00   1.014495E+02  -1.563757E+01  -4.541200E-02
           476      G      5.163568E-03  -1.988831E-05  -3.171740E+00   8.038333E+01   7.531629E+01  -1.160601E-01
           477      G      1.068586E-02  -1.500981E-06   1.969432E-06   1.732489E-04   1.158664E+02  -7.256804E-01
           478      G     -1.046641E-02  -2.775782E-03  -3.294510E-02  -3.145416E-01  -1.932932E+01   4.175134E-01
           479      G     -1.985757E-02  -3.233018E-03  -3.178727E+00   3.104620E+01  -1.055504E+02  -2.065499E-01
           480      G     -1.101949E-02   3.809609E-04  -5.856357E+00   5.608311E+01  -2.636390E+01  -1.403505E-01
           481      G      7.206442E-03  -6.256068E-05  -4.640677E+00   4.876905E+01   1.079056E+02   2.391784E-01
           482      G     -3.248066E-02  -1.019241E-06  -3.485770E+00   1.826758E-04  -1.176794E+02  -5.342581E-05
           483      G     -1.338652E-02  -1.164820E-06  -6.437352E+00   3.367434E-04  -2.587886E+01   8.056134E-06
           484      G      1.315676E-02  -1.303784E-06  -5.176161E+00   3.002914E-04   1.069977E+02   3.741736E-07
           485      G      1.673671E-02  -1.482001E-06  -3.635394E-06   2.754259E-04   1.737424E+02  -1.644872E-01
           486      G      2.278076E-02  -1.459917E-06  -9.656822E-06   2.131589E-04   2.035509E+02  -9.450878E-07
           487      G     -8.157792E-03   3.984115E-03   1.342930E-02   6.658311E-01  -5.989807E+00   1.102908E-01
           488      G     -8.768215E-03   2.666193E-03   8.812258E-01  -5.060588E+01  -2.283909E+01  -7.827990E-02
           489      G     -4.198299E-03  -1.024559E-03   1.563741E+00  -9.694661E+01  -4.866813E+00  -1.294855E-01
           490      G      3.204858E-03  -2.215389E-03   1.222196E+00  -7.570650E+01   2.733307E+01   5.846758E-02
           491      G     -1.626275E-02   4.294294E-03   2.195980E+00  -5.331923E+01  -7.455970E+01   1.359546E-01
           492      G     -7.175240E-03   1.555187E-03   4.056755E+00  -1.014494E+02  -1.563741E+01  -4.542238E-02
           493      G      5.163521E-03   1.701804E-05   3.171746E+00  -8.038301E+01   7.531648E+01  -1.160680E-01
           494      G     -1.046660E-02   2.773717E-03   3.295919E-02   3.146901E-01  -1.932935E+01   4.175462E-01
           495      G     -1.985799E-02   3.230644E-03   3.178741E+00  -3.104602E+01  -1.055503E+02  -2.065674E-01
           496      G     -1.101972E-02  -3.835411E-04   5.856364E+00  -5.608280E+01  -2.636358E+01  -1.403544E-01
           497      G      7.206337E-03   5.969615E-05   4.640673E+00  -4.876857E+01   1.079059E+02   2.391733E-01
           498      G     -3.248098E-02  -1.374824E-06   3.485779E+00   2.450395E-06  -1.176793E+02  -2.726212E-06
1                                                       **STUDENT EDITION*    APRIL  17, 2026  MSC Nastran  3/ 3/26   PAGE    36
     DEFAULT                                                                                                                        
0                                                                                                            SUBCASE 1              
      EIGENVALUE =  2.133309E+06
          CYCLES =  2.324594E+02         R E A L   E I G E N V E C T O R   N O .          3
 
      POINT ID.   TYPE          T1             T2             T3             R1             R2             R3
           499      G     -1.338675E-02  -1.504244E-06   6.437351E+00   3.385898E-05  -2.587845E+01  -3.227799E-06
           500      G      1.315665E-02  -1.527245E-06   5.176146E+00   1.026921E-04   1.069981E+02  -1.204254E-06
           501      G     -8.158134E-03   3.983858E-03  -1.343060E-02   6.659010E-01  -5.989707E+00  -1.103052E-01
           502      G     -8.768659E-03   2.666205E-03  -8.812276E-01  -5.060578E+01  -2.283920E+01   7.826798E-02
           503      G     -4.198569E-03  -1.024259E-03  -1.563746E+00  -9.694676E+01  -4.866852E+00   1.294690E-01
           504      G      3.204632E-03  -2.215090E-03  -1.222201E+00  -7.570679E+01   2.733315E+01  -5.845605E-02
           505      G      6.720323E-03  -1.397346E-06  -5.312095E-06  -2.152154E-04   4.305726E+01   9.643852E-01
           506      G     -1.626292E-02   4.294410E-03  -2.195979E+00  -5.331912E+01  -7.455991E+01  -1.359820E-01
           507      G     -7.175423E-03   1.555481E-03  -4.056762E+00  -1.014494E+02  -1.563764E+01   4.541938E-02
           508      G      5.163342E-03   1.730394E-05  -3.171759E+00  -8.038326E+01   7.531646E+01   1.160662E-01
           509      G      1.068561E-02  -1.416920E-06  -1.067393E-05  -1.715887E-04   1.158667E+02   7.256821E-01
           510      G     -1.046645E-02   2.773322E-03  -3.295425E-02   3.148981E-01  -1.932916E+01  -4.176014E-01
           511      G     -1.985795E-02   3.230683E-03  -3.178737E+00  -3.104572E+01  -1.055505E+02   2.065664E-01
           512      G     -1.101971E-02  -3.831933E-04  -5.856371E+00  -5.608265E+01  -2.636394E+01   1.403447E-01
           513      G      7.206271E-03   5.993970E-05  -4.640690E+00  -4.876860E+01   1.079057E+02  -2.391758E-01
           514      G      1.673655E-02  -1.433076E-06  -1.262760E-05   2.507885E-05   1.737426E+02   1.644869E-01
           515      G     -8.158927E-03  -3.986419E-03   1.343041E-02  -6.658672E-01  -5.989795E+00  -1.103136E-01
           516      G     -8.769227E-03  -2.668917E-03   8.812263E-01   5.060586E+01  -2.283908E+01   7.825169E-02
           517      G     -4.199041E-03   1.021527E-03   1.563740E+00   9.694658E+01  -4.866720E+00   1.294585E-01
           518      G      3.204376E-03   2.212295E-03   1.222191E+00   7.570641E+01   2.733322E+01  -5.846123E-02
           519      G     -1.626328E-02  -4.297045E-03   2.195979E+00   5.331921E+01  -7.455968E+01  -1.359669E-01
           520      G     -7.175680E-03  -1.558217E-03   4.056753E+00   1.014494E+02  -1.563731E+01   4.541439E-02
           521      G      5.163188E-03  -2.009878E-05   3.171740E+00   8.038301E+01   7.531668E+01   1.160641E-01
           522      G     -1.046685E-02  -2.776154E-03   3.295908E-02  -3.146942E-01  -1.932934E+01  -4.175546E-01
           523      G     -1.985822E-02  -3.233417E-03   3.178741E+00   3.104603E+01  -1.055503E+02   2.065547E-01
           524      G     -1.101993E-02   3.805323E-04   5.856363E+00   5.608284E+01  -2.636350E+01   1.403456E-01
           525      G      7.206160E-03  -6.276157E-05   4.640669E+00   4.876871E+01   1.079061E+02  -2.391775E-01
          1000      G      7.015655E-05  -2.616056E-09   4.627974E-07   9.618057E-06   1.352056E-03   2.685746E-02
          1001      G      6.934352E-05   1.860894E-07  -1.393230E-05   1.588845E-05   1.352731E-05   3.541357E-02
          1002      G      6.733363E-05  -4.744730E-06  -1.431599E-05   1.439417E-05   1.416401E-05   3.441051E-02
          1003      G      7.381378E-05   9.887140E-09   5.945651E-06  -1.720559E-04   3.326200E-02   5.751655E-05
          1004      G      7.429774E-05  -1.595269E-06  -7.686822E-04   2.475904E-02   2.241020E-02  -4.747228E-06
          1005      G      7.261112E-05  -8.375475E-06  -1.462333E-03   4.904263E-02   2.528433E-02   7.706827E-05
          1006      G      8.436213E-05  -3.060896E-08   9.032477E-06   2.900011E-06   1.052580E-02   9.577373E-07
          1007      G      8.141050E-05  -8.162091E-10  -1.228561E-03   8.518089E-06   7.352004E-02   8.468827E-07
          1008      G      8.645245E-05   6.312053E-10  -2.399159E-03   1.606356E-05   7.523869E-03   9.220230E-07
          1009      G      5.730306E-05  -3.184715E-05  -5.770754E-05   1.501664E-05   3.385839E-05   1.841667E-02
          1010      G      5.489431E-05   3.727367E-06  -5.860970E-05   2.318729E-05   2.824251E-05   1.773421E-02
          1011      G      8.006994E-05  -5.791268E-06  -1.989269E-03   5.851824E-02   1.505147E-02   1.785844E-04
          1012      G      8.669030E-05  -7.335423E-06  -2.363312E-03   6.787996E-02   1.038673E-02  -5.147889E-02
          1013      G      8.486245E-05   2.771085E-08  -2.934759E-03   9.546126E-06   2.767061E-02   1.642191E-06
          1014      G      8.560840E-05   7.219101E-08  -3.367279E-03  -1.312723E-05   5.814448E-03   1.563703E-05
          1015      G      6.937574E-05  -5.566528E-08   1.394451E-05  -1.591380E-05   1.391243E-05   3.529814E-02
          1016      G      6.739855E-05   4.525686E-06   1.433767E-05  -1.451209E-05   1.455725E-05   3.431135E-02
          1017      G      7.435913E-05   1.539742E-06   7.796784E-04  -2.506580E-02   2.238567E-02  -4.522638E-06
          1018      G      7.271539E-05   8.366116E-06   1.472216E-03  -4.928861E-02   2.522457E-02   7.853894E-05
          1019      G      8.143482E-05  -4.113557E-08   1.244330E-03   1.054362E-06   7.336057E-02   8.119891E-07
          1020      G      8.649727E-05  -8.301880E-08   2.411977E-03   1.378997E-06   7.493991E-03   7.426367E-07
          1021      G      5.739271E-05   3.205402E-05   5.753728E-05  -1.311548E-05   3.490236E-05   1.814336E-02
          1022      G      5.526405E-05  -4.465561E-06   5.846719E-05  -2.157120E-05   2.910031E-05   1.762381E-02
1                                                       **STUDENT EDITION*    APRIL  17, 2026  MSC Nastran  3/ 3/26   PAGE    37
     DEFAULT                                                                                                                        
0                                                                                                            SUBCASE 1              
      EIGENVALUE =  2.133309E+06
          CYCLES =  2.324594E+02         R E A L   E I G E N V E C T O R   N O .          3
 
      POINT ID.   TYPE          T1             T2             T3             R1             R2             R3
          1023      G      8.027331E-05   5.568020E-06   1.997129E-03  -5.863618E-02   1.497855E-02   1.787371E-04
          1024      G      8.686941E-05   7.270107E-06   2.369862E-03  -6.783545E-02   1.039257E-02  -5.100870E-02
          1025      G      8.488888E-05  -9.120380E-08   2.941840E-03   1.230718E-06   2.730710E-02   6.979207E-07
          1026      G      8.562133E-05  -1.333357E-07   3.368405E-03  -1.413500E-05   5.770185E-03   2.430854E-05
          1027      G      7.028043E-05  -4.826185E-08  -1.379391E-07   5.934248E-06   1.354970E-03  -2.696281E-02
          1028      G      6.948857E-05  -2.274574E-07  -1.388761E-05  -1.577380E-05   1.341934E-05  -3.552504E-02
          1029      G      6.750502E-05   4.814943E-06  -1.426776E-05  -1.424690E-05   1.406213E-05  -3.453511E-02
          1030      G      7.390903E-05  -2.318231E-08   4.943542E-06   1.837442E-04   3.327585E-02  -5.594887E-05
          1031      G      7.439002E-05   1.576938E-06  -7.699932E-04  -2.475479E-02   2.243538E-02   6.069549E-06
          1032      G      7.271856E-05   8.408631E-06  -1.464383E-03  -4.903686E-02   2.531410E-02  -7.539110E-05
          1033      G      5.748997E-05   3.199216E-05  -5.749637E-05  -1.414871E-05   3.481801E-05  -1.834303E-02
          1034      G      5.514206E-05  -3.778894E-06  -5.842502E-05  -2.241592E-05   2.915702E-05  -1.769646E-02
          1035      G      8.022853E-05   5.839132E-06  -1.991959E-03  -5.849602E-02   1.507415E-02  -1.765616E-04
          1036      G      8.686529E-05   7.459839E-06  -2.366990E-03  -6.781031E-02   1.044439E-02   5.138120E-02
          1037      G      6.950249E-05   2.094569E-07   1.388444E-05   1.593752E-05   1.319373E-05  -3.556960E-02
          1038      G      6.753267E-05  -4.890187E-06   1.425828E-05   1.436530E-05   1.383322E-05  -3.458652E-02
          1039      G      7.441258E-05  -1.644538E-06   7.791010E-04   2.506949E-02   2.239153E-02   6.081018E-06
          1040      G      7.275890E-05  -8.463018E-06   1.471776E-03   4.928902E-02   2.522879E-02  -7.622461E-05
          1041      G      5.754074E-05  -3.208784E-05   5.751721E-05   1.337427E-05   3.445728E-05  -1.833729E-02
          1042      G      8.030877E-05  -5.830061E-06   1.996830E-03   5.863167E-02   1.498364E-02  -1.767089E-04
          1043      G      8.690784E-05  -7.483492E-06   2.369932E-03   6.784285E-02   1.041632E-02   5.109950E-02
          1044      G      5.532574E-05   4.033075E-06   5.843613E-05   2.173429E-05   2.871808E-05  -1.776654E-02
          2000      G      6.115144E-05  -1.623057E-08   6.451173E-07   2.488976E-05   1.230420E-03   3.687456E-02
          2001      G      6.135280E-05  -1.170303E-07  -1.393138E-05   1.552571E-05   1.349344E-05   3.122252E-02
          2002      G      6.133961E-05  -5.027693E-06  -1.431366E-05   1.388827E-05   1.417424E-05   3.121503E-02
          2003      G      6.364559E-05   1.883137E-08  -3.999977E-05   1.823893E-03   3.211294E-02   4.330788E-05
          2004      G      6.388041E-05  -1.087504E-06  -8.202544E-04   2.378373E-02   2.435943E-02  -2.581738E-05
          2005      G      6.239163E-05  -7.291715E-06  -1.528970E-03   4.487771E-02   2.492739E-02   1.853677E-05
          2006      G      7.148486E-05  -9.709912E-08  -7.615215E-05   3.762278E-05   1.637664E-02  -1.406028E-06
          2007      G      6.832861E-05  -1.426319E-07  -1.298175E-03   9.871641E-05   6.753346E-02  -2.816363E-06
          2008      G      7.111230E-05  -3.466372E-07  -2.469699E-03   1.440719E-04   1.497712E-02  -3.828000E-06
          2009      G      5.583152E-05  -3.157887E-05  -5.769827E-05   1.563721E-05   3.334951E-05   1.729941E-02
          2010      G      5.693173E-05   1.387426E-06  -5.877909E-05   2.803746E-05   2.693771E-05   1.845413E-02
          2011      G      6.891013E-05  -5.427550E-06  -2.069880E-03   4.968246E-02   1.670129E-02  -2.332391E-05
          2012      G      7.376295E-05  -1.734654E-05  -2.483899E-03   5.144701E-02   1.318003E-02  -1.562457E-01
          2013      G      6.786340E-05  -6.013824E-07  -3.009980E-03   4.636969E-04   2.205101E-02   1.150368E-06
          2014      G      6.845973E-05  -5.753753E-07  -3.447662E-03   1.268982E-03   1.380384E-02  -4.685862E-03
          2015      G      6.141397E-05   2.556272E-07   1.393594E-05  -1.530034E-05   1.386837E-05   3.111536E-02
          2016      G      6.138197E-05   4.812291E-06   1.433038E-05  -1.391670E-05   1.455321E-05   3.109849E-02
          2017      G      6.415297E-05   1.036121E-06   7.455009E-04  -2.042250E-02   2.463381E-02  -2.240824E-05
          2018      G      6.295690E-05   7.191682E-06   1.469089E-03  -4.171820E-02   2.583014E-02   2.878896E-05
          2019      G      6.873628E-05  -4.783431E-08   1.161806E-03   1.036197E-05   6.871419E-02  -9.294499E-07
          2020      G      7.202605E-05  -6.885622E-08   2.355898E-03   4.291031E-06   1.528487E-02  -5.484978E-07
          2021      G      5.556255E-05   3.152063E-05   5.752605E-05  -1.362346E-05   3.434524E-05   1.682906E-02
          2022      G      5.637969E-05  -3.180918E-06   5.865378E-05  -2.659781E-05   2.783040E-05   1.785584E-02
          2023      G      7.006377E-05   4.858057E-06   2.041510E-03  -4.744360E-02   1.799750E-02  -1.839449E-07
          2024      G      7.567605E-05   1.572297E-05   2.488513E-03  -4.995696E-02   1.411586E-02  -1.431895E-01
          2025      G      6.897686E-05  -5.265206E-08   2.954539E-03   1.239154E-05   2.570797E-02  -5.578799E-07
          2026      G      6.955461E-05  -7.276524E-08   3.447946E-03   1.457859E-05   1.396435E-02   3.481533E-04
          2027      G      6.097613E-05  -1.196998E-07  -4.796411E-08   4.215257E-05   1.182064E-03  -3.726195E-02
1                                                       **STUDENT EDITION*    APRIL  17, 2026  MSC Nastran  3/ 3/26   PAGE    38
     DEFAULT                                                                                                                        
0                                                                                                            SUBCASE 1              
      EIGENVALUE =  2.133309E+06
          CYCLES =  2.324594E+02         R E A L   E I G E N V E C T O R   N O .          3
 
      POINT ID.   TYPE          T1             T2             T3             R1             R2             R3
          2028      G      6.116404E-05   5.457248E-08  -1.388517E-05  -1.530520E-05   1.338652E-05  -3.116911E-02
          2029      G      6.106905E-05   5.066148E-06  -1.426466E-05  -1.361647E-05   1.406471E-05  -3.112085E-02
          2030      G      6.355819E-05  -1.106357E-07  -3.619504E-05  -1.490978E-03   3.208790E-02  -4.515420E-05
          2031      G      6.380070E-05   8.729473E-07  -8.153016E-04  -2.324503E-02   2.427945E-02   2.195844E-05
          2032      G      6.247920E-05   6.911212E-06  -1.522073E-03  -4.397436E-02   2.488728E-02  -2.473321E-05
          2033      G      5.525280E-05   3.127188E-05  -5.748578E-05  -1.462718E-05   3.434899E-05  -1.682339E-02
          2034      G      5.593469E-05  -2.779142E-06  -5.860468E-05  -2.739987E-05   2.791405E-05  -1.776953E-02
          2035      G      6.946877E-05   4.734983E-06  -2.063794E-03  -4.845235E-02   1.678004E-02   8.293324E-06
          2036      G      7.505193E-05   1.577385E-05  -2.487340E-03  -5.000970E-02   1.386696E-02   1.459386E-01
          2037      G      6.128354E-05  -1.029815E-07   1.387560E-05   1.534961E-05   1.315592E-05  -3.126996E-02
          2038      G      6.128660E-05  -5.172791E-06   1.425107E-05   1.376640E-05   1.382482E-05  -3.127062E-02
          2039      G      6.404227E-05  -1.168043E-06   7.482927E-04   2.064348E-02   2.456553E-02   2.129104E-05
          2040      G      6.285725E-05  -7.249389E-06   1.470804E-03   4.184822E-02   2.580998E-02  -2.894397E-05
          2041      G      5.550771E-05  -3.146684E-05   5.750608E-05   1.388749E-05   3.389729E-05  -1.692852E-02
          2042      G      5.626550E-05   2.900808E-06   5.862301E-05   2.677542E-05   2.743765E-05  -1.791830E-02
          2043      G      6.996460E-05  -5.035055E-06   2.042479E-03   4.750083E-02   1.796250E-02   2.468845E-07
          2044      G      7.556376E-05  -1.582200E-05   2.488934E-03   4.996568E-02   1.410870E-02   1.438394E-01
          3000      G      4.352499E-04  -1.772695E-05  -8.722373E-06   1.887605E-03   1.321773E-02   2.398809E-01
          3001      G      4.328317E-04  -4.211778E-05  -3.598828E-04   1.087545E-02   5.084349E-03   1.799161E-01
          3002      G      4.285028E-04  -4.566443E-05  -3.231690E-04   2.093686E-02   6.905225E-04   1.698934E-01
          3003      G      4.489537E-04  -1.872473E-05  -3.108272E-05   7.670457E-05   5.807632E-02   6.582040E-05
          3004      G      4.524314E-04  -2.784523E-05  -1.537954E-03   3.173024E-02   4.643929E-02   9.755867E-05
          3005      G      4.582173E-04  -3.190096E-05  -2.564634E-03   6.569438E-02   2.768877E-02   3.390946E-04
          3006      G      4.754640E-04  -1.836031E-05  -3.361285E-05   1.157049E-03   2.969019E-02  -4.470888E-05
          3007      G      4.689634E-04  -2.063904E-05  -2.151174E-03   4.455399E-04   1.098322E-01  -3.726413E-05
          3008      G      4.716033E-04  -2.222122E-05  -4.023622E-03   1.521864E-03   2.770559E-02  -8.308270E-06
          3009      G      4.250353E-04  -3.266870E-05  -3.985734E-04   1.200955E-02   9.624526E-03   1.136144E-01
          3010      G      4.334264E-04   2.096876E-05  -4.832897E-04   1.204332E-02   5.701907E-03   7.986418E-02
          3011      G      4.654971E-04  -1.990071E-05  -2.623872E-03   6.232025E-02  -1.594626E-02   4.862653E-04
          3012      G      4.631216E-04  -1.186057E-05  -2.671799E-03   4.938649E-02   3.497799E-02  -5.131858E-02
          3013      G      4.729579E-04  -2.272458E-05  -3.992805E-03   2.034196E-03  -2.368238E-02   2.525059E-05
          3014      G      4.766293E-04  -2.220721E-05  -3.811492E-03   4.490893E-03   3.082429E-02  -4.578267E-03
          3015      G      4.363796E-04   4.749970E-06   3.573394E-04  -8.499008E-03   6.986324E-03   1.722101E-01
          3016      G      4.351040E-04   1.250960E-05   3.134133E-04  -1.913912E-02   7.242257E-04   1.666781E-01
          3017      G      4.547496E-04  -8.615529E-06   1.486280E-03  -3.004239E-02   4.730268E-02   8.454753E-05
          3018      G      4.634454E-04  -5.472681E-06   2.543388E-03  -6.453884E-02   3.004980E-02   3.324625E-04
          3019      G      4.705002E-04  -1.655552E-05   2.096481E-03   5.644220E-04   1.109721E-01  -5.084172E-05
          3020      G      4.742507E-04  -1.415849E-05   3.981959E-03   1.106550E-03   2.748587E-02  -5.133069E-05
          3021      G      4.359254E-04  -5.904768E-06   3.934928E-04  -1.101974E-02   1.351600E-02   9.679258E-02
          3022      G      4.483976E-04  -6.740507E-05   4.886929E-04  -8.367204E-03   7.145882E-06   9.078101E-02
          3023      G      4.732479E-04  -1.840715E-05   2.621409E-03  -6.027467E-02  -1.586022E-02   4.189943E-04
          3024      G      4.709433E-04  -2.385285E-05   2.684699E-03  -4.842835E-02   3.505564E-02  -5.221538E-02
          3025      G      4.754655E-04  -1.268897E-05   3.968718E-03   8.718235E-04  -2.172536E-02  -4.524607E-05
          3026      G      4.790895E-04  -1.116933E-05   3.818283E-03   2.075180E-04   3.044747E-02  -3.765590E-03
          3027      G      4.302017E-04  -1.817974E-05   4.866789E-06   1.123599E-03   1.368194E-02  -2.459177E-01
          3028      G      4.306200E-04   1.117451E-06  -3.588700E-04  -8.688290E-03   6.995037E-03  -1.741751E-01
          3029      G      4.292636E-04   6.180491E-06  -3.115466E-04  -1.851767E-02   7.866928E-04  -1.659555E-01
          3030      G      4.478761E-04  -1.851501E-05  -9.333388E-06  -1.121656E-03   5.841105E-02  -1.708453E-04
          3031      G      4.522488E-04  -1.256473E-05  -1.515569E-03  -3.079232E-02   4.663406E-02  -1.732951E-04
          3032      G      4.601333E-04  -1.197965E-05  -2.551471E-03  -6.526840E-02   2.904236E-02  -3.913156E-04
1                                                       **STUDENT EDITION*    APRIL  17, 2026  MSC Nastran  3/ 3/26   PAGE    39
     DEFAULT                                                                                                                        
0                                                                                                            SUBCASE 1              
      EIGENVALUE =  2.133309E+06
          CYCLES =  2.324594E+02         R E A L   E I G E N V E C T O R   N O .          3
 
      POINT ID.   TYPE          T1             T2             T3             R1             R2             R3
          3033      G      4.298594E-04  -1.291469E-05  -3.897415E-04  -9.854955E-03   1.345411E-02  -9.489169E-02
          3034      G      4.414253E-04  -7.489628E-05  -4.842271E-04  -7.648645E-03   6.429482E-04  -8.561323E-02
          3035      G      4.696790E-04  -2.649521E-05  -2.620738E-03  -6.074001E-02  -1.530599E-02  -4.637863E-04
          3036      G      4.680752E-04  -3.274900E-05  -2.686002E-03  -4.886029E-02   3.468030E-02   6.350736E-02
          3037      G      4.299797E-04  -3.686422E-05   3.669679E-04   1.089577E-02   7.012302E-03  -1.745954E-01
          3038      G      4.283870E-04  -4.013675E-05   3.237329E-04   2.127670E-02   7.744132E-04  -1.672533E-01
          3039      G      4.528381E-04  -2.387898E-05   1.506064E-03   2.962529E-02   4.695296E-02  -2.055506E-04
          3040      G      4.610147E-04  -2.302849E-05   2.550498E-03   6.344017E-02   2.966511E-02  -4.491227E-04
          3041      G      4.296666E-04  -1.848857E-05   4.016510E-04   1.292904E-02   1.359346E-02  -9.700114E-02
          3042      G      4.431472E-04   4.724770E-05   4.949614E-04   9.147936E-03  -7.483660E-04  -9.502045E-02
          3043      G      4.705114E-04  -6.132790E-06   2.622482E-03   5.940705E-02  -1.600883E-02  -5.190622E-04
          3044      G      4.676450E-04   1.762155E-06   2.684932E-03   4.872891E-02   3.510578E-02   4.448559E-02
          4000      G      2.310471E-04  -1.362628E-06   3.530631E-06  -2.208911E-04   9.866194E-02  -1.619580E-01
          4001      G      2.255957E-04   1.505496E-04  -1.349468E-03  -3.497182E-02  -2.494126E-02   3.452669E-01
          4002      G      2.468663E-04  -3.699127E-06  -2.823548E-04   8.302548E-02  -2.040679E-03   7.363094E-02
          4003      G      3.098011E-04  -1.458030E-06   3.841624E-05  -1.254250E-03   1.340433E-01   1.493868E-03
          4004      G      2.944710E-04   2.510188E-05  -3.198637E-03   8.588250E-02   7.790866E-02   1.286001E-03
          4005      G      2.593321E-04   4.615733E-05  -5.676418E-03   1.333555E-01   8.961284E-02   3.808918E-04
          4006      G      3.939606E-04  -1.536682E-06   6.997205E-05  -1.601223E-04  -1.404493E-01  -2.053525E-07
          4007      G      3.629284E-04  -1.437569E-06  -4.740955E-03  -6.636647E-05   4.195315E-01   4.518292E-07
          4008      G      3.612917E-04  -1.360954E-06  -8.506511E-03  -1.268773E-04  -1.779995E-01  -6.237893E-08
          4009      G      2.426448E-04   7.278426E-05  -1.687108E-03   3.772940E-02   6.197543E-03  -1.686903E-01
          4010      G      1.947257E-04  -8.864599E-05  -6.656301E-04   2.532463E-02  -9.509294E-02   2.720886E-01
          4011      G      2.411578E-04  -8.468605E-06  -7.027695E-03   1.162904E-01  -2.067834E-02   3.810033E-04
          4012      G      2.193036E-04   3.471191E-05  -4.558264E-03   7.878775E-02  -2.324603E-01   3.877470E-03
          4013      G      3.229755E-04  -1.300405E-06  -8.601960E-03   3.027943E-04   8.881969E-02  -2.017153E-06
          4014      G      3.277969E-04  -1.377850E-06  -6.117691E-03   7.928850E-05  -3.006810E-01  -1.070320E-03
          4015      G      2.257349E-04  -1.532457E-04   1.355933E-03   3.448063E-02  -2.499762E-02   3.444428E-01
          4016      G      2.471069E-04   1.103629E-06   2.885914E-04  -8.344837E-02  -1.999817E-03   7.169973E-02
          4017      G      2.944488E-04  -2.800143E-05   3.269870E-03  -8.809874E-02   7.756575E-02   1.283666E-03
          4018      G      2.593164E-04  -4.899664E-05   5.732035E-03  -1.350976E-01   8.883675E-02   3.752657E-04
          4019      G      3.628034E-04  -1.538268E-06   4.863758E-03  -7.857958E-05   4.182876E-01  -1.319027E-06
          4020      G      3.609402E-04  -1.541099E-06   8.605312E-03  -9.557949E-05  -1.783144E-01  -2.327167E-06
          4021      G      2.429622E-04  -7.559362E-05   1.694400E-03  -3.819559E-02   5.899401E-03  -1.708741E-01
          4022      G      1.950360E-04   8.638589E-05   6.681885E-04  -2.659765E-02  -9.488912E-02   2.703193E-01
          4023      G      2.410281E-04   5.780047E-06   7.064951E-03  -1.173511E-01  -2.134150E-02   3.754839E-04
          4024      G      2.191130E-04  -3.739432E-05   4.575964E-03  -7.859249E-02  -2.329709E-01   6.298214E-03
          4025      G      3.226378E-04  -1.456838E-06   8.657734E-03  -6.259542E-05   8.613619E-02  -3.491616E-06
          4026      G      3.273462E-04  -1.371216E-06   6.128293E-03  -2.998227E-05  -3.010702E-01  -2.083883E-05
          4027      G      2.308321E-04  -1.673121E-06  -1.100040E-06  -8.540112E-05   9.887609E-02   1.623735E-01
          4028      G      2.254714E-04  -1.534805E-04  -1.357398E-03   3.470026E-02  -2.491967E-02  -3.456193E-01
          4029      G      2.468089E-04   1.095935E-06  -2.903999E-04  -8.335797E-02  -1.979593E-03  -7.259679E-02
          4030      G      3.095976E-04  -1.582049E-06   3.522879E-05   1.525457E-03   1.341642E-01  -1.493146E-03
          4031      G      2.942721E-04  -2.799252E-05  -3.204938E-03  -8.565729E-02   7.798568E-02  -1.283752E-03
          4032      G      2.590944E-04  -4.887614E-05  -5.683443E-03  -1.330488E-01   8.964883E-02  -3.770482E-04
          4033      G      2.425161E-04  -7.535861E-05  -1.695308E-03  -3.791130E-02   5.820185E-03   1.700774E-01
          4034      G      1.943574E-04   8.694898E-05  -6.688859E-04  -2.637074E-02  -9.467194E-02  -2.695449E-01
          4035      G      2.408491E-04   6.019463E-06  -7.042223E-03  -1.165100E-01  -2.026893E-02  -3.802518E-04
          4036      G      2.190428E-04  -3.727110E-05  -4.574340E-03  -7.853776E-02  -2.326575E-01  -4.538512E-03
          4037      G      2.253174E-04   1.501804E-04   1.356654E-03  -3.470052E-02  -2.489450E-02  -3.458542E-01
1                                                       **STUDENT EDITION*    APRIL  17, 2026  MSC Nastran  3/ 3/26   PAGE    40
     DEFAULT                                                                                                                        
0                                                                                                            SUBCASE 1              
      EIGENVALUE =  2.133309E+06
          CYCLES =  2.324594E+02         R E A L   E I G E N V E C T O R   N O .          3
 
      POINT ID.   TYPE          T1             T2             T3             R1             R2             R3
          4038      G      2.465204E-04  -4.153538E-06   2.885289E-04   8.326901E-02  -1.973822E-03  -7.330583E-02
          4039      G      2.942223E-04   2.489331E-05   3.269461E-03   8.813141E-02   7.764192E-02  -1.286159E-03
          4040      G      2.590476E-04   4.595015E-05   5.732047E-03   1.351530E-01   8.883597E-02  -3.804165E-04
          4041      G      2.422470E-04   7.268269E-05   1.694103E-03   3.788690E-02   5.922309E-03   1.692732E-01
          4042      G      1.942405E-04  -8.919878E-05   6.674278E-04   2.636212E-02  -9.468337E-02  -2.710787E-01
          4043      G      2.407194E-04  -8.723570E-06   7.063888E-03   1.174380E-01  -2.137571E-02  -3.829467E-04
          4044      G      2.187901E-04   3.466823E-05   4.575419E-03   7.860996E-02  -2.328118E-01  -5.984004E-03
1                                                       **STUDENT EDITION*    APRIL  17, 2026  MSC Nastran  3/ 3/26   PAGE    41
     DEFAULT                                                                                                                        
0                                                                                                            SUBCASE 1              
      EIGENVALUE =  2.368655E+06
          CYCLES =  2.449464E+02         R E A L   E I G E N V E C T O R   N O .          4
 
      POINT ID.   TYPE          T1             T2             T3             R1             R2             R3
             1      G      0.0            0.0            0.0            0.0            0.0            0.0
             2      G      0.0            0.0            0.0            0.0            0.0            0.0
             3      G      0.0            0.0            0.0            0.0            0.0            0.0
             4      G      0.0            0.0            0.0            0.0            0.0            0.0
             5      G      0.0            0.0            0.0            0.0            0.0            0.0
             6      G      0.0            0.0            0.0            0.0            0.0            0.0
             7      G      0.0            0.0            0.0            0.0            0.0            0.0
             8      G      0.0            0.0            0.0            0.0            0.0            0.0
            10      G     -1.207632E-05  -9.872866E-05  -2.323522E-04  -1.217229E-04  -1.273325E-04   1.328687E-02
            11      G     -1.162331E-05   9.989927E-05  -2.333456E-04   1.193755E-04  -1.259811E-04  -1.325107E-02
            12      G     -6.057304E-05  -9.494774E-06  -2.257528E-04  -2.553677E-04  -1.691574E-04  -2.501975E-03
            13      G     -5.977373E-05   1.028801E-05  -2.267030E-04   2.530741E-04  -1.659680E-04   2.431620E-03
            14      G      6.050378E-05  -1.030336E-05  -2.255231E-04  -2.502268E-04   1.691449E-04   2.195807E-03
            15      G      6.099783E-05   9.024372E-06  -2.273013E-04   2.575680E-04   1.699644E-04  -2.413231E-03
            16      G      1.227566E-05  -9.742664E-05  -2.324539E-04  -1.277156E-04   1.259132E-04  -1.331804E-02
            17      G      1.036222E-05   9.908991E-05  -2.339350E-04   1.280499E-04   1.196786E-04   1.375253E-02
           100      G      1.929526E-03   3.154025E-04  -2.052998E-01   3.161152E+00  -1.903012E+00   6.703707E-02
           101      G      4.492890E-03   9.022742E-10  -2.478273E-01   1.294302E-04  -7.178591E-01   9.817845E-05
           102      G      9.442682E-04  -5.751501E-04  -2.708237E-01   4.619959E+00  -1.625541E+00   7.711073E-03
           103      G      2.666245E-03  -6.951747E-07  -3.322634E-01  -1.448856E-05  -2.179782E+00  -9.276466E-06
           104      G      1.051712E-06   1.125145E-03  -2.922579E-01   4.522720E+00  -5.844590E-05   2.497171E-05
           105      G      1.421020E-06  -6.363620E-07  -3.587666E-01  -5.755891E-05  -1.696882E-04  -2.774795E-06
           106      G      4.289860E-05  -3.633230E-05  -2.324276E-04   2.575680E-04   1.699644E-04  -2.413231E-03
           107      G      4.289860E-05   2.807080E-05  -2.278916E-04   2.575680E-04   1.699644E-04  -2.413231E-03
           108      G      4.068309E-07  -4.120376E-04  -2.243681E-03  -2.224170E-02   3.870240E-05  -4.741976E-05
           109      G      1.135062E-04   2.022339E-04  -2.357929E-04   1.280499E-04   1.196786E-04   1.375253E-02
           110      G      4.352522E-03   1.674811E-03  -1.088087E-02  -6.240219E-02  -6.465274E-01  -2.385953E-01
           111      G      1.135062E-04  -1.819775E-04  -2.324494E-04   1.280499E-04   1.196786E-04   1.375253E-02
           112      G      2.805167E-03  -6.361258E-05  -1.095871E-01   1.867523E+00  -4.325594E+00   4.826498E-02
           113      G      5.515469E-03   5.890913E-06  -1.566311E-02   7.524386E-05  -8.595534E-01   1.360042E-03
           114      G      6.304722E-03   3.011821E-06  -1.431107E-01   4.775864E-04  -4.550843E+00  -1.778605E-04
           115      G     -1.927222E-03   3.173883E-04  -2.053056E-01   3.161530E+00   1.902565E+00  -6.703358E-02
           116      G     -4.489591E-03   4.303471E-07  -2.478211E-01  -5.653852E-05   7.174932E-01  -1.524719E-05
           117      G     -9.420938E-04  -5.746534E-04  -2.708247E-01   4.620089E+00   1.625482E+00  -7.722150E-03
           118      G     -2.663592E-03  -9.709252E-08  -3.322599E-01  -2.991313E-05   2.180061E+00  -2.474132E-05
           119      G     -4.153658E-05  -3.541428E-05  -2.317205E-04   2.530741E-04  -1.659680E-04   2.431620E-03
           120      G     -4.153658E-05   2.947957E-05  -2.272912E-04   2.530741E-04  -1.659680E-04   2.431620E-03
           121      G     -1.110063E-04   1.992823E-04  -2.351857E-04   1.193755E-04  -1.259811E-04  -1.325107E-02
           122      G     -4.345192E-03   1.668623E-03  -1.090009E-02  -6.155601E-02   6.459411E-01   2.386424E-01
           123      G     -1.110063E-04  -1.709195E-04  -2.316661E-04   1.193755E-04  -1.259811E-04  -1.325107E-02
           124      G     -2.800921E-03  -6.369713E-05  -1.096009E-01   1.868277E+00   4.325447E+00  -4.818352E-02
           125      G     -5.511560E-03   2.508799E-06  -1.566388E-02  -5.538275E-05   8.590793E-01   1.181104E-04
           126      G     -6.300796E-03   1.324953E-06  -1.431068E-01  -1.480297E-04   4.550582E+00  -7.725101E-05
           127      G      1.930460E-03  -3.164495E-04  -2.053039E-01  -3.160951E+00  -1.902534E+00  -6.701201E-02
           128      G      9.451014E-04   5.731990E-04  -2.708220E-01  -4.619677E+00  -1.625538E+00  -7.704317E-03
           129      G      1.442356E-06  -1.126205E-03  -2.922492E-01  -4.522640E+00  -3.023520E-05  -2.083851E-05
           130      G      4.403523E-05   3.096682E-05  -2.305789E-04  -2.502268E-04   1.691449E-04   2.195807E-03
           131      G      4.403523E-05  -2.763377E-05  -2.260648E-04  -2.502268E-04   1.691449E-04   2.195807E-03
           132      G      8.075933E-07   4.095405E-04  -2.223419E-03   2.188033E-02  -5.150214E-05   5.884505E-05
           133      G      1.121610E-04  -1.973120E-04  -2.343561E-04  -1.277156E-04   1.259132E-04  -1.331804E-02
1                                                       **STUDENT EDITION*    APRIL  17, 2026  MSC Nastran  3/ 3/26   PAGE    42
     DEFAULT                                                                                                                        
0                                                                                                            SUBCASE 1              
      EIGENVALUE =  2.368655E+06
          CYCLES =  2.449464E+02         R E A L   E I G E N V E C T O R   N O .          4
 
      POINT ID.   TYPE          T1             T2             T3             R1             R2             R3
           134      G      4.348965E-03  -1.660985E-03  -1.088749E-02   6.192502E-02  -6.463428E-01   2.394988E-01
           135      G      1.121610E-04   1.747609E-04  -2.308384E-04  -1.277156E-04   1.259132E-04  -1.331804E-02
           136      G      2.804470E-03   6.624859E-05  -1.095974E-01  -1.868006E+00  -4.325801E+00  -4.813973E-02
           137      G     -1.927591E-03  -3.161663E-04  -2.053010E-01  -3.161483E+00   1.902661E+00   6.705064E-02
           138      G     -9.418294E-04   5.744307E-04  -2.708214E-01  -4.619936E+00   1.625485E+00   7.699183E-03
           139      G     -4.180823E-05   3.752984E-05  -2.308474E-04  -2.553677E-04  -1.691574E-04  -2.501975E-03
           140      G     -4.180823E-05  -2.924162E-05  -2.263330E-04  -2.553677E-04  -1.691574E-04  -2.501975E-03
           141      G     -1.117279E-04  -1.983802E-04  -2.342201E-04  -1.217229E-04  -1.273325E-04   1.328687E-02
           142      G     -4.345727E-03  -1.664259E-03  -1.089441E-02   6.162057E-02   6.458212E-01  -2.383045E-01
           143      G     -1.117279E-04   1.728218E-04  -2.306627E-04  -1.217229E-04  -1.273325E-04   1.328687E-02
           144      G     -2.801691E-03   6.591309E-05  -1.095939E-01  -1.868141E+00   4.325492E+00   4.815119E-02
           200      G      1.172761E-04   1.982003E-04  -2.357929E-04   1.280499E-04   1.196786E-04   1.375253E-02
           201      G      1.172761E-04  -1.860111E-04  -2.324494E-04   1.280499E-04   1.196786E-04   1.375253E-02
           202      G      4.825248E-05  -4.444569E-05  -2.324276E-04   2.575680E-04   1.699644E-04  -2.413231E-03
           203      G      4.825248E-05   1.995741E-05  -2.278916E-04   2.575680E-04   1.699644E-04  -2.413231E-03
           204      G      3.839180E-06  -1.841731E-04  -2.804756E-03   7.661877E-03   3.029150E-04  -1.229930E-04
           205      G      3.479149E-03   2.459557E-04  -1.105824E-02  -2.130972E-02  -5.403925E-01   8.503980E-03
           206      G      4.263791E-03   3.852859E-05  -1.561639E-02   6.806607E-03  -7.110016E-01   1.471669E-02
           207      G     -1.149747E-04   1.955220E-04  -2.351857E-04   1.193755E-04  -1.259811E-04  -1.325107E-02
           208      G     -1.149747E-04  -1.746798E-04  -2.316661E-04   1.193755E-04  -1.259811E-04  -1.325107E-02
           209      G     -4.676457E-05  -4.338611E-05  -2.317205E-04   2.530741E-04  -1.659680E-04   2.431620E-03
           210      G     -4.676457E-05   2.150774E-05  -2.272912E-04   2.530741E-04  -1.659680E-04   2.431620E-03
           211      G     -3.418533E-03   2.397074E-04  -1.108585E-02  -1.104574E-01   5.320735E-01  -1.424748E-02
           212      G     -4.263186E-03   9.278915E-06  -1.560122E-02   3.830809E-04   6.989672E-01   3.758354E-04
           213      G      1.161272E-04  -1.932889E-04  -2.343561E-04  -1.277156E-04   1.259132E-04  -1.331804E-02
           214      G      1.161272E-04   1.787839E-04  -2.308384E-04  -1.277156E-04   1.259132E-04  -1.331804E-02
           215      G      4.936330E-05   3.884897E-05  -2.305789E-04  -2.502268E-04   1.691449E-04   2.195807E-03
           216      G      4.936330E-05  -1.975162E-05  -2.260648E-04  -2.502268E-04   1.691449E-04   2.195807E-03
           217      G      2.504350E-06   1.857844E-04  -2.774619E-03  -7.204282E-03  -5.495719E-04  -2.089848E-04
           218      G      3.523725E-03  -2.361818E-04  -1.108293E-02   1.077401E-01  -5.489153E-01  -7.263416E-03
           219      G     -1.157388E-04  -1.945459E-04  -2.342201E-04  -1.217229E-04  -1.273325E-04   1.328687E-02
           220      G     -1.157388E-04   1.766561E-04  -2.306627E-04  -1.217229E-04  -1.273325E-04   1.328687E-02
           221      G     -4.713669E-05   4.557393E-05  -2.308474E-04  -2.553677E-04  -1.691574E-04  -2.501975E-03
           222      G     -4.713669E-05  -2.119753E-05  -2.263330E-04  -2.553677E-04  -1.691574E-04  -2.501975E-03
           223      G     -3.420525E-03  -2.241652E-04  -1.108094E-02   1.112640E-01   5.309511E-01   1.547721E-02
           224      G      1.544646E-03   3.548586E-04  -1.918525E-01   2.959194E+00  -1.766017E+00   5.692549E-02
           225      G      3.836585E-03   6.810094E-06  -2.309376E-01   2.321651E-03  -6.478193E-01   3.066939E-04
           226      G      7.556895E-04  -4.446817E-04  -2.534950E-01   4.324373E+00  -1.555003E+00   6.271712E-03
           227      G      2.358932E-03   1.254426E-06  -3.103394E-01   5.749930E-04  -2.069999E+00  -5.656684E-06
           228      G      3.353329E-05   1.123633E-03  -2.746279E-01   4.217621E+00  -8.585219E-03   6.880110E-04
           229      G      5.399904E-05   2.321557E-06  -3.361228E-01   3.469654E-04  -1.080253E-02   2.415827E-05
           230      G      2.241649E-03  -1.574384E-05  -1.024925E-01   1.749775E+00  -4.018689E+00   2.830794E-02
           231      G      5.139239E-03   1.527783E-07  -1.334061E-01   1.270006E-02  -4.171273E+00  -2.708525E-03
           232      G     -1.451993E-03   4.032381E-04  -1.933888E-01   2.995282E+00   1.784201E+00  -5.613284E-02
           233      G     -3.756349E-03   2.542358E-06  -2.338546E-01  -2.510762E-04   6.284932E-01  -3.392346E-05
           234      G     -6.825397E-04  -4.459823E-04  -2.544737E-01   4.345958E+00   1.512366E+00  -6.134389E-03
           235      G     -2.256169E-03   1.310391E-06  -3.119393E-01  -7.137776E-05   2.014341E+00  -1.973420E-05
           236      G     -2.264556E-03  -2.920039E-05  -1.035613E-01   1.749403E+00   4.163313E+00  -2.487214E-02
           237      G     -4.631536E-03   4.378270E-06  -1.356221E-01  -3.494084E-04   4.600973E+00  -2.333938E-04
           238      G      1.559520E-03  -3.481695E-04  -1.918897E-01  -2.934933E+00  -1.759877E+00  -5.695957E-02
1                                                       **STUDENT EDITION*    APRIL  17, 2026  MSC Nastran  3/ 3/26   PAGE    43
     DEFAULT                                                                                                                        
0                                                                                                            SUBCASE 1              
      EIGENVALUE =  2.368655E+06
          CYCLES =  2.449464E+02         R E A L   E I G E N V E C T O R   N O .          4
 
      POINT ID.   TYPE          T1             T2             T3             R1             R2             R3
           239      G      7.645595E-04   4.476592E-04  -2.534824E-01  -4.309745E+00  -1.556295E+00  -6.239756E-03
           240      G      3.812609E-05  -1.119664E-03  -2.746063E-01  -4.212358E+00  -8.155124E-03  -6.490089E-04
           241      G      2.269706E-03   3.168578E-05  -1.026665E-01  -1.707200E+00  -4.018106E+00  -2.828703E-02
           242      G     -1.452684E-03  -3.991531E-04  -1.933723E-01  -2.993122E+00   1.784523E+00   5.615656E-02
           243      G     -6.811102E-04   4.491780E-04  -2.544590E-01  -4.342024E+00   1.512048E+00   6.131134E-03
           244      G     -2.266752E-03   3.575138E-05  -1.035408E-01  -1.747668E+00   4.163281E+00   2.476516E-02
           300      G      8.580094E-04   1.028520E-04  -1.969600E-03   2.352600E-02  -5.295400E-02   6.852900E-02
           301      G      3.762842E-04  -4.135472E-04  -3.640057E-03  -8.462476E-02  -4.410065E-02  -9.189063E-03
           302      G      7.235758E-05  -2.971251E-05  -3.834881E-03   2.756186E-03   2.676867E-03  -2.113782E-02
           303      G      9.196293E-04   6.506908E-04  -1.996275E-03   7.753851E-02  -7.784372E-02  -1.015579E-02
           304      G      8.648969E-04   2.875990E-04  -1.637685E-03   1.103589E-01   2.444683E-02   1.891277E-03
           305      G      5.117184E-04   4.051083E-04  -1.131072E-02   2.405112E-01  -7.302202E-03  -4.601441E-02
           306      G      3.609675E-04   7.128219E-05  -1.605225E-02   1.910540E-02   1.657030E-02   1.483606E-02
           307      G     -8.852533E-04   1.512213E-04  -1.972551E-03   2.895611E-02   5.378196E-02  -8.072098E-02
           308      G     -3.038782E-04  -4.149560E-04  -3.673684E-03  -8.826868E-02   4.189193E-02   5.739805E-03
           309      G     -9.881458E-04   7.543214E-04  -1.999531E-03   5.471909E-02   1.181609E-01   1.347944E-02
           310      G     -9.016314E-04   3.126027E-04  -1.635113E-03   1.209501E-01  -3.570439E-02   2.692901E-03
           311      G     -5.344126E-04   4.309387E-04  -1.134753E-02   2.648545E-01   8.151060E-03   6.184986E-02
           312      G     -3.749049E-04   2.858881E-05  -1.605462E-02  -3.767820E-06  -1.645205E-02   5.502208E-05
           313      G      9.195988E-04  -1.049646E-04  -1.961728E-03  -2.737933E-02  -5.367265E-02  -7.861085E-02
           314      G      3.561848E-04   4.562139E-04  -3.652829E-03   8.957647E-02  -4.321079E-02   9.720590E-03
           315      G     -5.052458E-07   3.795619E-05  -3.792970E-03  -6.137082E-03  -3.784060E-05   1.175949E-04
           316      G      1.011018E-03  -6.842835E-04  -1.988682E-03  -5.463327E-02  -1.180864E-01   1.557244E-02
           317      G      9.278668E-04  -2.563065E-04  -1.629271E-03  -1.206172E-01   3.538632E-02   4.119320E-03
           318      G      5.465818E-04  -3.500947E-04  -1.134884E-02  -2.688154E-01  -1.057221E-02   6.695498E-02
           319      G     -9.183281E-04  -1.061941E-04  -1.962382E-03  -2.822772E-02   5.357940E-02   7.883948E-02
           320      G     -3.563248E-04   4.576350E-04  -3.653033E-03   8.943114E-02   4.292190E-02  -9.550406E-03
           321      G     -1.009110E-03  -7.003327E-04  -1.987437E-03  -5.576152E-02   1.176781E-01  -1.414670E-02
           322      G     -9.248602E-04  -2.627847E-04  -1.627731E-03  -1.205903E-01  -3.522322E-02  -3.885377E-03
           323      G     -5.484811E-04  -3.758397E-04  -1.134596E-02  -2.646610E-01   9.170568E-03  -6.200630E-02
           324      G      3.406140E-04  -1.389216E-05   1.033570E-02  -2.322338E-01   2.839472E-01  -2.724055E-02
           325      G      8.397006E-05   1.112519E-06   1.545086E-02  -1.245800E-03   3.673196E-02   4.130421E-04
           326      G      2.308116E-04   5.485383E-05   1.918125E-02  -4.261273E-01   2.104879E-01  -5.699580E-04
           327      G     -8.600229E-05   2.104005E-06   2.774203E-02  -1.233661E-04   4.217147E-01  -8.225799E-05
           328      G     -1.198370E-05  -2.407987E-04   2.308579E-02  -5.743109E-01  -2.669527E-03   3.577703E-03
           329      G     -1.225098E-05   4.717863E-06   3.586079E-02  -1.108380E-03   6.746464E-04  -4.593339E-04
           330      G      5.213333E-04   1.620030E-04  -1.911224E-03  -1.426081E-02   4.136994E-01  -9.546712E-04
           331      G      5.813841E-05   1.106163E-05  -5.511948E-04   4.316493E-03   6.114647E-01  -2.171142E-03
           332      G     -3.522162E-04   1.741574E-05   1.027196E-02  -2.346487E-01  -2.972304E-01   3.001490E-02
           333      G     -1.068007E-04   2.072759E-05   1.550075E-02   2.440777E-04  -3.552631E-02  -2.235449E-04
           334      G     -2.473727E-04   9.096650E-05   1.918398E-02  -4.242718E-01  -2.041561E-01  -2.823125E-04
           335      G      6.254179E-05   1.330413E-05   2.776202E-02  -4.879326E-04  -4.210830E-01  -2.432930E-04
           336      G     -5.530330E-04   1.970793E-04  -2.012527E-03  -1.674497E-02  -4.034947E-01   1.121957E-03
           337      G     -7.458989E-05   2.546967E-05  -4.804245E-04   4.888446E-04  -6.129654E-01  -1.731528E-04
           338      G      3.592149E-04   2.183933E-05   1.037014E-02   2.362950E-01   2.959298E-01   3.034443E-02
           339      G      2.432441E-04  -6.312860E-05   1.927357E-02   4.251878E-01   2.040791E-01   3.581219E-04
           340      G     -6.928059E-06   2.588485E-04   2.313761E-02   5.776684E-01  -1.053760E-04   2.694672E-04
           341      G      5.658026E-04  -1.385401E-04  -1.974772E-03   1.669992E-02   4.086561E-01   1.743019E-03
           342      G     -3.678685E-04   2.792158E-05   1.030443E-02   2.349280E-01  -2.976091E-01  -3.005226E-02
           343      G     -2.561519E-04  -5.809737E-05   1.925089E-02   4.248650E-01  -2.056037E-01  -2.791190E-04
1                                                       **STUDENT EDITION*    APRIL  17, 2026  MSC Nastran  3/ 3/26   PAGE    44
     DEFAULT                                                                                                                        
0                                                                                                            SUBCASE 1              
      EIGENVALUE =  2.368655E+06
          CYCLES =  2.449464E+02         R E A L   E I G E N V E C T O R   N O .          4
 
      POINT ID.   TYPE          T1             T2             T3             R1             R2             R3
           344      G     -5.688295E-04  -1.458906E-04  -2.004142E-03   1.641987E-02  -4.047926E-01  -1.344754E-03
           400      G      1.796686E-03   9.734904E-03  -4.929846E-03   1.583326E+00  -2.057363E-01  -3.989725E-01
           401      G      1.539601E-03   2.791697E-02  -6.817865E-03   4.127366E+00   2.726951E-01  -3.038909E-02
           402      G      8.704132E-06   1.223036E-02  -7.809372E-03   2.099642E+00  -1.012592E-03  -9.804601E-04
           403      G      6.632635E-04   3.443711E-04  -1.683374E-03   1.762481E-01   7.374235E-03   8.469349E-02
           404      G      2.339581E-03  -2.352098E-03  -2.246402E-03   2.178850E-01   8.971767E-01  -1.078452E-01
           405      G      2.530355E-02   1.070139E-03  -1.463738E-02  -2.178309E+00  -3.949291E+00   5.354681E-01
           406      G      3.072592E-02   4.247035E-05  -2.074799E-02  -5.543349E-04  -5.107236E+00   1.333238E-03
           407      G     -1.777612E-03   9.743542E-03  -4.951140E-03   1.584010E+00   2.058615E-01   3.991170E-01
           408      G     -1.519168E-03   2.792105E-02  -6.853234E-03   4.127681E+00  -2.727912E-01   2.958338E-02
           409      G     -6.495289E-04   3.696100E-04  -1.683769E-03   1.818944E-01  -1.084856E-02  -8.272264E-02
           410      G     -2.331739E-03  -2.340567E-03  -2.254386E-03   2.181442E-01  -8.955930E-01   1.058876E-01
           411      G     -2.529755E-02   1.086549E-03  -1.467797E-02  -2.179904E+00   3.949766E+00  -5.341464E-01
           412      G     -3.072285E-02   5.012453E-05  -2.076198E-02  -3.049772E-04   5.107639E+00   2.249052E-04
           413      G      1.787226E-03  -9.595463E-03  -4.933018E-03  -1.582712E+00  -2.059283E-01   3.984174E-01
           414      G      1.531651E-03  -2.774847E-02  -6.822122E-03  -4.123509E+00   2.738709E-01   2.830348E-02
           415      G      7.174582E-07  -1.198477E-02  -7.754143E-03  -2.086867E+00  -1.097022E-06   1.412144E-05
           416      G      6.540171E-04  -2.643900E-04  -1.672239E-03  -1.837373E-01   9.496833E-03  -8.278593E-02
           417      G      2.338987E-03   2.467187E-03  -2.242591E-03  -2.195419E-01   8.960315E-01   1.054018E-01
           418      G      2.530556E-02  -9.837400E-04  -1.467744E-02   2.180144E+00  -3.950083E+00  -5.343987E-01
           419      G     -1.784973E-03  -9.591792E-03  -4.931978E-03  -1.582703E+00   2.059549E-01  -3.983483E-01
           420      G     -1.530016E-03  -2.774698E-02  -6.821828E-03  -4.123578E+00  -2.738470E-01  -2.827247E-02
           421      G     -6.502994E-04  -2.673239E-04  -1.667577E-03  -1.839628E-01  -9.000827E-03   8.303248E-02
           422      G     -2.336074E-03   2.467189E-03  -2.241141E-03  -2.201872E-01  -8.962124E-01  -1.052802E-01
           423      G     -2.530265E-02  -9.863885E-04  -1.467501E-02   2.179546E+00   3.950069E+00   5.344659E-01
           424      G      7.366768E-03   8.472577E-03  -1.450525E+00   2.239914E+01  -1.505792E+01   4.746557E-01
           425      G      2.697673E-02   7.082527E-05  -1.723912E+00   4.405432E-04  -4.591581E+00  -2.996245E-04
           426      G      3.487994E-03   4.346766E-03  -1.955925E+00   3.230994E+01  -1.193035E+01  -1.445695E-02
           427      G      1.638974E-02   8.103915E-05  -2.350700E+00  -6.130443E-04  -1.656929E+01  -3.843399E-04
           428      G      4.311298E-06   1.925930E-02  -2.109841E+00   3.409778E+01  -6.512351E-04   1.485235E-04
           429      G      1.956078E-06   9.011882E-05  -2.571522E+00   2.434946E-03   1.250133E-04  -7.101430E-05
           430      G      1.372026E-02   1.179222E-03  -7.270507E-01   1.246924E+01  -3.109281E+01   1.356458E-01
           431      G      3.696336E-02   5.608599E-05  -9.435090E-01   1.565577E-03  -3.272791E+01  -9.436724E-04
           432      G     -7.360318E-03   8.480191E-03  -1.450555E+00   2.239949E+01   1.505881E+01  -4.749359E-01
           433      G     -2.697325E-02   7.607564E-05  -1.723944E+00   6.357640E-04   4.591883E+00   2.703856E-04
           434      G     -3.480627E-03   4.350009E-03  -1.955959E+00   3.230972E+01   1.192966E+01   1.428962E-02
           435      G     -1.638577E-02   8.407803E-05  -2.350719E+00  -7.237608E-04   1.656862E+01   2.857060E-04
           436      G     -1.371252E-02   1.190894E-03  -7.270871E-01   1.247117E+01   3.109169E+01  -1.357562E-01
           437      G     -3.696094E-02   6.315814E-05  -9.435381E-01  -1.171568E-04   3.272855E+01   5.345008E-04
           438      G      7.368720E-03  -8.333320E-03  -1.450499E+00  -2.240092E+01  -1.505628E+01  -4.745629E-01
           439      G      3.491356E-03  -4.173385E-03  -1.955835E+00  -3.231282E+01  -1.192713E+01   1.401386E-02
           440      G      8.791974E-07  -1.907769E-02  -2.109686E+00  -3.411056E+01  -2.583984E-07  -1.081517E-05
           441      G      1.371938E-02  -1.067192E-03  -7.270784E-01  -1.247155E+01  -3.109085E+01  -1.361223E-01
           442      G     -7.367186E-03  -8.329726E-03  -1.450513E+00  -2.240176E+01   1.505673E+01   4.745266E-01
           443      G     -3.489622E-03  -4.171004E-03  -1.955844E+00  -3.231317E+01   1.192671E+01  -1.406112E-02
           444      G     -1.371747E-02  -1.063542E-03  -7.270788E-01  -1.247120E+01   3.109133E+01   1.361810E-01
           445      G      7.856257E-04  -3.485057E-03  -2.217141E-03   1.647086E-01  -1.033072E-01   9.797598E-02
           446      G      3.066033E-05  -8.988779E-04  -2.585073E-03   2.997459E-01   1.651075E-02  -1.117002E-01
           447      G     -1.077968E-05  -2.095956E-04  -4.243979E-03   4.305446E-01  -1.263069E-01   3.220335E-03
           448      G     -1.933603E-04   1.346280E-04  -6.948818E-03   9.934641E-02  -4.791147E-02  -4.624673E-02
1                                                       **STUDENT EDITION*    APRIL  17, 2026  MSC Nastran  3/ 3/26   PAGE    45
     DEFAULT                                                                                                                        
0                                                                                                            SUBCASE 1              
      EIGENVALUE =  2.368655E+06
          CYCLES =  2.449464E+02         R E A L   E I G E N V E C T O R   N O .          4
 
      POINT ID.   TYPE          T1             T2             T3             R1             R2             R3
           449      G      4.298473E-06  -1.408014E-04  -7.015559E-03   4.999331E-01  -4.622997E-04  -4.164760E-04
           450      G     -1.161262E-03  -2.748742E-03  -1.275269E-02   2.975533E-01  -7.704492E-01   1.670666E-01
           451      G     -1.817258E-03   4.134684E-05  -1.823254E-02   8.455119E-04  -9.712074E-01   6.145500E-04
           452      G     -7.699081E-04  -3.482963E-03  -2.219493E-03   1.640789E-01   1.039956E-01  -9.846538E-02
           453      G     -1.186435E-05  -8.943108E-04  -2.595718E-03   2.998935E-01  -1.617625E-02   1.122398E-01
           454      G      2.717437E-05  -2.073210E-04  -4.267680E-03   4.309312E-01   1.266494E-01  -3.072911E-03
           455      G      2.053398E-04   1.353209E-04  -6.970200E-03   9.942518E-02   4.737853E-02   4.598472E-02
           456      G      1.174331E-03  -2.740542E-03  -1.278759E-02   2.981476E-01   7.696925E-01  -1.667626E-01
           457      G      1.827304E-03   5.323067E-05  -1.825016E-02   2.285520E-05   9.710995E-01  -8.744861E-05
           458      G      7.815786E-04   3.584865E-03  -2.209495E-03  -1.634638E-01  -1.035316E-01  -9.862734E-02
           459      G      2.310656E-05   9.934708E-04  -2.581261E-03  -2.987348E-01   1.620593E-02   1.123694E-01
           460      G     -1.473016E-05   3.053252E-04  -4.247607E-03  -4.295561E-01  -1.261683E-01  -3.273480E-03
           461      G     -1.935643E-04  -3.779783E-05  -6.934914E-03  -9.809399E-02  -4.697112E-02   4.557251E-02
           462      G      1.676872E-06   2.390704E-04  -6.984803E-03  -4.994520E-01  -1.704606E-05  -3.391584E-05
           463      G     -1.164841E-03   2.839325E-03  -1.278305E-02  -2.983135E-01  -7.693734E-01  -1.666773E-01
           464      G     -7.770509E-04   3.591254E-03  -2.204099E-03  -1.636392E-01   1.035573E-01   9.841835E-02
           465      G     -1.907366E-05   9.997174E-04  -2.578735E-03  -2.984271E-01  -1.603513E-02  -1.124050E-01
           466      G      1.833591E-05   3.099298E-04  -4.246270E-03  -4.291499E-01   1.261948E-01   3.235306E-03
           467      G      1.970075E-04  -3.529539E-05  -6.934271E-03  -9.767905E-02   4.696730E-02  -4.563667E-02
           468      G      1.171192E-03   2.848191E-03  -1.278300E-02  -2.984886E-01   7.695088E-01   1.667044E-01
           469      G     -3.632984E-04  -2.479374E-03  -6.735467E-03   1.867117E-01  -4.228550E-01  -1.088808E-01
           470      G     -3.004376E-04  -9.504540E-04  -1.296176E-02   5.614447E-01  -4.700386E-02  -1.102164E-02
           471      G     -2.626847E-04  -2.897475E-05  -8.847176E-03   2.522194E-02   1.915387E-01  -2.194321E-02
           472      G     -9.403206E-05   1.405559E-04  -1.466111E-03  -4.634715E-01   1.508482E-01   3.718589E-03
           473      G      6.629089E-06   2.075882E-04   6.138486E-04  -8.083636E-01   4.746307E-04   9.146170E-05
           474      G     -8.293048E-04  -5.085259E-04  -2.209797E-02   2.555241E-01   9.516983E-02  -5.923025E-02
           475      G     -5.171559E-04  -1.381698E-05  -6.586012E-03  -1.179565E-01   6.868395E-01  -1.000125E-02
           476      G     -2.244598E-04   2.037049E-04   1.597508E-02  -8.284958E-01   6.096143E-01  -8.680129E-03
           477      G      6.667131E-06   2.588737E-04   2.590041E-02  -1.131251E+00   2.290682E-03  -5.317759E-05
           478      G     -1.072254E-03  -1.018003E-03  -1.695716E-02   1.079584E-01  -8.318842E-01  -4.615333E-02
           479      G     -1.258712E-03  -3.587369E-04  -2.637348E-02   1.864663E-01   1.334612E-01  -8.336129E-03
           480      G     -6.989599E-04   5.298214E-05  -2.459010E-03  -1.555343E-01   1.120491E+00  -8.673536E-03
           481      G     -3.004347E-04   1.441027E-04   3.301661E-02  -5.618345E-01   1.003348E+00  -5.284710E-03
           482      G     -1.226116E-03   4.704501E-05  -2.783908E-02  -1.059690E-04   2.991493E-01  -2.059921E-04
           483      G     -7.665754E-04   4.806367E-05  -2.311575E-04  -6.048553E-04   1.172779E+00  -1.115744E-05
           484      G     -3.324674E-04   4.887406E-05   3.973785E-02  -1.413018E-03   1.242020E+00  -3.447781E-05
           485      G      6.312890E-06   1.935996E-04   4.950286E-02  -8.291512E-01   3.993194E-03  -3.113855E-05
           486      G      5.744175E-06   4.950458E-05   5.956185E-02  -1.928794E-03   5.043601E-03  -3.449683E-05
           487      G      3.781954E-04  -2.474066E-03  -6.747401E-03   1.878990E-01   4.228483E-01   1.089796E-01
           488      G      3.153603E-04  -9.457172E-04  -1.294516E-02   5.596281E-01   4.664535E-02   1.083546E-02
           489      G      2.767809E-04  -2.665961E-05  -8.811614E-03   2.103401E-02  -1.917045E-01   2.184242E-02
           490      G      1.073743E-04   1.410598E-04  -1.436220E-03  -4.668983E-01  -1.504085E-01  -3.705716E-03
           491      G      8.421584E-04  -5.035030E-04  -2.202922E-02   2.532651E-01  -9.838062E-02   5.912429E-02
           492      G      5.300171E-04  -1.104775E-05  -6.429767E-03  -1.232971E-01  -6.878400E-01   9.944729E-03
           493      G      2.376261E-04   2.046792E-04   1.610294E-02  -8.328414E-01  -6.067638E-01   8.631855E-03
           494      G      1.083439E-03  -1.009203E-03  -1.698964E-02   1.073458E-01   8.310949E-01   4.593605E-02
           495      G      1.269835E-03  -3.528143E-04  -2.625309E-02   1.843013E-01  -1.386164E-01   8.273736E-03
           496      G      7.102651E-04   5.589835E-05  -2.200237E-03  -1.590978E-01  -1.122201E+00   8.583398E-03
           497      G      3.125793E-04   1.454037E-04   3.322976E-02  -5.649448E-01  -9.986028E-01   5.235485E-03
           498      G      1.234609E-03   5.267218E-05  -2.768901E-02  -6.844446E-04  -3.051716E-01  -2.876428E-05
1                                                       **STUDENT EDITION*    APRIL  17, 2026  MSC Nastran  3/ 3/26   PAGE    46
     DEFAULT                                                                                                                        
0                                                                                                            SUBCASE 1              
      EIGENVALUE =  2.368655E+06
          CYCLES =  2.449464E+02         R E A L   E I G E N V E C T O R   N O .          4
 
      POINT ID.   TYPE          T1             T2             T3             R1             R2             R3
           499      G      7.760643E-04   5.145886E-05   7.687914E-05  -1.561078E-03  -1.174465E+00  -4.705960E-05
           500      G      3.434144E-04   5.037229E-05   3.999288E-02  -2.047685E-03  -1.236923E+00  -3.799782E-05
           501      G     -3.679523E-04   2.574367E-03  -6.735905E-03  -1.881595E-01  -4.224950E-01   1.090563E-01
           502      G     -3.053413E-04   1.045241E-03  -1.294948E-02  -5.616334E-01  -4.676604E-02   1.086089E-02
           503      G     -2.666752E-04   1.253000E-04  -8.821237E-03  -2.436567E-02   1.924895E-01   2.192826E-02
           504      G     -9.771218E-05  -4.348536E-05  -1.409418E-03   4.649019E-01   1.518720E-01  -3.608747E-03
           505      G      2.809652E-06  -1.101897E-04   6.917024E-04   8.104107E-01   1.194795E-03  -1.785502E-05
           506      G     -8.331441E-04   6.029209E-04  -2.209481E-02  -2.560666E-01   9.623295E-02   5.911863E-02
           507      G     -5.206737E-04   1.099536E-04  -6.546543E-03   1.180672E-01   6.882919E-01   9.956430E-03
           508      G     -2.275753E-04  -1.064579E-04   1.605542E-02   8.285678E-01   6.109771E-01   8.623257E-03
           509      G      3.797588E-06  -1.606664E-04   2.601054E-02   1.131440E+00   3.110337E-03  -1.802282E-05
           510      G     -1.073889E-03   1.107220E-03  -1.698500E-02  -1.070011E-01  -8.313114E-01   4.578216E-02
           511      G     -1.261277E-03   4.518588E-04  -2.637475E-02  -1.860729E-01   1.343578E-01   8.288681E-03
           512      G     -7.009369E-04   4.338302E-05  -2.430943E-03   1.545412E-01   1.121626E+00   8.572870E-03
           513      G     -3.021673E-04  -4.657141E-05   3.307508E-02   5.599404E-01   1.004343E+00   5.221894E-03
           514      G      4.785433E-06  -9.479174E-05   4.958278E-02   8.264563E-01   4.514128E-03  -3.262087E-05
           515      G      3.730073E-04   2.582054E-03  -6.732828E-03  -1.882543E-01   4.224716E-01  -1.090941E-01
           516      G      3.100170E-04   1.051233E-03  -1.290276E-02  -5.591719E-01   4.545469E-02  -1.092240E-02
           517      G      2.716989E-04   1.293294E-04  -8.736075E-03  -1.926491E-02  -1.927572E-01  -2.199854E-02
           518      G      1.031225E-04  -4.144371E-05  -1.342381E-03   4.689289E-01  -1.503762E-01   3.525733E-03
           519      G      8.389672E-04   6.088437E-04  -2.198479E-02  -2.536026E-01  -1.003111E-01  -5.922044E-02
           520      G      5.270738E-04   1.137240E-04  -6.333255E-03   1.230182E-01  -6.892626E-01  -1.003000E-02
           521      G      2.348297E-04  -1.046360E-04   1.622462E-02   8.326258E-01  -6.069769E-01  -8.692915E-03
           522      G      1.081968E-03   1.116401E-03  -1.698909E-02  -1.074215E-01   8.309268E-01  -4.598832E-02
           523      G      1.268397E-03   4.580495E-04  -2.622437E-02  -1.852932E-01  -1.399246E-01  -8.343117E-03
           524      G      7.088308E-04   4.695979E-05  -2.134484E-03   1.567776E-01  -1.123251E+00  -8.654367E-03
           525      G      3.111651E-04  -4.486992E-05   3.331471E-02   5.620195E-01  -9.988512E-01  -5.308085E-03
          1000      G      1.309396E-06  -1.922336E-04  -2.161139E-03  -2.222108E-02   3.869693E-05   3.400658E-04
          1001      G     -9.116511E-05   3.742087E-05  -2.452124E-04   6.898303E-04   1.857722E-04  -6.517539E-02
          1002      G     -1.897503E-04  -1.973137E-05  -2.418267E-04   3.832948E-04   1.847052E-04  -1.143504E-01
          1003      G      5.630851E-07   9.531378E-05  -1.856688E-01   7.164366E+00   2.068212E-05  -1.756881E-05
          1004      G     -2.173546E-04   9.710810E-05  -1.666248E-01   6.151693E+00  -1.008233E+00  -2.694282E-03
          1005      G     -3.515956E-04   8.439685E-05  -1.282236E-01   4.840333E+00  -1.821997E+00  -6.580341E-03
          1006      G      2.926916E-08  -1.689144E-07  -3.587597E-01  -5.756023E-05  -1.696699E-04  -2.124876E-05
          1007      G     -5.149597E-04  -8.263832E-07  -3.112598E-01   4.454802E-05  -3.367719E+00  -1.488534E-05
          1008      G     -1.227944E-03  -1.057978E-06  -2.478208E-01   1.294143E-04  -7.181513E-01  -1.696961E-05
          1009      G     -1.325008E-04  -4.094157E-05  -2.329380E-04   3.711270E-05   2.784318E-04  -1.408734E-01
          1010      G      1.632039E-04   1.052026E-04  -2.265584E-04   2.088254E-04   1.138268E-04   2.232831E-02
          1011      G     -6.084518E-04   7.283807E-05  -6.633702E-02   2.404023E+00  -2.626267E+00  -9.478547E-03
          1012      G     -8.779526E-04  -1.957799E-04  -1.347742E-02  -6.250213E-02  -6.467026E-01   1.424713E+00
          1013      G     -1.240714E-03  -1.700772E-06  -1.338546E-01   3.054781E-05  -7.016890E+00  -2.741659E-05
          1014      G     -1.426763E-03  -2.217625E-06  -1.912989E-02   7.537852E-05  -8.597244E-01   2.381086E-03
          1015      G      9.373144E-05   3.887032E-05  -2.445936E-04   6.853216E-04  -1.817759E-04   6.574134E-02
          1016      G      1.918975E-04  -1.862125E-05  -2.411010E-04   3.782023E-04  -1.807081E-04   1.147071E-01
          1017      G      2.185665E-04   9.814777E-05  -1.666262E-01   6.151781E+00   1.008070E+00   2.644888E-03
          1018      G      3.525907E-04   8.786767E-05  -1.282280E-01   4.840552E+00   1.821906E+00   6.555194E-03
          1019      G      5.147660E-04   4.517442E-07  -3.112564E-01  -4.028258E-05   3.368213E+00  -1.907869E-05
          1020      G      1.228244E-03   8.916428E-07  -2.478146E-01  -5.653669E-05   7.177854E-01  -1.641837E-05
          1021      G      1.330637E-04  -3.145555E-05  -2.321129E-04   3.068981E-05  -2.836565E-04   1.392925E-01
          1022      G     -1.603374E-04   1.032771E-04  -2.258867E-04   1.990903E-04  -1.212155E-04  -2.248617E-02
1                                                       **STUDENT EDITION*    APRIL  17, 2026  MSC Nastran  3/ 3/26   PAGE    47
     DEFAULT                                                                                                                        
0                                                                                                            SUBCASE 1              
      EIGENVALUE =  2.368655E+06
          CYCLES =  2.449464E+02         R E A L   E I G E N V E C T O R   N O .          4
 
      POINT ID.   TYPE          T1             T2             T3             R1             R2             R3
          1023      G      6.109044E-04   7.533543E-05  -6.634488E-02   2.404457E+00   2.626075E+00   9.466479E-03
          1024      G      8.805109E-04  -1.913107E-04  -1.349428E-02  -6.165639E-02   6.461163E-01  -1.416007E+00
          1025      G      1.240877E-03   1.339697E-06  -1.338497E-01  -1.075576E-04   7.017037E+00  -1.875132E-05
          1026      G      1.426787E-03   1.863180E-06  -1.912878E-02  -5.539994E-05   8.592502E-01  -6.649531E-04
          1027      G     -1.513209E-06   1.926308E-04  -2.142354E-03   2.185986E-02  -5.150983E-05   8.893930E-04
          1028      G     -9.424850E-05  -3.722155E-05  -2.433389E-04  -6.817617E-04   1.851137E-04   6.749364E-02
          1029      G     -1.925346E-04   1.452179E-05  -2.399507E-04  -3.768151E-04   1.838435E-04   1.165191E-01
          1030      G     -9.813595E-07  -9.531375E-05  -1.856615E-01  -7.164622E+00   4.976562E-05  -2.238034E-05
          1031      G     -2.184463E-04  -9.863787E-05  -1.666256E-01  -6.151849E+00  -1.008110E+00   2.644568E-03
          1032      G     -3.529179E-04  -8.769065E-05  -1.282267E-01  -4.840625E+00  -1.821967E+00   6.548221E-03
          1033      G     -1.344439E-04   3.381970E-05  -2.313170E-04  -3.816265E-05   2.840014E-04   1.406794E-01
          1034      G      1.587901E-04  -1.039590E-04  -2.250896E-04  -2.073463E-04   1.211683E-04  -2.106481E-02
          1035      G     -6.111557E-04  -7.595612E-05  -6.634030E-02  -2.404299E+00  -2.626263E+00   9.457802E-03
          1036      G     -8.800621E-04   1.915668E-04  -1.348329E-02   6.202529E-02  -6.465182E-01  -1.414679E+00
          1037      G      9.098588E-05  -3.855767E-05  -2.436300E-04  -6.878070E-04  -1.851899E-04  -6.445089E-02
          1038      G      1.891364E-04   2.072565E-05  -2.402365E-04  -3.803721E-04  -1.839226E-04  -1.134085E-01
          1039      G      2.170441E-04  -9.725586E-05  -1.666238E-01  -6.151786E+00   1.008089E+00  -2.678309E-03
          1040      G      3.511417E-04  -8.609248E-05  -1.282244E-01  -4.840526E+00   1.821974E+00  -6.589182E-03
          1041      G      1.303474E-04   3.434360E-05  -2.311156E-04  -3.295092E-05  -2.850671E-04  -1.383434E-01
          1042      G      6.093414E-04  -7.264366E-05  -6.633891E-02  -2.404366E+00   2.626187E+00  -9.500763E-03
          1043      G      8.789960E-04   1.949191E-04  -1.348812E-02   6.172093E-02   6.459965E-01   1.415555E+00
          1044      G     -1.632177E-04  -1.001660E-04  -2.249242E-04  -2.015086E-04  -1.224916E-04   2.353411E-02
          2000      G     -2.822857E-06  -2.071990E-04  -2.839951E-03   7.667283E-03   3.028698E-04  -4.401010E-03
          2001      G     -7.056844E-05   2.813457E-05  -2.449189E-04   6.703160E-04   1.777644E-04  -5.754009E-02
          2002      G     -1.392759E-04  -2.988597E-05  -2.412249E-04   3.781643E-04   1.843697E-04  -9.183029E-02
          2003      G     -1.167984E-05   8.705563E-05  -1.746117E-01   6.676857E+00  -1.317506E-02  -1.857787E-04
          2004      G     -2.040790E-04   8.665296E-05  -1.557982E-01   5.745284E+00  -9.678476E-01  -2.879712E-03
          2005      G     -3.181390E-04   6.771093E-05  -1.196024E-01   4.514816E+00  -1.700531E+00  -6.857975E-03
          2006      G     -3.093461E-05  -3.104109E-07  -3.361163E-01   3.473359E-04  -1.080453E-02  -1.724826E-04
          2007      G     -5.117727E-04  -3.474081E-06  -2.906859E-01   1.691858E-03  -3.192953E+00  -2.316014E-04
          2008      G     -1.187202E-03  -1.130362E-05  -2.309315E-01   2.322617E-03  -6.480955E-01  -2.897360E-04
          2009      G     -5.529332E-05  -8.433169E-05  -2.328860E-04   4.773015E-05   2.681036E-04  -1.036758E-01
          2010      G      2.246219E-04   4.461594E-05  -2.270939E-04   2.054735E-04   1.134528E-04   5.087877E-02
          2011      G     -5.501358E-04   3.942771E-05  -6.182560E-02   2.244645E+00  -2.448014E+00  -1.037022E-02
          2012      G     -7.838420E-04  -2.931243E-04  -1.322943E-02  -2.143147E-02  -5.405765E-01   3.450638E-01
          2013      G     -1.182184E-03  -2.024178E-05  -1.246068E-01   1.216702E-02  -6.557015E+00  -2.682380E-04
          2014      G     -1.333154E-03  -2.611127E-05  -1.848728E-02   6.793330E-03  -7.111863E-01  -9.402833E-03
          2015      G      6.898950E-05   2.989971E-05  -2.443904E-04   6.684607E-04  -1.725306E-04   5.597320E-02
          2016      G      1.479101E-04  -2.796726E-05  -2.406362E-04   3.699208E-04  -1.800209E-04   9.535794E-02
          2017      G      1.801341E-04   8.813052E-05  -1.565742E-01   5.765919E+00   9.389061E-01   2.447469E-03
          2018      G      2.965449E-04   7.577831E-05  -1.209345E-01   4.551567E+00   1.695913E+00   6.220728E-03
          2019      G      4.518782E-04   2.731879E-06  -2.921925E-01   2.439428E-04   3.113999E+00  -1.422537E-04
          2020      G      1.116658E-03   4.586960E-06  -2.338478E-01  -2.509234E-04   6.287885E-01  -1.229730E-04
          2021      G      8.397886E-05  -5.842894E-05  -2.319926E-04   3.185621E-05  -2.798805E-04   1.166237E-01
          2022      G     -1.911342E-04   7.571346E-05  -2.269483E-04   2.066404E-04  -1.255213E-04  -3.513911E-02
          2023      G      5.293767E-04   5.700572E-05  -6.251983E-02   2.229613E+00   2.492323E+00   9.141967E-03
          2024      G      7.765078E-04  -2.230109E-04  -1.322394E-02  -1.105457E-01   5.322576E-01  -6.546505E-01
          2025      G      1.107829E-03   7.422239E-06  -1.260801E-01  -2.185175E-04   6.664837E+00  -1.236474E-04
          2026      G      1.241072E-03   1.034640E-05  -1.842398E-02   3.833989E-04   6.991726E-01   1.676616E-03
          2027      G     -3.043226E-05   2.051883E-04  -2.808034E-03  -7.209833E-03  -5.496763E-04   1.445532E-02
1                                                       **STUDENT EDITION*    APRIL  17, 2026  MSC Nastran  3/ 3/26   PAGE    48
     DEFAULT                                                                                                                        
0                                                                                                            SUBCASE 1              
      EIGENVALUE =  2.368655E+06
          CYCLES =  2.449464E+02         R E A L   E I G E N V E C T O R   N O .          4
 
      POINT ID.   TYPE          T1             T2             T3             R1             R2             R3
          2028      G     -1.042999E-04  -2.871311E-05  -2.429873E-04  -6.585481E-04   1.771077E-04   7.512986E-02
          2029      G     -1.819703E-04   2.308891E-05  -2.393348E-04  -3.664565E-04   1.827785E-04   1.138880E-01
          2030      G     -3.071823E-05  -8.652571E-05  -1.745794E-01  -6.665641E+00  -1.215855E-02  -5.968534E-05
          2031      G     -2.254948E-04  -9.172339E-05  -1.557874E-01  -5.726109E+00  -9.691627E-01   2.512199E-03
          2032      G     -3.397433E-04  -8.438969E-05  -1.196241E-01  -4.482435E+00  -1.695354E+00   6.334592E-03
          2033      G     -1.091115E-04   5.003434E-05  -2.311937E-04  -4.173403E-05   2.746152E-04   1.296845E-01
          2034      G      1.682038E-04  -9.568228E-05  -2.262974E-04  -2.175786E-04   1.202006E-04  -2.349452E-02
          2035      G     -5.710343E-04  -7.210058E-05  -6.198188E-02  -2.199875E+00  -2.445326E+00   9.526008E-03
          2036      G     -8.066768E-04   2.230092E-04  -1.328826E-02   1.078274E-01  -5.490981E-01  -6.490800E-01
          2037      G      4.491902E-05  -2.938055E-05  -2.434120E-04  -6.708683E-04  -1.761882E-04  -4.409824E-02
          2038      G      1.252180E-04   3.062436E-05  -2.397735E-04  -3.739385E-04  -1.835020E-04  -8.416987E-02
          2039      G      1.640870E-04  -8.502399E-05  -1.565536E-01  -5.758725E+00   9.380509E-01  -2.665193E-03
          2040      G      2.833760E-04  -6.772213E-05  -1.209138E-01  -4.546970E+00   1.696444E+00  -6.460896E-03
          2041      G      6.175048E-05   7.121962E-05  -2.309910E-04  -3.428305E-05  -2.813231E-04  -1.059412E-01
          2042      G     -2.126529E-04  -5.412622E-05  -2.259667E-04  -2.083681E-04  -1.272842E-04   4.543099E-02
          2043      G      5.180320E-04  -4.322911E-05  -6.249631E-02  -2.226950E+00   2.492178E+00  -9.399567E-03
          2044      G      7.655558E-04   2.436879E-04  -1.321454E-02   1.113529E-01   5.311352E-01   6.591834E-01
          3000      G     -3.894300E-07  -5.003875E-05  -3.845277E-03   2.738896E-03   2.676176E-03  -2.584201E-02
          3001      G      9.372360E-05   2.463395E-04  -3.300805E-03  -8.459955E-02  -4.410301E-02   4.315740E-02
          3002      G      1.884502E-04  -8.329245E-05  -2.063483E-03   2.351431E-02  -5.295688E-02  -1.925716E-01
          3003      G     -7.878703E-06   8.093965E-05   1.603938E-02  -8.415624E-01   6.185874E-04  -1.116281E-04
          3004      G      8.845250E-05  -6.056662E-06   1.316299E-02  -5.825676E-01   1.660851E-01  -5.646460E-04
          3005      G      1.466978E-04  -7.045036E-06   5.866216E-03  -3.689550E-01   3.478788E-01   9.531052E-04
          3006      G     -6.896230E-06   1.350968E-05   3.586091E-02  -1.108392E-03   6.746798E-04  -3.054521E-05
          3007      G      1.361627E-04   1.195409E-05   2.665143E-02   1.298024E-03   6.617742E-01  -2.716088E-05
          3008      G      3.618144E-04   1.105089E-05   1.545063E-02  -1.245741E-03   3.675041E-02   5.556824E-07
          3009      G      1.959265E-04  -1.545425E-04  -2.031060E-03   1.103594E-01   2.444502E-02  -4.338221E-01
          3010      G      1.884214E-04   1.414171E-04  -2.618327E-03   7.755551E-02  -7.785269E-02  -4.471242E-02
          3011      G      3.188242E-04  -1.734170E-05  -4.395301E-03  -6.867993E-02   3.775329E-01   9.866851E-04
          3012      G      4.436277E-04  -2.490730E-05  -1.133900E-02   2.405175E-01  -7.312043E-03  -6.941360E-01
          3013      G      3.853985E-04   1.299916E-05  -6.491646E-04  -2.795735E-03   1.010879E+00   2.733736E-05
          3014      G      4.803243E-04   1.144697E-05  -1.598459E-02   1.910402E-02   1.655127E-02  -6.078076E-02
          3015      G     -9.877829E-05   2.729282E-04  -3.319832E-03  -8.823969E-02   4.189373E-02  -6.962379E-02
          3016      G     -1.990698E-04  -7.793663E-05  -2.088101E-03   2.894397E-02   5.378602E-02   2.097609E-01
          3017      G     -1.002413E-04   1.611314E-06   1.318754E-02  -5.805147E-01  -1.640783E-01   4.208737E-04
          3018      G     -1.560230E-04   2.369569E-06   5.817407E-03  -3.720092E-01  -3.561494E-01  -9.873549E-04
          3019      G     -1.503046E-04   1.521743E-05   2.667442E-02   5.862355E-04  -6.613114E-01  -6.793394E-05
          3020      G     -3.751347E-04   1.877636E-05   1.550052E-02   2.440837E-04  -3.554453E-02  -7.949607E-05
          3021      G     -2.070516E-04  -1.558190E-04  -2.048576E-03   1.209489E-01  -3.570392E-02   4.868122E-01
          3022      G     -1.989200E-04   1.635038E-04  -2.691369E-03   5.473713E-02   1.181670E-01  -8.993098E-02
          3023      G     -3.322368E-04  -7.807515E-06  -4.419867E-03  -7.444193E-02  -3.697614E-01  -9.345527E-04
          3024      G     -4.594603E-04  -2.169388E-05  -1.137920E-02   2.648592E-01   8.161725E-03   7.636653E-01
          3025      G     -3.977725E-04   2.074925E-05  -5.689731E-04   5.829865E-04  -1.012611E+00  -7.193522E-05
          3026      G     -4.932609E-04   2.301609E-05  -1.598751E-02  -3.717659E-06  -1.643301E-02  -2.852667E-03
          3027      G     -8.854669E-06   8.479527E-05  -3.816895E-03  -6.118233E-03  -3.785117E-05   3.901605E-03
          3028      G      9.157851E-05  -2.420952E-04  -3.293764E-03   8.954748E-02  -4.321273E-02  -4.912049E-02
          3029      G      1.929706E-04   1.116466E-04  -2.070956E-03  -2.736684E-02  -5.367663E-02   2.282844E-01
          3030      G     -7.874608E-06  -5.670366E-05   1.607089E-02   8.437759E-01  -3.167803E-04  -4.208500E-05
          3031      G      8.776523E-05   2.874687E-05   1.322326E-02   5.788353E-01   1.641183E-01   5.412715E-04
          3032      G      1.451099E-04   3.018633E-05   5.896372E-03   3.723763E-01   3.518096E-01  -8.992674E-04
1                                                       **STUDENT EDITION*    APRIL  17, 2026  MSC Nastran  3/ 3/26   PAGE    49
     DEFAULT                                                                                                                        
0                                                                                                            SUBCASE 1              
      EIGENVALUE =  2.368655E+06
          CYCLES =  2.449464E+02         R E A L   E I G E N V E C T O R   N O .          4
 
      POINT ID.   TYPE          T1             T2             T3             R1             R2             R3
          3033      G      2.012378E-04   1.946064E-04  -2.042056E-03  -1.206164E-01   3.538583E-02   5.001535E-01
          3034      G      1.922978E-04  -1.242928E-04  -2.679861E-03  -5.465061E-02  -1.180925E-01  -7.697077E-02
          3035      G      3.227403E-04   4.278845E-05  -4.362139E-03   7.709548E-02   3.759199E-01  -8.256432E-04
          3036      G      4.522810E-04   6.138639E-05  -1.139024E-02  -2.688206E-01  -1.058262E-02   7.948420E-01
          3037      G     -1.090092E-04  -2.395205E-04  -3.294550E-03   8.940219E-02   4.292375E-02   5.643759E-02
          3038      G     -2.098430E-04   1.171361E-04  -2.075013E-03  -2.821545E-02   5.358338E-02  -2.198229E-01
          3039      G     -1.033378E-04   3.196077E-05   1.321631E-02   5.788846E-01  -1.640451E-01  -6.065893E-04
          3040      G     -1.604825E-04   3.501176E-05   5.835927E-03   3.712390E-01  -3.563594E-01   8.366132E-04
          3041      G     -2.177504E-04   1.984119E-04  -2.040712E-03  -1.205891E-01  -3.522278E-02  -4.899715E-01
          3042      G     -2.089269E-04  -1.160972E-04  -2.681514E-03  -5.577937E-02   1.176841E-01   8.318405E-02
          3043      G     -3.374102E-04   5.031011E-05  -4.420355E-03   7.354948E-02  -3.707826E-01   7.863481E-04
          3044      G     -4.653902E-04   6.766246E-05  -1.138170E-02  -2.646657E-01   9.181288E-03  -7.673005E-01
          4000      G      6.142084E-06  -4.117334E-03  -1.628692E-02   2.099749E+00  -1.012559E-03   3.714851E-03
          4001      G     -6.715962E-04  -4.520977E-03  -2.340912E-02   4.128848E+00   2.728064E-01  -2.153824E+00
          4002      G     -1.458470E-03  -2.590317E-03  -1.131763E-02   1.583777E+00  -2.058772E-01  -4.093564E-01
          4003      G      4.848606E-06  -1.533972E-03  -1.349986E+00   5.102621E+01  -5.083696E-04  -3.468514E-05
          4004      G     -1.194980E-03  -9.366139E-04  -1.221229E+00   4.174424E+01  -7.510591E+00  -4.826975E-03
          4005      G     -1.520708E-03  -3.707484E-04  -9.047421E-01   3.318660E+01  -1.500487E+01  -3.662655E-02
          4006      G      2.972271E-06   7.066444E-05  -2.571473E+00   2.434809E-03   1.249657E-04  -3.698449E-05
          4007      G     -3.242418E-03   6.882831E-05  -2.205124E+00  -1.458611E-03  -2.621115E+01  -5.070578E-05
          4008      G     -8.521543E-03   6.728915E-05  -1.723867E+00   4.404342E-04  -4.593751E+00  -6.217343E-05
          4009      G     -4.472980E-04   8.076497E-04  -1.327538E-03   2.176251E-01   8.976035E-01  -4.829176E+00
          4010      G      8.331387E-04  -1.310031E-03  -2.292905E-03   1.763412E-01   7.660585E-03   5.968296E-03
          4011      G     -3.906006E-03  -2.448817E-04  -4.189026E-01   1.589940E+01  -1.955755E+01  -5.453024E-02
          4012      G     -5.811113E-03  -1.222869E-03  -3.052325E-02  -2.179033E+00  -3.950758E+00   9.247473E+00
          4013      G     -8.020143E-03   6.497502E-05  -8.791640E-01   1.685647E-03  -5.214985E+01  -6.293630E-05
          4014      G     -9.391500E-03   6.303109E-05  -4.137437E-02  -5.542624E-04  -5.108475E+00  -9.386154E-03
          4015      G      6.843093E-04  -4.519382E-03  -2.344573E-02   4.129163E+00  -2.729025E-01   2.151159E+00
          4016      G      1.471515E-03  -2.587077E-03  -1.134168E-02   1.584461E+00   2.060023E-01   4.057102E-01
          4017      G      1.204568E-03  -9.349808E-04  -1.221257E+00   4.174380E+01   7.509899E+00   4.752106E-03
          4018      G      1.530290E-03  -3.671159E-04  -9.047677E-01   3.318673E+01   1.500550E+01   3.654504E-02
          4019      G      3.248453E-03   7.065749E-05  -2.205142E+00  -1.388910E-03   2.620990E+01  -2.336343E-05
          4020      G      8.527464E-03   7.097892E-05  -1.723898E+00   6.356450E-04   4.594053E+00  -1.418536E-05
          4021      G      4.605326E-04   8.135388E-04  -1.339700E-03   2.178845E-01  -8.960197E-01   4.827541E+00
          4022      G     -8.200906E-04  -1.302708E-03  -2.301994E-03   1.819868E-01  -1.113448E-02   5.529124E-03
          4023      G      3.915642E-03  -2.392560E-04  -4.189380E-01   1.590124E+01   1.955625E+01   5.443867E-02
          4024      G      5.820878E-03  -1.214304E-03  -3.056575E-02  -2.180628E+00   3.951233E+00  -9.259027E+00
          4025      G      8.026178E-03   7.066382E-05  -8.791929E-01  -9.535436E-05   5.215011E+01  -1.664670E-05
          4026      G      9.397758E-03   7.074337E-05  -4.138997E-02  -3.048992E-04   5.108878E+00   8.849455E-03
          4027      G      1.480329E-07   4.261040E-03  -1.618071E-02  -2.086974E+00  -1.097556E-06   2.653715E-04
          4028      G     -6.787803E-04   4.658807E-03  -2.339789E-02  -4.124992E+00   2.739827E-01   2.160185E+00
          4029      G     -1.466672E-03   2.724831E-03  -1.131837E-02  -1.583164E+00  -2.060689E-01   4.085223E-01
          4030      G      1.543630E-06   1.674584E-03  -1.349840E+00  -5.103679E+01  -1.446238E-04  -3.471640E-05
          4031      G     -1.198158E-03   1.075203E-03  -1.221144E+00  -4.174466E+01  -7.507987E+00   4.720792E-03
          4032      G     -1.524036E-03   5.047158E-04  -9.047280E-01  -3.318779E+01  -1.500253E+01   3.649298E-02
          4033      G     -4.554082E-04  -6.785498E-04  -1.332622E-03  -2.192822E-01   8.964585E-01   4.830813E+00
          4034      G      8.260708E-04   1.435064E-03  -2.303214E-03  -1.838300E-01   9.782662E-03  -5.844291E-04
          4035      G     -3.909651E-03   3.746932E-04  -4.189401E-01  -1.590155E+01  -1.955634E+01   5.439591E-02
          4036      G     -5.815363E-03   1.348046E-03  -3.056649E-02   2.180868E+00  -3.951549E+00  -9.275155E+00
          4037      G      6.791072E-04   4.660827E-03  -2.339787E-02  -4.125060E+00  -2.739587E-01  -2.159469E+00
1                                                       **STUDENT EDITION*    APRIL  17, 2026  MSC Nastran  3/ 3/26   PAGE    50
     DEFAULT                                                                                                                        
0                                                                                                            SUBCASE 1              
      EIGENVALUE =  2.368655E+06
          CYCLES =  2.449464E+02         R E A L   E I G E N V E C T O R   N O .          4
 
      POINT ID.   TYPE          T1             T2             T3             R1             R2             R3
          4038      G      1.467015E-03   2.728437E-03  -1.131729E-02  -1.583154E+00   2.060956E-01  -4.075331E-01
          4039      G      1.201169E-03   1.077065E-03  -1.221154E+00  -4.174510E+01   7.507664E+00  -4.791117E-03
          4040      G      1.527009E-03   5.084958E-04  -9.047386E-01  -3.318871E+01   1.500292E+01  -3.656045E-02
          4041      G      4.557732E-04  -6.728859E-04  -1.333397E-03  -2.199275E-01  -8.966394E-01  -4.830385E+00
          4042      G     -8.258519E-04   1.441428E-03  -2.301428E-03  -1.840554E-01  -9.286574E-03   4.072724E-03
          4043      G      3.912493E-03   3.800657E-04  -4.189392E-01  -1.590112E+01   1.955667E+01  -5.446367E-02
          4044      G      5.818179E-03   1.355258E-03  -3.056401E-02   2.180271E+00   3.951535E+00   9.277635E+00
1                                                       **STUDENT EDITION*    APRIL  17, 2026  MSC Nastran  3/ 3/26   PAGE    51
     DEFAULT                                                                                                                        
0                                                                                                            SUBCASE 1              
      EIGENVALUE =  2.433266E+06
          CYCLES =  2.482647E+02         R E A L   E I G E N V E C T O R   N O .          5
 
      POINT ID.   TYPE          T1             T2             T3             R1             R2             R3
             1      G      0.0            0.0            0.0            0.0            0.0            0.0
             2      G      0.0            0.0            0.0            0.0            0.0            0.0
             3      G      0.0            0.0            0.0            0.0            0.0            0.0
             4      G      0.0            0.0            0.0            0.0            0.0            0.0
             5      G      0.0            0.0            0.0            0.0            0.0            0.0
             6      G      0.0            0.0            0.0            0.0            0.0            0.0
             7      G      0.0            0.0            0.0            0.0            0.0            0.0
             8      G      0.0            0.0            0.0            0.0            0.0            0.0
            10      G      3.272573E-05   1.037695E-04   1.391451E-04   1.263983E-04   1.682215E-04  -3.098761E-02
            11      G      3.306675E-05  -1.042810E-04   1.391180E-04  -1.254447E-04   1.679188E-04   3.071662E-02
            12      G      1.854237E-04   8.369707E-05   3.066295E-04   6.382492E-04   2.925775E-04   2.441225E-02
            13      G      1.846935E-04  -8.626395E-05   3.068767E-04  -6.278748E-04   2.904398E-04  -2.399855E-02
            14      G     -1.856225E-04   8.677877E-05   3.055461E-04   6.171869E-04  -2.936126E-04  -2.302287E-02
            15      G     -1.874400E-04  -8.093409E-05   3.058908E-04  -6.439628E-04  -2.971527E-04   2.400626E-02
            16      G     -3.327869E-05   1.025488E-04   1.398112E-04   1.412295E-04  -1.618541E-04   3.151693E-02
            17      G     -2.985428E-05  -1.046578E-04   1.411435E-04  -1.426294E-04  -1.505559E-04  -3.317235E-02
           100      G     -1.114036E-02  -1.858077E-03   1.181806E+00  -1.798083E+01   1.147970E+01  -3.944809E-01
           101      G     -2.604804E-02   1.773904E-06   1.412221E+00  -4.171521E-04   4.224921E+00  -1.317598E-04
           102      G     -5.360577E-03   3.222394E-03   1.577037E+00  -2.672357E+01   9.851045E+00  -4.578507E-02
           103      G     -1.564748E-02   2.660764E-06   1.919215E+00  -9.933845E-05   1.318554E+01   4.477093E-05
           104      G     -5.185366E-06  -6.705675E-03   1.704419E+00  -2.634546E+01  -7.285346E-05  -8.712281E-05
           105      G     -7.856990E-06   1.521194E-06   2.079842E+00   2.117083E-05   5.440694E-04   1.456944E-05
           106      G     -7.393055E-06   3.702635E-04   3.163055E-04  -6.439628E-04  -2.971527E-04   2.400626E-02
           107      G     -7.393055E-06  -2.704035E-04   3.083753E-04  -6.439628E-04  -2.971527E-04   2.400626E-02
           108      G     -1.058364E-06   1.544740E-03   3.577258E-03   7.200671E-03  -1.733759E-04  -7.707411E-05
           109      G     -2.786469E-04  -3.534504E-04   1.433423E-04  -1.426294E-04  -1.505559E-04  -3.317235E-02
           110      G     -2.560471E-02  -2.758421E-03   1.643345E-02   1.691206E+00   3.864612E+00   5.459323E-01
           111      G     -2.786469E-04   5.733022E-04   1.391362E-04  -1.426294E-04  -1.505559E-04  -3.317235E-02
           112      G     -1.642151E-02   6.513363E-04   6.054262E-01  -9.955275E+00   2.579367E+01  -2.164552E-01
           113      G     -3.192783E-02  -1.531926E-05   2.500220E-02  -1.254785E-03   5.048269E+00  -9.879419E-04
           114      G     -3.601912E-02  -6.090833E-06   7.825906E-01  -8.997913E-04   2.688994E+01  -1.660912E-04
           115      G      1.112815E-02  -1.866944E-03   1.181797E+00  -1.798230E+01  -1.147914E+01   3.942705E-01
           116      G      2.603001E-02  -1.014219E-06   1.412193E+00   2.423498E-04  -4.223746E+00   1.465068E-05
           117      G      5.349453E-03   3.219586E-03   1.577029E+00  -2.672412E+01  -9.851282E+00   4.579605E-02
           118      G      1.563243E-02  -4.492964E-08   1.919199E+00   1.050868E-04  -1.318679E+01   6.778066E-05
           119      G      4.704332E-06   3.647887E-04   3.170446E-04  -6.278748E-04   2.904398E-04  -2.399855E-02
           120      G      4.704332E-06  -2.756726E-04   3.092935E-04  -6.278748E-04   2.904398E-04  -2.399855E-02
           121      G      2.634414E-04  -3.346557E-04   1.413182E-04  -1.254447E-04   1.679188E-04   3.071662E-02
           122      G      2.557344E-02  -2.734405E-03   1.644851E-02   1.686683E+00  -3.863097E+00  -5.399786E-01
           123      G      2.634414E-04   5.234899E-04   1.366270E-04  -1.254447E-04   1.679188E-04   3.071662E-02
           124      G      1.640230E-02   6.525325E-04   6.054239E-01  -9.958057E+00  -2.579320E+01   2.161257E-01
           125      G      3.190725E-02  -1.570191E-06   2.501117E-02   7.089833E-05  -5.046660E+00  -1.939548E-04
           126      G      3.599786E-02  -1.197886E-06   7.825750E-01   3.910828E-04  -2.688846E+01   5.084934E-05
           127      G     -1.114341E-02   1.865258E-03   1.181807E+00   1.798040E+01   1.147933E+01   3.942233E-01
           128      G     -5.364447E-03  -3.215244E-03   1.577033E+00   2.672320E+01   9.850984E+00   4.580015E-02
           129      G     -7.543219E-06   6.707786E-03   1.704413E+00   2.634535E+01   5.521914E-05   1.037218E-04
           130      G     -1.295096E-05  -3.459361E-04   3.156934E-04   6.171869E-04  -2.936126E-04  -2.302287E-02
           131      G     -1.295096E-05   2.684868E-04   3.078576E-04   6.171869E-04  -2.936126E-04  -2.302287E-02
           132      G     -3.948980E-06  -1.542470E-03   3.571555E-03  -7.149927E-03   1.575995E-04  -2.152762E-04
           133      G     -2.696556E-04   3.389257E-04   1.420843E-04   1.412295E-04  -1.618541E-04   3.151693E-02
1                                                       **STUDENT EDITION*    APRIL  17, 2026  MSC Nastran  3/ 3/26   PAGE    52
     DEFAULT                                                                                                                        
0                                                                                                            SUBCASE 1              
      EIGENVALUE =  2.433266E+06
          CYCLES =  2.482647E+02         R E A L   E I G E N V E C T O R   N O .          5
 
      POINT ID.   TYPE          T1             T2             T3             R1             R2             R3
           134      G     -2.559455E-02   2.728678E-03   1.644214E-02  -1.687320E+00   3.864492E+00  -5.435468E-01
           135      G     -2.696556E-04  -5.415785E-04   1.375625E-04   1.412295E-04  -1.618541E-04   3.151693E-02
           136      G     -1.641963E-02  -6.549166E-04   6.054332E-01   9.956955E+00   2.579364E+01   2.161773E-01
           137      G      1.112776E-02   1.863886E-03   1.181789E+00   1.798281E+01  -1.147928E+01  -3.944081E-01
           138      G      5.347495E-03  -3.220793E-03   1.577024E+00   2.672428E+01  -9.851304E+00  -4.576146E-02
           139      G      2.331829E-06  -3.751311E-04   3.169153E-04   6.382492E-04   2.925775E-04   2.441225E-02
           140      G      2.331829E-06   2.763708E-04   3.091072E-04   6.382492E-04   2.925775E-04   2.441225E-02
           141      G      2.651328E-04   3.361766E-04   1.413548E-04   1.263983E-04   1.682215E-04  -3.098761E-02
           142      G      2.557495E-02   2.732105E-03   1.644986E-02  -1.686373E+00  -3.862450E+00   5.393296E-01
           143      G      2.651328E-04  -5.295399E-04   1.366551E-04   1.263983E-04   1.682215E-04  -3.098761E-02
           144      G      1.640328E-02  -6.556260E-04   6.054154E-01   9.958204E+00  -2.579313E+01  -2.161226E-01
           200      G     -2.833894E-04  -3.489576E-04   1.433423E-04  -1.426294E-04  -1.505559E-04  -3.317235E-02
           201      G     -2.833894E-04   5.777951E-04   1.391362E-04  -1.426294E-04  -1.505559E-04  -3.317235E-02
           202      G     -1.675337E-05   3.905483E-04   3.163055E-04  -6.439628E-04  -2.971527E-04   2.400626E-02
           203      G     -1.675337E-05  -2.501187E-04   3.083753E-04  -6.439628E-04  -2.971527E-04   2.400626E-02
           204      G     -1.301359E-05   8.275497E-04   2.529854E-03  -3.060470E-02  -4.340834E-04  -2.247179E-03
           205      G     -1.630101E-02  -3.031862E-04   1.471713E-02   8.069775E-01   2.562193E+00  -2.474047E-01
           206      G     -2.002088E-02  -7.314917E-05   2.152980E-02  -1.130361E-02   3.348648E+00  -3.060524E-02
           207      G      2.687308E-04  -3.307042E-04   1.413182E-04  -1.254447E-04   1.679188E-04   3.071662E-02
           208      G      2.687308E-04   5.274414E-04   1.366270E-04  -1.254447E-04   1.679188E-04   3.071662E-02
           209      G      1.385319E-05   3.845668E-04   3.170446E-04  -6.278748E-04   2.904398E-04  -2.399855E-02
           210      G      1.385319E-05  -2.558945E-04   3.092935E-04  -6.278748E-04   2.904398E-04  -2.399855E-02
           211      G      1.605140E-02  -1.490294E-04   1.474674E-02   1.185951E+00  -2.531281E+00   3.372555E-01
           212      G      1.999889E-02  -2.354157E-06   2.145715E-02  -1.258164E-03  -3.293607E+00  -6.180569E-04
           213      G     -2.747541E-04   3.344770E-04   1.420843E-04   1.412295E-04  -1.618541E-04   3.151693E-02
           214      G     -2.747541E-04  -5.460272E-04   1.375625E-04   1.412295E-04  -1.618541E-04   3.151693E-02
           215      G     -2.219976E-05  -3.653775E-04   3.156934E-04   6.171869E-04  -2.936126E-04  -2.302287E-02
           216      G     -2.219976E-05   2.490455E-04   3.078576E-04   6.171869E-04  -2.936126E-04  -2.302287E-02
           217      G     -1.270176E-05  -8.313482E-04   2.520104E-03   2.914430E-02   2.244806E-03   1.205028E-03
           218      G     -1.654489E-02   2.704366E-04   1.477537E-02  -1.174810E+00   2.607722E+00   3.055643E-01
           219      G      2.704318E-04   3.321951E-04   1.413548E-04   1.263983E-04   1.682215E-04  -3.098761E-02
           220      G      2.704318E-04  -5.335214E-04   1.366551E-04   1.263983E-04   1.682215E-04  -3.098761E-02
           221      G      1.154802E-05  -3.952360E-04   3.169153E-04   6.382492E-04   2.925775E-04   2.441225E-02
           222      G      1.154802E-05   2.562659E-04   3.091072E-04   6.382492E-04   2.925775E-04   2.441225E-02
           223      G      1.605833E-02   1.448509E-04   1.474687E-02  -1.188390E+00  -2.526516E+00  -3.389700E-01
           224      G     -7.182838E-03  -1.532082E-03   8.577204E-01  -1.314991E+01   8.338220E+00  -2.719973E-01
           225      G     -1.790468E-02  -1.843943E-05   1.023061E+00  -8.275484E-03   3.037661E+00  -4.187736E-04
           226      G     -3.511761E-03   2.126825E-03   1.146648E+00  -1.949847E+01   7.254005E+00  -3.091746E-02
           227      G     -1.103444E-02  -2.040175E-06   1.394182E+00  -3.777759E-03   9.717168E+00   2.568584E-05
           228      G     -1.612462E-04  -5.089591E-03   1.241619E+00  -1.924347E+01   4.098288E-02  -2.845400E-03
           229      G     -2.631265E-04  -7.921061E-06   1.514661E+00  -1.134417E-03   5.051500E-02  -1.197901E-04
           230      G     -1.046486E-02   2.431108E-04   4.391068E-01  -7.401524E+00   1.868341E+01  -1.268887E-01
           231      G     -2.393086E-02   1.093976E-05   5.665837E-01  -3.978256E-02   1.936463E+01   5.704817E-03
           232      G      6.747766E-03  -1.761168E-03   8.650875E-01  -1.333389E+01  -8.430072E+00   2.675486E-01
           233      G      1.750295E-02  -5.594539E-06   1.036935E+00   1.619702E-03  -2.947241E+00   1.512500E-05
           234      G      3.163649E-03   2.131371E-03   1.151371E+00  -1.960790E+01  -7.047426E+00   3.014593E-02
           235      G      1.053119E-02  -3.586796E-06   1.401804E+00   3.708848E-05  -9.453268E+00   3.378233E-05
           236      G      1.057839E-02   2.995252E-04   4.440225E-01  -7.415526E+00  -1.935895E+01   1.095679E-01
           237      G      2.153384E-02  -1.732907E-06   5.768685E-01   1.677925E-03  -2.137110E+01  -2.082910E-05
           238      G     -7.249706E-03   1.513519E-03   8.580134E-01   1.305065E+01   8.320003E+00   2.717224E-01
1                                                       **STUDENT EDITION*    APRIL  17, 2026  MSC Nastran  3/ 3/26   PAGE    53
     DEFAULT                                                                                                                        
0                                                                                                            SUBCASE 1              
      EIGENVALUE =  2.433266E+06
          CYCLES =  2.482647E+02         R E A L   E I G E N V E C T O R   N O .          5
 
      POINT ID.   TYPE          T1             T2             T3             R1             R2             R3
           239      G     -3.551170E-03  -2.133542E-03   1.146771E+00   1.944110E+01   7.255690E+00   3.084562E-02
           240      G     -1.827795E-04   5.075307E-03   1.241687E+00   1.922029E+01   3.871444E-02   3.146723E-03
           241      G     -1.059604E-02  -2.703305E-04   4.398445E-01   7.217340E+00   1.867926E+01   1.268121E-01
           242      G      6.742971E-03   1.752479E-03   8.650649E-01   1.332611E+01  -8.431900E+00  -2.676991E-01
           243      G      3.152231E-03  -2.140859E-03   1.151395E+00   1.959343E+01  -7.048430E+00  -3.021179E-02
           244      G      1.057924E-02  -3.049091E-04   4.439705E-01   7.409454E+00  -1.935951E+01  -1.095983E-01
           300      G      1.573481E-04   8.828505E-05   3.295553E-04   1.381088E-02  -4.178228E-03   1.132235E-02
           301      G      1.648017E-04   1.048419E-04   3.713110E-04   2.095228E-02   1.837287E-02   1.640778E-02
           302      G      4.870339E-06   8.661355E-05   8.255061E-04   3.426130E-02   4.239715E-03  -6.937705E-03
           303      G     -1.064425E-04   8.800115E-04   2.468969E-03  -5.239990E-02  -8.038265E-02  -1.605818E-02
           304      G      1.416982E-04   2.836119E-04   8.254416E-04   5.418718E-03  -2.726565E-02   3.134195E-02
           305      G      4.900615E-04   9.338789E-04   1.163645E-02  -2.079645E-01  -4.351119E-02  -6.536405E-02
           306      G      5.629233E-04   6.689212E-05   1.623439E-02  -1.331824E-02  -5.316157E-02   3.006525E-02
           307      G     -1.878694E-04   9.826532E-05   3.305915E-04   1.745967E-02   4.338254E-03  -1.588317E-02
           308      G     -1.880739E-04   1.195382E-04   3.705565E-04   2.362387E-02  -2.169603E-02  -2.030020E-02
           309      G      1.566653E-04   1.027941E-03   2.475428E-03  -3.251356E-02   7.815368E-02   2.136751E-02
           310      G     -1.479254E-04   3.209579E-04   8.319998E-04   1.487833E-02   2.511079E-02  -3.589790E-02
           311      G     -5.619107E-04   1.028534E-03   1.165023E-02  -2.117599E-01   5.164611E-02   7.260082E-02
           312      G     -6.048944E-04   2.960603E-06   1.617548E-02  -2.927683E-04   5.842169E-02  -1.492357E-04
           313      G      1.876357E-04  -8.036131E-05   3.264739E-04  -2.027819E-02  -3.869891E-03  -1.516463E-02
           314      G      1.879461E-04  -1.081687E-04   3.632759E-04  -2.710343E-02   2.041207E-02  -1.906507E-02
           315      G     -3.336124E-06  -9.014949E-05   8.161668E-04  -3.974574E-02   1.834395E-04   1.189661E-04
           316      G     -1.534857E-04  -9.770595E-04   2.470858E-03   3.143211E-02  -7.648767E-02   2.005640E-02
           317      G      1.471576E-04  -2.865484E-04   8.311750E-04  -1.515615E-02  -2.574339E-02  -3.523721E-02
           318      G      5.548342E-04  -9.843053E-04   1.166143E-02   2.168435E-01  -5.004341E-02   7.433667E-02
           319      G     -1.916005E-04  -9.144271E-05   3.295133E-04  -1.973508E-02   4.274510E-03   1.547906E-02
           320      G     -1.951287E-04  -1.118234E-04   3.658866E-04  -2.668199E-02  -1.997159E-02   1.965125E-02
           321      G      1.566300E-04  -1.019798E-03   2.477329E-03   3.143867E-02   7.914967E-02  -2.154646E-02
           322      G     -1.494694E-04  -3.129107E-04   8.325415E-04  -1.711874E-02   2.532924E-02   3.565563E-02
           323      G     -5.608799E-04  -1.021837E-03   1.165226E-02   2.115327E-01   5.243676E-02  -7.279517E-02
           324      G      2.686014E-04   5.366009E-05  -7.739741E-03   1.358622E-01  -2.021916E-01   2.668823E-03
           325      G      5.033008E-04  -3.136702E-06  -1.009236E-02  -4.051552E-03  -6.381314E-02   5.027180E-04
           326      G      9.465376E-05   1.524769E-06  -1.504644E-02   3.093778E-01  -2.068125E-01   6.194988E-05
           327      G      3.360310E-04  -3.306347E-06  -2.035088E-02  -4.088350E-03  -3.380357E-01  -9.884791E-05
           328      G     -2.369518E-05   1.536282E-04  -1.867955E-02   3.890213E-01  -1.112926E-03   1.205088E-03
           329      G     -1.913372E-05  -1.931452E-06  -2.662286E-02  -2.738228E-03   2.380782E-03  -4.940431E-05
           330      G      3.435819E-04   1.937646E-04   2.654390E-03  -7.683360E-02  -4.224258E-01   1.166755E-02
           331      G      7.918356E-04  -1.681147E-05   3.578067E-03   2.561397E-03  -5.623670E-01  -4.896286E-03
           332      G     -3.119618E-04   6.578545E-05  -7.846329E-03   1.418126E-01   1.990456E-01  -1.869471E-03
           333      G     -5.470804E-04   2.431395E-06  -1.031535E-02  -1.240106E-03   6.929683E-02  -4.245816E-05
           334      G     -1.347837E-04   1.069653E-05  -1.511728E-02   3.118885E-01   2.087361E-01  -2.601127E-04
           335      G     -3.738080E-04  -2.624324E-07  -2.048176E-02  -2.090412E-03   3.328025E-01  -5.655284E-05
           336      G     -4.047020E-04   2.109321E-04   2.508091E-03  -6.925245E-02   4.246994E-01  -1.264667E-02
           337      G     -8.393270E-04   3.292604E-06   3.423666E-03  -7.384297E-04   5.670977E-01   5.434820E-05
           338      G      2.878289E-04  -5.735104E-05  -7.744876E-03  -1.385051E-01  -1.946961E-01  -1.501817E-03
           339      G      1.042517E-04  -8.603583E-06  -1.502406E-02  -3.098931E-01  -2.102893E-01   6.577622E-05
           340      G     -1.319125E-05  -1.565477E-04  -1.867916E-02  -3.898203E-01  -3.639158E-05   2.106897E-04
           341      G      3.921003E-04  -1.835362E-04   2.517258E-03   6.763843E-02  -4.226160E-01  -1.205393E-02
           342      G     -3.108301E-04  -5.937954E-05  -7.838916E-03  -1.425383E-01   1.989990E-01   1.919861E-03
           343      G     -1.302064E-04  -8.636272E-06  -1.509880E-02  -3.127614E-01   2.082663E-01   1.316195E-04
1                                                       **STUDENT EDITION*    APRIL  17, 2026  MSC Nastran  3/ 3/26   PAGE    54
     DEFAULT                                                                                                                        
0                                                                                                            SUBCASE 1              
      EIGENVALUE =  2.433266E+06
          CYCLES =  2.482647E+02         R E A L   E I G E N V E C T O R   N O .          5
 
      POINT ID.   TYPE          T1             T2             T3             R1             R2             R3
           344      G     -4.040645E-04  -2.038428E-04   2.507933E-03   6.913776E-02   4.243845E-01   1.263507E-02
           400      G      1.858186E-04   1.803231E-03   8.845440E-05   2.916820E-01  -4.804609E-02  -6.296747E-02
           401      G      2.353169E-04   5.321325E-03  -2.635291E-04   7.900078E-01   6.402495E-02  -5.171330E-04
           402      G     -2.938769E-06   2.256443E-03  -2.739077E-04   3.947490E-01  -1.609065E-04  -5.884503E-04
           403      G     -4.465693E-04   1.110717E-03   3.684125E-03  -7.840816E-03  -8.097070E-02  -1.733121E-02
           404      G      1.084432E-04  -2.818331E-04   1.453448E-03   1.035071E-02   1.293949E-01  -3.205530E-03
           405      G      5.330384E-03   1.029300E-03   1.006944E-02  -5.816614E-01  -8.291309E-01   6.892629E-02
           406      G      6.513196E-03  -9.869183E-07   1.320809E-02   4.173235E-04  -1.068567E+00   2.367147E-03
           407      G     -1.867989E-04   1.807636E-03   9.514772E-05   2.917437E-01   4.859240E-02   6.239816E-02
           408      G     -2.377708E-04   5.322924E-03  -2.671719E-04   7.899792E-01  -6.385526E-02   8.215502E-05
           409      G      4.492278E-04   1.132489E-03   3.701769E-03  -7.781052E-03   8.181178E-02   1.843402E-02
           410      G     -1.064318E-04  -2.716440E-04   1.470295E-03   1.075311E-02  -1.295278E-01   3.381565E-03
           411      G     -5.339453E-03   1.045327E-03   1.005067E-02  -5.801783E-01   8.299144E-01  -6.664708E-02
           412      G     -6.521904E-03   6.609788E-06   1.315856E-02  -5.137841E-05   1.068839E+00   1.727319E-05
           413      G      1.832086E-04  -1.788551E-03   9.207509E-05  -2.910489E-01  -4.871484E-02   6.247061E-02
           414      G      2.339598E-04  -5.300062E-03  -2.738542E-04  -7.888452E-01   6.380273E-02  -4.230495E-05
           415      G     -2.442844E-06  -2.220550E-03  -2.799966E-04  -3.921253E-01   1.282116E-05   7.293670E-05
           416      G     -4.507966E-04  -1.108386E-03   3.696451E-03   8.706611E-03  -8.198529E-02   1.818153E-02
           417      G      1.040411E-04   2.913202E-04   1.466205E-03  -1.021369E-02   1.295898E-01   3.415220E-03
           418      G      5.331780E-03  -1.024145E-03   1.006721E-02   5.807857E-01  -8.297749E-01  -6.661535E-02
           419      G     -1.873183E-04  -1.787472E-03   9.521610E-05  -2.913566E-01   4.866965E-02  -6.223552E-02
           420      G     -2.384708E-04  -5.299370E-03  -2.715176E-04  -7.889944E-01  -6.384244E-02   1.377701E-04
           421      G      4.496130E-04  -1.119013E-03   3.704273E-03   7.749607E-03   8.189919E-02  -1.839187E-02
           422      G     -1.065415E-04   2.884408E-04   1.471389E-03  -1.070358E-02  -1.296049E-01  -3.264652E-03
           423      G     -5.340249E-03  -1.032160E-03   1.005292E-02   5.800891E-01   8.297466E-01   6.664826E-02
           424      G      1.622773E-03   1.558774E-03  -2.790615E-01   4.278092E+00  -3.055402E+00   9.850366E-02
           425      G      5.689292E-03   7.652261E-06  -3.281316E-01   3.488838E-04  -9.544175E-01   1.056964E-05
           426      G      7.610658E-04   7.128599E-04  -3.812304E-01   6.281148E+00  -2.422932E+00  -9.173888E-04
           427      G      3.431024E-03   1.006160E-05  -4.546961E-01   1.015153E-05  -3.354852E+00  -1.082676E-04
           428      G     -3.127835E-06   3.645867E-03  -4.126842E-01   6.654575E+00  -3.753157E-04   1.247842E-04
           429      G     -4.201584E-06   1.206994E-05  -4.997037E-01   6.154921E-04   9.978658E-05  -2.852120E-05
           430      G      2.982549E-03   3.684651E-04  -1.329352E-01   2.277823E+00  -6.263594E+00   4.007895E-02
           431      G      7.794593E-03   4.165001E-06  -1.707669E-01   1.067512E-03  -6.586431E+00  -7.662321E-04
           432      G     -1.630255E-03   1.562304E-03  -2.790873E-01   4.278907E+00   3.054948E+00  -9.852935E-02
           433      G     -5.698672E-03   1.018083E-05  -3.281750E-01   1.965618E-04   9.547453E-01   3.863542E-05
           434      G     -7.682709E-04   7.138088E-04  -3.812466E-01   6.281443E+00   2.422866E+00   8.501126E-04
           435      G     -3.439343E-03   1.135261E-05  -4.547205E-01   3.653848E-05   3.353816E+00   3.742893E-05
           436      G     -2.991027E-03   3.766694E-04  -1.329672E-01   2.279314E+00   6.264016E+00  -4.026039E-02
           437      G     -7.804519E-03   8.361338E-06  -1.708160E-01   1.085450E-05   6.586678E+00   7.329012E-05
           438      G      1.622691E-03  -1.543695E-03  -2.790641E-01  -4.278411E+00  -3.054516E+00  -9.845365E-02
           439      G      7.615828E-04  -6.905450E-04  -3.812224E-01  -6.281366E+00  -2.422886E+00   8.217751E-04
           440      G     -3.902044E-06  -3.621426E-03  -4.126704E-01  -6.656544E+00  -1.517335E-04   1.691005E-05
           441      G      2.982576E-03  -3.602714E-04  -1.329508E-01  -2.278861E+00  -6.263838E+00  -4.019343E-02
           442      G     -1.631173E-03  -1.542238E-03  -2.790850E-01  -4.279198E+00   3.054777E+00   9.846884E-02
           443      G     -7.696872E-04  -6.894135E-04  -3.812365E-01  -6.281884E+00   2.422428E+00  -8.132132E-04
           444      G     -2.991679E-03  -3.597693E-04  -1.329650E-01  -2.279370E+00   6.264138E+00   4.032149E-02
           445      G     -1.377984E-03   2.404996E-03   3.904132E-03  -9.708659E-02  -7.704080E-02  -5.815300E-02
           446      G     -1.152475E-03   7.880005E-04   1.772271E-03  -1.862213E-02  -6.625692E-02  -1.685140E-03
           447      G     -7.183500E-04   1.875605E-04   4.204341E-04   2.029780E-02  -3.627637E-02   1.852077E-02
           448      G     -3.400193E-04  -5.029955E-05  -2.203813E-04  -9.321046E-04  -1.567876E-03   8.649515E-03
1                                                       **STUDENT EDITION*    APRIL  17, 2026  MSC Nastran  3/ 3/26   PAGE    55
     DEFAULT                                                                                                                        
0                                                                                                            SUBCASE 1              
      EIGENVALUE =  2.433266E+06
          CYCLES =  2.482647E+02         R E A L   E I G E N V E C T O R   N O .          5
 
      POINT ID.   TYPE          T1             T2             T3             R1             R2             R3
           449      G      1.566757E-06  -1.498395E-04  -1.876077E-04   1.016022E-01  -3.653339E-06  -9.909942E-05
           450      G     -2.775488E-04   1.776967E-03   9.952970E-03  -1.345988E-01  -2.899194E-01  -8.919673E-02
           451      G     -7.855517E-05   2.972856E-06   1.270218E-02  -1.588624E-05  -4.030096E-01   2.161524E-04
           452      G      1.382382E-03   2.402588E-03   3.921418E-03  -9.610853E-02   7.697932E-02   5.821767E-02
           453      G      1.157350E-03   7.880480E-04   1.787586E-03  -1.848243E-02   6.656669E-02   1.755186E-03
           454      G      7.237813E-04   1.877952E-04   4.277395E-04   2.010791E-02   3.659056E-02  -1.832246E-02
           455      G      3.437504E-04  -5.026191E-05  -2.191142E-04  -1.150523E-03   1.665512E-03  -8.790852E-03
           456      G      2.822885E-04   1.775505E-03   9.932485E-03  -1.337002E-01   2.900124E-01   8.907104E-02
           457      G      8.241945E-05   7.223853E-06   1.265757E-02  -3.103500E-05   4.022204E-01   7.779723E-06
           458      G     -1.383659E-03  -2.396509E-03   3.915744E-03   9.650432E-02  -7.687462E-02   5.814386E-02
           459      G     -1.158483E-03  -7.788293E-04   1.783119E-03   1.857223E-02  -6.651031E-02   1.669954E-03
           460      G     -7.249072E-04  -1.768373E-04   4.230946E-04  -2.020155E-02  -3.659591E-02  -1.829916E-02
           461      G     -3.444556E-04   6.237316E-05  -2.249606E-04   1.257326E-03  -1.828303E-03  -8.668336E-03
           462      G     -5.869090E-07   1.628625E-04  -1.956185E-04  -1.011406E-01   2.084132E-05  -3.780680E-05
           463      G     -2.802971E-04  -1.770605E-03   9.953362E-03   1.345871E-01  -2.896607E-01   8.954150E-02
           464      G      1.382458E-03  -2.388620E-03   3.923867E-03   9.611613E-02   7.698110E-02  -5.823468E-02
           465      G      1.157386E-03  -7.738894E-04   1.789048E-03   1.861272E-02   6.664428E-02  -1.776499E-03
           466      G      7.236648E-04  -1.737307E-04   4.271152E-04  -1.990088E-02   3.668963E-02   1.825170E-02
           467      G      3.431430E-04   6.394925E-05  -2.228782E-04   1.574173E-03   1.876244E-03   8.635738E-03
           468      G      2.818839E-04  -1.761254E-03   9.934476E-03   1.336700E-01   2.900534E-01  -8.906649E-02
           469      G     -6.047202E-04   1.770454E-03   6.751598E-03  -1.653402E-01  -1.796828E-01   6.490126E-02
           470      G     -4.770732E-04   7.809352E-04   3.545940E-03  -1.443357E-01  -1.023002E-01   2.632463E-02
           471      G     -3.296649E-04   9.902154E-05   8.829512E-04  -3.596520E-02  -7.408724E-02   1.575359E-02
           472      G     -1.652636E-04  -1.081676E-04  -9.285390E-04   5.371887E-02  -5.002063E-02   6.057021E-03
           473      G      2.434481E-06  -1.645019E-04  -1.977300E-03   7.514991E-02   8.751118E-04   1.505629E-05
           474      G     -7.264931E-05   4.751180E-04   5.734678E-03  -5.572628E-02  -1.028892E-01   3.382199E-02
           475      G     -2.166456E-05   9.072606E-05   2.130064E-03  -6.298554E-02  -1.274000E-01   9.227237E-03
           476      G     -1.658452E-05  -1.002521E-04  -1.537872E-03   1.933900E-02  -9.974946E-02   5.300215E-03
           477      G      2.731123E-06  -1.398802E-04  -3.286077E-03   5.308390E-02   2.431266E-03  -2.077231E-05
           478      G     -7.555411E-05   7.192482E-04   1.207990E-02  -7.601276E-02  -3.360119E-01   2.540856E-02
           479      G      1.707441E-04   3.239195E-04   7.184762E-03  -7.432900E-02  -1.106963E-01   5.501442E-03
           480      G      1.359728E-04   3.458428E-05   3.212654E-03  -3.268760E-02  -1.466824E-01   6.090166E-03
           481      G      7.080720E-05  -4.904700E-05  -1.546172E-03  -2.544491E-03  -1.373384E-01   2.750226E-03
           482      G      1.997868E-04   4.641708E-06   7.613879E-03  -1.384711E-04  -9.833884E-02  -7.882756E-05
           483      G      1.955916E-04   5.518081E-06   3.595930E-03  -4.274559E-05  -1.434162E-01  -2.272729E-05
           484      G      9.971995E-05   6.289511E-06  -1.454800E-03  -4.531867E-05  -1.604626E-01  -2.470702E-05
           485      G      2.795482E-06  -7.829799E-05  -3.913779E-03   2.477363E-02   3.635047E-03  -1.293291E-05
           486      G      2.672895E-06   6.783172E-06  -4.130558E-03  -3.244190E-05   4.280101E-03  -1.602169E-05
           487      G      6.093972E-04   1.768992E-03   6.749876E-03  -1.645347E-01   1.796039E-01  -6.481848E-02
           488      G      4.817558E-04   7.813057E-04   3.581779E-03  -1.454964E-01   1.013275E-01  -2.631329E-02
           489      G      3.343220E-04   9.969813E-05   9.498450E-04  -3.966588E-02   7.387107E-02  -1.579172E-02
           490      G      1.701548E-04  -1.079599E-04  -8.767564E-04   5.059734E-02   5.122287E-02  -6.026340E-03
           491      G      7.709522E-05   4.763186E-04   5.806952E-03  -5.728018E-02   9.952000E-02  -3.377552E-02
           492      G      2.647786E-05   9.170280E-05   2.293220E-03  -6.687394E-02   1.264107E-01  -9.228467E-03
           493      G      2.179976E-05  -9.977581E-05  -1.404733E-03   1.597816E-02   1.027572E-01  -5.312685E-03
           494      G      7.962100E-05   7.205793E-04   1.204364E-02  -7.530155E-02   3.353375E-01  -2.538206E-02
           495      G     -1.663787E-04   3.257133E-04   7.286688E-03  -7.523175E-02   1.060023E-01  -5.519267E-03
           496      G     -1.314744E-04   3.582834E-05   3.445255E-03  -3.483324E-02   1.449899E-01  -6.114480E-03
           497      G     -6.558982E-05  -4.842477E-05  -1.351802E-03  -4.569265E-03   1.416110E-01  -2.757238E-03
           498      G     -1.966964E-04   7.161067E-06   7.724336E-03  -5.316949E-05   9.306305E-02  -5.635595E-06
1                                                       **STUDENT EDITION*    APRIL  17, 2026  MSC Nastran  3/ 3/26   PAGE    56
     DEFAULT                                                                                                                        
0                                                                                                            SUBCASE 1              
      EIGENVALUE =  2.433266E+06
          CYCLES =  2.482647E+02         R E A L   E I G E N V E C T O R   N O .          5
 
      POINT ID.   TYPE          T1             T2             T3             R1             R2             R3
           499      G     -1.916958E-04   7.151752E-06   3.850941E-03  -7.322795E-05   1.417395E-01  -4.575940E-06
           500      G     -9.478946E-05   7.052630E-06  -1.238155E-03  -5.906430E-05   1.645922E-01  -9.516078E-06
           501      G     -6.088227E-04  -1.762536E-03   6.754508E-03   1.651070E-01  -1.794641E-01  -6.499324E-02
           502      G     -4.814230E-04  -7.719086E-04   3.554303E-03   1.442709E-01  -1.023689E-01  -2.638227E-02
           503      G     -3.333231E-04  -8.810465E-05   8.874568E-04   3.599762E-02  -7.425365E-02  -1.587707E-02
           504      G     -1.682701E-04   1.206796E-04  -9.281575E-04  -5.364106E-02  -5.018070E-02  -6.111977E-03
           505      G      3.907659E-07   1.779428E-04  -1.978387E-03  -7.500985E-02   9.299133E-04  -1.406155E-05
           506      G     -7.520801E-05  -4.658163E-04   5.740459E-03   5.548688E-02  -1.028639E-01  -3.394541E-02
           507      G     -2.395500E-05  -7.973198E-05   2.134742E-03   6.294418E-02  -1.275095E-01  -9.274633E-03
           508      G     -1.843026E-05   1.128118E-04  -1.535891E-03  -1.932028E-02  -9.982277E-02  -5.348436E-03
           509      G      1.300262E-06   1.534290E-04  -3.284766E-03  -5.304340E-02   2.458612E-03  -1.379700E-05
           510      G     -7.676237E-05  -7.118854E-04   1.208020E-02   7.604475E-02  -3.358852E-01  -2.557474E-02
           511      G      1.694827E-04  -3.149763E-04   7.187815E-03   7.433756E-02  -1.106918E-01  -5.536726E-03
           512      G      1.348763E-04  -2.346055E-05   3.215315E-03   3.253946E-02  -1.467151E-01  -6.154649E-03
           513      G      6.988446E-05   6.159895E-05  -1.544504E-03   2.502497E-03  -1.373704E-01  -2.793683E-03
           514      G      2.067860E-06   9.186722E-05  -3.912421E-03  -2.480914E-02   3.649853E-03  -1.869631E-05
           515      G      6.091294E-04  -1.754866E-03   6.752337E-03   1.645294E-01   1.796189E-01   6.482700E-02
           516      G      4.813591E-04  -7.671207E-04   3.585314E-03   1.455502E-01   1.013158E-01   2.632265E-02
           517      G      3.336624E-04  -8.557874E-05   9.533338E-04   3.980715E-02   7.394196E-02   1.580485E-02
           518      G      1.689350E-04   1.218845E-04  -8.746928E-04  -5.047453E-02   5.134222E-02   6.041610E-03
           519      G      7.660923E-05  -4.620601E-04   5.810553E-03   5.724624E-02   9.946870E-02   3.377319E-02
           520      G      2.578725E-05  -7.747147E-05   2.297865E-03   6.684349E-02   1.264445E-01   9.222165E-03
           521      G      2.079106E-05   1.138245E-04  -1.401245E-03  -1.598700E-02   1.028490E-01   5.296122E-03
           522      G      7.937416E-05  -7.062496E-04   1.204481E-02   7.524802E-02   3.353540E-01   2.537444E-02
           523      G     -1.666973E-04  -3.113937E-04   7.288921E-03   7.513514E-02   1.059693E-01   5.513058E-03
           524      G     -1.318815E-04  -2.154390E-05   3.448240E-03   3.471520E-02   1.450037E-01   6.102478E-03
           525      G     -6.614189E-05   6.251851E-05  -1.349377E-03   4.481429E-03   1.416531E-01   2.737266E-03
          1000      G     -8.691372E-06   1.241351E-03   3.598872E-03   7.169033E-03  -1.733509E-04  -3.024951E-03
          1001      G      6.319333E-04  -3.306400E-04   4.000558E-04  -3.170309E-03  -4.899157E-04   2.964971E-01
          1002      G      1.292851E-03   2.467086E-04   3.668730E-04  -1.272598E-03  -3.871794E-04   6.259560E-01
          1003      G     -5.705685E-06  -6.013546E-04   1.068045E+00  -4.177827E+01  -2.687939E-04   7.618991E-05
          1004      G      1.394903E-03  -5.701136E-04   9.562563E-01  -3.556074E+01   6.119216E+00   1.588955E-02
          1005      G      2.280098E-03  -5.754624E-04   7.237394E-01  -2.764153E+01   1.099062E+01   4.116766E-02
          1006      G     -3.389547E-06   1.354119E-06   2.079801E+00   2.117945E-05   5.439978E-04   9.090558E-05
          1007      G      3.190218E-03   4.098660E-06   1.794656E+00  -1.321825E-04   2.037454E+01   6.635693E-05
          1008      G      7.600314E-03   5.194014E-06   1.412183E+00  -4.170873E-04   4.226685E+00   7.481650E-05
          1009      G      9.759414E-04  -1.258888E-04   1.383733E-04   3.644052E-04  -1.046702E-03   6.753366E-01
          1010      G     -5.147774E-04   9.479774E-05   8.346435E-05  -4.006454E-04  -2.737215E-04  -1.368003E-01
          1011      G      4.001278E-03  -2.974906E-04   3.504656E-01  -1.305798E+01   1.585228E+01   5.708424E-02
          1012      G      5.648719E-03   1.101045E-03   3.196068E-02   1.691767E+00   3.865647E+00  -9.344438E+00
          1013      G      7.667208E-03   7.790688E-06   7.304332E-01  -4.110679E-04   4.198724E+01   1.198268E-04
          1014      G      8.824592E-03   1.039397E-05   4.535793E-02  -1.255121E-03   5.049228E+00  -6.736910E-03
          1015      G     -6.491035E-04  -3.361550E-04   4.009035E-04  -3.153744E-03   4.831415E-04  -3.036992E-01
          1016      G     -1.308085E-03   2.405323E-04   3.675425E-04  -1.254316E-03   3.803254E-04  -6.321919E-01
          1017      G     -1.406586E-03  -5.747853E-04   9.562504E-01  -3.556103E+01  -6.119165E+00  -1.567577E-02
          1018      G     -2.291008E-03  -5.908620E-04   7.237307E-01  -2.764238E+01  -1.099073E+01  -4.107147E-02
          1019      G     -3.196022E-03  -1.270874E-06   1.794641E+00   1.498824E-04  -2.037641E+01   7.789871E-05
          1020      G     -7.608712E-03  -2.991939E-06   1.412155E+00   2.423472E-04  -4.225510E+00   6.746579E-05
          1021      G     -9.838123E-04  -1.689631E-04   1.357885E-04   3.710216E-04   1.058942E-03  -6.686422E-01
          1022      G      4.958671E-04   1.069928E-04   8.125061E-05  -3.776670E-04   2.963936E-04   1.366795E-01
1                                                       **STUDENT EDITION*    APRIL  17, 2026  MSC Nastran  3/ 3/26   PAGE    57
     DEFAULT                                                                                                                        
0                                                                                                            SUBCASE 1              
      EIGENVALUE =  2.433266E+06
          CYCLES =  2.482647E+02         R E A L   E I G E N V E C T O R   N O .          5
 
      POINT ID.   TYPE          T1             T2             T3             R1             R2             R3
          1023      G     -4.019556E-03  -3.078850E-04   3.504562E-01  -1.306014E+01  -1.585211E+01  -5.705368E-02
          1024      G     -5.667617E-03   1.082510E-03   3.196968E-02   1.687247E+00  -3.864133E+00   9.298901E+00
          1025      G     -7.675025E-03  -4.869623E-06   7.304149E-01   3.375252E-04  -4.198722E+01   8.176920E-05
          1026      G     -8.831944E-03  -6.970917E-06   4.536051E-02   7.089280E-05  -5.047619E+00  -2.211618E-03
          1027      G      3.382896E-06  -1.239474E-03   3.593382E-03  -7.118352E-03   1.576278E-04  -2.801255E-03
          1028      G      6.450896E-04   3.298190E-04   3.994174E-04   3.140077E-03  -4.862518E-04  -3.067956E-01
          1029      G      1.305114E-03  -2.231045E-04   3.661606E-04   1.249579E-03  -3.834350E-04  -6.358091E-01
          1030      G      1.055322E-06   6.027933E-04   1.068040E+00   4.177871E+01  -2.173999E-04   9.544788E-05
          1031      G      1.399963E-03   5.781267E-04   9.562553E-01   3.556142E+01   6.119031E+00  -1.568470E-02
          1032      G      2.285989E-03   5.901794E-04   7.237404E-01   2.764285E+01   1.099075E+01  -4.102761E-02
          1033      G      9.850955E-04   1.561177E-04   1.367903E-04  -3.603291E-04  -1.055400E-03  -6.734863E-01
          1034      G     -4.958575E-04  -9.707213E-05   8.211125E-05   3.942065E-04  -2.894572E-04   1.328936E-01
          1035      G      4.012884E-03   3.123505E-04   3.504661E-01   1.305992E+01   1.585202E+01  -5.698531E-02
          1036      G      5.658095E-03  -1.081873E-03   3.196890E-02  -1.687884E+00   3.865528E+00   9.301874E+00
          1037      G     -6.372060E-04   3.364965E-04   4.007599E-04   3.165207E-03   4.854563E-04   2.961794E-01
          1038      G     -1.296293E-03  -2.506052E-04   3.674517E-04   1.263268E-03   3.826223E-04   6.247246E-01
          1039      G     -1.400394E-03   5.723594E-04   9.562455E-01   3.556116E+01  -6.119192E+00   1.582187E-02
          1040      G     -2.284742E-03   5.844728E-04   7.237244E-01   2.764241E+01  -1.099079E+01   4.121498E-02
          1041      G     -9.722663E-04   1.580990E-04   1.358180E-04  -3.704330E-04   1.059529E-03   6.640206E-01
          1042      G     -4.012326E-03   2.979457E-04   3.504482E-01   1.306010E+01  -1.585219E+01   5.719066E-02
          1043      G     -5.660822E-03  -1.095784E-03   3.196845E-02  -1.686937E+00  -3.863486E+00  -9.302466E+00
          1044      G      5.087465E-04  -1.170008E-04   8.129119E-05   3.793057E-04   2.960553E-04  -1.420817E-01
          2000      G      1.017162E-05   8.945635E-04   2.688913E-03  -3.064552E-02  -4.342433E-04   1.552696E-02
          2001      G      3.843487E-04  -2.847407E-04   3.759067E-04  -2.523462E-03  -4.421702E-04   1.775631E-01
          2002      G      7.818868E-04   3.000809E-04   3.537111E-04  -1.104978E-03  -3.663998E-04   3.757149E-01
          2003      G      4.815584E-05  -4.719229E-04   7.781396E-01  -3.045622E+01   6.292879E-02   8.103376E-04
          2004      G      1.033016E-03  -4.114001E-04   6.948900E-01  -2.590395E+01   4.513325E+00   1.366221E-02
          2005      G      1.613156E-03  -3.546355E-04   5.245825E-01  -2.014525E+01   8.011625E+00   3.286074E-02
          2006      G      1.339250E-04   5.624143E-07   1.514631E+00  -1.135938E-03   5.052461E-02   7.218087E-04
          2007      G      2.438481E-03   1.350361E-05   1.303663E+00  -6.775595E-03   1.501041E+01   9.772663E-04
          2008      G      5.654579E-03   4.590829E-05   1.023034E+00  -8.279656E-03   3.038949E+00   1.226713E-03
          2009      G      4.657208E-04   1.501145E-04   1.385545E-04   2.251405E-04  -8.099945E-04   4.190307E-01
          2010      G     -6.523763E-04   1.886297E-04   9.743385E-05  -3.061071E-04  -2.249812E-04  -1.924957E-01
          2011      G      2.788563E-03  -8.948426E-05   2.532381E-01  -9.635641E+00   1.149321E+01   4.632827E-02
          2012      G      3.906411E-03   1.185721E-03   2.501584E-02   8.075665E-01   2.563039E+00  -3.696362E+00
          2013      G      5.612945E-03   8.218729E-05   5.282415E-01  -4.689682E-02   3.046530E+01   1.182569E-03
          2014      G      6.335136E-03   1.081448E-04   3.504615E-02  -1.125323E-02   3.349460E+00  -1.516764E-02
          2015      G     -3.821582E-04  -2.914770E-04   3.772226E-04  -2.520570E-03   4.292003E-04  -1.749897E-01
          2016      G     -8.233565E-04   2.906007E-04   3.550437E-04  -1.073432E-03   3.580734E-04  -3.949222E-01
          2017      G     -9.339481E-04  -4.171045E-04   6.986032E-01  -2.600933E+01  -4.373992E+00  -1.179513E-02
          2018      G     -1.527083E-03  -3.875591E-04   5.309561E-01  -2.033694E+01  -7.990742E+00  -3.013536E-02
          2019      G     -2.181449E-03  -1.169043E-05   1.310828E+00  -1.318352E-03  -1.463368E+01   5.843305E-04
          2020      G     -5.350795E-03  -1.868245E-05   1.036903E+00   1.619049E-03  -2.948619E+00   4.961063E-04
          2021      G     -5.919456E-04   3.852311E-05   1.356943E-04   2.718911E-04   8.519699E-04  -4.733765E-01
          2022      G      5.114507E-04   6.966616E-05   9.738142E-05  -3.298832E-04   2.680440E-04   1.290547E-01
          2023      G     -2.711747E-03  -1.597831E-04   2.565573E-01  -9.591750E+00  -1.170378E+01  -4.114248E-02
          2024      G     -3.900581E-03   8.968502E-04   2.492250E-02   1.186404E+00  -2.532122E+00   4.888129E+00
          2025      G     -5.294643E-03  -2.960822E-05   5.352588E-01   1.421234E-03  -3.097711E+01   4.956669E-04
          2026      G     -5.933267E-03  -4.069980E-05   3.475365E-02  -1.259253E-03  -3.294516E+00  -2.349588E-02
          2027      G      1.268274E-04  -8.867908E-04   2.673335E-03   2.918519E-02   2.245244E-03  -6.188634E-02
1                                                       **STUDENT EDITION*    APRIL  17, 2026  MSC Nastran  3/ 3/26   PAGE    58
     DEFAULT                                                                                                                        
0                                                                                                            SUBCASE 1              
      EIGENVALUE =  2.433266E+06
          CYCLES =  2.482647E+02         R E A L   E I G E N V E C T O R   N O .          5
 
      POINT ID.   TYPE          T1             T2             T3             R1             R2             R3
          2028      G      5.285840E-04   2.869118E-04   3.750806E-04   2.478527E-03  -4.378921E-04  -2.531748E-01
          2029      G      9.654141E-04  -2.699915E-04   3.529475E-04   1.060494E-03  -3.594839E-04  -4.709163E-01
          2030      G      1.290392E-04   4.687694E-04   7.781308E-01   3.040804E+01   5.781839E-02   2.166193E-04
          2031      G      1.125006E-03   4.312654E-04   6.949452E-01   2.582639E+01   4.518499E+00  -1.210874E-02
          2032      G      1.708228E-03   4.231434E-04   5.248012E-01   2.001299E+01   7.988110E+00  -3.062978E-02
          2033      G      6.954832E-04  -4.699396E-06   1.366661E-04  -2.507602E-04  -8.224196E-04  -5.283460E-01
          2034      G     -4.182374E-04   2.466658E-05   9.895677E-05   3.587873E-04  -2.373429E-04   8.082809E-02
          2035      G      2.885584E-03   2.260154E-04   2.540337E-01   9.451686E+00   1.148309E+01  -4.277589E-02
          2036      G      4.021536E-03  -8.944519E-04   2.525613E-02  -1.175258E+00   2.608556E+00   4.934900E+00
          2037      G     -2.817142E-04   2.908340E-04   3.770507E-04   2.532212E-03   4.321500E-04   1.233461E-01
          2038      G     -7.298789E-04  -3.029988E-04   3.549612E-04   1.090155E-03   3.614547E-04   3.467528E-01
          2039      G     -8.666720E-04   4.035072E-04   6.985744E-01   2.598093E+01  -4.372080E+00   1.268675E-02
          2040      G     -1.472295E-03   3.548054E-04   5.308957E-01   2.031826E+01  -7.993545E+00   3.110052E-02
          2041      G     -5.011677E-04  -8.938161E-05   1.357046E-04  -2.707711E-04   8.527341E-04   4.291554E-01
          2042      G      5.999428E-04  -1.544950E-04   9.733360E-05   3.284505E-04   2.697667E-04  -1.720323E-01
          2043      G     -2.664551E-03   1.047774E-04   2.564786E-01   9.581176E+00  -1.170318E+01   4.216408E-02
          2044      G     -3.855575E-03  -9.779909E-04   2.490360E-02  -1.188844E+00  -2.527357E+00  -4.934471E+00
          3000      G     -7.256745E-06  -1.799436E-04   6.879201E-04   3.424272E-02   4.239052E-03  -1.595667E-02
          3001      G      2.155629E-05  -6.096861E-05   2.868529E-04   2.097090E-02   1.837441E-02  -1.608559E-01
          3002      G      3.777212E-05  -1.982843E-05   2.739913E-04   1.381059E-02  -4.178493E-03  -5.442822E-02
          3003      G     -2.805556E-06  -3.746996E-05  -1.302458E-02   5.865293E-01  -2.133866E-03   1.262013E-04
          3004      G      5.683288E-05  -2.775071E-05  -1.010745E-02   4.250742E-01  -1.704592E-01   6.520496E-04
          3005      G      1.255016E-04   2.930580E-05  -4.235759E-03   2.352875E-01  -2.406002E-01   1.063897E-03
          3006      G     -8.520853E-08   1.988106E-05  -2.662290E-02  -2.738163E-03   2.380710E-03   1.321733E-04
          3007      G      2.589158E-05   2.494644E-05  -1.947168E-02  -2.585022E-03  -5.183019E-01   1.291747E-04
          3008      G      7.901181E-06   2.913726E-05  -1.009213E-02  -4.051431E-03  -6.383027E-02   9.938621E-05
          3009      G      8.680790E-05   1.568169E-04   7.498308E-04   5.409349E-03  -2.726095E-02   5.010438E-02
          3010      G      1.596624E-04   3.794593E-04   2.357911E-03  -5.238479E-02  -8.039818E-02   4.714822E-01
          3011      G      1.492477E-04   1.034529E-04   4.351200E-03  -3.009989E-02  -3.824892E-01   1.691101E-03
          3012      G      1.406721E-04   1.953548E-04   1.146136E-02  -2.079672E-01  -4.355189E-02   1.259688E+00
          3013      G      1.016262E-04   3.167750E-05   3.448200E-03  -2.663060E-03  -8.172737E-01   1.397758E-04
          3014      G      1.367300E-04   3.886892E-05   1.602057E-02  -1.331665E-02  -5.319609E-02   3.683575E-02
          3015      G     -3.696752E-05  -6.760605E-05   2.754571E-04   2.364291E-02  -2.169744E-02   1.818615E-01
          3016      G     -5.101120E-05  -3.883349E-05   2.604192E-04   1.745927E-02   4.338989E-03   6.697759E-02
          3017      G     -6.157980E-05  -3.654036E-05  -1.018621E-02   4.279108E-01   1.716976E-01  -3.805628E-04
          3018      G     -1.289238E-04   1.089918E-05  -4.328348E-03   2.413096E-01   2.380912E-01  -7.973110E-04
          3019      G     -2.510659E-05   1.610607E-05  -1.960087E-02  -1.544073E-03   5.068845E-01   1.188059E-04
          3020      G     -7.926330E-06   1.230964E-05  -1.031512E-02  -1.240043E-03   6.931382E-02   1.086170E-04
          3021      G     -9.282240E-05   1.278789E-04   7.228566E-04   1.486830E-02   2.510615E-02  -3.684057E-02
          3022      G     -1.575870E-04   3.396575E-04   2.293808E-03  -3.250159E-02   7.816763E-02  -4.918021E-01
          3023      G     -1.535987E-04   7.511136E-05   4.232108E-03  -2.486859E-02   3.826691E-01  -1.589795E-03
          3024      G     -1.478091E-04   1.702917E-04   1.144255E-02  -2.117634E-01   5.168666E-02  -1.341767E+00
          3025      G     -1.015671E-04   9.534378E-06   3.288124E-03  -8.962359E-04   8.180509E-01   9.584488E-05
          3026      G     -1.368615E-04   6.907066E-06   1.594063E-02  -2.928525E-04   5.845633E-02   9.574261E-04
          3027      G      9.889641E-06   2.200107E-04   6.566512E-04  -3.972713E-02   1.835184E-04  -5.994641E-03
          3028      G      3.996557E-05   1.066929E-04   2.542449E-04  -2.712232E-02   2.041343E-02   1.739698E-01
          3029      G      5.473740E-05   7.920260E-05   2.450335E-04  -2.027817E-02  -3.870611E-03   6.614198E-02
          3030      G      5.413224E-06   7.728359E-05  -1.305468E-02  -5.845089E-01  -1.311904E-03   1.364240E-04
          3031      G      6.390357E-05   7.674387E-05  -1.014545E-02  -4.244102E-01  -1.717279E-01  -3.593433E-04
          3032      G      1.314214E-04   2.973471E-05  -4.261421E-03  -2.353705E-01  -2.387974E-01  -7.492124E-04
1                                                       **STUDENT EDITION*    APRIL  17, 2026  MSC Nastran  3/ 3/26   PAGE    59
     DEFAULT                                                                                                                        
0                                                                                                            SUBCASE 1              
      EIGENVALUE =  2.433266E+06
          CYCLES =  2.482647E+02         R E A L   E I G E N V E C T O R   N O .          5
 
      POINT ID.   TYPE          T1             T2             T3             R1             R2             R3
          3033      G      9.646921E-05  -8.648045E-05   7.196716E-04  -1.514577E-02  -2.573888E-02  -4.222989E-02
          3034      G      1.593871E-04  -2.949310E-04   2.291547E-03   3.141981E-02  -7.650145E-02  -4.831491E-01
          3035      G      1.569031E-04  -3.226034E-05   4.274766E-03   2.680336E-02  -3.806292E-01  -1.554494E-03
          3036      G      1.533067E-04  -1.282720E-04   1.146020E-02   2.168469E-01  -5.008482E-02  -1.362580E+00
          3037      G     -2.008916E-05   9.965466E-05   2.585309E-04  -2.670099E-02  -1.997282E-02  -1.863181E-01
          3038      G     -3.512435E-05   6.376527E-05   2.502451E-04  -1.973479E-02   4.275251E-03  -7.662325E-02
          3039      G     -5.360771E-05   6.869324E-05  -1.019820E-02  -4.274889E-01   1.713871E-01   6.226715E-04
          3040      G     -1.212560E-04   1.408931E-05  -4.337186E-03  -2.408961E-01   2.387229E-01   1.024661E-03
          3041      G     -7.813637E-05  -1.092276E-04   7.139955E-04  -1.710873E-02   2.532466E-02   2.985139E-02
          3042      G     -1.441388E-04  -3.283818E-04   2.287430E-03   3.142642E-02   7.916382E-02   4.892375E-01
          3043      G     -1.463105E-04  -5.666021E-05   4.226261E-03   2.546501E-02   3.825070E-01   1.788835E-03
          3044      G     -1.404692E-04  -1.566345E-04   1.144141E-02   2.115360E-01   5.247741E-02   1.344535E+00
          4000      G     -5.902056E-07  -8.136769E-04  -1.868468E-03   3.947629E-01  -1.608555E-04   2.395991E-03
          4001      G     -1.591167E-04  -8.853939E-04  -3.439650E-03   7.902990E-01   6.404804E-02  -4.500792E-01
          4002      G     -3.433104E-04  -4.653028E-04  -1.088755E-03   2.917700E-01  -4.807340E-02  -1.050380E-02
          4003      G     -1.879445E-06  -3.093959E-04  -2.608043E-01   9.992075E+00  -3.324049E-04  -3.447507E-05
          4004      G     -2.407176E-04  -1.845094E-04  -2.346241E-01   8.122889E+00  -1.530787E+00  -5.642883E-04
          4005      G     -3.054613E-04  -5.311747E-05  -1.706233E-01   6.383748E+00  -3.021746E+00  -6.437499E-03
          4006      G     -3.387310E-06   7.157496E-06  -4.996940E-01   6.154594E-04   9.975084E-05  -3.265037E-05
          4007      G     -6.438980E-04   6.013525E-06  -4.256760E-01  -1.126231E-04  -5.294747E+00  -3.670642E-05
          4008      G     -1.696448E-03   4.868014E-06  -3.281225E-01   3.488516E-04  -9.548537E-01  -3.831477E-05
          4009      G     -1.591886E-04   2.684663E-04   1.670810E-03   1.029094E-02   1.294815E-01  -6.406555E-01
          4010      G      1.164635E-04  -6.956968E-05   3.405652E-03  -7.827431E-03  -8.092421E-02   6.292068E-01
          4011      G     -7.904194E-04   8.992088E-06  -7.238634E-02   2.958021E+00  -3.974631E+00  -9.360199E-03
          4012      G     -1.203148E-03  -1.126518E-04   6.734529E-03  -5.818113E-01  -8.294224E-01   2.807258E+00
          4013      G     -1.595762E-03   3.770036E-06  -1.588559E-01   3.146331E-04  -1.041134E+01  -4.290341E-05
          4014      G     -1.884042E-03   2.231236E-06   8.894662E-03   4.172479E-04  -1.068804E+00  -5.620491E-03
          4015      G      1.581454E-04  -8.835629E-04  -3.443177E-03   7.902704E-01  -6.387834E-02   4.505795E-01
          4016      G      3.425353E-04  -4.613774E-04  -1.082306E-03   2.918317E-01   4.861972E-02   9.007743E-03
          4017      G      2.368826E-04  -1.826555E-04  -2.346371E-01   8.123245E+00   1.530596E+00   4.933738E-04
          4018      G      3.016167E-04  -4.927631E-05  -1.706445E-01   6.384807E+00   3.021404E+00   6.359060E-03
          4019      G      6.372153E-04   7.875841E-06  -4.256990E-01  -5.222669E-05   5.293058E+00  -2.853474E-05
          4020      G      1.689705E-03   8.608670E-06  -3.281660E-01   1.965334E-04   9.551814E-01  -2.476068E-05
          4021      G      1.582726E-04   2.745397E-04   1.686297E-03   1.069345E-02  -1.296146E-01   6.395503E-01
          4022      G     -1.183633E-04  -5.972601E-05   3.419700E-03  -7.767274E-03   8.176553E-02  -6.359798E-01
          4023      G      7.866628E-04   1.526029E-05  -7.241121E-02   2.959228E+00   3.974562E+00   9.287478E-03
          4024      G      1.200222E-03  -1.048316E-04   6.712622E-03  -5.803281E-01   8.302054E-01  -2.807744E+00
          4025      G      1.589227E-03   9.107723E-06  -1.589026E-01   6.377812E-06   1.041088E+01  -2.388555E-05
          4026      G      1.877502E-03   9.678547E-06   8.844043E-03  -5.136773E-05   1.069077E+00   1.309455E-03
          4027      G     -5.470695E-06   8.286268E-04  -1.864080E-03  -3.921389E-01   1.282150E-05   1.488024E-03
          4028      G     -1.645564E-04   8.974118E-04  -3.445317E-03  -7.891364E-01   6.382589E-02   4.517922E-01
          4029      G     -3.491154E-04   4.749307E-04  -1.082600E-03  -2.911369E-01  -4.874214E-02   9.941079E-03
          4030      G     -4.411084E-06   3.235974E-04  -2.607890E-01  -9.993754E+00  -3.155843E-04  -3.007360E-05
          4031      G     -2.432583E-04   1.967396E-04  -2.346162E-01  -8.122881E+00  -1.530491E+00   4.882861E-04
          4032      G     -3.081050E-04   6.275732E-05  -1.706252E-01  -6.384254E+00  -3.021380E+00   6.350354E-03
          4033      G     -1.647027E-04  -2.614040E-04   1.684490E-03  -1.015401E-02   1.296766E-01   6.417755E-01
          4034      G      1.119279E-04   7.298314E-05   3.417389E-03   8.692753E-03  -8.193902E-02  -6.339845E-01
          4035      G     -7.933314E-04  -2.197050E-06  -7.239299E-02  -2.958453E+00  -3.974560E+00   9.283937E-03
          4036      G     -1.206790E-03   1.178784E-04   6.729725E-03   5.809356E-01  -8.300659E-01  -2.806127E+00
          4037      G      1.536885E-04   8.992841E-04  -3.443579E-03  -7.892857E-01  -6.386561E-02  -4.488747E-01
1                                                       **STUDENT EDITION*    APRIL  17, 2026  MSC Nastran  3/ 3/26   PAGE    60
     DEFAULT                                                                                                                        
0                                                                                                            SUBCASE 1              
      EIGENVALUE =  2.433266E+06
          CYCLES =  2.482647E+02         R E A L   E I G E N V E C T O R   N O .          5
 
      POINT ID.   TYPE          T1             T2             T3             R1             R2             R3
          4038      G      3.383827E-04   4.784568E-04  -1.080690E-03  -2.914446E-01   4.869695E-02  -7.051795E-03
          4039      G      2.343949E-04   1.985897E-04  -2.346272E-01  -8.123410E+00   1.530322E+00  -5.473842E-04
          4040      G      2.992562E-04   6.633350E-05  -1.706424E-01  -6.385094E+00   3.021155E+00  -6.405593E-03
          4041      G      1.542234E-04  -2.564745E-04   1.687744E-03  -1.064393E-02  -1.296917E-01  -6.380073E-01
          4042      G     -1.224889E-04   7.868724E-05   3.421731E-03   7.735807E-03   8.185299E-02   6.385461E-01
          4043      G      7.844028E-04   2.898330E-06  -7.240920E-02  -2.959272E+00   3.974770E+00  -9.333096E-03
          4044      G      1.198084E-03   1.240522E-04   6.715539E-03   5.802390E-01   8.300376E-01   2.810409E+00
1                                                       **STUDENT EDITION*    APRIL  17, 2026  MSC Nastran  3/ 3/26   PAGE    61
     DEFAULT                                                                                                                        
0                                                                                                            SUBCASE 1              
      EIGENVALUE =  2.459240E+06
          CYCLES =  2.495862E+02         R E A L   E I G E N V E C T O R   N O .          6
 
      POINT ID.   TYPE          T1             T2             T3             R1             R2             R3
             1      G      0.0            0.0            0.0            0.0            0.0            0.0
             2      G      0.0            0.0            0.0            0.0            0.0            0.0
             3      G      0.0            0.0            0.0            0.0            0.0            0.0
             4      G      0.0            0.0            0.0            0.0            0.0            0.0
             5      G      0.0            0.0            0.0            0.0            0.0            0.0
             6      G      0.0            0.0            0.0            0.0            0.0            0.0
             7      G      0.0            0.0            0.0            0.0            0.0            0.0
             8      G      0.0            0.0            0.0            0.0            0.0            0.0
            10      G     -3.293105E-06   4.414144E-05   2.191222E-05  -6.787593E-05   1.881987E-04  -1.769037E-03
            11      G     -3.095033E-06  -4.494660E-05   2.175499E-05   6.950496E-05   1.869563E-04   1.335498E-03
            12      G      2.964693E-05   8.766766E-06   4.951326E-05  -4.707859E-06   3.323815E-04   4.944631E-03
            13      G      2.796615E-05  -1.256483E-05   4.959527E-05   2.003047E-05   3.278301E-04  -4.343406E-03
            14      G     -2.898028E-05   1.418704E-05   4.797394E-05  -3.716317E-05  -3.313740E-04  -2.879189E-03
            15      G     -3.338148E-05  -3.520926E-06   4.862895E-05  -6.191312E-06  -3.400314E-04   4.482339E-03
            16      G      2.539458E-06   4.344322E-05   2.322562E-05  -4.689272E-05  -1.788623E-04   2.412045E-03
            17      G      8.164277E-06  -4.915213E-05   2.356160E-05   6.499560E-05  -1.616985E-04  -6.405999E-03
           100      G      7.982111E-03   1.530309E-03  -8.823621E-01   1.332889E+01  -8.695996E+00   2.824250E-01
           101      G      1.896893E-02   7.754163E-06  -1.050377E+00  -2.938882E-04  -3.131672E+00  -3.407799E-04
           102      G      3.828989E-03  -2.257870E-03  -1.182532E+00   1.995794E+01  -7.508096E+00   3.427528E-02
           103      G      1.152317E-02   6.095972E-06  -1.434486E+00   2.804227E-04  -1.003292E+01   2.044913E-04
           104      G     -1.095337E-05   5.043860E-03  -1.279281E+00   1.972808E+01  -6.067154E-04  -1.078119E-04
           105      G     -1.355746E-05   3.005013E-06  -1.556974E+00   7.073581E-05   8.259203E-04   4.828175E-05
           106      G      2.360594E-07   8.072463E-05   5.506628E-05  -6.191312E-06  -3.400314E-04   4.482339E-03
           107      G      2.360594E-07  -3.889780E-05   4.599169E-05  -6.191312E-06  -3.400314E-04   4.482339E-03
           108      G     -2.591330E-06  -9.491211E-04  -7.679866E-04   2.126340E-02  -3.130832E-04  -2.741185E-04
           109      G     -3.988071E-05  -9.719712E-05   2.428687E-05   6.499560E-05  -1.616985E-04  -6.405999E-03
           110      G      1.834041E-02  -1.475777E-04  -3.095465E-04  -1.645122E+00  -2.841366E+00  -1.131486E-01
           111      G     -3.988071E-05   8.177048E-05   1.976942E-05   6.499560E-05  -1.616985E-04  -6.405999E-03
           112      G      1.171091E-02  -4.135881E-04  -4.451648E-01   7.181993E+00  -1.951500E+01   1.364390E-01
           113      G      2.265175E-02   2.923535E-05  -3.494485E-03   2.337560E-03  -3.683740E+00  -5.421193E-03
           114      G      2.593452E-02   2.491951E-06  -5.739333E-01  -1.037136E-03  -2.021585E+01   1.800905E-03
           115      G     -8.009638E-03   1.510306E-03  -8.824386E-01   1.332749E+01   8.696906E+00  -2.828078E-01
           116      G     -1.900165E-02  -1.574127E-06  -1.050503E+00   4.853109E-04   3.133634E+00   3.088887E-05
           117      G     -3.853081E-03  -2.264590E-03  -1.182583E+00   1.995777E+01   7.506406E+00  -3.421464E-02
           118      G     -1.154928E-02   3.141531E-08  -1.434556E+00   2.240814E-04   1.002908E+01   1.171169E-04
           119      G     -4.609396E-06   6.906948E-05   5.560661E-05   2.003047E-05   3.278301E-04  -4.343406E-03
           120      G     -4.609396E-06  -4.684517E-05   4.685764E-05   2.003047E-05   3.278301E-04  -4.343406E-03
           121      G      6.921203E-06  -5.496283E-05   2.263587E-05   6.950496E-05   1.869563E-04   1.335498E-03
           122      G     -1.839799E-02  -1.149059E-04  -3.924836E-04  -1.648363E+00   2.843373E+00   1.252722E-01
           123      G      6.921203E-06  -1.765235E-05   1.741278E-05   6.950496E-05   1.869563E-04   1.335498E-03
           124      G     -1.175284E-02  -4.240432E-04  -4.452471E-01   7.179351E+00   1.951469E+01  -1.369521E-01
           125      G     -2.269265E-02  -2.905291E-06  -3.577423E-03   1.253073E-04   3.687139E+00  -3.224961E-04
           126      G     -2.597463E-02  -2.024547E-06  -5.740599E-01   7.234015E-04   2.021797E+01   9.179515E-05
           127      G      7.987631E-03  -1.508949E-03  -8.823744E-01  -1.332847E+01  -8.697952E+00  -2.827363E-01
           128      G      3.829419E-03   2.272945E-03  -1.182556E+00  -1.995809E+01  -7.507304E+00  -3.416423E-02
           129      G     -1.090236E-05  -5.039099E-03  -1.279295E+00  -1.972806E+01  -3.280251E-04   1.932411E-04
           130      G     -7.386362E-06  -3.992732E-05   5.392339E-05  -3.716317E-05  -3.313740E-04  -2.879189E-03
           131      G     -7.386362E-06   3.691105E-05   4.507985E-05  -3.716317E-05  -3.313740E-04  -2.879189E-03
           132      G     -5.471290E-06   9.544986E-04  -7.714267E-04  -2.112412E-02   3.068892E-04  -3.387991E-04
           133      G     -1.555088E-05   6.153355E-05   2.421539E-05  -4.689272E-05  -1.788623E-04   2.412045E-03
1                                                       **STUDENT EDITION*    APRIL  17, 2026  MSC Nastran  3/ 3/26   PAGE    62
     DEFAULT                                                                                                                        
0                                                                                                            SUBCASE 1              
      EIGENVALUE =  2.459240E+06
          CYCLES =  2.495862E+02         R E A L   E I G E N V E C T O R   N O .          6
 
      POINT ID.   TYPE          T1             T2             T3             R1             R2             R3
           134      G      1.836737E-02   1.311806E-04  -3.828807E-04   1.648706E+00  -2.841606E+00   1.193573E-01
           135      G     -1.555088E-05  -5.852952E-06   1.921843E-05  -4.689272E-05  -1.788623E-04   2.412045E-03
           136      G      1.173048E-02   4.327379E-04  -4.451811E-01  -7.178281E+00  -1.951202E+01  -1.366350E-01
           137      G     -8.008793E-03  -1.514997E-03  -8.824555E-01  -1.332669E+01   8.696721E+00   2.826163E-01
           138      G     -3.853793E-03   2.263437E-03  -1.182597E+00  -1.995735E+01   7.506343E+00   3.428670E-02
           139      G     -7.437806E-06  -8.416757E-05   5.572506E-05  -4.707859E-06   3.323815E-04   4.944631E-03
           140      G     -7.437806E-06   4.779228E-05   4.685463E-05  -4.707859E-06   3.323815E-04   4.944631E-03
           141      G      9.974674E-06   5.740922E-05   2.281464E-05  -6.787593E-05   1.881987E-04  -1.769037E-03
           142      G     -1.839460E-02   1.107772E-04  -3.904820E-04   1.648990E+00   2.844589E+00  -1.263694E-01
           143      G      9.974674E-06   7.986734E-06   1.755684E-05  -6.787593E-05   1.881987E-04  -1.769037E-03
           144      G     -1.175021E-02   4.191241E-04  -4.452645E-01  -7.179103E+00   1.951486E+01   1.369649E-01
           200      G     -4.497422E-05  -9.924448E-05   2.428687E-05   6.499560E-05  -1.616985E-04  -6.405999E-03
           201      G     -4.497422E-05   7.972311E-05   1.976942E-05   6.499560E-05  -1.616985E-04  -6.405999E-03
           202      G     -1.047493E-05   8.091965E-05   5.506628E-05  -6.191312E-06  -3.400314E-04   4.482339E-03
           203      G     -1.047493E-05  -3.870277E-05   4.599169E-05  -6.191312E-06  -3.400314E-04   4.482339E-03
           204      G     -1.710381E-05   8.339333E-04   1.016393E-03  -1.102260E-01  -7.665452E-04  -2.615016E-03
           205      G     -2.245899E-02  -1.327294E-03   3.582881E-03   1.532812E+00   3.536298E+00  -2.519303E-01
           206      G     -2.823525E-02  -5.876207E-05   5.646339E-03  -2.221927E-03   4.677311E+00  -7.117541E-02
           207      G      1.281033E-05  -5.715224E-05   2.263587E-05   6.950496E-05   1.869563E-04   1.335498E-03
           208      G      1.281033E-05  -1.984176E-05   1.741278E-05   6.950496E-05   1.869563E-04   1.335498E-03
           209      G      5.717254E-06   6.843852E-05   5.560661E-05   2.003047E-05   3.278301E-04  -4.343406E-03
           210      G      5.717254E-06  -4.747613E-05   4.685764E-05   2.003047E-05   3.278301E-04  -4.343406E-03
           211      G      2.213949E-02  -1.346781E-03   3.491872E-03   2.056821E+00  -3.497707E+00   4.222624E-01
           212      G      2.826336E-02  -4.394114E-06   5.483203E-03  -1.539695E-03  -4.606383E+00  -8.966465E-04
           213      G     -2.118504E-05   6.301067E-05   2.421539E-05  -4.689272E-05  -1.788623E-04   2.412045E-03
           214      G     -2.118504E-05  -4.375832E-06   1.921843E-05  -4.689272E-05  -1.788623E-04   2.412045E-03
           215      G     -1.782464E-05  -3.875668E-05   5.392339E-05  -3.716317E-05  -3.313740E-04  -2.879189E-03
           216      G     -1.782464E-05   3.808169E-05   4.507985E-05  -3.716317E-05  -3.313740E-04  -2.879189E-03
           217      G     -1.620447E-05  -8.339567E-04   1.010097E-03   1.086970E-01   3.153334E-03   1.366902E-03
           218      G     -2.282438E-02   1.515071E-03   3.546636E-03  -2.043546E+00   3.604548E+00   3.784589E-01
           219      G      1.590294E-05   5.954731E-05   2.281464E-05  -6.787593E-05   1.881987E-04  -1.769037E-03
           220      G      1.590294E-05   1.012483E-05   1.755684E-05  -6.787593E-05   1.881987E-04  -1.769037E-03
           221      G      3.032212E-06  -8.401927E-05   5.572506E-05  -4.707859E-06   3.323815E-04   4.944631E-03
           222      G      3.032212E-06   4.794058E-05   4.685463E-05  -4.707859E-06   3.323815E-04   4.944631E-03
           223      G      2.215171E-02   1.339108E-03   3.492645E-03  -2.059903E+00  -3.490844E+00  -4.248448E-01
           224      G     -1.004108E-02  -2.189205E-03   1.197498E+00  -1.823713E+01   1.184328E+01  -3.789005E-01
           225      G     -2.532828E-02  -1.032476E-05   1.421991E+00  -1.002957E-02   4.281911E+00  -6.742212E-04
           226      G     -4.920293E-03   2.900082E-03   1.608323E+00  -2.724336E+01   1.034775E+01  -4.528155E-02
           227      G     -1.563243E-02   5.501070E-06   1.948585E+00  -3.284926E-03   1.381407E+01   3.398861E-04
           228      G     -2.202820E-04  -7.079268E-03   1.743392E+00  -2.692297E+01   5.877227E-02  -3.965661E-03
           229      G     -3.569634E-04  -8.025916E-06   2.120166E+00  -1.244008E-03   6.983792E-02  -7.733865E-05
           230      G     -1.445058E-02   2.824279E-04   6.032165E-01  -1.004241E+01   2.649493E+01  -1.895986E-01
           231      G     -3.388404E-02   7.733257E-05   7.747387E-01  -5.686451E-02   2.741380E+01   1.486882E-02
           232      G      9.442630E-03  -2.529007E-03   1.208046E+00  -1.850641E+01  -1.197174E+01   3.732451E-01
           233      G      2.480270E-02  -7.557726E-06   1.441808E+00   2.504836E-03  -4.158958E+00   5.200592E-05
           234      G      4.445265E-03   2.903430E-03   1.615075E+00  -2.740253E+01  -1.005450E+01   4.452355E-02
           235      G      1.495177E-02  -3.986974E-06   1.959491E+00   1.936073E-04  -1.343520E+01   9.282062E-05
           236      G      1.463065E-02   3.401496E-04   6.102019E-01  -1.007413E+01  -2.745851E+01   1.675302E-01
           237      G      3.055873E-02  -2.824570E-06   7.892841E-01   2.666461E-03  -3.025789E+01   6.196732E-06
           238      G     -1.012356E-02   2.196279E-03   1.197949E+00   1.810498E+01   1.181148E+01   3.785335E-01
1                                                       **STUDENT EDITION*    APRIL  17, 2026  MSC Nastran  3/ 3/26   PAGE    63
     DEFAULT                                                                                                                        
0                                                                                                            SUBCASE 1              
      EIGENVALUE =  2.459240E+06
          CYCLES =  2.495862E+02         R E A L   E I G E N V E C T O R   N O .          6
 
      POINT ID.   TYPE          T1             T2             T3             R1             R2             R3
           239      G     -4.966710E-03  -2.897089E-03   1.608492E+00   2.716607E+01   1.035235E+01   4.543788E-02
           240      G     -2.444061E-04   7.065079E-03   1.743514E+00   2.689212E+01   5.548055E-02   4.318758E-03
           241      G     -1.463399E-02  -2.767620E-04   6.043351E-01   9.797469E+00   2.649512E+01   1.913544E-01
           242      G      9.438528E-03   2.517017E-03   1.208022E+00   1.849619E+01  -1.197452E+01  -3.734609E-01
           243      G      4.432819E-03  -2.914196E-03   1.615126E+00   2.738362E+01  -1.005635E+01  -4.455981E-02
           244      G      1.463421E-02  -3.482930E-04   6.101303E-01   1.006599E+01  -2.745951E+01  -1.675508E-01
           300      G     -6.593918E-06   8.424742E-05   8.865824E-05   1.787373E-02   3.837314E-03  -4.395524E-04
           301      G      2.359803E-05   1.051935E-04   2.344109E-04   2.394338E-02   8.860540E-03   5.935070E-03
           302      G     -1.257806E-05   1.182277E-04   3.821573E-04   2.909095E-02   1.272586E-03  -1.282017E-03
           303      G     -2.878122E-05   1.159713E-04   4.676466E-04  -2.890836E-03   8.821941E-03   1.272865E-02
           304      G     -2.120362E-05   1.146663E-04   1.769602E-04   4.326460E-03  -8.532600E-03   3.199184E-03
           305      G     -1.249900E-04   2.477639E-04   1.860043E-03  -5.943443E-02   5.054225E-02  -1.880781E-02
           306      G     -1.241631E-04   5.570746E-05   3.050592E-03  -6.287947E-03   6.079633E-02   4.982864E-03
           307      G     -2.318806E-05   6.833052E-05   8.510963E-05   1.744960E-02  -4.506967E-03  -6.143813E-05
           308      G     -5.705990E-05   9.993909E-05   2.376277E-04   2.401997E-02  -9.591372E-03  -7.305793E-03
           309      G      1.605104E-05   8.156025E-05   4.526716E-04   2.731980E-03  -1.597876E-02  -1.475591E-02
           310      G     -2.565576E-06   9.968654E-05   1.665159E-04   4.003288E-03   9.333643E-03  -4.382930E-03
           311      G      9.889321E-05   2.457873E-04   1.788906E-03  -7.850810E-02  -4.875951E-02   2.804030E-02
           312      G      1.105896E-04   1.969364E-06   2.940244E-03  -9.536269E-05  -5.976971E-02  -1.071100E-04
           313      G      1.109555E-05  -2.927524E-05   8.343326E-05  -1.689732E-02   4.652542E-03   3.753932E-05
           314      G      4.313439E-05  -6.235622E-05   2.315892E-04  -2.347873E-02   9.366307E-03  -6.806157E-03
           315      G     -5.809513E-07  -8.440356E-05   3.777792E-04  -2.912842E-02   1.118426E-04   1.408809E-04
           316      G     -2.136839E-05  -2.753244E-05   4.542987E-04  -2.910527E-03   1.801019E-02  -1.804330E-02
           317      G     -9.442602E-06  -5.872716E-05   1.680525E-04  -2.448176E-03  -9.942728E-03  -4.090862E-03
           318      G     -1.134283E-04  -2.106220E-04   1.821602E-03   8.251566E-02   5.073833E-02   2.631907E-02
           319      G     -1.167117E-05  -4.822615E-05   8.553887E-05  -1.765499E-02  -4.406957E-03   2.888900E-04
           320      G     -4.572586E-05  -7.145008E-05   2.346699E-04  -2.390120E-02  -9.082321E-03   7.528896E-03
           321      G      2.851757E-05  -7.613131E-05   4.561543E-04  -3.028126E-03  -1.540069E-02   1.482187E-02
           322      G      8.973987E-06  -8.665488E-05   1.678991E-04  -4.592254E-03   9.359125E-03   4.664949E-03
           323      G      1.062031E-04  -2.410357E-04   1.792916E-03   7.862205E-02  -4.867550E-02  -2.811810E-02
           324      G     -4.237797E-05   6.387759E-05  -2.646897E-03   3.089944E-02  -4.528913E-02   6.369235E-04
           325      G      2.982736E-06   2.749671E-05  -2.902039E-03   6.519334E-04   1.667103E-02   9.142407E-05
           326      G     -3.981378E-05   6.210819E-05  -4.549600E-03   7.709745E-02  -5.506063E-02  -2.527023E-04
           327      G      3.225074E-05   2.193372E-05  -5.507065E-03   6.601107E-04  -9.546690E-02   2.080726E-04
           328      G     -1.189233E-05   9.623937E-05  -5.627555E-03   1.056305E-01  -1.033000E-03   3.756873E-04
           329      G     -6.146936E-06   1.775665E-05  -7.428411E-03   1.397953E-04   3.404705E-04   9.582936E-05
           330      G     -8.860353E-05   8.576243E-05   6.114523E-05  -2.290601E-02  -1.061380E-01   1.872381E-03
           331      G      1.770484E-05   2.554148E-05   4.091016E-04   1.017681E-03  -1.323539E-01  -2.440782E-04
           332      G      2.044713E-05   4.887542E-05  -2.802669E-03   3.162403E-02   4.484010E-02  -2.697533E-04
           333      G     -1.712354E-05   1.028386E-05  -3.136376E-03  -5.350568E-05  -1.561961E-02   1.048033E-04
           334      G      1.831941E-05   5.449350E-05  -4.645355E-03   7.799463E-02   5.252781E-02   5.200485E-04
           335      G     -4.396458E-05   1.372458E-05  -5.637880E-03   5.144028E-05   9.065541E-02   1.523359E-04
           336      G      6.554422E-05   5.750138E-05  -8.769271E-05  -2.738837E-02   1.073336E-01  -1.946982E-03
           337      G     -3.427809E-05   6.368524E-06   2.150787E-04  -1.453314E-04   1.355171E-01   2.154073E-04
           338      G     -3.478528E-05  -1.153267E-05  -2.712495E-03  -2.822376E-02  -4.452634E-02  -2.690662E-04
           339      G     -3.326215E-05  -1.834885E-05  -4.604295E-03  -7.576059E-02  -5.454950E-02   5.306123E-04
           340      G     -3.978648E-06  -6.140096E-05  -5.664353E-03  -1.047453E-01  -4.837345E-04   3.488138E-05
           341      G     -7.782583E-05  -1.430211E-05  -1.998541E-05   2.910159E-02  -1.062710E-01  -1.939849E-03
           342      G      2.720075E-05  -2.825202E-05  -2.816605E-03  -3.127793E-02   4.506326E-02   3.727609E-04
           343      G      2.553529E-05  -2.695042E-05  -4.667240E-03  -7.753128E-02   5.290616E-02  -3.207990E-04
1                                                       **STUDENT EDITION*    APRIL  17, 2026  MSC Nastran  3/ 3/26   PAGE    64
     DEFAULT                                                                                                                        
0                                                                                                            SUBCASE 1              
      EIGENVALUE =  2.459240E+06
          CYCLES =  2.495862E+02         R E A L   E I G E N V E C T O R   N O .          6
 
      POINT ID.   TYPE          T1             T2             T3             R1             R2             R3
           344      G      7.257650E-05  -4.477802E-05  -9.264645E-05   2.785223E-02   1.078845E-01   2.156298E-03
           400      G      3.119868E-06   2.409958E-04   1.219230E-04   3.493977E-02  -4.983391E-03  -6.720248E-03
           401      G      1.420401E-05   6.701476E-04   1.404874E-04   9.642034E-02   1.063845E-02   5.669977E-04
           402      G     -1.733619E-05   2.964738E-04   1.959728E-04   4.892215E-02  -5.186430E-05  -1.878115E-05
           403      G     -9.254797E-05   2.075488E-04   6.385880E-04  -3.783763E-03  -1.447306E-02  -1.115833E-03
           404      G     -1.824545E-05   3.207616E-06   2.883981E-04   7.110596E-04   1.505844E-02   1.287700E-04
           405      G      6.495730E-04   1.990489E-04   1.717126E-03  -7.777318E-02  -1.025835E-01   5.993504E-03
           406      G      8.246793E-04   2.960802E-05   2.396190E-03   6.337580E-04  -1.356417E-01   1.156828E-03
           407      G     -3.744646E-05   2.276042E-04   1.189451E-04   3.490724E-02   4.913948E-03   6.824296E-03
           408      G     -4.810873E-05   6.637523E-04   1.397382E-04   9.644888E-02  -1.073152E-02  -3.581396E-04
           409      G      5.747580E-05   1.778445E-04   6.179511E-04  -4.558002E-03   1.459228E-02   1.359346E-03
           410      G     -1.572559E-05  -1.762872E-05   2.795113E-04   7.155610E-04  -1.564942E-02   2.478739E-04
           411      G     -6.722079E-04   1.665685E-04   1.647630E-03  -7.618520E-02   1.020383E-01  -5.655792E-03
           412      G     -8.380178E-04   4.678669E-06   2.304991E-03  -7.740843E-05   1.351643E-01   1.008301E-04
           413      G      2.139665E-05  -1.887268E-04   1.165293E-04  -3.480334E-02  -5.009960E-03   6.865528E-03
           414      G      3.214519E-05  -6.239172E-04   1.353205E-04  -9.624504E-02   1.067835E-02  -3.927487E-04
           415      G      8.689452E-07  -2.553458E-04   1.908859E-04  -4.859036E-02   4.891777E-05   1.401956E-04
           416      G     -7.304882E-05  -1.407944E-04   6.231449E-04   5.028410E-03  -1.525790E-02   1.010864E-03
           417      G      4.800338E-07   5.603056E-05   2.792412E-04  -7.171768E-04   1.559323E-02   6.374111E-05
           418      G      6.567407E-04  -1.293658E-04   1.688724E-03   7.708590E-02  -1.022113E-01  -6.028530E-03
           419      G     -1.973326E-05  -2.025605E-04   1.188796E-04  -3.494136E-02   5.032004E-03  -6.545721E-03
           420      G     -3.027895E-05  -6.311639E-04   1.372005E-04  -9.635533E-02  -1.060760E-02   6.288615E-04
           421      G      7.560701E-05  -1.682139E-04   6.225144E-04   4.355608E-03   1.486617E-02  -1.132361E-03
           422      G      2.086592E-06   3.514883E-05   2.814522E-04  -9.490658E-04  -1.557755E-02   1.590400E-05
           423      G     -6.635982E-04  -1.573239E-04   1.650892E-03   7.614709E-02   1.022002E-01   5.828939E-03
           424      G      1.941868E-04   2.121063E-04  -3.405501E-02   5.207871E-01  -3.774592E-01   1.229976E-02
           425      G      7.097349E-04   2.642156E-05  -3.983041E-02   1.047471E-04  -1.196314E-01   1.760285E-04
           426      G      8.402765E-05   1.053779E-04  -4.669111E-02   7.701434E-01  -3.002965E-01   3.155251E-05
           427      G      4.239936E-04   2.314549E-05  -5.552305E-02  -1.607611E-05  -4.161158E-01   1.111792E-04
           428      G     -1.171205E-05   4.638108E-04  -5.059055E-02   8.170972E-01  -4.577309E-04   1.530939E-04
           429      G     -6.836572E-06   1.985875E-05  -6.111534E-02   8.800570E-05  -2.196134E-04   1.193942E-04
           430      G      3.651186E-04   7.748021E-05  -1.596724E-02   2.720443E-01  -7.761771E-01   5.685242E-03
           431      G      9.768172E-04   3.006439E-05  -2.033092E-02   5.097140E-04  -8.148281E-01  -2.335317E-04
           432      G     -2.173303E-04   1.986573E-04  -3.410459E-02   5.216774E-01   3.764718E-01  -1.204826E-02
           433      G     -7.233726E-04   1.261416E-05  -3.989422E-02  -8.993522E-07   1.192001E-01   1.297812E-04
           434      G     -1.075924E-04   9.856869E-05  -4.671658E-02   7.706099E-01   2.996166E-01   2.135352E-04
           435      G     -4.374723E-04   1.625788E-05  -5.555729E-02   1.983038E-06   4.148660E-01   1.381235E-04
           436      G     -3.879732E-04   5.686458E-05  -1.603378E-02   2.733639E-01   7.761997E-01  -5.394633E-03
           437      G     -9.901558E-04   8.611071E-06  -2.041439E-02  -5.568136E-05   8.142649E-01   1.518951E-04
           438      G      2.025416E-04  -1.594854E-04  -3.407147E-02  -5.207086E-01  -3.767139E-01  -1.210411E-02
           439      G      9.279137E-05  -5.895479E-05  -4.669948E-02  -7.700567E-01  -3.003329E-01   1.937705E-04
           440      G     -3.087991E-06  -4.240757E-04  -5.059719E-02  -8.172782E-01  -2.899891E-04   7.578520E-05
           441      G      3.725816E-04  -1.922512E-05  -1.599450E-02  -2.721495E-01  -7.763571E-01  -5.423374E-03
           442      G     -2.086434E-04  -1.735145E-04  -3.410693E-02  -5.217073E-01   3.765265E-01   1.223000E-02
           443      G     -9.901296E-05  -6.591421E-05  -4.672047E-02  -7.706413E-01   2.996842E-01   2.712437E-05
           444      G     -3.792566E-04  -3.949011E-05  -1.603405E-02  -2.733142E-01   7.763270E-01   5.640760E-03
           445      G     -2.303578E-04   4.407928E-04   6.724207E-04  -1.581338E-02  -1.073262E-02  -9.768783E-03
           446      G     -1.870845E-04   1.604307E-04   3.500326E-04  -4.812213E-03  -1.008688E-02   8.186729E-04
           447      G     -1.148365E-04   5.618643E-05   1.762575E-04   2.846889E-04  -3.162405E-03   3.898291E-03
           448      G     -5.653446E-05   1.253274E-05   1.457048E-04   1.427250E-03   2.448426E-03   3.141239E-03
1                                                       **STUDENT EDITION*    APRIL  17, 2026  MSC Nastran  3/ 3/26   PAGE    65
     DEFAULT                                                                                                                        
0                                                                                                            SUBCASE 1              
      EIGENVALUE =  2.459240E+06
          CYCLES =  2.495862E+02         R E A L   E I G E N V E C T O R   N O .          6
 
      POINT ID.   TYPE          T1             T2             T3             R1             R2             R3
           449      G     -1.915555E-05  -4.986674E-06   1.821077E-04   1.674357E-02  -3.674511E-05   2.138366E-04
           450      G     -4.153007E-05   3.427995E-04   1.707268E-03  -2.547857E-02  -3.870403E-02  -1.664395E-02
           451      G     -4.292148E-06   2.885322E-05   2.257762E-03   3.623243E-04  -6.188898E-02   3.580102E-04
           452      G      1.865915E-04   3.992011E-04   6.493516E-04  -1.478567E-02   1.024267E-02   9.603123E-03
           453      G      1.451374E-04   1.362168E-04   3.397935E-04  -4.733840E-03   9.791088E-03  -4.659014E-04
           454      G      7.471954E-05   4.149872E-05   1.728436E-04   9.711835E-05   3.042536E-03  -3.520392E-03
           455      G      1.758916E-05   5.432402E-06   1.447322E-04   1.098475E-03  -2.501810E-03  -2.776418E-03
           456      G      1.532810E-05   3.060749E-04   1.640301E-03  -2.451228E-02   3.734413E-02   1.629681E-02
           457      G     -1.008831E-05   5.538459E-06   2.175629E-03  -4.227071E-05   5.957674E-02   1.306248E-04
           458      G     -2.074538E-04  -3.762934E-04   6.553130E-04   1.531148E-02  -1.033100E-02   9.707418E-03
           459      G     -1.650557E-04  -1.057872E-04   3.402271E-04   4.732346E-03  -9.921755E-03  -6.060948E-04
           460      G     -9.372210E-05  -8.291742E-06   1.700165E-04  -3.568835E-04  -3.084761E-03  -3.637445E-03
           461      G     -3.605055E-05   2.922346E-05   1.405080E-04  -1.379801E-03   2.437260E-03  -2.861206E-03
           462      G      1.186975E-06   4.069746E-05   1.773772E-04  -1.658380E-02   1.269444E-06   4.548686E-05
           463      G     -3.132072E-05  -2.827362E-04   1.684215E-03   2.581989E-02  -3.787593E-02   1.708268E-02
           464      G      2.071012E-04  -3.884546E-04   6.539667E-04   1.481200E-02   1.029013E-02  -9.380194E-03
           465      G      1.656246E-04  -1.189111E-04   3.420101E-04   4.783402E-03   9.884965E-03   6.986361E-04
           466      G      9.518090E-05  -1.779746E-05   1.726965E-04  -6.238955E-05   3.130104E-03   3.754239E-03
           467      G      3.810170E-05   2.430068E-05   1.420385E-04  -9.963994E-04  -2.396861E-03   2.987356E-03
           468      G      2.529707E-05  -2.951264E-04   1.643444E-03   2.444191E-02   3.741152E-02  -1.605187E-02
           469      G     -9.885387E-05   3.334477E-04   1.141176E-03  -2.719678E-02  -2.426211E-02   1.140349E-02
           470      G     -8.035623E-05   1.595685E-04   6.895717E-04  -2.627321E-02  -1.553151E-02   4.242324E-03
           471      G     -5.821154E-05   3.996794E-05   2.352773E-04  -2.302045E-03  -1.243986E-02   2.503902E-03
           472      G     -3.682774E-05   4.427870E-06  -8.709873E-05   1.633934E-02  -7.915057E-03   7.143494E-04
           473      G     -1.580050E-05  -7.094576E-06  -2.352778E-04   2.072387E-02   1.185111E-03   1.049388E-04
           474      G     -1.280161E-05   1.065120E-04   1.073634E-03  -9.067564E-03  -1.904775E-02   6.121381E-03
           475      G     -8.412908E-06   3.878841E-05   3.171160E-04  -4.941208E-03  -2.644648E-02   1.591749E-03
           476      G     -1.156040E-05   4.653629E-06  -4.368170E-04   1.456265E-02  -1.904555E-02   1.011802E-03
           477      G     -1.220510E-05  -4.494285E-06  -7.175484E-04   2.078500E-02   3.289099E-03   1.223744E-04
           478      G     -1.077774E-05   1.548809E-04   2.124263E-03  -1.566067E-02  -4.907291E-02   4.771683E-03
           479      G      3.061637E-05   8.197225E-05   1.301578E-03  -1.218157E-02  -2.238563E-02   9.920198E-04
           480      G      1.933737E-05   2.888305E-05   3.720718E-04  -1.166976E-03  -3.422628E-02   1.144335E-03
           481      G      5.036511E-06   1.236441E-05  -6.745253E-04   7.467697E-03  -2.812346E-02   5.937128E-04
           482      G      3.635368E-05   2.710418E-05   1.360390E-03   1.529198E-04  -2.221639E-02   5.856978E-05
           483      G      3.165734E-05   2.389888E-05   3.790450E-04   2.138473E-04  -3.437571E-02   1.228803E-04
           484      G      1.253866E-05   2.089525E-05  -7.568868E-04   1.343184E-04  -3.412799E-02   1.146743E-04
           485      G     -8.949006E-06   4.496506E-06  -1.078743E-03   1.306753E-02   4.952397E-03   1.228239E-04
           486      G     -6.045576E-06   1.786626E-05  -1.226699E-03   7.545344E-05   5.880508E-03   1.169674E-04
           487      G      6.489845E-05   2.965706E-04   1.096001E-03  -2.611525E-02   2.325294E-02  -1.073525E-02
           488      G      4.699618E-05   1.356592E-04   7.112734E-04  -2.795797E-02   1.367876E-02  -3.868961E-03
           489      G      2.557524E-05   2.643621E-05   3.138397E-04  -7.557172E-03   1.172113E-02  -2.178359E-03
           490      G      4.957575E-06  -2.048784E-06  -1.905374E-05   1.198570E-02   9.316767E-03  -4.313438E-04
           491      G     -1.304166E-05   8.489974E-05   1.153636E-03  -1.173398E-02   1.409327E-02  -5.651278E-03
           492      G     -1.679643E-05   2.560709E-05   5.316695E-04  -1.044319E-02   2.479047E-02  -1.296364E-03
           493      G     -1.313467E-05  -1.584049E-06  -2.563889E-04   9.913740E-03   2.300705E-02  -7.346794E-04
           494      G     -9.674387E-06   1.256223E-04   2.043860E-03  -1.517431E-02   4.682537E-02  -4.372425E-03
           495      G     -4.981008E-05   6.159398E-05   1.430477E-03  -1.368605E-02   1.561140E-02  -7.270549E-04
           496      G     -3.847140E-05   1.620529E-05   6.867884E-04  -4.365846E-03   3.176906E-02  -8.776439E-04
           497      G     -2.336062E-05   6.190964E-06  -4.087469E-04   4.616607E-03   3.388185E-02  -3.166815E-04
           498      G     -5.127123E-05   8.650808E-06   1.508170E-03  -2.125498E-05   1.469528E-02   1.129804E-04
1                                                       **STUDENT EDITION*    APRIL  17, 2026  MSC Nastran  3/ 3/26   PAGE    66
     DEFAULT                                                                                                                        
0                                                                                                            SUBCASE 1              
      EIGENVALUE =  2.459240E+06
          CYCLES =  2.495862E+02         R E A L   E I G E N V E C T O R   N O .          6
 
      POINT ID.   TYPE          T1             T2             T3             R1             R2             R3
           499      G     -4.543027E-05   1.183407E-05   7.296672E-04  -7.692062E-06   3.204050E-02   1.164251E-04
           500      G     -2.510599E-05   1.485490E-05  -4.583677E-04   2.638805E-05   3.976284E-02   1.160228E-04
           501      G     -8.270914E-05  -2.713815E-04   1.116331E-03   2.699991E-02  -2.367096E-02  -1.109001E-02
           502      G     -6.487345E-05  -1.049727E-04   6.752672E-04   2.614949E-02  -1.535926E-02  -3.968165E-03
           503      G     -4.272207E-05   7.795511E-06   2.247635E-04   2.195328E-03  -1.231756E-02  -2.260564E-03
           504      G     -2.146952E-05   3.728403E-05  -9.432909E-05  -1.638769E-02  -7.806148E-03  -4.879581E-04
           505      G     -5.262103E-07   4.285237E-05  -2.396037E-04  -2.071922E-02   1.277472E-03   1.224513E-04
           506      G     -2.908336E-06  -5.213031E-05   1.059665E-03   9.157846E-03  -1.901709E-02  -5.910293E-03
           507      G      1.478173E-06   8.998601E-06   3.054842E-04   5.026341E-03  -2.633706E-02  -1.348286E-03
           508      G     -1.565364E-06   3.708720E-05  -4.450261E-04  -1.452309E-02  -1.890298E-02  -7.766288E-04
           509      G     -2.215938E-06   4.023086E-05  -7.221363E-04  -2.075303E-02   3.405224E-03   1.139195E-04
           510      G     -5.646031E-06  -9.498434E-05   2.110662E-03   1.630299E-02  -4.867921E-02  -4.639267E-03
           511      G      3.537666E-05  -2.810636E-05   1.292835E-03   1.269091E-02  -2.237087E-02  -7.374949E-04
           512      G      2.423893E-05   1.900727E-05   3.641434E-04   1.431326E-03  -3.416927E-02  -9.184722E-04
           513      G      9.998416E-06   2.939051E-05  -6.802044E-04  -7.262079E-03  -2.802467E-02  -3.583452E-04
           514      G     -3.959470E-06   3.124026E-05  -1.081889E-03  -1.295739E-02   5.038665E-03   1.099261E-04
           515      G      8.012308E-05  -2.857320E-04   1.100427E-03   2.607967E-02   2.330925E-02   1.096881E-02
           516      G      6.219847E-05  -1.183574E-04   7.138725E-04   2.795427E-02   1.374527E-02   4.104385E-03
           517      G      4.080088E-05  -2.755833E-06   3.141439E-04   7.587452E-03   1.181580E-02   2.411364E-03
           518      G      2.017564E-05   3.178838E-05  -2.107321E-05  -1.195868E-02   9.391435E-03   6.672325E-04
           519      G     -3.100768E-06  -6.760086E-05   1.155623E-03   1.170476E-02   1.412543E-02   5.883705E-03
           520      G     -6.850806E-06  -1.931141E-06   5.320994E-04   1.044407E-02   2.486096E-02   1.530374E-03
           521      G     -3.165797E-06   3.130821E-05  -2.582005E-04  -9.887116E-03   2.309784E-02   9.668840E-04
           522      G     -4.691462E-06  -1.146835E-04   2.045514E-03   1.509428E-02   4.685734E-02   4.599851E-03
           523      G     -4.484631E-05  -4.426631E-05   1.431559E-03   1.362716E-02   1.562840E-02   9.629641E-04
           524      G     -3.349627E-05   7.458539E-06   6.870500E-04   4.357047E-03   3.180832E-02   1.110837E-03
           525      G     -1.837665E-05   2.352245E-05  -4.098981E-04  -4.572616E-03   3.394420E-02   5.504106E-04
          1000      G     -1.866635E-05  -9.358384E-04  -8.933187E-04   2.126772E-02  -3.130599E-04  -6.470556E-03
          1001      G     -5.920535E-04   3.720297E-05  -1.953821E-05   1.782318E-03  -1.759522E-04  -2.987958E-01
          1002      G     -1.120758E-03   1.582426E-04   1.891060E-05   5.357613E-04  -2.709480E-04  -5.623173E-01
          1003      G     -1.272437E-05   3.760211E-04  -7.971400E-01   3.131307E+01  -1.031282E-03   1.548297E-04
          1004      G     -1.100566E-03   4.801496E-04  -7.126335E-01   2.656438E+01  -4.663047E+00  -1.000416E-02
          1005      G     -1.835234E-03   5.484127E-04  -5.358894E-01   2.054941E+01  -8.332737E+00  -3.129548E-02
          1006      G     -6.743747E-06   2.440069E-06  -1.556942E+00   7.075625E-05   8.257571E-04   1.893114E-04
          1007      G     -2.491771E-03   8.140334E-06  -1.340385E+00  -1.637980E-04  -1.550180E+01   1.501194E-04
          1008      G     -5.955866E-03   1.018114E-05  -1.050349E+00  -2.937747E-04  -3.133016E+00   1.696156E-04
          1009      G     -8.213322E-04   4.949486E-04   2.080204E-05  -2.490095E-04   4.767198E-04  -3.884696E-01
          1010      G      1.595435E-04  -4.194363E-04   6.979537E-05   1.669061E-04   1.725658E-05   1.365990E-01
          1011      G     -3.338359E-03   2.987831E-04  -2.526735E-01   9.504578E+00  -1.204313E+01  -4.457505E-02
          1012      G     -4.622522E-03  -7.550481E-04  -1.172933E-02  -1.645523E+00  -2.842129E+00   7.103302E+00
          1013      G     -6.055229E-03   1.701838E-05  -5.350241E-01   1.519505E-03  -3.176680E+01   2.998834E-04
          1014      G     -7.055185E-03   2.374346E-05  -1.834917E-02   2.336790E-03  -3.684387E+00  -1.352667E-03
          1015      G      5.545513E-04   2.861267E-05  -1.879141E-05   1.810350E-03   1.635569E-04   2.821861E-01
          1016      G      1.086065E-03   1.453040E-04   1.933545E-05   5.661996E-04   2.584430E-04   5.471098E-01
          1017      G      1.075032E-03   4.714059E-04  -7.126685E-01   2.656469E+01   4.662516E+00   1.044279E-02
          1018      G      1.811066E-03   5.182396E-04  -5.359541E-01   2.054967E+01   8.331409E+00   3.152176E-02
          1019      G      2.479772E-03  -2.310645E-06  -1.340451E+00   2.748801E-04   1.549610E+01   1.569311E-04
          1020      G      5.939281E-03  -5.533606E-06  -1.050474E+00   4.853056E-04   3.134979E+00   1.465087E-04
          1021      G      7.998186E-04   4.076301E-04   1.842127E-05  -2.652198E-04  -4.616106E-04   4.004389E-01
          1022      G     -2.043444E-04  -3.948321E-04   6.792675E-05   1.835092E-04   1.927275E-05  -1.389376E-01
1                                                       **STUDENT EDITION*    APRIL  17, 2026  MSC Nastran  3/ 3/26   PAGE    67
     DEFAULT                                                                                                                        
0                                                                                                            SUBCASE 1              
      EIGENVALUE =  2.459240E+06
          CYCLES =  2.495862E+02         R E A L   E I G E N V E C T O R   N O .          6
 
      POINT ID.   TYPE          T1             T2             T3             R1             R2             R3
          1023      G      3.298799E-03   2.778795E-04  -2.527692E-01   9.503914E+00   1.204219E+01   4.472352E-02
          1024      G      4.581418E-03  -7.962720E-04  -1.182028E-02  -1.648761E+00   2.844137E+00  -7.165414E+00
          1025      G      6.040577E-03  -9.116014E-06  -5.351495E-01   6.497322E-04   3.176573E+01   1.564747E-04
          1026      G      7.042000E-03  -1.303006E-05  -1.844565E-02   1.253079E-04   3.687785E+00  -4.217856E-03
          1027      G      7.244070E-06   9.400926E-04  -8.961976E-04  -2.112849E-02   3.069287E-04  -4.756038E-03
          1028      G     -5.626489E-04  -3.720687E-05  -2.064231E-05  -1.832073E-03  -1.669597E-04   2.787681E-01
          1029      G     -1.091577E-03  -1.181869E-04   1.760322E-05  -5.747878E-04  -2.618715E-04   5.424016E-01
          1030      G      2.495840E-06  -3.731166E-04  -7.971481E-01  -3.131222E+01  -8.961446E-04   1.762054E-04
          1031      G     -1.087644E-03  -4.656004E-04  -7.126390E-01  -2.656279E+01  -4.663199E+00   1.044687E-02
          1032      G     -1.820484E-03  -5.174471E-04  -5.359008E-01  -2.054682E+01  -8.331960E+00   3.162136E-02
          1033      G     -7.980403E-04  -4.237159E-04   2.032150E-05   2.803577E-04   4.659338E-04   3.937183E-01
          1034      G      2.055765E-04   4.107357E-04   6.963327E-05  -1.604292E-04  -1.050275E-05  -1.448380E-01
          1035      G     -3.310192E-03  -2.687188E-04  -2.527234E-01  -9.502428E+00  -1.204115E+01   4.486643E-02
          1036      G     -4.597338E-03   8.014647E-04  -1.180360E-02   1.649104E+00  -2.842368E+00  -7.155381E+00
          1037      G      5.791859E-04  -2.819657E-05  -1.872518E-05  -1.793383E-03   1.683621E-04  -2.964621E-01
          1038      G      1.110074E-03  -1.601663E-04   1.951168E-05  -5.523274E-04   2.632876E-04  -5.610747E-01
          1039      G      1.088724E-03  -4.752776E-04  -7.126783E-01  -2.656429E+01   4.662417E+00  -1.015831E-02
          1040      G      1.824141E-03  -5.296198E-04  -5.359670E-01  -2.054956E+01   8.331295E+00  -3.123934E-02
          1041      G      8.232543E-04  -4.272978E-04   1.856654E-05   2.662634E-04  -4.598645E-04  -4.101318E-01
          1042      G      3.312822E-03  -2.960199E-04  -2.527851E-01  -9.503941E+00   1.204207E+01  -4.444700E-02
          1043      G      4.594739E-03   7.710735E-04  -1.182314E-02   1.649388E+00   2.845352E+00   7.158551E+00
          1044      G     -1.790422E-04   3.745473E-04   6.810867E-05  -1.808907E-04   1.961729E-05   1.281390E-01
          2000      G      1.078981E-05   1.453383E-03   1.511665E-03  -1.102358E-01  -7.668244E-04   1.956103E-02
          2001      G      6.052548E-04  -1.170051E-04   1.357414E-04  -2.558700E-03  -5.686822E-04   3.043929E-01
          2002      G      1.171676E-03  -1.632610E-05   1.043186E-04  -7.909517E-04  -4.396397E-04   5.866785E-01
          2003      G      6.644171E-05  -5.031856E-04   1.086720E+00  -4.271590E+01   9.056485E-02   1.201063E-03
          2004      G      1.357109E-03  -5.627813E-04   9.686964E-01  -3.624102E+01   6.449159E+00   1.620593E-02
          2005      G      2.153469E-03  -5.763355E-04   7.263641E-01  -2.806259E+01   1.136084E+01   4.489106E-02
          2006      G      1.916615E-04   1.134429E-06   2.120123E+00  -1.246090E-03   6.985178E-02   1.078225E-03
          2007      G      3.366962E-03   2.134207E-05   1.820631E+00  -8.767805E-03   2.134396E+01   1.433406E-03
          2008      G      7.873465E-03   6.740440E-05   1.421952E+00  -1.003529E-02   4.283747E+00   1.805064E-03
          2009      G      6.885441E-04  -3.196291E-04   1.694909E-05   4.831494E-04  -1.038342E-03   3.804877E-01
          2010      G     -5.820244E-04   6.120141E-04  -4.410001E-05  -3.682044E-06  -3.984634E-04  -3.049265E-01
          2011      G      3.959099E-03  -1.521101E-04   3.411081E-01  -1.319646E+01   1.634739E+01   6.094905E-02
          2012      G      5.442138E-03   1.339506E-03   1.780156E-02   1.533626E+00   3.537585E+00  -7.157555E+00
          2013      G      7.634540E-03   1.221851E-04   7.215916E-01  -6.023716E-02   4.310993E+01   1.784854E-03
          2014      G      8.600348E-03   1.604477E-04   2.452641E-02  -2.155477E-03   4.678563E+00  -2.964792E-02
          2015      G     -6.101296E-04  -1.274005E-04   1.371646E-04  -2.550680E-03   5.474626E-04  -3.045187E-01
          2016      G     -1.238572E-03  -3.397309E-05   1.056966E-04  -7.422049E-04   4.250157E-04  -6.177446E-01
          2017      G     -1.219826E-03  -5.729028E-04   9.740107E-01  -3.639513E+01  -6.251110E+00  -1.342221E-02
          2018      G     -2.034755E-03  -6.305989E-04   7.354720E-01  -2.834388E+01  -1.133098E+01  -4.093886E-02
          2019      G     -2.999809E-03  -1.706557E-05   1.830877E+00  -1.703106E-03  -2.080139E+01   8.698671E-04
          2020      G     -7.440630E-03  -2.776240E-05   1.441763E+00   2.503937E-03  -4.160921E+00   7.409714E-04
          2021      G     -8.741711E-04  -5.017810E-04   1.419983E-05   5.235004E-04   1.095920E-03  -4.532603E-01
          2022      G      3.662403E-04   4.529627E-04  -4.304650E-05  -4.993520E-05   4.645133E-04   2.137323E-01
          2023      G     -3.857993E-03  -2.565073E-04   3.458248E-01  -1.314527E+01  -1.665050E+01  -5.347065E-02
          2024      G     -5.441122E-03   9.152023E-04   1.755716E-02   2.057447E+00  -3.498987E+00   8.863056E+00
          2025      G     -7.180596E-03  -4.405390E-05   7.316119E-01   2.320366E-03  -4.383666E+01   7.393211E-04
          2026      G     -8.027883E-03  -6.066779E-05   2.408010E-02  -1.541124E-03  -4.607772E+00  -3.327506E-02
          2027      G      1.840227E-04  -1.441297E-03   1.499257E-03   1.087068E-01   3.153903E-03  -8.871647E-02
1                                                       **STUDENT EDITION*    APRIL  17, 2026  MSC Nastran  3/ 3/26   PAGE    68
     DEFAULT                                                                                                                        
0                                                                                                            SUBCASE 1              
      EIGENVALUE =  2.459240E+06
          CYCLES =  2.495862E+02         R E A L   E I G E N V E C T O R   N O .          6
 
      POINT ID.   TYPE          T1             T2             T3             R1             R2             R3
          2028      G      8.193990E-04   1.213635E-04   1.343833E-04   2.488649E-03  -5.587909E-04  -4.164141E-01
          2029      G      1.442299E-03   6.564891E-05   1.029431E-04   7.220166E-04  -4.261127E-04  -7.268581E-01
          2030      G      1.860579E-04   4.994698E-04   1.086742E+00   4.265036E+01   8.321731E-02   3.351881E-04
          2031      G      1.492412E-03   5.938340E-04   9.688096E-01   3.613616E+01   6.456143E+00  -1.386146E-02
          2032      G      2.293741E-03   6.830761E-04   7.267109E-01   2.788309E+01   1.132796E+01  -4.161971E-02
          2033      G      1.023425E-03   5.529757E-04   1.604370E-05  -4.936333E-04  -1.054508E-03  -5.322759E-01
          2034      G     -2.315403E-04  -3.163182E-04  -4.028818E-05   9.190275E-05  -4.215440E-04   1.442213E-01
          2035      G      4.106963E-03   3.532644E-04   3.422238E-01   1.294493E+01   1.633613E+01  -5.577229E-02
          2036      G      5.615145E-03  -9.081771E-04   1.803812E-02  -2.044167E+00   3.605819E+00   8.934522E+00
          2037      G     -4.607738E-04   1.263944E-04   1.371979E-04   2.568073E-03   5.531092E-04   2.281165E-01
          2038      G     -1.099477E-03   1.580204E-05   1.058853E-04   7.670765E-04   4.313726E-04   5.464595E-01
          2039      G     -1.120061E-03   5.530653E-04   9.739895E-01   3.635694E+01  -6.248994E+00   1.475636E-02
          2040      G     -1.953321E-03   5.819774E-04   7.353959E-01   2.831858E+01  -1.133516E+01   4.237796E-02
          2041      G     -7.390270E-04   4.257206E-04   1.431874E-05  -5.216479E-04   1.097898E-03   3.877473E-01
          2042      G      4.982058E-04  -5.787883E-04  -4.298846E-05   4.826225E-05   4.677372E-04  -2.775268E-01
          2043      G     -3.787702E-03   1.747442E-04   3.457158E-01   1.313088E+01  -1.664994E+01   5.499495E-02
          2044      G     -5.374051E-03  -1.036213E-03   1.753052E-02  -2.060532E+00  -3.492124E+00  -8.929226E+00
          3000      G     -1.041755E-05  -1.115397E-04   2.656975E-04   2.908473E-02   1.272437E-03  -2.692355E-03
          3001      G      3.083478E-05  -8.478816E-05   1.384279E-04   2.394838E-02   8.860997E-03  -3.748878E-02
          3002      G      5.467294E-05  -5.785490E-05   1.710249E-05   1.787454E-02   3.837517E-03   1.580157E-02
          3003      G     -6.365212E-06  -4.809479E-05  -3.892544E-03   1.505180E-01  -1.640831E-03   9.872117E-05
          3004      G      6.283898E-05  -4.333467E-05  -3.053376E-03   1.019630E-01  -4.399198E-02   4.030637E-04
          3005      G      1.376842E-04  -3.143505E-05  -1.514253E-03   5.127423E-02  -6.383234E-02   9.368681E-04
          3006      G     -3.362405E-06   1.665830E-05  -7.428433E-03   1.398121E-04   3.403942E-04   1.028592E-04
          3007      G      7.121938E-05   1.953269E-05  -5.275227E-03   8.095545E-04  -1.551496E-01   1.013830E-04
          3008      G      1.394969E-04   2.234147E-05  -2.901965E-03   6.519773E-04   1.666526E-02   8.654375E-05
          3009      G      6.194162E-05   4.185713E-06   1.428774E-04   4.322788E-03  -8.531110E-03   7.234133E-02
          3010      G      4.269918E-05   1.358945E-04   5.144976E-04  -2.886766E-03   8.818377E-03  -1.162261E-02
          3011      G      2.010721E-04   6.668421E-07   7.784253E-04  -1.521836E-02  -9.664518E-02   2.419129E-03
          3012      G      2.694918E-04   9.560698E-05   2.061891E-03  -5.943199E-02   5.050376E-02   3.307167E-01
          3013      G      2.572635E-04   2.339217E-05   5.396449E-04   1.593095E-03  -2.277028E-01   1.301595E-04
          3014      G      3.490032E-04   2.987216E-05   3.293354E-03  -6.288093E-03   6.074812E-02   3.288728E-02
          3015      G     -5.168651E-05  -9.063733E-05   1.413477E-04   2.402504E-02  -9.591672E-03   4.805599E-02
          3016      G     -7.471243E-05  -7.034775E-05   1.523821E-05   1.745014E-02  -4.507019E-03  -7.777759E-03
          3017      G     -7.557583E-05  -4.926682E-05  -3.135259E-03   1.028595E-01   4.215186E-02  -2.096081E-04
          3018      G     -1.502774E-04  -4.233376E-05  -1.643550E-03   5.189339E-02   6.249694E-02  -7.373010E-04
          3019      G     -7.713375E-05   1.374146E-05  -5.402670E-03   1.198586E-04   1.467639E-01   1.037601E-04
          3020      G     -1.452137E-04   1.071578E-05  -3.136304E-03  -5.348921E-05  -1.561390E-02   1.023011E-04
          3021      G     -7.993466E-05  -8.605092E-06   1.321607E-04   3.999842E-03   9.332634E-03  -7.147176E-02
          3022      G     -5.884502E-05   1.105434E-04   5.055631E-04   2.736677E-03  -1.597498E-02   4.045196E-02
          3023      G     -2.133468E-04  -1.704978E-05   6.387159E-04  -1.932055E-02   9.709184E-02  -2.303973E-03
          3024      G     -2.814331E-04   8.077018E-05   1.983625E-03  -7.850226E-02  -4.872112E-02  -4.220740E-01
          3025      G     -2.626345E-04   7.997645E-06   3.501992E-04  -2.733197E-04   2.306408E-01   9.908550E-05
          3026      G     -3.544360E-04   5.336197E-06   3.178958E-03  -9.536135E-05  -5.972141E-02   1.409760E-03
          3027      G      5.872547E-06   1.456365E-04   2.611717E-04  -2.912212E-02   1.118664E-04  -2.919112E-03
          3028      G      4.721536E-05   1.239352E-04   1.374752E-04  -2.348367E-02   9.366642E-03   4.194249E-02
          3029      G      7.054993E-05   1.050116E-04   1.576957E-05  -1.689799E-02   4.652616E-03  -1.125860E-02
          3030      G      1.728489E-06   8.153410E-05  -3.918152E-03  -1.486724E-01  -1.020581E-03   1.139740E-04
          3031      G      7.085530E-05   8.300704E-05  -3.093981E-03  -9.983255E-02  -4.372831E-02  -2.000569E-04
          3032      G      1.459950E-04   7.585037E-05  -1.564433E-03  -4.719024E-02  -6.279321E-02  -7.165292E-04
1                                                       **STUDENT EDITION*    APRIL  17, 2026  MSC Nastran  3/ 3/26   PAGE    69
     DEFAULT                                                                                                                        
0                                                                                                            SUBCASE 1              
      EIGENVALUE =  2.459240E+06
          CYCLES =  2.495862E+02         R E A L   E I G E N V E C T O R   N O .          6
 
      POINT ID.   TYPE          T1             T2             T3             R1             R2             R3
          3033      G      7.512229E-05   4.324128E-05   1.387212E-04  -2.444432E-03  -9.941800E-03  -7.778109E-02
          3034      G      5.111134E-05  -7.387339E-05   5.145810E-04  -2.915085E-03   1.800662E-02   5.307132E-02
          3035      G      2.106585E-04   5.197568E-05   7.029271E-04   2.121684E-02  -9.634318E-02  -2.303525E-03
          3036      G      2.823798E-04  -4.756161E-05   2.024261E-03   8.250993E-02   5.069880E-02  -4.352879E-01
          3037      G     -3.533196E-05   1.181838E-04   1.388582E-04  -2.390625E-02  -9.082599E-03  -4.876462E-02
          3038      G     -5.855013E-05   9.207977E-05   1.484734E-05  -1.765552E-02  -4.407035E-03   5.628088E-03
          3039      G     -6.756825E-05   7.686986E-05  -3.148218E-03  -1.019389E-01   4.229258E-02   4.211303E-04
          3040      G     -1.423375E-04   6.387104E-05  -1.650762E-03  -5.121948E-02   6.285334E-02   9.485732E-04
          3041      G     -6.416259E-05   2.432118E-05   1.311357E-04  -4.588813E-03   9.358112E-03   6.918070E-02
          3042      G     -4.354322E-05  -1.009390E-04   5.055560E-04  -3.032853E-03  -1.539685E-02  -3.962271E-02
          3043      G     -2.054821E-04   3.282060E-05   6.385627E-04   2.005314E-02   9.740221E-02   2.506717E-03
          3044      G     -2.734512E-04  -7.025930E-05   1.987295E-03   7.861625E-02  -4.863707E-02   4.254804E-01
          4000      G     -1.832139E-05  -8.391782E-05  -1.652705E-06   4.892321E-02  -5.184660E-05  -2.666880E-04
          4001      G     -3.756610E-05  -8.732090E-05  -2.471652E-04   9.645609E-02   1.064132E-02  -6.856778E-02
          4002      G     -6.074180E-05  -3.065312E-05  -1.911503E-05   3.495083E-02  -4.986720E-03  -5.377293E-03
          4003      G     -1.346882E-05  -2.014579E-05  -3.179590E-02   1.228445E+00  -4.446643E-04   1.207896E-04
          4004      G     -4.221060E-05  -1.233397E-06  -2.855422E-02   9.963917E-01  -1.897154E-01   6.863995E-05
          4005      G     -4.958798E-05   1.936191E-05  -2.065806E-02   7.793054E-01  -3.720133E-01  -6.383524E-04
          4006      G     -8.566620E-06   1.915793E-05  -6.111413E-02   8.800339E-05  -2.196434E-04   1.207953E-04
          4007      G     -8.685409E-05   2.239594E-05  -5.193564E-02   1.775154E-05  -6.564186E-01   1.204375E-04
          4008      G     -2.163393E-04   2.559056E-05  -3.982929E-02   1.047489E-04  -1.196855E-01   1.208732E-04
          4009      G     -3.845216E-05   6.544703E-05   3.157036E-04   7.031713E-04   1.506926E-02  -6.954797E-02
          4010      G     -5.009727E-06   3.039287E-05   5.975826E-04  -3.781801E-03  -1.446738E-02   1.035009E-01
          4011      G     -1.089860E-04   3.174192E-05  -8.513256E-03   3.562308E-01  -4.935968E-01  -9.771173E-04
          4012      G     -1.590070E-04   2.290760E-05   1.304546E-03  -7.779198E-02  -1.026207E-01   3.902639E-01
          4013      G     -2.037987E-04   2.878669E-05  -1.889944E-02  -9.721117E-06  -1.285402E+00   1.182199E-04
          4014      G     -2.414094E-04   3.159937E-05   1.848729E-03   6.337376E-04  -1.356699E-01  -4.659260E-03
          4015      G      9.423241E-07  -9.393693E-05  -2.480315E-04   9.648466E-02  -1.073439E-02   6.737306E-02
          4016      G      2.408805E-05  -4.378218E-05  -2.196169E-05   3.491832E-02   4.917297E-03   4.388798E-03
          4017      G      1.524796E-05  -7.758750E-06  -2.857469E-02   9.969456E-01   1.890827E-01   1.740539E-04
          4018      G      2.265994E-05   6.238839E-06  -2.069805E-02   7.804348E-01   3.712629E-01   8.808533E-04
          4019      G      6.981126E-05   1.589466E-05  -5.196792E-02  -7.440086E-06   6.546277E-01   1.208257E-04
          4020      G      1.992884E-04   1.262186E-05  -3.989310E-02  -8.978071E-07   1.192542E-01   1.204802E-04
          4021      G      1.767835E-06   4.559207E-05   3.079700E-04   7.077083E-04  -1.566027E-02   7.016809E-02
          4022      G     -3.159635E-05   4.382384E-06   5.795604E-04  -4.555868E-03   1.458651E-02  -1.049788E-01
          4023      G      8.205046E-05   1.231234E-05  -8.566657E-03   3.573025E-01   4.931928E-01   1.224252E-03
          4024      G      1.320304E-04  -3.362641E-06   1.237238E-03  -7.620401E-02   1.020755E-01  -3.812068E-01
          4025      G      1.868022E-04   9.473747E-06  -1.897631E-02  -6.095571E-05   1.284870E+00   1.196381E-04
          4026      G      2.242868E-04   6.347481E-06   1.759443E-03  -7.740968E-05   1.351926E-01   4.250846E-04
          4027      G      1.271669E-06   1.223957E-04  -5.412922E-06  -4.859138E-02   4.891718E-05  -1.464284E-04
          4028      G     -1.796504E-05   1.321570E-04  -2.516324E-04  -9.628080E-02   1.068123E-02   6.772499E-02
          4029      G     -4.109343E-05   8.183991E-05  -2.396038E-05  -3.481442E-02  -5.013299E-03   4.443570E-03
          4030      G     -3.496317E-06   5.848687E-05  -3.179975E-02  -1.228572E+00  -3.431585E-04   1.205637E-04
          4031      G     -3.219062E-05   4.603342E-05  -2.856077E-02  -9.963241E-01  -1.895858E-01   1.722780E-04
          4032      G     -3.954911E-05   3.189953E-05  -2.067019E-02  -7.792612E-01  -3.717267E-01   8.777572E-04
          4033      G     -1.863763E-05  -7.749190E-06   3.075800E-04  -7.092842E-04   1.560408E-02   7.093600E-02
          4034      G      1.481688E-05   3.305903E-05   5.839787E-04   5.026219E-03  -1.525213E-02  -1.066833E-01
          4035      G     -9.894521E-05   2.560719E-05  -8.530355E-03  -3.558675E-01  -4.934346E-01   1.221860E-03
          4036      G     -1.488891E-04   4.117241E-05   1.277644E-03   7.710476E-02  -1.022485E-01  -3.847091E-01
          4037      G      2.051014E-05   1.257810E-04  -2.501950E-04  -9.639111E-02  -1.061048E-02  -6.801793E-02
1                                                       **STUDENT EDITION*    APRIL  17, 2026  MSC Nastran  3/ 3/26   PAGE    70
     DEFAULT                                                                                                                        
0                                                                                                            SUBCASE 1              
      EIGENVALUE =  2.459240E+06
          CYCLES =  2.495862E+02         R E A L   E I G E N V E C T O R   N O .          6
 
      POINT ID.   TYPE          T1             T2             T3             R1             R2             R3
          4038      G      4.359713E-05   6.909433E-05  -2.216391E-05  -3.495243E-02   5.035342E-03  -5.093655E-03
          4039      G      2.517124E-05   3.958671E-05  -2.857666E-02  -9.969345E-01   1.891550E-01   6.818303E-05
          4040      G      3.253950E-05   1.901937E-05  -2.069918E-02  -7.804583E-01   3.712869E-01  -6.384948E-04
          4041      G      2.116071E-05  -2.671174E-05   3.088323E-04  -9.412192E-04  -1.558841E-02  -7.093282E-02
          4042      G     -1.236694E-05   7.977368E-06   5.822230E-04   4.353444E-03   1.486042E-02   1.053016E-01
          4043      G      9.190120E-05   6.565986E-06  -8.566717E-03  -3.572427E-01   4.932972E-01  -9.840750E-04
          4044      G      1.419273E-04   1.600837E-05   1.239850E-03   7.616592E-02   1.022374E-01   3.825799E-01
1                                                       **STUDENT EDITION*    APRIL  17, 2026  MSC Nastran  3/ 3/26   PAGE    71
     DEFAULT                                                                                                                        
0                                                                                                            SUBCASE 1              
      EIGENVALUE =  3.422492E+06
          CYCLES =  2.944363E+02         R E A L   E I G E N V E C T O R   N O .          7
 
      POINT ID.   TYPE          T1             T2             T3             R1             R2             R3
             1      G      0.0            0.0            0.0            0.0            0.0            0.0
             2      G      0.0            0.0            0.0            0.0            0.0            0.0
             3      G      0.0            0.0            0.0            0.0            0.0            0.0
             4      G      0.0            0.0            0.0            0.0            0.0            0.0
             5      G      0.0            0.0            0.0            0.0            0.0            0.0
             6      G      0.0            0.0            0.0            0.0            0.0            0.0
             7      G      0.0            0.0            0.0            0.0            0.0            0.0
             8      G      0.0            0.0            0.0            0.0            0.0            0.0
            10      G      1.786628E-05   9.972000E-07   1.574352E-05   9.119498E-06   3.449532E-05  -1.604104E-03
            11      G     -1.754198E-05   9.962107E-07  -1.577484E-05   9.163922E-06  -3.343425E-05  -1.577353E-03
            12      G      1.618083E-05  -1.377599E-06   8.088630E-05   6.081903E-05   5.635196E-05  -1.604950E-03
            13      G     -1.559580E-05  -1.299447E-06  -8.105242E-05   6.075096E-05  -5.397579E-05  -1.557792E-03
            14      G     -1.615652E-05  -1.335450E-06   8.088872E-05   6.071642E-05  -5.628982E-05   1.610169E-03
            15      G      1.609622E-05  -1.277785E-06  -8.171987E-05   6.123367E-05   5.597985E-05   1.603075E-03
            16      G     -1.786988E-05   1.047537E-06   1.571903E-05   9.026173E-06  -3.444903E-05   1.599470E-03
            17      G      1.706982E-05   8.959589E-07  -1.558118E-05   9.441238E-06   3.115907E-05   1.477068E-03
           100      G      8.543520E-06  -4.113626E-06  -1.531552E-04  -2.335820E-03  -1.891103E-03  -8.581891E-04
           101      G     -2.264733E-07  -4.462155E-06   2.105519E-06  -2.048518E-03  -5.357151E-06   1.833247E-04
           102      G      9.005620E-06  -1.520674E-05  -1.967255E-04   2.309190E-03  -8.641393E-04   3.113716E-05
           103      G     -1.531008E-07  -1.249254E-05   2.742712E-06  -3.286809E-03   1.001424E-05   3.366670E-04
           104      G      1.322718E-08  -2.503563E-05  -4.308438E-04  -1.629418E-03   8.560855E-07   8.395711E-06
           105      G     -9.114661E-08  -2.046323E-05   2.082413E-06  -4.033803E-03  -4.610070E-06  -9.020792E-07
           106      G      2.811928E-05   2.885200E-05  -8.323126E-05   6.123367E-05   5.597985E-05   1.603075E-03
           107      G      2.811928E-05  -1.393006E-05  -8.173730E-05   6.123367E-05   5.597985E-05   1.603075E-03
           108      G      1.808833E-07  -8.634195E-05  -7.895311E-04  -1.440498E-02   5.226103E-06  -5.593171E-05
           109      G      2.814783E-05   1.197397E-05  -1.588568E-05   9.441238E-06   3.115907E-05   1.477068E-03
           110      G      1.579760E-05  -3.107603E-06   1.249048E-05  -1.130340E-03  -1.348035E-03   1.333140E-03
           111      G      2.814783E-05  -2.929161E-05  -1.501517E-05   9.441238E-06   3.115907E-05   1.477068E-03
           112      G      1.077224E-05   3.418356E-06  -5.798557E-05  -5.696877E-04  -3.316612E-03  -1.570420E-04
           113      G     -3.106288E-07   9.312651E-07  -4.787635E-07   6.680743E-04   1.506039E-05  -2.435686E-04
           114      G     -3.287692E-07   1.411825E-07   1.108020E-06  -1.301159E-03   7.123643E-05   8.118202E-05
           115      G     -8.839481E-06  -4.390214E-06  -1.517150E-04  -2.294988E-03   1.909589E-03   8.300565E-04
           116      G     -9.149829E-09  -4.618379E-06   2.705296E-06  -2.036568E-03  -1.017001E-05  -1.805009E-04
           117      G     -9.082019E-06  -1.544855E-05  -1.959358E-04   2.335845E-03   8.902710E-04  -3.461333E-05
           118      G     -4.737060E-08  -1.255870E-05   3.152018E-06  -3.288055E-03  -3.875045E-06  -3.323475E-04
           119      G     -2.727923E-05   2.797925E-05  -8.252253E-05   6.075096E-05  -5.397579E-05  -1.557792E-03
           120      G     -2.727923E-05  -1.359432E-05  -8.108205E-05   6.075096E-05  -5.397579E-05  -1.557792E-03
           121      G     -2.937213E-05   1.282636E-05  -1.609433E-05   9.163922E-06  -3.343425E-05  -1.577353E-03
           122      G     -1.654113E-05  -3.587884E-06   1.307982E-05  -1.135681E-03   1.320189E-03  -1.422503E-03
           123      G     -2.937213E-05  -3.124095E-05  -1.516026E-05   9.163922E-06  -3.343425E-05  -1.577353E-03
           124      G     -1.120473E-05   3.211819E-06  -5.676449E-05  -5.784450E-04   3.304509E-03   1.643252E-04
           125      G      3.543039E-08   1.754850E-08  -1.580113E-07   6.347309E-04  -2.266618E-05   2.392045E-04
           126      G      4.093102E-08  -1.109699E-07   1.552932E-06  -1.277377E-03  -6.164230E-05  -6.234404E-05
           127      G     -9.005842E-06  -4.321231E-06   1.558401E-04  -2.346630E-03   1.928813E-03  -8.541759E-04
           128      G     -9.151626E-06  -1.505867E-05   2.005921E-04   2.315902E-03   8.823918E-04   2.858559E-05
           129      G     -3.675163E-08  -2.485091E-05   4.320399E-04  -1.584905E-03   1.973156E-06   2.258400E-06
           130      G     -2.823279E-05   2.892768E-05   8.240206E-05   6.071642E-05  -5.628982E-05   1.610169E-03
           131      G     -2.823279E-05  -1.404371E-05   8.089982E-05   6.071642E-05  -5.628982E-05   1.610169E-03
           132      G     -2.443410E-09  -8.555957E-05   7.812966E-04  -1.426511E-02   2.143484E-06  -1.626246E-06
           133      G     -2.986590E-05   1.304356E-05   1.604509E-05   9.026173E-06  -3.444903E-05   1.599470E-03
1                                                       **STUDENT EDITION*    APRIL  17, 2026  MSC Nastran  3/ 3/26   PAGE    72
     DEFAULT                                                                                                                        
0                                                                                                            SUBCASE 1              
      EIGENVALUE =  3.422492E+06
          CYCLES =  2.944363E+02         R E A L   E I G E N V E C T O R   N O .          7
 
      POINT ID.   TYPE          T1             T2             T3             R1             R2             R3
           134      G     -1.695755E-05  -3.266989E-06  -1.397821E-05  -1.179115E-03   1.392462E-03   1.496385E-03
           135      G     -2.986590E-05  -3.164163E-05   1.508267E-05   9.026173E-06  -3.444903E-05   1.599470E-03
           136      G     -1.145501E-05   3.538951E-06   5.901609E-05  -5.896652E-04   3.416676E-03  -1.627944E-04
           137      G      8.957011E-06  -4.436750E-06   1.560003E-04  -2.333746E-03  -1.945146E-03   8.565158E-04
           138      G      9.081701E-06  -1.511904E-05   2.008225E-04   2.328047E-03  -8.803171E-04  -2.642101E-05
           139      G      2.821795E-05   2.878743E-05   8.240157E-05   6.081903E-05   5.635196E-05  -1.604950E-03
           140      G      2.821795E-05  -1.404467E-05   8.089768E-05   6.081903E-05   5.635196E-05  -1.604950E-03
           141      G      2.989707E-05   1.302798E-05   1.607064E-05   9.119498E-06   3.449532E-05  -1.604104E-03
           142      G      1.688329E-05  -3.639757E-06  -1.364078E-05  -1.160261E-03  -1.384372E-03  -1.445579E-03
           143      G      2.989707E-05  -3.178668E-05   1.510692E-05   9.119498E-06   3.449532E-05  -1.604104E-03
           144      G      1.144818E-05   3.270505E-06   5.901861E-05  -5.911154E-04  -3.405274E-03   1.669564E-04
           200      G      2.912934E-05   1.167657E-05  -1.588568E-05   9.441238E-06   3.115907E-05   1.477068E-03
           201      G      2.912934E-05  -2.958901E-05  -1.501517E-05   9.441238E-06   3.115907E-05   1.477068E-03
           202      G      2.988264E-05   2.692314E-05  -8.323126E-05   6.123367E-05   5.597985E-05   1.603075E-03
           203      G      2.988264E-05  -1.585892E-05  -8.173730E-05   6.123367E-05   5.597985E-05   1.603075E-03
           204      G      1.365300E-06   8.683058E-06  -1.156877E-03   1.578610E-04   1.717557E-04  -3.725528E-04
           205      G      1.659483E-05  -8.217213E-06   1.567063E-05  -3.782673E-04  -1.383959E-03   2.229726E-03
           206      G      4.638387E-07  -2.872086E-06  -1.093530E-06   1.082494E-03  -5.611318E-05  -1.563464E-03
           207      G     -3.042531E-05   1.253770E-05  -1.609433E-05   9.163922E-06  -3.343425E-05  -1.577353E-03
           208      G     -3.042531E-05  -3.152961E-05  -1.516026E-05   9.163922E-06  -3.343425E-05  -1.577353E-03
           209      G     -2.897947E-05   2.606559E-05  -8.252253E-05   6.075096E-05  -5.397579E-05  -1.557792E-03
           210      G     -2.897947E-05  -1.550798E-05  -8.108205E-05   6.075096E-05  -5.397579E-05  -1.557792E-03
           211      G     -1.723759E-05  -1.328815E-05   1.580868E-05  -5.727900E-04   1.422956E-03  -2.567403E-03
           212      G      3.731673E-07  -4.500485E-06  -1.148799E-07   1.142947E-03  -4.773869E-05   2.361031E-03
           213      G     -3.095105E-05   1.275924E-05   1.604509E-05   9.026173E-06  -3.444903E-05   1.599470E-03
           214      G     -3.095105E-05  -3.192595E-05   1.508267E-05   9.026173E-06  -3.444903E-05   1.599470E-03
           215      G     -3.000592E-05   2.701511E-05   8.240206E-05   6.071642E-05  -5.628982E-05   1.610169E-03
           216      G     -3.000592E-05  -1.595628E-05   8.089982E-05   6.071642E-05  -5.628982E-05   1.610169E-03
           217      G      1.694264E-08   8.495939E-06   1.144955E-03   1.430787E-04   4.017637E-06  -2.923739E-06
           218      G     -1.755705E-05  -1.283428E-05  -1.690848E-05  -5.818733E-04   1.477994E-03   2.783919E-03
           219      G      3.098367E-05   1.274072E-05   1.607064E-05   9.119498E-06   3.449532E-05  -1.604104E-03
           220      G      3.098367E-05  -3.207394E-05   1.510692E-05   9.119498E-06   3.449532E-05  -1.604104E-03
           221      G      2.999304E-05   2.687163E-05   8.240157E-05   6.081903E-05   5.635196E-05  -1.604950E-03
           222      G      2.999304E-05  -1.596047E-05   8.089768E-05   6.081903E-05   5.635196E-05  -1.604950E-03
           223      G      1.810326E-05  -1.343536E-05  -1.644882E-05  -5.910453E-04  -1.512494E-03  -2.619607E-03
           224      G      8.526637E-06   2.427436E-07  -2.108699E-04  -3.040150E-03  -3.491907E-03  -7.818461E-04
           225      G      2.726812E-07   6.328741E-06   3.064060E-06  -2.459372E-04  -3.953107E-05  -2.604325E-04
           226      G      3.507601E-06   1.213355E-05  -3.818835E-04   4.759916E-03  -8.522399E-03  -1.662632E-04
           227      G      1.632470E-07   5.101854E-06   4.906548E-06  -9.606784E-03   9.126805E-05  -2.130344E-05
           228      G      9.625316E-09  -5.074677E-07  -8.511464E-04  -2.120384E-02  -1.514042E-05   6.581898E-05
           229      G      2.367777E-07   9.837094E-06   4.676051E-06   2.905646E-04  -2.455960E-05  -4.158445E-06
           230      G      1.255363E-05   4.045960E-06  -7.902498E-05  -5.505043E-04  -4.686442E-03  -2.428480E-04
           231      G      4.642162E-07  -1.777929E-07   1.089485E-06  -2.411177E-04   3.670963E-05   1.398986E-04
           232      G     -8.502938E-06  -1.498968E-07  -2.096999E-04  -3.068589E-03   3.489689E-03   7.660689E-04
           233      G      3.016915E-07   6.075148E-06   5.185686E-06  -2.483867E-04  -3.175745E-05   2.620897E-04
           234      G     -3.017096E-06   1.217023E-05  -3.819447E-04   4.774094E-03   8.611640E-03   1.668776E-04
           235      G      2.144899E-07   4.971476E-06   5.990828E-06  -9.656068E-03   1.324366E-05   2.960845E-05
           236      G     -1.277919E-05   3.514417E-06  -7.864797E-05  -6.629585E-04   4.604240E-03   2.970387E-04
           237      G      3.538470E-07  -1.468834E-06   3.006292E-06  -2.316600E-04  -1.088538E-04  -2.755749E-04
           238      G     -8.526022E-06   1.453901E-07   2.164540E-04  -3.039851E-03   3.584849E-03  -7.935258E-04
1                                                       **STUDENT EDITION*    APRIL  17, 2026  MSC Nastran  3/ 3/26   PAGE    73
     DEFAULT                                                                                                                        
0                                                                                                            SUBCASE 1              
      EIGENVALUE =  3.422492E+06
          CYCLES =  2.944363E+02         R E A L   E I G E N V E C T O R   N O .          7
 
      POINT ID.   TYPE          T1             T2             T3             R1             R2             R3
           239      G     -3.135381E-06   1.230236E-05   3.897459E-04   4.832399E-03   8.517319E-03  -1.706306E-04
           240      G      2.252155E-07  -4.185634E-07   8.536007E-04  -2.090864E-02   2.758197E-05  -1.302823E-06
           241      G     -1.289551E-05   4.162423E-06   8.156564E-05  -6.441849E-04   4.730865E-03  -2.993288E-04
           242      G      9.130085E-06  -2.034410E-07   2.181766E-04  -3.032826E-03  -3.596858E-03   7.841367E-04
           243      G      3.657735E-06   1.218385E-05   3.910933E-04   4.860324E-03  -8.488960E-03   1.716207E-04
           244      G      1.351704E-05   3.559357E-06   8.298988E-05  -6.262844E-04  -4.793417E-03   2.970061E-04
           300      G      7.217006E-04   8.569552E-04  -9.473767E-04   9.824751E-02  -2.493056E-02   3.261473E-02
           301      G      3.003698E-04   8.673793E-04  -1.970270E-03   9.647143E-02  -2.035908E-02  -2.046039E-02
           302      G      6.528544E-05   1.223801E-03  -1.879522E-03   1.422638E-01   2.794227E-03  -1.760653E-02
           303      G      8.566777E-04  -9.863874E-05   5.541453E-05   2.812701E-02  -2.008076E-02   4.663615E-03
           304      G      6.955097E-04   3.552523E-04  -4.862720E-04   5.817899E-02  -1.536994E-02  -2.614976E-02
           305      G      1.967634E-04  -1.015334E-06   9.483627E-06  -3.073607E-03  -1.328999E-02  -2.165361E-02
           306      G     -1.706916E-07  -6.601309E-05  -2.100680E-06   1.030852E-02  -1.868593E-05  -6.242689E-05
           307      G     -7.529679E-04   9.013000E-04  -9.542549E-04   1.032141E-01   2.457824E-02  -3.683797E-02
           308      G     -2.343604E-04   8.974692E-04  -1.995668E-03   9.851730E-02   1.868912E-02   1.701624E-02
           309      G     -9.316077E-04  -1.172135E-04   5.486839E-05   3.154902E-02   2.237213E-02  -3.079860E-03
           310      G     -7.441461E-04   3.582535E-04  -4.959305E-04   5.869247E-02   1.904210E-02   2.771733E-02
           311      G     -1.927963E-04  -2.935350E-06   1.186506E-05  -2.153915E-03   1.332913E-02   2.449495E-02
           312      G      5.981123E-06  -6.545225E-05  -7.512344E-08   1.193964E-02  -6.264832E-04   1.410304E-03
           313      G     -7.810656E-04   8.840850E-04   9.488685E-04   1.019437E-01   2.460005E-02   3.548287E-02
           314      G     -2.808916E-04   8.772566E-04   1.990073E-03   9.657004E-02   2.018839E-02  -1.977565E-02
           315      G     -3.102327E-07   1.217537E-03   1.863051E-03   1.421808E-01  -3.346365E-05  -2.004342E-05
           316      G     -9.466937E-04  -1.222740E-04  -5.644177E-05   3.193681E-02   2.306597E-02   2.834060E-03
           317      G     -7.624301E-04   3.473506E-04   4.933788E-04   5.898461E-02   1.903675E-02  -2.850647E-02
           318      G     -2.044247E-04  -6.647106E-06  -1.298873E-05  -1.699222E-03   1.406995E-02  -2.431532E-02
           319      G      7.813568E-04   8.907458E-04   9.492302E-04   1.021326E-01  -2.466294E-02  -3.547151E-02
           320      G      2.805393E-04   8.806903E-04   1.990099E-03   9.663180E-02  -2.021302E-02   1.974650E-02
           321      G      9.480755E-04  -1.203659E-04  -5.631396E-05   3.199765E-02  -2.296208E-02  -2.777325E-03
           322      G      7.634217E-04   3.517078E-04   4.934179E-04   5.891853E-02  -1.915615E-02   2.855495E-02
           323      G      2.084354E-04  -4.904896E-06  -1.204737E-05  -2.325597E-03  -1.488183E-02   2.443814E-02
           324      G      1.308376E-04   7.090515E-04  -1.629796E-03  -4.526636E-02  -2.711077E-02  -1.762293E-02
           325      G     -1.161247E-06   7.205474E-04  -1.994588E-05   6.804785E-02   9.666944E-05  -5.306944E-03
           326      G      1.038904E-04   1.027875E-03  -2.505848E-03  -4.379728E-02  -1.648099E-02  -4.457935E-03
           327      G     -1.476076E-06   9.318853E-04  -9.597489E-07   4.154323E-02   6.358174E-04  -7.066007E-03
           328      G     -6.098136E-06   9.970524E-04  -2.505832E-03  -8.232162E-02  -2.605251E-03   3.037974E-03
           329      G     -1.286838E-06   1.068898E-03   6.041132E-06   1.086234E-01   1.472691E-04  -3.940507E-04
           330      G      2.131583E-04   3.730250E-04  -8.135979E-04  -1.963473E-02  -3.779934E-02  -1.040349E-02
           331      G      1.033696E-06   3.754031E-04  -1.329213E-05   3.112647E-02  -7.726438E-04  -1.769954E-02
           332      G     -1.176968E-04   7.406255E-04  -1.642638E-03  -4.688044E-02   2.702708E-02   1.912063E-02
           333      G      2.730630E-06   7.382653E-04   3.104989E-05   6.941455E-02  -2.607174E-04   5.143935E-03
           334      G     -1.042547E-04   1.064514E-03  -2.560305E-03  -4.377277E-02   1.866928E-02   3.766350E-03
           335      G     -3.959295E-07   9.416471E-04   2.044120E-05   3.994292E-02   8.634729E-04   6.838274E-03
           336      G     -2.089527E-04   3.893332E-04  -8.067011E-04  -1.775584E-02   3.956732E-02   1.102308E-02
           337      G      5.186665E-06   3.874100E-04   1.974420E-05   3.091717E-02  -9.373863E-04   1.788090E-02
           338      G     -1.311223E-04   7.232136E-04   1.629052E-03  -4.564790E-02   2.695476E-02  -1.918382E-02
           339      G     -1.126308E-04   1.048452E-03   2.517401E-03  -4.271233E-02   1.728121E-02  -4.199898E-03
           340      G     -8.131623E-07   9.976308E-04   2.493101E-03  -8.056015E-02   9.164817E-04   1.139192E-04
           341      G     -2.220461E-04   3.769681E-04   7.981294E-04  -1.807671E-02   3.909393E-02  -1.098288E-02
           342      G      1.321815E-04   7.317241E-04   1.657831E-03  -4.589277E-02  -2.713185E-02   1.919968E-02
           343      G      1.118379E-04   1.054199E-03   2.548350E-03  -4.180094E-02  -1.715831E-02   4.129036E-03
1                                                       **STUDENT EDITION*    APRIL  17, 2026  MSC Nastran  3/ 3/26   PAGE    74
     DEFAULT                                                                                                                        
0                                                                                                            SUBCASE 1              
      EIGENVALUE =  3.422492E+06
          CYCLES =  2.944363E+02         R E A L   E I G E N V E C T O R   N O .          7
 
      POINT ID.   TYPE          T1             T2             T3             R1             R2             R3
           344      G      2.249670E-04   3.836993E-04   8.255001E-04  -1.741755E-02  -3.972163E-02   1.101296E-02
           400      G      8.495441E-04   4.581357E-03  -9.683339E-05   5.897637E-01  -1.769477E-01  -3.430060E-02
           401      G      7.207849E-04   3.282655E-03  -7.921794E-03   3.320651E-01   2.436391E-02   7.882731E-03
           402      G      3.272915E-06   6.567902E-03  -4.766709E-04   8.292913E-01  -9.241430E-04  -6.267914E-04
           403      G      1.093237E-03   1.922375E-04   6.421202E-04   2.568751E-03  -1.506094E-01  -7.437676E-02
           404      G      1.309970E-03   1.198431E-03  -2.483276E-03   2.079592E-01   2.685961E-02  -3.359357E-02
           405      G      6.387396E-04  -3.520612E-04  -2.722267E-04   5.683044E-02  -5.162884E-02  -2.686997E-02
           406      G     -3.504800E-06  -6.940854E-04  -2.551456E-06  -2.278445E-04   4.602924E-04   1.966296E-02
           407      G     -8.447200E-04   4.583990E-03  -1.214547E-04   5.902594E-01   1.773430E-01   3.463419E-02
           408      G     -7.128777E-04   3.282999E-03  -7.955452E-03   3.321624E-01  -2.470527E-02  -8.229880E-03
           409      G     -1.099544E-03   1.870507E-04   6.439247E-04   1.863844E-03   1.516149E-01   7.434025E-02
           410      G     -1.316280E-03   1.197155E-03  -2.498305E-03   2.081511E-01  -2.650022E-02   3.263334E-02
           411      G     -6.374519E-04  -3.558209E-04  -2.682841E-04   5.703305E-02   5.158585E-02   2.713712E-02
           412      G      5.715786E-06  -6.954623E-04  -3.003920E-07  -2.689352E-04  -5.549817E-04  -1.937603E-02
           413      G     -8.543802E-04   4.576661E-03   1.128771E-04   5.893602E-01   1.773408E-01  -3.439677E-02
           414      G     -7.223330E-04   3.262817E-03   7.943685E-03   3.296336E-01  -2.458033E-02   9.269421E-03
           415      G      6.335029E-07   6.500676E-03   4.703150E-04   8.214305E-01   1.795851E-05   6.300761E-06
           416      G     -1.108557E-03   1.848964E-04  -6.471749E-04   2.032695E-03   1.519790E-01  -7.428290E-02
           417      G     -1.325766E-03   1.193593E-03   2.492604E-03   2.081333E-01  -2.648330E-02  -3.261626E-02
           418      G     -6.472142E-04  -3.564315E-04   2.665249E-04   5.667577E-02   5.271742E-02  -2.694266E-02
           419      G      8.557755E-04   4.576431E-03   1.132090E-04   5.894161E-01  -1.773235E-01   3.439440E-02
           420      G      7.236448E-04   3.262604E-03   7.943945E-03   3.296474E-01   2.459899E-02  -9.263640E-03
           421      G      1.110089E-03   1.844520E-04  -6.471663E-04   2.040105E-03  -1.519868E-01   7.430905E-02
           422      G      1.327262E-03   1.193338E-03   2.492938E-03   2.081802E-01   2.648017E-02   3.260776E-02
           423      G      6.488423E-04  -3.571037E-04   2.673906E-04   5.676333E-02  -5.268123E-02   2.707282E-02
           424      G      3.098959E-04   2.847638E-03  -7.238955E-03  -3.527226E-01  -1.276981E-01   2.914452E-03
           425      G     -3.062212E-06   2.924256E-03   3.906593E-05   3.295242E-01   4.143446E-04  -3.187183E-02
           426      G      6.125166E-05   4.422184E-03  -1.199008E-02  -2.417602E-01  -5.216013E-02  -1.662775E-02
           427      G     -1.495544E-06   3.789207E-03   5.603068E-05   5.092150E-02   5.559442E-04  -2.667559E-02
           428      G      1.179239E-06   4.173068E-03  -9.852291E-03  -5.208125E-01  -6.341885E-04   1.234083E-04
           429      G      7.334170E-07   4.331281E-03   5.878927E-05   4.856829E-01  -2.840964E-06  -2.163648E-05
           430      G      3.467833E-04   1.656506E-03  -4.510219E-03  -1.408904E-01  -1.909337E-01  -3.629295E-02
           431      G     -3.767954E-06   1.416777E-03   2.038579E-05   1.155038E-01   9.551958E-04  -8.248138E-02
           432      G     -3.087133E-04   2.849290E-03  -7.266741E-03  -3.531760E-01   1.278033E-01  -3.052784E-03
           433      G      4.911005E-06   2.924456E-03   3.230948E-05   3.296298E-01  -4.607106E-04   3.191637E-02
           434      G     -5.978738E-05   4.423114E-03  -1.201651E-02  -2.422675E-01   5.167915E-02   1.657585E-02
           435      G      3.154878E-06   3.789766E-03   5.112771E-05   5.078112E-02  -6.885997E-04   2.667275E-02
           436      G     -3.440300E-04   1.656994E-03  -4.523485E-03  -1.412979E-01   1.919378E-01   3.638920E-02
           437      G      5.662034E-06   1.416270E-03   1.813860E-05   1.156439E-01  -7.503553E-04   8.244293E-02
           438      G     -3.186766E-04   2.844003E-03   7.307066E-03  -3.518502E-01   1.286044E-01   2.950957E-03
           439      G     -6.849975E-05   4.406791E-03   1.204728E-02  -2.386651E-01   4.968766E-02  -1.649750E-02
           440      G      7.385976E-07   4.156427E-03   9.848480E-03  -5.134257E-01   1.714394E-05   2.556791E-06
           441      G     -3.538005E-04   1.654839E-03   4.548165E-03  -1.408164E-01   1.926188E-01  -3.634769E-02
           442      G      3.204077E-04   2.843875E-03   7.302146E-03  -3.520302E-01  -1.286808E-01  -2.967209E-03
           443      G      7.005768E-05   4.406796E-03   1.204534E-02  -2.386929E-01  -4.979792E-02   1.649668E-02
           444      G      3.556168E-04   1.654368E-03   4.545142E-03  -1.409256E-01  -1.924716E-01   3.635024E-02
           445      G     -3.231133E-03  -3.783146E-03   1.602433E-03   9.944669E-01   1.148952E-01   2.135835E-01
           446      G     -2.871363E-03  -1.193391E-02  -1.719377E-03   1.100943E+01   7.717871E-01   4.582336E-02
           447      G     -2.747250E-03  -1.315243E-02  -1.325308E-02   1.884638E+01   1.092546E+00  -1.783659E-01
           448      G     -2.018642E-03  -1.792524E-02  -5.634061E-03   3.147554E+01   2.772747E-01  -2.029071E-01
1                                                       **STUDENT EDITION*    APRIL  17, 2026  MSC Nastran  3/ 3/26   PAGE    75
     DEFAULT                                                                                                                        
0                                                                                                            SUBCASE 1              
      EIGENVALUE =  3.422492E+06
          CYCLES =  2.944363E+02         R E A L   E I G E N V E C T O R   N O .          7
 
      POINT ID.   TYPE          T1             T2             T3             R1             R2             R3
           449      G     -2.611108E-06  -1.266909E-02  -2.247597E-02   3.057672E+01  -4.520301E-04  -3.510648E-04
           450      G      1.250460E-02  -2.705648E-03  -3.272111E-03  -3.225484E-01  -4.320892E+00   2.577075E-02
           451      G      7.725926E-07  -2.188009E-03  -3.236836E-06   2.190480E-01   5.667192E-05  -6.099627E-01
           452      G      3.236712E-03  -3.784591E-03   1.603469E-03   9.945793E-01  -1.145081E-01  -2.135884E-01
           453      G      2.877089E-03  -1.193623E-02  -1.734719E-03   1.100974E+01  -7.711511E-01  -4.551146E-02
           454      G      2.749676E-03  -1.315475E-02  -1.328051E-02   1.884705E+01  -1.092410E+00   1.785113E-01
           455      G      2.016600E-03  -1.792666E-02  -5.656336E-03   3.147598E+01  -2.778447E-01   2.027069E-01
           456      G     -1.250280E-02  -2.707704E-03  -3.268093E-03  -3.225954E-01   4.320988E+00  -2.584431E-02
           457      G      7.254870E-07  -2.190298E-03  -5.731979E-07   2.191255E-01  -1.650602E-04   6.099438E-01
           458      G      3.231417E-03  -3.784856E-03  -1.607165E-03   9.944455E-01  -1.145394E-01   2.136430E-01
           459      G      2.872129E-03  -1.193480E-02   1.728792E-03   1.100930E+01  -7.712527E-01   4.563895E-02
           460      G      2.746086E-03  -1.315294E-02   1.327184E-02   1.884645E+01  -1.092490E+00  -1.782765E-01
           461      G      2.016431E-03  -1.792509E-02   5.647924E-03   3.147522E+01  -2.775904E-01  -2.027064E-01
           462      G      9.601168E-07  -1.266822E-02   2.248057E-02   3.057640E+01  -2.460859E-07   6.133825E-06
           463      G     -1.250356E-02  -2.707116E-03   3.265297E-03  -3.225464E-01   4.321091E+00   2.586747E-02
           464      G     -3.229786E-03  -3.786653E-03  -1.607176E-03   9.944959E-01   1.145318E-01  -2.136154E-01
           465      G     -2.870428E-03  -1.193651E-02   1.729081E-03   1.100941E+01   7.712505E-01  -4.562215E-02
           466      G     -2.744288E-03  -1.315419E-02   1.327223E-02   1.884658E+01   1.092493E+00   1.782935E-01
           467      G     -2.014551E-03  -1.792577E-02   5.648173E-03   3.147532E+01   2.775920E-01   2.027220E-01
           468      G      1.250522E-02  -2.709051E-03   3.266366E-03  -3.225339E-01  -4.321197E+00  -2.584027E-02
           469      G      4.627671E-03  -3.677918E-03  -1.795370E-02  -7.131304E-01  -4.745653E+00   4.971916E-01
           470      G     -1.192599E-03  -1.210076E-02  -9.517151E-01   3.241672E+01  -4.388478E+01   5.081997E-01
           471      G     -2.721637E-03  -2.168137E-02  -2.330640E+00   9.624489E+01  -4.296060E+01   3.405702E-01
           472      G     -1.289816E-03  -2.648925E-02  -3.235221E+00   1.343668E+02  -1.839751E+01   4.042495E-01
           473      G      1.000716E-07  -3.608575E-02  -3.417013E+00   1.366487E+02  -6.209826E-04   1.399649E-04
           474      G      1.453186E-03  -7.598072E-03  -1.639172E+00   5.093847E+00  -8.382509E+01   2.489645E-01
           475      G      2.844443E-05  -1.233812E-02  -4.187720E+00   1.653820E+01  -7.988343E+01   1.720107E-01
           476      G      1.670112E-03  -1.699835E-02  -5.901124E+00   3.013185E+01  -3.954489E+01  -3.292525E-02
           477      G      7.052515E-07  -1.825837E-02  -6.389657E+00   5.260319E+01  -5.488666E-04   2.949850E-06
           478      G      1.051094E-02  -2.868381E-03  -1.149098E-02   4.094369E-01  -5.699363E+00  -2.768972E-01
           479      G      2.183617E-03  -9.654467E-04  -1.267500E+00  -3.769912E+01  -6.361940E+01  -5.140752E-01
           480      G      1.207559E-03  -1.819009E-04  -3.220145E+00  -9.984116E+01  -6.206369E+01  -3.693533E-01
           481      G      7.843639E-04   1.325859E-03  -4.619992E+00  -1.405907E+02  -3.678520E+01  -1.433194E-01
           482      G      7.857674E-07   2.041316E-03  -6.088623E-06  -5.876168E+01  -1.214001E-04   4.196583E-01
           483      G      8.895916E-07   5.298142E-03  -8.444771E-06  -1.524200E+02   7.436736E-06   5.610297E-01
           484      G      9.616566E-07   1.026922E-02  -6.784234E-06  -2.210188E+02   2.095323E-04   1.308967E-01
           485      G      9.008721E-07   3.975283E-03  -5.130910E+00  -1.554676E+02  -1.140731E-04   1.294357E-05
           486      G      9.668959E-07   1.315593E-02   1.964655E-06  -2.463586E+02   3.633116E-04   6.657578E-06
           487      G     -4.624462E-03  -3.679495E-03  -1.795226E-02  -7.132252E-01   4.745955E+00  -4.972323E-01
           488      G      1.195194E-03  -1.210322E-02  -9.517353E-01   3.241676E+01   4.388568E+01  -5.083123E-01
           489      G      2.723277E-03  -2.168415E-02  -2.330680E+00   9.624517E+01   4.296088E+01  -3.405939E-01
           490      G      1.290294E-03  -2.649125E-02  -3.235253E+00   1.343671E+02   1.839661E+01  -4.041613E-01
           491      G     -1.451396E-03  -7.600407E-03  -1.639186E+00   5.093384E+00   8.382592E+01  -2.489653E-01
           492      G     -2.686949E-05  -1.234053E-02  -4.187752E+00   1.653739E+01   7.988366E+01  -1.720021E-01
           493      G     -1.668627E-03  -1.699993E-02  -5.901150E+00   3.013120E+01   3.954424E+01   3.295933E-02
           494      G     -1.050948E-02  -2.870445E-03  -1.148703E-02   4.094969E-01   5.699373E+00   2.769053E-01
           495      G     -2.182099E-03  -9.676206E-04  -1.267500E+00  -3.769979E+01   6.361962E+01   5.140747E-01
           496      G     -1.205928E-03  -1.838785E-04  -3.220151E+00  -9.984254E+01   6.206380E+01   3.693628E-01
           497      G     -7.826272E-04   1.324626E-03  -4.619998E+00  -1.405918E+02   3.678506E+01   1.433367E-01
           498      G      6.722616E-07   2.039358E-03   8.477072E-06  -5.876226E+01  -3.029483E-04  -4.196519E-01
1                                                       **STUDENT EDITION*    APRIL  17, 2026  MSC Nastran  3/ 3/26   PAGE    76
     DEFAULT                                                                                                                        
0                                                                                                            SUBCASE 1              
      EIGENVALUE =  3.422492E+06
          CYCLES =  2.944363E+02         R E A L   E I G E N V E C T O R   N O .          7
 
      POINT ID.   TYPE          T1             T2             T3             R1             R2             R3
           499      G      7.581162E-07   5.296450E-03   1.478020E-05  -1.524212E+02  -6.328155E-05  -5.610195E-01
           500      G      8.901252E-07   1.026823E-02   1.077933E-05  -2.210198E+02   2.141180E-04  -1.308783E-01
           501      G     -4.627010E-03  -3.679177E-03   1.794786E-02  -7.131787E-01   4.745950E+00   4.971408E-01
           502      G      1.193036E-03  -1.210172E-02   9.517203E-01   3.241654E+01   4.388516E+01   5.082198E-01
           503      G      2.722062E-03  -2.168196E-02   2.330654E+00   9.624446E+01   4.296066E+01   3.405142E-01
           504      G      1.290268E-03  -2.648919E-02   3.235228E+00   1.343665E+02   1.839716E+01   4.041660E-01
           505      G      9.659503E-07  -3.608478E-02   3.417012E+00   1.366485E+02   2.631816E-04   9.147209E-06
           506      G     -1.452082E-03  -7.598658E-03   1.639170E+00   5.093464E+00   8.382521E+01   2.489215E-01
           507      G     -2.720564E-05  -1.233847E-02   4.187719E+00   1.653757E+01   7.988344E+01   1.719931E-01
           508      G     -1.668631E-03  -1.699820E-02   5.901122E+00   3.013139E+01   3.954488E+01  -3.294727E-02
           509      G      9.728658E-07  -1.825769E-02   6.389657E+00   5.260328E+01   5.690210E-04   8.735226E-06
           510      G     -1.050966E-02  -2.868961E-03   1.148423E-02   4.094579E-01   5.699492E+00  -2.769230E-01
           511      G     -2.182098E-03  -9.658030E-04   1.267490E+00  -3.769933E+01   6.361926E+01  -5.140825E-01
           512      G     -1.205905E-03  -1.820363E-04   3.220132E+00  -9.984161E+01   6.206368E+01  -3.693652E-01
           513      G     -7.825446E-04   1.325957E-03   4.619982E+00  -1.405910E+02   3.678551E+01  -1.433277E-01
           514      G      9.807777E-07   3.975632E-03   5.130913E+00  -1.554675E+02   6.205964E-04   7.109232E-06
           515      G      4.628678E-03  -3.681100E-03   1.794868E-02  -7.131693E-01  -4.746029E+00  -4.971462E-01
           516      G     -1.191360E-03  -1.210348E-02   9.517306E-01   3.241701E+01  -4.388548E+01  -5.082172E-01
           517      G     -2.720302E-03  -2.168335E-02   2.330671E+00   9.624538E+01  -4.296073E+01  -3.405061E-01
           518      G     -1.288390E-03  -2.648997E-02   3.235242E+00   1.343672E+02  -1.839682E+01  -4.041534E-01
           519      G      1.453686E-03  -7.600493E-03   1.639191E+00   5.093755E+00  -8.382600E+01  -2.489211E-01
           520      G      2.893615E-05  -1.233992E-02   4.187757E+00   1.653811E+01  -7.988360E+01  -1.719838E-01
           521      G      1.670511E-03  -1.699903E-02   5.901151E+00   3.013181E+01  -3.954413E+01   3.296109E-02
           522      G      1.051124E-02  -2.871061E-03   1.148597E-02   4.094928E-01  -5.699657E+00   2.769289E-01
           523      G      2.183659E-03  -9.676908E-04   1.267513E+00  -3.769949E+01  -6.362008E+01   5.140916E-01
           524      G      1.207587E-03  -1.835576E-04   3.220173E+00  -9.984198E+01  -6.206386E+01   3.693749E-01
           525      G      7.844192E-04   1.325075E-03   4.620014E+00  -1.405913E+02  -3.678471E+01   1.433388E-01
          1000      G     -4.257121E-07   2.918656E-05  -7.307908E-04  -1.439932E-02   5.225683E-06  -2.679755E-04
          1001      G      1.438082E-06  -1.254074E-05  -8.255416E-05   5.479500E-05   4.793978E-05  -1.511656E-02
          1002      G      1.363457E-06   2.661872E-05  -8.342801E-05   6.802730E-05   5.481778E-05  -1.516818E-02
          1003      G     -3.461669E-07   4.276114E-06  -2.829829E-04  -8.751441E-03   1.357109E-05   3.611670E-06
          1004      G      2.680013E-07   1.386031E-05  -7.006772E-05  -1.336724E-03   1.780086E-04  -2.181449E-05
          1005      G      1.908376E-06   3.003542E-06  -6.716177E-05  -1.266058E-03  -4.481159E-04  -7.506686E-06
          1006      G     -1.291635E-07   1.226587E-05   2.082382E-06  -4.033935E-03  -4.608942E-06   3.925473E-06
          1007      G     -1.794949E-07   6.906341E-06   2.606612E-06  -1.800941E-03   3.516255E-05  -5.801619E-06
          1008      G     -2.717431E-07   1.225076E-05   2.105459E-06  -2.048529E-03  -5.353302E-06  -2.831762E-05
          1009      G     -1.069103E-06  -1.237495E-05  -1.504135E-05   2.221481E-06   3.360243E-05  -1.662873E-02
          1010      G      8.698266E-06   2.948412E-05  -1.581188E-05   1.354203E-05   2.686277E-05  -1.079230E-02
          1011      G      4.837205E-06   1.412286E-05  -2.398108E-05   1.963190E-04  -1.045939E-03   8.544823E-06
          1012      G      4.800277E-06   3.341491E-06   7.086151E-06  -1.130230E-03  -1.348078E-03   4.743880E-05
          1013      G     -2.046005E-07   6.599937E-06   1.018825E-06  -1.729238E-03   8.484450E-05  -9.920458E-05
          1014      G     -1.915863E-07   8.495120E-06  -4.186366E-07   6.682605E-04   1.504932E-05  -6.244996E-03
          1015      G     -2.347756E-06  -1.225282E-05  -8.189776E-05   5.451954E-05  -4.595028E-05   1.419070E-02
          1016      G     -2.283083E-06   2.578402E-05  -8.271781E-05   6.741002E-05  -5.284333E-05   1.423738E-02
          1017      G     -8.688323E-07   1.366838E-05  -6.924517E-05  -1.335246E-03  -1.596036E-04   3.047814E-05
          1018      G     -2.529136E-06   2.478650E-06  -6.597993E-05  -1.271450E-03   4.536015E-04   1.335058E-05
          1019      G     -1.176043E-07   6.724872E-06   2.996299E-06  -1.792821E-03  -7.210911E-06   1.201439E-05
          1020      G     -9.122834E-08   1.199705E-05   2.705288E-06  -2.036578E-03  -1.017189E-05   3.522924E-05
          1021      G      2.827650E-07  -1.398292E-05  -1.517900E-05   1.580192E-06  -3.606081E-05   1.697871E-02
          1022      G     -1.007101E-05   3.007236E-05  -1.601117E-05   1.353423E-05  -2.886525E-05   1.079348E-02
1                                                       **STUDENT EDITION*    APRIL  17, 2026  MSC Nastran  3/ 3/26   PAGE    77
     DEFAULT                                                                                                                        
0                                                                                                            SUBCASE 1              
      EIGENVALUE =  3.422492E+06
          CYCLES =  2.944363E+02         R E A L   E I G E N V E C T O R   N O .          7
 
      POINT ID.   TYPE          T1             T2             T3             R1             R2             R3
          1023      G     -5.842216E-06   1.367420E-05  -2.302843E-05   1.745764E-04   1.048615E-03  -2.106059E-06
          1024      G     -5.770562E-06   2.444887E-06   7.786238E-06  -1.135565E-03   1.320237E-03  -1.875942E-04
          1025      G     -1.147834E-07   6.108136E-06   1.424739E-06  -1.721177E-03  -8.141177E-05   1.100805E-04
          1026      G     -1.489843E-07   7.752930E-06  -6.718877E-08   6.349287E-04  -2.266981E-05   6.199419E-03
          1027      G      1.080945E-07   2.884882E-05   7.231272E-04  -1.425951E-02   2.143244E-06  -4.479017E-05
          1028      G     -1.793822E-06  -1.265922E-05   8.170919E-05   5.431010E-05  -4.832812E-05  -1.500424E-02
          1029      G     -1.745723E-06   2.667639E-05   8.259782E-05   6.760543E-05  -5.514082E-05  -1.504254E-02
          1030      G      2.439301E-08   4.124394E-06   2.824352E-04  -8.565503E-03   2.857372E-06   2.168232E-06
          1031      G     -6.744109E-07   1.375894E-05   7.205067E-05  -1.220372E-03  -1.688965E-04  -2.308101E-05
          1032      G     -2.322151E-06   2.714499E-06   6.842909E-05  -1.172206E-03   4.890264E-04  -3.501438E-06
          1033      G      8.393190E-07  -1.381278E-05   1.509859E-05   1.308778E-06  -3.713230E-05  -1.753705E-02
          1034      G     -9.679982E-06   3.114864E-05   1.595743E-05   1.346385E-05  -2.980900E-05  -1.125305E-02
          1035      G     -5.653493E-06   1.433926E-05   2.424354E-05   2.194436E-04   1.103685E-03   9.933224E-06
          1036      G     -5.597879E-06   3.082645E-06  -8.395381E-06  -1.179000E-03   1.392514E-03   1.324223E-04
          1037      G      2.035621E-06  -1.266977E-05   8.170762E-05   5.444865E-05   4.839181E-05   1.487131E-02
          1038      G      2.035297E-06   2.652788E-05   8.259782E-05   6.773659E-05   5.520690E-05   1.488579E-02
          1039      G      7.123138E-07   1.368239E-05   7.214449E-05  -1.216184E-03   1.687131E-04   2.844995E-05
          1040      G      2.361261E-06   2.493214E-06   6.852656E-05  -1.166189E-03  -4.910429E-04   1.041120E-05
          1041      G     -4.692414E-07  -1.413583E-05   1.512321E-05   1.432053E-06   3.716891E-05   1.737118E-02
          1042      G      5.675425E-06   1.395552E-05   2.432285E-05   2.206322E-04  -1.099367E-03  -1.966892E-06
          1043      G      5.589192E-06   2.472355E-06  -8.090191E-06  -1.160143E-03  -1.384423E-03  -2.248914E-04
          1044      G      1.012573E-05   3.069946E-05   1.598326E-05   1.359353E-05   2.981848E-05   1.104605E-02
          2000      G     -1.846314E-07   7.002205E-06  -1.155612E-03   1.552587E-04   1.716812E-04  -1.082212E-03
          2001      G      3.657567E-07  -1.479884E-05  -8.294602E-05   5.715346E-05   4.311744E-05  -1.651543E-02
          2002      G      1.072545E-06   2.456235E-05  -8.343339E-05   6.867853E-05   5.476726E-05  -1.618701E-02
          2003      G     -1.616649E-07  -2.349061E-06  -6.106010E-04  -2.719822E-02   4.059183E-05   2.902997E-06
          2004      G      2.481538E-06   6.816538E-06  -1.713010E-04   3.796909E-03  -5.483964E-03   2.527868E-05
          2005      G      3.112973E-06   5.846677E-07  -6.332932E-05  -1.481598E-03  -2.296377E-03   4.454625E-05
          2006      G      3.984327E-08   7.230084E-06   4.675936E-06   2.905038E-04  -2.455583E-05   3.496519E-06
          2007      G      5.474937E-09   2.084170E-06   4.718394E-06  -1.032229E-02   1.473630E-04  -2.059574E-05
          2008      G     -4.568051E-08   8.243925E-06   3.064067E-06  -2.461317E-04  -3.952569E-05  -1.765922E-05
          2009      G      1.362626E-07  -1.296332E-05  -1.504092E-05   2.885417E-06   3.318387E-05  -1.647833E-02
          2010      G      1.031748E-05   2.842230E-05  -1.580597E-05   1.353240E-05   2.673886E-05  -1.043984E-02
          2011      G      5.538692E-06   1.222487E-05  -9.899966E-06   1.522849E-05  -2.264833E-04   5.889340E-06
          2012      G      5.523614E-06   1.256815E-06   1.011789E-05  -3.784161E-04  -1.384194E-03  -5.449636E-03
          2013      G      3.992957E-08   4.201624E-06   8.355020E-07   1.759211E-04   1.947478E-04  -8.849019E-05
          2014      G      1.519302E-08   6.223714E-06  -1.318017E-06   1.082653E-03  -5.610860E-05  -7.268870E-03
          2015      G     -8.562091E-07  -1.449367E-05  -8.228588E-05   5.686078E-05  -4.117097E-05   1.576744E-02
          2016      G     -1.618038E-06   2.374900E-05  -8.272303E-05   6.803675E-05  -5.278914E-05   1.541150E-02
          2017      G     -2.697561E-06   6.653203E-06  -1.709675E-04   3.782468E-03   5.529206E-03  -1.777780E-05
          2018      G     -3.349059E-06   1.290120E-07  -6.237095E-05  -1.552437E-03   2.294817E-03  -3.947694E-05
          2019      G      3.257707E-08   1.910789E-06   5.657018E-06  -1.034253E-02  -6.455110E-06   2.583050E-05
          2020      G      4.977577E-08   8.009508E-06   5.185581E-06  -2.485828E-04  -3.175762E-05   2.377370E-05
          2021      G     -6.577487E-07  -1.440361E-05  -1.517862E-05   2.276770E-06  -3.561955E-05   1.699419E-02
          2022      G     -1.159952E-05   2.915658E-05  -1.600712E-05   1.359950E-05  -2.869775E-05   1.051583E-02
          2023      G     -6.098637E-06   1.188178E-05  -9.877996E-06  -9.674482E-05   1.804549E-04   2.319986E-06
          2024      G     -5.877155E-06   3.259106E-07   1.010102E-05  -5.729278E-04   1.423107E-03   7.080017E-03
          2025      G      3.186317E-08   3.711555E-06   2.751533E-06   1.599546E-04  -1.422315E-04   9.745047E-05
          2026      G     -5.918553E-09   5.571804E-06   7.643583E-08   1.143114E-03  -4.774355E-05   7.200062E-03
          2027      G      2.151621E-07   6.933547E-06   1.143651E-03   1.405405E-04   4.018287E-06  -8.000603E-05
1                                                       **STUDENT EDITION*    APRIL  17, 2026  MSC Nastran  3/ 3/26   PAGE    78
     DEFAULT                                                                                                                        
0                                                                                                            SUBCASE 1              
      EIGENVALUE =  3.422492E+06
          CYCLES =  2.944363E+02         R E A L   E I G E N V E C T O R   N O .          7
 
      POINT ID.   TYPE          T1             T2             T3             R1             R2             R3
          2028      G     -4.299249E-07  -1.489532E-05   8.209556E-05   5.662903E-05  -4.356855E-05  -1.655349E-02
          2029      G     -1.202711E-06   2.464208E-05   8.260327E-05   6.823549E-05  -5.509199E-05  -1.619193E-02
          2030      G      1.500847E-07  -2.444982E-06   6.095140E-04  -2.675449E-02   3.324454E-05   1.838030E-06
          2031      G     -2.529080E-06   6.798161E-06   1.756959E-04   3.965680E-03   5.439309E-03   2.362441E-05
          2032      G     -3.176543E-06   3.611995E-07   6.625676E-05  -1.396899E-03   2.432571E-03   4.710307E-05
          2033      G     -2.250631E-07  -1.427661E-05   1.509823E-05   2.013661E-06  -3.668959E-05  -1.750631E-02
          2034      G     -1.133091E-05   3.014563E-05   1.595273E-05   1.351804E-05  -2.964389E-05  -1.092987E-02
          2035      G     -5.953126E-06   1.250058E-05   1.093153E-05  -4.367468E-05   2.509084E-04   3.201309E-06
          2036      G     -5.756547E-06   8.614875E-07  -1.097973E-05  -5.820235E-04   1.478165E-03  -7.300694E-03
          2037      G      8.766787E-07  -1.490950E-05   8.209390E-05   5.676814E-05   4.363565E-05   1.631932E-02
          2038      G      1.670715E-06   2.448981E-05   8.260346E-05   6.837337E-05   5.515763E-05   1.594716E-02
          2039      G      2.819031E-06   6.716418E-06   1.764669E-04   3.993806E-03  -5.439984E-03  -1.881986E-05
          2040      G      3.457538E-06   1.151563E-07   6.758123E-05  -1.352877E-03  -2.395392E-03  -4.132753E-05
          2041      G      7.170256E-07  -1.465582E-05   1.512277E-05   2.112096E-06   3.673789E-05   1.728172E-02
          2042      G      1.183088E-05   2.965455E-05   1.597872E-05   1.362703E-05   2.968106E-05   1.069996E-02
          2043      G      6.215088E-06   1.210959E-05   1.237670E-05   3.565734E-08  -2.827085E-04   2.345988E-06
          2044      G      6.027020E-06   3.065338E-07  -1.038231E-05  -5.911904E-04  -1.512669E-03   7.123461E-03
          3000      G      5.714586E-06   9.480749E-05  -2.448832E-03   1.422575E-01   2.793443E-03  -2.325467E-02
          3001      G      5.074385E-05   1.017867E-04  -2.355871E-03   9.645929E-02  -2.036081E-02  -2.339217E-02
          3002      G      9.808129E-05   7.818051E-05  -1.340568E-03   9.823982E-02  -2.493509E-02  -2.450057E-01
          3003      G      5.392161E-07   1.504307E-04  -2.172826E-03  -1.396316E-01  -1.945869E-04  -8.607593E-05
          3004      G      3.114235E-05   1.477442E-04  -2.296279E-03  -6.964149E-02  -7.740448E-03  -4.467534E-04
          3005      G      6.207415E-05   1.361212E-04  -1.336711E-03  -7.921293E-02  -4.141537E-02  -7.208333E-04
          3006      G     -1.221377E-07   2.018847E-04   6.040739E-06   1.086177E-01   1.472476E-04  -4.628902E-05
          3007      G     -3.837827E-07   1.626210E-04   4.632878E-09   1.334077E-02   1.125699E-03  -6.110043E-04
          3008      G     -4.021103E-07   1.774996E-04  -1.994595E-05   6.804342E-02   9.665468E-05  -1.111439E-03
          3009      G      1.373553E-04   1.105309E-04  -7.496470E-04   5.817529E-02  -1.537306E-02  -1.915957E-01
          3010      G      1.887805E-04   1.804261E-04  -1.374814E-04   2.813667E-02  -2.009271E-02  -2.573134E-01
          3011      G      9.183821E-05   1.352734E-04  -6.063674E-04  -3.530027E-02  -1.991041E-02  -1.311307E-03
          3012      G      9.026341E-05   8.716597E-05  -4.391131E-05  -3.071430E-03  -1.329493E-02  -1.021347E-02
          3013      G      1.055583E-07   1.248317E-04  -1.382067E-05   3.226954E-02  -2.002875E-05  -2.128026E-03
          3014      G     -3.098836E-07   7.265656E-05  -2.169918E-06   1.031152E-02  -1.859072E-05  -1.101146E-01
          3015      G     -4.204761E-05   1.152150E-04  -2.389406E-03   9.850664E-02   1.869045E-02   4.842407E-03
          3016      G     -9.361668E-05   8.318608E-05  -1.367338E-03   1.032057E-01   2.458298E-02   2.684652E-01
          3017      G     -2.827559E-05   1.531220E-04  -2.335338E-03  -7.046978E-02   7.612432E-03   3.067782E-04
          3018      G     -5.816994E-05   1.451372E-04  -1.348655E-03  -8.244786E-02   4.281404E-02   6.604987E-04
          3019      G      3.101755E-09   1.661089E-04   1.905716E-05   1.215688E-02   8.646553E-04   5.099178E-04
          3020      G      6.552170E-07   1.843297E-04   3.105014E-05   6.941014E-02  -2.607127E-04   1.020871E-03
          3021      G     -1.348885E-04   1.203557E-04  -7.687255E-04   5.868898E-02   1.904463E-02   2.009648E-01
          3022      G     -1.888924E-04   1.910614E-04  -1.608249E-04   3.155847E-02   2.238394E-02   2.839754E-01
          3023      G     -8.864313E-05   1.442904E-04  -5.908095E-04  -3.404887E-02   2.129181E-02   1.298200E-03
          3024      G     -8.603158E-05   9.660486E-05  -4.169674E-05  -2.152346E-03   1.333390E-02   1.669789E-02
          3025      G      8.848541E-07   1.334460E-04   1.986953E-05   3.213518E-02  -7.488094E-04   2.063997E-03
          3026      G      9.945135E-07   8.238867E-05   2.432386E-06   1.194230E-02  -6.265257E-04   1.198227E-01
          3027      G     -3.366948E-06   8.944000E-05   2.432050E-03   1.421736E-01  -3.346497E-05   1.413498E-03
          3028      G     -5.133607E-05   1.105116E-04   2.376042E-03   9.655947E-02   2.018975E-02  -1.473206E-02
          3029      G     -1.029797E-04   7.608351E-05   1.356861E-03   1.019351E-01   2.460472E-02  -2.763809E-01
          3030      G     -1.727832E-06   1.512481E-04   2.158083E-03  -1.384602E-01   1.008791E-03  -4.819947E-05
          3031      G     -3.255753E-05   1.484454E-04   2.301679E-03  -6.921634E-02   7.305197E-03  -4.305312E-04
          3032      G     -6.314146E-05   1.385559E-04   1.336399E-03  -8.067802E-02   4.252185E-02  -7.453273E-04
1                                                       **STUDENT EDITION*    APRIL  17, 2026  MSC Nastran  3/ 3/26   PAGE    79
     DEFAULT                                                                                                                        
0                                                                                                            SUBCASE 1              
      EIGENVALUE =  3.422492E+06
          CYCLES =  2.944363E+02         R E A L   E I G E N V E C T O R   N O .          7
 
      POINT ID.   TYPE          T1             T2             T3             R1             R2             R3
          3033      G     -1.445410E-04   1.114672E-04   7.673353E-04   5.898123E-02   1.903922E-02  -2.045094E-01
          3034      G     -1.992957E-04   1.819760E-04   1.635711E-04   3.194636E-02   2.307794E-02  -2.832860E-01
          3035      G     -9.422856E-05   1.360323E-04   5.865136E-04  -3.418532E-02   2.110869E-02  -1.394776E-03
          3036      G     -9.173884E-05   8.563439E-05   4.353997E-05  -1.697630E-03   1.407476E-02  -1.505784E-02
          3037      G      4.470198E-05   1.134476E-04   2.376313E-03   9.662120E-02  -2.021436E-02   1.780017E-02
          3038      G      9.660431E-05   8.125622E-05   1.357982E-03   1.021241E-01  -2.466763E-02   2.794488E-01
          3039      G      2.924624E-05   1.514722E-04   2.325732E-03  -6.822534E-02  -7.427054E-03   3.388643E-04
          3040      G      6.007497E-05   1.442584E-04   1.360921E-03  -8.027477E-02  -4.233594E-02   6.578924E-04
          3041      G      1.383757E-04   1.194408E-04   7.673485E-04   5.891511E-02  -1.915863E-02   2.075590E-01
          3042      G      1.930091E-04   1.919038E-04   1.635272E-04   3.200724E-02  -2.297401E-02   2.874774E-01
          3043      G      9.141982E-05   1.439945E-04   6.121401E-04  -3.323214E-02  -2.139239E-02   1.306734E-03
          3044      G      8.928327E-05   9.593048E-05   4.772572E-05  -2.324043E-03  -1.488672E-02   1.671982E-02
          4000      G      5.582714E-08   5.579921E-06  -3.802709E-03   8.291810E-01  -9.241022E-04   2.684748E-03
          4001      G      1.243068E-04   6.128765E-04  -9.240784E-03   3.321152E-01   2.435651E-02  -4.019228E-01
          4002      G      2.000283E-04  -8.155111E-05  -2.462439E-03   5.896685E-01  -1.769525E-01   4.118583E-01
          4003      G      4.866211E-07   4.409457E-04  -6.952890E-03  -5.727754E-01  -4.425444E-04   8.606095E-06
          4004      G      4.068605E-05   2.796155E-04  -8.885626E-03  -2.138115E-01  -2.774702E-02  -2.270805E-03
          4005      G      7.427857E-05   2.793883E-04  -4.990711E-03  -3.800305E-01  -1.071509E-01  -3.315946E-03
          4006      G      7.136399E-07   4.490923E-04   5.878564E-05   4.856362E-01  -2.848024E-06   6.154291E-06
          4007      G      4.740227E-07   3.603637E-04   5.218340E-05  -2.467903E-02   7.737252E-04  -1.960780E-03
          4008      G      2.328166E-07   2.915190E-04   3.906468E-05   3.294884E-01   4.143057E-04  -2.713792E-03
          4009      G      2.577657E-04   1.665284E-04  -3.256896E-03   2.079580E-01   2.684621E-02  -5.957638E-01
          4010      G      1.644724E-04  -8.352422E-05   2.746415E-05   2.559033E-03  -1.506010E-01   2.052272E-01
          4011      G      1.452503E-04   5.922743E-05  -3.364177E-03  -1.222119E-01  -1.071268E-01  -4.011570E-03
          4012      G      2.187666E-04   2.661806E-05  -4.793175E-04   5.684485E-02  -5.167473E-02  -3.874159E-01
          4013      G      2.158276E-07   1.685148E-04   1.902485E-05   7.654965E-02   1.085683E-03  -4.852273E-03
          4014      G      1.576120E-07  -3.098017E-05  -7.059688E-07  -2.197141E-04   4.603208E-04  -3.494357E-01
          4015      G     -1.239609E-04   6.124445E-04  -9.274821E-03   3.322124E-01  -2.469789E-02   3.998516E-01
          4016      G     -1.995890E-04  -8.281245E-05  -2.489050E-03   5.901641E-01   1.773478E-01  -4.159452E-01
          4017      G     -3.976596E-05   2.791263E-04  -8.906742E-03  -2.144999E-01   2.726399E-02   2.284612E-03
          4018      G     -7.346239E-05   2.786289E-04  -5.013074E-03  -3.807611E-01   1.073060E-01   3.327769E-03
          4019      G      9.661196E-07   3.600067E-04   4.784111E-05  -2.473301E-02  -9.867282E-04   1.972797E-03
          4020      G      1.240062E-06   2.908660E-04   3.230867E-05   3.295940E-01  -4.606471E-04   2.727131E-03
          4021      G     -2.576230E-04   1.655083E-04  -3.273412E-03   2.081498E-01  -2.648679E-02   5.985126E-01
          4022      G     -1.644579E-04  -8.480762E-05   2.806393E-05   1.854283E-03   1.516066E-01  -2.060334E-01
          4023      G     -1.444174E-04   5.815912E-05  -3.373177E-03  -1.228182E-01   1.079914E-01   4.027093E-03
          4024      G     -2.178322E-04   2.509044E-05  -4.752028E-04   5.704749E-02   5.163178E-02   3.890661E-01
          4025      G      1.254235E-06   1.674386E-04   1.751113E-05   7.682297E-02  -7.480374E-04   4.865580E-03
          4026      G      1.295781E-06  -3.234265E-05   1.921958E-06  -2.608009E-04  -5.550030E-04   3.489938E-01
          4027      G      1.168299E-06   1.149468E-06   3.764979E-03   8.213200E-01   1.796026E-05  -2.017686E-04
          4028      G     -1.233738E-04   6.123249E-04   9.252922E-03   3.296836E-01  -2.457317E-02  -4.054018E-01
          4029      G     -1.995643E-04  -8.296149E-05   2.476878E-03   5.892650E-01   1.773455E-01   4.108693E-01
          4030      G      9.545193E-07   4.401191E-04   6.922382E-03  -5.663570E-01  -1.171827E-05   5.986745E-06
          4031      G     -4.001567E-05   2.784545E-04   8.915112E-03  -2.113983E-01   2.554120E-02  -2.265165E-03
          4032      G     -7.388287E-05   2.791736E-04   5.037434E-03  -3.790349E-01   1.079803E-01  -3.305380E-03
          4033      G     -2.580678E-04   1.665135E-04   3.267675E-03   2.081321E-01  -2.646989E-02  -6.029688E-01
          4034      G     -1.652386E-04  -8.304462E-05  -2.919317E-05   2.023223E-03   1.519707E-01   2.033283E-01
          4035      G     -1.451074E-04   5.917957E-05   3.390746E-03  -1.221714E-01   1.081958E-01  -4.016007E-03
          4036      G     -2.185783E-04   2.640871E-05   4.779705E-04   5.669012E-02   5.276345E-02  -3.888053E-01
          4037      G      1.257103E-04   6.119992E-04   9.253236E-03   3.296975E-01   2.459183E-02   4.049590E-01
1                                                       **STUDENT EDITION*    APRIL  17, 2026  MSC Nastran  3/ 3/26   PAGE    80
     DEFAULT                                                                                                                        
0                                                                                                            SUBCASE 1              
      EIGENVALUE =  3.422492E+06
          CYCLES =  2.944363E+02         R E A L   E I G E N V E C T O R   N O .          7
 
      POINT ID.   TYPE          T1             T2             T3             R1             R2             R3
          4038      G      2.018872E-04  -8.363706E-05   2.477433E-03   5.893209E-01  -1.773282E-01  -4.112609E-01
          4039      G      4.191809E-05   2.781123E-04   8.913489E-03  -2.114746E-01  -2.560281E-02   2.277231E-03
          4040      G      7.578197E-05   2.784707E-04   5.033769E-03  -3.792644E-01  -1.080732E-01   3.316961E-03
          4041      G      2.603555E-04   1.654807E-04   3.268203E-03   2.081789E-01   2.646675E-02   6.025703E-01
          4042      G      1.675002E-04  -8.433442E-05  -2.912343E-05   2.030610E-03  -1.519785E-01  -2.037485E-01
          4043      G      1.470173E-04   5.816561E-05   3.388065E-03  -1.223586E-01  -1.080449E-01   4.026839E-03
          4044      G      2.204931E-04   2.510086E-05   4.786914E-04   5.677769E-02  -5.272723E-02   3.887056E-01
1                                                       **STUDENT EDITION*    APRIL  17, 2026  MSC Nastran  3/ 3/26   PAGE    81
     DEFAULT                                                                                                                        
0                                                                                                            SUBCASE 1              
      EIGENVALUE =  4.271757E+06
          CYCLES =  3.289451E+02         R E A L   E I G E N V E C T O R   N O .          8
 
      POINT ID.   TYPE          T1             T2             T3             R1             R2             R3
             1      G      0.0            0.0            0.0            0.0            0.0            0.0
             2      G      0.0            0.0            0.0            0.0            0.0            0.0
             3      G      0.0            0.0            0.0            0.0            0.0            0.0
             4      G      0.0            0.0            0.0            0.0            0.0            0.0
             5      G      0.0            0.0            0.0            0.0            0.0            0.0
             6      G      0.0            0.0            0.0            0.0            0.0            0.0
             7      G      0.0            0.0            0.0            0.0            0.0            0.0
             8      G      0.0            0.0            0.0            0.0            0.0            0.0
            10      G      3.641823E-06  -1.654693E-04  -2.831363E-04   1.941097E-06  -4.549801E-05   1.120576E-02
            11      G      3.198966E-06   1.640925E-04  -2.834564E-04   2.074675E-06  -4.659217E-05  -1.117893E-02
            12      G      1.115925E-05   9.550808E-07  -1.227143E-04  -9.787543E-05  -3.461196E-05  -3.960066E-03
            13      G      1.086471E-05  -1.305061E-06  -1.224050E-04   9.893670E-05  -3.665364E-05   3.987126E-03
            14      G      1.129983E-05  -5.636540E-07   1.227833E-04   9.654314E-05  -3.389997E-05  -3.953798E-03
            15      G      1.372486E-05   8.740439E-07   1.258640E-04  -9.906706E-05  -2.113229E-05   3.885590E-03
            16      G      3.475180E-06   1.644939E-04   2.834158E-04   7.978325E-07  -4.576817E-05   1.107877E-02
            17      G      4.841991E-06  -1.634372E-04   2.807664E-04  -5.462997E-06  -3.895503E-05  -1.152754E-02
           100      G     -1.659200E-04  -1.234132E-05   1.864244E-02  -3.814502E-01  -1.421979E-01  -6.083896E-03
           101      G     -2.680730E-04   3.842621E-07   2.295378E-02  -5.411237E-05  -1.870249E-02  -7.731815E-05
           102      G     -1.530967E-04   5.887652E-05   1.120004E-02  -2.384560E-01  -3.359859E-01  -1.014680E-04
           103      G      4.678271E-05   6.962703E-07   1.363145E-02   1.193282E-04  -4.809711E-01   1.841428E-05
           104      G     -1.064474E-04   9.278531E-07  -3.867150E-06   2.919375E-05  -3.081908E-01   3.815228E-03
           105      G      4.893594E-05   4.941503E-07   7.561526E-06   5.531614E-05  -6.435945E-02  -4.080311E-06
           106      G      4.286679E-05   7.390370E-05   1.270041E-04  -9.906706E-05  -2.113229E-05   3.885590E-03
           107      G      4.286679E-05  -2.979299E-05   1.264402E-04  -9.906706E-05  -2.113229E-05   3.885590E-03
           108      G     -2.654201E-05   2.376420E-06   2.063439E-05   3.713622E-04   5.741420E-04  -1.240900E-02
           109      G     -8.161453E-05  -2.498937E-04   2.810995E-04  -5.462997E-06  -3.895503E-05  -1.152754E-02
           110      G     -2.252873E-04  -1.828946E-03   1.211101E-02  -3.333885E-01  -2.201973E-02   2.192346E-01
           111      G     -8.161453E-05   7.215681E-05   2.800112E-04  -5.462997E-06  -3.895503E-05  -1.152754E-02
           112      G     -1.677552E-04  -4.711175E-05   1.814077E-02  -4.390783E-01   2.808840E-01  -1.938065E-02
           113      G     -5.116415E-04  -6.797212E-07   1.704131E-02  -1.824186E-04   1.813576E-02  -2.660046E-03
           114      G     -6.174995E-04   1.175598E-06   2.376710E-02  -1.023452E-03   1.863608E-01   5.984533E-04
           115      G     -1.663732E-04   1.274093E-05  -1.867567E-02   3.816442E-01  -1.427769E-01  -6.099848E-03
           116      G     -2.685485E-04  -4.992131E-07  -2.294736E-02   9.566653E-06  -1.869071E-02   1.381004E-05
           117      G     -1.527472E-04  -5.786361E-05  -1.122484E-02   2.383659E-01  -3.361208E-01  -7.685108E-05
           118      G      4.656659E-05   1.726187E-07  -1.362273E-02  -5.234369E-05  -4.810677E-01   2.346263E-05
           119      G      4.076816E-05  -7.624309E-05  -1.238359E-04   9.893670E-05  -3.665364E-05   3.987126E-03
           120      G      4.076816E-05   3.016334E-05  -1.228577E-04   9.893670E-05  -3.665364E-05   3.987126E-03
           121      G     -8.064298E-05   2.479344E-04  -2.838214E-04   2.074675E-06  -4.659217E-05  -1.117893E-02
           122      G     -2.229172E-04   1.828106E-03  -1.215158E-02   3.330694E-01  -2.229279E-02   2.235288E-01
           123      G     -8.064298E-05  -6.437681E-05  -2.825197E-04   2.074675E-06  -4.659217E-05  -1.117893E-02
           124      G     -1.680023E-04   4.551086E-05  -1.818508E-02   4.393491E-01   2.809915E-01  -1.938197E-02
           125      G     -5.143632E-04  -4.438463E-06  -1.702378E-02  -1.730703E-04   1.837320E-02  -2.304799E-04
           126      G     -6.186563E-04  -1.745478E-06  -2.375750E-02   6.601163E-05   1.863808E-01   1.466457E-04
           127      G     -1.656171E-04   1.416791E-05   1.866549E-02   3.818441E-01  -1.432897E-01   6.103375E-03
           128      G     -1.526308E-04  -5.769404E-05   1.121114E-02   2.384919E-01  -3.359435E-01   9.524942E-05
           129      G     -1.064230E-04   3.715392E-07   4.032558E-07   7.944697E-05  -3.082370E-01  -3.773844E-03
           130      G      4.095332E-05  -7.487528E-05   1.241445E-04   9.654314E-05  -3.389997E-05  -3.953798E-03
           131      G      4.095332E-05   3.064171E-05   1.232398E-04   9.654314E-05  -3.389997E-05  -3.953798E-03
           132      G     -2.674370E-05   2.679082E-07   7.805249E-07   1.602061E-06   6.641112E-04   1.223045E-02
           133      G     -7.961561E-05   2.475847E-04   2.837650E-04   7.978325E-07  -4.576817E-05   1.107877E-02
1                                                       **STUDENT EDITION*    APRIL  17, 2026  MSC Nastran  3/ 3/26   PAGE    82
     DEFAULT                                                                                                                        
0                                                                                                            SUBCASE 1              
      EIGENVALUE =  4.271757E+06
          CYCLES =  3.289451E+02         R E A L   E I G E N V E C T O R   N O .          8
 
      POINT ID.   TYPE          T1             T2             T3             R1             R2             R3
           134      G     -2.223413E-04   1.833030E-03   1.214567E-02   3.335753E-01  -2.218996E-02  -2.253149E-01
           135      G     -7.961561E-05  -6.192847E-05   2.824864E-04   7.978325E-07  -4.576817E-05   1.107877E-02
           136      G     -1.669042E-04   4.748789E-05   1.818407E-02   4.401389E-01   2.811089E-01   1.941251E-02
           137      G     -1.657390E-04  -1.372672E-05  -1.867054E-02  -3.817339E-01  -1.429942E-01   6.090941E-03
           138      G     -1.526233E-04   5.826237E-05  -1.121566E-02  -2.383981E-01  -3.361816E-01   9.879191E-05
           139      G      4.085974E-05   7.538451E-05  -1.240989E-04  -9.787543E-05  -3.461196E-05  -3.960066E-03
           140      G      4.085974E-05  -3.029975E-05  -1.231752E-04  -9.787543E-05  -3.461196E-05  -3.960066E-03
           141      G     -8.040138E-05  -2.495125E-04  -2.834630E-04   1.941097E-06  -4.549801E-05   1.120576E-02
           142      G     -2.228676E-04  -1.833754E-03  -1.214889E-02  -3.331083E-01  -2.219363E-02  -2.237836E-01
           143      G     -8.040138E-05   6.354846E-05  -2.821919E-04   1.941097E-06  -4.549801E-05   1.120576E-02
           144      G     -1.671882E-04  -4.839427E-05  -1.818367E-02  -4.395512E-01   2.809541E-01   1.942510E-02
           200      G     -8.284161E-05  -2.497216E-04   2.810995E-04  -5.462997E-06  -3.895503E-05  -1.152754E-02
           201      G     -8.284161E-05   7.232889E-05   2.800112E-04  -5.462997E-06  -3.895503E-05  -1.152754E-02
           202      G      4.220112E-05   7.702432E-05   1.270041E-04  -9.906706E-05  -2.113229E-05   3.885590E-03
           203      G      4.220112E-05  -2.667237E-05   1.264402E-04  -9.906706E-05  -2.113229E-05   3.885590E-03
           204      G      4.993930E-04   2.411768E-06   2.794700E-05   1.307122E-03  -2.043236E-02   9.003249E-02
           205      G     -1.111423E-03  -3.600641E-04   1.278343E-02  -2.638938E-01   7.081167E-02   9.267636E-02
           206      G     -1.431065E-03   5.720541E-06   1.769428E-02  -7.973449E-03   1.148349E-01  -2.293096E-02
           207      G     -8.211063E-05   2.478691E-04  -2.838214E-04   2.074675E-06  -4.659217E-05  -1.117893E-02
           208      G     -8.211063E-05  -6.444216E-05  -2.825197E-04   2.074675E-06  -4.659217E-05  -1.117893E-02
           209      G      3.961357E-05  -7.935959E-05  -1.238359E-04   9.893670E-05  -3.665364E-05   3.987126E-03
           210      G      3.961357E-05   2.704683E-05  -1.228577E-04   9.893670E-05  -3.665364E-05   3.987126E-03
           211      G     -1.123206E-03   3.777984E-04  -1.283692E-02   2.660942E-01   7.218985E-02   1.258495E-01
           212      G     -1.517211E-03  -1.067327E-05  -1.767847E-02  -2.670320E-04   1.241440E-01  -3.860049E-04
           213      G     -8.105730E-05   2.475596E-04   2.837650E-04   7.978325E-07  -4.576817E-05   1.107877E-02
           214      G     -8.105730E-05  -6.195360E-05   2.824864E-04   7.978325E-07  -4.576817E-05   1.107877E-02
           215      G      3.988547E-05  -7.791639E-05   1.241445E-04   9.654314E-05  -3.389997E-05  -3.953798E-03
           216      G      3.988547E-05   2.760060E-05   1.232398E-04   9.654314E-05  -3.389997E-05  -3.953798E-03
           217      G      4.906180E-04   1.132251E-06   1.369805E-06   2.299399E-04  -2.219455E-02  -9.106311E-02
           218      G     -1.123034E-03   3.815976E-04   1.282535E-02   2.682175E-01   7.244921E-02  -1.311857E-01
           219      G     -8.183457E-05  -2.495736E-04  -2.834630E-04   1.941097E-06  -4.549801E-05   1.120576E-02
           220      G     -8.183457E-05   6.348731E-05  -2.821919E-04   1.941097E-06  -4.549801E-05   1.120576E-02
           221      G      3.976947E-05   7.846759E-05  -1.240989E-04  -9.787543E-05  -3.461196E-05  -3.960066E-03
           222      G      3.976947E-05  -2.721667E-05  -1.231752E-04  -9.787543E-05  -3.461196E-05  -3.960066E-03
           223      G     -1.124607E-03  -3.978875E-04  -1.283094E-02  -2.663414E-01   7.256825E-02  -1.275776E-01
           224      G     -5.695631E-04  -7.490464E-06   2.184058E-02  -4.304396E-01  -1.434656E-01  -1.229307E-02
           225      G     -7.078569E-04   1.822421E-06   2.701538E-02   1.302758E-05   1.730211E-02  -6.280122E-04
           226      G     -4.310792E-04   8.875556E-06   1.300888E-02  -2.723929E-01  -4.079206E-01  -2.253230E-03
           227      G     -3.288785E-04   1.997981E-06   1.598764E-02   2.004222E-03  -5.597172E-01   1.766352E-04
           228      G     -4.816413E-04   2.063625E-06  -1.286525E-04   1.274841E-03  -3.330526E-01  -3.276051E-02
           229      G     -2.813903E-04   9.651757E-07  -9.403960E-05   2.424462E-04  -4.504533E-02  -2.375744E-05
           230      G     -7.864323E-04   4.511369E-05   2.085644E-02  -4.525857E-01   3.047903E-01  -9.251844E-03
           231      G     -1.128448E-03   1.055445E-05   2.710554E-02  -1.066856E-02   1.781897E-01   5.664464E-03
           232      G     -5.833665E-04   6.715179E-06  -2.204161E-02   4.313992E-01  -1.499671E-01  -1.208052E-02
           233      G     -6.877462E-04  -1.079685E-06  -2.713373E-02   9.122830E-05   1.455725E-02   4.523073E-05
           234      G     -4.344549E-04  -4.745041E-06  -1.322451E-02   2.737613E-01  -4.030109E-01  -2.155975E-03
           235      G     -3.226630E-04   3.660706E-08  -1.615723E-02   1.733533E-04  -5.569258E-01   4.638088E-05
           236      G     -8.034476E-04  -5.807465E-05  -2.125457E-02   4.682193E-01   3.139336E-01  -9.535990E-03
           237      G     -1.148042E-03  -5.360446E-06  -2.763977E-02  -3.287104E-05   1.853156E-01   3.131231E-04
           238      G     -5.708641E-04   1.290354E-05   2.175628E-02   4.302817E-01  -1.512889E-01   1.255337E-02
1                                                       **STUDENT EDITION*    APRIL  17, 2026  MSC Nastran  3/ 3/26   PAGE    83
     DEFAULT                                                                                                                        
0                                                                                                            SUBCASE 1              
      EIGENVALUE =  4.271757E+06
          CYCLES =  3.289451E+02         R E A L   E I G E N V E C T O R   N O .          8
 
      POINT ID.   TYPE          T1             T2             T3             R1             R2             R3
           239      G     -4.318001E-04  -7.379559E-06   1.287356E-02   2.705984E-01  -4.045717E-01   2.274438E-03
           240      G     -4.803424E-04  -3.558414E-07  -2.084693E-04  -1.475080E-03  -3.326348E-01   3.284288E-02
           241      G     -7.913674E-04  -3.887726E-05   2.094408E-02   4.609169E-01   3.034320E-01   9.406502E-03
           242      G     -5.822373E-04  -9.107122E-06  -2.208615E-02  -4.316412E-01  -1.490973E-01   1.206286E-02
           243      G     -4.348025E-04   6.257392E-06  -1.328564E-02  -2.738833E-01  -4.029202E-01   2.195289E-03
           244      G     -8.021648E-04   5.139767E-05  -2.127254E-02  -4.684942E-01   3.150617E-01   9.695963E-03
           300      G      1.219618E-03  -6.130177E-03   2.549841E-03  -1.492856E+00   6.112660E-01   8.678730E-02
           301      G      1.970778E-03  -1.779689E-02   3.222925E-03  -3.185998E+00   6.762753E-01   9.800867E-02
           302      G      2.013487E-04  -3.738464E-04   1.026930E-04  -5.686079E-02   7.092594E-01  -8.189960E-01
           303      G      3.120772E-03   1.253775E-03   8.950918E-04  -4.476205E-01   1.083552E+00   3.025428E-02
           304      G      4.495185E-04  -5.398711E-03   3.413339E-03  -3.383556E+00  -1.999757E+00   1.059692E-01
           305      G     -1.482589E-02  -1.011570E-03   1.652187E-02   1.060841E+00   5.517418E+00  -6.520443E-02
           306      G     -2.197080E-02   4.463321E-05   2.337061E-02  -2.292296E-02   7.887954E+00  -6.303814E-02
           307      G      7.783566E-04   5.468603E-03  -2.617584E-03   1.393360E+00   9.900533E-01   2.062267E-02
           308      G      1.875685E-03   1.864070E-02  -3.212101E-03   3.334369E+00   1.161404E+00   1.031255E-01
           309      G      3.381350E-03  -1.567761E-03  -9.862322E-04   3.411189E-01   1.243549E+00   5.652840E-03
           310      G      2.244451E-04   5.734199E-03  -3.053459E-03   4.035977E+00  -3.128741E+00   2.994572E-01
           311      G     -1.522293E-02   1.385419E-03  -1.652285E-02  -1.488302E+00   5.594164E+00  -7.978512E-02
           312      G     -2.218483E-02  -3.560758E-05  -2.343281E-02   1.506036E-03   7.927070E+00  -1.092423E-03
           313      G      8.234858E-04   5.541374E-03   2.608558E-03   1.375267E+00   9.999829E-01  -2.247700E-02
           314      G      1.939315E-03   1.891567E-02   3.191330E-03   3.368224E+00   1.124016E+00  -1.167947E-01
           315      G      3.151268E-04  -4.931351E-05   6.680362E-07   2.457850E-03   8.297292E-01   8.149145E-01
           316      G      3.409911E-03  -1.517795E-03   9.873609E-04   3.312913E-01   1.251613E+00  -8.494741E-03
           317      G      2.562786E-04   5.884689E-03   3.057922E-03   4.043094E+00  -3.127853E+00  -3.013917E-01
           318      G     -1.509190E-02   1.430102E-03   1.651291E-02  -1.480043E+00   5.597041E+00   7.012788E-02
           319      G      8.134829E-04  -5.634852E-03  -2.619922E-03  -1.374954E+00   9.994808E-01  -2.054404E-02
           320      G      1.938043E-03  -1.882126E-02  -3.176868E-03  -3.328743E+00   1.136120E+00  -1.157677E-01
           321      G      3.394890E-03   1.496646E-03  -9.765209E-04  -3.345435E-01   1.240096E+00  -6.886282E-03
           322      G      2.512309E-04  -5.862908E-03  -3.050093E-03  -4.019542E+00  -3.126639E+00  -3.025530E-01
           323      G     -1.517056E-02  -1.454951E-03  -1.652451E-02   1.493535E+00   5.610920E+00   7.774592E-02
           324      G     -2.518807E-03  -9.740019E-03   2.016699E+00  -4.908963E+01  -4.465488E+00  -7.043496E-02
           325      G     -6.177717E-03  -9.221342E-05   2.844498E+00  -1.820998E-02   4.271802E+00   8.654436E-04
           326      G     -6.271275E-03   6.589537E-05   1.278888E+00  -2.926323E+01  -3.695490E+01   5.307062E-02
           327      G      2.674682E-02  -1.624077E-06   1.685674E+00   1.599582E-01  -5.963897E+01  -2.154859E-04
           328      G     -3.001600E-03   1.647728E-05   5.007902E-03   3.621119E-03  -3.242883E+01   5.482583E-01
           329      G      1.838452E-02  -4.129200E-05   4.822572E-03   3.508441E-03  -1.362687E+00  -3.448236E-03
           330      G     -4.141249E-03   4.987755E-04   1.227774E+00  -2.896197E+01   5.193219E+01  -1.051040E-01
           331      G     -3.097147E-02   1.306112E-04   1.702799E+00   1.093729E-01   5.502179E+01   1.779909E-02
           332      G     -2.534053E-03   9.773142E-03  -2.017005E+00   4.918480E+01  -4.751354E+00  -5.475923E-02
           333      G     -6.247198E-03  -6.771375E-05  -2.847498E+00   1.256439E-02   4.285784E+00   3.184262E-04
           334      G     -6.357704E-03  -2.480845E-04  -1.272143E+00   2.906929E+01  -3.690424E+01   5.400597E-02
           335      G      2.681241E-02  -2.226399E-05  -1.681257E+00   2.294633E-02  -5.988075E+01   1.664435E-03
           336      G     -4.312627E-03  -7.484179E-04  -1.232820E+00   2.839508E+01   5.176436E+01  -1.077643E-01
           337      G     -3.112987E-02  -4.866122E-05  -1.704851E+00   1.269255E-02   5.503808E+01  -9.365163E-04
           338      G     -2.456185E-03   9.893414E-03   2.017013E+00   4.913828E+01  -4.696070E+00   5.501666E-02
           339      G     -6.335356E-03  -1.329073E-04   1.276618E+00   2.904181E+01  -3.671542E+01  -5.209227E-02
           340      G     -3.145550E-03   1.289427E-05   3.652561E-03   9.545961E-02  -3.239264E+01  -5.420698E-01
           341      G     -4.203317E-03  -6.527305E-04   1.231878E+00   2.829493E+01   5.176354E+01   1.063498E-01
           342      G     -2.515561E-03  -9.907651E-03  -2.017537E+00  -4.917037E+01  -4.743934E+00   5.531331E-02
           343      G     -6.377435E-03   6.725113E-05  -1.273138E+00  -2.904454E+01  -3.688221E+01  -5.210718E-02
1                                                       **STUDENT EDITION*    APRIL  17, 2026  MSC Nastran  3/ 3/26   PAGE    84
     DEFAULT                                                                                                                        
0                                                                                                            SUBCASE 1              
      EIGENVALUE =  4.271757E+06
          CYCLES =  3.289451E+02         R E A L   E I G E N V E C T O R   N O .          8
 
      POINT ID.   TYPE          T1             T2             T3             R1             R2             R3
           344      G     -4.280031E-03   6.350552E-04  -1.233186E+00  -2.839392E+01   5.177289E+01   1.073390E-01
           400      G      1.486490E-03  -6.995909E-05   2.130423E-03  -3.742285E-02  -8.054577E-03   1.250081E-02
           401      G      1.256468E-03   1.301455E-04   1.665532E-03   3.196207E-03   5.427485E-03  -2.491193E-02
           402      G      1.343054E-03   6.363189E-05   7.621518E-06  -1.581363E-03  -6.729495E-02   3.691183E-02
           403      G      1.512718E-03   1.638882E-03   3.040825E-03  -3.349012E-02  -8.479694E-02  -9.468553E-03
           404      G      1.747554E-03   8.065950E-04   2.348243E-03   3.161149E-02   3.910315E-03   6.753437E-02
           405      G      2.486812E-03   1.384214E-03   1.285370E-02  -1.904639E-01   2.138026E-02  -3.954416E-02
           406      G      2.640348E-03   1.125643E-04   1.803647E-02   2.452549E-03   2.931423E-02  -8.278365E-03
           407      G      1.481204E-03   1.918376E-04  -2.141893E-03   3.339817E-02  -1.368852E-02   1.838772E-02
           408      G      1.211322E-03  -2.759568E-05  -1.685063E-03  -1.015716E-02   7.303683E-03  -3.349543E-02
           409      G      1.461611E-03  -1.503944E-03  -3.007869E-03   5.253011E-02  -1.040927E-01  -6.349607E-03
           410      G      1.725188E-03  -8.140619E-04  -2.173705E-03  -5.969032E-02   1.697172E-02   7.073899E-02
           411      G      2.471545E-03  -1.327225E-03  -1.282722E-02   1.874615E-01   2.255399E-02  -5.077321E-02
           412      G      2.628382E-03  -1.109755E-05  -1.810080E-02  -1.099915E-03   3.104861E-02   3.587434E-04
           413      G      1.531284E-03   2.509600E-04   2.150710E-03   3.454883E-02  -1.350316E-02  -1.803380E-02
           414      G      1.264280E-03  -8.808964E-06   1.707344E-03  -1.129290E-02   8.763764E-03   3.210163E-02
           415      G      1.377402E-03   6.120913E-05   3.841109E-07  -1.912756E-03  -7.158538E-02  -3.832767E-02
           416      G      1.511380E-03  -1.421285E-03   3.009352E-03   5.425112E-02  -1.054433E-01   6.743069E-03
           417      G      1.775328E-03  -7.530457E-04   2.176591E-03  -6.149988E-02   1.834988E-02  -7.035737E-02
           418      G      2.498623E-03  -1.237361E-03   1.280333E-02   1.840564E-01   2.368554E-02   5.110956E-02
           419      G      1.534734E-03  -1.343173E-04  -2.153171E-03  -3.870340E-02  -1.335811E-02  -1.753686E-02
           420      G      1.265088E-03   1.192878E-04  -1.705880E-03   5.603864E-03   8.725413E-03   3.247785E-02
           421      G      1.522126E-03   1.486509E-03  -2.992754E-03  -5.714473E-02  -1.000139E-01   7.196104E-03
           422      G      1.780997E-03   8.371259E-04  -2.174781E-03   5.255324E-02   1.709181E-02  -6.963469E-02
           423      G      2.499780E-03   1.306187E-03  -1.282095E-02  -1.883253E-01   2.339474E-02   5.183274E-02
           424      G      2.449162E-03   1.749744E-04   2.176706E-02  -3.187402E-01  -1.194045E-01   2.112196E-02
           425      G      2.941945E-03   8.181574E-05   2.552264E-02  -2.686548E-03  -3.453147E-02  -8.025870E-05
           426      G      2.367950E-03   8.965158E-05   1.319238E-02  -2.138069E-01  -4.081258E-01   1.192733E-02
           427      G      3.120122E-03   6.662157E-05   1.517697E-02  -5.647516E-03  -4.979453E-01   5.485036E-04
           428      G      2.334204E-03   6.176075E-05   9.352847E-05  -8.272567E-04  -3.277454E-01   2.164889E-02
           429      G      3.102337E-03   6.003270E-05  -1.253660E-05  -2.213715E-03  -7.175520E-02   3.286656E-04
           430      G      2.477378E-03   4.853865E-04   2.013694E-02  -3.944859E-01   2.791939E-01   1.712608E-02
           431      G      2.828885E-03   7.936200E-05   2.628970E-02  -1.456254E-02   1.048820E-01   2.566497E-03
           432      G      2.442271E-03  -8.439208E-05  -2.152886E-02   3.142728E-01  -1.087665E-01   1.980022E-02
           433      G      2.940587E-03   3.146433E-05  -2.549422E-02  -2.318558E-03  -3.467871E-02   5.327309E-04
           434      G      2.373806E-03   2.802455E-05  -1.303606E-02   2.140297E-01  -4.112479E-01   1.248973E-02
           435      G      3.118508E-03   4.595409E-05  -1.517789E-02  -2.433535E-03  -4.964227E-01   5.774410E-04
           436      G      2.461712E-03  -3.822621E-04  -1.981209E-02   4.196219E-01   2.670249E-01   1.752871E-02
           437      G      2.824017E-03   1.038738E-05  -2.631043E-02  -2.232095E-03   1.028541E-01   9.332804E-04
           438      G      2.469351E-03  -3.710078E-05   2.167992E-02   3.128299E-01  -1.103878E-01  -1.914569E-02
           439      G      2.394450E-03   5.129233E-05   1.318233E-02   2.147686E-01  -4.111310E-01  -1.171782E-02
           440      G      2.356231E-03   5.861051E-05   4.727333E-05  -1.709928E-03  -3.272662E-01  -2.094425E-02
           441      G      2.492952E-03  -3.056706E-04   1.994375E-02   4.254732E-01   2.724552E-01  -1.688377E-02
           442      G      2.467170E-03   1.444636E-04  -2.156228E-02  -3.144993E-01  -1.085727E-01  -1.931077E-02
           443      G      2.394091E-03   6.573050E-05  -1.307327E-02  -2.146114E-01  -4.112723E-01  -1.161135E-02
           444      G      2.489519E-03   4.036861E-04  -1.983062E-02  -4.182966E-01   2.683812E-01  -1.647748E-02
           445      G      2.379252E-04   3.545537E-03   3.645803E-03  -1.320830E-01  -3.570062E-02  -7.026766E-02
           446      G      5.303920E-04   1.324615E-03   2.439741E-03  -4.942985E-02  -2.651209E-02   5.461328E-02
           447      G      5.937558E-04   5.725927E-04   1.985828E-03   5.458590E-03  -8.686674E-03   3.644098E-02
           448      G      5.213436E-04   2.257360E-04   1.316600E-03   1.224575E-02  -3.980079E-02   1.749184E-02
1                                                       **STUDENT EDITION*    APRIL  17, 2026  MSC Nastran  3/ 3/26   PAGE    85
     DEFAULT                                                                                                                        
0                                                                                                            SUBCASE 1              
      EIGENVALUE =  4.271757E+06
          CYCLES =  3.289451E+02         R E A L   E I G E N V E C T O R   N O .          8
 
      POINT ID.   TYPE          T1             T2             T3             R1             R2             R3
           449      G      3.883730E-04   4.340219E-05  -8.268795E-06   1.352417E-03  -5.613932E-02  -1.532391E-02
           450      G      1.443050E-03   2.753834E-03   1.225672E-02  -2.187371E-01  -1.901700E-01  -1.470650E-01
           451      G      1.818915E-03   7.514682E-05   1.666890E-02   6.573296E-04  -3.148303E-01   1.181805E-03
           452      G      2.074934E-04  -3.488563E-03  -3.593435E-03   1.284172E-01  -3.331082E-02  -7.244388E-02
           453      G      5.182770E-04  -1.244210E-03  -2.365724E-03   4.999234E-02  -2.692366E-02   5.583387E-02
           454      G      5.954204E-04  -4.858182E-04  -1.954443E-03  -1.243284E-02  -6.009852E-03   3.793410E-02
           455      G      5.231566E-04  -1.390764E-04  -1.326728E-03  -1.348030E-02  -3.967016E-02   1.798251E-02
           456      G      1.443301E-03  -2.681742E-03  -1.224788E-02   2.210383E-01  -1.880797E-01  -1.464638E-01
           457      G      1.820871E-03  -4.167222E-06  -1.671295E-02   5.290780E-06  -3.166796E-01   2.219008E-04
           458      G      2.615839E-04  -3.393313E-03   3.594472E-03   1.272587E-01  -3.308318E-02   7.299552E-02
           459      G      5.714969E-04  -1.177644E-03   2.369878E-03   5.002559E-02  -2.682835E-02  -5.502512E-02
           460      G      6.482527E-04  -4.441880E-04   1.964923E-03  -1.232378E-02  -5.698978E-03  -3.766569E-02
           461      G      5.702006E-04  -1.188893E-04   1.338681E-03  -1.368172E-02  -3.998935E-02  -1.708607E-02
           462      G      4.304056E-04   4.321751E-05   1.977552E-06   3.600469E-04  -5.701261E-02   1.741688E-02
           463      G      1.466895E-03  -2.584602E-03   1.221336E-02   2.201980E-01  -1.893705E-01   1.454770E-01
           464      G      2.696361E-04   3.480747E-03  -3.578606E-03  -1.273292E-01  -3.373702E-02   7.310180E-02
           465      G      5.795460E-04   1.263052E-03  -2.363405E-03  -4.869271E-02  -2.624498E-02  -5.533872E-02
           466      G      6.524898E-04   5.298388E-04  -1.962693E-03   1.295425E-02  -5.684945E-03  -3.757213E-02
           467      G      5.721654E-04   2.045877E-04  -1.337876E-03   1.479942E-02  -4.003552E-02  -1.702327E-02
           468      G      1.470920E-03   2.673768E-03  -1.224011E-02  -2.214814E-01  -1.882255E-01   1.469682E-01
           469      G      1.013281E-03   2.661406E-03   7.502647E-03  -2.177557E-01  -1.144434E-01   8.908221E-02
           470      G      1.062412E-03   1.332445E-03   3.562709E-03  -1.173657E-01  -1.278462E-01   2.111630E-02
           471      G      1.098329E-03   4.716717E-04  -1.335258E-03   2.138748E-01  -9.090637E-02   2.099935E-02
           472      G      1.094145E-03   2.139291E-04  -2.448538E-03   2.373350E-01   1.441704E-02   1.570637E-02
           473      G      1.104977E-03   4.328432E-05  -4.430271E-05   1.113176E-03   7.313749E-02   2.512747E-02
           474      G      1.573607E-03   8.519788E-04   3.631927E-03   5.392036E-02  -3.106881E-01   5.200200E-02
           475      G      1.596575E-03   3.947772E-04  -7.298344E-03   2.307377E-01  -2.155237E-01   1.414275E-02
           476      G      1.595204E-03   1.544865E-04  -8.856405E-03   2.676932E-01   1.274248E-01   1.332786E-02
           477      G      1.600560E-03   4.361180E-05  -6.388235E-05   8.474218E-05   3.141307E-01   9.405884E-03
           478      G      1.620454E-03   1.140028E-03   1.559303E-02  -1.169366E-01  -2.694950E-01   4.007381E-02
           479      G      1.951189E-03   5.918393E-04   2.986111E-03  -2.426037E-02  -4.274823E-01   7.173641E-03
           480      G      1.896678E-03   2.197141E-04  -1.195157E-02   1.508311E-01  -3.047207E-01   9.903275E-03
           481      G      1.912472E-03   1.126722E-04  -1.379599E-02   1.585199E-01   2.091560E-01   8.078251E-03
           482      G      1.953449E-03   7.261771E-05   2.723540E-03   1.416164E-03  -4.861125E-01   6.886711E-05
           483      G      2.017296E-03   6.317183E-05  -1.364207E-02   1.834102E-03  -2.934327E-01   3.523615E-04
           484      G      2.041725E-03   5.371692E-05  -1.558760E-02   9.410817E-05   1.802422E-01   3.235507E-04
           485      G      1.925346E-03   4.386090E-05  -4.930365E-05  -1.496453E-03   5.078058E-01   6.002596E-03
           486      G      2.063263E-03   4.389510E-05  -2.900166E-06  -2.251773E-03   6.217969E-01   3.205659E-04
           487      G      1.005870E-03  -2.593371E-03  -7.439157E-03   2.195264E-01  -1.120598E-01   9.024373E-02
           488      G      1.057351E-03  -1.251119E-03  -3.501069E-03   1.176462E-01  -1.278615E-01   2.126200E-02
           489      G      1.095107E-03  -3.856669E-04   1.392400E-03  -2.123059E-01  -8.959173E-02   2.084420E-02
           490      G      1.093572E-03  -1.274858E-04   2.416386E-03  -2.358291E-01   1.798306E-02   1.559887E-02
           491      G      1.572619E-03  -7.717527E-04  -3.617105E-03  -5.172909E-02  -3.109528E-01   5.215942E-02
           492      G      1.595616E-03  -3.090978E-04   7.295433E-03  -2.286450E-01  -2.135880E-01   1.426956E-02
           493      G      1.594685E-03  -6.754205E-05   8.775575E-03  -2.666872E-01   1.299298E-01   1.337617E-02
           494      G      1.621891E-03  -1.067027E-03  -1.561909E-02   1.184548E-01  -2.694532E-01   4.038536E-02
           495      G      1.952001E-03  -5.114308E-04  -3.004668E-03   2.553023E-02  -4.271840E-01   7.266276E-03
           496      G      1.897482E-03  -1.341200E-04   1.191817E-02  -1.502969E-01  -3.035243E-01   1.001199E-02
           497      G      1.912811E-03  -2.540715E-05   1.372079E-02  -1.602267E-01   2.102919E-01   8.125164E-03
           498      G      1.956201E-03   9.790398E-06  -2.747838E-03  -1.428857E-03  -4.857675E-01   4.366166E-04
1                                                       **STUDENT EDITION*    APRIL  17, 2026  MSC Nastran  3/ 3/26   PAGE    86
     DEFAULT                                                                                                                        
0                                                                                                            SUBCASE 1              
      EIGENVALUE =  4.271757E+06
          CYCLES =  3.289451E+02         R E A L   E I G E N V E C T O R   N O .          8
 
      POINT ID.   TYPE          T1             T2             T3             R1             R2             R3
           499      G      2.019305E-03   2.235816E-05   1.362382E-02  -3.023272E-03  -2.936345E-01   3.761090E-04
           500      G      2.042693E-03   3.359141E-05   1.557791E-02  -3.491376E-03   1.797313E-01   3.571974E-04
           501      G      1.043350E-03  -2.500805E-03   7.420501E-03   2.189481E-01  -1.125815E-01  -8.914693E-02
           502      G      1.095242E-03  -1.184005E-03   3.458986E-03   1.147640E-01  -1.282356E-01  -2.053223E-02
           503      G      1.131602E-03  -3.443943E-04  -1.439629E-03  -2.153688E-01  -8.960777E-02  -2.000298E-02
           504      G      1.129632E-03  -1.079747E-04  -2.453383E-03  -2.381726E-01   1.842794E-02  -1.496523E-02
           505      G      1.141810E-03   4.306004E-05   3.423242E-05   1.305605E-03   7.486544E-02  -2.487681E-02
           506      G      1.595290E-03  -7.074314E-04   3.526060E-03  -5.216877E-02  -3.127751E-01  -5.114899E-02
           507      G      1.618369E-03  -2.677571E-04  -7.412063E-03  -2.301593E-01  -2.136204E-01  -1.360159E-02
           508      G      1.618267E-03  -4.765223E-05  -8.860855E-03  -2.675531E-01   1.320281E-01  -1.270229E-02
           509      G      1.624904E-03   4.339620E-05   5.908420E-05   3.634333E-04   3.178557E-01  -8.672309E-03
           510      G      1.633417E-03  -9.804808E-04   1.557130E-02   1.178917E-01  -2.693622E-01  -3.948096E-02
           511      G      1.960737E-03  -4.474267E-04   2.923163E-03   2.698269E-02  -4.292036E-01  -6.599634E-03
           512      G      1.907688E-03  -9.322457E-05  -1.202560E-02  -1.478557E-01  -3.034305E-01  -9.323461E-03
           513      G      1.924067E-03  -5.352686E-06  -1.379620E-02  -1.583644E-01   2.124047E-01  -7.457996E-03
           514      G      1.937563E-03   4.371424E-05   4.440273E-05  -1.488516E-03   5.106911E-01  -5.360715E-03
           515      G      1.049307E-03   2.586746E-03  -7.418954E-03  -2.198938E-01  -1.124338E-01  -8.932681E-02
           516      G      1.099817E-03   1.269925E-03  -3.450600E-03  -1.160509E-01  -1.289016E-01  -2.040087E-02
           517      G      1.135385E-03   4.299695E-04   1.474677E-03   2.163811E-01  -9.035259E-02  -2.000837E-02
           518      G      1.131499E-03   1.940595E-04   2.512568E-03   2.403480E-01   1.775851E-02  -1.496574E-02
           519      G      1.599330E-03   7.910918E-04  -3.541077E-03   5.163920E-02  -3.141617E-01  -5.134167E-02
           520      G      1.621561E-03   3.534816E-04   7.456233E-03   2.296474E-01  -2.156317E-01  -1.354576E-02
           521      G      1.619933E-03   1.341384E-04   8.958016E-03   2.677838E-01   1.305993E-01  -1.268748E-02
           522      G      1.635490E-03   1.060328E-03  -1.561695E-02  -1.186310E-01  -2.696934E-01  -3.946558E-02
           523      G      1.965178E-03   5.305181E-04  -2.947516E-03  -2.713551E-02  -4.297537E-01  -6.517894E-03
           524      G      1.910351E-03   1.788319E-04   1.204428E-02   1.463442E-01  -3.052231E-01  -9.269212E-03
           525      G      1.925418E-03   9.236356E-05   1.386379E-02   1.557918E-01   2.109327E-01  -7.433597E-03
          1000      G     -3.327468E-04  -6.079096E-07   1.912048E-05   3.712452E-04   5.737962E-04  -1.426666E-01
          1001      G     -3.292765E-04  -2.497195E-05   1.277741E-04  -1.440980E-04  -1.874420E-05  -1.893871E-01
          1002      G     -3.230790E-04   7.078252E-05   1.284375E-04  -9.172277E-05  -2.387670E-05  -1.862898E-01
          1003      G     -3.520698E-04   4.153295E-08   2.113832E-06   8.692815E-05  -2.978494E-01  -6.418149E-04
          1004      G     -3.546084E-04   6.236891E-06   7.317500E-03  -2.530884E-01  -2.151423E-01  -1.625404E-04
          1005      G     -3.453927E-04   3.671798E-05   1.286032E-02  -4.837047E-01  -1.457940E-01  -3.870888E-04
          1006      G     -4.574058E-04   4.285820E-08   7.561412E-06   5.531694E-05  -6.439465E-02   1.469474E-05
          1007      G     -4.120261E-04   7.000407E-07   1.218232E-02  -6.671336E-06  -7.279124E-01   1.294078E-05
          1008      G     -4.153343E-04   8.209139E-07   2.295297E-02  -5.410731E-05  -1.870855E-02   1.297070E-05
          1009      G     -2.787061E-04   1.570127E-04   2.811044E-04   4.410189E-07  -7.293124E-05  -8.393054E-02
          1010      G     -2.858673E-04  -4.322456E-05   2.814938E-04  -3.141895E-05  -3.378509E-05  -9.103770E-02
          1011      G     -3.844316E-04   2.488403E-05   1.324247E-02  -4.203079E-01   8.772707E-02  -6.231240E-04
          1012      G     -4.039914E-04   3.886099E-05   1.202209E-02  -3.333815E-01  -2.201294E-02   2.048836E-01
          1013      G     -3.839633E-04   1.685101E-06   2.081756E-02  -2.077650E-04   1.818086E-01   2.075486E-05
          1014      G     -3.664229E-04   1.970118E-06   1.711778E-02  -1.825502E-04   1.816175E-02   2.073403E-03
          1015      G     -3.293967E-04   2.532484E-05  -1.241618E-04   1.439863E-04  -3.463438E-05  -1.884379E-01
          1016      G     -3.234630E-04  -7.286927E-05  -1.252724E-04   9.061141E-05  -3.944390E-05  -1.854729E-01
          1017      G     -3.548359E-04  -6.639873E-06  -7.329330E-03   2.530063E-01  -2.153411E-01  -1.748059E-04
          1018      G     -3.460847E-04  -3.544699E-05  -1.287848E-02   4.836632E-01  -1.460640E-01  -3.924018E-04
          1019      G     -4.123322E-04  -2.268580E-07  -1.217415E-02   9.038255E-06  -7.280371E-01   1.172469E-05
          1020      G     -4.157119E-04  -5.786863E-07  -2.294655E-02   9.563597E-06  -1.869678E-02   1.121664E-05
          1021      G     -2.802236E-04  -1.509861E-04  -2.835852E-04  -1.976219E-06  -7.974668E-05  -8.560250E-02
          1022      G     -2.858201E-04   4.076693E-05  -2.841820E-04   2.762542E-05  -4.207869E-05  -9.173254E-02
1                                                       **STUDENT EDITION*    APRIL  17, 2026  MSC Nastran  3/ 3/26   PAGE    87
     DEFAULT                                                                                                                        
0                                                                                                            SUBCASE 1              
      EIGENVALUE =  4.271757E+06
          CYCLES =  3.289451E+02         R E A L   E I G E N V E C T O R   N O .          8
 
      POINT ID.   TYPE          T1             T2             T3             R1             R2             R3
          1023      G     -3.843769E-04  -2.472372E-05  -1.327216E-02   4.201404E-01   8.726850E-02  -6.271756E-04
          1024      G     -4.038194E-04  -3.660169E-05  -1.206155E-02   3.330625E-01  -2.228595E-02   2.008491E-01
          1025      G     -3.845858E-04  -8.642004E-07  -2.080816E-02  -3.502344E-05   1.820835E-01   1.083602E-05
          1026      G     -3.671907E-04  -1.215046E-06  -1.710122E-02  -1.730386E-04   1.839932E-02   1.134078E-03
          1027      G     -3.310408E-04   2.531770E-07   7.870689E-07   1.611568E-06   6.637770E-04   1.422590E-01
          1028      G     -3.274693E-04   2.586627E-05   1.245491E-04   1.414523E-04  -3.166606E-05   1.875474E-01
          1029      G     -3.214106E-04  -7.146005E-05   1.255712E-04   8.814145E-05  -3.666770E-05   1.845198E-01
          1030      G     -3.510523E-04   2.070342E-07   8.827559E-07   9.715159E-05  -2.979312E-01   6.613432E-04
          1031      G     -3.536673E-04  -5.766991E-06   7.324718E-03   2.531656E-01  -2.152850E-01   1.987969E-04
          1032      G     -3.447866E-04  -3.377898E-05   1.287365E-02   4.838333E-01  -1.461156E-01   4.138504E-04
          1033      G     -2.781424E-04  -1.480858E-04   2.835490E-04  -2.992649E-06  -7.878186E-05   8.519635E-02
          1034      G     -2.831256E-04   4.222621E-05   2.841181E-04   2.597626E-05  -4.153424E-05   9.096851E-02
          1035      G     -3.828202E-04  -2.267142E-05   1.326793E-02   4.204840E-01   8.726538E-02   6.487432E-04
          1036      G     -4.024033E-04  -3.362168E-05   1.205605E-02   3.335684E-01  -2.218310E-02  -2.001540E-01
          1037      G     -3.276960E-04  -2.549119E-05  -1.244900E-04  -1.428744E-04  -3.237571E-05   1.876172E-01
          1038      G     -3.217504E-04   7.198421E-05  -1.255304E-04  -8.947438E-05  -3.737688E-05   1.846459E-01
          1039      G     -3.538531E-04   6.138940E-06  -7.326599E-03  -2.530469E-01  -2.153889E-01   1.969835E-04
          1040      G     -3.452206E-04   3.443849E-05  -1.287724E-02  -4.837394E-01  -1.461177E-01   4.152194E-04
          1041      G     -2.785274E-04   1.493880E-04  -2.832439E-04   6.039709E-06  -7.865494E-05   8.485159E-02
          1042      G     -3.835939E-04   2.292368E-05  -1.327125E-02  -4.202399E-01   8.727797E-02   6.508897E-04
          1043      G     -4.029661E-04   3.420920E-05  -1.205925E-02  -3.331014E-01  -2.218682E-02  -1.991293E-01
          1044      G     -2.843652E-04  -4.353067E-05  -2.838119E-04  -2.370389E-05  -4.087851E-05   9.111678E-02
          2000      G     -4.346310E-04  -7.463387E-06   2.268515E-05   1.305107E-03  -2.043078E-02  -4.746086E-01
          2001      G     -4.399712E-04  -2.200414E-05   1.281969E-04  -1.492874E-04  -1.437855E-05  -2.442710E-01
          2002      G     -4.390705E-04   7.477612E-05   1.285035E-04  -9.292527E-05  -2.386885E-05  -2.438079E-01
          2003      G     -4.755212E-04  -1.605241E-06  -4.226501E-05   1.401089E-03  -3.602180E-01  -1.011322E-03
          2004      G     -4.784731E-04   3.145999E-06   8.646975E-03  -2.874953E-01  -2.565298E-01  -2.349303E-04
          2005      G     -4.642839E-04   4.878642E-05   1.516582E-02  -5.452823E-01  -1.628335E-01  -2.849049E-04
          2006      G     -6.157648E-04  -9.605054E-07  -9.403080E-05   2.424247E-04  -4.508920E-02   3.460257E-05
          2007      G     -5.555630E-04   3.936442E-07   1.431575E-02   1.697001E-04  -8.912308E-01   4.068354E-05
          2008      G     -5.622670E-04   1.701456E-06   2.701460E-02   1.301957E-05   1.729010E-02   5.372755E-05
          2009      G     -3.840712E-04   2.073949E-04   2.814697E-04  -6.425445E-06  -7.385448E-05  -1.355213E-01
          2010      G     -3.632063E-04   2.709873E-05   2.821403E-04  -3.170516E-05  -4.321892E-05  -1.275740E-01
          2011      G     -5.086194E-04   5.246585E-05   1.549593E-02  -4.356840E-01   1.013551E-01  -5.048624E-04
          2012      G     -5.465115E-04   8.766982E-05   1.306546E-02  -2.639022E-01   7.081287E-02   7.305884E-01
          2013      G     -5.278920E-04   4.384020E-06   2.393529E-02  -3.546865E-03   2.340321E-01   8.085101E-05
          2014      G     -5.185648E-04   8.034545E-06   1.815686E-02  -7.970794E-03   1.148729E-01   5.332487E-02
          2015      G     -4.387376E-04   2.209976E-05  -1.245878E-04   1.503790E-04  -3.050974E-05  -2.424043E-01
          2016      G     -4.374436E-04  -7.696297E-05  -1.253448E-04   9.266041E-05  -3.936690E-05  -2.417461E-01
          2017      G     -4.802520E-04  -7.158638E-06  -8.715881E-03   2.897364E-01  -2.547064E-01  -2.857188E-04
          2018      G     -4.664527E-04  -4.809992E-05  -1.521861E-02   5.465744E-01  -1.640126E-01  -3.531913E-04
          2019      G     -5.566646E-04  -1.302298E-06  -1.445812E-02  -3.208076E-04  -8.878085E-01   2.801513E-05
          2020      G     -5.643493E-04  -1.806376E-06  -2.713300E-02   9.120629E-05   1.454473E-02   2.149641E-05
          2021      G     -3.827328E-04  -1.996643E-04  -2.839496E-04   4.483590E-06  -8.070897E-05  -1.356392E-01
          2022      G     -3.601627E-04  -2.616087E-05  -2.848114E-04   2.757938E-05  -5.166751E-05  -1.266389E-01
          2023      G     -5.099315E-04  -5.167909E-05  -1.557655E-02   4.389331E-01   1.012453E-01  -6.186833E-04
          2024      G     -5.472137E-04  -7.990673E-05  -1.312449E-02   2.661034E-01   7.219166E-02   7.012522E-01
          2025      G     -5.340113E-04  -2.075785E-06  -2.408103E-02  -1.201974E-05   2.345472E-01   1.891566E-05
          2026      G     -5.298574E-04  -2.691778E-06  -1.817830E-02  -2.670913E-04   1.241847E-01   3.306652E-03
          2027      G     -4.304928E-04  -6.299714E-07   2.281523E-06   2.296289E-04  -2.219205E-02   4.622117E-01
1                                                       **STUDENT EDITION*    APRIL  17, 2026  MSC Nastran  3/ 3/26   PAGE    88
     DEFAULT                                                                                                                        
0                                                                                                            SUBCASE 1              
      EIGENVALUE =  4.271757E+06
          CYCLES =  3.289451E+02         R E A L   E I G E N V E C T O R   N O .          8
 
      POINT ID.   TYPE          T1             T2             T3             R1             R2             R3
          2028      G     -4.340558E-04   2.289612E-05   1.249887E-04   1.468667E-04  -2.703393E-05   2.401840E-01
          2029      G     -4.322070E-04  -7.524080E-05   1.256345E-04   8.885592E-05  -3.665201E-05   2.392477E-01
          2030      G     -4.723834E-04  -2.999146E-07  -6.277281E-05  -2.486091E-03  -3.599204E-01   1.053219E-03
          2031      G     -4.758511E-04  -4.483515E-06   8.611147E-03   2.864567E-01  -2.558576E-01   3.310714E-04
          2032      G     -4.616431E-04  -4.429070E-05   1.512211E-02   5.437378E-01  -1.630626E-01   4.069268E-04
          2033      G     -3.774684E-04  -1.950870E-04   2.839224E-04   3.811415E-06  -7.969150E-05   1.336458E-01
          2034      G     -3.535048E-04  -2.070738E-05   2.847398E-04   2.545138E-05  -5.103440E-05   1.239037E-01
          2035      G     -5.053211E-04  -4.537882E-05   1.550604E-02   4.366545E-01   9.763097E-02   6.311650E-04
          2036      G     -5.448399E-04  -7.426010E-05   1.311399E-02   2.682271E-01   7.245103E-02  -7.052703E-01
          2037      G     -4.352622E-04  -2.246819E-05  -1.249389E-04  -1.486670E-04  -2.792199E-05   2.407308E-01
          2038      G     -4.337279E-04   7.589594E-05  -1.256022E-04  -9.094854E-05  -3.728541E-05   2.399520E-01
          2039      G     -4.769067E-04   4.050418E-06  -8.722497E-03  -2.898264E-01  -2.550217E-01   3.118698E-04
          2040      G     -4.640901E-04   4.567226E-05  -1.522831E-02  -5.470205E-01  -1.639103E-01   3.822689E-04
          2041      G     -3.784708E-04   1.966125E-04  -2.836084E-04  -2.398017E-07  -7.969437E-05   1.336127E-01
          2042      G     -3.560058E-04   2.058005E-05  -2.844365E-04  -2.350780E-05  -5.051437E-05   1.246843E-01
          2043      G     -5.082029E-04   4.790235E-05  -1.558063E-02  -4.393170E-01   1.015314E-01   6.745405E-04
          2044      G     -5.455973E-04   7.438836E-05  -1.312003E-02  -2.663506E-01   7.257010E-02  -6.932415E-01
          3000      G      2.365876E-02   7.203187E-05   3.268106E-04  -5.682496E-02   7.095522E-01   9.715562E+00
          3001      G      2.485255E-02   7.233470E-03   1.605602E-02  -3.187266E+00   6.768364E-01   8.642512E+00
          3002      G      2.448634E-02   5.450051E-03   8.604174E-03  -1.492432E+00   6.115017E-01   9.104711E+00
          3003      G      2.896633E-02  -1.039170E-04   3.124339E-03  -1.180700E-01  -3.744134E+01  -9.049783E-02
          3004      G      2.585726E-02  -1.994752E-04   9.508914E-01  -3.260585E+01  -2.664284E+01  -1.779353E-02
          3005      G      2.548754E-02   6.003309E-04   1.468773E+00  -6.200877E+01  -4.347489E+00   1.014852E-02
          3006      G      9.348785E-03  -6.956051E-05   4.822632E-03   3.507825E-03  -1.364719E+00   2.566920E-03
          3007      G      2.086467E-02  -3.618730E-05   1.571520E+00   2.148783E-01  -9.427818E+01   2.723543E-03
          3008      G      2.769878E-02   4.828135E-05   2.844493E+00  -1.822140E-02   4.272503E+00   2.937310E-03
          3009      G      2.285511E-02   2.245889E-03   1.300588E-02  -3.384188E+00  -2.000930E+00   1.904969E+01
          3010      G      1.935264E-02  -2.506952E-03   6.928642E-03  -4.475365E-01   1.083508E+00   3.702794E+00
          3011      G      2.665387E-02  -1.199210E-03   8.513565E-01  -3.107331E+01   4.398058E+01   8.346231E-02
          3012      G      2.880407E-02   2.720606E-03   3.871760E-02   1.061291E+00   5.518789E+00  -6.010708E+00
          3013      G      3.315985E-02   7.317429E-05   1.545904E+00   1.584107E-01   8.526830E+01   3.936786E-03
          3014      G      4.004587E-02   1.872259E-04   5.513732E-02  -2.288967E-02   7.889593E+00   8.269280E-02
          3015      G      2.500008E-02  -7.558582E-03  -1.663879E-02   3.335557E+00   1.161834E+00   6.832913E+00
          3016      G      2.463341E-02  -5.330998E-03  -8.266075E-03   1.392996E+00   9.902666E-01   7.960863E+00
          3017      G      2.590514E-02   1.181100E-04  -9.472328E-01   3.221495E+01  -2.654373E+01  -1.911307E-02
          3018      G      2.561270E-02  -7.470140E-04  -1.470641E+00   6.197102E+01  -4.637914E+00   1.064897E-02
          3019      G      2.089012E-02  -1.364336E-04  -1.567478E+00   1.960128E-03  -9.462546E+01   2.316881E-03
          3020      G      2.774400E-02  -1.678248E-04  -2.847493E+00   1.256354E-02   4.286483E+00   2.074335E-03
          3021      G      2.292016E-02  -2.465000E-03  -1.299579E-02   4.036544E+00  -3.129725E+00   2.348406E+01
          3022      G      1.966140E-02   1.840758E-03  -7.241509E-03   3.410480E-01   1.243526E+00   3.121900E+00
          3023      G      2.691424E-02   9.996053E-04  -8.565816E-01   3.043185E+01   4.387150E+01   8.319666E-02
          3024      G      2.901300E-02  -2.844579E-03  -3.902545E-02  -1.488646E+00   5.595521E+00  -7.941528E+00
          3025      G      3.321726E-02  -2.210426E-04  -1.547803E+00   1.572919E-02   8.524822E+01   2.173136E-03
          3026      G      4.014070E-02  -2.688167E-04  -5.535428E-02   1.505951E-03   7.928688E+00  -1.093812E-01
          3027      G      2.412690E-02  -6.953185E-05   1.054392E-05   2.451808E-03   8.299653E-01  -9.410295E+00
          3028      G      2.541001E-02  -7.549888E-03   1.675337E-02   3.369421E+00   1.124441E+00  -7.140619E+00
          3029      G      2.502589E-02  -5.116241E-03   8.184197E-03   1.374893E+00   1.000198E+00  -8.093033E+00
          3030      G      2.924064E-02  -9.351478E-05   2.183763E-03   1.165080E-01  -3.736007E+01   9.535770E-02
          3031      G      2.612693E-02   1.899303E-04   9.485675E-01   3.221322E+01  -2.640077E+01   2.337014E-02
          3032      G      2.580357E-02  -5.664348E-04   1.469158E+00   6.194628E+01  -4.598291E+00  -5.701482E-03
1                                                       **STUDENT EDITION*    APRIL  17, 2026  MSC Nastran  3/ 3/26   PAGE    89
     DEFAULT                                                                                                                        
0                                                                                                            SUBCASE 1              
      EIGENVALUE =  4.271757E+06
          CYCLES =  3.289451E+02         R E A L   E I G E N V E C T O R   N O .          8
 
      POINT ID.   TYPE          T1             T2             T3             R1             R2             R3
          3033      G      2.330747E-02  -2.195620E-03   1.303053E-02   4.043668E+00  -3.128834E+00  -2.365641E+01
          3034      G      2.005253E-02   2.267830E-03   7.235804E-03   3.312157E-01   1.251595E+00  -3.268357E+00
          3035      G      2.708637E-02   1.310390E-03   8.550219E-01   3.032042E+01   4.383304E+01  -7.819632E-02
          3036      G      2.916847E-02  -2.427409E-03   3.902682E-02  -1.480384E+00   5.598394E+00   7.732380E+00
          3037      G      2.540509E-02   7.332617E-03  -1.658057E-02  -3.329929E+00   1.136550E+00  -7.091761E+00
          3038      G      2.501448E-02   5.017938E-03  -8.194962E-03  -1.374588E+00   9.996959E-01  -8.096258E+00
          3039      G      2.613764E-02  -3.407992E-04  -9.473051E-01  -3.223633E+01  -2.653514E+01   2.294283E-02
          3040      G      2.582407E-02   4.051872E-04  -1.470737E+00  -6.199814E+01  -4.649818E+00  -6.364101E-03
          3041      G      2.328870E-02   2.042949E-03  -1.293086E-02  -4.020110E+00  -3.127623E+00  -2.364336E+01
          3042      G      2.003726E-02  -2.354892E-03  -7.191751E-03  -3.344715E-01   1.240072E+00  -3.315730E+00
          3043      G      2.711400E-02  -1.427970E-03  -8.568466E-01  -3.045288E+01   4.387214E+01  -7.910651E-02
          3044      G      2.919916E-02   2.312260E-03  -3.909411E-02   1.493880E+00   5.612278E+00   7.733248E+00
          4000      G      2.459122E-03   7.631373E-05   1.392018E-05  -1.582136E-03  -6.728934E-02   7.865876E-01
          4001      G      2.467383E-03   1.041671E-04   1.653811E-03   3.163565E-03   5.435137E-03   6.072232E-01
          4002      G      2.455015E-03   2.181861E-04   2.280245E-03  -3.737932E-02  -8.048211E-03   5.024980E-01
          4003      G      2.608954E-03   7.864734E-05   3.659383E-05   1.664901E-03  -3.066155E-01   9.555371E-04
          4004      G      2.605155E-03   9.802339E-05   8.713471E-03  -2.363089E-01  -2.816215E-01   1.336779E-03
          4005      G      2.622404E-03   1.192998E-04   1.512442E-02  -4.453310E-01  -1.084977E-01   1.978010E-03
          4006      G      2.553800E-03   7.772605E-05  -1.253939E-05  -2.213421E-03  -7.180008E-02   4.539995E-04
          4007      G      2.623683E-03   9.244582E-05   1.354516E-02  -5.368527E-03  -7.861645E-01   4.222315E-04
          4008      G      2.673818E-03   1.034758E-04   2.552199E-02  -2.685743E-03  -3.454340E-02   3.881464E-04
          4009      G      2.430220E-03   2.283384E-04   2.231242E-03   3.156313E-02   3.909578E-03   2.580169E-01
          4010      G      2.393882E-03   3.500198E-04   2.836588E-03  -3.350345E-02  -8.478291E-02   7.865816E-01
          4011      G      2.632630E-03   1.653595E-04   1.462631E-02  -3.805403E-01   8.774452E-02   4.285337E-03
          4012      G      2.649016E-03   3.451498E-04   1.293912E-02  -1.904649E-01   2.134407E-02   1.312842E+00
          4013      G      2.774956E-03   1.158365E-04   2.303614E-02  -1.652426E-02   2.321929E-01   3.746048E-04
          4014      G      2.853387E-03   1.252590E-04   1.815572E-02   2.452876E-03   2.928360E-02  -7.797356E-03
          4015      G      2.462578E-03   5.354122E-05  -1.645462E-03  -1.012213E-02   7.311927E-03   6.284632E-01
          4016      G      2.445601E-03  -6.403306E-05  -2.275461E-03   3.335145E-02  -1.367962E-02   5.169000E-01
          4017      G      2.601847E-03   5.783525E-05  -8.670593E-03   2.424539E-01  -2.842050E-01   1.340657E-03
          4018      G      2.616030E-03   3.970518E-05  -1.499451E-02   4.483468E-01  -9.814690E-02   1.994750E-03
          4019      G      2.622131E-03   6.451294E-05  -1.355686E-02  -2.187986E-03  -7.838645E-01   4.596423E-04
          4020      G      2.671469E-03   4.998542E-05  -2.549358E-02  -2.318310E-03  -3.469123E-02   4.574102E-04
          4021      G      2.413630E-03  -6.260589E-05  -1.970895E-03  -5.963286E-02   1.697202E-02   2.056922E-01
          4022      G      2.368655E-03  -1.886158E-04  -2.802341E-03   5.254133E-02  -1.040763E-01   8.726832E-01
          4023      G      2.625104E-03  -6.714383E-06  -1.436492E-02   4.114386E-01   7.894001E-02   4.448345E-03
          4024      G      2.643252E-03  -1.927803E-04  -1.291741E-02   1.874587E-01   2.251603E-02   1.359700E+00
          4025      G      2.774561E-03   3.772091E-05  -2.306212E-02  -2.491763E-03   2.290975E-01   4.407471E-04
          4026      G      2.854936E-03   2.543684E-05  -1.822696E-02  -1.099989E-03   3.101755E-02   1.350225E-02
          4027      G      2.525802E-03   7.651548E-05  -7.261267E-06  -1.912780E-03  -7.157893E-02  -8.183067E-01
          4028      G      2.531177E-03   8.126007E-05   1.663222E-03  -1.125818E-02   8.771989E-03  -6.290828E-01
          4029      G      2.514292E-03  -1.385707E-05   2.288904E-03   3.450263E-02  -1.349416E-02  -5.257974E-01
          4030      G      2.640998E-03   7.818336E-05   4.925953E-06   3.212683E-04  -3.058657E-01  -3.765843E-05
          4031      G      2.635295E-03   8.431852E-05   8.709502E-03   2.434216E-01  -2.845746E-01  -4.307415E-04
          4032      G      2.650030E-03   9.259879E-05   1.506536E-02   4.480419E-01  -1.008338E-01  -1.121863E-03
          4033      G      2.481499E-03   1.593191E-05   1.969281E-03  -6.144317E-02   1.835016E-02  -2.094001E-01
          4034      G      2.435857E-03  -9.148205E-05   2.805288E-03   5.426284E-02  -1.054272E-01  -8.871499E-01
          4035      G      2.660044E-03   6.893362E-05   1.445385E-02   4.189673E-01   8.235290E-02  -3.584375E-03
          4036      G      2.679251E-03  -9.306556E-05   1.289806E-02   1.840531E-01   2.364865E-02  -1.351444E+00
          4037      G      2.532138E-03   7.437240E-05  -1.684515E-03   5.569266E-03   8.733669E-03  -6.296859E-01
1                                                       **STUDENT EDITION*    APRIL  17, 2026  MSC Nastran  3/ 3/26   PAGE    90
     DEFAULT                                                                                                                        
0                                                                                                            SUBCASE 1              
      EIGENVALUE =  4.271757E+06
          CYCLES =  3.289451E+02         R E A L   E I G E N V E C T O R   N O .          8
 
      POINT ID.   TYPE          T1             T2             T3             R1             R2             R3
          4038      G      2.515711E-03   1.637979E-04  -2.307949E-03  -3.865693E-02  -1.334927E-02  -5.247055E-01
          4039      G      2.635110E-03   7.005890E-05  -8.697800E-03  -2.399091E-01  -2.846204E-01  -3.903938E-04
          4040      G      2.649813E-03   6.110142E-05  -1.501931E-02  -4.458946E-01  -9.760599E-02  -1.053321E-03
          4041      G      2.482802E-03   1.363419E-04  -2.000787E-03   5.249595E-02   1.709195E-02  -2.129568E-01
          4042      G      2.435701E-03   2.343433E-04  -2.821925E-03  -5.715631E-02  -9.999726E-02  -8.604441E-01
          4043      G      2.659094E-03   8.065509E-05  -1.437711E-02  -4.085658E-01   7.993960E-02  -3.535466E-03
          4044      G      2.678168E-03   2.427687E-04  -1.291454E-02  -1.883224E-01   2.335697E-02  -1.328756E+00
1                                                       **STUDENT EDITION*    APRIL  17, 2026  MSC Nastran  3/ 3/26   PAGE    91
     DEFAULT                                                                                                                        
0                                                                                                            SUBCASE 1              
      EIGENVALUE =  5.387926E+06
          CYCLES =  3.694290E+02         R E A L   E I G E N V E C T O R   N O .          9
 
      POINT ID.   TYPE          T1             T2             T3             R1             R2             R3
             1      G      0.0            0.0            0.0            0.0            0.0            0.0
             2      G      0.0            0.0            0.0            0.0            0.0            0.0
             3      G      0.0            0.0            0.0            0.0            0.0            0.0
             4      G      0.0            0.0            0.0            0.0            0.0            0.0
             5      G      0.0            0.0            0.0            0.0            0.0            0.0
             6      G      0.0            0.0            0.0            0.0            0.0            0.0
             7      G      0.0            0.0            0.0            0.0            0.0            0.0
             8      G      0.0            0.0            0.0            0.0            0.0            0.0
            10      G     -5.658573E-06   1.755709E-06  -5.700189E-05  -4.896750E-05  -1.151078E-05   1.085369E-03
            11      G      5.748529E-06   1.823898E-06   5.682158E-05  -4.894320E-05   1.168934E-05   1.090778E-03
            12      G      7.429105E-06   1.207150E-06  -4.470408E-05  -3.353897E-05  -2.045312E-05  -1.048493E-03
            13      G     -7.091745E-06   1.254366E-06   4.487218E-05  -3.377029E-05   2.157502E-05  -1.016616E-03
            14      G      7.516358E-06  -1.146859E-06   4.471841E-05   3.336823E-05  -2.015449E-05  -1.045481E-03
            15      G     -7.830276E-06  -1.047919E-06  -4.492193E-05   3.334584E-05   1.956467E-05  -1.063726E-03
            16      G     -5.577934E-06  -1.548030E-06   5.701081E-05   4.852486E-05  -1.118757E-05   1.084076E-03
            17      G      4.764773E-06  -2.375120E-06  -5.685699E-05   5.113113E-05   7.220459E-06   8.587203E-04
           100      G      8.559909E-06  -1.458381E-05  -1.877741E-04  -8.876221E-04   1.748090E-03   3.901210E-04
           101      G     -6.325492E-07  -2.024305E-05   6.221822E-06  -1.133038E-03  -7.518412E-06   2.360681E-04
           102      G      3.963287E-06  -8.693007E-06  -1.234165E-04  -2.483693E-04   3.566344E-03  -4.751428E-05
           103      G     -4.092428E-07  -6.626058E-06   2.253757E-06  -2.021520E-03  -1.919482E-04  -5.489319E-04
           104      G      3.084876E-06   7.342263E-08  -3.204871E-06   7.372524E-05   4.498820E-03  -8.870118E-05
           105      G     -3.536508E-07  -1.590689E-08  -2.316989E-06   1.166458E-06  -1.811559E-05  -9.771718E-05
           106      G     -1.580822E-05  -2.104065E-05  -4.553975E-05   3.334584E-05   1.956467E-05  -1.063726E-03
           107      G     -1.580822E-05   7.347543E-06  -4.501761E-05   3.334584E-05   1.956467E-05  -1.063726E-03
           108      G     -1.085084E-05   2.629378E-07   1.325906E-06   2.983989E-05   2.168496E-03   9.893003E-04
           109      G      1.120518E-05   4.065283E-06  -5.729462E-05   5.113113E-05   7.220459E-06   8.587203E-04
           110      G     -3.323930E-06  -4.649534E-05  -4.109763E-04   3.205033E-03   2.759895E-03  -3.916496E-05
           111      G      1.120518E-05  -1.992522E-05  -5.709290E-05   5.113113E-05   7.220459E-06   8.587203E-04
           112      G      1.054644E-05  -3.837423E-05  -2.984629E-04  -1.456161E-04   5.257531E-03  -3.558872E-04
           113      G     -8.685182E-07  -1.474740E-04   4.114132E-06  -1.949516E-02   4.350674E-05   8.835755E-03
           114      G     -8.556448E-07  -3.898009E-05   6.863532E-06  -7.929868E-03   7.748649E-05  -4.886905E-03
           115      G      9.391094E-06   1.522003E-05   1.842729E-04   1.102417E-03   1.796027E-03   3.654468E-04
           116      G     -3.826156E-07   2.043573E-05  -7.577194E-06   1.166158E-03  -2.186653E-06   2.338962E-04
           117      G      4.359122E-06   8.676360E-06   1.172455E-04   4.224061E-04   3.662347E-03  -5.793137E-05
           118      G     -3.177071E-07   6.690497E-06  -6.326517E-06   2.049507E-03  -1.145756E-04  -5.537277E-04
           119      G     -1.471637E-05   2.036167E-05   4.553096E-05  -3.377029E-05   2.157502E-05  -1.016616E-03
           120      G     -1.471637E-05  -6.769281E-06   4.495518E-05  -3.377029E-05   2.157502E-05  -1.016616E-03
           121      G      1.392936E-05  -6.356934E-06   5.727633E-05  -4.894320E-05   1.168934E-05   1.090778E-03
           122      G     -1.735961E-06   4.782981E-05   4.132249E-04  -3.180748E-03   2.692779E-03   3.268391E-04
           123      G      1.392936E-05   2.411667E-05   5.694976E-05  -4.894320E-05   1.168934E-05   1.090778E-03
           124      G      1.184153E-05   3.872681E-05   2.981871E-04   2.605501E-04   5.418963E-03  -3.756245E-04
           125      G     -4.245699E-07   1.498214E-04  -1.492887E-06   1.959058E-02   2.422339E-06   8.986576E-03
           126      G     -4.448366E-07   3.982872E-05  -5.682512E-06   7.942118E-03   1.182942E-04  -4.975047E-03
           127      G     -9.707545E-06  -1.496361E-05   1.968944E-04  -7.737258E-04  -1.908768E-03   3.992713E-04
           128      G     -4.824326E-06  -8.756622E-06   1.250778E-04  -2.103752E-04  -3.878849E-03  -4.816775E-05
           129      G     -3.679458E-06  -7.727379E-09  -3.241332E-06  -2.199700E-05  -4.719947E-03  -8.636768E-05
           130      G      1.535747E-05  -2.079668E-05   4.534748E-05   3.336823E-05  -2.015449E-05  -1.045481E-03
           131      G      1.535747E-05   7.104605E-06   4.480961E-05   3.336823E-05  -2.015449E-05  -1.045481E-03
           132      G      1.074465E-05   2.304587E-08  -6.452547E-08   5.252951E-06  -2.169234E-03   1.022944E-03
           133      G     -1.370850E-05   6.582537E-06   5.745865E-05   4.852486E-05  -1.118757E-05   1.084076E-03
1                                                       **STUDENT EDITION*    APRIL  17, 2026  MSC Nastran  3/ 3/26   PAGE    92
     DEFAULT                                                                                                                        
0                                                                                                            SUBCASE 1              
      EIGENVALUE =  5.387926E+06
          CYCLES =  3.694290E+02         R E A L   E I G E N V E C T O R   N O .          9
 
      POINT ID.   TYPE          T1             T2             T3             R1             R2             R3
           134      G      1.307469E-06  -4.553401E-05   4.184292E-04   3.342352E-03  -2.737442E-03   1.995069E-04
           135      G     -1.370850E-05  -2.370383E-05   5.714610E-05   4.852486E-05  -1.118757E-05   1.084076E-03
           136      G     -1.203403E-05  -3.808056E-05   3.093587E-04   6.038184E-05  -5.126850E-03  -3.485042E-04
           137      G     -9.835652E-06   1.517096E-05  -1.998856E-04   7.944827E-04  -1.799983E-03   3.946006E-04
           138      G     -4.865826E-06   8.794168E-06  -1.309568E-04   1.671312E-04  -3.821107E-03  -5.116577E-05
           139      G      1.529280E-05   2.091358E-05  -4.534004E-05  -3.353897E-05  -2.045312E-05  -1.048493E-03
           140      G      1.529280E-05  -7.068085E-06  -4.479420E-05  -3.353897E-05  -2.045312E-05  -1.048493E-03
           141      G     -1.379884E-05  -6.384557E-06  -5.745548E-05  -4.896750E-05  -1.151078E-05   1.085369E-03
           142      G      1.258649E-06   4.747604E-05  -4.157242E-04  -3.232962E-03  -2.731079E-03   2.869184E-04
           143      G     -1.379884E-05   2.393793E-05  -5.713390E-05  -4.896750E-05  -1.151078E-05   1.085369E-03
           144      G     -1.224256E-05   3.874893E-05  -3.086539E-04   3.530364E-05  -5.028273E-03  -3.669492E-04
           200      G      1.143262E-05   2.454652E-06  -5.729462E-05   5.113113E-05   7.220459E-06   8.587203E-04
           201      G      1.143262E-05  -2.153585E-05  -5.709290E-05   5.113113E-05   7.220459E-06   8.587203E-04
           202      G     -1.519194E-05  -2.209105E-05  -4.553975E-05   3.334584E-05   1.956467E-05  -1.063726E-03
           203      G     -1.519194E-05   6.297149E-06  -4.501761E-05   3.334584E-05   1.956467E-05  -1.063726E-03
           204      G     -9.213163E-05  -8.404781E-09   2.254478E-06  -3.770321E-05   2.043108E-03  -1.487917E-02
           205      G     -7.930383E-06  -6.791203E-05  -5.121554E-04   2.340022E-03   2.776537E-03   6.580286E-03
           206      G      1.164522E-06  -7.139595E-05   2.720492E-06  -1.626093E-02  -1.675971E-04   4.463171E-03
           207      G      1.429758E-05  -4.815223E-06   5.727633E-05  -4.894320E-05   1.168934E-05   1.090778E-03
           208      G      1.429758E-05   2.565838E-05   5.694976E-05  -4.894320E-05   1.168934E-05   1.090778E-03
           209      G     -1.403676E-05   2.142543E-05   4.553096E-05  -3.377029E-05   2.157502E-05  -1.016616E-03
           210      G     -1.403676E-05  -5.705517E-06   4.495518E-05  -3.377029E-05   2.157502E-05  -1.016616E-03
           211      G     -7.901717E-06   7.801254E-05   5.165012E-04  -1.856844E-03   2.971409E-03   7.849036E-03
           212      G      2.784093E-07   8.020427E-05  -1.400947E-06   1.585881E-02  -8.527449E-05   5.055840E-03
           213      G     -1.406091E-05   5.054004E-06   5.745865E-05   4.852486E-05  -1.118757E-05   1.084076E-03
           214      G     -1.406091E-05  -2.523236E-05   5.714610E-05   4.852486E-05  -1.118757E-05   1.084076E-03
           215      G      1.472260E-05  -2.184778E-05   4.534748E-05   3.336823E-05  -2.015449E-05  -1.045481E-03
           216      G      1.472260E-05   6.053506E-06   4.480961E-05   3.336823E-05  -2.015449E-05  -1.045481E-03
           217      G      9.260929E-05   2.721592E-07  -6.616787E-08   3.800586E-05  -1.984430E-03  -1.495875E-02
           218      G      8.943453E-06  -7.519161E-05   5.212583E-04   2.055522E-03  -3.164925E-03   8.136847E-03
           219      G     -1.416143E-05  -4.842081E-06  -5.745548E-05  -4.896750E-05  -1.151078E-05   1.085369E-03
           220      G     -1.416143E-05   2.548041E-05  -5.713390E-05  -4.896750E-05  -1.151078E-05   1.085369E-03
           221      G      1.464853E-05   2.197005E-05  -4.534004E-05  -3.353897E-05  -2.045312E-05  -1.048493E-03
           222      G      1.464853E-05  -6.011607E-06  -4.479420E-05  -3.353897E-05  -2.045312E-05  -1.048493E-03
           223      G      8.379012E-06   7.782203E-05  -5.191618E-04  -1.898065E-03  -3.119322E-03   7.800763E-03
           224      G     -2.022972E-06  -1.368773E-05  -2.461627E-04  -1.224705E-03   5.785591E-03   5.023579E-04
           225      G      7.482282E-07  -1.322714E-05  -6.366165E-07  -4.046656E-04  -1.611036E-04  -1.327236E-04
           226      G     -1.138545E-05   2.276518E-06  -9.788840E-05  -1.912467E-03   6.011594E-03  -3.751770E-05
           227      G      4.534570E-07  -7.100264E-06  -9.984553E-07   1.563479E-03   3.422794E-05  -1.917753E-06
           228      G      6.865712E-06   5.574839E-08   1.466930E-05   1.276718E-04   7.058273E-04   5.203598E-03
           229      G      3.529258E-07   5.892214E-08  -5.665595E-07   1.602670E-05  -9.250922E-05  -1.389724E-03
           230      G     -6.144331E-07  -2.491502E-05  -4.251260E-04   1.888631E-03   4.830574E-03  -5.444753E-04
           231      G      1.271783E-06  -4.024673E-05   1.481468E-06  -1.147818E-02  -1.943951E-04  -2.082576E-03
           232      G     -1.254116E-06   1.474986E-05   2.700917E-04   1.509827E-03   6.319104E-03   4.785042E-04
           233      G      2.209822E-07   1.425461E-05  -5.685293E-07   5.357964E-04  -7.039919E-05  -2.009995E-04
           234      G     -1.106007E-05  -2.275020E-06   1.220334E-04   2.100125E-03   5.658326E-03  -5.446425E-05
           235      G      2.295582E-07   7.378537E-06  -7.089949E-07  -1.462487E-03   2.897728E-05  -8.511721E-06
           236      G      4.316075E-07   2.696833E-05   4.484107E-04  -2.218729E-03   3.929031E-03  -6.482236E-04
           237      G      2.148870E-07   4.331311E-05  -9.644244E-07   1.276702E-02   1.003343E-05  -2.387300E-03
           238      G      2.666545E-06  -1.385883E-05   2.529049E-04  -1.404558E-03  -5.965753E-03   4.708027E-04
1                                                       **STUDENT EDITION*    APRIL  17, 2026  MSC Nastran  3/ 3/26   PAGE    93
     DEFAULT                                                                                                                        
0                                                                                                            SUBCASE 1              
      EIGENVALUE =  5.387926E+06
          CYCLES =  3.694290E+02         R E A L   E I G E N V E C T O R   N O .          9
 
      POINT ID.   TYPE          T1             T2             T3             R1             R2             R3
           239      G      1.208390E-05   2.562008E-06   1.038171E-04  -2.028245E-03  -5.981799E-03  -4.783807E-05
           240      G     -6.395319E-06   1.297018E-07  -7.216604E-06   4.251501E-06  -7.356166E-04   5.221997E-03
           241      G      1.249659E-06  -2.459162E-05   4.329350E-04   1.698295E-03  -4.820121E-03  -6.382425E-04
           242      G      1.688429E-06   1.472694E-05  -2.676442E-04   1.433823E-03  -6.382510E-03   4.907707E-04
           243      G      1.155932E-05  -2.100092E-06  -1.175552E-04   2.039807E-03  -5.797083E-03  -5.266666E-05
           244      G      3.921881E-08   2.696531E-05  -4.483118E-04  -2.270170E-03  -4.031210E-03  -6.484360E-04
           300      G     -3.349485E-05   2.215852E-04  -8.886950E-04   3.600279E-02  -1.845411E-03   6.441115E-03
           301      G     -2.411463E-04   6.048937E-05  -1.014501E-03   1.502218E-02   1.546588E-02   6.601665E-03
           302      G     -5.794952E-04  -2.546524E-06  -2.528011E-06   2.477667E-03   3.600763E-02  -6.247088E-02
           303      G      3.970975E-04  -1.833538E-05  -5.316620E-04   8.313926E-03  -1.811609E-02   2.177320E-02
           304      G      1.386684E-04   7.227168E-05  -1.053535E-03   1.996858E-02  -3.530112E-04  -7.406657E-03
           305      G     -4.827236E-05  -1.931352E-05  -6.783437E-04  -4.003626E-03   1.573444E-02  -7.423853E-03
           306      G     -5.793917E-06  -1.266877E-04   8.558061E-07  -1.578569E-02  -7.040971E-04   2.249315E-02
           307      G      1.048013E-05  -2.690624E-04   8.895098E-04  -3.698380E-02  -2.744990E-03   5.853277E-03
           308      G     -2.355632E-04  -1.057259E-04   1.035918E-03  -1.424397E-02   1.728706E-02   3.100302E-03
           309      G      5.438977E-04   1.576318E-05   5.298899E-04  -1.189621E-02  -2.402556E-02   2.074986E-02
           310      G      2.211921E-04  -9.223220E-05   1.070494E-03  -2.132744E-02   8.194933E-04  -1.075768E-02
           311      G     -3.960491E-05   3.191343E-05   6.842510E-04   4.694149E-03   1.582757E-02  -7.425597E-03
           312      G     -3.617484E-06   1.363814E-04  -1.368947E-06   1.489089E-02  -9.699458E-04   2.233053E-02
           313      G      4.074017E-06   2.507112E-04   8.933595E-04   3.985128E-02   2.409007E-03   7.058334E-03
           314      G      2.599570E-04   8.284443E-05   1.036345E-03   1.701813E-02  -1.808715E-02   4.917766E-03
           315      G      6.296854E-04  -1.746722E-05   1.706989E-07   7.456171E-04  -3.563727E-02  -6.279110E-02
           316      G     -5.337377E-04  -1.539615E-05   5.330456E-04   1.237020E-02   2.433637E-02   2.144833E-02
           317      G     -2.106071E-04   8.082766E-05   1.072739E-03   2.315447E-02  -1.280612E-03  -9.861591E-03
           318      G      3.902059E-05  -3.004652E-05   6.866171E-04  -3.779421E-03  -1.826203E-02  -6.502996E-03
           319      G     -6.666193E-07  -2.763793E-04  -8.925174E-04  -3.770065E-02   2.397713E-03   6.803513E-03
           320      G      2.574753E-04  -1.157750E-04  -1.037060E-03  -1.544915E-02  -1.807929E-02   4.777441E-03
           321      G     -5.424782E-04   1.161680E-05  -5.328606E-04  -1.111414E-02   2.283295E-02   2.097425E-02
           322      G     -2.175540E-04  -9.738561E-05  -1.072298E-03  -2.047989E-02  -1.089747E-03  -1.011678E-02
           323      G      3.606197E-05   2.968557E-05  -6.861367E-04   4.528242E-03  -1.810647E-02  -7.425951E-03
           324      G     -2.554058E-05   1.349444E-04  -1.099886E-03  -3.705092E-02   3.697153E-03  -1.336202E-03
           325      G     -8.462044E-06   1.381998E-04   2.382415E-05   1.864572E-02  -6.227611E-04   1.328618E-03
           326      G     -3.907127E-05   1.464291E-04  -8.458775E-04  -2.780006E-02   2.730021E-02   2.784362E-03
           327      G     -9.776162E-06   7.129524E-05   2.120869E-05   3.811546E-03   1.367682E-04   4.324894E-03
           328      G      1.942602E-05  -1.827010E-05  -4.022331E-05  -2.950247E-03   1.796387E-02   2.386739E-02
           329      G     -8.891892E-06  -1.960532E-05   9.753425E-06   5.262047E-04  -5.873806E-04  -3.703661E-03
           330      G     -2.690207E-06   1.096304E-04  -9.709764E-04  -2.963342E-02  -2.277577E-02  -2.215955E-03
           331      G     -4.631769E-06   6.359551E-05   1.120236E-05   6.824376E-03  -5.993241E-04  -1.139135E-02
           332      G     -5.452157E-06  -1.768803E-04   1.092799E-03   3.564932E-02   4.669150E-03  -1.799700E-03
           333      G     -5.491267E-06  -1.712019E-04  -2.797097E-05  -1.708822E-02  -8.294592E-04   9.836592E-04
           334      G     -2.185314E-05  -1.854135E-04   8.046541E-04   2.616065E-02   2.980566E-02   2.812238E-03
           335      G     -8.080704E-06  -1.104616E-04  -1.181630E-05  -3.990097E-03  -3.593463E-04   4.246752E-03
           336      G      2.116540E-05  -1.402285E-04   9.704116E-04   2.921349E-02  -2.340039E-02  -3.184090E-03
           337      G     -4.448363E-06  -7.861649E-05  -1.724336E-05  -6.181690E-03   3.123022E-04  -1.244718E-02
           338      G      6.770508E-06   1.550709E-04   1.170469E-03  -3.509375E-02  -4.763082E-03  -1.645449E-03
           339      G      1.854955E-05   1.616040E-04   8.878958E-04  -2.613686E-02  -3.009986E-02   3.201040E-03
           340      G     -3.800381E-05  -1.874486E-05   1.520365E-05   2.715947E-04  -1.922151E-02   2.506521E-02
           341      G     -1.919263E-05   1.302503E-04   1.001703E-03  -2.871503E-02   2.562434E-02  -2.857557E-03
           342      G      3.394239E-06  -1.832656E-04  -1.161469E-03   3.493309E-02  -5.017290E-03  -1.646828E-03
           343      G      1.730281E-05  -1.964045E-04  -8.604115E-04   2.715218E-02  -3.064203E-02   3.089610E-03
1                                                       **STUDENT EDITION*    APRIL  17, 2026  MSC Nastran  3/ 3/26   PAGE    94
     DEFAULT                                                                                                                        
0                                                                                                            SUBCASE 1              
      EIGENVALUE =  5.387926E+06
          CYCLES =  3.694290E+02         R E A L   E I G E N V E C T O R   N O .          9
 
      POINT ID.   TYPE          T1             T2             T3             R1             R2             R3
           344      G     -2.319932E-05  -1.444975E-04  -9.986417E-04   2.822300E-02   2.535463E-02  -3.148204E-03
           400      G      6.232946E-05   2.142034E-03  -7.088880E-04   2.746270E-01   5.292143E-03   2.225129E-02
           401      G     -7.993593E-04  -7.534743E-05  -4.217372E-03  -6.284564E-02  -3.917336E-02  -2.586455E-02
           402      G     -8.120587E-04  -3.517555E-06   7.127447E-06  -4.325710E-04   2.662099E-01  -3.940389E-02
           403      G      5.980159E-04   1.000567E-03  -3.376220E-04   1.715904E-03  -1.879348E-01  -6.570914E-02
           404      G      8.452301E-04   1.913461E-04  -3.912525E-03   1.812680E-02  -2.594476E-02   6.995817E-02
           405      G      9.814122E-04  -1.963208E-05  -1.540817E-03   1.695961E-02  -8.989842E-02  -1.564042E-02
           406      G     -7.641106E-06  -9.671478E-04   1.279054E-06  -6.291216E-02   3.689008E-05   1.111351E-01
           407      G      7.955623E-05  -2.146785E-03   7.283480E-04  -2.753305E-01   5.200363E-03   2.192671E-02
           408      G     -7.895611E-04   7.065446E-05   4.235416E-03   6.228322E-02  -3.918614E-02  -2.588510E-02
           409      G      6.218038E-04  -9.902539E-04   3.338603E-04  -1.622737E-03  -1.895441E-01  -6.583265E-02
           410      G      8.714906E-04  -1.879392E-04   3.933813E-03  -1.895314E-02  -2.652852E-02   7.063809E-02
           411      G      9.885750E-04   2.667373E-05   1.545551E-03  -1.705127E-02  -9.066023E-02  -1.588938E-02
           412      G     -7.427913E-06   9.720750E-04  -2.007113E-06   6.301756E-02   3.614923E-05   1.109327E-01
           413      G     -8.341841E-05   2.144764E-03   7.313302E-04   2.750715E-01  -5.272855E-03   2.197616E-02
           414      G      7.841087E-04  -7.372207E-05   4.239875E-03  -6.262165E-02   3.895974E-02  -2.640609E-02
           415      G      7.975126E-04  -2.408335E-06  -1.036497E-06  -2.842300E-04  -2.668621E-01  -3.894560E-02
           416      G     -6.250836E-04   9.952985E-04   3.393784E-04   1.346767E-03   1.891354E-01  -6.560310E-02
           417      G     -8.746695E-04   1.896510E-04   3.937893E-03   1.859031E-02   2.632940E-02   7.077180E-02
           418      G     -9.999407E-04  -2.167687E-05   1.548012E-03   1.704630E-02   9.034673E-02  -1.565534E-02
           419      G     -8.584067E-05  -2.147203E-03  -7.328945E-04  -2.753991E-01  -5.252143E-03   2.193323E-02
           420      G      7.828600E-04   7.018433E-05  -4.241104E-03   6.220254E-02   3.898047E-02  -2.643856E-02
           421      G     -6.287666E-04  -9.934290E-04  -3.382701E-04  -1.530481E-03   1.892417E-01  -6.578702E-02
           422      G     -8.781040E-04  -1.897444E-04  -3.938178E-03  -1.881733E-02   2.639433E-02   7.075144E-02
           423      G     -1.001319E-03   2.492505E-05  -1.549234E-03  -1.704447E-02   9.048702E-02  -1.585011E-02
           424      G      3.468458E-04   8.360491E-04  -4.556082E-03  -2.281956E-01  -1.268818E-03  -8.499845E-03
           425      G     -7.550114E-06   7.968201E-04   1.830608E-05   8.183495E-02   2.715404E-05   7.030463E-03
           426      G      3.446471E-04   7.265523E-04  -3.807658E-03  -2.883728E-02   1.353638E-01   1.248398E-02
           427      G     -7.226623E-06   5.349480E-04   5.828063E-06  -1.024415E-01  -6.466921E-04   1.544687E-02
           428      G      1.227271E-04  -3.553616E-06   2.097382E-05   1.702482E-04   1.107522E-01   1.515310E-02
           429      G     -7.456480E-06  -3.097974E-06  -1.116091E-05  -3.421242E-04   7.275833E-06   1.032533E-02
           430      G      5.060986E-04   7.173481E-04  -4.438657E-03  -8.923703E-02  -9.421077E-02  -1.263151E-02
           431      G     -7.879548E-06   5.996724E-04   1.395226E-05  -5.064764E-02   4.039028E-04  -6.892160E-02
           432      G      3.515479E-04  -8.399327E-04   4.601790E-03   2.286397E-01  -1.473427E-03  -8.684193E-03
           433      G     -7.599386E-06  -7.996210E-04  -2.859059E-05  -8.216802E-02   5.060266E-05   6.915924E-03
           434      G      3.471650E-04  -7.339144E-04   3.855857E-03   2.885020E-02   1.354289E-01   1.239643E-02
           435      G     -7.264490E-06  -5.405668E-04  -2.507195E-05   1.028027E-01  -4.328470E-04   1.539004E-02
           436      G      5.110843E-04  -7.162345E-04   4.473261E-03   9.000458E-02  -9.543876E-02  -1.288094E-02
           437      G     -7.629912E-06  -5.991088E-04  -1.907056E-05   5.049310E-02   4.767089E-04  -6.903896E-02
           438      G     -3.636266E-04   8.378500E-04   4.610603E-03  -2.278585E-01   7.001858E-04  -8.538587E-03
           439      G     -3.611593E-04   7.282815E-04   3.835690E-03  -2.881652E-02  -1.366041E-01   1.248632E-02
           440      G     -1.371613E-04  -2.498873E-06  -3.535859E-05   1.953035E-05  -1.120375E-01   1.504148E-02
           441      G     -5.223273E-04   7.174151E-04   4.485147E-03  -8.935832E-02   9.580015E-02  -1.274569E-02
           442      G     -3.648863E-04  -8.403928E-04  -4.658356E-03   2.278854E-01   1.557851E-03  -8.542306E-03
           443      G     -3.618474E-04  -7.327507E-04  -3.905372E-03   2.834832E-02  -1.362502E-01   1.245627E-02
           444      G     -5.238818E-04  -7.172426E-04  -4.506990E-03   8.938972E-02   9.683951E-02  -1.281899E-02
           445      G     -4.029026E-03  -3.875575E-03   1.279233E-03   1.312203E+00  -7.827822E-02   8.384875E-02
           446      G     -2.760822E-03  -8.007146E-03  -4.080741E-03   1.494848E+01   1.466001E+00  -3.911496E-01
           447      G     -4.148716E-04  -4.082079E-04  -1.476110E-02   1.920268E+01   2.323147E-01  -2.055682E-01
           448      G      2.605496E-03   1.205002E-03  -4.532012E-03   1.802014E+01  -7.358445E-01   3.059956E-01
1                                                       **STUDENT EDITION*    APRIL  17, 2026  MSC Nastran  3/ 3/26   PAGE    95
     DEFAULT                                                                                                                        
0                                                                                                            SUBCASE 1              
      EIGENVALUE =  5.387926E+06
          CYCLES =  3.694290E+02         R E A L   E I G E N V E C T O R   N O .          9
 
      POINT ID.   TYPE          T1             T2             T3             R1             R2             R3
           449      G      4.207102E-03   2.324616E-06   9.358324E-06  -6.129976E-04  -2.066377E+00   7.634171E-01
           450      G      8.233577E-03  -8.197338E-04  -8.498356E-03  -2.528815E-01  -9.871196E+00   1.821330E-01
           451      G     -8.020249E-06   1.912442E-03   1.786708E-06  -4.106060E-02   4.898388E-05  -6.510757E-01
           452      G     -4.025453E-03   3.884017E-03  -1.281543E-03  -1.312292E+00  -7.875385E-02   8.386155E-02
           453      G     -2.757147E-03   8.013546E-03   4.096199E-03  -1.494892E+01   1.465535E+00  -3.912588E-01
           454      G     -4.093882E-04   4.135235E-04   1.478358E-02  -1.920368E+01   2.323024E-01  -2.051712E-01
           455      G      2.608738E-03  -1.200372E-03   4.552768E-03  -1.802114E+01  -7.356923E-01   3.061377E-01
           456      G      8.234773E-03   8.271978E-04   8.500430E-03   2.528283E-01  -9.871128E+00   1.821565E-01
           457      G     -8.049839E-06  -1.906962E-03  -2.085233E-06   4.115693E-02  -4.305933E-05  -6.512143E-01
           458      G      4.014125E-03  -3.877136E-03  -1.275454E-03   1.312291E+00   7.865555E-02   8.386105E-02
           459      G      2.745599E-03  -8.008195E-03   4.100216E-03   1.494888E+01  -1.465529E+00  -3.913606E-01
           460      G      3.966265E-04  -4.089613E-04   1.478703E-02   1.920356E+01  -2.323769E-01  -2.053918E-01
           461      G     -2.624838E-03   1.204599E-03   4.551182E-03   1.802084E+01   7.354417E-01   3.062314E-01
           462      G     -4.225380E-03   2.267444E-06  -8.703811E-07  -6.824304E-06   2.066022E+00   7.635285E-01
           463      G     -8.250004E-03  -8.210020E-04   8.503270E-03  -2.528873E-01   9.871101E+00   1.822362E-01
           464      G      4.013345E-03   3.882456E-03   1.276721E-03  -1.312359E+00   7.872740E-02   8.383632E-02
           465      G      2.744813E-03   8.013372E-03  -4.100746E-03  -1.494892E+01  -1.465479E+00  -3.913566E-01
           466      G      3.959191E-04   4.138993E-04  -1.478842E-02  -1.920360E+01  -2.323436E-01  -2.053698E-01
           467      G     -2.625241E-03  -1.199965E-03  -4.553247E-03  -1.802081E+01   7.354398E-01   3.062393E-01
           468      G     -8.250182E-03   8.261862E-04  -8.504606E-03   2.528555E-01   9.871085E+00   1.821562E-01
           469      G     -1.572230E-03  -2.743562E-03  -3.277418E-02  -1.294642E+00  -1.028300E+01   5.570848E-01
           470      G     -9.831271E-03  -1.335337E-02  -1.833134E+00   7.816275E+01  -6.843180E+01   5.341721E-01
           471      G     -4.896187E-03  -1.914683E-02  -3.398435E+00   1.640432E+02  -1.660319E+01  -6.191287E-02
           472      G      6.316056E-03  -1.384551E-02  -2.658191E+00   1.288810E+02   6.581133E+01  -2.042543E-01
           473      G      1.154936E-02   1.772730E-06   1.700779E-06   8.013397E-04   1.032508E+02  -2.158040E+00
           474      G     -1.350570E-02  -5.657868E-03  -3.305808E+00   1.631812E+01  -1.427187E+02   3.271833E-01
           475      G     -6.736113E-03  -9.220920E-03  -6.372648E+00   3.601372E+01  -3.360254E+01   3.820787E-02
           476      G      5.233600E-03  -7.320345E-03  -4.989671E+00   2.933832E+01   1.269684E+02  -1.720607E-01
           477      G      1.042383E-02   1.777665E-06  -2.331300E-05   8.671853E-04   1.972356E+02  -1.014162E+00
           478      G      8.036326E-03   1.189904E-03  -3.257934E-02   7.975238E-01  -1.296170E+01  -5.135143E-01
           479      G     -8.748877E-03   6.709931E-03  -2.587143E+00  -7.975943E+01  -1.091730E+02  -7.457118E-01
           480      G     -5.523480E-03   7.849448E-03  -4.954178E+00  -1.584301E+02  -2.741686E+01  -3.451739E-02
           481      G      3.052426E-03   5.540930E-03  -3.899973E+00  -1.234758E+02   9.871993E+01   4.138396E-01
           482      G     -8.027843E-06   1.292761E-02   2.357559E-06  -1.257284E+02  -2.559440E-04   8.470384E-01
           483      G     -7.978337E-06   1.511099E-02  -8.645746E-06  -2.434623E+02  -4.225757E-04   2.515058E-01
           484      G     -7.896456E-06   1.184758E-02  -2.232185E-05  -1.950357E+02  -2.155124E-04   1.263703E-01
           485      G      6.850509E-03   1.981657E-06  -3.414327E-05  -9.554492E-05   1.561732E+02   5.719389E-01
           486      G     -7.828315E-06   2.161418E-06  -1.967904E-05  -9.733357E-04   4.417521E-04   1.002310E+00
           487      G     -1.569806E-03   2.751329E-03   3.277445E-02   1.294480E+00  -1.028325E+01   5.570038E-01
           488      G     -9.828872E-03   1.335985E-02   1.833152E+00  -7.816281E+01  -6.843217E+01   5.341328E-01
           489      G     -4.894282E-03   1.915190E-02   3.398457E+00  -1.640426E+02  -1.660301E+01  -6.205725E-02
           490      G      6.317386E-03   1.384946E-02   2.658200E+00  -1.288797E+02   6.581181E+01  -2.043208E-01
           491      G     -1.350476E-02   5.663889E-03   3.305820E+00  -1.631788E+01  -1.427187E+02   3.271206E-01
           492      G     -6.735323E-03   9.225815E-03   6.372646E+00  -3.601294E+01  -3.360163E+01   3.817777E-02
           493      G      5.234039E-03   7.324312E-03   4.989638E+00  -2.933694E+01   1.269694E+02  -1.720857E-01
           494      G      8.036782E-03  -1.183365E-03   3.258102E-02  -7.974366E-01  -1.296172E+01  -5.135318E-01
           495      G     -8.748704E-03  -6.704163E-03   2.587151E+00   7.975945E+01  -1.091727E+02  -7.457409E-01
           496      G     -5.523274E-03  -7.844521E-03   4.954166E+00   1.584300E+02  -2.741577E+01  -3.453805E-02
           497      G      3.052582E-03  -5.536693E-03   3.899923E+00   1.234755E+02   9.872104E+01   4.138266E-01
           498      G     -8.151462E-06  -1.292195E-02   9.566157E-06   1.257281E+02  -2.911706E-04   8.470468E-01
1                                                       **STUDENT EDITION*    APRIL  17, 2026  MSC Nastran  3/ 3/26   PAGE    96
     DEFAULT                                                                                                                        
0                                                                                                            SUBCASE 1              
      EIGENVALUE =  5.387926E+06
          CYCLES =  3.694290E+02         R E A L   E I G E N V E C T O R   N O .          9
 
      POINT ID.   TYPE          T1             T2             T3             R1             R2             R3
           499      G     -8.005178E-06  -1.510600E-02   1.237603E-05   2.434613E+02   2.127177E-04   2.514797E-01
           500      G     -7.859354E-06  -1.184306E-02  -1.105491E-06   1.950340E+02   6.208421E-04   1.263585E-01
           501      G      1.556147E-03  -2.744744E-03   3.277933E-02  -1.294586E+00   1.028321E+01   5.570720E-01
           502      G      9.814889E-03  -1.335457E-02   1.833161E+00   7.816291E+01   6.843250E+01   5.342211E-01
           503      G      4.879542E-03  -1.914773E-02   3.398474E+00   1.640432E+02   1.660321E+01  -6.197517E-02
           504      G     -6.332946E-03  -1.384576E-02   2.658218E+00   1.288807E+02  -6.581190E+01  -2.043367E-01
           505      G     -1.156596E-02   2.135297E-06   1.133442E-05   4.097478E-04  -1.032512E+02  -2.158107E+00
           506      G      1.348951E-02  -5.658584E-03   3.305829E+00   1.631769E+01   1.427192E+02   3.271511E-01
           507      G      6.719912E-03  -9.221428E-03   6.372670E+00   3.601265E+01   3.360221E+01   3.819812E-02
           508      G     -5.249697E-03  -7.320414E-03   4.989676E+00   2.933698E+01  -1.269690E+02  -1.720774E-01
           509      G     -1.043974E-02   2.190690E-06   1.908995E-05  -5.700761E-05  -1.972356E+02  -1.014169E+00
           510      G     -8.052607E-03   1.189439E-03   3.258359E-02   7.974654E-01   1.296171E+01  -5.135304E-01
           511      G      8.732822E-03   6.709552E-03   2.587153E+00  -7.975981E+01   1.091728E+02  -7.457185E-01
           512      G      5.507495E-03   7.849254E-03   4.954173E+00  -1.584311E+02   2.741615E+01  -3.452521E-02
           513      G     -3.068278E-03   5.540953E-03   3.899944E+00  -1.234770E+02  -9.872035E+01   4.138310E-01
           514      G     -6.866232E-03   2.232934E-06   6.208921E-06  -9.513386E-04  -1.561727E+02   5.719356E-01
           515      G      1.555660E-03   2.750132E-03  -3.277946E-02   1.294512E+00   1.028321E+01   5.570705E-01
           516      G      9.814414E-03   1.335970E-02  -1.833151E+00  -7.816245E+01   6.843211E+01   5.342040E-01
           517      G      4.879145E-03   1.915253E-02  -3.398453E+00  -1.640422E+02   1.660290E+01  -6.199179E-02
           518      G     -6.333153E-03   1.385023E-02  -2.658193E+00  -1.288797E+02  -6.581195E+01  -2.043482E-01
           519      G      1.348918E-02   5.663861E-03  -3.305809E+00  -1.631751E+01   1.427183E+02   3.271528E-01
           520      G      6.719682E-03   9.226298E-03  -6.372629E+00  -3.601245E+01   3.360176E+01   3.818902E-02
           521      G     -5.249789E-03   7.324931E-03  -4.989632E+00  -2.933708E+01  -1.269690E+02  -1.720808E-01
           522      G     -8.052730E-03  -1.183824E-03  -3.258489E-02  -7.974453E-01   1.296160E+01  -5.135139E-01
           523      G      8.732610E-03  -6.704198E-03  -2.587133E+00   7.975968E+01   1.091722E+02  -7.457266E-01
           524      G      5.507346E-03  -7.844245E-03  -4.954142E+00   1.584302E+02   2.741611E+01  -3.452892E-02
           525      G     -3.068320E-03  -5.536356E-03  -3.899923E+00   1.234754E+02  -9.872003E+01   4.138269E-01
          1000      G      2.238279E-05   2.469064E-08   1.204396E-06   2.982379E-05   2.168891E-03   6.772678E-03
          1001      G      2.370891E-05   5.902010E-06  -4.514530E-05   3.788035E-05   2.028800E-05   2.068695E-02
          1002      G      2.550120E-05  -2.066853E-05  -4.569007E-05   3.112843E-05   2.020295E-05   2.158140E-02
          1003      G      1.511154E-05   9.933398E-08  -7.370939E-07   8.285338E-05   2.286559E-03  -2.429032E-04
          1004      G      1.312530E-05  -5.512485E-06  -5.774979E-05  -1.950060E-03   1.440028E-03  -2.700946E-04
          1005      G      1.343460E-05  -1.290293E-05  -1.167179E-04  -2.544349E-03   3.292910E-03  -3.017053E-04
          1006      G     -4.953018E-07  -2.498925E-08  -2.316838E-06   1.167355E-06  -1.812711E-05  -3.130995E-04
          1007      G     -5.370938E-07  -6.670882E-06   2.020964E-06   4.070490E-05  -2.778053E-04  -2.682064E-04
          1008      G     -6.910059E-07  -1.113926E-05   6.221643E-06  -1.133248E-03  -7.523347E-06  -2.987817E-04
          1009      G      2.630842E-05  -2.730313E-05  -5.729009E-05   4.982898E-05   8.212983E-06   6.537488E-03
          1010      G      3.066935E-05  -1.699135E-05  -5.757162E-05   5.538645E-05   4.600388E-06   9.145240E-03
          1011      G      1.783983E-05  -2.040623E-05  -2.619398E-04   4.796798E-04   7.215077E-03  -3.422208E-04
          1012      G      1.888299E-05  -3.135696E-05  -3.998466E-04   3.205831E-03   2.759340E-03  -2.054083E-02
          1013      G     -5.629075E-07  -2.044107E-05   5.821133E-06  -1.058180E-02   4.734770E-05  -4.180948E-04
          1014      G     -5.215679E-07  -3.115907E-05   4.289375E-06  -1.949481E-02   4.348723E-05   1.241549E-02
          1015      G      2.394865E-05  -5.343017E-06   4.508620E-05  -3.820775E-05   2.225727E-05   2.020693E-02
          1016      G      2.588642E-05   2.007643E-05   4.568332E-05  -3.188422E-05   2.220146E-05   2.117379E-02
          1017      G      1.334436E-05   5.480208E-06   5.615780E-05   2.058615E-03   1.487767E-03  -2.741738E-04
          1018      G      1.378213E-05   1.344534E-05   1.166135E-04   2.615279E-03   3.350876E-03  -2.986457E-04
          1019      G     -4.378195E-07   6.765384E-06  -5.330022E-06  -3.319585E-05  -1.620330E-04  -2.690820E-04
          1020      G     -4.021230E-07   1.106148E-05  -7.576735E-06   1.166371E-03  -2.181012E-06  -3.021071E-04
          1021      G      2.653444E-05   2.994094E-05   5.712769E-05  -4.677779E-05   1.307681E-05   4.987666E-03
          1022      G      3.234783E-05   1.393462E-05   5.753049E-05  -5.388213E-05   8.389466E-06   8.456330E-03
1                                                       **STUDENT EDITION*    APRIL  17, 2026  MSC Nastran  3/ 3/26   PAGE    97
     DEFAULT                                                                                                                        
0                                                                                                            SUBCASE 1              
      EIGENVALUE =  5.387926E+06
          CYCLES =  3.694290E+02         R E A L   E I G E N V E C T O R   N O .          9
 
      POINT ID.   TYPE          T1             T2             T3             R1             R2             R3
          1023      G      1.889449E-05   1.998992E-05   2.637663E-04  -4.651513E-04   7.303470E-03  -3.443852E-04
          1024      G      1.991571E-05   3.208111E-05   4.023635E-04  -3.181573E-03   2.692208E-03  -2.111171E-02
          1025      G     -4.043829E-07   2.065642E-05  -4.692666E-06   1.066610E-02   1.970524E-04  -4.286294E-04
          1026      G     -4.084752E-07   3.151012E-05  -1.503958E-06   1.959020E-02   2.427345E-06   1.165721E-02
          1027      G     -2.334570E-05  -1.997966E-08  -4.341137E-08   5.254159E-06  -2.169630E-03   7.163378E-03
          1028      G     -2.475816E-05   5.656643E-06   4.493898E-05   3.792617E-05  -2.086082E-05   2.096488E-02
          1029      G     -2.656115E-05  -2.047046E-05   4.549899E-05   3.133766E-05  -2.079816E-05   2.186457E-02
          1030      G     -1.606347E-05  -4.013508E-09  -7.006161E-07  -3.704062E-05  -2.460721E-03  -2.436637E-04
          1031      G     -1.419658E-05  -5.565858E-06   6.083794E-05  -1.865538E-03  -1.616313E-03  -2.738351E-04
          1032      G     -1.452758E-05  -1.342185E-05   1.243070E-04  -2.281998E-03  -3.412253E-03  -2.957944E-04
          1033      G     -2.703018E-05  -2.988415E-05   5.732371E-05   4.637594E-05  -1.259763E-05   5.353762E-03
          1034      G     -3.262437E-05  -1.415886E-05   5.771247E-05   5.337278E-05  -7.988777E-06   8.701553E-03
          1035      G     -1.964568E-05  -2.004480E-05   2.703979E-04   7.053960E-04  -7.176009E-03  -3.393457E-04
          1036      G     -2.071195E-05  -3.183399E-05   4.073883E-04   3.343158E-03  -2.736873E-03  -2.061976E-02
          1037      G     -2.483290E-05  -5.619559E-06  -4.492463E-05  -3.809954E-05  -2.115923E-05   2.097169E-02
          1038      G     -2.666597E-05   2.058701E-05  -4.549228E-05  -3.150283E-05  -2.109806E-05   2.188638E-02
          1039      G     -1.416667E-05   5.526097E-06  -6.173528E-05   1.824544E-03  -1.583397E-03  -2.759585E-04
          1040      G     -1.454257E-05   1.352688E-05  -1.241286E-04   2.281667E-03  -3.371124E-03  -3.004609E-04
          1041      G     -2.715606E-05   3.013348E-05  -5.731230E-05  -4.679304E-05  -1.293251E-05   5.367921E-03
          1042      G     -1.965686E-05   2.024276E-05  -2.688511E-04  -6.576268E-04  -7.118335E-03  -3.433543E-04
          1043      G     -2.070895E-05   3.217445E-05  -4.047101E-04  -3.233781E-03  -2.730499E-03  -2.106111E-02
          1044      G     -3.277679E-05   1.442366E-05  -5.770960E-05  -5.382306E-05  -8.307723E-06   8.730902E-03
          2000      G      1.571504E-05   2.761064E-07   2.400999E-06  -3.762748E-05   2.044634E-03   6.052230E-02
          2001      G      1.857522E-05   4.977087E-06  -4.514199E-05   3.728808E-05   2.026322E-05   1.782142E-02
          2002      G      2.047524E-05  -2.154172E-05  -4.569264E-05   3.065057E-05   2.012226E-05   1.876968E-02
          2003      G      1.214095E-05   1.020823E-07   2.855626E-06   1.170284E-04   3.298943E-03  -1.990347E-04
          2004      G      9.767103E-06  -5.367609E-06  -7.908325E-05  -1.878175E-03   2.160604E-03  -2.353768E-04
          2005      G      1.019667E-05  -1.261307E-05  -1.655226E-04  -2.444143E-03   4.679326E-03  -2.541418E-04
          2006      G     -3.864301E-07  -6.602540E-08  -5.667162E-07   1.602337E-05  -9.250228E-05  -2.747136E-04
          2007      G     -4.341642E-07  -6.564086E-06  -1.137682E-06   3.535861E-04   9.343987E-05  -2.182498E-04
          2008      G     -5.393829E-07  -1.017856E-05  -6.365339E-07  -4.050274E-04  -1.610907E-04  -2.509206E-04
          2009      G      2.128226E-05  -2.620380E-05  -5.729234E-05   4.962043E-05   8.237062E-06   3.902200E-03
          2010      G      2.655456E-05  -1.431584E-05  -5.761282E-05   5.630653E-05   4.466662E-06   6.991683E-03
          2011      G      1.420658E-05  -1.858827E-05  -3.472153E-04   9.858480E-04   8.470649E-03  -2.918816E-04
          2012      G      1.405401E-05  -2.916211E-05  -5.008775E-04   2.340389E-03   2.776949E-03  -3.516884E-02
          2013      G     -3.607120E-07  -1.940166E-05   6.366291E-07  -1.036516E-02   2.700772E-05  -3.354779E-04
          2014      G     -1.946230E-07  -2.614788E-05   2.049719E-06  -1.626205E-02  -1.676912E-04   3.745414E-02
          2015      G      1.897202E-05  -4.399156E-06   4.508571E-05  -3.766629E-05   2.221192E-05   1.738839E-02
          2016      G      2.124387E-05   2.097362E-05   4.568610E-05  -3.143814E-05   2.212173E-05   1.852189E-02
          2017      G      1.014065E-05   5.366613E-06   8.257296E-05   1.949038E-03   2.156932E-03  -2.406703E-04
          2018      G      1.076503E-05   1.316685E-05   1.697789E-04   2.525552E-03   4.731726E-03  -2.557261E-04
          2019      G     -3.673684E-07   6.621651E-06  -8.642206E-07  -2.366009E-04   8.432925E-05  -2.219312E-04
          2020      G     -3.414303E-07   1.016365E-05  -5.684469E-07   5.361553E-04  -7.039322E-05  -2.587404E-04
          2021      G      2.211691E-05   2.902821E-05   5.712935E-05  -4.662300E-05   1.307944E-05   2.590396E-03
          2022      G      2.879071E-05   1.161541E-05   5.757491E-05  -5.488427E-05   8.262472E-06   6.513193E-03
          2023      G      1.557100E-05   1.838665E-05   3.504953E-04  -7.552870E-04   8.353324E-03  -3.046995E-04
          2024      G      1.559521E-05   3.051297E-05   5.044408E-04  -1.857238E-03   2.971653E-03  -3.888248E-02
          2025      G     -3.656573E-07   1.981571E-05  -6.739519E-07   1.026288E-02   4.368081E-05  -3.553224E-04
          2026      G     -3.988837E-07   2.719692E-05  -1.060538E-06   1.586010E-02  -8.526694E-05   3.139943E-02
          2027      G     -1.662045E-05  -2.845499E-08   8.560123E-08   3.798613E-05  -1.985996E-03   6.152399E-02
1                                                       **STUDENT EDITION*    APRIL  17, 2026  MSC Nastran  3/ 3/26   PAGE    98
     DEFAULT                                                                                                                        
0                                                                                                            SUBCASE 1              
      EIGENVALUE =  5.387926E+06
          CYCLES =  3.694290E+02         R E A L   E I G E N V E C T O R   N O .          9
 
      POINT ID.   TYPE          T1             T2             T3             R1             R2             R3
          2028      G     -1.963201E-05   4.730778E-06   4.493575E-05   3.732764E-05  -2.084456E-05   1.809388E-02
          2029      G     -2.166297E-05  -2.134338E-05   4.550101E-05   3.085010E-05  -2.072196E-05   1.910735E-02
          2030      G     -1.303343E-05  -2.475593E-08  -8.709025E-07  -4.052003E-05  -3.262054E-03  -2.005325E-04
          2031      G     -1.079927E-05  -5.433675E-06   7.931824E-05  -1.996980E-03  -2.166664E-03  -2.396607E-04
          2032      G     -1.127126E-05  -1.307417E-05   1.668691E-04  -2.599289E-03  -4.771913E-03  -2.504196E-04
          2033      G     -2.233497E-05  -2.882306E-05   5.732437E-05   4.617867E-05  -1.260005E-05   2.824949E-03
          2034      G     -2.880614E-05  -1.158494E-05   5.775749E-05   5.439209E-05  -7.852518E-06   6.636733E-03
          2035      G     -1.602334E-05  -1.819243E-05   3.503759E-04   7.916974E-04  -8.511212E-03  -2.979077E-04
          2036      G     -1.609926E-05  -3.003820E-05   5.084247E-04   2.055938E-03  -3.165184E-03  -3.878722E-02
          2037      G     -1.981697E-05  -4.684990E-06  -4.492115E-05  -3.750519E-05  -2.113863E-05   1.815100E-02
          2038      G     -2.197481E-05   2.147720E-05  -4.549468E-05  -3.106926E-05  -2.102221E-05   1.922773E-02
          2039      G     -1.085597E-05   5.373889E-06  -8.268734E-05   1.888740E-03  -2.237450E-03  -2.433176E-04
          2040      G     -1.144097E-05   1.325066E-05  -1.703158E-04   2.488034E-03  -4.708361E-03  -2.583905E-04
          2041      G     -2.269345E-05   2.920385E-05  -5.731317E-05  -4.662094E-05  -1.292358E-05   2.951393E-03
          2042      G     -2.919442E-05   1.208992E-05  -5.775503E-05  -5.485079E-05  -8.168083E-06   6.779022E-03
          2043      G     -1.625563E-05   1.864342E-05  -3.511216E-04  -7.824549E-04  -8.363740E-03  -3.038610E-04
          2044      G     -1.629735E-05   3.060800E-05  -5.065096E-04  -1.898463E-03  -3.119558E-03  -3.885536E-02
          3000      G      5.667252E-05  -2.229510E-05  -1.243017E-05   2.477754E-03   3.601352E-02   2.371061E-01
          3001      G      6.303963E-05  -5.793494E-05  -1.074365E-03   1.501668E-02   1.546771E-02   8.390178E-02
          3002      G      7.330914E-05  -6.368946E-05  -1.032941E-03   3.600025E-02  -1.845246E-03   5.422679E-02
          3003      G      3.315586E-05  -2.494139E-05  -3.150964E-05  -2.126185E-03   4.344528E-02  -5.766722E-04
          3004      G      3.661194E-05  -3.146745E-05  -9.145455E-04  -2.178387E-02   1.018423E-02  -6.267026E-04
          3005      G      5.399243E-05  -4.158889E-05  -8.783370E-04  -4.512699E-02  -3.130303E-03  -5.294665E-04
          3006      G     -1.355465E-05  -2.381046E-05   9.752674E-06   5.262025E-04  -5.874026E-04  -5.910749E-04
          3007      G     -1.392867E-05  -2.549691E-05   2.113328E-05  -1.507019E-02  -4.665677E-05  -4.898147E-04
          3008      G     -1.344708E-05  -1.111135E-05   2.382391E-05   1.864378E-02  -6.227322E-04  -9.975726E-04
          3009      G      9.368448E-05  -6.469207E-05  -1.133962E-03   1.996442E-02  -3.523882E-04  -1.380482E-02
          3010      G      1.357152E-04   2.789783E-05  -6.375262E-04   8.323547E-03  -1.812736E-02  -7.916859E-02
          3011      G      7.565877E-05  -3.134607E-05  -7.504598E-04  -3.336818E-02  -1.358897E-02  -9.172980E-04
          3012      G      7.585230E-05  -6.950204E-05  -6.155434E-04  -4.002950E-03   1.572889E-02   4.836748E-02
          3013      G     -1.230521E-05  -4.345867E-05   4.292508E-06   8.325467E-03   1.503216E-03  -1.782191E-03
          3014      G     -1.147631E-05  -8.242840E-05  -1.956147E-06  -1.578557E-02  -7.043570E-04   1.809923E-02
          3015      G      6.908185E-05   6.736844E-06   1.092651E-03  -1.423927E-02   1.728874E-02   8.039822E-02
          3016      G      8.548935E-05   2.376050E-05   1.037696E-03  -3.698032E-02  -2.744995E-03   4.250812E-02
          3017      G      3.955824E-05  -1.575939E-05   8.877389E-04   2.149801E-02   1.200499E-02  -6.812673E-04
          3018      G      6.020372E-05  -5.821383E-06   8.785700E-04   4.418855E-02  -2.223648E-03  -6.183944E-04
          3019      G     -1.302084E-05  -2.239733E-05  -1.097402E-05   1.443465E-02  -8.070451E-04  -5.284093E-04
          3020      G     -1.210937E-05  -3.430499E-05  -2.797055E-05  -1.708634E-02  -8.293948E-04  -1.086892E-03
          3021      G      1.129861E-04   1.946622E-05   1.154041E-03  -2.132377E-02   8.199826E-04  -4.665217E-02
          3022      G      1.610599E-04  -7.579691E-05   6.736770E-04  -1.190669E-02  -2.403762E-02  -1.152044E-01
          3023      G      8.490315E-05  -1.350075E-05   7.480496E-04   3.267149E-02  -1.510875E-02  -1.122841E-03
          3024      G      8.514967E-05   3.151308E-05   6.210907E-04   4.694019E-03   1.582153E-02   2.584902E-02
          3025      G     -1.176280E-05   8.170321E-07  -1.232077E-05  -7.222991E-03   1.428675E-03  -1.916595E-03
          3026      G     -1.136363E-05   4.476236E-05   2.506441E-06   1.489116E-02  -9.699786E-04  -8.939216E-03
          3027      G     -7.977845E-05  -2.339213E-05   3.154401E-06   7.456737E-04  -3.564357E-02   2.754964E-01
          3028      G     -8.976328E-05  -5.167265E-05   1.104178E-03   1.701340E-02  -1.808889E-02   9.791547E-02
          3029      G     -1.046923E-04  -6.495002E-05   1.053016E-03   3.984799E-02   2.409002E-03   5.682803E-02
          3030      G     -6.042585E-05  -2.372101E-05   8.701338E-06  -1.270640E-04  -4.508430E-02  -5.309683E-04
          3031      G     -6.475167E-05  -2.991678E-05   9.508637E-04  -2.158761E-02  -1.216085E-02  -5.927974E-04
          3032      G     -8.366027E-05  -3.748932E-05   9.243959E-04  -4.489449E-02   3.024974E-03  -5.243134E-04
1                                                       **STUDENT EDITION*    APRIL  17, 2026  MSC Nastran  3/ 3/26   PAGE    99
     DEFAULT                                                                                                                        
0                                                                                                            SUBCASE 1              
      EIGENVALUE =  5.387926E+06
          CYCLES =  3.694290E+02         R E A L   E I G E N V E C T O R   N O .          9
 
      POINT ID.   TYPE          T1             T2             T3             R1             R2             R3
          3033      G     -1.319932E-04  -5.837947E-05   1.162673E-03   2.315074E-02  -1.281124E-03  -3.459303E-02
          3034      G     -1.810644E-04   3.966507E-05   6.799662E-04   1.238082E-02   2.434854E-02  -9.956625E-02
          3035      G     -1.066295E-04  -2.636330E-05   7.484079E-04  -3.317476E-02   1.713781E-02  -1.038934E-03
          3036      G     -1.051828E-04  -6.932991E-05   6.137339E-04  -3.779214E-03  -1.825609E-02   4.111272E-02
          3037      G     -9.140125E-05   6.250810E-06  -1.098616E-03  -1.544450E-02  -1.808101E-02   9.766542E-02
          3038      G     -1.071913E-04   2.216407E-05  -1.043572E-03  -3.769721E-02   2.397741E-03   5.591824E-02
          3039      G     -6.479293E-05  -1.647377E-05  -9.311136E-04   2.198989E-02  -1.241961E-02  -6.417201E-04
          3040      G     -8.401239E-05  -6.392362E-06  -9.224265E-04   4.359154E-02   2.338307E-03  -6.085122E-04
          3041      G     -1.338870E-04   1.873822E-05  -1.151912E-03  -2.047615E-02  -1.090270E-03  -3.611475E-02
          3042      G     -1.810184E-04  -7.441582E-05  -6.687546E-04  -1.112438E-02   2.284481E-02  -1.095201E-01
          3043      G     -1.073257E-04  -1.363512E-05  -7.536764E-04   3.185486E-02   1.692274E-02  -1.104960E-03
          3044      G     -1.068828E-04   3.075242E-05  -6.138655E-04   4.528113E-03  -1.810051E-02   2.592343E-02
          4000      G      3.883685E-05  -8.390027E-08   8.859584E-06  -4.325546E-04   2.662091E-01  -5.917843E-01
          4001      G      5.650607E-05   3.952080E-04  -3.964026E-03  -6.273863E-02  -3.916664E-02   6.079320E-01
          4002      G      1.557139E-04  -2.815150E-05  -1.811256E-03   2.745782E-01   5.301014E-03   3.372461E-03
          4003      G      1.286893E-04  -3.002289E-07   2.992235E-06   6.788543E-04   8.142265E-02   1.601461E-03
          4004      G      9.186941E-05   1.003798E-04  -2.670502E-03  -2.060663E-03   8.888519E-02   1.410595E-03
          4005      G      8.995454E-05   1.919688E-04  -3.433205E-03  -2.015382E-01   1.442372E-02  -1.380177E-03
          4006      G     -7.375295E-06  -3.581828E-07  -1.116061E-05  -3.420993E-04   7.226528E-06  -1.575660E-05
          4007      G     -7.343932E-06   8.611815E-05   4.791484E-06  -1.040875E-01  -9.787729E-04   1.424441E-04
          4008      G     -7.333590E-06   1.420686E-04   1.830508E-05   8.182612E-02   2.716621E-05  -5.307565E-04
          4009      G      2.264938E-04   2.326916E-04  -4.034718E-03   1.818026E-02  -2.595151E-02  -2.715286E-01
          4010      G      1.125056E-04  -1.036780E-05  -1.096456E-03   1.700624E-03  -1.879084E-01   5.668079E-01
          4011      G      1.459531E-04   6.007519E-05  -3.868162E-03  -3.533974E-02  -5.004331E-02  -2.548613E-03
          4012      G      2.502564E-04   7.592654E-05  -1.900560E-03   1.695873E-02  -8.996260E-02  -9.929958E-02
          4013      G     -7.333037E-06   1.534246E-04   1.111280E-05  -1.073291E-01   5.289670E-04  -3.451942E-03
          4014      G     -7.353327E-06  -2.486751E-05   1.430730E-06  -6.292238E-02   3.691883E-05  -3.313358E-01
          4015      G      5.767483E-05  -3.954215E-04   3.984319E-03   6.217628E-02  -3.917945E-02   6.036996E-01
          4016      G      1.578544E-04   2.894293E-05   1.833539E-03  -2.752815E-01   5.209259E-03  -3.463993E-03
          4017      G      9.223088E-05  -1.007483E-04   2.681215E-03   2.944128E-03   8.904866E-02   1.398146E-03
          4018      G      9.069609E-05  -1.919527E-04   3.449628E-03   2.025354E-01   1.464726E-02  -1.402758E-03
          4019      G     -7.266238E-06  -8.650698E-05  -2.144535E-05   1.039470E-01  -6.168808E-04   1.341181E-04
          4020      G     -7.202590E-06  -1.421916E-04  -2.858910E-05  -8.215914E-02   5.061601E-05  -5.457138E-04
          4021      G      2.293938E-04  -2.320204E-04   4.060471E-03  -1.900656E-02  -2.653531E-02  -2.815374E-01
          4022      G      1.155918E-04   1.207088E-05   1.098758E-03  -1.607590E-03  -1.895177E-01   5.629893E-01
          4023      G      1.469402E-04  -5.936078E-05   3.889592E-03   3.637290E-02  -5.036323E-02  -2.581344E-03
          4024      G      2.513549E-04  -7.426933E-05   1.908341E-03  -1.705042E-02  -9.072445E-02  -1.021002E-01
          4025      G     -7.198367E-06  -1.528195E-04  -1.582915E-05   1.071269E-01   7.776866E-04  -3.471454E-03
          4026      G     -7.149117E-06   2.601337E-05  -2.155873E-06   6.302778E-02   3.619149E-05  -3.326019E-01
          4027      G     -5.360400E-05  -1.503625E-07  -2.172625E-06  -2.842382E-04  -2.668612E-01  -5.947167E-01
          4028      G     -7.153651E-05   3.950561E-04   3.987421E-03  -6.251465E-02   3.895302E-02   6.075154E-01
          4029      G     -1.710915E-04  -2.889878E-05   1.835489E-03   2.750225E-01  -5.281737E-03   8.748820E-04
          4030      G     -1.431874E-04  -2.259771E-07  -7.300415E-06   5.193348E-05  -8.239629E-02   1.599638E-03
          4031      G     -1.065641E-04   1.002996E-04   2.693258E-03  -2.395067E-03  -8.963381E-02   1.407280E-03
          4032      G     -1.048346E-04   1.919129E-04   3.472666E-03  -2.013986E-01  -1.487165E-02  -1.385929E-03
          4033      G     -2.422666E-04   2.325785E-04   4.062700E-03   1.864375E-02   2.633616E-02  -2.776269E-01
          4034      G     -1.283184E-04  -1.100296E-05   1.101542E-03   1.331607E-03   1.891090E-01   5.658503E-01
          4035      G     -1.609004E-04   5.984698E-05   3.902515E-03  -3.568250E-02   5.113730E-02  -2.559323E-03
          4036      G     -2.652262E-04   7.546183E-05   1.909549E-03   1.704545E-02   9.041099E-02  -1.004165E-01
          4037      G     -7.188860E-05  -3.952601E-04  -3.990328E-03   6.209556E-02   3.897376E-02   6.071828E-01
1                                                       **STUDENT EDITION*    APRIL  17, 2026  MSC Nastran  3/ 3/26   PAGE   100
     DEFAULT                                                                                                                        
0                                                                                                            SUBCASE 1              
      EIGENVALUE =  5.387926E+06
          CYCLES =  3.694290E+02         R E A L   E I G E N V E C T O R   N O .          9
 
      POINT ID.   TYPE          T1             T2             T3             R1             R2             R3
          4038      G     -1.717097E-04   2.906144E-05  -1.838363E-03  -2.753500E-01  -5.261027E-03   1.000529E-04
          4039      G     -1.066636E-04  -1.006447E-04  -2.707058E-03   2.257565E-03  -8.957321E-02   1.399690E-03
          4040      G     -1.050107E-04  -1.918352E-04  -3.480614E-03   2.014785E-01  -1.455996E-02  -1.399166E-03
          4041      G     -2.429749E-04  -2.319745E-04  -4.064024E-03  -1.887075E-02   2.640110E-02  -2.787098E-01
          4042      G     -1.289669E-04   1.212172E-05  -1.101592E-03  -1.515250E-03   1.892153E-01   5.649345E-01
          4043      G     -1.611256E-04  -5.928114E-05  -3.905840E-03   3.576537E-02   5.113536E-02  -2.573146E-03
          4044      G     -2.654897E-04  -7.448491E-05  -1.911335E-03  -1.704362E-02   9.055128E-02  -1.013478E-01
1                                                       **STUDENT EDITION*    APRIL  17, 2026  MSC Nastran  3/ 3/26   PAGE   101
     DEFAULT                                                                                                                        
0                                                                                                            SUBCASE 1              
      EIGENVALUE =  5.782044E+06
          CYCLES =  3.827021E+02         R E A L   E I G E N V E C T O R   N O .         10
 
      POINT ID.   TYPE          T1             T2             T3             R1             R2             R3
             1      G      0.0            0.0            0.0            0.0            0.0            0.0
             2      G      0.0            0.0            0.0            0.0            0.0            0.0
             3      G      0.0            0.0            0.0            0.0            0.0            0.0
             4      G      0.0            0.0            0.0            0.0            0.0            0.0
             5      G      0.0            0.0            0.0            0.0            0.0            0.0
             6      G      0.0            0.0            0.0            0.0            0.0            0.0
             7      G      0.0            0.0            0.0            0.0            0.0            0.0
             8      G      0.0            0.0            0.0            0.0            0.0            0.0
            10      G      1.267989E-05  -4.456984E-05  -1.346194E-04  -7.502460E-05  -3.223371E-05   2.806774E-03
            11      G      1.259976E-05   4.427442E-05  -1.343733E-04   7.564440E-05  -3.226387E-05  -2.794184E-03
            12      G      4.256914E-06   1.163414E-06  -1.084757E-05  -7.845739E-06  -5.349502E-06  -3.509968E-04
            13      G      4.164941E-06  -1.212106E-06  -1.094116E-05   8.062704E-06  -5.592104E-06   3.492872E-04
            14      G     -4.305065E-06   1.128879E-06  -1.091691E-05  -7.818182E-06   5.264847E-06   3.644771E-04
            15      G     -4.181704E-06  -1.163155E-06  -1.082344E-05   7.919137E-06   5.631025E-06  -3.518505E-04
            16      G     -1.268568E-05  -4.400427E-05  -1.346682E-04  -7.671077E-05   3.212000E-05  -2.762650E-03
            17      G     -1.258486E-05   4.376477E-05  -1.349650E-04   7.936249E-05   3.223555E-05   2.756184E-03
           100      G     -3.233531E-05  -2.393802E-06   4.735232E-03   1.315945E-02   1.397590E-01  -1.164537E-03
           101      G     -8.384607E-05   2.392719E-07   1.165888E-04   3.372148E-05   1.896126E-02   2.301608E-05
           102      G     -1.051785E-05   9.208102E-06   9.596675E-03  -7.211352E-02   1.393477E-01  -2.857791E-04
           103      G     -8.132651E-05   8.762086E-08   4.737677E-03   3.048089E-04   1.287137E-01  -1.871670E-06
           104      G     -1.456157E-07  -1.826302E-05   1.144370E-02  -8.929437E-02   5.767253E-05  -3.426118E-06
           105      G     -2.519691E-07   8.125509E-08   6.387334E-03   1.646834E-05  -1.629819E-06   2.154281E-06
           106      G     -6.820583E-06  -7.776184E-06  -1.098867E-05   7.919137E-06   5.631025E-06  -3.518505E-04
           107      G     -6.820583E-06   1.613826E-06  -1.083839E-05   7.919137E-06   5.631025E-06  -3.518505E-04
           108      G     -2.925247E-08   9.329899E-06   3.674684E-06   2.004352E-03  -8.892483E-06  -3.769887E-06
           109      G      8.086523E-06   6.443615E-05  -1.358020E-04   7.936249E-05   3.223555E-05   2.756184E-03
           110      G     -1.149662E-04   6.769580E-04  -4.745524E-03   1.362420E-01   2.142880E-02  -8.097992E-02
           111      G      8.086523E-06  -1.256474E-05  -1.349014E-04   7.936249E-05   3.223555E-05   2.756184E-03
           112      G     -6.937671E-05   2.180388E-05  -8.930484E-04   8.773833E-02   2.017218E-01   5.832744E-03
           113      G     -5.882681E-05   1.236380E-06  -6.565828E-03   7.488334E-05   1.506973E-02   4.565617E-04
           114      G     -3.418350E-05   3.860566E-07  -3.927681E-03   1.862216E-04   9.875083E-02  -8.432678E-05
           115      G      3.202338E-05  -2.629861E-06   4.742591E-03   1.285466E-02  -1.398623E-01   1.155587E-03
           116      G      8.354258E-05  -6.589225E-08   1.330313E-04   2.587646E-06  -1.900307E-02  -2.273559E-06
           117      G      1.022453E-05   9.149430E-06   9.602366E-03  -7.232017E-02  -1.392009E-01   2.852433E-04
           118      G      8.081938E-05  -4.766840E-09   4.747990E-03   3.024479E-04  -1.283744E-01   3.644826E-06
           119      G      6.784595E-06  -7.776959E-06  -1.110674E-05   8.062704E-06  -5.592104E-06   3.492872E-04
           120      G      6.784595E-06   1.544644E-06  -1.095750E-05   8.062704E-06  -5.592104E-06   3.492872E-04
           121      G     -8.356621E-06   6.523080E-05  -1.351826E-04   7.564440E-05  -3.226387E-05  -2.794184E-03
           122      G      1.152833E-04   6.752929E-04  -4.750617E-03   1.360566E-01  -2.157226E-02   8.160082E-02
           123      G     -8.356621E-06  -1.283173E-05  -1.342812E-04   7.564440E-05  -3.226387E-05  -2.794184E-03
           124      G      6.915565E-05   2.142608E-05  -8.909518E-04   8.751661E-02  -2.020206E-01  -5.819121E-03
           125      G      5.861154E-05  -6.792439E-07  -6.556985E-03  -2.125002E-05  -1.512095E-02  -2.221814E-05
           126      G      3.405666E-05  -3.156055E-07  -3.912262E-03  -3.465040E-05  -9.893167E-02   2.084767E-05
           127      G     -3.226844E-05   2.630028E-06   4.701099E-03  -1.312444E-02   1.394576E-01   1.147130E-03
           128      G     -1.045129E-05  -9.035981E-06   9.553745E-03   7.189729E-02   1.392161E-01   2.862157E-04
           129      G     -6.937284E-08   1.831691E-05   1.140284E-02   8.934866E-02   1.113853E-04   3.392038E-06
           130      G     -7.038643E-06   7.979227E-06  -1.107450E-05  -7.818182E-06   5.264847E-06   3.644771E-04
           131      G     -7.038643E-06  -1.747757E-06  -1.093399E-05  -7.818182E-06   5.264847E-06   3.644771E-04
           132      G     -5.494088E-08  -9.461614E-06   4.104951E-06  -2.021154E-03  -3.725448E-06  -8.061253E-07
           133      G      8.034198E-06  -6.472415E-05  -1.354845E-04  -7.671077E-05   3.212000E-05  -2.762650E-03
1                                                       **STUDENT EDITION*    APRIL  17, 2026  MSC Nastran  3/ 3/26   PAGE   102
     DEFAULT                                                                                                                        
0                                                                                                            SUBCASE 1              
      EIGENVALUE =  5.782044E+06
          CYCLES =  3.827021E+02         R E A L   E I G E N V E C T O R   N O .         10
 
      POINT ID.   TYPE          T1             T2             T3             R1             R2             R3
           134      G     -1.154785E-04  -6.756059E-04  -4.755172E-03  -1.362385E-01   2.151362E-02   8.189499E-02
           135      G      8.034198E-06   1.245739E-05  -1.345871E-04  -7.671077E-05   3.212000E-05  -2.762650E-03
           136      G     -6.939816E-05  -2.118679E-05  -9.154008E-04  -8.784920E-02   2.010036E-01  -5.823064E-03
           137      G      3.215017E-05   2.478281E-06   4.714565E-03  -1.284128E-02  -1.393301E-01  -1.151051E-03
           138      G      1.032715E-05  -9.164806E-06   9.561967E-03   7.207940E-02  -1.390047E-01  -2.827074E-04
           139      G      6.889390E-06   7.760398E-06  -1.100696E-05  -7.845739E-06  -5.349502E-06  -3.509968E-04
           140      G      6.889390E-06  -1.606829E-06  -1.086419E-05  -7.845739E-06  -5.349502E-06  -3.509968E-04
           141      G     -8.370918E-06  -6.562065E-05  -1.354239E-04  -7.502460E-05  -3.223371E-05   2.806774E-03
           142      G      1.152435E-04  -6.763740E-04  -4.752020E-03  -1.360717E-01  -2.156484E-02  -8.165247E-02
           143      G     -8.370918E-06   1.279362E-05  -1.345233E-04  -7.502460E-05  -3.223371E-05   2.806774E-03
           144      G      6.927123E-05  -2.189524E-05  -9.038245E-04  -8.748670E-02  -2.013653E-01   5.827356E-03
           200      G      9.101943E-06   6.193623E-05  -1.358020E-04   7.936249E-05   3.223555E-05   2.756184E-03
           201      G      9.101943E-06  -1.506466E-05  -1.349014E-04   7.936249E-05   3.223555E-05   2.756184E-03
           202      G     -6.643206E-06  -8.025636E-06  -1.098867E-05   7.919137E-06   5.631025E-06  -3.518505E-04
           203      G     -6.643206E-06   1.364373E-06  -1.083839E-05   7.919137E-06   5.631025E-06  -3.518505E-04
           204      G      9.614993E-08   1.423366E-05  -4.011082E-06   1.883929E-03  -1.033734E-04   8.455032E-05
           205      G     -1.311283E-04   4.250077E-05  -5.026992E-03   1.016664E-01   2.277713E-02  -1.927107E-02
           206      G     -1.584586E-04   5.378200E-06  -6.749086E-03   1.588914E-03   2.609623E-02   3.124754E-03
           207      G     -9.372933E-06   6.284800E-05  -1.351826E-04   7.564440E-05  -3.226387E-05  -2.794184E-03
           208      G     -9.372933E-06  -1.521453E-05  -1.342812E-04   7.564440E-05  -3.226387E-05  -2.794184E-03
           209      G      6.608444E-06  -8.030934E-06  -1.110674E-05   8.062704E-06  -5.592104E-06   3.492872E-04
           210      G      6.608444E-06   1.290669E-06  -1.095750E-05   8.062704E-06  -5.592104E-06   3.492872E-04
           211      G      1.396514E-04   4.908143E-05  -5.035251E-03   9.919070E-02  -2.454800E-02   2.718756E-02
           212      G      1.610594E-04  -2.441460E-06  -6.739026E-03   4.433092E-05  -2.682733E-02  -5.040217E-05
           213      G      9.045978E-06  -6.230776E-05  -1.354845E-04  -7.671077E-05   3.212000E-05  -2.762650E-03
           214      G      9.045978E-06   1.487378E-05  -1.345871E-04  -7.671077E-05   3.212000E-05  -2.762650E-03
           215      G     -6.872801E-06   8.225500E-06  -1.107450E-05  -7.818182E-06   5.264847E-06   3.644771E-04
           216      G     -6.872801E-06  -1.501485E-06  -1.093399E-05  -7.818182E-06   5.264847E-06   3.644771E-04
           217      G     -1.517630E-07  -1.340718E-05  -3.075573E-06  -1.739016E-03  -9.495736E-05   1.698504E-06
           218      G     -1.394480E-04  -4.433146E-05  -5.039916E-03  -9.920107E-02   2.411431E-02   2.756470E-02
           219      G     -9.386280E-06  -6.325737E-05  -1.354239E-04  -7.502460E-05  -3.223371E-05   2.806774E-03
           220      G     -9.386280E-06   1.515689E-05  -1.345233E-04  -7.502460E-05  -3.223371E-05   2.806774E-03
           221      G      6.720881E-06   8.007539E-06  -1.100696E-05  -7.845739E-06  -5.349502E-06  -3.509968E-04
           222      G      6.720881E-06  -1.359688E-06  -1.086419E-05  -7.845739E-06  -5.349502E-06  -3.509968E-04
           223      G      1.398412E-04  -5.322286E-05  -5.036234E-03  -9.921887E-02  -2.457795E-02  -2.742638E-02
           224      G     -5.595493E-05   7.460855E-06   4.243472E-03   7.595618E-03   1.447266E-01  -2.412923E-03
           225      G     -1.642092E-04   1.101969E-06  -2.367998E-05   2.043435E-04   2.838621E-02   7.455604E-05
           226      G     -2.581033E-05   2.030831E-05   9.229965E-03  -7.779611E-02   1.436324E-01  -4.567042E-04
           227      G     -1.183118E-04   5.586043E-07   4.808973E-03  -5.335162E-04   1.329877E-01  -2.639894E-06
           228      G     -8.675774E-07  -1.329393E-05   1.120449E-02  -9.500223E-02   3.032294E-03  -8.935167E-05
           229      G     -4.056107E-06   3.367185E-07   6.589604E-03   5.603714E-05   5.504332E-04   1.088108E-05
           230      G     -8.335855E-05   1.154613E-05  -1.342842E-03   7.093799E-02   2.036661E-01  -8.263982E-04
           231      G     -1.864015E-04   6.135328E-07  -4.157889E-03   1.546612E-03   1.252276E-01  -6.529385E-04
           232      G      5.462595E-05   4.386931E-06   4.609810E-03  -1.432975E-03  -1.458478E-01   2.369949E-03
           233      G      1.627321E-04  -2.268968E-07   4.403719E-04  -1.730772E-05  -2.842773E-02   2.035561E-05
           234      G      2.455496E-05   2.074118E-05   9.479190E-03  -8.380621E-02  -1.356126E-01   4.422009E-04
           235      G      1.108513E-04   9.850061E-08   5.104383E-03  -4.199448E-04  -1.235821E-01   6.231238E-06
           236      G      8.821743E-05   1.043670E-05  -1.150548E-03   6.542563E-02  -2.160882E-01   6.677347E-04
           237      G      1.737364E-04  -1.070703E-06  -3.912012E-03   1.226881E-04  -1.453356E-01   6.511477E-05
           238      G     -5.742504E-05  -6.474807E-06   4.282631E-03  -6.695096E-03   1.464873E-01   2.372420E-03
1                                                       **STUDENT EDITION*    APRIL  17, 2026  MSC Nastran  3/ 3/26   PAGE   103
     DEFAULT                                                                                                                        
0                                                                                                            SUBCASE 1              
      EIGENVALUE =  5.782044E+06
          CYCLES =  3.827021E+02         R E A L   E I G E N V E C T O R   N O .         10
 
      POINT ID.   TYPE          T1             T2             T3             R1             R2             R3
           239      G     -2.629106E-05  -1.943102E-05   9.292062E-03   7.888879E-02   1.434537E-01   4.597612E-04
           240      G     -8.988281E-07   1.381073E-05   1.125995E-02   9.504555E-02   2.956661E-03   6.031500E-05
           241      G     -8.663150E-05  -9.162881E-06  -1.338115E-03  -7.006560E-02   2.040343E-01   8.008663E-04
           242      G      5.508629E-05  -4.800711E-06   4.647044E-03   1.432585E-03  -1.466766E-01  -2.377331E-03
           243      G      2.470695E-05  -2.049030E-05   9.533876E-03   8.427607E-02  -1.358421E-01  -4.328279E-04
           244      G      8.880025E-05  -1.187496E-05  -1.136424E-03  -6.554131E-02  -2.169822E-01  -6.344554E-04
           300      G     -1.421501E-04   7.636256E-05  -1.801948E-04   1.651746E-02   8.297800E-03  -1.117732E-02
           301      G     -3.870897E-05  -5.226692E-05   5.660706E-05  -2.699524E-03  -3.046142E-03   7.708777E-03
           302      G     -1.028595E-05  -6.154310E-05  -5.889538E-05  -4.325023E-03  -1.232884E-03   2.127935E-03
           303      G      1.929845E-05   4.047646E-04  -1.374370E-03   2.956470E-02   6.127885E-04   5.976988E-03
           304      G     -9.520764E-05   2.090590E-04  -7.662150E-04   3.862606E-02   2.999367E-02  -6.066386E-03
           305      G     -7.954441E-05   2.753669E-04  -5.530960E-03   8.498158E-02   2.243259E-02  -2.303657E-02
           306      G     -3.532676E-05   2.425451E-05  -7.475767E-03   7.712785E-03   1.828123E-02   1.117212E-02
           307      G      1.640533E-04   7.193677E-05  -1.766987E-04   1.488495E-02  -5.999285E-03   1.246880E-02
           308      G      3.258208E-05  -6.921686E-05   6.065008E-05  -5.375652E-03   5.325812E-03  -7.331769E-03
           309      G     -3.914876E-05   4.735607E-04  -1.373129E-03   2.112150E-02   1.343500E-02  -7.589500E-03
           310      G      1.126168E-04   2.265656E-04  -7.684691E-04   4.069016E-02  -3.692049E-02   8.912945E-03
           311      G      6.618669E-05   2.940442E-04  -5.545079E-03   8.460948E-02  -2.302818E-02   2.936165E-02
           312      G      1.469131E-05  -8.051766E-06  -7.474048E-03   3.437501E-04  -1.827569E-02  -1.679902E-05
           313      G     -1.682171E-04  -8.428429E-05  -1.754678E-04  -1.186639E-02   5.843596E-03   1.248787E-02
           314      G     -4.046630E-05   5.235770E-05   6.169914E-05   7.856951E-03  -4.976805E-03  -7.440750E-03
           315      G     -1.329275E-06   4.727122E-05  -5.455334E-05   7.267907E-03  -7.967764E-05   1.255898E-04
           316      G      3.876979E-05  -4.730885E-04  -1.378789E-03  -1.984259E-02  -1.292234E-02  -6.991873E-03
           317      G     -1.141028E-04  -2.344993E-04  -7.706089E-04  -3.853634E-02   3.697562E-02   9.043259E-03
           318      G     -7.599094E-05  -2.884963E-04  -5.551432E-03  -8.549572E-02   2.199686E-02   3.201701E-02
           319      G      1.665209E-04  -8.962308E-05  -1.760622E-04  -1.337530E-02  -6.015423E-03  -1.221557E-02
           320      G      3.797509E-05   5.116638E-05   6.201132E-05   7.280627E-03   4.668398E-03   7.726229E-03
           321      G     -3.963660E-05  -4.901121E-04  -1.376391E-03  -2.026992E-02   1.282279E-02   7.641243E-03
           322      G      1.131861E-04  -2.444194E-04  -7.692297E-04  -3.921244E-02  -3.705036E-02  -8.751403E-03
           323      G      6.711689E-05  -3.098550E-04  -5.545175E-03  -8.447463E-02  -2.361291E-02  -2.938294E-02
           324      G      2.039103E-05   3.394149E-05  -6.367926E-04   5.958415E-02   1.494359E-01   3.749486E-03
           325      G     -5.188625E-05  -7.953198E-06  -3.451875E-03   1.934846E-03   2.118382E-02   3.795425E-04
           326      G      1.306868E-05  -1.801238E-05   5.545029E-03  -5.896406E-02   2.020416E-01   6.702051E-04
           327      G     -1.015354E-04  -7.737617E-06   3.858506E-03  -1.126986E-03   2.511734E-01  -1.351635E-04
           328      G     -3.737154E-06  -7.670894E-05   9.068681E-03  -1.456503E-01   7.609839E-04  -4.774293E-04
           329      G     -9.330270E-06  -7.022887E-06   8.930910E-03   1.385059E-03  -1.398601E-04   4.207409E-05
           330      G     -5.095860E-06   1.346675E-04  -4.511113E-03   9.583730E-02   6.638255E-02   2.467124E-03
           331      G     -4.260624E-05  -7.323212E-06  -6.820510E-03   4.894217E-03   7.089070E-02  -1.940457E-03
           332      G     -4.410560E-05   3.031814E-05  -6.376312E-04   5.782867E-02  -1.542381E-01  -4.846876E-03
           333      G      3.100873E-05  -8.991889E-06  -3.436414E-03   6.967395E-04  -2.120712E-02   3.401214E-05
           334      G     -2.603992E-05  -2.610712E-05   5.596888E-03  -5.962770E-02  -2.002666E-01  -7.131884E-04
           335      G      8.221579E-05  -7.675132E-06   3.871051E-03  -1.239737E-04  -2.510724E-01   1.756661E-05
           336      G     -2.298064E-05   1.474093E-04  -4.551104E-03   9.109929E-02  -6.370556E-02  -2.889472E-03
           337      G      2.180680E-05  -8.569053E-06  -6.798514E-03   6.688379E-04  -7.115931E-02  -3.725311E-05
           338      G      3.239072E-05  -4.597626E-05  -4.852825E-04  -5.785977E-02   1.571307E-01  -4.643108E-03
           339      G      1.431319E-05   1.017119E-05   5.798731E-03   6.187736E-02   2.000261E-01  -6.681177E-04
           340      G     -5.910103E-06   6.335750E-05   9.262169E-03   1.464674E-01  -6.862643E-04   9.643003E-05
           341      G      1.339263E-05  -1.533362E-04  -4.501223E-03  -9.211858E-02   6.822337E-02  -2.587094E-03
           342      G     -4.318225E-05  -4.842719E-05  -5.097921E-04  -5.747024E-02  -1.567043E-01   4.810299E-03
           343      G     -2.594141E-05   9.218720E-06   5.774608E-03   6.133971E-02  -2.008109E-01   7.892023E-04
1                                                       **STUDENT EDITION*    APRIL  17, 2026  MSC Nastran  3/ 3/26   PAGE   104
     DEFAULT                                                                                                                        
0                                                                                                            SUBCASE 1              
      EIGENVALUE =  5.782044E+06
          CYCLES =  3.827021E+02         R E A L   E I G E N V E C T O R   N O .         10
 
      POINT ID.   TYPE          T1             T2             T3             R1             R2             R3
           344      G     -2.211246E-05  -1.649472E-04  -4.493285E-03  -9.123189E-02  -6.673653E-02   2.872226E-03
           400      G     -6.612151E-05  -2.497610E-04  -1.825769E-04  -3.785434E-02   8.221445E-02  -1.332534E-02
           401      G     -4.383584E-04  -7.578237E-04   4.698245E-04  -8.335470E-02  -2.972011E-02  -7.573913E-02
           402      G      1.890348E-06  -9.785651E-04  -2.318350E-04  -9.187609E-02   2.068622E-04   1.349086E-05
           403      G      4.130392E-04   1.143274E-03  -1.743632E-03   6.164476E-02  -1.332320E-01   4.027144E-02
           404      G      4.024654E-04  -5.020513E-05  -2.102603E-03  -2.215710E-02  -3.048579E-02   7.651287E-02
           405      G      2.376138E-03   1.062255E-03  -6.789938E-03   1.175780E-01  -2.980998E-01  -7.120524E-02
           406      G      3.068121E-03  -1.510274E-05  -9.133616E-03   7.471163E-05  -3.700317E-01   1.022518E-03
           407      G      6.966900E-05  -2.480819E-04  -1.786346E-04  -3.779173E-02  -8.267035E-02   1.328505E-02
           408      G      4.422866E-04  -7.562688E-04   4.776512E-04  -8.321201E-02   2.986292E-02   7.582380E-02
           409      G     -4.033095E-04   1.157345E-03  -1.744156E-03   6.397622E-02   1.317971E-01  -3.929163E-02
           410      G     -3.979488E-04  -4.497691E-05  -2.105989E-03  -2.191126E-02   3.085242E-02  -7.698277E-02
           411      G     -2.376835E-03   1.070568E-03  -6.809794E-03   1.171007E-01   2.985888E-01   7.182730E-02
           412      G     -3.070490E-03  -1.298812E-05  -9.139063E-03   1.778870E-06   3.705685E-01  -6.740610E-05
           413      G     -6.718447E-05   2.087640E-04  -1.807309E-04   3.760694E-02   8.281337E-02   1.359071E-02
           414      G     -4.409619E-04   7.118453E-04   4.789078E-04   8.246198E-02  -2.973971E-02   7.625185E-02
           415      G     -3.029215E-07   9.191983E-04  -2.274027E-04   8.936113E-02   1.316040E-05   2.834841E-05
           416      G      4.086176E-04  -1.178197E-03  -1.753271E-03  -6.327848E-02  -1.310790E-01  -3.907370E-02
           417      G      4.018186E-04   1.469288E-05  -2.109528E-03   2.275132E-02  -3.099277E-02  -7.672277E-02
           418      G      2.376224E-03  -1.091311E-03  -6.815380E-03  -1.167481E-01  -2.982905E-01   7.195977E-02
           419      G      6.705071E-05   2.091352E-04  -1.796245E-04   3.751536E-02  -8.274820E-02  -1.350084E-02
           420      G      4.404882E-04   7.117149E-04   4.791064E-04   8.235867E-02   2.977985E-02  -7.620345E-02
           421      G     -4.074643E-04  -1.183982E-03  -1.748119E-03  -6.360692E-02   1.314611E-01   3.917947E-02
           422      G     -4.013713E-04   1.227760E-05  -2.107781E-03   2.223869E-02   3.090021E-02   7.681786E-02
           423      G     -2.377897E-03  -1.096630E-03  -6.810761E-03  -1.169726E-01   2.985668E-01  -7.191671E-02
           424      G      1.154831E-03  -2.517847E-04   2.127828E-02   1.228870E-02   3.644536E-01   1.955758E-02
           425      G      1.221662E-03  -2.047127E-05  -2.564687E-04  -1.179779E-04  -1.274913E-01   9.345866E-05
           426      G      6.909897E-04  -4.919850E-04   3.579859E-02  -1.693699E-01   4.293418E-01   9.087296E-03
           427      G      4.734475E-04  -2.215816E-05   1.105174E-02   1.124938E-03   3.365982E-01   4.494237E-05
           428      G      2.237730E-07  -6.543003E-04   4.115660E-02  -2.500768E-01  -1.925850E-04  -3.840183E-05
           429      G     -2.952775E-07  -2.321316E-05   1.546827E-02  -4.755012E-04   1.231509E-04  -7.386821E-06
           430      G      1.718451E-03  -4.610102E-06   3.828460E-03   1.155781E-01   7.219138E-01   2.164465E-02
           431      G      2.097894E-03  -1.798681E-05  -7.269828E-03   8.174125E-04   1.413822E-01  -1.198946E-04
           432      G     -1.154512E-03  -2.499230E-04   2.124328E-02   1.335388E-02  -3.646165E-01  -1.962136E-02
           433      G     -1.223321E-03  -1.937992E-05  -3.027816E-04  -1.127069E-04   1.278974E-01  -9.425995E-05
           434      G     -6.906446E-04  -4.913206E-04   3.577751E-02  -1.686542E-01  -4.299707E-01  -9.131498E-03
           435      G     -4.741092E-04  -2.161624E-05   1.102185E-02   1.202877E-03  -3.376146E-01  -7.099626E-05
           436      G     -1.718479E-03  -1.057046E-06   3.789094E-03   1.168690E-01  -7.217149E-01  -2.174410E-02
           437      G     -2.100531E-03  -1.630018E-05  -7.305150E-03  -1.436084E-04  -1.404412E-01  -1.258629E-04
           438      G      1.153232E-03   2.109474E-04   2.117426E-02  -1.192826E-02   3.626116E-01  -1.967059E-02
           439      G      6.890576E-04   4.454879E-04   3.564497E-02   1.689506E-01   4.282810E-01  -9.044718E-03
           440      G     -7.617630E-07   6.072973E-04   4.099648E-02   2.524259E-01  -3.091223E-04  -8.428378E-06
           441      G      1.717506E-03  -3.145046E-05   3.763606E-03  -1.164822E-01   7.203533E-01  -2.154300E-02
           442      G     -1.155082E-03   2.112937E-04   2.113953E-02  -1.284974E-02  -3.623291E-01   1.966925E-02
           443      G     -6.906952E-04   4.460070E-04   3.561948E-02   1.683440E-01  -4.289680E-01   9.042571E-03
           444      G     -1.719487E-03  -3.173471E-05   3.746529E-03  -1.166392E-01  -7.193028E-01   2.161168E-02
           445      G      3.691853E-05  -3.328365E-03  -3.658610E-04   5.965952E-01  -5.121514E-02  -2.325934E-01
           446      G      3.399778E-04   1.077545E-02  -3.685655E-03   7.905733E+00   1.404217E+00  -3.938545E-01
           447      G      8.012946E-04   1.333230E-02  -4.172162E-03   5.253521E+00  -9.544553E-01   4.500913E-01
           448      G      7.980798E-04  -3.614326E-03   3.548856E-04  -2.721433E+00  -1.227746E+00   7.457725E-01
1                                                       **STUDENT EDITION*    APRIL  17, 2026  MSC Nastran  3/ 3/26   PAGE   105
     DEFAULT                                                                                                                        
0                                                                                                            SUBCASE 1              
      EIGENVALUE =  5.782044E+06
          CYCLES =  3.827021E+02         R E A L   E I G E N V E C T O R   N O .         10
 
      POINT ID.   TYPE          T1             T2             T3             R1             R2             R3
           449      G      3.017631E-06  -2.300598E-02   5.787885E-03  -7.493907E+00   1.052746E-04   9.593237E-05
           450      G     -7.623652E-03  -2.571604E-03  -1.384186E-02  -2.153176E-01  -1.422863E+01   4.513416E-02
           451      G     -1.291739E-02  -1.897362E-05  -2.241464E-02   4.383356E-04  -2.381487E+01   2.990393E-04
           452      G     -3.332292E-05  -3.327515E-03  -3.677890E-04   5.964697E-01   5.130219E-02   2.324890E-01
           453      G     -3.357044E-04   1.077770E-02  -3.685059E-03   7.905840E+00  -1.404373E+00   3.939772E-01
           454      G     -7.975788E-04   1.333399E-02  -4.168744E-03   5.253601E+00   9.543941E-01  -4.502809E-01
           455      G     -7.931061E-04  -3.613490E-03   3.594927E-04  -2.721508E+00   1.227814E+00  -7.457695E-01
           456      G      7.627730E-03  -2.567981E-03  -1.385916E-02  -2.151258E-01   1.422847E+01  -4.490241E-02
           457      G      1.292069E-02  -1.406929E-05  -2.242237E-02   4.144510E-06   2.381535E+01  -1.807546E-06
           458      G      3.983110E-05   3.298069E-03  -3.773048E-04  -5.964407E-01  -5.127476E-02   2.323957E-01
           459      G      3.416692E-04  -1.080998E-02  -3.690322E-03  -7.906038E+00   1.404574E+00   3.939975E-01
           460      G      8.026973E-04  -1.336741E-02  -4.170797E-03  -5.253855E+00  -9.543024E-01  -4.502421E-01
           461      G      7.976411E-04   3.579501E-03   3.604513E-04   2.721047E+00  -1.227612E+00  -7.458071E-01
           462      G      5.035792E-07   2.297191E-02   5.794129E-03   7.493421E+00   1.060889E-05   5.247848E-06
           463      G     -7.623870E-03   2.536917E-03  -1.386326E-02   2.153009E-01  -1.422802E+01  -4.486269E-02
           464      G     -3.743966E-05   3.299112E-03  -3.715739E-04  -5.965280E-01   5.133037E-02  -2.325388E-01
           465      G     -3.397522E-04  -1.080789E-02  -3.687604E-03  -7.906110E+00  -1.404467E+00  -3.940087E-01
           466      G     -8.012640E-04  -1.336582E-02  -4.169688E-03  -5.253953E+00   9.543302E-01   4.502430E-01
           467      G     -7.965008E-04   3.580356E-03   3.609417E-04   2.720987E+00   1.227633E+00   7.458095E-01
           468      G      7.626067E-03   2.539656E-03  -1.386047E-02   2.151960E-01   1.422852E+01   4.486847E-02
           469      G     -7.223169E-03  -2.259603E-03  -2.058666E-02  -1.077150E+00  -9.274535E+00  -7.930303E-02
           470      G     -4.389118E-03   7.431599E-04  -1.436171E+00   8.664083E+01  -1.537216E+01  -8.641458E-02
           471      G      4.805838E-03   3.496420E-03  -1.364558E+00   8.697654E+01   3.158431E+01  -3.657818E-02
           472      G      9.426122E-03  -1.650379E-03   4.086047E-01  -2.709788E+01   4.845946E+01   6.228833E-02
           473      G      2.243691E-06  -2.162734E-03   1.515471E+00  -9.555125E+01   3.235696E-04  -4.770186E-05
           474      G     -1.412816E-02  -6.811962E-04  -3.483224E+00   8.109729E+01  -6.747770E+01   1.370938E-01
           475      G      9.062956E-03   2.312603E-03  -3.444768E+00   8.228132E+01   9.054735E+01  -2.245970E-01
           476      G      1.586674E-02  -2.144702E-05   1.084138E+00  -2.780659E+01   1.389850E+02  -1.958271E-01
           477      G      2.013334E-06  -6.570777E-04   3.931886E+00  -1.008503E+02   5.471100E-04  -9.541102E-06
           478      G     -1.442483E-02  -2.541770E-03  -5.983793E-02  -4.516711E-01  -3.059899E+01   3.062745E-01
           479      G     -1.819334E-02   4.518065E-04  -4.867636E+00   3.996642E+01  -8.994499E+01  -4.545821E-01
           480      G      9.823864E-03   3.714683E-03  -4.808543E+00   4.044715E+01   1.240440E+02   1.190250E-01
           481      G      2.405511E-02  -6.681565E-04   1.546861E+00  -1.291226E+01   2.032042E+02  -9.219899E-04
           482      G     -3.537975E-02  -1.737662E-05  -5.205261E+00  -6.795919E-05  -9.532171E+01  -6.785684E-05
           483      G      1.590222E-02  -1.754115E-05  -5.196754E+00  -3.846282E-04   1.290666E+02   9.057371E-06
           484      G      3.333651E-02  -1.745961E-05   1.669275E+00  -6.030060E-04   2.237342E+02  -7.591875E-06
           485      G      1.806077E-06  -2.107076E-03   5.662295E+00  -5.443624E+01   4.894144E-04  -1.291755E-05
           486      G      1.572580E-06  -1.719416E-05   6.231620E+00  -3.508621E-04   2.184604E-04  -1.066302E-05
           487      G      7.227225E-03  -2.257598E-03  -2.059451E-02  -1.076645E+00   9.274495E+00   7.933393E-02
           488      G      4.393355E-03   7.453922E-04  -1.436169E+00   8.664081E+01   1.537174E+01   8.639419E-02
           489      G     -4.801498E-03   3.498192E-03  -1.364543E+00   8.697590E+01  -3.158459E+01   3.659999E-02
           490      G     -9.421677E-03  -1.649255E-03   4.086220E-01  -2.709858E+01  -4.845917E+01  -6.231749E-02
           491      G      1.413224E-02  -6.789673E-04  -3.483224E+00   8.109749E+01   6.747688E+01  -1.371401E-01
           492      G     -9.058937E-03   2.314326E-03  -3.444741E+00   8.228112E+01  -9.054790E+01   2.245762E-01
           493      G     -1.586272E-02  -2.050384E-05   1.084168E+00  -2.780680E+01  -1.389844E+02   1.958001E-01
           494      G      1.442852E-02  -2.538281E-03  -5.985361E-02  -4.520109E-01   3.059911E+01  -3.063834E-01
           495      G      1.819703E-02   4.543546E-04  -4.867640E+00   3.996654E+01   8.994427E+01   4.545699E-01
           496      G     -9.820305E-03   3.716201E-03  -4.808521E+00   4.044772E+01  -1.240446E+02  -1.190566E-01
           497      G     -2.405153E-02  -6.673250E-04   1.546887E+00  -1.291184E+01  -2.032038E+02   9.005629E-04
           498      G      3.538281E-02  -1.515699E-05  -5.205271E+00   2.695463E-04   9.532144E+01  -3.098940E-05
1                                                       **STUDENT EDITION*    APRIL  17, 2026  MSC Nastran  3/ 3/26   PAGE   106
     DEFAULT                                                                                                                        
0                                                                                                            SUBCASE 1              
      EIGENVALUE =  5.782044E+06
          CYCLES =  3.827021E+02         R E A L   E I G E N V E C T O R   N O .         10
 
      POINT ID.   TYPE          T1             T2             T3             R1             R2             R3
           499      G     -1.589921E-02  -1.600061E-05  -5.196748E+00   4.102245E-04  -1.290670E+02  -2.366334E-05
           500      G     -3.333341E-02  -1.669609E-05   1.669287E+00   1.526862E-04  -2.237342E+02  -1.991068E-05
           501      G     -7.222419E-03   2.227048E-03  -2.060227E-02   1.076738E+00  -9.274283E+00   7.942862E-02
           502      G     -4.388890E-03  -7.776903E-04  -1.436176E+00  -8.664079E+01  -1.537175E+01   8.644796E-02
           503      G      4.805749E-03  -3.531713E-03  -1.364549E+00  -8.697605E+01   3.158476E+01   3.663460E-02
           504      G      9.425445E-03   1.615109E-03   4.086205E-01   2.709859E+01   4.845946E+01  -6.228918E-02
           505      G      8.312404E-07   2.128251E-03   1.515479E+00   9.555152E+01  -1.464091E-04  -2.036981E-05
           506      G     -1.412858E-02   6.464897E-04  -3.483226E+00  -8.109727E+01  -6.747701E+01  -1.371052E-01
           507      G      9.062468E-03  -2.347866E-03  -3.444748E+00  -8.228110E+01   9.054803E+01   2.246028E-01
           508      G      1.586610E-02  -1.371477E-05   1.084169E+00   2.780678E+01   1.389849E+02   1.958157E-01
           509      G      1.077180E-06   6.225634E-04   3.931902E+00   1.008505E+02  -2.554348E-04  -1.294720E-05
           510      G     -1.442498E-02   2.506600E-03  -5.985325E-02   4.522879E-01  -3.059866E+01  -3.063894E-01
           511      G     -1.819387E-02  -4.870134E-04  -4.867637E+00  -3.996617E+01  -8.994442E+01   4.546012E-01
           512      G      9.823512E-03  -3.749708E-03  -4.808526E+00  -4.044770E+01   1.240445E+02  -1.190416E-01
           513      G      2.405473E-02   6.331359E-04   1.546885E+00   1.291152E+01   2.032042E+02   9.094800E-04
           514      G      1.317430E-06   2.072651E-03   5.662309E+00   5.443584E+01  -1.142633E-04  -1.176824E-05
           515      G      7.224475E-03   2.229142E-03  -2.059790E-02   1.076726E+00   9.274561E+00  -7.939553E-02
           516      G      4.390715E-03  -7.755714E-04  -1.436181E+00  -8.664114E+01   1.537199E+01  -8.645376E-02
           517      G     -4.803958E-03  -3.530020E-03  -1.364559E+00  -8.697652E+01  -3.158469E+01  -3.665483E-02
           518      G     -9.423756E-03   1.616021E-03   4.086141E-01   2.709829E+01  -4.845966E+01   6.225893E-02
           519      G      1.413069E-02   6.487342E-04  -3.483239E+00  -8.109746E+01   6.747739E+01   1.370855E-01
           520      G     -9.060371E-03  -2.346237E-03  -3.444765E+00  -8.228115E+01  -9.054804E+01  -2.246243E-01
           521      G     -1.586395E-02  -1.284995E-05   1.084158E+00   2.780685E+01  -1.389852E+02  -1.958405E-01
           522      G      1.442773E-02   2.509892E-03  -5.985406E-02   4.520361E-01   3.059916E+01   3.063157E-01
           523      G      1.819631E-02  -4.845924E-04  -4.867651E+00  -3.996619E+01   8.994464E+01  -4.546187E-01
           524      G     -9.820972E-03  -3.748192E-03  -4.808537E+00  -4.044713E+01  -1.240447E+02   1.190130E-01
           525      G     -2.405213E-02   6.339412E-04   1.546881E+00   1.291208E+01  -2.032044E+02  -9.337505E-04
          1000      G     -3.536001E-07  -7.741797E-06  -4.097757E-06   2.008837E-03  -8.896229E-06  -1.218433E-04
          1001      G      7.814033E-06   2.854392E-07  -1.053068E-05   2.367698E-06   2.376826E-06   7.633377E-03
          1002      G      1.706205E-05  -8.126604E-06  -1.115806E-05   1.019515E-05   5.851221E-06   1.223846E-02
          1003      G     -3.383507E-07  -5.995925E-06   2.526322E-03  -1.434656E-01   7.178697E-05   8.679639E-07
          1004      G      1.443523E-05  -8.855454E-06   1.333745E-03  -7.805788E-02   6.786827E-02   1.126467E-04
          1005      G      2.371900E-05  -6.532118E-06  -7.435578E-04  -4.122674E-03   7.885092E-02   4.274519E-04
          1006      G     -2.730310E-07  -4.941874E-08   6.386722E-03   1.645695E-05  -1.614981E-06   6.395310E-07
          1007      G      2.705302E-05  -2.814510E-08   3.525109E-03   2.943138E-05   1.974453E-01   5.726209E-07
          1008      G      6.451227E-05  -3.254295E-08   1.163673E-04   3.371489E-05   1.897348E-02   8.012096E-07
          1009      G      1.921479E-05  -1.752395E-05  -1.354866E-04   8.769820E-05   3.163016E-05   2.443467E-03
          1010      G      2.673268E-05   4.247642E-05  -1.365858E-04   9.333710E-05   2.295032E-05   7.159619E-03
          1011      G      4.628969E-05   5.588686E-06  -3.032579E-03   6.910880E-02   8.271067E-02   3.124273E-04
          1012      G      5.766684E-05   1.249436E-06  -4.659165E-03   1.362415E-01   2.143202E-02  -1.360041E-01
          1013      G      5.803344E-05  -1.044948E-08  -3.422338E-03   7.230174E-05   2.075911E-01   1.574192E-06
          1014      G      6.196066E-05   3.456989E-08  -6.505873E-03   7.491058E-05   1.506898E-02  -1.604390E-04
          1015      G     -8.519569E-06   2.161475E-07  -1.064968E-05   2.484576E-06  -2.350951E-06  -7.964865E-03
          1016      G     -1.775275E-05  -8.137100E-06  -1.127551E-05   1.037073E-05  -5.813518E-06  -1.256258E-02
          1017      G     -1.511743E-05  -8.895505E-06   1.336931E-03  -7.825241E-02  -6.780244E-02  -1.107486E-04
          1018      G     -2.441280E-05  -6.657733E-06  -7.389736E-04  -4.487658E-03  -7.885632E-02  -4.272362E-04
          1019      G     -2.764060E-05  -5.139660E-08   3.533944E-03   1.511008E-05  -1.968827E-01   6.688512E-07
          1020      G     -6.516027E-05  -8.499523E-08   1.328091E-04   2.581646E-06  -1.901529E-02   5.475308E-07
          1021      G     -1.984826E-05  -1.790942E-05  -1.348513E-04   8.386061E-05  -3.169470E-05  -2.580258E-03
          1022      G     -2.748663E-05   4.278294E-05  -1.359557E-04   8.976459E-05  -2.290141E-05  -7.371941E-03
1                                                       **STUDENT EDITION*    APRIL  17, 2026  MSC Nastran  3/ 3/26   PAGE   107
     DEFAULT                                                                                                                        
0                                                                                                            SUBCASE 1              
      EIGENVALUE =  5.782044E+06
          CYCLES =  3.827021E+02         R E A L   E I G E N V E C T O R   N O .         10
 
      POINT ID.   TYPE          T1             T2             T3             R1             R2             R3
          1023      G     -4.708854E-05   5.553424E-06  -3.031501E-03   6.884680E-02  -8.296493E-02  -3.126423E-04
          1024      G     -5.851091E-05   1.136568E-06  -4.663679E-03   1.360562E-01  -2.157547E-02   1.354056E-01
          1025      G     -5.868199E-05  -9.241416E-08  -3.409122E-03  -3.887264E-06  -2.077917E-01   2.541151E-07
          1026      G     -6.259346E-05  -1.148912E-07  -6.496827E-03  -2.124217E-05  -1.512022E-02   2.172538E-04
          1027      G     -2.512618E-07   7.741411E-06  -3.735499E-06  -2.025623E-03  -3.728063E-06   8.356215E-05
          1028      G      7.936094E-06  -4.111890E-07  -1.062577E-05  -2.304786E-06   2.019828E-06  -7.817059E-03
          1029      G      1.720321E-05   8.311188E-06  -1.124330E-05  -1.003204E-05   5.484308E-06  -1.243170E-02
          1030      G     -2.681400E-07   5.916597E-06   2.523688E-03   1.434591E-01   1.010916E-04   2.365114E-07
          1031      G      1.450426E-05   8.829131E-06   1.330108E-03   7.805258E-02   6.790157E-02  -1.114231E-04
          1032      G      2.381866E-05   6.503725E-06  -7.484585E-04   4.128055E-03   7.891567E-02  -4.262163E-04
          1033      G      1.937758E-05   1.750712E-05  -1.351627E-04  -8.506796E-05   3.150339E-05  -2.545652E-03
          1034      G      2.691416E-05  -4.254237E-05  -1.362611E-04  -9.076477E-05   2.281263E-05  -7.272627E-03
          1035      G      4.644409E-05  -5.575833E-06  -3.039523E-03  -6.913241E-02   8.280713E-02  -3.110375E-04
          1036      G      5.784017E-05  -1.236937E-06  -4.668470E-03  -1.362380E-01   2.151683E-02   1.357452E-01
          1037      G     -8.425206E-06  -2.814747E-07  -1.055531E-05  -2.263843E-06  -2.112609E-06   7.972753E-03
          1038      G     -1.765253E-05   8.109939E-06  -1.117522E-05  -1.012267E-05  -5.575173E-06   1.256755E-02
          1039      G     -1.506156E-05   8.818097E-06   1.334852E-03   7.823538E-02  -6.778060E-02   1.116259E-04
          1040      G     -2.438079E-05   6.546361E-06  -7.405854E-04   4.472232E-03  -7.884556E-02   4.290364E-04
          1041      G     -1.974545E-05   1.779933E-05  -1.350907E-04  -8.321317E-05  -3.168114E-05   2.507687E-03
          1042      G     -4.709421E-05  -5.755790E-06  -3.033077E-03  -6.886124E-02  -8.296261E-02   3.144889E-04
          1043      G     -5.849172E-05  -1.374287E-06  -4.665111E-03  -1.360712E-01  -2.156806E-02  -1.349945E-01
          1044      G     -2.746932E-05  -4.319036E-05  -1.361947E-04  -8.918152E-05  -2.283360E-05   7.348399E-03
          2000      G     -1.118784E-06  -1.736845E-06  -1.126793E-05   1.888333E-03  -1.034025E-04  -2.803267E-04
          2001      G      8.465779E-06   3.000109E-07  -1.053881E-05   1.342092E-06   2.215875E-06   7.870413E-03
          2002      G      2.007203E-05  -8.245424E-06  -1.114523E-05   8.735739E-06   5.870690E-06   1.365134E-02
          2003      G     -1.138329E-06  -3.856966E-06   2.559529E-03  -1.574184E-01   2.559159E-03   9.446770E-06
          2004      G      1.165294E-05  -6.238998E-06   1.278294E-03  -9.039674E-02   7.246266E-02   7.004105E-05
          2005      G      1.934828E-05  -5.819957E-06  -9.139489E-04  -1.570004E-02   8.185029E-02   3.079900E-04
          2006      G      9.764118E-08  -1.093525E-07   6.588998E-03   5.606496E-05   5.508704E-04  -1.981649E-06
          2007      G      2.292404E-05  -2.382168E-07   3.604185E-03   1.205972E-04   2.047771E-01  -4.327757E-06
          2008      G      5.534746E-05  -5.150375E-07  -2.392166E-05   2.043675E-04   2.839837E-02  -5.713618E-06
          2009      G      2.690940E-05  -2.347284E-05  -1.354969E-04   8.794878E-05   3.161039E-05   5.803339E-03
          2010      G      3.756253E-05   2.988263E-05  -1.369061E-04   1.004482E-04   2.226134E-05   1.213267E-02
          2011      G      3.975978E-05   3.469097E-06  -3.267006E-03   4.950824E-02   8.567704E-02  -3.252414E-05
          2012      G      4.852107E-05  -2.011549E-05  -4.935125E-03   1.016728E-01   2.278301E-02  -3.526595E-01
          2013      G      4.411990E-05  -9.639971E-07  -3.574246E-03   5.081087E-04   1.997518E-01   2.706478E-06
          2014      G      4.748132E-05  -8.165812E-07  -6.644703E-03   1.588065E-03   2.609616E-02  -6.325138E-03
          2015      G     -1.077057E-05   2.163006E-07  -1.063360E-05   7.277931E-07  -2.416943E-06  -8.999627E-03
          2016      G     -2.209689E-05  -8.292919E-06  -1.123755E-05   8.978798E-06  -5.865355E-06  -1.464139E-02
          2017      G     -1.374463E-05  -6.453230E-06   1.417769E-03  -9.627602E-02  -6.793117E-02  -6.088299E-05
          2018      G     -2.187261E-05  -6.063998E-06  -6.881198E-04  -2.690746E-02  -8.137765E-02  -3.098404E-04
          2019      G     -2.410527E-05  -7.843609E-08   3.855600E-03  -2.338056E-05  -1.900170E-01  -3.807223E-07
          2020      G     -5.726255E-05  -8.998248E-08   4.400706E-04  -1.729388E-05  -2.844070E-02   1.726617E-07
          2021      G     -2.823963E-05  -2.405798E-05  -1.348442E-04   8.355963E-05  -3.130851E-05  -6.282091E-03
          2022      G     -3.768095E-05   3.106163E-05  -1.363209E-04   9.719304E-05  -2.223719E-05  -1.199679E-02
          2023      G     -4.319595E-05   3.520295E-06  -3.139043E-03   4.252631E-02  -9.219879E-02   2.641650E-06
          2024      G     -5.380299E-05  -1.830937E-05  -4.936279E-03   9.919876E-02  -2.455338E-02   3.325693E-01
          2025      G     -4.710508E-05  -1.228195E-07  -3.324182E-03   2.005680E-05  -2.141562E-01   6.142131E-07
          2026      G     -5.060985E-05  -1.915978E-07  -6.631629E-03   4.433967E-05  -2.682835E-02   1.348069E-03
          2027      G     -1.268377E-06   1.418849E-06  -9.755130E-06  -1.743450E-03  -9.499023E-05   1.786221E-04
1                                                       **STUDENT EDITION*    APRIL  17, 2026  MSC Nastran  3/ 3/26   PAGE   108
     DEFAULT                                                                                                                        
0                                                                                                            SUBCASE 1              
      EIGENVALUE =  5.782044E+06
          CYCLES =  3.827021E+02         R E A L   E I G E N V E C T O R   N O .         10
 
      POINT ID.   TYPE          T1             T2             T3             R1             R2             R3
          2028      G      8.268916E-06  -4.546519E-07  -1.063112E-05  -1.114622E-06   1.863355E-06  -7.900749E-03
          2029      G      1.971763E-05   8.390363E-06  -1.122874E-05  -8.385740E-06   5.491616E-06  -1.360319E-02
          2030      G     -1.219265E-06   3.637948E-06   2.566260E-03   1.578241E-01   2.551351E-03  -1.193824E-05
          2031      G      1.156512E-05   5.918329E-06   1.284763E-03   9.122129E-02   7.242052E-02  -7.504266E-05
          2032      G      1.953936E-05   5.195550E-06  -9.059528E-04   1.704943E-02   8.180837E-02  -3.167248E-04
          2033      G      2.604652E-05   2.282110E-05  -1.351698E-04  -8.507164E-05   3.155660E-05  -5.387520E-03
          2034      G      3.591914E-05  -3.191715E-05  -1.366002E-04  -9.814638E-05   2.222504E-05  -1.131922E-02
          2035      G      4.069436E-05  -4.480966E-06  -3.258656E-03  -4.749888E-02   8.566451E-02   8.439285E-06
          2036      G      5.064774E-05   1.753982E-05  -4.942717E-03  -9.920906E-02   2.411936E-02   3.349869E-01
          2037      G     -1.086497E-05  -2.967366E-07  -1.053721E-05  -4.427094E-07  -2.193681E-06   9.105398E-03
          2038      G     -2.210127E-05   8.255046E-06  -1.113685E-05  -8.706359E-06  -5.630856E-06   1.470231E-02
          2039      G     -1.377781E-05   6.300855E-06   1.422372E-03   9.663096E-02  -6.802396E-02   5.939471E-05
          2040      G     -2.190853E-05   5.942221E-06  -6.853914E-04   2.710758E-02  -8.143449E-02   3.106066E-04
          2041      G     -2.816153E-05   2.393554E-05  -1.350833E-04  -8.288923E-05  -3.130372E-05   6.221175E-03
          2042      G     -3.765548E-05  -3.150107E-05  -1.365596E-04  -9.659076E-05  -2.218184E-05   1.196830E-02
          2043      G     -4.325676E-05  -3.756133E-06  -3.138375E-03  -4.245327E-02  -9.228436E-02   1.944036E-07
          2044      G     -5.385135E-05   1.794291E-05  -4.937141E-03  -9.922693E-02  -2.458333E-02  -3.305601E-01
          3000      G     -5.229786E-06  -2.831229E-05  -4.121890E-05  -4.320408E-03  -1.232709E-03   5.293594E-03
          3001      G      1.245731E-05  -3.166986E-05   6.755815E-05  -2.703171E-03  -3.048934E-03   2.994956E-02
          3002      G      3.077755E-05  -5.438212E-05  -2.464400E-04   1.651771E-02   8.298295E-03   6.457444E-02
          3003      G     -8.218039E-06  -3.360080E-05   4.091902E-03  -2.090686E-01   1.092819E-03  -7.155644E-05
          3004      G      2.123832E-05  -4.062816E-05   1.583744E-03  -7.629120E-02   1.493412E-01   1.719920E-04
          3005      G      4.602849E-05  -3.557344E-05  -2.567300E-03   5.416605E-02   1.256809E-01   8.524054E-04
          3006      G     -1.045945E-05  -1.808815E-05   8.930770E-03   1.385037E-03  -1.398106E-04  -6.466178E-05
          3007      G      4.359933E-05  -2.092492E-05   3.228476E-03   6.252870E-05   3.917596E-01  -7.209899E-05
          3008      G      1.113152E-04  -2.335761E-05  -3.451985E-03   1.934855E-03   2.119009E-02  -5.740918E-05
          3009      G      4.551958E-05  -4.808990E-05  -8.612466E-04   3.863005E-02   2.999641E-02  -4.297064E-02
          3010      G      8.502189E-05   1.035584E-04  -1.490207E-03   2.957713E-02   6.044063E-04   2.576659E-02
          3011      G      9.047455E-05  -2.757120E-06  -4.770319E-03   7.795858E-02   2.917460E-02   5.429134E-04
          3012      G      9.744517E-05  -1.316483E-05  -5.441533E-03   8.498430E-02   2.242815E-02  -1.702879E-01
          3013      G      9.897198E-05  -2.528956E-05  -5.964937E-03   1.070846E-03   1.206048E-01  -4.340025E-05
          3014      G      1.082591E-04  -2.717457E-05  -7.403100E-03   7.711699E-03   1.826972E-02  -1.609289E-02
          3015      G     -2.229862E-05  -2.735576E-05   8.227556E-05  -5.379275E-03   5.328119E-03  -4.123019E-02
          3016      G     -4.038310E-05  -4.579667E-05  -2.363658E-04   1.488519E-02  -6.000097E-03  -9.072326E-02
          3017      G     -3.801103E-05  -3.640398E-05   1.640751E-03  -7.667320E-02  -1.479612E-01  -3.260934E-04
          3018      G     -6.379362E-05  -2.650960E-05  -2.556180E-03   5.282856E-02  -1.290582E-01  -1.029816E-03
          3019      G     -6.475389E-05  -1.661520E-05   3.243631E-03   1.030790E-03  -3.911286E-01  -5.615710E-05
          3020      G     -1.324135E-04  -1.455291E-05  -3.436523E-03   6.967278E-04  -2.121331E-02  -5.405050E-05
          3021      G     -5.722816E-05  -3.402084E-05  -8.579702E-04   4.069382E-02  -3.692326E-02   5.308805E-02
          3022      G     -9.926352E-05   1.329278E-04  -1.511369E-03   2.113571E-02   1.344325E-02  -7.729153E-02
          3023      G     -1.091687E-04   1.274123E-05  -4.769508E-03   7.211210E-02  -2.724892E-02  -6.862564E-04
          3024      G     -1.154959E-04   4.915512E-06  -5.453268E-03   8.461344E-02  -2.302343E-02   1.621980E-01
          3025      G     -1.199080E-04  -1.327411E-05  -5.939487E-03   5.042820E-04  -1.211238E-01  -4.630141E-05
          3026      G     -1.288554E-04  -1.194646E-05  -7.401396E-03   3.438067E-04  -1.826436E-02  -5.633612E-04
          3027      G     -1.371189E-05  -9.335258E-06  -2.510801E-05   7.263323E-03  -7.971280E-05   5.741469E-03
          3028      G      3.454866E-06  -9.250853E-06   9.325593E-05   7.860491E-03  -4.979130E-03  -3.426310E-02
          3029      G      2.165105E-05   9.441647E-06  -2.230580E-04  -1.186639E-02   5.844383E-03  -8.408553E-02
          3030      G     -1.226240E-05  -3.575673E-06   4.134736E-03   2.084543E-01  -7.608297E-04  -5.709729E-05
          3031      G      1.745262E-05  -7.062706E-07   1.677472E-03   7.672910E-02   1.478774E-01  -3.082484E-04
          3032      G      4.336549E-05  -1.027066E-05  -2.514691E-03  -5.373359E-02   1.285308E-01  -1.008373E-03
1                                                       **STUDENT EDITION*    APRIL  17, 2026  MSC Nastran  3/ 3/26   PAGE   109
     DEFAULT                                                                                                                        
0                                                                                                            SUBCASE 1              
      EIGENVALUE =  5.782044E+06
          CYCLES =  3.827021E+02         R E A L   E I G E N V E C T O R   N O .         10
 
      POINT ID.   TYPE          T1             T2             T3             R1             R2             R3
          3033      G      3.828301E-05  -4.807160E-08  -8.513906E-04  -3.854017E-02   3.697839E-02   6.191054E-02
          3034      G      7.920499E-05  -1.664845E-04  -1.509861E-03  -1.985644E-02  -1.293048E-02  -6.598874E-02
          3035      G      8.937391E-05  -4.911791E-05  -4.749639E-03  -7.168450E-02   2.966401E-02  -6.538201E-04
          3036      G      9.741508E-05  -3.959383E-05  -5.463754E-03  -8.549979E-02   2.199211E-02   1.831521E-01
          3037      G     -3.065542E-05  -5.850511E-06   9.126480E-05   7.284214E-03   4.670619E-03   4.509210E-02
          3038      G     -4.826309E-05   1.610828E-05  -2.296919E-04  -1.337551E-02  -6.016241E-03   9.557338E-02
          3039      G     -4.184730E-05   3.265327E-06   1.662253E-03   7.640390E-02  -1.476826E-01   2.036710E-04
          3040      G     -6.749880E-05  -3.054487E-06  -2.536474E-03  -5.299117E-02  -1.294662E-01   9.152260E-04
          3041      G     -6.450913E-05   7.806310E-06  -8.525577E-04  -3.921610E-02  -3.705316E-02  -4.984847E-02
          3042      G     -1.057556E-04  -1.552042E-04  -1.508780E-03  -2.028399E-02   1.283093E-02   7.778518E-02
          3043      G     -1.126951E-04  -3.889192E-05  -4.756866E-03  -7.233794E-02  -2.753536E-02   5.849450E-04
          3044      G     -1.192178E-04  -2.858873E-05  -5.451019E-03  -8.447852E-02  -2.360820E-02  -1.655675E-01
          4000      G      2.055357E-06  -2.363766E-04   1.369444E-04  -9.191415E-02   2.068473E-04  -7.513230E-04
          4001      G     -3.847359E-05  -9.278086E-05   8.037712E-04  -8.338548E-02  -2.972374E-02   3.928241E-01
          4002      G     -4.018848E-07   4.623119E-05  -3.214936E-05  -3.783530E-02   8.221561E-02  -2.799003E-01
          4003      G      1.513210E-06  -1.069855E-04   7.930698E-03  -3.152083E-01  -2.160846E-04  -1.337419E-05
          4004      G      6.227156E-05  -8.015412E-05   4.745646E-03  -1.158630E-01   1.862952E-01   1.874810E-03
          4005      G      5.475831E-05   1.260089E-05  -6.336234E-04   8.351714E-03   1.770749E-01   2.201444E-03
          4006      G      7.128073E-07  -1.940178E-05   1.546619E-02  -4.755136E-04   1.230966E-04  -1.202841E-05
          4007      G      8.489745E-05  -1.940293E-05   7.251878E-03   2.229746E-04   5.647407E-01  -8.865580E-06
          4008      G      1.855304E-04  -1.951991E-05  -2.575339E-04  -1.179868E-04  -1.274436E-01  -1.005926E-05
          4009      G      3.866185E-05   1.716941E-04  -2.077664E-03  -2.206294E-02  -3.049172E-02  -1.340374E-01
          4010      G      1.038803E-05   3.419263E-06  -2.521480E-03   6.161848E-02  -1.331950E-01   2.861174E-01
          4011      G      3.368211E-05   3.185744E-05  -6.612208E-03   1.094852E-01   2.057392E-01   1.343391E-03
          4012      G      9.146521E-06   8.587577E-05  -7.981323E-03   1.175880E-01  -2.980259E-01   9.177263E-02
          4013      G      1.428317E-04  -1.958059E-05  -7.481799E-03   7.883085E-04   4.876784E-01  -1.209500E-05
          4014      G      1.253144E-04  -1.981631E-05  -1.061199E-02   7.470864E-05  -3.699973E-01   1.034578E-03
          4015      G      4.260764E-05  -9.234675E-05   8.110254E-04  -8.324276E-02   2.986656E-02  -3.933722E-01
          4016      G      4.571202E-06   4.741120E-05  -2.846635E-05  -3.777268E-02  -8.267152E-02   2.820582E-01
          4017      G     -5.927455E-05  -7.960298E-05   4.734465E-03  -1.151406E-01  -1.866131E-01  -1.900707E-03
          4018      G     -5.165726E-05   1.370398E-05  -6.534228E-04   9.605663E-03  -1.772390E-01  -2.228003E-03
          4019      G     -8.330807E-05  -1.887509E-05   7.226459E-03   2.436763E-04  -5.665255E-01  -1.540139E-05
          4020      G     -1.839386E-04  -1.846930E-05  -3.038448E-04  -1.127095E-04   1.278497E-01  -1.672549E-05
          4021      G     -3.416925E-05   1.735117E-04  -2.082751E-03  -2.181702E-02   3.085836E-02   1.330426E-01
          4022      G     -5.678829E-06   5.409137E-06  -2.525593E-03   6.394956E-02   1.317602E-01  -2.838889E-01
          4023      G     -3.050226E-05   3.354479E-05  -6.639888E-03   1.106448E-01  -2.060832E-01  -1.377292E-03
          4024      G     -5.968034E-06   8.872440E-05  -8.003143E-03   1.171105E-01   2.985148E-01  -9.701127E-02
          4025      G     -1.411311E-04  -1.784369E-05  -7.512785E-03   4.985763E-06  -4.867685E-01  -1.825740E-05
          4026      G     -1.234389E-04  -1.729856E-05  -1.061959E-02   1.773597E-06   3.705341E-01  -2.075411E-03
          4027      G     -1.362031E-07   1.970750E-04   1.313311E-04   8.939902E-02   1.315996E-05  -5.927743E-05
          4028      G     -4.043364E-05   5.389448E-05   8.092798E-04   8.249283E-02  -2.974343E-02  -3.937343E-01
          4029      G     -2.238520E-06  -8.526011E-05  -3.130156E-05   3.758784E-02   8.281450E-02   2.823961E-01
          4030      G      3.337550E-07   6.840935E-05   7.906699E-03   3.168706E-01  -3.037661E-04  -1.023760E-05
          4031      G      6.097966E-05   4.110579E-05   4.730032E-03   1.157935E-01   1.859470E-01  -1.890474E-03
          4032      G      5.334340E-05  -5.156942E-05  -6.396096E-04  -8.215805E-03   1.768613E-01  -2.210394E-03
          4033      G      3.644888E-05  -2.107101E-04  -2.083206E-03   2.265714E-02  -3.099880E-02   1.330195E-01
          4034      G      7.613341E-06  -4.100423E-05  -2.529058E-03  -6.325179E-02  -1.310420E-01  -2.795399E-01
          4035      G      3.214392E-05  -7.066547E-05  -6.631474E-03  -1.104856E-01   2.068224E-01  -1.361602E-03
          4036      G      7.729921E-06  -1.253293E-04  -8.007528E-03  -1.167579E-01  -2.982165E-01  -9.063068E-02
          4037      G      4.018569E-05   5.457560E-05   8.090631E-04   8.238949E-02   2.978358E-02   3.937326E-01
1                                                       **STUDENT EDITION*    APRIL  17, 2026  MSC Nastran  3/ 3/26   PAGE   110
     DEFAULT                                                                                                                        
0                                                                                                            SUBCASE 1              
      EIGENVALUE =  5.782044E+06
          CYCLES =  3.827021E+02         R E A L   E I G E N V E C T O R   N O .         10
 
      POINT ID.   TYPE          T1             T2             T3             R1             R2             R3
          4038      G      1.987638E-06  -8.416171E-05  -3.056241E-05   3.749629E-02  -8.274933E-02  -2.821690E-01
          4039      G     -6.038451E-05   4.164433E-05   4.715878E-03   1.152394E-01  -1.862712E-01   1.868797E-03
          4040      G     -5.278937E-05  -5.045501E-05  -6.597757E-04  -9.312821E-03  -1.768040E-01   2.189757E-03
          4041      G     -3.672448E-05  -2.090646E-04  -2.083328E-03   2.214446E-02   3.090620E-02  -1.331225E-01
          4042      G     -8.048947E-06  -3.949787E-05  -2.526740E-03  -6.358021E-02   1.314241E-01   2.817594E-01
          4043      G     -3.166330E-05  -6.914115E-05  -6.640833E-03  -1.106696E-01  -2.061324E-01   1.340191E-03
          4044      G     -7.206107E-06  -1.232476E-04  -8.004021E-03  -1.169825E-01   2.984928E-01   9.338834E-02
1                                                       **STUDENT EDITION*    APRIL  17, 2026  MSC Nastran  3/ 3/26   PAGE   111
     DEFAULT                                                                                                                        
0                                                                                                            SUBCASE 1              
      EIGENVALUE =  7.271931E+05
                               F O R C E S   O F   S I N G L E - P O I N T   C O N S T R A I N T
 
      POINT ID.   TYPE          T1             T2             T3             R1             R2             R3
             1      G      3.350458E+03   8.008028E+03   1.497650E+04   3.170152E+01   1.165863E+02  -1.024581E-01
             2      G      3.249240E+03  -8.026824E+03   1.499997E+04  -3.128788E+01   1.134424E+02   1.018700E-01
             3      G      4.938923E+03  -9.240004E+02   2.984714E+04   2.385812E+02   1.856705E+02  -4.416073E-02
             4      G      4.770158E+03   9.053184E+02   2.981754E+04  -2.378252E+02   1.795933E+02   4.277779E-02
             5      G     -4.921917E+03  -9.147761E+02   2.984694E+04   2.381064E+02  -1.852664E+02   4.406276E-02
             6      G     -4.910013E+03   9.163701E+02   2.997008E+04  -2.394304E+02  -1.849678E+02  -4.374210E-02
             7      G     -3.354663E+03   7.871517E+03   1.496093E+04   3.521627E+01  -1.163891E+02   1.014611E-01
             8      G     -3.123322E+03  -7.920038E+03   1.497923E+04  -3.649938E+01  -1.081011E+02  -1.002513E-01
1                                                       **STUDENT EDITION*    APRIL  17, 2026  MSC Nastran  3/ 3/26   PAGE   112
     DEFAULT                                                                                                                        
0                                                                                                            SUBCASE 1              
      EIGENVALUE =  1.444869E+06
                               F O R C E S   O F   S I N G L E - P O I N T   C O N S T R A I N T
 
      POINT ID.   TYPE          T1             T2             T3             R1             R2             R3
             1      G      5.952267E+03   7.009755E+04   1.219598E+05   1.404168E+01   6.276894E+02  -7.997884E-01
             2      G      4.958379E+03  -6.926953E+04   1.215193E+05  -3.031079E+01   5.871103E+02   7.895519E-01
             3      G      3.056763E+04  -4.768270E+03   1.072825E+05   9.129777E+02   9.842269E+02  -1.372680E-01
             4      G      2.885352E+04   4.666478E+03   1.065840E+05  -9.066597E+02   9.232637E+02   1.163172E-01
             5      G     -2.994155E+04  -4.827824E+03   1.072625E+05   9.144458E+02  -9.675265E+02   1.282761E-01
             6      G     -2.954982E+04   4.749926E+03   1.097295E+05  -9.321122E+02  -9.146890E+02  -1.481866E-01
             7      G     -5.549939E+03   6.799472E+04   1.211387E+05   6.315854E+01  -6.100691E+02   7.853398E-01
             8      G     -5.427688E+03  -6.904327E+04   1.209565E+05  -5.739857E+01  -6.475661E+02  -7.950513E-01
1                                                       **STUDENT EDITION*    APRIL  17, 2026  MSC Nastran  3/ 3/26   PAGE   113
     DEFAULT                                                                                                                        
0                                                                                                            SUBCASE 1              
      EIGENVALUE =  2.133309E+06
                               F O R C E S   O F   S I N G L E - P O I N T   C O N S T R A I N T
 
      POINT ID.   TYPE          T1             T2             T3             R1             R2             R3
             1      G      8.439816E+01  -2.837472E+04  -5.788950E+04  -1.540027E+02  -2.949047E+02   2.056614E-01
             2      G     -2.809899E+01   2.846126E+04  -5.792131E+04   1.519924E+02  -2.991537E+02  -2.068923E-01
             3      G      6.678775E+01   8.798665E+02  -1.377284E+04  -1.244068E+02  -1.285691E+02  -1.963932E-02
             4      G     -1.448473E+02  -8.885297E+02  -1.383768E+04   1.250197E+02  -1.359821E+02   1.753731E-02
             5      G      1.629665E+01  -8.486861E+02   1.377975E+04   1.231963E+02  -1.309123E+02  -1.939769E-02
             6      G     -1.873883E+01   8.582204E+02   1.382437E+04  -1.245506E+02  -1.319513E+02   1.894995E-02
             7      G     -3.648739E+01   2.807741E+04   5.786865E+04   1.616499E+02  -2.987750E+02   2.037371E-01
             8      G      2.131496E+02  -2.814298E+04   5.804890E+04  -1.700433E+02  -2.891424E+02  -2.029610E-01
1                                                       **STUDENT EDITION*    APRIL  17, 2026  MSC Nastran  3/ 3/26   PAGE   114
     DEFAULT                                                                                                                        
0                                                                                                            SUBCASE 1              
      EIGENVALUE =  2.368655E+06
                               F O R C E S   O F   S I N G L E - P O I N T   C O N S T R A I N T
 
      POINT ID.   TYPE          T1             T2             T3             R1             R2             R3
             1      G      1.201265E+04   9.878952E+04   2.323522E+05   1.167835E+03   1.279331E+03  -1.328687E+00
             2      G      1.156032E+04  -9.995896E+04   2.333456E+05  -1.143776E+03   1.265591E+03   1.325107E+00
             3      G      6.048846E+04   9.622458E+03   2.257528E+05   2.548866E+03   1.721819E+03   2.501975E-01
             4      G      5.969074E+04  -1.041454E+04   2.267030E+05  -2.525534E+03   1.689525E+03  -2.431620E-01
             5      G     -6.041921E+04   1.042847E+04   2.255231E+05   2.497054E+03  -1.721659E+03  -2.195807E-01
             6      G     -6.091285E+04  -9.153156E+03   2.273013E+05  -2.571103E+03  -1.730101E+03   2.413231E-01
             7      G     -1.221271E+04   9.749050E+04   2.324539E+05   1.228411E+03  -1.265239E+03   1.331804E+00
             8      G     -1.030238E+04  -9.915393E+04   2.339350E+05  -1.230922E+03  -1.201937E+03  -1.375253E+00
1                                                       **STUDENT EDITION*    APRIL  17, 2026  MSC Nastran  3/ 3/26   PAGE   115
     DEFAULT                                                                                                                        
0                                                                                                            SUBCASE 1              
      EIGENVALUE =  2.433266E+06
                               F O R C E S   O F   S I N G L E - P O I N T   C O N S T R A I N T
 
      POINT ID.   TYPE          T1             T2             T3             R1             R2             R3
             1      G     -3.264162E+04  -1.038327E+05  -1.391451E+05  -1.212067E+03  -1.698535E+03   3.098761E+00
             2      G     -3.298279E+04   1.043438E+05  -1.391180E+05   1.202275E+03  -1.695679E+03  -3.071662E+00
             3      G     -1.852774E+05  -8.401619E+04  -3.066295E+05  -6.340484E+03  -3.018414E+03  -2.441225E+00
             4      G     -1.845482E+05   8.657788E+04  -3.068767E+05   6.235459E+03  -2.996673E+03   2.399855E+00
             5      G      1.854757E+05  -8.708736E+04  -3.055461E+05  -6.128325E+03   3.028864E+03   2.302287E+00
             6      G      1.872914E+05   8.125607E+04  -3.058908E+05   6.399000E+03   3.065173E+03  -2.400626E+00
             7      G      3.319776E+04  -1.026194E+05  -1.398112E+05  -1.360985E+03   1.635140E+03  -3.151693E+00
             8      G      2.977900E+04   1.047291E+05  -1.411435E+05   1.373929E+03   1.520449E+03   3.317235E+00
1                                                       **STUDENT EDITION*    APRIL  17, 2026  MSC Nastran  3/ 3/26   PAGE   116
     DEFAULT                                                                                                                        
0                                                                                                            SUBCASE 1              
      EIGENVALUE =  2.459240E+06
                               F O R C E S   O F   S I N G L E - P O I N T   C O N S T R A I N T
 
      POINT ID.   TYPE          T1             T2             T3             R1             R2             R3
             1      G      3.387205E+03  -4.410750E+04  -2.191222E+04   7.008131E+02  -1.880294E+03   1.769037E-01
             2      G      3.188511E+03   4.491185E+04  -2.175499E+04  -7.175055E+02  -1.867968E+03  -1.335498E-01
             3      G     -2.948074E+04  -8.764412E+03  -4.951326E+04   5.146080E+01  -3.338555E+03  -4.944631E-01
             4      G     -2.780223E+04   1.255482E+04  -4.959527E+04  -2.065821E+02  -3.292203E+03   4.343406E-01
             5      G      2.881460E+04  -1.416846E+04  -4.797394E+04   3.787160E+02   3.328148E+03   2.879189E-01
             6      G      3.321147E+04   3.524022E+03  -4.862895E+04   6.015111E+01   3.416920E+03  -4.482339E-01
             7      G     -2.628889E+03  -4.341977E+04  -2.322562E+04   4.906371E+02   1.787309E+03  -2.412045E-01
             8      G     -8.245126E+03   4.911963E+04  -2.356160E+04  -6.745158E+02   1.612863E+03   6.405999E-01
1                                                       **STUDENT EDITION*    APRIL  17, 2026  MSC Nastran  3/ 3/26   PAGE   117
     DEFAULT                                                                                                                        
0                                                                                                            SUBCASE 1              
      EIGENVALUE =  3.422492E+06
                               F O R C E S   O F   S I N G L E - P O I N T   C O N S T R A I N T
 
      POINT ID.   TYPE          T1             T2             T3             R1             R2             R3
             1      G     -1.784904E+04  -1.001760E+03  -1.574352E+04  -9.069410E+01  -3.538778E+02   1.604104E-01
             2      G      1.752527E+04  -1.000793E+03   1.577484E+04  -9.113882E+01   3.431051E+02   1.577353E-01
             3      G     -1.615265E+04   1.347189E+03  -8.088630E+04  -6.088639E+02  -5.715960E+02   1.604950E-01
             4      G      1.556881E+04   1.269071E+03   8.105242E+04  -6.081441E+02   5.475423E+02   1.557792E-01
             5      G      1.612837E+04   1.305092E+03  -8.088872E+04  -6.078168E+02   5.709624E+02  -1.610169E-01
             6      G     -1.606823E+04   1.247168E+03   8.171987E+04  -6.129602E+02  -5.678326E+02  -1.603075E-01
             7      G      1.785266E+04  -1.052050E+03  -1.571903E+04  -8.973571E+01   3.534167E+02  -1.599470E-01
             8      G     -1.705424E+04  -9.006796E+02   1.558118E+04  -9.396204E+01  -3.201178E+02  -1.477068E-01
1                                                       **STUDENT EDITION*    APRIL  17, 2026  MSC Nastran  3/ 3/26   PAGE   118
     DEFAULT                                                                                                                        
0                                                                                                            SUBCASE 1              
      EIGENVALUE =  4.271757E+06
                               F O R C E S   O F   S I N G L E - P O I N T   C O N S T R A I N T
 
      POINT ID.   TYPE          T1             T2             T3             R1             R2             R3
             1      G     -3.664572E+03   1.654683E+05   2.831363E+05  -1.021451E+02   4.531478E+02  -1.120576E+00
             2      G     -3.222262E+03  -1.640935E+05   2.834564E+05   6.130002E+01   4.643105E+02   1.117893E+00
             3      G     -1.117655E+04  -9.061430E+02   1.227143E+05   9.792074E+02   3.405313E+02   3.960066E-01
             4      G     -1.088304E+04   1.255592E+03   1.224050E+05  -9.899948E+02   3.610949E+02  -3.987126E-01
             5      G     -1.131678E+04   5.153825E+02  -1.227833E+05  -9.656891E+02   3.333413E+02   3.953798E-01
             6      G     -1.373543E+04  -8.245104E+02  -1.258640E+05   9.910828E+02   2.044552E+02  -3.885590E-01
             7      G     -3.498065E+03  -1.644943E+05  -2.834158E+05   7.426884E+01   4.559327E+02  -1.107877E+00
             8      G     -4.861469E+03   1.634399E+05  -2.807664E+05  -2.709000E+01   3.871196E+02   1.152754E+00
1                                                       **STUDENT EDITION*    APRIL  17, 2026  MSC Nastran  3/ 3/26   PAGE   119
     DEFAULT                                                                                                                        
0                                                                                                            SUBCASE 1              
      EIGENVALUE =  5.387926E+06
                               F O R C E S   O F   S I N G L E - P O I N T   C O N S T R A I N T
 
      POINT ID.   TYPE          T1             T2             T3             R1             R2             R3
             1      G      5.652818E+03  -1.731225E+03   5.700189E+04   4.905406E+02   1.179342E+02  -1.085369E-01
             2      G     -5.742684E+03  -1.799427E+03  -5.682158E+04   4.903317E+02  -1.197647E+02  -1.090778E-01
             3      G     -7.439331E+03  -1.190380E+03   4.470408E+04   3.359849E+02   2.008115E+02   1.048493E-01
             4      G      7.102533E+03  -1.237481E+03  -4.487218E+04   3.383216E+02  -2.121990E+02   1.016616E-01
             5      G     -7.526436E+03   1.130175E+03  -4.471841E+04  -3.342474E+02   1.977817E+02   1.045481E-01
             6      G      7.840058E+03   1.031246E+03   4.492193E+04  -3.339740E+02  -1.917267E+02   1.063726E-01
             7      G      5.572340E+03   1.523768E+03  -5.701081E+04  -4.860105E+02   1.146619E+02  -1.084076E-01
             8      G     -4.761163E+03   2.349554E+03   5.685699E+04  -5.124861E+02  -7.458517E+01  -8.587203E-02
1                                                       **STUDENT EDITION*    APRIL  17, 2026  MSC Nastran  3/ 3/26   PAGE   120
     DEFAULT                                                                                                                        
0                                                                                                            SUBCASE 1              
      EIGENVALUE =  5.782044E+06
                               F O R C E S   O F   S I N G L E - P O I N T   C O N S T R A I N T
 
      POINT ID.   TYPE          T1             T2             T3             R1             R2             R3
             1      G     -1.269601E+04   4.460735E+04   1.346194E+05   7.279424E+02   3.159891E+02  -2.806774E-01
             2      G     -1.261589E+04  -4.431224E+04   1.343733E+05  -7.342879E+02   3.163308E+02   2.794184E-01
             3      G     -4.259589E+03  -1.159491E+03   1.084757E+04   7.903714E+01   5.136523E+01   3.509968E-02
             4      G     -4.167737E+03   1.208075E+03   1.094116E+04  -8.123108E+01   5.383717E+01  -3.492872E-02
             5      G      4.307697E+03  -1.124970E+03   1.091691E+04   7.874430E+01  -5.049462E+01  -3.644771E-02
             6      G      4.184520E+03   1.159195E+03   1.082344E+04  -7.977097E+01  -5.421799E+01   3.518505E-02
             7      G      1.270174E+04   4.404263E+04   1.346682E+05   7.450864E+02  -3.148491E+02   2.762650E-01
             8      G      1.260098E+04  -4.380445E+04   1.349650E+05  -7.717227E+02  -3.160550E+02  -2.756184E-01
 *** USER INFORMATION MESSAGE 3 (crdb::nastran::Processor::writeOutput)
 *** USER INFORMATION MESSAGE  (WRITE DATA BLOCK I4 OUG1, TRAILER[101, 0, 36560, 0, 0, 0, 1])
 *** USER INFORMATION MESSAGE 3 (crdb::nastran::Processor::writeOutput)
 *** USER INFORMATION MESSAGE  (WRITE DATA BLOCK I4 OQG1, TRAILER[102, 0, 36560, 0, 0, 0, 1])
1                                                       **STUDENT EDITION*    APRIL  17, 2026  MSC Nastran  3/ 3/26   PAGE   121
                                                                                                                                    
0                                                                                                            SUBCASE 1              
 * * * *  D B D I C T   P R I N T  * * * *      SUBDMAP = PRTSUM  ,  DMAP STATEMENT NO.     75



0                                   * * * *  A N A L Y S I S  S U M M A R Y  T A B L E  * * * *
0 SEID  PEID PROJ VERS APRCH      SEMG SEMR SEKR SELG SELR MODES DYNRED SOLLIN SOLNL LOOPID DESIGN CYCLE SENSITIVITY
 -------------------------------------------------------------------------------------------------------------------
     0     0    1    1 '        '    T    T    T    T    T     T      F      T     F     -1            0           F
0SEID = SUPERELEMENT ID.
 PEID = PRIMARY SUPERELEMENT ID OF IMAGE SUPERELEMENT.
 PROJ = PROJECT ID NUMBER.
 VERS = VERSION ID.
 APRCH = BLANK FOR STRUCTURAL ANALYSIS.  HEAT FOR HEAT TRANSFER ANALYSIS.
 SEMG = STIFFNESS AND MASS MATRIX GENERATION STEP.
 SEMR = MASS MATRIX REDUCTION STEP (INCLUDES EIGENVALUE SOLUTION FOR MODES).
 SEKR = STIFFNESS MATRIX REDUCTION STEP.
 SELG = LOAD MATRIX GENERATION STEP.
 SELR = LOAD MATRIX REDUCTION STEP. 
 MODES = T (TRUE) IF NORMAL MODES OR BUCKLING MODES CALCULATED.
 DYNRED = T (TRUE) MEANS GENERALIZED DYNAMIC AND/OR COMPONENT MODE REDUCTION PERFORMED.
 SOLLIN = T (TRUE) IF LINEAR SOLUTION EXISTS IN DATABASE.
 LOOPID = THE LAST LOOPID VALUE USED IN THE NONLINEAR ANALYSIS.  USEFUL FOR RESTARTS.
 SOLNL = T (TRUE) IF NONLINEAR SOLUTION EXISTS IN DATABASE.
 DESIGN CYCLE = THE LAST DESIGN CYCLE (ONLY VALID IN OPTIMIZATION).
 SENSITIVITY = SENSITIVITY MATRIX GENERATION FLAG.
 
 No PARAM values were set in the Control File.
 
1                                        * * * END OF JOB * * *
 
 
 No Symbolic Replacement variables or values were specified.

